file,condition,prompt_dir,prompt_sha1,seed,rel_path,width_px,height_px,paper_L,paper_C,paper_hue_deg,paper_frac,paper_hex,ink_L,ink_C,ink_hue_deg,ink_frac,ink_hex,subject_frac,tonal_range,step_regularity,effective_steps,top2_mass_share,chroma_spread,sw1_L,sw1_C,sw1_hue_deg,sw1_share,sw1_hex,sw2_L,sw2_C,sw2_hue_deg,sw2_share,sw2_hex,sw3_L,sw3_C,sw3_hue_deg,sw3_share,sw3_hex,sw4_L,sw4_C,sw4_hue_deg,sw4_share,sw4_hex,sw5_L,sw5_C,sw5_hue_deg,sw5_share,sw5_hex,sw6_L,sw6_C,sw6_hue_deg,sw6_share,sw6_hex,source_csv
F1_blockshuf_neg_seed1337_00001_.png,blockshuf_neg,F1,7e8536f9bb,1337,F1_blockshuf_neg_seed1337_00001_.png,1024,1280,99.1928,0.4151,7.65,0.1201,#fefcfd,0.6343,0.7634,17.14,0.3679,#040202,0.8835,71.2029,4.2289,6,0.5292,49.6907,0.3358,0.3346,13.32,0.3843,#020101,16.151,28.257,29.25,0.0268,#4b1716,26.4238,39.9102,30.92,0.0266,#722321,39.8078,50.0253,31.11,0.0303,#a33b36,49.9643,19.5065,38.79,0.1449,#976d63,71.5387,11.2027,18.57,0.0096,#c5a8a9,palette_features_stage4_preset.csv
F1_blockshuf_neg_seed4242145_00001_.png,blockshuf_neg,F1,7e8536f9bb,4242145,F1_blockshuf_neg_seed4242145_00001_.png,1024,1280,99.35,0.2058,355.2,0.0696,#fefdfd,0.4433,0.6203,17.88,0.4585,#030101,0.932,71.3418,6.2826,5,0.6026,58.0377,0.2164,0.2814,15.93,0.4684,#020101,20.3414,42.1133,32.89,0.0119,#621211,35.0701,58.3191,33.71,0.0093,#9d2522,38.0853,29.8065,20.86,0.0215,#87474a,58.288,18.5092,38.65,0.1342,#ac8379,71.5583,9.6176,36.67,0.0086,#c2aaa5,palette_features_stage4_preset.csv
F1_blockshuf_neg_seed42_00001_.png,blockshuf_neg,F1,7e8536f9bb,42,F1_blockshuf_neg_seed42_00001_.png,1024,1280,99.218,0.3916,16.31,0.0975,#fefcfd,1.1312,0.9612,13.78,0.355,#070304,0.9044,71.6083,9.8978,6,0.5457,58.695,0.8048,0.5342,9.7,0.3683,#040303,7.9779,9.8842,20.16,0.051,#241313,41.2721,24.5165,20.96,0.1775,#895254,48.4875,17.7846,35.31,0.1521,#916a62,57.5228,59.2292,30.41,0.0329,#e45f59,72.4131,40.5143,37.96,0.0722,#f59a86,palette_features_stage4_preset.csv
F1_blockshuf_neg_seed777_00001_.png,blockshuf_neg,F1,7e8536f9bb,777,F1_blockshuf_neg_seed777_00001_.png,1024,1280,98.5241,1.5309,58.83,0.134,#fefaf8,0.5724,0.5677,11.76,0.3563,#040202,0.8687,76.9853,8.2695,6,0.4838,60.6235,0.4293,0.3948,8.19,0.3984,#030101,14.4439,29.209,30.28,0.0211,#471211,43.3137,61.0182,33.36,0.0142,#b93832,52.2646,24.0091,38.22,0.0853,#a47064,57.7327,43.9295,33.54,0.015,#d06f62,77.4146,15.8096,31.54,0.0127,#deb6b1,palette_features_stage4_preset.csv
F1_blockshuf_neg_seed9999_00001_.png,blockshuf_neg,F1,7e8536f9bb,9999,F1_blockshuf_neg_seed9999_00001_.png,1024,1280,99.4584,0.1416,353.64,0.084,#fefdfd,0.39,0.4329,16.26,0.3675,#030101,0.917,68.5068,9.0217,4,0.5444,54.5371,0.2643,0.2536,14.61,0.3881,#020101,22.8572,36.6016,29.55,0.0127,#651e1d,26.9804,16.8178,17.43,0.022,#593639,41.9507,26.9763,24.13,0.1563,#8e5352,66.1862,54.7907,29.02,0.0867,#fa7b74,68.7711,4.3142,26.14,0.0065,#b1a5a4,palette_features_stage4_preset.csv
F1_blockshuf_pos_seed1337_00001_.png,blockshuf_pos,F1,7e8536f9bb,1337,F1_blockshuf_pos_seed1337_00001_.png,1024,1280,97.7554,0.3192,9.88,0.1309,#f9f8f8,0.8197,0.7225,30.58,0.4322,#050202,0.8738,75.1946,3.5728,6,0.523,68.0078,0.6296,0.5139,33.31,0.4753,#040202,15.0039,23.0966,26.44,0.0086,#431818,34.8898,38.5889,27.34,0.02,#893838,53.1833,68.5217,30.66,0.0477,#e14847,63.5976,51.6221,29.46,0.0132,#ed776f,75.8242,7.4897,14.53,0.0085,#cab6b8,palette_features_stage4_preset.csv
F1_blockshuf_pos_seed4242145_00001_.png,blockshuf_pos,F1,7e8536f9bb,4242145,F1_blockshuf_pos_seed4242145_00001_.png,1024,1280,98.8561,0.3514,214.41,0.0898,#fbfcfc,0.5602,0.4291,11.16,0.3939,#030202,0.9108,76.2187,10.489,5,0.4843,69.4054,0.4179,0.2977,8.16,0.4213,#020101,28.9526,25.9205,18.77,0.0193,#6a3438,46.8831,12.0634,40.5,0.0549,#836962,46.9892,49.6278,27.49,0.0073,#b94c4b,53.5445,69.7031,30.09,0.0629,#e44748,76.6366,5.2574,216.19,0.0075,#b2c0c3,palette_features_stage4_preset.csv
F1_blockshuf_pos_seed42_00001_.png,blockshuf_pos,F1,7e8536f9bb,42,F1_blockshuf_pos_seed42_00001_.png,1024,1280,98.6357,0.379,0.63,0.2431,#fcfbfb,0.315,0.5646,19.34,0.4572,#030101,0.7506,85.9969,8.6776,6,0.7281,40.6971,0.21,0.3695,18.12,0.5874,#020001,33.3124,35.1113,28.02,0.0254,#803836,48.5396,41.0666,26.18,0.1407,#b35857,66.9623,26.3983,24.42,0.0187,#d39390,77.8858,19.51,24.16,0.0244,#e7b5b3,86.2069,11.8935,23.62,0.0316,#f0d0cf,palette_features_stage4_preset.csv
F1_blockshuf_pos_seed777_00001_.png,blockshuf_pos,F1,7e8536f9bb,777,F1_blockshuf_pos_seed777_00001_.png,1024,1280,99.6368,0.1175,235.61,0.1777,#fefefe,0.4457,0.3511,7.23,0.4194,#030102,0.8226,73.0381,7.4901,5,0.5621,69.5297,0.308,0.2243,6.8,0.4965,#020101,19.1708,13.2049,4.23,0.0271,#41272d,19.7451,27.7326,19.54,0.0135,#541d23,40.8462,48.1278,28.33,0.0055,#a53e3d,54.1036,69.754,29.24,0.0657,#e7484a,73.346,5.6835,237.18,0.0122,#aab6bd,palette_features_stage4_preset.csv
F1_blockshuf_pos_seed9999_00001_.png,blockshuf_pos,F1,7e8536f9bb,9999,F1_blockshuf_pos_seed9999_00001_.png,1024,1280,99.2038,0.2319,321.8,0.2606,#fdfdfd,0.3519,0.5395,18.79,0.4414,#030101,0.7391,84.4355,14.7648,5,0.6238,49.469,0.2217,0.3475,18.32,0.5738,#020101,13.5713,16.9139,25.83,0.0262,#391a19,28.5331,22.6265,27.6,0.0216,#643734,29.2197,49.8165,31.98,0.0176,#831f1e,39.958,30.7156,26.11,0.05,#8d4b49,84.6572,10.4379,23.66,0.015,#e9cdcc,palette_features_stage4_preset.csv
F1_preset_half_seed1337_00001_.png,preset_half,F1,7e8536f9bb,1337,F1_preset_half_seed1337_00001_.png,1024,1280,99.5388,0.1745,320.34,0.1168,#fefefe,0.4629,0.7706,20.84,0.4149,#040101,0.884,67.2091,5.2156,6,0.5248,65.1201,0.2678,0.4208,20.94,0.4427,#020101,23.0875,33.2633,30.91,0.0152,#62221f,36.4864,20.5774,25.32,0.0792,#764a49,43.2757,49.5926,27.39,0.0093,#ae4243,55.0518,65.5409,28.7,0.0822,#e55051,67.4769,4.6738,351.88,0.0085,#aca2a6,palette_features_stage4_preset.csv
F1_preset_half_seed4242145_00001_.png,preset_half,F1,7e8536f9bb,4242145,F1_preset_half_seed4242145_00001_.png,1024,1280,99.7424,0.0737,317.62,0.0907,#fefefe,0.3888,0.3038,6.06,0.3972,#020101,0.9097,78.5734,5.6938,6,0.617,64.4301,0.2779,0.1993,1.78,0.4301,#020101,21.1451,32.659,26.62,0.0076,#5d1d1f,31.8347,18.1804,22.58,0.1869,#674141,49.1469,49.4626,27.78,0.0097,#bf5250,56.7101,64.6295,29.2,0.0615,#e95655,78.8513,3.5024,231.85,0.007,#bcc5c8,palette_features_stage4_preset.csv
F1_preset_half_seed42_00001_.png,preset_half,F1,7e8536f9bb,42,F1_preset_half_seed42_00001_.png,1024,1280,99.4069,0.212,300.45,0.0744,#fdfdfe,0.4797,0.3693,26.7,0.4733,#030101,0.926,72.0503,7.5938,6,0.6799,65.6748,0.3195,0.249,29.83,0.5017,#020101,27.9569,30.6429,22.38,0.0204,#6d2e31,41.7303,18.2774,27.19,0.1782,#815855,49.6478,54.0365,27.78,0.0326,#c64e4e,55.8992,65.9238,29.8,0.0692,#e75351,72.3699,3.5441,24.46,0.0093,#b9afaf,palette_features_stage4_preset.csv
F1_preset_half_seed777_00001_.png,preset_half,F1,7e8536f9bb,777,F1_preset_half_seed777_00001_.png,1024,1280,99.8019,0.0803,340.65,0.1136,#fffefe,0.5059,0.4482,8.17,0.3964,#030102,0.8875,82.1545,10.0207,6,0.6403,59.934,0.3383,0.3161,6.31,0.4338,#020101,31.9007,28.3538,18.96,0.013,#75393e,44.0104,14.0501,30.34,0.2065,#80615d,49.1877,37.902,29.26,0.005,#b05d57,57.8498,60.2501,28.51,0.0798,#e75e5c,82.4927,4.0198,187.66,0.0059,#c5d0ce,palette_features_stage4_preset.csv
F1_preset_half_seed9999_00001_.png,preset_half,F1,7e8536f9bb,9999,F1_preset_half_seed9999_00001_.png,1024,1280,99.1299,0.4889,354.46,0.2021,#fdfcfd,0.2803,0.4897,15.31,0.4467,#020101,0.7893,84.3128,13.7182,5,0.8276,54.0541,0.1547,0.2553,13.41,0.5461,#010000,9.3801,20.3171,23.38,0.0226,#330e0f,31.199,54.3095,33.92,0.0058,#8d1f1c,34.3247,31.8493,25.48,0.0206,#7f3d3c,43.0471,38.5502,25.64,0.2815,#a04c4c,84.4675,9.5142,21.06,0.0252,#e7cdcd,palette_features_stage4_preset.csv
F1_preset_neg_seed1337_00001_.png,preset_neg,F1,7e8536f9bb,1337,F1_preset_neg_seed1337_00001_.png,1024,1280,99.0184,0.1523,1.76,0.134,#fcfcfc,1.5619,1.4012,24.85,0.3286,#0a0504,0.8677,75.9882,7.8747,5,0.4996,59.4503,1.0901,0.7624,28.55,0.3466,#060303,28.8269,36.4752,29.25,0.0374,#752c2a,43.733,48.7485,30.0,0.0257,#ad4641,46.621,21.5364,32.31,0.153,#92635c,62.6295,60.2127,30.01,0.0679,#f56c65,77.0784,5.6636,19.19,0.0116,#cabbbb,palette_features_stage4_preset.csv
F1_preset_neg_seed4242145_00001_.png,preset_neg,F1,7e8536f9bb,4242145,F1_preset_neg_seed4242145_00001_.png,1024,1280,97.6896,0.1209,15.35,0.0765,#f9f8f8,1.6007,1.2627,25.12,0.3389,#090505,0.9288,72.7624,7.9877,6,0.4322,62.1459,1.2641,0.8685,28.94,0.3391,#070404,8.0274,9.974,21.48,0.0613,#251313,28.4752,38.5323,31.17,0.0258,#762a26,33.4852,19.5027,21.69,0.0566,#6d4444,59.5496,63.0144,29.52,0.0932,#ef605c,74.0266,2.6058,33.2,0.0085,#bbb5b3,palette_features_stage4_preset.csv
F1_preset_neg_seed42_00001_.png,preset_neg,F1,7e8536f9bb,42,F1_preset_neg_seed42_00001_.png,1024,1280,97.3771,0.2304,357.78,0.1097,#f8f7f7,1.2293,1.2065,25.1,0.3356,#080403,0.8983,72.1671,7.1186,6,0.4118,63.3054,0.703,0.5064,35.43,0.3335,#040202,12.3528,18.8887,26.59,0.0336,#381615,21.4556,31.7883,31.05,0.0341,#5c201d,49.9545,43.9344,29.11,0.0123,#ba5a55,60.5009,63.8118,31.13,0.0783,#f3635b,72.8701,4.0251,21.07,0.012,#bbb0b0,palette_features_stage4_preset.csv
F1_preset_neg_seed777_00001_.png,preset_neg,F1,7e8536f9bb,777,F1_preset_neg_seed777_00001_.png,1024,1280,99.0534,0.2409,355.98,0.112,#fdfcfc,1.3723,1.22,25.45,0.3087,#080404,0.8901,73.4982,7.7687,5,0.4666,74.0772,1.1197,0.7257,30.26,0.3255,#060403,26.0821,43.8036,31.8,0.0294,#741e1d,38.8612,24.8479,20.78,0.1411,#834c4e,40.996,56.6309,32.06,0.0208,#ad3732,54.204,74.8029,33.56,0.0218,#ea463e,74.6178,7.3775,7.3,0.0079,#c6b3b6,palette_features_stage4_preset.csv
F1_preset_neg_seed9999_00001_.png,preset_neg,F1,7e8536f9bb,9999,F1_preset_neg_seed9999_00001_.png,1024,1280,98.3823,0.486,26.58,0.187,#fbfafa,1.2666,1.1993,20.51,0.2935,#080404,0.8205,77.2918,10.2917,5,0.5281,48.2617,0.8293,0.6326,21.74,0.3275,#050302,21.3685,36.5495,31.58,0.0251,#601b19,31.9141,48.8943,32.97,0.0283,#8a2824,33.5366,19.3795,25.54,0.0382,#6d4442,45.9594,29.9263,27.11,0.2006,#9d5b57,78.1211,11.5641,30.98,0.0169,#d8bbb7,palette_features_stage4_preset.csv
F1_preset_pos_seed1337_00001_.png,preset_pos,F1,7e8536f9bb,1337,F1_preset_pos_seed1337_00001_.png,1024,1280,99.2242,0.3344,314.65,0.1179,#fdfdfd,0.4139,0.5808,23.29,0.4445,#030101,0.8828,67.1805,11.8083,5,0.6317,62.8214,0.2321,0.2971,22.31,0.4745,#020101,35.6588,33.4161,23.35,0.0162,#853e40,42.5604,16.9657,34.76,0.1572,#805c55,45.5836,50.712,28.74,0.0079,#b64846,51.5111,63.1184,29.61,0.0708,#d64a49,67.4126,3.6031,342.63,0.0093,#aaa2a6,palette_features_stage4_preset.csv
F1_preset_pos_seed4242145_00001_.png,preset_pos,F1,7e8536f9bb,4242145,F1_preset_pos_seed4242145_00001_.png,1024,1280,99.6019,0.1719,282.3,0.0845,#fefefe,0.3843,0.2751,5.78,0.4213,#020101,0.9155,74.397,9.4893,5,0.6096,63.9199,0.1529,0.1215,351.43,0.4299,#010001,28.2772,15.5093,21.07,0.1797,#5b3a3b,29.1478,32.8398,27.25,0.0045,#72302f,44.9448,49.0202,28.94,0.0039,#b24845,53.5141,64.0414,30.27,0.0557,#dd4f4c,74.5499,6.0524,244.4,0.0106,#adb9c1,palette_features_stage4_preset.csv
F1_preset_pos_seed42_00001_.png,preset_pos,F1,7e8536f9bb,42,F1_preset_pos_seed42_00001_.png,1024,1280,99.0726,0.2456,325.41,0.0718,#fdfcfd,0.3417,0.2524,12.8,0.468,#020101,0.9296,73.4447,4.6156,6,0.5634,62.5569,0.2208,0.1567,11.73,0.4934,#010101,16.8817,14.0199,21.72,0.0182,#3d2223,29.2429,28.2407,21.04,0.0189,#6e3336,45.4748,50.7059,29.02,0.0052,#b54845,52.7098,62.7136,30.68,0.0701,#d94f4a,73.6655,2.0493,348.24,0.0104,#b8b4b6,palette_features_stage4_preset.csv
F1_preset_pos_seed777_00001_.png,preset_pos,F1,7e8536f9bb,777,F1_preset_pos_seed777_00001_.png,1024,1280,99.7093,0.0895,339.89,0.1465,#fefefe,0.2735,0.2331,6.82,0.4186,#020101,0.854,79.8952,5.4471,6,0.6198,63.3377,0.2157,0.1848,5.34,0.4841,#010101,26.1928,15.1332,10.93,0.1357,#55353a,41.1199,46.792,28.65,0.0054,#a4403f,54.7601,63.5225,29.48,0.0735,#e15250,70.5967,32.2866,24.86,0.0015,#e79895,80.1109,3.8903,214.9,0.0069,#bec9cb,palette_features_stage4_preset.csv
F1_preset_pos_seed9999_00001_.png,preset_pos,F1,7e8536f9bb,9999,F1_preset_pos_seed9999_00001_.png,1024,1280,99.0226,0.6927,7.2,0.2182,#fefcfc,0.179,0.4723,17.23,0.4554,#020000,0.7714,87.2603,7.8541,5,0.6456,39.4256,0.1076,0.2776,16.25,0.5713,#010000,2.7794,7.6436,18.91,0.0402,#190404,23.7196,26.4059,26.89,0.0197,#5c2928,40.1281,33.7189,25.39,0.0743,#924948,64.3116,39.7033,26.77,0.0091,#df827e,87.3679,13.7508,23.91,0.0311,#f7d2d1,palette_features_stage4_preset.csv
F1_rand_neg_seed1337_00001_.png,rand_neg,F1,7e8536f9bb,1337,F1_rand_neg_seed1337_00001_.png,1024,1280,97.1082,0.4571,22.18,0.1217,#f8f6f6,1.2687,1.0003,26.33,0.3764,#070404,0.8823,66.7509,7.0414,5,0.6063,57.9264,0.8827,0.4891,32.1,0.3926,#050303,23.2105,32.1676,31.2,0.0214,#612420,42.1036,42.3489,29.68,0.023,#a14843,43.996,18.2702,26.49,0.2136,#875e5b,56.3694,58.4155,29.89,0.064,#e05d58,67.6335,5.9447,359.88,0.0112,#b0a1a5,palette_features_stage4_preset.csv
F1_rand_neg_seed4242145_00001_.png,rand_neg,F1,7e8536f9bb,4242145,F1_rand_neg_seed4242145_00001_.png,1024,1280,97.8478,0.4656,2.29,0.0902,#faf8f9,0.8477,0.6248,16.66,0.3765,#050303,0.9107,74.2271,5.7973,6,0.5241,56.3487,0.6328,0.3927,14.78,0.3921,#030202,25.479,30.0348,32.44,0.0163,#642b25,34.3231,22.0566,23.5,0.1321,#734444,44.0428,37.6002,29.84,0.0116,#a1504b,57.8536,56.7414,30.11,0.0793,#e2635c,74.8599,14.3964,26.68,0.0047,#d5b0ad,palette_features_stage4_preset.csv
F1_rand_neg_seed42_00001_.png,rand_neg,F1,7e8536f9bb,42,F1_rand_neg_seed42_00001_.png,1024,1280,97.6862,0.4924,12.01,0.0937,#f9f8f8,0.7691,0.7705,23.1,0.4058,#050202,0.9074,77.2641,11.0253,6,0.5454,61.0429,0.6027,0.5492,23.29,0.4309,#040202,35.6862,21.2975,22.38,0.1145,#754748,45.3367,35.1375,26.9,0.0149,#a25552,50.9172,47.91,29.03,0.0169,#c25954,57.9317,61.5921,31.13,0.0806,#e85e57,77.8668,5.2649,37.5,0.0033,#cbbebb,palette_features_stage4_preset.csv
F1_rand_neg_seed777_00001_.png,rand_neg,F1,7e8536f9bb,777,F1_rand_neg_seed777_00001_.png,1024,1280,98.1569,0.4885,11.75,0.1155,#fbf9f9,0.638,0.5394,14.56,0.3758,#040202,0.8858,78.8958,10.297,5,0.4524,60.7361,0.4267,0.2916,11.66,0.4026,#020101,34.8849,50.7286,34.38,0.0153,#942f27,51.8931,61.0276,33.16,0.0403,#d35046,60.4517,8.5456,286.75,0.0047,#8f91a0,65.0344,38.8,35.0,0.0498,#de8778,79.3226,15.9881,26.88,0.0029,#e4bbb8,palette_features_stage4_preset.csv
F1_rand_neg_seed9999_00001_.png,rand_neg,F1,7e8536f9bb,9999,F1_rand_neg_seed9999_00001_.png,1024,1280,98.4055,0.4392,24.22,0.0326,#fbfafa,0.8054,0.5422,31.56,0.3796,#040302,0.968,73.2984,8.5622,5,0.6548,59.6766,0.5837,0.3752,38.25,0.3785,#030202,29.3168,27.88,35.41,0.0122,#6b362d,45.2079,17.6655,20.75,0.2763,#896161,48.9571,41.2635,27.6,0.0195,#b45956,57.0443,60.0518,30.71,0.0616,#e35d57,73.8821,5.4909,16.37,0.0066,#c1b2b3,palette_features_stage4_preset.csv
F1_rand_pos_seed1337_00001_.png,rand_pos,F1,7e8536f9bb,1337,F1_rand_pos_seed1337_00001_.png,1024,1280,99.2835,0.2698,24.99,0.1158,#fefdfd,0.4481,0.7854,16.35,0.372,#040101,0.8886,83.3037,11.6907,5,0.4651,64.5346,0.2376,0.4228,15.64,0.3998,#020101,12.1533,28.6942,28.34,0.0258,#410c0c,24.2598,44.6032,33.02,0.026,#701917,25.1847,14.3735,9.43,0.0327,#513439,60.6522,64.9573,28.53,0.0653,#f6615f,83.5414,7.4731,26.94,0.0064,#e0ccca,palette_features_stage4_preset.csv
F1_rand_pos_seed4242145_00001_.png,rand_pos,F1,7e8536f9bb,4242145,F1_rand_pos_seed4242145_00001_.png,1024,1280,99.1295,0.0754,64.15,0.0939,#fdfcfc,0.411,0.3875,10.98,0.4352,#030101,0.9075,75.3391,4.854,6,0.5551,73.239,0.1479,0.1121,2.51,0.4614,#010001,16.1408,16.3516,17.65,0.0226,#3e1f22,31.6263,32.9947,21.5,0.0334,#7a3439,37.5246,55.7725,29.86,0.0121,#a32c2e,55.4893,73.3511,30.48,0.0937,#ee4848,75.487,1.5424,54.83,0.0045,#bdb9b8,palette_features_stage4_preset.csv
F1_rand_pos_seed42_00001_.png,rand_pos,F1,7e8536f9bb,42,F1_rand_pos_seed42_00001_.png,1024,1280,98.2483,0.23,354.7,0.0896,#fafafa,0.3807,0.3818,2.09,0.4307,#020101,0.9164,75.4838,4.1115,6,0.5543,74.5824,0.2446,0.2383,3.65,0.4609,#020101,19.3377,18.9143,19.05,0.0373,#492427,29.6153,48.4596,34.71,0.007,#82241d,39.5714,37.7397,19.85,0.018,#96434a,58.3983,74.8207,30.36,0.0934,#fa4f4e,75.7283,2.9087,350.72,0.0097,#c0b9bc,palette_features_stage4_preset.csv
F1_rand_pos_seed777_00001_.png,rand_pos,F1,7e8536f9bb,777,F1_rand_pos_seed777_00001_.png,1024,1280,99.3531,0.0945,340.33,0.132,#fdfdfd,0.2474,0.2418,3.04,0.4243,#020101,0.872,79.0972,7.3023,5,0.5645,71.4563,0.1509,0.1375,357.37,0.4787,#010001,19.1643,31.4411,26.38,0.0057,#561a1c,22.3467,14.492,16.28,0.0309,#4b2d30,34.6497,48.2034,28.61,0.0066,#932e2f,57.3876,71.5938,29.16,0.0857,#f34f51,79.2481,3.0636,350.38,0.007,#cac2c5,palette_features_stage4_preset.csv
F1_rand_pos_seed9999_00001_.png,rand_pos,F1,7e8536f9bb,9999,F1_rand_pos_seed9999_00001_.png,1024,1280,98.5359,0.2801,62.9,0.0926,#fbfbfa,0.3299,0.2899,16.92,0.4505,#020101,0.9142,83.7555,6.7099,6,0.5445,78.4851,0.2639,0.2113,16.87,0.4879,#020101,27.7296,14.846,23.62,0.0153,#583939,45.0845,34.4444,21.38,0.0151,#a15457,52.7197,78.6964,31.75,0.0454,#eb383b,64.875,60.3242,27.4,0.0566,#fe716f,84.0194,3.387,62.92,0.0087,#d7d0cc,palette_features_stage4_preset.csv
F2_blockshuf_neg_seed1337_00001_.png,blockshuf_neg,F2,ecdd49e618,1337,F2_blockshuf_neg_seed1337_00001_.png,1024,1280,99.5004,0.262,227.26,0.246,#fdfefe,1.0015,0.221,216.2,0.1246,#030404,0.7566,84.7078,7.3246,5,0.178,20.7702,0.5991,0.1112,247.11,0.157,#020202,26.5211,6.5718,190.73,0.0185,#324240,47.9912,20.8815,195.21,0.0184,#3e7c7a,67.4925,8.4507,141.79,0.0167,#9ca89b,80.3645,11.2329,118.09,0.021,#c5cab5,85.3069,11.6424,196.22,0.0113,#badcdb,palette_features_stage4_preset.csv
F2_blockshuf_neg_seed4242145_00001_.png,blockshuf_neg,F2,ecdd49e618,4242145,F2_blockshuf_neg_seed4242145_00001_.png,1024,1280,99.8633,0.1619,298.17,0.2016,#ffffff,1.8796,0.5208,192.09,0.1149,#050707,0.7978,90.5241,8.4817,5,0.6572,26.1044,0.9263,0.1896,211.97,0.1321,#030404,32.5056,16.9512,236.79,0.0657,#275262,51.6099,11.6504,175.58,0.525,#658179,56.6054,26.106,186.92,0.0132,#47948c,75.5034,26.294,89.89,0.0325,#ccb88a,91.4505,13.7886,122.53,0.0228,#e1ead0,palette_features_stage4_preset.csv
F2_blockshuf_neg_seed42_00001_.png,blockshuf_neg,F2,ecdd49e618,42,F2_blockshuf_neg_seed42_00001_.png,1024,1280,99.3663,0.1647,226.2,0.2404,#fdfdfd,0.7356,0.2174,200.84,0.1227,#020303,0.7594,81.928,11.6467,5,0.2099,26.7801,0.624,0.1718,205.31,0.1608,#020202,32.4915,15.1439,228.06,0.0171,#2a525e,59.3259,26.9518,189.23,0.0152,#4a9c96,59.4733,12.7146,178.74,0.0491,#76968e,74.0714,12.3786,88.77,0.0258,#c0b5a0,82.552,8.5502,117.82,0.0261,#cccfbf,palette_features_stage4_preset.csv
F2_blockshuf_neg_seed777_00001_.png,blockshuf_neg,F2,ecdd49e618,777,F2_blockshuf_neg_seed777_00001_.png,1024,1280,99.5497,0.2089,213.0,0.2422,#fdfefe,1.0211,0.3358,197.69,0.1235,#030404,0.7601,84.4737,11.7721,5,0.3136,26.042,0.559,0.1703,211.77,0.1537,#020202,14.017,5.1441,186.26,0.0198,#1b2624,50.0201,26.2124,193.05,0.0162,#2f8380,74.0476,16.0863,192.65,0.1598,#91bfbc,77.9471,11.2725,98.91,0.0477,#c6c1ac,85.0327,10.7205,190.86,0.0135,#bcdbd8,palette_features_stage4_preset.csv
F2_blockshuf_neg_seed9999_00001_.png,blockshuf_neg,F2,ecdd49e618,9999,F2_blockshuf_neg_seed9999_00001_.png,1024,1280,99.0938,0.2277,188.86,0.224,#fcfdfc,0.9071,0.2117,230.03,0.1323,#030304,0.7797,83.5828,12.6664,5,0.6753,22.7167,0.622,0.1328,248.61,0.1631,#020203,40.5088,22.8496,201.29,0.0186,#1e696c,49.1025,12.3877,196.59,0.5122,#5a7b7a,58.9085,17.8751,198.99,0.0304,#639797,63.8595,9.0993,100.88,0.0179,#9e9b8b,84.2048,7.9275,188.95,0.0066,#c1d7d4,palette_features_stage4_preset.csv
F2_blockshuf_pos_seed1337_00001_.png,blockshuf_pos,F2,ecdd49e618,1337,F2_blockshuf_pos_seed1337_00001_.png,1024,1280,99.805,0.227,287.52,0.1504,#fefeff,2.2373,0.8084,140.19,0.1535,#070907,0.7756,83.8251,6.0346,6,0.2487,27.9783,1.1837,0.5112,106.93,0.1697,#040403,28.9386,13.796,218.53,0.0343,#254a51,45.4454,18.1881,190.54,0.024,#427471,57.2925,16.283,173.69,0.079,#6a9286,67.9766,28.4895,182.62,0.0283,#61b4a7,85.0088,9.3489,186.97,0.0123,#c0dad6,palette_features_stage4_preset.csv
F2_blockshuf_pos_seed4242145_00001_.png,blockshuf_pos,F2,ecdd49e618,4242145,F2_blockshuf_pos_seed4242145_00001_.png,1024,1280,99.6714,0.2851,285.37,0.2236,#fefeff,2.0356,0.5796,167.78,0.1281,#060807,0.7166,84.7609,10.9748,6,0.2745,32.1849,1.0666,0.2538,154.78,0.1547,#030404,38.9104,4.787,187.35,0.1198,#535e5c,56.0852,17.9771,187.55,0.0167,#5e8f8a,68.1712,32.4387,186.21,0.0367,#50b6ab,74.7587,21.4755,191.23,0.0698,#84c3bf,85.8275,11.5052,193.33,0.0114,#bcdddb,palette_features_stage4_preset.csv
F2_blockshuf_pos_seed42_00001_.png,blockshuf_pos,F2,ecdd49e618,42,F2_blockshuf_pos_seed42_00001_.png,1024,1280,98.6958,1.0469,206.39,0.1982,#f9fcfc,1.2085,0.4012,137.37,0.111,#040504,0.8027,80.3478,9.0494,6,0.2542,29.4881,0.7304,0.2388,130.06,0.1234,#020302,32.4164,4.5627,318.02,0.0146,#504b51,47.4589,11.7264,174.23,0.1308,#5b766e,66.2075,29.7268,182.22,0.0512,#58b0a2,75.6749,18.3969,190.95,0.0536,#8fc4c0,81.0783,6.2054,189.45,0.0047,#bccdcb,palette_features_stage4_preset.csv
F2_blockshuf_pos_seed777_00001_.png,blockshuf_pos,F2,ecdd49e618,777,F2_blockshuf_pos_seed777_00001_.png,1024,1280,99.5328,0.3472,239.94,0.2544,#fdfefe,2.801,0.7719,164.43,0.1195,#090b0a,0.7476,85.1219,4.7803,6,0.5889,30.4726,1.3692,0.2887,114.2,0.1259,#050504,15.6079,5.7602,189.05,0.0281,#1d2928,41.6294,9.4483,185.57,0.463,#506763,55.8643,19.3733,190.35,0.0225,#598f8b,68.7371,30.7613,189.38,0.0336,#56b7b0,86.4912,11.372,202.19,0.016,#bedfe0,palette_features_stage4_preset.csv
F2_blockshuf_pos_seed9999_00001_.png,blockshuf_pos,F2,ecdd49e618,9999,F2_blockshuf_pos_seed9999_00001_.png,1024,1280,99.2329,0.5812,221.58,0.268,#fcfdfe,1.4613,0.51,155.89,0.1023,#040605,0.7328,77.3496,6.8628,6,0.4417,24.6345,1.0137,0.3364,149.58,0.122,#030403,15.4865,4.4721,171.59,0.0272,#202926,37.4066,12.1461,187.35,0.117,#3f5e5a,43.9902,8.1702,181.27,0.3196,#596c68,68.5261,24.971,188.24,0.0554,#6ab4ad,78.3633,16.2235,193.57,0.083,#9ccbc8,palette_features_stage4_preset.csv
F2_preset_half_seed1337_00001_.png,preset_half,F2,ecdd49e618,1337,F2_preset_half_seed1337_00001_.png,1024,1280,99.3725,0.7214,205.73,0.1383,#fcfefe,3.1834,0.947,194.02,0.1268,#090c0c,0.862,79.3635,16.7034,5,0.403,24.6033,1.3966,0.1747,161.84,0.112,#050505,49.211,7.6288,139.05,0.2909,#6e786c,60.6501,18.336,205.29,0.0804,#669b9f,66.1108,15.1198,183.53,0.0202,#80a9a2,80.5256,24.7779,189.32,0.0291,#8bd5ce,80.7601,9.6958,201.89,0.0803,#b2cecf,palette_features_stage4_preset.csv
F2_preset_half_seed4242145_00001_.png,preset_half,F2,ecdd49e618,4242145,F2_preset_half_seed4242145_00001_.png,1024,1280,99.5133,0.4977,214.25,0.2042,#fcfefe,2.2659,0.5288,192.37,0.113,#070909,0.7955,79.1419,10.0343,5,0.6397,25.424,0.7602,0.0398,225.69,0.1195,#030303,29.9417,19.2823,196.68,0.0151,#124f4f,33.5867,16.1326,219.45,0.0275,#28555f,46.6535,7.7033,170.28,0.5202,#61726c,72.4377,25.4638,197.4,0.0242,#70bfbf,79.9022,12.0688,202.56,0.0843,#aacdce,palette_features_stage4_preset.csv
F2_preset_half_seed42_00001_.png,preset_half,F2,ecdd49e618,42,F2_preset_half_seed42_00001_.png,1024,1280,99.273,0.6666,213.04,0.1681,#fbfdfe,2.1577,0.3552,199.01,0.1077,#070808,0.8319,73.9342,9.9919,6,0.6797,24.3624,0.8292,0.0456,172.71,0.1107,#030303,34.2919,7.1954,348.88,0.0124,#5b4d53,44.2645,7.5228,170.11,0.569,#5c6c66,49.9565,24.4081,193.05,0.0167,#37827f,58.2891,14.5357,177.33,0.0176,#6f938a,74.7634,14.689,198.95,0.0671,#96c0c0,palette_features_stage4_preset.csv
F2_preset_half_seed777_00001_.png,preset_half,F2,ecdd49e618,777,F2_preset_half_seed777_00001_.png,1024,1280,99.8141,0.1427,255.67,0.2414,#fefeff,1.9647,0.3341,188.67,0.1267,#060707,0.7596,80.9893,10.3812,5,0.242,30.5118,1.1215,0.0684,151.62,0.1525,#040404,25.7949,12.6028,213.15,0.044,#214247,57.4528,30.5802,198.87,0.0181,#2a989a,68.082,20.1343,203.48,0.0895,#74b0b4,71.3336,8.5823,123.74,0.0143,#abb1a2,82.1108,11.148,180.02,0.0251,#b5d3cc,palette_features_stage4_preset.csv
F2_preset_half_seed9999_00001_.png,preset_half,F2,ecdd49e618,9999,F2_preset_half_seed9999_00001_.png,1024,1280,99.8867,0.1469,291.24,0.2184,#ffffff,1.8313,0.4931,166.17,0.1248,#060706,0.7625,83.4248,7.1061,6,0.2571,20.6287,0.9083,0.1857,124.95,0.1404,#030303,7.9967,3.0157,184.29,0.023,#131918,17.1677,5.8904,190.5,0.0179,#202d2c,38.4146,20.8143,197.16,0.0177,#246464,62.8547,17.9303,199.56,0.1166,#6da1a2,84.333,11.4121,196.49,0.0128,#b8d9d8,palette_features_stage4_preset.csv
F2_preset_neg_seed1337_00001_.png,preset_neg,F2,ecdd49e618,1337,F2_preset_neg_seed1337_00001_.png,1024,1280,99.4209,0.338,229.96,0.2453,#fdfdfe,2.5097,0.6385,190.66,0.0902,#070a09,0.7547,83.0102,3.712,6,0.216,24.5346,1.4602,0.2921,193.81,0.1087,#050605,18.2718,5.9605,193.73,0.0309,#222f2e,30.8712,13.8568,213.57,0.0683,#294e54,44.3275,24.8267,197.22,0.0267,#217474,61.3281,11.0351,134.57,0.0686,#8c9886,84.4704,12.7377,186.45,0.1073,#b6dad5,palette_features_stage4_preset.csv
F2_preset_neg_seed4242145_00001_.png,preset_neg,F2,ecdd49e618,4242145,F2_preset_neg_seed4242145_00001_.png,1024,1280,99.0483,0.6902,211.72,0.2295,#fbfdfd,2.0277,0.3576,190.28,0.109,#060808,0.7701,80.1865,14.6337,4,0.5005,24.7328,0.8399,0.1167,211.1,0.1309,#030303,41.8897,8.4901,30.71,0.013,#725f5c,51.5327,21.9056,198.27,0.0144,#438586,54.8135,6.5871,142.85,0.3696,#7d867c,78.5104,24.8495,183.73,0.0508,#88cfc4,81.0264,10.4731,208.42,0.1083,#b1cfd2,palette_features_stage4_preset.csv
F2_preset_neg_seed42_00001_.png,preset_neg,F2,ecdd49e618,42,F2_preset_neg_seed42_00001_.png,1024,1280,99.1739,0.4146,192.35,0.2485,#fcfdfd,2.4244,0.5222,100.01,0.1185,#090908,0.7504,82.4359,14.3126,4,0.2041,26.7459,1.5602,0.6109,75.89,0.1471,#070604,38.2938,10.8917,9.82,0.0097,#6c5457,50.4685,14.864,134.19,0.021,#6d7d66,52.9939,27.3567,195.46,0.0161,#318b8a,82.617,10.9568,192.92,0.057,#b5d4d2,83.996,20.1106,190.37,0.0543,#a1ddd8,palette_features_stage4_preset.csv
F2_preset_neg_seed777_00001_.png,preset_neg,F2,ecdd49e618,777,F2_preset_neg_seed777_00001_.png,1024,1280,99.0859,0.5815,215.34,0.2673,#fbfdfd,1.1769,0.3543,222.91,0.091,#030505,0.7337,86.1133,11.9873,6,0.1996,26.0754,1.0365,0.2879,231.14,0.1216,#030404,31.7937,14.6752,199.9,0.0371,#295152,41.5303,6.9153,37.33,0.0399,#6e5f5b,47.6252,26.3632,195.64,0.0165,#247d7c,54.3007,6.3061,119.94,0.0781,#808378,87.1498,9.5881,198.39,0.0186,#c4e0e0,palette_features_stage4_preset.csv
F2_preset_neg_seed9999_00001_.png,preset_neg,F2,ecdd49e618,9999,F2_preset_neg_seed9999_00001_.png,1024,1280,99.5725,0.1097,299.12,0.2011,#fefefe,1.7707,0.2131,101.63,0.1173,#070606,0.7787,79.9273,4.4294,6,0.3423,28.2644,1.2734,0.3535,51.43,0.138,#060404,21.9549,6.7854,195.93,0.0225,#283837,42.0842,23.958,203.4,0.0154,#1b6e72,58.092,28.618,200.74,0.0095,#37999c,72.7772,18.452,199.58,0.017,#86bcbd,81.2007,12.2894,196.1,0.2043,#add1d0,palette_features_stage4_preset.csv
F2_preset_pos_seed1337_00001_.png,preset_pos,F2,ecdd49e618,1337,F2_preset_pos_seed1337_00001_.png,1024,1280,99.8732,0.1784,296.15,0.1356,#ffffff,1.4893,0.4534,193.63,0.14,#040606,0.7865,84.6161,12.762,6,0.5232,31.9401,0.984,0.2039,186.44,0.1647,#030404,11.1329,5.0139,195.0,0.0311,#15201f,52.4311,11.2065,171.0,0.3585,#69837a,58.7801,18.8782,190.7,0.0157,#629793,67.8425,32.144,196.62,0.014,#47b5b5,85.6002,9.8336,206.11,0.0096,#bfdbde,palette_features_stage4_preset.csv
F2_preset_pos_seed4242145_00001_.png,preset_pos,F2,ecdd49e618,4242145,F2_preset_pos_seed4242145_00001_.png,1024,1280,99.7708,0.319,293.85,0.2019,#fefeff,1.0824,0.2561,183.1,0.11,#030404,0.7975,86.6935,13.5436,5,0.2072,27.8465,0.9945,0.2115,183.18,0.1337,#030404,11.1659,4.8539,191.49,0.0232,#16201f,22.7487,14.0181,200.22,0.0325,#153c3d,64.3788,18.394,196.96,0.0494,#70a6a5,66.6008,28.0581,196.56,0.0236,#56b0af,87.688,9.1151,201.73,0.0735,#c7e1e2,palette_features_stage4_preset.csv
F2_preset_pos_seed42_00001_.png,preset_pos,F2,ecdd49e618,42,F2_preset_pos_seed42_00001_.png,1024,1280,99.2422,0.5915,227.09,0.1697,#fcfdfe,1.8041,0.4754,164.67,0.1078,#060706,0.83,79.7184,11.765,5,0.6283,26.4512,1.0237,0.2266,142.55,0.1192,#030403,35.2396,6.6345,195.38,0.1865,#465655,41.9676,18.2144,188.63,0.0087,#3a6b67,44.1464,10.2347,169.32,0.4418,#576d65,68.4737,26.6778,186.68,0.0362,#65b5ac,80.7421,12.3695,195.07,0.0568,#accfce,palette_features_stage4_preset.csv
F2_preset_pos_seed777_00001_.png,preset_pos,F2,ecdd49e618,777,F2_preset_pos_seed777_00001_.png,1024,1280,99.4967,0.5101,218.07,0.2316,#fcfefe,1.9513,0.3191,150.0,0.1097,#070707,0.7706,75.2918,8.4022,5,0.5769,27.0912,1.3239,0.1943,116.43,0.1296,#050504,20.5163,7.0173,206.59,0.0376,#243436,44.2309,10.7498,169.42,0.4473,#566e65,52.1781,14.3448,184.27,0.0145,#5e847e,74.2526,27.2855,195.94,0.0218,#6fc5c3,76.6157,14.1659,200.46,0.0817,#9cc5c6,palette_features_stage4_preset.csv
F2_preset_pos_seed9999_00001_.png,preset_pos,F2,ecdd49e618,9999,F2_preset_pos_seed9999_00001_.png,1024,1280,99.8051,0.2884,302.34,0.2206,#fffeff,1.3093,0.4074,143.45,0.0984,#040504,0.7166,84.54,7.0415,6,0.5051,25.9525,1.3991,0.4348,145.16,0.1394,#040504,20.916,11.1466,214.26,0.0321,#1a373b,47.5596,5.368,152.29,0.3657,#6a736c,55.3676,16.0633,188.32,0.0188,#618d88,65.2565,26.3872,188.32,0.0355,#5daca4,85.9391,8.2512,192.33,0.0143,#c4dcda,palette_features_stage4_preset.csv
F2_rand_neg_seed1337_00001_.png,rand_neg,F2,ecdd49e618,1337,F2_rand_neg_seed1337_00001_.png,1024,1280,98.087,0.0835,267.16,0.1393,#f9f9fa,2.0514,0.5905,159.47,0.1162,#060807,0.8584,85.2497,12.8048,5,0.4971,22.5783,2.0349,0.588,159.76,0.1335,#060807,41.3045,12.0617,7.62,0.0094,#765a5f,50.2311,10.5731,133.53,0.3636,#707b6a,70.6987,17.7524,209.41,0.0499,#82b6bc,72.0975,23.1663,185.08,0.0214,#7bbdb4,87.2846,9.9203,195.32,0.0529,#c4e0df,palette_features_stage4_preset.csv
F2_rand_neg_seed4242145_00001_.png,rand_neg,F2,ecdd49e618,4242145,F2_rand_neg_seed4242145_00001_.png,1024,1280,97.962,0.2596,209.77,0.1866,#f9f9f9,1.2488,0.303,152.01,0.1136,#040504,0.8122,81.3736,11.2855,5,0.5897,22.0781,0.9475,0.1926,142.42,0.1356,#030403,33.4965,7.8767,7.99,0.0079,#5c4a4d,36.3201,15.9472,212.93,0.0272,#2f5c63,46.6087,8.8925,146.88,0.4542,#657266,73.1309,22.2707,182.43,0.0253,#81bfb5,82.3212,12.1849,185.03,0.0915,#b2d4ce,palette_features_stage4_preset.csv
F2_rand_neg_seed42_00001_.png,rand_neg,F2,ecdd49e618,42,F2_rand_neg_seed42_00001_.png,1024,1280,97.9967,0.1301,280.74,0.18,#f9f9f9,2.6106,0.738,150.62,0.1182,#080a09,0.8199,79.0374,12.6456,4,0.2154,27.0826,1.3166,0.353,123.77,0.1278,#050504,37.7146,9.2263,16.15,0.0098,#695455,57.4638,27.4357,192.19,0.0142,#409793,59.1144,9.8583,132.85,0.0194,#879181,77.0075,16.4144,151.74,0.0415,#a7c6af,80.354,14.5725,193.1,0.0876,#a6cfcd,palette_features_stage4_preset.csv
F2_rand_neg_seed777_00001_.png,rand_neg,F2,ecdd49e618,777,F2_rand_neg_seed777_00001_.png,1024,1280,97.986,0.2846,246.54,0.2435,#f9f9fa,2.3247,0.6212,122.58,0.1124,#080907,0.759,75.0124,10.1473,5,0.526,25.2109,1.076,0.4369,79.98,0.1275,#050403,30.3915,11.7202,214.77,0.0397,#2e4c52,36.4132,19.6828,181.67,0.0209,#2a5e56,46.2635,9.317,145.02,0.3985,#647164,51.1073,25.6479,182.44,0.0165,#3c867b,76.0885,14.4179,188.45,0.0571,#9bc4bf,palette_features_stage4_preset.csv
F2_rand_neg_seed9999_00001_.png,rand_neg,F2,ecdd49e618,9999,F2_rand_neg_seed9999_00001_.png,1024,1280,97.8384,0.2112,321.8,0.1782,#f9f9f9,2.0721,0.4178,106.11,0.1246,#080807,0.8234,81.5693,8.4684,5,0.475,23.4408,1.2623,0.3832,72.91,0.1391,#050404,26.3983,10.341,204.83,0.0723,#294345,45.7929,6.9614,122.67,0.1945,#6a6e63,45.9185,7.8456,156.1,0.2806,#627067,64.3493,23.824,186.23,0.016,#63a8a0,82.8315,15.4167,196.57,0.0271,#aad7d6,palette_features_stage4_preset.csv
F2_rand_pos_seed1337_00001_.png,rand_pos,F2,ecdd49e618,1337,F2_rand_pos_seed1337_00001_.png,1024,1280,99.9843,0.0069,214.32,0.1849,#ffffff,0.7782,0.1976,232.49,0.1364,#020303,0.7509,88.2942,15.576,6,0.2677,28.9783,0.4136,0.0862,278.62,0.1711,#010202,48.5409,19.5182,203.84,0.0271,#427c80,55.2492,7.6803,201.62,0.0076,#748889,66.034,25.7411,201.63,0.0093,#5cadb1,73.0331,12.9761,202.83,0.0965,#95babc,88.7077,29.0645,203.75,0.0225,#8feef4,palette_features_stage4_preset.csv
F2_rand_pos_seed4242145_00001_.png,rand_pos,F2,ecdd49e618,4242145,F2_rand_pos_seed4242145_00001_.png,1024,1280,99.9737,0.0111,214.09,0.2322,#ffffff,0.8253,0.2967,237.72,0.1432,#020304,0.7168,86.9192,7.6998,5,0.5765,27.3301,0.446,0.181,263.07,0.1915,#010202,25.2276,12.9032,215.76,0.0329,#1e4147,48.9867,17.7982,204.0,0.385,#497d80,64.883,22.0235,202.01,0.0122,#65a8ab,83.9785,27.5111,200.3,0.042,#88e0e2,87.3652,7.1807,207.81,0.0116,#cadfe1,palette_features_stage4_preset.csv
F2_rand_pos_seed42_00001_.png,rand_pos,F2,ecdd49e618,42,F2_rand_pos_seed42_00001_.png,1024,1280,99.9135,0.0797,201.41,0.2613,#ffffff,1.0809,0.3705,222.07,0.1145,#030405,0.738,81.2129,13.9858,5,0.3001,24.1368,0.5249,0.1387,254.61,0.1443,#020202,9.971,4.5308,204.96,0.0192,#131d1e,52.9329,17.2384,200.34,0.0214,#558788,65.2972,23.1451,199.39,0.0134,#63aaab,79.6063,11.5282,202.98,0.1558,#aacccd,81.7379,24.2755,197.42,0.0334,#8dd8d8,palette_features_stage4_preset.csv
F2_rand_pos_seed777_00001_.png,rand_pos,F2,ecdd49e618,777,F2_rand_pos_seed777_00001_.png,1024,1280,99.9052,0.0305,207.17,0.2805,#ffffff,1.2794,0.3655,230.18,0.1217,#040505,0.7213,84.0563,7.7946,5,0.2817,27.539,0.5357,0.1267,306.87,0.153,#020202,26.1365,12.1099,205.25,0.1286,#234345,47.18,19.4869,203.38,0.1056,#3f797c,60.5798,7.7843,205.73,0.0064,#819698,63.9027,24.1809,202.77,0.0169,#5ba7ab,84.592,27.6656,200.11,0.0538,#89e2e4,palette_features_stage4_preset.csv
F2_rand_pos_seed9999_00001_.png,rand_pos,F2,ecdd49e618,9999,F2_rand_pos_seed9999_00001_.png,1024,1280,99.9203,0.0183,228.46,0.2509,#ffffff,1.1551,0.2669,245.21,0.1432,#040405,0.7483,84.4636,3.9879,6,0.2648,25.6475,0.7937,0.1773,267.78,0.1831,#030303,14.0325,4.5108,212.65,0.0215,#1c2527,32.9357,11.5862,205.45,0.0733,#345355,47.4214,17.5606,201.56,0.0817,#46797b,71.2448,24.9009,200.2,0.0112,#6dbbbd,85.2573,25.8248,199.47,0.0391,#91e3e4,palette_features_stage4_preset.csv
F3_blockshuf_neg_seed1337_00001_.png,blockshuf_neg,F3,83301f8591,1337,F3_blockshuf_neg_seed1337_00001_.png,1024,1280,99.8552,0.1021,310.13,0.1968,#ffffff,1.1255,0.5534,315.6,0.222,#050405,0.8034,85.7551,9.6475,5,0.5549,59.6664,0.703,0.3166,347.41,0.264,#030203,32.1964,22.3154,283.02,0.291,#3e4b6e,51.8091,35.5941,51.44,0.0205,#ac6c4d,61.0247,50.9676,54.28,0.0745,#d57d4b,65.0435,59.983,62.31,0.0284,#e1883d,86.4582,18.6029,67.08,0.0838,#f3d3b8,palette_features_stage4_preset.csv
F3_blockshuf_neg_seed4242145_00001_.png,blockshuf_neg,F3,83301f8591,4242145,F3_blockshuf_neg_seed4242145_00001_.png,1024,1280,99.8762,0.0731,319.23,0.1776,#ffffff,1.2086,0.5723,342.97,0.1746,#060405,0.8224,79.266,8.328,6,0.6423,73.6476,0.4783,0.2998,340.94,0.1984,#020202,30.8289,19.862,286.4,0.4438,#404766,49.2879,20.1531,40.09,0.0105,#966b60,55.3019,73.9474,50.81,0.0161,#dc5d1d,65.7041,58.0944,51.51,0.0351,#ed844f,79.7443,38.2738,57.46,0.0611,#fdb68b,palette_features_stage4_preset.csv
F3_blockshuf_neg_seed42_00001_.png,blockshuf_neg,F3,83301f8591,42,F3_blockshuf_neg_seed42_00001_.png,1024,1280,99.8331,0.1337,310.52,0.2119,#fffeff,0.8122,0.3418,336.96,0.1907,#040303,0.7872,79.2469,10.1693,5,0.6793,54.4385,0.5216,0.2259,330.13,0.2325,#020202,34.0655,19.8878,284.66,0.4468,#464f6e,53.983,32.2315,53.42,0.0085,#ad7455,58.7536,44.815,57.66,0.0076,#c57c4c,67.3093,54.6644,57.0,0.0879,#e98d52,79.7685,14.5653,56.22,0.1463,#dec0b0,palette_features_stage4_preset.csv
F3_blockshuf_neg_seed777_00001_.png,blockshuf_neg,F3,83301f8591,777,F3_blockshuf_neg_seed777_00001_.png,1024,1280,99.8774,0.0637,307.12,0.2183,#ffffff,1.0564,0.4938,340.08,0.1524,#050404,0.7827,76.9376,11.7974,4,0.5707,62.8384,0.5575,0.2939,338.44,0.1837,#030202,28.6547,16.7897,286.44,0.387,#3d425c,32.8016,26.1644,50.89,0.0291,#6e422e,34.5928,20.6419,5.12,0.0117,#71454f,64.6932,63.1323,49.86,0.0617,#f17d48,77.4951,47.2301,63.07,0.0456,#fbaf72,palette_features_stage4_preset.csv
F3_blockshuf_neg_seed9999_00001_.png,blockshuf_neg,F3,83301f8591,9999,F3_blockshuf_neg_seed9999_00001_.png,1024,1280,99.857,0.093,317.04,0.1359,#ffffff,1.5018,0.5755,329.88,0.1815,#060506,0.8641,83.8263,8.1311,5,0.5716,57.0633,0.6288,0.2789,338.38,0.193,#030203,29.64,21.6089,282.39,0.3786,#384566,49.0253,25.1777,30.02,0.0177,#9e6660,52.8196,44.1297,49.64,0.0167,#b96946,67.2764,57.3422,55.88,0.0899,#ed8b4f,84.4551,27.266,64.0,0.0595,#f9caa5,palette_features_stage4_preset.csv
F3_blockshuf_pos_seed1337_00001_.png,blockshuf_pos,F3,83301f8591,1337,F3_blockshuf_pos_seed1337_00001_.png,1024,1280,99.5207,0.1247,168.98,0.167,#fdfefe,1.6728,1.7095,43.22,0.1701,#0b0503,0.8336,85.6571,0.678,6,0.4874,64.6668,1.0153,1.0016,43.91,0.1799,#060302,17.3069,28.3491,41.6,0.0153,#4b1c10,34.3566,42.6584,43.49,0.0448,#863a23,52.7008,65.6684,47.45,0.3074,#d0592b,69.8781,35.398,57.56,0.065,#dc9d76,86.6724,16.7086,64.45,0.1393,#f2d3bd,palette_features_stage4_preset.csv
F3_blockshuf_pos_seed4242145_00001_.png,blockshuf_pos,F3,83301f8591,4242145,F3_blockshuf_pos_seed4242145_00001_.png,1024,1280,99.6698,0.1199,206.12,0.1433,#fefefe,2.0162,1.734,47.97,0.1772,#0c0604,0.8557,86.2505,13.2675,5,0.5671,69.2216,1.53,1.2444,51.14,0.1892,#090503,42.8364,61.1418,43.07,0.3779,#b13f21,57.3286,45.1024,45.81,0.0063,#ca7253,60.5284,70.466,50.15,0.0637,#ea6d32,68.2321,26.4879,50.98,0.0933,#d09b82,87.7805,14.4799,65.73,0.1263,#f2d7c3,palette_features_stage4_preset.csv
F3_blockshuf_pos_seed42_00001_.png,blockshuf_pos,F3,83301f8591,42,F3_blockshuf_pos_seed42_00001_.png,1024,1280,99.5381,0.2439,251.61,0.205,#fdfefe,2.4153,2.41,46.74,0.1571,#0f0705,0.7952,85.4371,5.3944,6,0.2841,69.1881,1.2137,1.2674,47.12,0.163,#080402,14.9952,28.3247,40.42,0.0138,#45170b,29.996,46.8237,44.36,0.0147,#7d2d14,39.9694,63.2455,44.0,0.1112,#a93716,64.147,70.4556,53.17,0.0675,#f27935,86.6508,18.3123,67.94,0.1211,#f3d3b9,palette_features_stage4_preset.csv
F3_blockshuf_pos_seed777_00001_.png,blockshuf_pos,F3,83301f8591,777,F3_blockshuf_pos_seed777_00001_.png,1024,1280,99.6857,0.1818,248.62,0.1965,#fefefe,2.2826,2.3778,39.37,0.1637,#0e0705,0.8045,87.5944,3.5738,6,0.5604,68.4694,0.9633,0.9971,37.08,0.1712,#060302,15.7848,28.2457,39.99,0.0134,#47190d,31.7844,43.7078,42.24,0.0261,#80321e,56.3203,69.4665,47.73,0.3891,#df602d,71.6922,50.8425,57.92,0.0379,#f29b62,88.5577,16.7111,65.84,0.1233,#f7d9c2,palette_features_stage4_preset.csv
F3_blockshuf_pos_seed9999_00001_.png,blockshuf_pos,F3,83301f8591,9999,F3_blockshuf_pos_seed9999_00001_.png,1024,1280,99.6735,0.0787,275.2,0.1631,#fefefe,1.9983,1.1704,1.88,0.1447,#0a0607,0.8355,88.4779,8.5416,5,0.5868,58.9719,1.3981,0.9221,22.53,0.1594,#080404,24.0381,35.3838,50.1,0.0162,#5f2a10,25.413,21.9861,290.04,0.4273,#353a5b,51.3423,59.894,46.26,0.0762,#c75931,69.8183,48.135,53.64,0.0305,#ed9566,89.876,15.9763,65.55,0.1432,#faddc7,palette_features_stage4_preset.csv
F3_preset_half_seed1337_00001_.png,preset_half,F3,83301f8591,1337,F3_preset_half_seed1337_00001_.png,1024,1280,99.6918,0.1441,334.83,0.1933,#fefefe,1.7009,2.0029,42.97,0.1414,#0c0503,0.8078,85.014,10.2118,6,0.4642,66.8167,0.9254,1.0631,44.5,0.1625,#060302,38.0672,22.4305,32.71,0.3016,#7c4d47,50.7938,51.6884,44.57,0.0344,#be5d3d,60.5337,67.8798,50.86,0.0195,#e76f35,71.2602,41.306,57.01,0.0455,#e79e70,85.9394,29.5054,71.93,0.0429,#fbcfa2,palette_features_stage4_preset.csv
F3_preset_half_seed4242145_00001_.png,preset_half,F3,83301f8591,4242145,F3_preset_half_seed4242145_00001_.png,1024,1280,99.859,0.0802,39.36,0.181,#fffffe,1.1292,1.3208,37.17,0.1695,#080302,0.8189,86.9344,7.6513,6,0.2699,71.0595,0.8427,0.8767,36.68,0.1965,#060202,12.4237,15.4478,43.16,0.0227,#331a12,24.2508,30.8041,45.41,0.0187,#5e2b19,51.1798,71.9362,43.99,0.0296,#d44c25,61.251,46.1051,52.97,0.0734,#d27f54,87.7771,22.5652,73.45,0.0259,#f8d7b3,palette_features_stage4_preset.csv
F3_preset_half_seed42_00001_.png,preset_half,F3,83301f8591,42,F3_preset_half_seed42_00001_.png,1024,1280,99.8293,0.0841,335.41,0.2021,#fffeff,1.3684,2.0918,39.8,0.1394,#0b0402,0.7978,84.0342,11.9998,6,0.5282,67.0247,1.0407,1.5509,39.84,0.1662,#080301,40.2744,34.4038,39.77,0.362,#8f4c3c,59.2047,68.5756,48.64,0.0616,#e66934,65.2246,50.1162,53.27,0.0612,#e28858,74.306,39.0882,57.64,0.0135,#eda77b,85.0749,22.1968,61.13,0.1439,#f6ccb0,palette_features_stage4_preset.csv
F3_preset_half_seed777_00001_.png,preset_half,F3,83301f8591,777,F3_preset_half_seed777_00001_.png,1024,1280,99.7428,0.0439,302.9,0.179,#fefefe,1.3477,1.4786,40.38,0.1769,#090403,0.8221,79.9769,11.2072,6,0.3355,70.8937,1.0329,1.0601,41.14,0.2051,#070302,36.8111,47.1399,44.76,0.1074,#903d22,42.8909,59.4005,45.68,0.0251,#ad431f,54.1556,17.3609,59.26,0.0085,#9a7b68,60.4149,71.9539,48.99,0.0426,#ed6a31,81.0098,33.4528,63.89,0.1304,#f6be92,palette_features_stage4_preset.csv
F3_preset_half_seed9999_00001_.png,preset_half,F3,83301f8591,9999,F3_preset_half_seed9999_00001_.png,1024,1280,99.775,0.1226,356.35,0.1532,#fffefe,1.8099,1.6045,20.5,0.1921,#0b0505,0.8396,88.0218,9.2593,6,0.5762,62.5868,1.0436,0.8989,23.38,0.2066,#060303,27.454,20.042,284.63,0.3696,#37405e,57.6702,63.4857,44.92,0.0505,#e0663e,72.4552,41.465,55.62,0.0778,#eca074,78.3968,27.3577,58.59,0.0149,#ebb797,89.0654,14.2675,65.61,0.1366,#f5dbc7,palette_features_stage4_preset.csv
F3_preset_neg_seed1337_00001_.png,preset_neg,F3,83301f8591,1337,F3_preset_neg_seed1337_00001_.png,1024,1280,99.6861,0.0475,307.04,0.1898,#fefefe,1.5321,0.8111,22.59,0.1854,#080505,0.8109,81.9523,7.9724,6,0.3699,63.464,0.6605,0.38,27.54,0.2089,#030202,24.0763,38.4956,50.43,0.0181,#62280c,31.7353,18.2251,272.94,0.161,#394c67,37.4372,14.8521,334.61,0.0611,#695163,59.2696,63.8439,49.84,0.0908,#e06e39,82.6128,23.4628,61.84,0.0814,#f0c5a7,palette_features_stage4_preset.csv
F3_preset_neg_seed4242145_00001_.png,preset_neg,F3,83301f8591,4242145,F3_preset_neg_seed4242145_00001_.png,1024,1280,99.6416,0.0936,283.64,0.1699,#fefefe,1.543,0.5133,352.55,0.1946,#070506,0.8299,83.688,12.018,5,0.5757,65.1395,0.6489,0.2404,352.43,0.2178,#030202,34.441,22.3411,283.82,0.3579,#455073,39.8638,16.2038,333.75,0.0562,#70566a,40.7876,48.9177,50.54,0.0236,#9a4922,61.452,65.3799,51.74,0.0618,#e77439,84.3369,23.2684,59.2,0.1864,#f6caad,palette_features_stage4_preset.csv
F3_preset_neg_seed42_00001_.png,preset_neg,F3,83301f8591,42,F3_preset_neg_seed42_00001_.png,1024,1280,99.629,0.1385,285.75,0.2385,#fefefe,1.7749,0.4842,330.43,0.168,#070607,0.7612,81.7189,8.0734,6,0.5103,61.7276,0.847,0.2132,338.35,0.2022,#040303,31.9091,18.344,277.06,0.3081,#3d4b67,39.8311,23.4526,21.87,0.022,#835051,49.9877,39.0015,41.68,0.0817,#af624c,66.1077,61.9408,54.02,0.0546,#f08447,82.5659,12.0397,54.58,0.1686,#e2c8bb,palette_features_stage4_preset.csv
F3_preset_neg_seed777_00001_.png,preset_neg,F3,83301f8591,777,F3_preset_neg_seed777_00001_.png,1024,1280,99.7026,0.1021,283.26,0.2569,#fefefe,2.2054,0.9011,350.25,0.1108,#0a0708,0.7443,79.154,8.6201,6,0.483,60.1804,1.4592,0.5662,349.46,0.1391,#070506,32.3997,18.3064,280.56,0.3439,#414c68,39.8546,16.1893,10.72,0.0357,#79545a,47.2277,36.9335,40.6,0.0412,#a55c49,63.7508,60.7467,49.3,0.1005,#ec7b4a,80.6132,21.8786,56.31,0.1328,#ebbfa7,palette_features_stage4_preset.csv
F3_preset_neg_seed9999_00001_.png,preset_neg,F3,83301f8591,9999,F3_preset_neg_seed9999_00001_.png,1024,1280,99.6422,0.1296,282.17,0.1815,#fefefe,1.0967,0.3924,348.99,0.1527,#050404,0.8182,82.0982,7.8785,6,0.6007,54.0494,1.0253,0.3755,323.19,0.1856,#040404,31.1274,22.4618,282.46,0.4151,#3b496b,36.8848,18.2219,321.04,0.0333,#655069,54.2387,38.8615,34.02,0.0211,#bf6a5e,68.0614,54.425,55.44,0.0877,#ed8e56,83.1236,13.8204,55.8,0.1722,#e6c9ba,palette_features_stage4_preset.csv
F3_preset_pos_seed1337_00001_.png,preset_pos,F3,83301f8591,1337,F3_preset_pos_seed1337_00001_.png,1024,1280,99.6952,0.1987,44.85,0.171,#fffefe,1.7458,2.4137,36.29,0.1428,#0d0503,0.8307,86.2756,16.0543,4,0.5003,59.3512,0.7591,0.9995,33.84,0.1489,#060201,33.437,43.5543,46.16,0.0264,#83381e,33.6852,16.8852,18.15,0.3514,#6a4648,42.4788,32.6452,40.45,0.0446,#935343,46.8745,60.3508,49.94,0.0306,#b75020,87.0347,27.5423,75.12,0.0393,#fad4a8,palette_features_stage4_preset.csv
F3_preset_pos_seed4242145_00001_.png,preset_pos,F3,83301f8591,4242145,F3_preset_pos_seed4242145_00001_.png,1024,1280,99.8556,0.0529,36.36,0.1527,#ffffff,1.3616,1.6507,36.73,0.1803,#0a0403,0.846,84.4941,9.0573,6,0.3093,66.5687,1.0356,1.1707,36.24,0.1996,#070302,29.3452,43.8768,43.53,0.0306,#792d17,56.6955,67.7394,46.74,0.0362,#df6233,63.6107,55.1423,54.85,0.1098,#e0824a,74.0635,34.7583,58.18,0.0537,#e7a881,85.5296,20.6391,65.75,0.1023,#f3cfb3,palette_features_stage4_preset.csv
F3_preset_pos_seed42_00001_.png,preset_pos,F3,83301f8591,42,F3_preset_pos_seed42_00001_.png,1024,1280,99.737,0.2317,306.31,0.182,#fefeff,1.6965,2.6594,39.03,0.1609,#0d0402,0.8171,86.7675,14.7027,6,0.5226,66.8927,0.9766,1.4984,38.92,0.1713,#080301,46.64,56.286,44.25,0.3513,#b74e2e,51.8983,44.8329,51.56,0.0142,#b66741,59.0061,68.3912,49.8,0.0674,#e46a32,75.6466,34.4205,60.3,0.1058,#eaae84,87.7441,21.8279,70.03,0.0793,#f9d6b6,palette_features_stage4_preset.csv
F3_preset_pos_seed777_00001_.png,preset_pos,F3,83301f8591,777,F3_preset_pos_seed777_00001_.png,1024,1280,99.767,0.0882,349.45,0.1903,#fefefe,2.5615,2.8639,34.23,0.1432,#100706,0.8109,85.0366,6.0807,6,0.5316,67.0943,1.4499,1.3533,24.47,0.1417,#090404,24.8515,37.525,45.81,0.0223,#652813,39.1994,49.6144,45.03,0.0558,#9a4124,53.1093,68.4475,47.02,0.39,#d45828,77.7703,47.6153,64.33,0.0173,#fbb071,86.4865,22.1069,66.21,0.1384,#f8d1b3,palette_features_stage4_preset.csv
F3_preset_pos_seed9999_00001_.png,preset_pos,F3,83301f8591,9999,F3_preset_pos_seed9999_00001_.png,1024,1280,99.8333,0.1586,323.87,0.1332,#fffeff,1.1809,1.3332,11.77,0.2014,#080304,0.7841,90.2959,5.7906,6,0.6801,56.9141,0.8004,1.0147,18.24,0.2435,#060202,24.7197,21.7942,288.9,0.4366,#33395a,35.0843,17.7624,12.91,0.0121,#6f484d,60.7108,57.9287,47.64,0.0891,#e17448,76.3573,37.6166,59.83,0.0728,#f0ae81,91.0963,12.7127,70.05,0.0202,#f7e2cf,palette_features_stage4_preset.csv
F3_rand_neg_seed1337_00001_.png,rand_neg,F3,83301f8591,1337,F3_rand_neg_seed1337_00001_.png,1024,1280,98.3487,0.1881,62.54,0.1986,#fbfafa,2.3142,1.0851,19.17,0.1406,#0b0808,0.8027,81.4377,7.9304,5,0.3779,64.3185,1.1959,0.6203,34.27,0.1559,#060404,28.1364,17.3195,282.31,0.222,#39425c,32.9109,14.0926,350.93,0.0359,#614651,44.7697,25.7435,40.15,0.0211,#915d4f,59.5292,64.9388,50.77,0.0303,#e16f37,82.6335,33.6568,73.53,0.0226,#f4c692,palette_features_stage4_preset.csv
F3_rand_neg_seed4242145_00001_.png,rand_neg,F3,83301f8591,4242145,F3_rand_neg_seed4242145_00001_.png,1024,1280,98.3849,0.2,86.65,0.1848,#fbfafa,1.6138,1.725,33.98,0.1584,#0b0504,0.8159,79.6206,7.0773,6,0.2964,67.5179,1.1032,1.1056,31.97,0.1824,#070303,27.7933,17.7792,24.46,0.1141,#5c3837,34.3938,38.1142,42.83,0.0545,#823d29,54.4179,68.6236,46.49,0.0463,#d95b2c,64.7923,48.7098,59.84,0.0221,#d98b52,80.7238,35.8595,72.19,0.0197,#f1bf89,palette_features_stage4_preset.csv
F3_rand_neg_seed42_00001_.png,rand_neg,F3,83301f8591,42,F3_rand_neg_seed42_00001_.png,1024,1280,98.1989,0.2125,27.97,0.2055,#fafafa,1.9392,1.7395,41.46,0.1436,#0c0604,0.7959,76.0331,6.1369,6,0.3304,73.199,1.0913,0.8229,44.63,0.1602,#060303,27.2723,34.7473,49.0,0.0183,#683119,40.6645,47.315,45.3,0.0274,#9b472a,53.1036,74.0219,48.74,0.0156,#d8551c,69.3853,21.4725,55.53,0.1703,#caa18a,77.1244,44.3681,66.94,0.0502,#f3b173,palette_features_stage4_preset.csv
F3_rand_neg_seed777_00001_.png,rand_neg,F3,83301f8591,777,F3_rand_neg_seed777_00001_.png,1024,1280,98.4121,0.3467,21.29,0.1881,#fbfafa,2.0738,1.6434,48.57,0.1635,#0c0705,0.8118,78.7035,11.2482,5,0.4263,67.2137,1.3168,1.0051,55.91,0.1846,#070403,33.9245,16.4267,304.62,0.2417,#544c65,53.813,68.2189,46.91,0.0498,#d65a2b,59.0777,46.3532,53.01,0.1085,#cb7a4e,78.6495,33.0155,63.91,0.0454,#efb88c,80.0204,14.8084,55.19,0.0965,#dfc0b0,palette_features_stage4_preset.csv
F3_rand_neg_seed9999_00001_.png,rand_neg,F3,83301f8591,9999,F3_rand_neg_seed9999_00001_.png,1024,1280,98.3969,0.1221,51.45,0.1239,#fbfafa,1.8747,1.3329,19.74,0.175,#0b0606,0.8756,80.6942,8.7632,5,0.5979,62.8974,0.9617,0.6737,21.51,0.182,#050303,27.6322,18.1919,288.47,0.4159,#3b405c,41.1632,28.3404,29.22,0.0243,#8d504c,45.6474,46.6939,41.26,0.0257,#ac523a,55.7947,63.5711,46.76,0.0494,#d86236,81.6558,26.167,65.29,0.1347,#efc39f,palette_features_stage4_preset.csv
F3_rand_pos_seed1337_00001_.png,rand_pos,F3,83301f8591,1337,F3_rand_pos_seed1337_00001_.png,1024,1280,99.8852,0.114,78.12,0.198,#fffffe,1.5997,1.5812,33.7,0.1433,#0a0504,0.8025,88.0863,8.9489,6,0.3257,75.9078,0.7664,0.7011,26.18,0.1648,#050202,32.0955,34.2367,48.8,0.0537,#753c24,37.2651,49.2281,42.93,0.1608,#953c23,52.3444,76.6089,48.13,0.0464,#d85016,65.5886,65.6026,50.8,0.046,#f57e45,88.8527,20.8524,65.53,0.0544,#fdd8bc,palette_features_stage4_preset.csv
F3_rand_pos_seed4242145_00001_.png,rand_pos,F3,83301f8591,4242145,F3_rand_pos_seed4242145_00001_.png,1024,1280,99.8505,0.0046,91.87,0.1888,#ffffff,1.1527,0.7538,22.0,0.1975,#060404,0.8109,84.8212,10.3558,6,0.4358,79.7941,0.6316,0.3391,6.61,0.2289,#030202,36.3536,41.91,39.02,0.0396,#8d3d2d,48.1585,59.9369,41.93,0.207,#c14e30,58.7945,80.1332,44.61,0.033,#f45a2b,65.3685,73.7942,54.36,0.0671,#f87c30,85.4527,20.1644,65.89,0.0928,#f2cfb3,palette_features_stage4_preset.csv
F3_rand_pos_seed42_00001_.png,rand_pos,F3,83301f8591,42,F3_rand_pos_seed42_00001_.png,1024,1280,99.8781,0.0112,90.71,0.2211,#ffffff,1.7714,1.2662,37.58,0.1744,#0a0605,0.7796,87.0366,7.4372,6,0.4547,69.0704,1.3291,0.8352,36.63,0.2129,#070404,15.5215,15.1378,43.02,0.0282,#392019,30.4047,42.1804,45.11,0.0206,#79321a,59.0685,69.9057,47.89,0.2418,#e86733,81.3957,45.9434,70.17,0.0354,#febe7a,88.3657,26.2535,74.36,0.07,#fdd8ae,palette_features_stage4_preset.csv
F3_rand_pos_seed777_00001_.png,rand_pos,F3,83301f8591,777,F3_rand_pos_seed777_00001_.png,1024,1280,99.8495,0.0081,166.87,0.2175,#ffffff,1.5977,1.3659,32.16,0.1738,#0a0504,0.7848,91.014,4.3116,6,0.4445,69.2753,0.9199,0.655,21.62,0.2081,#050303,15.9501,16.895,43.36,0.0273,#3c2018,33.4867,36.0412,45.29,0.0426,#7c3d27,57.0771,69.9302,47.16,0.2363,#e26130,79.6149,48.2625,69.08,0.0207,#fcb871,91.9338,24.0433,89.02,0.0348,#fbe6ba,palette_features_stage4_preset.csv
F3_rand_pos_seed9999_00001_.png,rand_pos,F3,83301f8591,9999,F3_rand_pos_seed9999_00001_.png,1024,1280,99.9224,0.0846,70.66,0.1697,#ffffff,1.4464,1.0309,2.63,0.182,#080405,0.8306,83.4022,4.6951,6,0.5208,71.1083,0.6928,0.5011,359.64,0.2015,#040203,13.2949,17.4949,43.49,0.0187,#371b12,26.0617,20.0606,281.12,0.3193,#303d5b,47.2419,45.5781,43.32,0.0544,#ae573d,60.5732,71.6094,46.71,0.0766,#ef6937,84.095,30.0536,62.53,0.1945,#fcc7a0,palette_features_stage4_preset.csv
F4_blockshuf_neg_seed1337_00001_.png,blockshuf_neg,F4,d96b69d21c,1337,F4_blockshuf_neg_seed1337_00001_.png,1024,1280,99.8483,0.064,308.45,0.1236,#ffffff,2.104,0.1078,252.27,0.1572,#070808,0.8753,84.4762,21.2652,4,0.5551,35.3661,1.0475,0.1303,296.05,0.1635,#040404,59.583,21.6626,265.45,0.3916,#7492b5,63.1918,18.5446,192.47,0.0318,#6ea29f,68.8055,21.756,97.04,0.023,#b2a881,83.3932,16.1908,42.21,0.0314,#eec7bc,85.5238,35.4964,82.41,0.028,#f5d193,palette_features_stage4_preset.csv
F4_blockshuf_neg_seed4242145_00001_.png,blockshuf_neg,F4,d96b69d21c,4242145,F4_blockshuf_neg_seed4242145_00001_.png,1024,1280,99.8607,0.0891,314.94,0.2159,#ffffff,1.8574,0.284,262.96,0.1795,#060707,0.7838,83.4853,15.5005,5,0.4239,33.1311,0.9061,0.2074,289.28,0.2121,#030304,46.8487,27.2681,286.34,0.0159,#626d9b,53.9382,15.7068,197.25,0.2117,#5d8988,65.7631,12.8185,124.71,0.0166,#9aa38d,82.8546,18.2338,41.31,0.0317,#f0c5b8,84.3914,33.3386,83.52,0.0467,#efce94,palette_features_stage4_preset.csv
F4_blockshuf_neg_seed42_00001_.png,blockshuf_neg,F4,d96b69d21c,42,F4_blockshuf_neg_seed42_00001_.png,1024,1280,99.7356,0.1579,275.77,0.1261,#fefeff,2.9583,0.3385,17.98,0.1497,#0c0b0b,0.8742,85.788,7.637,6,0.3657,34.0655,1.4341,0.2094,337.57,0.1464,#060505,31.5897,24.0219,58.74,0.0203,#66422b,46.0589,20.8107,283.84,0.0451,#626c8f,54.2318,13.1306,178.54,0.2193,#688881,66.6135,17.6163,91.17,0.0177,#aea183,87.2222,34.2749,88.52,0.0378,#f3d899,palette_features_stage4_preset.csv
F4_blockshuf_neg_seed777_00001_.png,blockshuf_neg,F4,d96b69d21c,777,F4_blockshuf_neg_seed777_00001_.png,1024,1280,99.8965,0.0715,309.83,0.2073,#ffffff,1.3462,0.1885,262.58,0.1511,#050505,0.7938,87.5928,16.4027,4,0.2339,30.7234,0.9513,0.138,282.03,0.1853,#030304,46.535,18.529,298.55,0.0189,#706b89,70.5662,27.3287,248.37,0.01,#75b4da,72.1619,17.8689,101.28,0.0144,#b7b291,86.9726,16.769,47.84,0.0487,#f8d2c3,88.5441,30.8614,85.58,0.0475,#f8dba4,palette_features_stage4_preset.csv
F4_blockshuf_neg_seed9999_00001_.png,blockshuf_neg,F4,d96b69d21c,9999,F4_blockshuf_neg_seed9999_00001_.png,1024,1280,99.8398,0.0782,302.3,0.0854,#ffffff,1.5057,0.3587,300.82,0.1765,#060506,0.915,86.5922,15.9866,5,0.4098,30.704,0.8053,0.2656,326.46,0.1815,#030303,48.6326,23.4731,291.48,0.0191,#6e7098,61.4129,13.5657,199.65,0.2282,#759b9c,74.9633,28.6288,245.95,0.0079,#7bc1e8,86.9162,30.9696,82.87,0.0254,#f6d5a0,87.3975,16.1693,41.02,0.0458,#fad2c7,palette_features_stage4_preset.csv
F4_blockshuf_pos_seed1337_00001_.png,blockshuf_pos,F4,d96b69d21c,1337,F4_blockshuf_pos_seed1337_00001_.png,1024,1280,99.4884,0.3516,270.86,0.1877,#fdfefe,4.3792,1.5648,271.26,0.1133,#0e0f12,0.8116,81.1032,6.1998,6,0.2329,21.5098,3.0307,0.8894,281.68,0.1132,#0a0b0d,25.1047,13.8639,267.01,0.03,#2d3d50,37.3484,22.3993,248.73,0.0234,#295d79,43.7575,20.7021,284.28,0.0658,#5d6688,61.2658,10.7807,167.53,0.1198,#81998f,84.1339,17.1423,228.95,0.0538,#abd9ea,palette_features_stage4_preset.csv
F4_blockshuf_pos_seed4242145_00001_.png,blockshuf_pos,F4,d96b69d21c,4242145,F4_blockshuf_pos_seed4242145_00001_.png,1024,1280,99.732,0.1833,276.6,0.2234,#fefeff,5.4742,1.2917,272.71,0.1632,#111214,0.7763,74.6163,6.8999,5,0.2721,25.5317,3.1296,0.6084,313.19,0.1533,#0c0b0c,24.9617,18.7226,268.33,0.0437,#253d57,48.4324,24.4259,285.49,0.1187,#67719b,61.7511,26.14,249.23,0.0198,#619cc0,66.6871,13.7094,157.35,0.0386,#8ea998,77.746,23.0897,246.99,0.0887,#93c7e7,palette_features_stage4_preset.csv
F4_blockshuf_pos_seed42_00001_.png,blockshuf_pos,F4,d96b69d21c,42,F4_blockshuf_pos_seed42_00001_.png,1024,1280,99.6918,0.2012,282.3,0.2386,#fefefe,3.8322,0.4399,263.67,0.1213,#0d0e0e,0.7599,76.7393,9.5643,5,0.2574,23.1253,3.243,0.2275,277.15,0.1484,#0c0c0c,34.8555,15.6356,276.51,0.0238,#46526b,44.2808,23.3527,311.46,0.0211,#756186,48.3948,9.3547,192.93,0.0911,#5f7876,68.1359,16.8056,130.15,0.026,#9bab8f,79.9823,21.2363,238.14,0.1091,#99cee7,palette_features_stage4_preset.csv
F4_blockshuf_pos_seed777_00001_.png,blockshuf_pos,F4,d96b69d21c,777,F4_blockshuf_pos_seed777_00001_.png,1024,1280,99.7516,0.1233,264.91,0.2227,#fefeff,4.9182,1.6867,252.91,0.1122,#0e1113,0.7781,82.9199,5.1642,6,0.2227,25.8141,2.4885,0.2998,249.96,0.1029,#08090a,24.2078,15.1359,268.43,0.0277,#293b50,38.0559,26.1139,259.92,0.0285,#2b5e83,49.1052,22.3806,281.03,0.1015,#66749a,61.6026,11.1423,169.47,0.1198,#819a91,85.4084,16.8772,232.57,0.0751,#b0dcee,palette_features_stage4_preset.csv
F4_blockshuf_pos_seed9999_00001_.png,blockshuf_pos,F4,d96b69d21c,9999,F4_blockshuf_pos_seed9999_00001_.png,1024,1280,99.5099,0.2857,276.62,0.1395,#fdfefe,4.2614,1.2902,266.65,0.1328,#0e0f11,0.8617,76.8197,2.7509,6,0.254,22.358,2.5911,0.4592,271.66,0.1178,#09090b,21.1239,12.4822,263.98,0.0305,#243445,34.2014,9.6276,229.83,0.0218,#3e545c,47.382,20.4072,283.0,0.1362,#656f92,66.3079,12.6747,167.72,0.0417,#8ba89c,79.4108,22.8172,237.03,0.0709,#92cde8,palette_features_stage4_preset.csv
F4_preset_half_seed1337_00001_.png,preset_half,F4,d96b69d21c,1337,F4_preset_half_seed1337_00001_.png,1024,1280,99.5086,0.4336,274.16,0.1201,#fdfefe,3.1159,0.7545,268.1,0.1731,#0a0b0d,0.879,81.247,13.4405,5,0.271,23.5895,2.7356,0.5378,270.65,0.1875,#090a0b,43.3553,24.1273,249.18,0.0261,#346c8b,45.9762,15.6064,293.16,0.0459,#6b6b85,58.8578,13.3223,141.49,0.0835,#80937f,64.8991,10.8572,188.35,0.0325,#86a3a0,83.9827,17.6523,236.59,0.0671,#acd8ed,palette_features_stage4_preset.csv
F4_preset_half_seed4242145_00001_.png,preset_half,F4,d96b69d21c,4242145,F4_preset_half_seed4242145_00001_.png,1024,1280,99.7503,0.1992,276.96,0.2166,#fefeff,3.5101,0.8808,280.6,0.1529,#0c0d0e,0.784,74.4895,9.2745,5,0.252,27.2683,2.7268,0.8042,289.79,0.1688,#0a0a0c,15.0353,8.4937,274.06,0.0413,#202632,46.2734,17.5869,294.88,0.0832,#6d6b88,58.1258,12.1133,167.24,0.0609,#779287,74.3715,28.0724,254.83,0.0733,#85bde8,77.2163,23.2262,234.6,0.0447,#89c8e1,palette_features_stage4_preset.csv
F4_preset_half_seed42_00001_.png,preset_half,F4,d96b69d21c,42,F4_preset_half_seed42_00001_.png,1024,1280,99.8718,0.1346,275.73,0.2594,#ffffff,4.0412,0.6824,271.47,0.1304,#0e0e10,0.7392,79.352,13.0771,6,0.456,20.5651,2.469,0.2254,316.08,0.1482,#090909,43.4943,16.7643,307.31,0.0364,#6d627d,57.2154,16.6319,273.18,0.3078,#7b8aa6,62.4939,11.4382,175.96,0.0509,#819d95,68.3873,20.7905,248.25,0.0213,#80acc9,81.821,20.3712,238.43,0.0934,#a0d3eb,palette_features_stage4_preset.csv
F4_preset_half_seed777_00001_.png,preset_half,F4,d96b69d21c,777,F4_preset_half_seed777_00001_.png,1024,1280,99.6641,0.3687,282.63,0.2428,#fefeff,2.2991,0.8201,272.79,0.1215,#08080a,0.7592,80.1771,6.7723,5,0.2062,22.2469,2.0277,0.6596,278.57,0.1518,#070709,25.1894,12.7759,248.84,0.0385,#273f4d,41.6994,15.6666,295.31,0.0292,#62607a,61.8639,12.7915,195.61,0.0294,#799c9b,78.8338,22.9065,249.93,0.0484,#99c9eb,82.2048,20.1701,229.29,0.0544,#9ed5e8,palette_features_stage4_preset.csv
F4_preset_half_seed9999_00001_.png,preset_half,F4,d96b69d21c,9999,F4_preset_half_seed9999_00001_.png,1024,1280,98.2726,0.3964,275.01,0.1044,#fafafb,3.8529,1.1327,264.79,0.1675,#0c0e10,0.8966,79.4375,9.3468,5,0.2429,20.7734,2.4384,0.6558,277.24,0.1457,#08090a,33.4861,13.639,259.9,0.0204,#3d5164,45.3585,16.3137,287.16,0.0972,#666a85,64.0011,9.0551,174.53,0.0317,#8aa099,66.3558,21.4293,244.97,0.0132,#77a8c4,81.876,18.8648,238.98,0.0853,#a4d2e9,palette_features_stage4_preset.csv
F4_preset_neg_seed1337_00001_.png,preset_neg,F4,d96b69d21c,1337,F4_preset_neg_seed1337_00001_.png,1024,1280,98.7953,0.5429,235.45,0.222,#fafcfc,4.5588,1.7136,271.59,0.1386,#0e1013,0.7796,77.7855,12.6008,4,0.2825,24.1661,3.4999,0.5951,264.64,0.1504,#0c0d0e,38.6634,24.7613,265.88,0.0203,#385e83,53.5329,17.5928,277.29,0.0871,#73809e,58.249,13.9762,308.22,0.0926,#93889f,58.3904,10.8337,135.84,0.1321,#84907f,81.2854,14.5031,242.25,0.0236,#aecfe1,palette_features_stage4_preset.csv
F4_preset_neg_seed4242145_00001_.png,preset_neg,F4,d96b69d21c,4242145,F4_preset_neg_seed4242145_00001_.png,1024,1280,99.5311,0.1459,254.11,0.2253,#fdfefe,4.2148,1.5023,264.84,0.1495,#0d0f11,0.7749,77.2579,13.6798,5,0.2972,25.7786,3.1635,0.8515,269.67,0.1641,#0b0c0d,44.6619,18.7426,331.67,0.0209,#7e6179,54.5452,15.343,114.22,0.0733,#81856a,62.0809,13.6672,279.64,0.1331,#8e96ae,64.7448,26.6302,251.22,0.0593,#6aa4ca,80.4214,20.1802,242.81,0.073,#9fcee8,palette_features_stage4_preset.csv
F4_preset_neg_seed42_00001_.png,preset_neg,F4,d96b69d21c,42,F4_preset_neg_seed42_00001_.png,1024,1280,99.6132,0.0934,283.47,0.2283,#fefefe,5.0182,0.0736,100.54,0.1421,#111111,0.7704,77.8803,14.4256,4,0.2398,19.5361,2.8941,0.2935,66.29,0.1488,#0b0a0a,46.4774,19.8296,342.16,0.017,#896379,50.9191,14.7817,297.04,0.0886,#7a7690,63.411,13.8759,123.96,0.091,#949d85,68.382,10.1149,204.11,0.044,#90acae,80.7744,19.3334,241.46,0.0613,#a1cfe8,palette_features_stage4_preset.csv
F4_preset_neg_seed777_00001_.png,preset_neg,F4,d96b69d21c,777,F4_preset_neg_seed777_00001_.png,1024,1280,99.6768,0.1047,283.08,0.2073,#fefefe,2.6996,0.4916,229.59,0.1032,#090a0b,0.7941,83.5371,10.3675,5,0.3334,22.0169,1.7897,0.3309,234.4,0.1187,#060707,30.978,22.3478,259.7,0.0355,#234c6b,49.6154,17.1723,328.73,0.0166,#886e85,55.7584,15.7305,281.83,0.0479,#7d85a0,59.1645,13.9233,124.9,0.2147,#88927a,85.3268,11.6998,192.27,0.0439,#badcd9,palette_features_stage4_preset.csv
F4_preset_neg_seed9999_00001_.png,preset_neg,F4,d96b69d21c,9999,F4_preset_neg_seed9999_00001_.png,1024,1280,99.5581,0.0762,260.31,0.1035,#fefefe,4.4182,0.4375,72.19,0.1343,#100f0f,0.8936,82.7177,15.0161,4,0.4038,21.6309,4.0065,0.4585,73.96,0.1457,#0f0e0d,46.0985,18.4023,320.23,0.0241,#7c6681,60.2659,15.8862,106.23,0.0561,#949376,61.777,16.2305,272.69,0.2581,#8796b2,64.005,22.0895,241.38,0.0238,#6da2bd,86.7242,8.8501,233.46,0.0779,#c7dde6,palette_features_stage4_preset.csv
F4_preset_pos_seed1337_00001_.png,preset_pos,F4,d96b69d21c,1337,F4_preset_pos_seed1337_00001_.png,1024,1280,99.3686,0.4757,263.1,0.174,#fdfdfe,3.0298,0.9002,270.42,0.1525,#0a0b0d,0.8256,80.0909,7.2942,5,0.2407,23.7304,1.984,0.6584,281.85,0.1545,#070709,23.0397,10.6048,262.68,0.0273,#2b3846,47.9031,17.0742,286.98,0.0863,#6c708d,51.4405,24.3888,240.43,0.0154,#42829e,65.0754,12.6478,188.12,0.0534,#83a5a1,82.0749,19.8248,230.14,0.0457,#9fd4e8,palette_features_stage4_preset.csv
F4_preset_pos_seed4242145_00001_.png,preset_pos,F4,d96b69d21c,4242145,F4_preset_pos_seed4242145_00001_.png,1024,1280,99.7281,0.2816,295.12,0.1881,#fefeff,2.5581,0.915,255.47,0.1767,#080a0b,0.8119,77.6036,11.8584,5,0.3462,27.7673,1.5197,0.4738,257.24,0.1837,#050607,35.5491,21.7781,256.77,0.0374,#2e5875,43.6776,19.4764,288.8,0.0782,#616586,55.951,12.7174,177.85,0.1625,#6d8d85,56.0398,28.2411,241.99,0.0051,#428fb1,79.1233,19.7747,215.71,0.0349,#93ced9,palette_features_stage4_preset.csv
F4_preset_pos_seed42_00001_.png,preset_pos,F4,d96b69d21c,42,F4_preset_pos_seed42_00001_.png,1024,1280,99.7385,0.3035,295.46,0.254,#fefeff,2.8351,0.5138,250.29,0.1426,#090a0b,0.7444,77.9746,11.1999,6,0.2313,22.6387,1.3374,0.2608,284.92,0.1501,#050505,37.3616,11.3037,260.45,0.0169,#4a5a6a,43.7159,19.2684,310.17,0.022,#716180,62.6222,12.3979,185.85,0.0468,#7d9e99,68.923,22.0277,250.73,0.0232,#80aecd,79.312,22.8996,242.72,0.0812,#95ccea,palette_features_stage4_preset.csv
F4_preset_pos_seed777_00001_.png,preset_pos,F4,d96b69d21c,777,F4_preset_pos_seed777_00001_.png,1024,1280,99.7833,0.253,283.06,0.2215,#fefeff,3.7496,1.3522,269.48,0.1048,#0c0d10,0.7794,82.8664,11.8581,4,0.2835,21.8855,3.2245,1.0627,271.88,0.1251,#0b0c0e,30.9213,17.8843,263.06,0.0402,#314b64,44.4609,17.7467,284.67,0.057,#616886,48.307,22.9482,243.93,0.0228,#417995,53.1029,10.9253,173.18,0.1584,#6b847c,86.0909,15.5753,210.94,0.0424,#b2dfe6,palette_features_stage4_preset.csv
F4_preset_pos_seed9999_00001_.png,preset_pos,F4,d96b69d21c,9999,F4_preset_pos_seed9999_00001_.png,1024,1280,99.5682,0.4114,293.86,0.1275,#fefefe,2.4387,0.4997,250.04,0.1768,#08090a,0.8735,79.6258,10.1508,5,0.2431,23.6205,1.5559,0.3297,267.31,0.1738,#050606,35.0269,13.8571,281.17,0.0214,#4b5268,45.0258,8.2332,172.21,0.0683,#5c6f68,63.0865,13.3056,206.61,0.0262,#7a9fa3,66.0903,23.5407,254.12,0.0166,#78a6c9,81.1817,23.9502,241.34,0.0693,#97d2f0,palette_features_stage4_preset.csv
F4_rand_neg_seed1337_00001_.png,rand_neg,F4,d96b69d21c,1337,F4_rand_neg_seed1337_00001_.png,1024,1280,98.0619,0.2524,164.53,0.157,#f9faf9,4.4003,0.2183,212.36,0.1594,#0f0f0f,0.8463,79.0402,6.6033,6,0.2615,25.3376,2.7422,0.0597,50.2,0.1652,#0a0a0a,30.7663,22.3572,257.98,0.0563,#204c6a,47.5705,17.953,284.22,0.0863,#68708e,57.465,13.6795,184.07,0.0964,#6d918b,71.3823,25.3973,237.95,0.0146,#75b8d5,81.7824,20.8683,121.56,0.0465,#c4d0aa,palette_features_stage4_preset.csv
F4_rand_neg_seed4242145_00001_.png,rand_neg,F4,d96b69d21c,4242145,F4_rand_neg_seed4242145_00001_.png,1024,1280,98.265,0.0636,297.44,0.1744,#fafafa,4.6328,0.2355,73.77,0.1838,#10100f,0.8256,81.6777,14.6742,5,0.2772,26.3319,1.6044,0.1504,293.88,0.169,#060606,46.3424,11.0733,134.73,0.0619,#667160,60.3778,25.0941,264.22,0.1082,#6f95bd,65.2443,17.1215,206.4,0.0191,#75a7ab,77.8733,11.4617,359.24,0.0186,#d6b9c1,83.2821,26.4822,100.83,0.0301,#d9d19e,palette_features_stage4_preset.csv
F4_rand_neg_seed42_00001_.png,rand_neg,F4,d96b69d21c,42,F4_rand_neg_seed42_00001_.png,1024,1280,98.192,0.1561,359.06,0.2177,#fafafa,4.0809,0.4737,96.32,0.155,#0f0e0d,0.7807,77.3293,19.4587,4,0.2683,24.899,2.1518,0.5148,75.6,0.1742,#090807,55.6871,13.0316,164.43,0.0941,#708c7f,63.8911,18.0504,207.75,0.0312,#6fa4a9,76.06,18.0176,118.11,0.0323,#b8bf9e,76.7981,25.4138,242.26,0.0074,#87c6e6,79.4811,8.9219,281.16,0.0766,#c0c5d5,palette_features_stage4_preset.csv
F4_rand_neg_seed777_00001_.png,rand_neg,F4,d96b69d21c,777,F4_rand_neg_seed777_00001_.png,1024,1280,98.3117,0.1007,247.52,0.2272,#fafafa,3.7134,0.305,125.59,0.1426,#0d0d0d,0.7588,82.8612,5.8126,6,0.3916,24.7255,2.8149,0.2441,102.33,0.1658,#0a0a0a,26.1525,14.9121,265.13,0.0296,#2c4054,44.9301,22.7669,294.23,0.0183,#68678d,53.0196,11.8199,190.14,0.2258,#658582,74.1554,24.9695,245.79,0.0128,#84bedf,85.6762,24.3769,100.07,0.0377,#e0d7a9,palette_features_stage4_preset.csv
F4_rand_neg_seed9999_00001_.png,rand_neg,F4,d96b69d21c,9999,F4_rand_neg_seed9999_00001_.png,1024,1280,98.073,0.0952,294.58,0.0816,#f9f9fa,3.6546,0.3805,36.28,0.1532,#0e0d0d,0.9024,80.881,13.8412,5,0.4875,27.1089,3.0073,0.4779,46.19,0.1568,#0c0b0a,46.0724,21.9524,292.49,0.0259,#696a8f,57.8124,15.3447,211.86,0.0241,#679299,61.2658,23.2845,266.84,0.3306,#7796bd,74.3095,25.8719,247.23,0.0138,#83bee2,83.8884,27.5868,91.74,0.0204,#e3d09d,palette_features_stage4_preset.csv
F4_rand_pos_seed1337_00001_.png,rand_pos,F4,d96b69d21c,1337,F4_rand_pos_seed1337_00001_.png,1024,1280,99.9378,0.0508,211.69,0.1274,#ffffff,5.6789,3.0484,280.96,0.152,#111217,0.8716,83.0398,8.9289,6,0.2081,21.4567,3.4359,1.5699,285.17,0.1375,#0c0c0f,36.3726,23.0266,255.82,0.0557,#2b5a79,46.4347,16.5987,308.22,0.0516,#756984,59.6515,11.8027,123.86,0.0583,#8b937e,67.7148,10.4,177.69,0.0614,#90aba4,86.4757,18.2639,230.8,0.0706,#afe0f3,palette_features_stage4_preset.csv
F4_rand_pos_seed4242145_00001_.png,rand_pos,F4,d96b69d21c,4242145,F4_rand_pos_seed4242145_00001_.png,1024,1280,99.9302,0.0419,223.53,0.256,#ffffff,3.9141,1.6064,281.18,0.1206,#0d0e11,0.7445,74.2454,13.8601,4,0.2495,32.2072,2.0106,0.6461,291.67,0.1376,#070709,43.6421,28.1073,324.72,0.0134,#805a82,56.5937,17.3388,293.78,0.1119,#8685a3,60.6014,32.8532,257.05,0.0242,#5399ca,65.0029,12.1365,222.02,0.0485,#83a3ac,76.256,30.2014,252.26,0.0903,#82c4f1,palette_features_stage4_preset.csv
F4_rand_pos_seed42_00001_.png,rand_pos,F4,d96b69d21c,42,F4_rand_pos_seed42_00001_.png,1024,1280,99.9604,0.0313,221.33,0.2535,#ffffff,2.1477,0.4299,270.2,0.1438,#070809,0.7449,80.2279,14.2612,4,0.2967,25.9461,1.197,0.2504,283.97,0.1769,#040405,42.9548,18.1155,317.3,0.0266,#725f7a,47.427,12.1563,107.98,0.0553,#72725d,65.2764,19.894,265.17,0.1078,#86a1c2,66.5861,11.3268,182.69,0.0625,#8aa8a3,81.4248,26.1965,246.03,0.1198,#95d2f6,palette_features_stage4_preset.csv
F4_rand_pos_seed777_00001_.png,rand_pos,F4,d96b69d21c,777,F4_rand_pos_seed777_00001_.png,1024,1280,99.9503,0.0174,225.05,0.2323,#ffffff,2.2606,0.7443,272.44,0.1174,#07080a,0.7694,79.8331,12.5701,5,0.2581,25.689,2.0553,0.8598,275.18,0.1511,#07080a,39.1118,18.7491,328.38,0.019,#6f546c,46.0591,16.9647,280.58,0.0834,#636d89,56.6202,13.3524,217.58,0.0194,#6a8e96,58.9472,12.9824,128.88,0.0657,#86927c,81.8884,26.5489,243.57,0.1071,#93d4f7,palette_features_stage4_preset.csv
F4_rand_pos_seed9999_00001_.png,rand_pos,F4,d96b69d21c,9999,F4_rand_pos_seed9999_00001_.png,1024,1280,99.9022,0.0788,220.85,0.1233,#ffffff,4.9847,2.4594,289.16,0.1391,#101115,0.8773,78.9681,7.1105,6,0.2155,21.6375,3.5591,1.5582,298.23,0.1346,#0d0c0f,15.0781,12.8353,272.84,0.046,#1b2638,34.6518,23.1956,256.87,0.0255,#275675,44.1081,19.0929,314.53,0.028,#74627f,54.4652,12.496,107.31,0.0809,#84846e,82.5272,22.2455,236.88,0.0806,#9cd6f0,palette_features_stage4_preset.csv
G1_baseline_seed101_00001_.png,baseline,G1,30de058455,101,G1_baseline_seed101_00001_.png,1024,1280,99.7041,0.245,275.29,0.151,#fefeff,1.048,0.3577,269.62,0.2786,#030405,0.8494,78.4643,11.2425,5,0.5183,34.2974,0.6751,0.3103,315.25,0.3041,#030203,34.6495,10.7836,223.68,0.0419,#3b565d,40.1415,17.8464,209.62,0.0484,#32666c,59.4887,34.6077,189.38,0.0153,#21a098,61.8479,12.1117,185.9,0.2143,#7c9c97,79.1394,21.7425,194.19,0.0442,#8fd0cd,palette_features_stage5.csv
G1_baseline_seed102_00001_.png,baseline,G1,30de058455,102,G1_baseline_seed102_00001_.png,1024,1280,99.6966,0.2895,279.33,0.1498,#fefeff,1.2653,0.3042,284.85,0.2666,#040505,0.8507,83.1823,8.3363,5,0.4224,29.5142,1.1393,0.2932,298.57,0.3081,#040405,27.9481,13.1419,220.46,0.0663,#25474f,52.6906,10.8294,343.73,0.007,#8e7883,67.5489,9.9044,154.67,0.1143,#97a99d,71.5194,29.8074,204.72,0.01,#5abec5,84.3216,15.9328,189.1,0.0437,#aedbd7,palette_features_stage5.csv
G1_baseline_seed103_00001_.png,baseline,G1,30de058455,103,G1_baseline_seed103_00001_.png,1024,1280,97.396,1.684,208.63,0.09,#f4f8f9,1.8815,0.3831,236.45,0.2863,#060708,0.9201,83.5651,7.5698,5,0.4091,25.0716,1.8497,0.3631,237.51,0.3075,#060707,27.0272,10.9206,228.94,0.0731,#2a444c,47.9475,8.463,343.28,0.0088,#7e6d76,62.7123,25.4348,191.26,0.0223,#57a4a0,65.8213,9.0639,173.16,0.1015,#8fa59e,85.4148,17.3133,202.61,0.0344,#abdfe1,palette_features_stage5.csv
G1_baseline_seed104_00001_.png,baseline,G1,30de058455,104,G1_baseline_seed104_00001_.png,1024,1280,99.8803,0.1094,279.57,0.1256,#ffffff,1.5454,0.3323,257.62,0.2841,#050606,0.8746,80.2455,17.1022,4,0.4817,32.8239,0.8557,0.3469,329.52,0.302,#040304,50.1422,11.2379,353.8,0.0093,#89717a,58.4744,27.0448,188.97,0.0282,#479a93,63.3508,12.323,162.51,0.1797,#859f92,66.2929,33.1708,201.85,0.0148,#38b1b6,81.1012,19.5801,197.31,0.0489,#99d4d4,palette_features_stage5.csv
G1_baseline_seed105_00001_.png,baseline,G1,30de058455,105,G1_baseline_seed105_00001_.png,1024,1280,99.1258,0.3837,277.73,0.1223,#fcfcfd,1.7252,0.4462,247.36,0.2609,#050607,0.8778,81.8876,9.7266,5,0.4106,20.2413,1.4659,0.34,262.44,0.2851,#050506,29.7345,8.976,250.21,0.0866,#394853,49.4046,20.5813,197.19,0.0466,#427f7f,49.5575,9.0452,1.01,0.0086,#857176,61.1163,10.4463,159.18,0.1255,#84988d,83.3535,17.5747,199.49,0.0384,#a5d9da,palette_features_stage5.csv
G1_baseline_seed106_00001_.png,baseline,G1,30de058455,106,G1_baseline_seed106_00001_.png,1024,1280,99.8313,0.1351,275.73,0.1764,#feffff,0.6839,0.2226,204.6,0.2512,#020303,0.8233,80.3438,10.0056,6,0.5432,30.5217,0.4354,0.0933,204.37,0.2935,#010202,36.0352,11.598,212.11,0.0577,#3c5a5e,48.1638,8.0283,328.37,0.0063,#7b6f7a,56.2457,8.575,164.01,0.2498,#798b82,66.1807,30.615,200.12,0.0429,#47b0b3,80.7792,23.2295,193.58,0.0921,#8fd5d2,palette_features_stage5.csv
G1_baseline_seed107_00001_.png,baseline,G1,30de058455,107,G1_baseline_seed107_00001_.png,1024,1280,98.7625,0.4144,258.2,0.1441,#fbfcfc,2.3596,0.6038,226.29,0.2574,#07090a,0.8556,84.0688,10.1145,6,0.3812,23.7802,1.7796,0.3309,237.9,0.2682,#060707,21.3564,8.6357,203.68,0.0462,#223738,56.6509,7.6732,174.75,0.113,#7a8c86,65.4242,24.1112,203.82,0.0438,#5fabaf,73.3416,16.4427,186.15,0.0578,#8fbdb7,85.8484,13.9395,200.19,0.0309,#b6dedf,palette_features_stage5.csv
G1_baseline_seed108_00001_.png,baseline,G1,30de058455,108,G1_baseline_seed108_00001_.png,1024,1280,98.4481,0.2345,236.63,0.1206,#fafbfb,2.3249,0.4434,216.18,0.2535,#070909,0.8789,79.417,6.9958,6,0.5134,23.1964,2.0944,0.3122,221.69,0.2752,#070808,30.6022,11.1457,232.48,0.0686,#324c56,45.324,10.0033,328.07,0.0074,#766774,55.5754,9.5156,179.97,0.2382,#738a85,64.3443,23.5086,198.43,0.0351,#60a8a8,81.5114,18.1482,200.18,0.0446,#9ed4d6,palette_features_stage5.csv
G1_baseline_seed109_00001_.png,baseline,G1,30de058455,109,G1_baseline_seed109_00001_.png,1024,1280,98.1871,0.5884,233.18,0.1848,#f9fafb,2.2272,0.3905,221.97,0.2557,#070809,0.8186,81.9032,8.8323,6,0.4183,21.9828,1.8452,0.1788,236.54,0.2887,#060707,31.719,10.6158,217.97,0.0714,#344f55,44.8522,7.8462,325.8,0.0111,#726772,54.6511,22.1616,191.91,0.0453,#4d8e8a,60.6148,9.8479,161.37,0.1296,#83978c,83.7484,16.9381,201.21,0.0544,#a8dadc,palette_features_stage5.csv
G1_baseline_seed110_00001_.png,baseline,G1,30de058455,110,G1_baseline_seed110_00001_.png,1024,1280,99.6956,0.3046,283.04,0.2091,#fefeff,0.6582,0.1878,243.42,0.2528,#020203,0.791,80.2293,15.6729,5,0.5705,24.3923,0.5564,0.142,260.18,0.314,#020202,46.8343,11.8105,215.75,0.0367,#55747a,48.6487,24.5343,204.69,0.0141,#2d7f84,55.4935,10.195,180.93,0.2566,#718a85,69.5384,15.6657,190.87,0.0122,#86b2af,80.7857,23.149,193.87,0.0864,#8fd5d2,palette_features_stage5.csv
G1_baseline_seed1337_00001_.png,baseline,G1,30de058455,1337,G1_baseline_seed1337_00001_.png,1024,1280,98.9531,0.3858,275.06,0.1545,#fcfcfd,2.0437,0.4519,236.75,0.2507,#060808,0.8432,85.247,11.0332,5,0.3685,23.1446,1.731,0.2612,245.34,0.2813,#060607,10.4938,5.1113,222.3,0.0439,#141e21,30.4846,12.3713,238.82,0.0718,#314b58,63.9911,12.4242,183.2,0.0873,#81a29c,65.5154,23.4058,197.81,0.0249,#63abab,86.978,13.3469,204.27,0.0358,#bae1e4,palette_features_stage5.csv
G1_baseline_seed4242145_00001_.png,baseline,G1,30de058455,4242145,G1_baseline_seed4242145_00001_.png,1024,1280,99.8791,0.1498,296.74,0.1587,#ffffff,1.4582,0.0509,130.43,0.2779,#050505,0.8418,82.8512,8.0536,6,0.4196,29.9453,0.6855,0.4008,24.69,0.3001,#040202,22.9736,9.3792,200.84,0.0295,#243b3c,52.4764,11.7946,1.94,0.0087,#92767d,63.2704,30.3461,193.24,0.0261,#44a8a5,71.3887,14.3419,168.31,0.1195,#95b6a9,83.5367,18.1813,207.35,0.0335,#a3dadf,palette_features_stage5.csv
G1_baseline_seed42_00001_.png,baseline,G1,30de058455,42,G1_baseline_seed42_00001_.png,1024,1280,99.6768,0.2745,290.84,0.1519,#fefeff,1.5139,0.3804,115.53,0.2814,#050605,0.8476,80.1573,7.2605,6,0.5104,34.4075,1.0423,0.3416,91.9,0.2997,#040403,30.6964,12.2151,212.48,0.0713,#2d4d52,48.0709,8.5105,5.37,0.009,#816d71,58.3052,8.005,152.62,0.2108,#829086,70.2806,34.7491,190.05,0.0156,#48bdb6,81.1997,22.5813,186.25,0.0994,#94d6cd,palette_features_stage5.csv
G1_baseline_seed777_00001_.png,baseline,G1,30de058455,777,G1_baseline_seed777_00001_.png,1024,1280,99.8953,0.0886,272.4,0.1204,#ffffff,1.61,0.3605,175.44,0.3116,#050606,0.8797,85.356,9.3128,6,0.411,28.1372,1.0293,0.2847,109.53,0.3246,#040403,21.0946,10.0141,211.35,0.0268,#1e373a,54.2155,7.8032,1.64,0.0073,#8f7d81,62.8363,28.4219,200.54,0.0197,#47a6a9,70.1629,13.5216,178.24,0.0864,#90b3aa,86.3853,15.8864,198.65,0.0309,#b2e1e1,palette_features_stage5.csv
G1_baseline_seed9999_00001_.png,baseline,G1,30de058455,9999,G1_baseline_seed9999_00001_.png,1024,1280,97.1453,2.144,212.9,0.0942,#f2f8f9,1.9624,0.7291,257.05,0.2538,#060709,0.9126,85.4046,13.3919,6,0.3402,25.554,2.0129,0.7513,255.52,0.2792,#060809,45.2247,19.3354,205.47,0.0611,#3a7478,50.4964,10.3816,358.79,0.0106,#8a7279,62.2569,26.289,187.01,0.0206,#56a49b,73.1605,26.3053,207.29,0.0162,#6cc1c9,87.4175,12.3634,198.01,0.0106,#bee2e2,palette_features_stage5.csv
G1_blockshuf_neg_seed1337_00001_.png,blockshuf_neg,G1,30de058455,1337,G1_blockshuf_neg_seed1337_00001_.png,1024,1280,99.7876,0.1706,292.44,0.1479,#fefeff,1.2751,0.1902,262.21,0.3133,#040505,0.8514,85.5159,7.4738,6,0.4032,23.5381,1.2536,0.1831,264.73,0.3667,#040505,15.9974,6.1269,215.3,0.0276,#1c2a2d,47.7645,7.2287,312.36,0.0126,#766f7a,63.0858,23.7212,201.78,0.0364,#5ba4a8,75.2057,17.4132,206.35,0.0149,#8fc2c7,86.7695,10.9119,203.02,0.0365,#c0dfe1,palette_features_stage5.csv
G1_blockshuf_neg_seed4242145_00001_.png,blockshuf_neg,G1,30de058455,4242145,G1_blockshuf_neg_seed4242145_00001_.png,1024,1280,99.8906,0.1243,301.5,0.1475,#ffffff,0.9502,0.3525,288.32,0.3133,#030304,0.8524,83.8434,16.4935,4,0.4338,31.5257,0.7449,0.3457,312.45,0.3543,#030303,47.695,6.5687,324.85,0.0122,#786e78,58.827,29.5882,195.16,0.0201,#389c9a,60.9331,10.8351,197.45,0.0795,#7b9998,63.9954,31.8713,218.02,0.0105,#35a9bd,84.5883,18.7186,209.36,0.0482,#a5dde4,palette_features_stage5.csv
G1_blockshuf_neg_seed42_00001_.png,blockshuf_neg,G1,30de058455,42,G1_blockshuf_neg_seed42_00001_.png,1024,1280,99.8619,0.1143,293.23,0.138,#ffffff,1.1606,0.3938,237.09,0.279,#030405,0.8614,85.4595,15.0246,4,0.3639,25.3162,0.6552,0.1778,259.76,0.2956,#020203,39.1618,18.1975,224.95,0.037,#306371,49.1132,9.501,205.38,0.0436,#60797b,50.2964,7.1918,318.49,0.0142,#7d7580,54.702,25.494,204.02,0.0418,#3b8f94,86.1147,19.0396,201.67,0.0684,#a8e2e4,palette_features_stage5.csv
G1_blockshuf_neg_seed777_00001_.png,blockshuf_neg,G1,30de058455,777,G1_blockshuf_neg_seed777_00001_.png,1024,1280,99.8588,0.1268,292.48,0.1261,#ffffff,0.6844,0.2096,256.76,0.2904,#020303,0.874,89.9178,7.5783,6,0.4647,27.7087,0.4762,0.1548,277.25,0.3201,#020202,24.3408,7.961,212.3,0.0233,#2a3d40,34.4939,18.1361,221.43,0.0599,#235864,54.8709,27.8635,203.99,0.0262,#2f9096,63.0038,9.5798,183.0,0.1446,#859e99,90.3941,20.0373,199.59,0.0386,#b1eff0,palette_features_stage5.csv
G1_blockshuf_neg_seed9999_00001_.png,blockshuf_neg,G1,30de058455,9999,G1_blockshuf_neg_seed9999_00001_.png,1024,1280,99.8499,0.1412,297.03,0.0558,#ffffff,1.4309,0.3339,253.19,0.3454,#050506,0.9442,84.4557,9.2694,6,0.474,28.5954,1.2176,0.2237,272.82,0.3512,#040405,35.064,16.7745,222.36,0.0637,#2a5964,46.2882,8.4921,313.82,0.0122,#736b78,63.8349,9.0946,185.36,0.1228,#88a09c,70.3805,28.8192,205.27,0.0186,#5bbac2,85.6732,17.2841,199.14,0.0548,#ace0e0,palette_features_stage5.csv
G1_blockshuf_pos_seed1337_00001_.png,blockshuf_pos,G1,30de058455,1337,G1_blockshuf_pos_seed1337_00001_.png,1024,1280,99.0023,0.3551,281.58,0.1684,#fcfcfd,2.2338,0.4135,222.16,0.286,#070809,0.8315,84.3895,4.7945,6,0.377,19.3881,1.8591,0.1716,231.83,0.3168,#060707,15.6431,6.7601,207.04,0.0372,#1a2a2b,25.7634,10.1372,221.53,0.0602,#284147,41.7942,15.6772,201.15,0.0391,#3e6a6b,64.9575,19.5597,182.36,0.0435,#73a89e,86.2486,14.286,185.79,0.023,#b8e0da,palette_features_stage5.csv
G1_blockshuf_pos_seed4242145_00001_.png,blockshuf_pos,G1,30de058455,4242145,G1_blockshuf_pos_seed4242145_00001_.png,1024,1280,98.8251,0.3097,294.09,0.1277,#fcfcfc,1.8228,0.2628,216.05,0.2601,#060707,0.8716,86.3759,9.0608,5,0.4982,27.457,1.3881,0.0119,341.65,0.2626,#050505,21.1591,10.435,231.31,0.0667,#1e363f,52.9408,17.9215,201.65,0.1344,#538789,65.0753,27.469,187.91,0.0177,#59aca4,69.4537,16.358,182.39,0.2356,#86b2aa,87.764,10.2639,196.21,0.0166,#c4e2e1,palette_features_stage5.csv
G1_blockshuf_pos_seed42_00001_.png,blockshuf_pos,G1,30de058455,42,G1_blockshuf_pos_seed42_00001_.png,1024,1280,98.2784,0.1756,277.54,0.1337,#fafafa,1.9239,0.287,119.93,0.2716,#070706,0.8656,78.7008,8.3911,6,0.4066,20.2903,1.7782,0.3004,102.2,0.3003,#070706,24.9741,9.0474,208.97,0.0391,#293f42,38.6892,13.2576,204.7,0.0273,#3d6164,46.6141,17.4269,200.34,0.1062,#457778,52.8591,20.5907,191.41,0.0329,#4d8885,80.4791,18.4949,187.96,0.0699,#9dd2cc,palette_features_stage5.csv
G1_blockshuf_pos_seed777_00001_.png,blockshuf_pos,G1,30de058455,777,G1_blockshuf_pos_seed777_00001_.png,1024,1280,99.5517,0.2942,283.17,0.1535,#fefefe,0.9952,0.2296,252.71,0.2961,#030404,0.8466,82.5613,4.6127,6,0.4101,27.4111,0.7759,0.1692,274.89,0.3292,#030303,22.725,8.9799,219.27,0.0557,#243a3e,42.0103,15.0612,202.49,0.0368,#406a6c,51.456,20.4344,195.88,0.0809,#498484,64.3516,27.5803,184.73,0.0072,#58aa9f,83.3372,14.3615,185.32,0.0328,#b0d8d2,palette_features_stage5.csv
G1_blockshuf_pos_seed9999_00001_.png,blockshuf_pos,G1,30de058455,9999,G1_blockshuf_pos_seed9999_00001_.png,1024,1280,98.3315,0.279,301.79,0.088,#fafafb,1.8868,0.3688,238.82,0.2871,#060708,0.9118,82.4171,3.5484,6,0.3786,24.0813,1.3834,0.1495,272.93,0.2769,#050505,13.6935,4.8751,215.05,0.0336,#1a2527,34.8376,11.1088,217.62,0.033,#3a565c,47.8043,17.9778,202.97,0.1017,#467a7d,67.6545,24.2307,189.78,0.0152,#69b1ab,83.8005,17.9616,186.09,0.0402,#a8dbd4,palette_features_stage5.csv
G1_preset_half_seed1337_00001_.png,preset_half,G1,30de058455,1337,G1_preset_half_seed1337_00001_.png,1024,1280,98.9704,0.5545,274.69,0.1619,#fcfcfd,1.5221,0.3965,235.13,0.266,#050606,0.8381,83.3496,8.8835,6,0.3926,22.4262,1.2179,0.2536,249.41,0.3005,#040505,29.4736,10.6353,226.33,0.0518,#304951,54.8318,22.6798,195.79,0.0324,#4a8e8d,63.2591,12.5153,169.73,0.0921,#829f95,69.1938,19.769,181.28,0.0223,#7eb3a9,84.5674,16.9846,200.18,0.0258,#aadcdd,palette_features_stage5.csv
G1_preset_half_seed4242145_00001_.png,preset_half,G1,30de058455,4242145,G1_preset_half_seed4242145_00001_.png,1024,1280,99.8609,0.1377,268.46,0.1445,#feffff,0.8667,0.256,229.94,0.2682,#030304,0.856,82.697,10.1649,5,0.3288,31.2573,0.5016,0.123,306.66,0.2941,#020202,17.1467,9.7946,201.8,0.0263,#162e2f,49.8497,5.4972,307.83,0.0141,#79757e,69.8803,15.6926,189.46,0.0192,#87b3af,71.6445,31.3803,201.97,0.0158,#54bfc4,83.1986,19.7803,201.49,0.0346,#9edadc,palette_features_stage5.csv
G1_preset_half_seed42_00001_.png,preset_half,G1,30de058455,42,G1_preset_half_seed42_00001_.png,1024,1280,99.4888,0.3578,277.12,0.1397,#fdfefe,1.2178,0.205,230.85,0.2829,#040505,0.8603,77.1486,10.5683,5,0.5532,25.8928,0.9799,0.1156,250.09,0.316,#030404,31.2956,15.0452,213.3,0.0779,#265056,48.6578,8.6249,6.8,0.0069,#836f72,49.1301,26.0084,193.74,0.0434,#2d817e,56.2924,9.3885,169.73,0.2372,#778c84,78.1285,20.7452,182.6,0.0866,#93ccc2,palette_features_stage5.csv
G1_preset_half_seed777_00001_.png,preset_half,G1,30de058455,777,G1_preset_half_seed777_00001_.png,1024,1280,99.9041,0.0916,281.41,0.1262,#ffffff,1.109,0.2935,182.42,0.295,#030404,0.874,86.5707,8.6945,6,0.5564,29.2915,0.7458,0.1465,138.34,0.3136,#030302,19.7495,10.1111,205.24,0.0291,#1a3436,51.9071,23.0736,198.86,0.0283,#3f8788,63.9064,29.438,197.98,0.0238,#47a9aa,69.9714,13.9737,179.62,0.2427,#8eb2aa,87.3165,16.0768,201.54,0.0277,#b4e4e5,palette_features_stage5.csv
G1_preset_half_seed9999_00001_.png,preset_half,G1,30de058455,9999,G1_preset_half_seed9999_00001_.png,1024,1280,97.6847,1.6274,216.37,0.0819,#f5f9fa,1.8487,0.662,242.14,0.273,#050708,0.922,85.1471,11.7352,5,0.3666,26.4691,1.4362,0.4486,257.07,0.2704,#040506,30.9267,8.0794,237.75,0.0613,#3b4b53,63.1628,26.9176,191.05,0.0134,#53a6a1,66.8937,12.1243,181.41,0.0962,#8aa9a3,73.4243,16.3515,182.63,0.0904,#91bdb5,86.5833,13.7145,199.37,0.0112,#b8e0e1,palette_features_stage5.csv
G1_preset_neg_seed1337_00001_.png,preset_neg,G1,30de058455,1337,G1_preset_neg_seed1337_00001_.png,1024,1280,98.434,1.1586,213.52,0.1766,#f8fbfc,2.2723,0.3582,228.13,0.2649,#070909,0.8228,82.1486,5.7834,6,0.3537,22.1665,1.7522,0.0952,262.78,0.2893,#060607,26.9777,9.9525,213.11,0.0351,#2b4448,34.1602,13.9952,228.68,0.0644,#325561,49.0548,9.9339,306.9,0.0128,#797282,66.3549,22.2616,204.39,0.0241,#68acb1,83.9008,17.9813,204.04,0.0254,#a5dbde,palette_features_stage5.csv
G1_preset_neg_seed4242145_00001_.png,preset_neg,G1,30de058455,4242145,G1_preset_neg_seed4242145_00001_.png,1024,1280,99.6191,0.1496,277.19,0.1499,#fefefe,1.9069,0.3246,203.65,0.2912,#060707,0.8496,88.3328,6.7337,6,0.4625,20.2954,1.5773,0.1226,198.89,0.3202,#050606,31.1855,12.1407,230.01,0.0788,#314e58,44.7059,7.6156,347.51,0.0123,#75666d,61.4264,9.0082,131.13,0.1423,#8f9788,80.2818,20.418,193.32,0.0354,#96d2cf,89.9101,11.3557,201.82,0.0283,#c7e9ea,palette_features_stage5.csv
G1_preset_neg_seed42_00001_.png,preset_neg,G1,30de058455,42,G1_preset_neg_seed42_00001_.png,1024,1280,99.4344,0.13,297.42,0.1296,#fdfdfe,1.9137,0.0981,242.7,0.3142,#070707,0.8702,83.5885,10.0502,5,0.4813,22.1108,1.6594,0.0383,356.92,0.3466,#060606,25.8404,7.9571,214.35,0.0273,#2d4044,35.9303,17.1048,245.47,0.0654,#34596d,57.5491,22.1491,192.46,0.0188,#549592,57.8905,10.5755,169.56,0.1347,#789087,85.2479,17.7192,195.5,0.0706,#aadfdd,palette_features_stage5.csv
G1_preset_neg_seed777_00001_.png,preset_neg,G1,30de058455,777,G1_preset_neg_seed777_00001_.png,1024,1280,99.6018,0.1551,262.03,0.1305,#fefefe,1.4755,0.2474,231.51,0.2711,#050606,0.8662,84.2156,8.1511,5,0.4048,19.4485,1.3864,0.2029,234.44,0.31,#050505,27.6861,13.3899,239.19,0.0627,#274553,43.7573,19.6514,206.91,0.0504,#357076,45.7092,9.7523,15.28,0.009,#7e6768,66.4206,11.0681,136.02,0.0947,#98a594,85.6021,14.5542,192.17,0.0572,#b4dedb,palette_features_stage5.csv
G1_preset_neg_seed9999_00001_.png,preset_neg,G1,30de058455,9999,G1_preset_neg_seed9999_00001_.png,1024,1280,97.8208,2.1549,204.7,0.0961,#f4fafa,2.1305,0.4331,246.29,0.2966,#070809,0.9108,83.9617,5.3682,6,0.3897,27.6085,1.8352,0.2454,262.86,0.3073,#060707,24.1587,10.2024,221.43,0.0376,#243d43,36.0166,16.1484,239.04,0.0824,#345a6a,47.656,12.5105,345.54,0.0108,#836a77,71.8359,27.8538,203.49,0.0172,#63bec3,85.7969,15.5442,201.86,0.0205,#b1dfe1,palette_features_stage5.csv
G1_preset_pos_seed1337_00001_.png,preset_pos,G1,30de058455,1337,G1_preset_pos_seed1337_00001_.png,1024,1280,98.604,0.4074,278.61,0.1556,#fbfbfc,1.6734,0.4262,211.2,0.298,#050607,0.8447,83.6864,7.7266,6,0.375,24.1724,1.2269,0.1606,219.73,0.3203,#040505,16.2119,6.8563,203.11,0.0357,#1b2b2c,27.0654,10.1217,205.35,0.0476,#2b4446,34.1811,14.3941,207.38,0.0547,#2f575a,56.4391,24.333,195.03,0.0315,#489392,84.9133,14.3836,192.38,0.0252,#b3dcd9,palette_features_stage5.csv
G1_preset_pos_seed4242145_00001_.png,preset_pos,G1,30de058455,4242145,G1_preset_pos_seed4242145_00001_.png,1024,1280,98.5741,0.3643,266.29,0.126,#fafbfc,1.5023,0.4571,212.17,0.3166,#040606,0.8746,78.217,6.3362,5,0.4132,25.427,0.8363,0.078,184.6,0.3132,#030303,24.6008,9.789,216.26,0.0577,#263e43,39.9076,16.5925,206.27,0.0442,#366569,57.9399,12.1572,188.11,0.1,#71928e,62.283,25.505,190.53,0.0289,#56a39e,79.0533,18.3799,187.6,0.0339,#99cec8,palette_features_stage5.csv
G1_preset_pos_seed42_00001_.png,preset_pos,G1,30de058455,42,G1_preset_pos_seed42_00001_.png,1024,1280,99.338,0.4158,266.35,0.1319,#fdfdfe,1.1059,0.161,175.5,0.3068,#040404,0.8685,78.7378,4.7544,6,0.3962,29.09,0.6884,0.0528,85.89,0.3137,#030302,16.1235,6.3776,200.03,0.0296,#1c2b2b,26.0441,12.0438,204.98,0.0825,#234345,50.3766,29.1428,192.62,0.0194,#1f8582,65.9686,11.0951,182.39,0.0216,#89a6a1,79.4262,21.9066,186.57,0.0417,#91d1c9,palette_features_stage5.csv
G1_preset_pos_seed777_00001_.png,preset_pos,G1,30de058455,777,G1_preset_pos_seed777_00001_.png,1024,1280,99.6793,0.3372,289.98,0.1163,#fefeff,1.3216,0.4218,227.17,0.3207,#040506,0.8844,80.6896,8.7054,6,0.3931,24.3825,0.8703,0.2318,254.06,0.329,#030304,7.1528,3.4419,202.87,0.0482,#0f1718,33.8861,17.0258,201.84,0.0642,#265759,45.5159,9.0896,196.38,0.022,#597070,55.1088,24.6143,191.45,0.0304,#45908c,81.5599,16.1518,182.06,0.0352,#a7d4cb,palette_features_stage5.csv
G1_preset_pos_seed9999_00001_.png,preset_pos,G1,30de058455,9999,G1_preset_pos_seed9999_00001_.png,1024,1280,98.6691,0.4482,267.49,0.1154,#fbfbfc,1.6503,0.4096,213.79,0.3116,#050607,0.8873,84.9684,10.4104,6,0.5088,25.4596,0.6315,0.0668,292.62,0.2973,#020202,36.2666,16.5563,208.46,0.0719,#2d5c61,54.8783,12.9378,186.71,0.2115,#688a86,64.5976,21.1152,189.49,0.0349,#6ba7a2,80.3207,25.5264,186.78,0.0413,#89d5cc,85.5999,7.189,188.05,0.004,#c6dad8,palette_features_stage5.csv
G1_rand_neg_seed1337_00001_.png,rand_neg,G1,30de058455,1337,G1_rand_neg_seed1337_00001_.png,1024,1280,97.8717,0.2274,266.34,0.1286,#f9f9f9,1.9345,0.3471,185.36,0.2351,#060707,0.8707,86.048,9.8038,5,0.3782,24.6511,1.5512,0.154,164.83,0.2498,#050606,27.2155,12.6161,207.8,0.0967,#244549,50.4763,9.3758,358.41,0.0069,#887379,52.5087,24.8051,196.74,0.0447,#3b8989,61.6307,16.8301,181.41,0.1284,#719d95,87.5992,12.5515,125.52,0.0322,#d6dfc8,palette_features_stage5.csv
G1_rand_neg_seed4242145_00001_.png,rand_neg,G1,30de058455,4242145,G1_rand_neg_seed4242145_00001_.png,1024,1280,97.586,0.2612,213.53,0.1681,#f7f8f8,1.6619,0.4103,180.8,0.2589,#050606,0.8326,75.6654,8.1175,5,0.4139,22.5692,1.3328,0.2217,157.57,0.2936,#040505,20.9578,10.1496,201.25,0.0401,#1d3738,46.8144,22.7909,207.95,0.0604,#307980,49.211,5.4239,343.16,0.0078,#7d7278,59.296,15.4053,183.59,0.1203,#6e9790,76.9981,18.2357,205.23,0.0263,#91c8cc,palette_features_stage5.csv
G1_rand_neg_seed42_00001_.png,rand_neg,G1,30de058455,42,G1_rand_neg_seed42_00001_.png,1024,1280,97.4018,0.1522,289.91,0.1393,#f7f7f8,2.6849,0.5693,184.08,0.2425,#080a0a,0.8602,79.1841,6.4742,5,0.328,22.1729,2.3773,0.3978,175.0,0.2664,#080909,21.995,8.8795,197.31,0.0408,#233838,42.8235,16.8321,205.15,0.0507,#3d6d70,62.0187,11.0071,129.78,0.0419,#8f9987,65.2515,22.5707,189.74,0.0385,#68aaa4,81.5614,14.5781,176.93,0.0615,#add3c9,palette_features_stage5.csv
G1_rand_neg_seed777_00001_.png,rand_neg,G1,30de058455,777,G1_rand_neg_seed777_00001_.png,1024,1280,97.896,0.7568,342.68,0.1226,#faf8f9,1.666,0.5665,130.66,0.2661,#060605,0.8726,83.9468,9.0612,6,0.361,26.1401,1.3757,0.5446,111.97,0.2879,#050504,28.9766,15.1476,215.54,0.0674,#204a51,48.8753,8.8245,357.9,0.0062,#836f75,55.125,26.6847,198.36,0.0327,#399192,61.0812,18.1748,186.05,0.0731,#6b9d96,85.3226,10.4575,190.47,0.0476,#bedbd8,palette_features_stage5.csv
G1_rand_neg_seed9999_00001_.png,rand_neg,G1,30de058455,9999,G1_rand_neg_seed9999_00001_.png,1024,1280,97.7993,0.1452,257.71,0.0674,#f8f9f9,2.6922,0.8356,195.18,0.2822,#070a0a,0.9324,75.0241,15.9799,4,0.3349,24.0203,1.9687,0.441,195.57,0.2765,#060807,46.072,7.2224,349.34,0.0143,#786970,46.3186,11.0303,201.28,0.0584,#567374,64.6058,24.4613,194.43,0.0278,#5fa9a7,75.6059,17.5587,183.32,0.0335,#94c4bc,76.9928,16.0489,156.49,0.0454,#a6c6b2,palette_features_stage5.csv
G1_rand_pos_seed1337_00001_.png,rand_pos,G1,30de058455,1337,G1_rand_pos_seed1337_00001_.png,1024,1280,99.9375,0.0126,207.34,0.1621,#ffffff,2.0245,0.4107,227.21,0.307,#060808,0.8384,84.3999,9.3951,6,0.4104,26.7242,0.7402,0.1638,312.79,0.3074,#030303,30.8151,13.622,210.65,0.103,#294e53,43.3993,21.099,200.82,0.0259,#2f7072,69.4573,26.888,184.29,0.0301,#69b7ac,76.5382,13.6349,171.74,0.0809,#a3c4b9,85.1401,21.2599,180.34,0.0349,#a5e0d4,palette_features_stage5.csv
G1_rand_pos_seed4242145_00001_.png,rand_pos,G1,30de058455,4242145,G1_rand_pos_seed4242145_00001_.png,1024,1280,99.8995,0.0346,199.62,0.1397,#ffffff,0.887,0.468,219.31,0.2896,#020404,0.8596,90.0806,9.2646,6,0.5014,28.952,0.3037,0.1246,262.09,0.317,#010101,9.9558,6.1671,206.88,0.024,#101e1f,39.1255,21.792,202.98,0.0198,#1f6669,66.6355,29.0766,197.89,0.0333,#51b0b1,72.6264,17.7973,201.15,0.1843,#87bbbd,90.3844,12.8478,199.82,0.0414,#c5ebeb,palette_features_stage5.csv
G1_rand_pos_seed42_00001_.png,rand_pos,G1,30de058455,42,G1_rand_pos_seed42_00001_.png,1024,1280,99.7363,0.1841,203.24,0.1315,#fefefe,1.0425,0.1036,348.77,0.3245,#040404,0.8681,82.8127,9.1588,6,0.5275,33.4425,0.6379,0.283,10.25,0.3576,#030202,34.3524,15.9777,208.92,0.0454,#2a585d,51.7255,12.0599,191.13,0.0368,#62817f,59.9775,5.6527,170.2,0.1699,#87938f,69.6016,33.7255,188.78,0.0072,#4cbbb2,83.4506,22.7015,195.29,0.0994,#97dcda,palette_features_stage5.csv
G1_rand_pos_seed777_00001_.png,rand_pos,G1,30de058455,777,G1_rand_pos_seed777_00001_.png,1024,1280,99.8475,0.2149,190.96,0.1271,#feffff,0.6846,0.1604,219.88,0.3169,#020303,0.8754,93.4947,9.1449,6,0.5241,33.7038,0.2977,0.0625,302.3,0.349,#010101,12.6046,4.9064,196.78,0.0204,#182323,46.0471,22.0614,197.84,0.062,#347778,69.5901,33.7663,189.18,0.0136,#4bbbb3,76.7216,12.6105,187.1,0.175,#a2c4c0,93.7924,27.8188,198.23,0.0397,#a3fcfd,palette_features_stage5.csv
G1_rand_pos_seed9999_00001_.png,rand_pos,G1,30de058455,9999,G1_rand_pos_seed9999_00001_.png,1024,1280,99.9474,0.0178,202.96,0.1465,#ffffff,0.3714,0.1412,263.9,0.2509,#010102,0.8534,85.8328,11.5146,6,0.4846,30.3195,0.3435,0.1363,267.27,0.2929,#010102,15.6631,5.5757,214.71,0.0227,#1d292b,55.0827,17.5342,206.0,0.1917,#5a8c91,61.5921,12.9518,200.26,0.0372,#779b9c,72.6149,30.4558,191.05,0.0121,#61c2bc,86.1764,23.8077,189.33,0.0512,#9de5de,palette_features_stage5.csv
G2_baseline_seed101_00001_.png,baseline,G2,c6a4015aae,101,G2_baseline_seed101_00001_.png,1024,1280,99.522,0.1896,294.41,0.2824,#fefefe,2.6266,1.9199,75.31,0.2082,#0d0905,0.7207,87.3281,6.6826,6,0.3906,54.0812,1.832,1.3264,74.63,0.2503,#090604,24.5123,12.4838,84.05,0.0372,#433928,38.5198,23.7558,82.66,0.1191,#6c5834,54.0633,34.2785,98.69,0.1403,#8c8246,81.1097,55.4076,88.98,0.0165,#eac65f,89.1601,49.155,97.98,0.0434,#f2e181,palette_features_stage5.csv
G2_baseline_seed102_00001_.png,baseline,G2,c6a4015aae,102,G2_baseline_seed102_00001_.png,1024,1280,99.5892,0.1715,297.98,0.2981,#fefefe,2.4336,1.5668,82.65,0.1922,#0b0905,0.7051,87.5552,10.2111,5,0.3798,60.4761,2.0232,1.2895,82.52,0.2575,#090704,29.8166,13.3519,83.8,0.0346,#504532,45.9263,33.3001,72.32,0.0355,#8c6537,50.27,31.9418,101.61,0.1224,#7f7941,80.6731,61.7656,88.05,0.0083,#ecc450,89.5784,50.515,98.0,0.055,#f4e380,palette_features_stage5.csv
G2_baseline_seed103_00001_.png,baseline,G2,c6a4015aae,103,G2_baseline_seed103_00001_.png,1024,1280,98.9804,0.3064,288.55,0.2949,#fcfcfd,1.8092,1.1885,81.79,0.2235,#080604,0.7086,89.6523,13.2776,4,0.3673,61.809,1.1858,0.7659,80.18,0.2769,#060402,19.2171,11.8734,88.88,0.0287,#352e1d,40.9943,29.5676,76.34,0.0737,#795b31,45.9157,26.3092,104.12,0.0848,#716f41,86.4928,62.5748,94.22,0.0183,#f3d85d,90.8381,47.9897,99.19,0.0904,#f5e789,palette_features_stage5.csv
G2_baseline_seed104_00001_.png,baseline,G2,c6a4015aae,104,G2_baseline_seed104_00001_.png,1024,1280,99.2364,0.1452,282.49,0.1816,#fdfdfd,1.9781,1.1974,83.06,0.2331,#090704,0.8192,88.1458,13.0632,5,0.418,59.9703,1.7523,1.0231,82.68,0.2737,#080604,28.0944,14.947,92.9,0.0286,#49422b,43.9295,32.6512,75.37,0.0394,#846233,45.1748,27.5586,101.85,0.1443,#716c3d,82.7166,60.9935,91.83,0.032,#eccc56,89.8981,49.4585,98.31,0.0646,#f4e483,palette_features_stage5.csv
G2_baseline_seed105_00001_.png,baseline,G2,c6a4015aae,105,G2_baseline_seed105_00001_.png,1024,1280,99.3933,0.235,289.85,0.2598,#fdfdfe,2.0115,1.3848,84.1,0.219,#090704,0.7417,89.5726,14.2655,5,0.4552,55.3011,1.3593,0.8894,80.35,0.2606,#060503,35.4731,16.6171,93.52,0.0261,#5b5339,48.1494,30.2512,77.71,0.0427,#8c6d40,48.3812,30.1786,102.77,0.1946,#797540,83.6637,56.1905,93.26,0.0214,#ebcf64,90.9319,51.6626,99.94,0.0762,#f5e782,palette_features_stage5.csv
G2_baseline_seed106_00001_.png,baseline,G2,c6a4015aae,106,G2_baseline_seed106_00001_.png,1024,1280,99.5739,0.2726,288.63,0.3276,#fefefe,2.0384,1.2957,78.14,0.2145,#0a0704,0.6752,87.0214,7.1024,5,0.4156,62.4623,1.5588,1.0114,77.14,0.2911,#070503,22.7271,13.7901,91.94,0.0284,#3d3622,45.4446,25.7663,104.7,0.1245,#6f6e41,66.0021,42.9089,86.81,0.0103,#bc9d52,85.1997,63.4737,93.1,0.0206,#f1d457,88.5803,54.1156,97.41,0.0551,#f2e076,palette_features_stage5.csv
G2_baseline_seed107_00001_.png,baseline,G2,c6a4015aae,107,G2_baseline_seed107_00001_.png,1024,1280,99.5335,0.3157,280.02,0.3639,#fdfefe,1.0596,0.6874,79.38,0.1803,#050402,0.6375,92.4875,5.0826,6,0.3317,55.6255,0.7665,0.4871,73.58,0.2643,#040302,17.7933,12.387,95.97,0.0223,#302c1a,42.7552,25.9473,100.19,0.032,#6c663a,64.1923,37.3654,99.78,0.0073,#a69d59,83.472,45.9578,99.67,0.0074,#ded279,93.254,56.1127,100.95,0.0674,#faef7f,palette_features_stage5.csv
G2_baseline_seed108_00001_.png,baseline,G2,c6a4015aae,108,G2_baseline_seed108_00001_.png,1024,1280,99.6851,0.2173,286.96,0.2771,#fefefe,2.2652,1.4994,81.44,0.2133,#0b0805,0.7247,89.897,17.5954,3,0.5069,55.8631,1.575,1.0523,79.46,0.2652,#070503,39.1138,23.7174,89.51,0.0557,#695b35,43.811,33.9333,81.49,0.0559,#7f632f,48.0586,32.3894,99.26,0.2417,#7b733b,89.4206,56.9155,97.12,0.0344,#f6e272,91.4719,48.6595,100.07,0.0325,#f6e989,palette_features_stage5.csv
G2_baseline_seed109_00001_.png,baseline,G2,c6a4015aae,109,G2_baseline_seed109_00001_.png,1024,1280,98.8114,0.3041,304.92,0.3112,#fcfbfc,2.0425,1.2116,86.44,0.1933,#090705,0.6905,88.8861,14.9834,4,0.4144,56.2914,1.7243,1.0308,86.71,0.2598,#080604,43.5497,22.3903,105.44,0.1546,#6a6943,45.1892,32.1898,77.01,0.0303,#866536,64.3533,32.814,97.18,0.0125,#a99d61,88.4048,57.3222,96.04,0.0351,#f5de6e,90.6104,47.8599,98.6,0.0519,#f5e688,palette_features_stage5.csv
G2_baseline_seed110_00001_.png,baseline,G2,c6a4015aae,110,G2_baseline_seed110_00001_.png,1024,1280,98.9285,0.3826,290.99,0.2789,#fcfcfd,1.657,1.0365,79.37,0.2349,#080604,0.7234,88.3469,5.4301,6,0.4299,57.096,1.4668,0.9199,79.06,0.3136,#070503,28.0946,15.5464,81.27,0.0371,#4e402b,39.8851,27.6528,91.18,0.1164,#6b5d30,53.1033,41.1533,79.24,0.0153,#9f7838,73.8939,58.016,81.74,0.0108,#e1ae48,89.8136,52.8563,97.95,0.07,#f5e37c,palette_features_stage5.csv
G2_baseline_seed1337_00001_.png,baseline,G2,c6a4015aae,1337,G2_baseline_seed1337_00001_.png,1024,1280,99.4748,0.2404,287.27,0.2586,#fdfdfe,1.7569,1.2751,86.14,0.2238,#080603,0.7428,90.2354,9.3766,5,0.4301,47.6803,1.3627,0.993,85.94,0.2857,#060503,26.7087,14.8033,95.97,0.0247,#453f29,40.9056,24.7525,103.58,0.1444,#656238,42.683,28.9674,82.61,0.0548,#796135,63.6322,48.6733,78.13,0.0152,#c29243,91.5981,48.1508,99.96,0.0885,#f6e98a,palette_features_stage5.csv
G2_baseline_seed4242145_00001_.png,baseline,G2,c6a4015aae,4242145,G2_baseline_seed4242145_00001_.png,1024,1280,99.233,0.2441,294.59,0.1861,#fdfdfd,1.9517,1.2593,92.1,0.215,#080704,0.815,88.6891,16.1734,4,0.3638,51.317,1.7259,1.1108,92.37,0.2532,#070604,23.4813,13.0129,94.95,0.0229,#3d3825,45.2156,22.1584,108.98,0.1106,#6c6e48,45.7946,30.7735,76.58,0.0478,#87673a,89.779,52.4278,98.15,0.0465,#f4e37c,90.4149,43.3387,99.22,0.0439,#f3e591,palette_features_stage5.csv
G2_baseline_seed42_00001_.png,baseline,G2,c6a4015aae,42,G2_baseline_seed42_00001_.png,1024,1280,99.5726,0.2082,283.23,0.2859,#fefefe,1.5303,0.9362,85.83,0.2007,#070503,0.7147,91.3087,12.991,5,0.4401,45.3145,0.9155,0.5407,83.13,0.2446,#040302,28.7369,16.362,97.53,0.0212,#49442b,46.8259,29.1628,103.03,0.1955,#74713e,46.8584,31.64,86.5,0.0434,#836c39,83.3439,34.6914,99.86,0.0102,#dcd18f,92.2242,45.8552,100.5,0.0927,#f7eb91,palette_features_stage5.csv
G2_baseline_seed777_00001_.png,baseline,G2,c6a4015aae,777,G2_baseline_seed777_00001_.png,1024,1280,99.4515,0.1954,287.54,0.2461,#fdfdfe,1.8992,1.1862,89.94,0.1912,#080704,0.7556,90.1592,8.2863,6,0.6163,52.9413,1.2992,0.7616,88.93,0.2166,#060503,15.349,11.3247,95.85,0.0241,#2a2616,40.1243,22.1501,100.52,0.0212,#655f3b,48.5239,34.1926,100.71,0.3996,#7b7539,79.0905,53.7029,81.57,0.0058,#eebc5f,91.4584,50.1955,99.98,0.0769,#f6e986,palette_features_stage5.csv
G2_baseline_seed9999_00001_.png,baseline,G2,c6a4015aae,9999,G2_baseline_seed9999_00001_.png,1024,1280,99.4577,0.3017,292.01,0.3316,#fdfdfe,2.1842,1.3845,82.37,0.2128,#0a0805,0.6718,88.4752,5.7215,6,0.3779,57.2591,1.7063,1.0824,83.49,0.2914,#080604,23.3534,11.709,89.9,0.0339,#3e3726,39.9116,25.3888,98.66,0.0864,#665f34,65.999,35.9267,94.63,0.0125,#b1a05f,80.6915,58.3415,90.47,0.0279,#e7c657,90.1815,47.011,99.06,0.071,#f3e589,palette_features_stage5.csv
G2_blockshuf_neg_seed1337_00001_.png,blockshuf_neg,G2,c6a4015aae,1337,G2_blockshuf_neg_seed1337_00001_.png,1024,1280,99.7591,0.1237,303.28,0.2663,#fefeff,0.4834,0.366,93.46,0.2663,#020201,0.735,94.6487,11.6789,5,0.4476,61.1698,0.3315,0.2439,88.69,0.3533,#020101,18.3509,16.0103,99.31,0.0129,#312d16,38.0765,31.3008,41.69,0.0027,#854a39,76.6892,49.6705,99.39,0.0079,#ccbf60,92.9635,61.4137,99.18,0.0943,#fded72,94.9802,27.7776,102.67,0.0013,#f9f2bc,palette_features_stage5.csv
G2_blockshuf_neg_seed4242145_00001_.png,blockshuf_neg,G2,c6a4015aae,4242145,G2_blockshuf_neg_seed4242145_00001_.png,1024,1280,99.5565,0.1294,306.22,0.1732,#fefefe,0.8254,0.4972,17.08,0.2828,#040303,0.8277,88.1857,11.5448,5,0.8112,52.6353,0.6075,0.5052,2.82,0.3257,#040202,39.4776,20.9,101.87,0.0148,#625e3b,54.7706,32.3881,102.79,0.4854,#89854b,58.5991,39.2083,44.33,0.0019,#c7795e,75.4982,41.5798,97.09,0.0087,#cabb6d,88.7932,53.1405,96.51,0.0805,#f4e078,palette_features_stage5.csv
G2_blockshuf_neg_seed42_00001_.png,blockshuf_neg,G2,c6a4015aae,42,G2_blockshuf_neg_seed42_00001_.png,1024,1280,99.7396,0.148,304.16,0.2711,#fefefe,1.0672,0.5625,80.06,0.2117,#050403,0.7296,92.9147,11.3684,5,0.3581,47.421,0.696,0.3216,70.05,0.2633,#030202,14.7852,10.6217,94.69,0.0197,#292516,27.2402,17.2278,98.11,0.0151,#464126,53.8382,29.1657,100.17,0.0226,#89824f,89.8615,39.7038,101.15,0.0106,#eee497,93.6107,47.7426,100.63,0.0948,#fbef91,palette_features_stage5.csv
G2_blockshuf_neg_seed777_00001_.png,blockshuf_neg,G2,c6a4015aae,777,G2_blockshuf_neg_seed777_00001_.png,1024,1280,99.7343,0.0527,61.07,0.2046,#fefefe,1.5658,0.8682,86.71,0.2712,#070604,0.7968,88.6376,8.762,6,0.4587,53.1419,1.274,0.656,86.2,0.3242,#060503,26.9719,14.5213,93.93,0.0243,#463f2a,47.1099,26.0966,72.73,0.0274,#896a46,56.5564,31.1223,106.67,0.1344,#8a8b53,84.2737,44.8205,98.53,0.0191,#e2d47d,89.9117,53.7979,97.09,0.0666,#f7e37a,palette_features_stage5.csv
G2_blockshuf_neg_seed9999_00001_.png,blockshuf_neg,G2,c6a4015aae,9999,G2_blockshuf_neg_seed9999_00001_.png,1024,1280,99.7719,0.1591,304.42,0.3571,#fefeff,0.9791,0.4946,69.33,0.2046,#050302,0.6458,93.5222,16.9523,5,0.516,51.1971,0.7113,0.3419,56.38,0.3087,#030202,50.2477,25.1474,111.7,0.2051,#767b4f,50.3407,30.6513,72.86,0.0663,#967146,57.8473,37.841,99.5,0.2072,#958c48,78.6854,43.9318,88.26,0.0093,#dfbf70,94.2335,51.5391,101.53,0.0675,#fcf28b,palette_features_stage5.csv
G2_blockshuf_pos_seed1337_00001_.png,blockshuf_pos,G2,c6a4015aae,1337,G2_blockshuf_pos_seed1337_00001_.png,1024,1280,99.2893,0.4628,271.54,0.2505,#fdfdfe,1.1997,0.9346,82.77,0.223,#060402,0.7501,93.7376,13.3439,5,0.3392,54.5983,0.8837,0.7032,79.24,0.28,#040302,20.9807,16.2825,97.72,0.0202,#37331a,34.9954,23.6551,100.1,0.0432,#58532d,77.2109,44.7843,100.43,0.0042,#cbc16b,93.4537,55.3015,100.98,0.0593,#fbef81,94.6213,30.6135,104.62,0.0029,#f7f2b6,palette_features_stage5.csv
G2_blockshuf_pos_seed4242145_00001_.png,blockshuf_pos,G2,c6a4015aae,4242145,G2_blockshuf_pos_seed4242145_00001_.png,1024,1280,99.4664,0.2946,272.5,0.209,#fdfdfe,1.5263,1.2188,91.87,0.1883,#070503,0.7921,93.1972,18.6854,4,0.2595,52.2341,1.0062,0.8134,90.22,0.2125,#050402,18.7772,13.5477,97.06,0.0282,#322e1a,71.1035,40.3311,100.7,0.0053,#b9b065,91.7249,53.0475,100.98,0.047,#f5ea81,92.3712,46.4713,101.79,0.0424,#f5ec90,94.2034,24.7147,104.39,0.0068,#f5f0c0,palette_features_stage5.csv
G2_blockshuf_pos_seed42_00001_.png,blockshuf_pos,G2,c6a4015aae,42,G2_blockshuf_pos_seed42_00001_.png,1024,1280,99.4382,0.3581,276.51,0.2939,#fdfdfe,1.0781,0.9071,83.13,0.1812,#050402,0.7064,94.0687,16.5276,5,0.3075,57.8728,0.6978,0.6017,78.13,0.2278,#040201,13.4615,11.9119,93.76,0.0251,#272212,23.4683,19.056,97.18,0.0197,#3e381b,73.6204,46.3237,99.71,0.0058,#c2b75f,92.3704,58.4745,100.47,0.0797,#f9ec77,94.7665,36.2732,104.68,0.0064,#f7f3ac,palette_features_stage5.csv
G2_blockshuf_pos_seed777_00001_.png,blockshuf_pos,G2,c6a4015aae,777,G2_blockshuf_pos_seed777_00001_.png,1024,1280,99.5042,0.3465,277.74,0.2413,#fdfefe,0.7246,0.5641,92.43,0.202,#030301,0.7592,96.0283,14.4334,5,0.6131,50.6609,0.5227,0.4025,89.85,0.2575,#020201,10.2667,8.7696,100.2,0.0211,#1e1c0f,23.0087,19.0541,101.01,0.0178,#3b381a,54.334,40.0248,101.01,0.3557,#8a843c,94.8871,51.0634,102.1,0.0687,#fdf48e,96.551,31.2197,105.28,0.007,#fcf8ba,palette_features_stage5.csv
G2_blockshuf_pos_seed9999_00001_.png,blockshuf_pos,G2,c6a4015aae,9999,G2_blockshuf_pos_seed9999_00001_.png,1024,1280,99.3263,0.3661,273.01,0.3522,#fdfdfe,1.7203,1.1415,88.39,0.1855,#080603,0.6496,88.8089,4.4854,6,0.5319,54.896,1.3802,0.9217,87.6,0.2619,#060503,16.0398,10.3466,94.65,0.043,#2c2819,34.2461,21.8191,103.85,0.147,#54522e,48.4609,32.1345,101.66,0.27,#7a753d,74.7537,42.3466,98.26,0.0087,#c7b96a,90.1891,55.8176,98.63,0.0888,#f5e577,palette_features_stage5.csv
G2_preset_half_seed1337_00001_.png,preset_half,G2,c6a4015aae,1337,G2_preset_half_seed1337_00001_.png,1024,1280,99.643,0.3895,288.5,0.2427,#fefeff,0.5278,0.4542,93.7,0.2437,#020201,0.7573,94.7938,9.6206,5,0.4184,53.3787,0.2877,0.2435,86.84,0.3091,#010100,32.3473,24.8133,101.92,0.0158,#514d25,50.5113,34.8696,103.19,0.1093,#7e7b3d,76.8107,45.1587,101.89,0.0042,#c8c06a,81.2755,13.5782,104.23,0.0041,#cecbb1,95.0815,53.6223,102.84,0.0714,#fcf58a,palette_features_stage5.csv
G2_preset_half_seed4242145_00001_.png,preset_half,G2,c6a4015aae,4242145,G2_preset_half_seed4242145_00001_.png,1024,1280,99.7039,0.2034,286.13,0.1862,#fefeff,0.8094,0.5713,93.81,0.2149,#040302,0.8137,92.7603,12.4472,5,0.66,51.8277,0.3773,0.2572,86.27,0.2356,#020101,13.9605,11.257,99.09,0.0153,#272414,37.3649,24.8313,100.35,0.0185,#5e5930,49.9005,36.2583,101.02,0.4244,#7e7938,89.8416,44.6843,100.85,0.0112,#efe48d,93.1376,52.0849,101.17,0.0786,#f9ee87,palette_features_stage5.csv
G2_preset_half_seed42_00001_.png,preset_half,G2,c6a4015aae,42,G2_preset_half_seed42_00001_.png,1024,1280,99.539,0.2297,280.59,0.2614,#fefefe,1.2293,0.8726,82.9,0.2082,#060402,0.7393,91.9932,12.3978,6,0.5409,48.118,0.7159,0.5519,76.06,0.2445,#040201,14.0209,10.3318,95.23,0.0237,#272415,37.7139,22.9575,103.24,0.0219,#5d5a34,43.8535,26.5315,44.08,0.0021,#8e5b4a,52.6038,39.8163,100.66,0.2964,#868038,92.7091,48.6699,100.81,0.0753,#f8ed8d,palette_features_stage5.csv
G2_preset_half_seed777_00001_.png,preset_half,G2,c6a4015aae,777,G2_preset_half_seed777_00001_.png,1024,1280,99.5273,0.3056,286.25,0.2493,#fefefe,0.861,0.6466,91.83,0.1968,#040302,0.752,93.2121,4.9129,6,0.4995,50.2231,0.389,0.2886,83.28,0.232,#020101,12.5293,9.6216,98.61,0.0147,#232113,32.3083,21.4891,102.28,0.013,#504d2a,47.8131,31.8243,106.27,0.2676,#74743d,74.6514,39.6163,102.13,0.0074,#c1ba6f,93.6011,50.5118,101.78,0.0654,#f9f08c,palette_features_stage5.csv
G2_preset_half_seed9999_00001_.png,preset_half,G2,c6a4015aae,9999,G2_preset_half_seed9999_00001_.png,1024,1280,99.492,0.2973,291.87,0.3211,#fefdfe,1.734,1.2585,85.13,0.2196,#080603,0.6824,90.0125,8.6431,5,0.4213,54.1665,0.7621,0.5671,78.46,0.2663,#040301,17.1986,11.7832,92.9,0.0307,#2f2a19,45.3168,25.2572,112.24,0.1551,#696f44,49.615,31.2509,85.71,0.0466,#8a7341,76.0105,49.2208,88.21,0.016,#dab85f,90.7746,54.7336,99.69,0.0823,#f5e77b,palette_features_stage5.csv
G2_preset_neg_seed1337_00001_.png,preset_neg,G2,c6a4015aae,1337,G2_preset_neg_seed1337_00001_.png,1024,1280,99.389,0.1273,265.87,0.2878,#fdfdfd,2.2387,1.2267,88.47,0.2098,#0a0805,0.7151,86.465,16.0349,4,0.4288,58.0881,2.0203,1.0626,88.65,0.2818,#090705,42.8289,36.9868,47.81,0.0037,#965439,47.7581,28.9456,99.53,0.1471,#7a7240,79.6706,43.9156,95.78,0.015,#d8c673,79.9594,59.1507,88.37,0.0251,#e9c254,88.4853,58.0867,97.14,0.0689,#f3df6d,palette_features_stage5.csv
G2_preset_neg_seed4242145_00001_.png,preset_neg,G2,c6a4015aae,4242145,G2_preset_neg_seed4242145_00001_.png,1024,1280,99.1748,0.0907,269.02,0.1996,#fdfdfd,2.1225,1.3574,91.88,0.2259,#090804,0.8017,87.0903,16.2373,5,0.3671,52.3477,1.8112,1.1535,92.44,0.2695,#080704,46.6992,22.359,97.64,0.031,#776f49,51.7981,31.582,77.69,0.0479,#977647,60.9741,41.7863,63.64,0.0091,#c48551,87.5888,53.5012,96.81,0.0975,#f0dc74,88.9015,39.9103,99.39,0.0147,#eee194,palette_features_stage5.csv
G2_preset_neg_seed42_00001_.png,preset_neg,G2,c6a4015aae,42,G2_preset_neg_seed42_00001_.png,1024,1280,99.1418,0.1176,295.79,0.3121,#fdfcfd,2.7502,1.396,85.19,0.1945,#0c0a07,0.6896,86.4864,16.6214,3,0.3332,59.683,2.1168,1.0071,83.71,0.2561,#090805,40.4272,13.6355,94.17,0.0315,#665f49,44.1536,25.9705,100.59,0.0772,#6f6a3d,48.4595,35.6672,81.67,0.0675,#8d6e36,85.4348,60.69,94.7,0.0415,#efd55f,88.6032,50.6789,98.73,0.0563,#f0e07d,palette_features_stage5.csv
G2_preset_neg_seed777_00001_.png,preset_neg,G2,c6a4015aae,777,G2_preset_neg_seed777_00001_.png,1024,1280,99.0894,0.0519,321.9,0.2203,#fcfcfc,2.5758,1.3843,86.38,0.2054,#0b0906,0.7816,85.4223,11.3315,6,0.3406,62.283,2.5377,1.3721,86.83,0.2636,#0b0906,41.0786,25.4101,50.2,0.0117,#835642,51.3863,34.1244,82.03,0.0659,#947640,57.3382,48.5959,59.57,0.0115,#c37741,74.3047,61.5495,80.79,0.0174,#e5ae42,87.96,63.6551,96.07,0.0769,#f4dd5f,palette_features_stage5.csv
G2_preset_neg_seed9999_00001_.png,preset_neg,G2,c6a4015aae,9999,G2_preset_neg_seed9999_00001_.png,1024,1280,98.8406,0.1643,313.74,0.3237,#fcfcfc,2.4743,1.3228,77.47,0.216,#0b0906,0.68,85.0177,15.3547,5,0.4305,60.0203,1.748,0.8745,72.97,0.2856,#080604,36.3984,16.4405,93.18,0.0553,#5e553b,42.9363,28.5788,78.02,0.0945,#7d6137,49.8181,28.9787,101.25,0.1449,#7e7845,86.3352,60.8948,96.94,0.0598,#edd961,86.7657,51.2262,98.28,0.0362,#ebdb77,palette_features_stage5.csv
G2_preset_pos_seed1337_00001_.png,preset_pos,G2,c6a4015aae,1337,G2_preset_pos_seed1337_00001_.png,1024,1280,99.5175,0.4291,290.29,0.239,#fefefe,0.4534,0.4491,92.99,0.2352,#020201,0.7619,95.4046,11.1945,5,0.7267,60.0276,0.2955,0.2944,88.52,0.299,#010100,17.049,16.966,99.72,0.0141,#2e2b11,54.2615,41.1375,101.43,0.4276,#8a8439,75.6091,51.2489,100.88,0.0036,#c6bd5a,93.5285,60.322,101.79,0.063,#faf077,95.7002,29.2571,105.44,0.0074,#f9f5bc,palette_features_stage5.csv
G2_preset_pos_seed4242145_00001_.png,preset_pos,G2,c6a4015aae,4242145,G2_preset_pos_seed4242145_00001_.png,1024,1280,99.704,0.1632,303.24,0.1816,#fefefe,0.7952,0.7005,98.85,0.231,#030301,0.8183,91.5385,10.2594,5,0.5756,58.3354,0.2894,0.2605,91.19,0.2542,#010100,34.6655,27.0126,103.66,0.0139,#555327,50.578,38.597,102.84,0.3215,#7e7b36,73.8937,48.9749,101.2,0.006,#c1b85b,77.2585,13.1433,101.94,0.0068,#c4c0a7,91.8279,58.5959,101.51,0.0919,#f5eb76,palette_features_stage5.csv
G2_preset_pos_seed42_00001_.png,preset_pos,G2,c6a4015aae,42,G2_preset_pos_seed42_00001_.png,1024,1280,99.6326,0.3202,298.04,0.2619,#fefefe,0.8463,0.8462,98.0,0.2265,#040301,0.7381,95.7059,15.0202,5,0.5778,59.673,0.5121,0.5239,96.32,0.2944,#020201,46.2606,13.196,96.64,0.0102,#746e58,54.8523,45.4005,101.2,0.2834,#8c8632,76.5651,52.5413,100.87,0.004,#c9c05a,94.4116,60.1969,101.82,0.0593,#fcf37a,96.218,29.0095,106.79,0.0061,#f9f7be,palette_features_stage5.csv
G2_preset_pos_seed777_00001_.png,preset_pos,G2,c6a4015aae,777,G2_preset_pos_seed777_00001_.png,1024,1280,99.699,0.2753,301.72,0.2339,#fefeff,0.6946,0.6043,98.18,0.2033,#030301,0.7664,94.3775,6.6726,6,0.4214,55.2714,0.3375,0.2913,92.26,0.242,#020101,12.8645,13.3714,101.48,0.0126,#24220e,32.7227,27.6,102.26,0.013,#514f21,45.9283,35.1038,104.18,0.1794,#717032,76.9665,48.7254,101.8,0.0044,#c9c163,94.715,55.5627,102.42,0.0601,#fcf484,palette_features_stage5.csv
G2_preset_pos_seed9999_00001_.png,preset_pos,G2,c6a4015aae,9999,G2_preset_pos_seed9999_00001_.png,1024,1280,99.5508,0.3768,295.24,0.3173,#fefefe,0.769,0.717,96.79,0.2214,#030301,0.6862,92.5868,6.5196,6,0.3611,54.5042,0.3767,0.371,90.21,0.2864,#020100,13.4707,11.3789,101.58,0.0217,#252313,35.3519,23.6635,102.27,0.0272,#58542e,45.77,33.1548,96.73,0.0532,#776d34,74.5918,45.0409,100.49,0.0061,#c4ba64,92.9635,54.8753,101.18,0.0747,#f9ee81,palette_features_stage5.csv
G2_rand_neg_seed1337_00001_.png,rand_neg,G2,c6a4015aae,1337,G2_rand_neg_seed1337_00001_.png,1024,1280,97.6351,0.0982,299.33,0.2767,#f8f8f8,1.7519,1.3132,87.68,0.2537,#080603,0.7242,86.6886,10.5674,6,0.3617,61.7583,1.0767,0.8131,87.79,0.315,#050402,36.6971,21.6856,96.31,0.0311,#5e5633,47.2413,33.3069,86.88,0.0467,#846d37,54.6725,42.8457,81.77,0.0294,#a17d37,77.4858,62.5714,88.85,0.026,#e2bc45,87.7654,41.1671,97.46,0.0435,#eddd8e,palette_features_stage5.csv
G2_rand_neg_seed4242145_00001_.png,rand_neg,G2,c6a4015aae,4242145,G2_rand_neg_seed4242145_00001_.png,1024,1280,97.8213,0.0285,354.91,0.2154,#f9f9f9,2.0427,1.4433,83.95,0.2099,#090704,0.7862,87.662,6.7443,6,0.301,62.9671,1.429,0.9608,82.18,0.245,#070503,30.1974,17.3118,90.85,0.0394,#50462c,48.7627,34.7044,76.49,0.056,#916e3a,67.8896,45.916,87.77,0.0163,#c1a251,79.3489,63.9278,91.77,0.0274,#e2c346,89.091,37.1221,97.69,0.053,#f0e199,palette_features_stage5.csv
G2_rand_neg_seed42_00001_.png,rand_neg,G2,c6a4015aae,42,G2_rand_neg_seed42_00001_.png,1024,1280,97.7563,0.0486,44.71,0.2319,#f9f8f8,2.0013,1.3336,82.38,0.2051,#090704,0.7694,87.2811,10.7401,5,0.4587,61.6295,1.4124,0.8329,80.33,0.2478,#060503,30.08,18.8378,89.03,0.0394,#514629,49.6108,37.8048,80.57,0.0601,#927135,50.3752,30.2349,102.68,0.2109,#7e7a45,78.5437,62.4624,89.48,0.027,#e4bf48,88.6934,48.1916,96.92,0.0508,#f2df82,palette_features_stage5.csv
G2_rand_neg_seed777_00001_.png,rand_neg,G2,c6a4015aae,777,G2_rand_neg_seed777_00001_.png,1024,1280,97.5027,0.3927,354.96,0.2251,#f9f8f8,1.8015,0.9937,72.34,0.2122,#080604,0.7773,87.6708,8.7447,5,0.3906,57.7047,1.1934,0.5359,70.52,0.2449,#050403,22.9146,13.3194,89.0,0.0325,#3e3623,47.5405,33.5303,74.25,0.0623,#8f6a3a,47.888,29.1142,102.21,0.1456,#787341,67.4578,50.599,76.65,0.0199,#d09b4a,88.8643,58.2406,99.68,0.0858,#f0e26e,palette_features_stage5.csv
G2_rand_neg_seed9999_00001_.png,rand_neg,G2,c6a4015aae,9999,G2_rand_neg_seed9999_00001_.png,1024,1280,97.7483,0.068,35.85,0.31,#f9f8f8,2.0475,1.5046,82.41,0.1795,#0a0704,0.6928,85.926,9.8382,6,0.3776,60.0548,1.5346,1.1037,80.57,0.2446,#070503,30.5065,14.052,90.25,0.0556,#504732,37.8461,26.5153,78.39,0.0642,#6e552f,53.997,28.0255,109.19,0.133,#828453,81.8331,61.1585,91.53,0.0341,#eac954,87.4606,48.909,97.72,0.0302,#eddc7d,palette_features_stage5.csv
G2_rand_pos_seed1337_00001_.png,rand_pos,G2,c6a4015aae,1337,G2_rand_pos_seed1337_00001_.png,1024,1280,99.9175,0.039,115.79,0.2573,#ffffff,0.31,0.1556,96.3,0.2542,#010101,0.7431,97.1724,10.6578,6,0.4268,49.3998,0.202,0.0797,86.82,0.334,#010101,32.9714,25.4023,102.8,0.0169,#524f25,49.2792,35.5585,102.32,0.0292,#7b7738,80.3909,46.6513,101.71,0.0052,#d3ca70,90.383,14.5073,106.93,0.0018,#e6e5c9,97.3743,49.4796,105.4,0.0928,#fffc99,palette_features_stage5.csv
G2_rand_pos_seed4242145_00001_.png,rand_pos,G2,c6a4015aae,4242145,G2_rand_pos_seed4242145_00001_.png,1024,1280,99.7684,0.0105,146.42,0.1576,#fefefe,0.6056,0.2745,94.24,0.259,#020202,0.8427,96.017,3.1392,6,0.7528,48.6585,0.4019,0.1428,81.6,0.2932,#020101,16.0097,11.8601,102.16,0.0145,#2a2817,38.0539,24.0742,103.29,0.017,#5e5b33,55.3133,35.9602,101.78,0.4597,#8c8746,79.095,43.4279,100.13,0.0113,#d1c673,96.4189,48.8013,103.9,0.0953,#fef997,palette_features_stage5.csv
G2_rand_pos_seed42_00001_.png,rand_pos,G2,c6a4015aae,42,G2_rand_pos_seed42_00001_.png,1024,1280,99.8821,0.0254,109.34,0.2472,#ffffff,0.8678,0.4862,85.41,0.2478,#040302,0.7538,95.857,4.8336,6,0.7369,52.7382,0.6416,0.3617,79.47,0.3198,#030201,20.1009,16.6536,99.29,0.0154,#353118,32.2467,24.6093,100.62,0.0261,#514d25,55.4018,40.016,99.75,0.4171,#8f863e,71.0657,53.1,96.33,0.0134,#c0af4a,96.4986,50.4905,103.95,0.0923,#fef994,palette_features_stage5.csv
G2_rand_pos_seed777_00001_.png,rand_pos,G2,c6a4015aae,777,G2_rand_pos_seed777_00001_.png,1024,1280,99.8518,0.0216,112.51,0.2508,#ffffff,2.0535,0.8725,83.66,0.2217,#090705,0.7497,93.2648,14.8664,5,0.5994,47.9285,1.5556,0.5786,78.43,0.2715,#070604,35.1042,19.1345,99.83,0.0202,#585334,44.5762,31.3077,87.85,0.0345,#7b6734,52.9699,31.9432,104.33,0.0742,#838148,55.4114,39.6246,100.46,0.3279,#8e873f,94.8204,48.507,101.82,0.0894,#fdf393,palette_features_stage5.csv
G2_rand_pos_seed9999_00001_.png,rand_pos,G2,c6a4015aae,9999,G2_rand_pos_seed9999_00001_.png,1024,1280,99.8914,0.0221,119.15,0.3523,#ffffff,0.4287,0.2804,90.58,0.2409,#020201,0.6497,96.4573,9.2278,6,0.7257,55.3799,0.2238,0.1229,72.2,0.3566,#010101,27.1529,22.9464,102.06,0.0176,#44411d,43.2297,11.3623,100.36,0.0091,#6a6754,49.3754,36.2322,101.73,0.3691,#7c7737,81.5793,50.3475,101.65,0.0088,#d6ce6c,96.6811,55.5028,104.43,0.0951,#fefb8b,palette_features_stage5.csv
G3_baseline_seed101_00001_.png,baseline,G3,4d43750a91,101,G3_baseline_seed101_00001_.png,1024,1280,99.4294,0.2501,259.5,0.171,#fdfdfe,4.1358,0.6869,39.02,0.1415,#100e0e,0.8296,77.6323,10.1607,5,0.2964,37.2334,2.8723,0.8018,25.96,0.1485,#0d0a0a,34.4524,24.0172,35.96,0.0611,#74443c,41.7991,14.827,12.24,0.0278,#7c5a5e,44.6315,38.0352,47.0,0.0407,#9c573c,65.6351,10.4466,96.84,0.1479,#a59f8d,80.5046,15.9465,172.62,0.0887,#a8d0c3,palette_features_stage5.csv
G3_baseline_seed102_00001_.png,baseline,G3,4d43750a91,102,G3_baseline_seed102_00001_.png,1024,1280,99.7758,0.1776,280.65,0.1538,#fefeff,3.3839,0.929,48.0,0.1576,#0e0c0b,0.8473,78.9514,6.9794,6,0.2902,38.8511,2.6248,0.855,43.41,0.1717,#0c0908,31.4224,21.0907,37.02,0.0585,#683f37,44.6813,39.7062,46.47,0.0633,#9f563b,61.1352,14.3838,60.25,0.0717,#a98f7e,69.7006,12.1292,114.8,0.1184,#a9ac96,81.5762,16.5835,181.26,0.0427,#a7d4cb,palette_features_stage5.csv
G3_baseline_seed103_00001_.png,baseline,G3,4d43750a91,103,G3_baseline_seed103_00001_.png,1024,1280,98.87,0.2969,286.16,0.12,#fcfcfc,3.5791,0.8104,49.29,0.1934,#0f0c0c,0.8801,78.3519,6.3479,6,0.3275,45.6445,3.0824,0.7431,44.96,0.2089,#0d0b0a,31.1467,19.2276,33.68,0.0442,#663f39,42.5522,33.6944,43.79,0.0523,#93543f,57.4767,46.3876,54.69,0.0112,#c57649,70.4232,10.4888,128.26,0.1186,#a6af9d,81.4344,18.9416,177.45,0.0491,#a2d5c8,palette_features_stage5.csv
G3_baseline_seed104_00001_.png,baseline,G3,4d43750a91,104,G3_baseline_seed104_00001_.png,1024,1280,98.2062,0.6128,201.06,0.1451,#f8fafa,3.9062,1.1283,39.29,0.1594,#100d0c,0.8574,76.0148,12.8184,5,0.3588,32.6265,3.3905,0.8641,40.37,0.1756,#0e0c0b,41.8464,15.4704,18.76,0.0345,#7d5a5b,42.1113,33.4907,44.79,0.0624,#91533e,57.3795,8.8138,65.47,0.1085,#96877c,65.0312,9.5845,129.39,0.1832,#98a190,79.4053,19.1561,182.72,0.0633,#9acfc6,palette_features_stage5.csv
G3_baseline_seed105_00001_.png,baseline,G3,4d43750a91,105,G3_baseline_seed105_00001_.png,1024,1280,99.586,0.2703,285.26,0.1638,#fefefe,4.2355,0.8723,62.66,0.1888,#100e0d,0.8361,80.5716,7.9336,6,0.3401,38.9785,2.318,0.7362,52.33,0.1831,#0a0807,31.2883,16.1372,24.14,0.0735,#634140,36.9343,28.5712,40.85,0.0711,#7f483a,47.7604,39.7147,50.05,0.0115,#a55f3f,63.3658,9.5766,131.16,0.157,#939c8c,82.8896,18.2817,175.57,0.0626,#a8d8cb,palette_features_stage5.csv
G3_baseline_seed106_00001_.png,baseline,G3,4d43750a91,106,G3_baseline_seed106_00001_.png,1024,1280,98.6987,0.1934,304.81,0.1783,#fbfbfc,4.1152,0.6317,56.3,0.1885,#100e0d,0.8234,79.1247,9.7116,5,0.2667,36.395,2.2396,0.4495,35.16,0.1826,#090808,32.4072,23.1892,35.03,0.0536,#6e4038,46.6698,36.8446,47.46,0.0469,#a15d42,46.9627,13.1004,12.51,0.0639,#86686b,61.1307,9.8165,60.38,0.084,#a29085,81.3643,18.9007,170.99,0.0558,#a5d4c4,palette_features_stage5.csv
G3_baseline_seed107_00001_.png,baseline,G3,4d43750a91,107,G3_baseline_seed107_00001_.png,1024,1280,98.7165,0.3727,245.2,0.2217,#fbfbfc,4.097,1.404,39.33,0.1463,#110e0d,0.7827,77.2319,8.5471,6,0.264,39.7155,2.5784,0.651,39.12,0.1578,#0b0908,33.9949,18.1169,25.56,0.0723,#6c4644,39.6509,32.6552,41.11,0.0598,#8b4c3c,52.7351,40.3665,55.32,0.012,#b16d46,67.138,10.1509,111.71,0.1062,#a4a592,79.8103,16.5842,182.78,0.1007,#a1cfc7,palette_features_stage5.csv
G3_baseline_seed108_00001_.png,baseline,G3,4d43750a91,108,G3_baseline_seed108_00001_.png,1024,1280,99.2423,0.3512,275.4,0.1472,#fdfdfd,3.9176,0.4786,57.2,0.1734,#0f0e0d,0.8537,80.9245,5.3478,6,0.3097,42.1135,2.7429,0.7544,36.25,0.184,#0c0909,29.2841,16.7702,31.17,0.0553,#5e3c38,40.5899,32.3831,43.32,0.0654,#8c4f3d,53.9667,42.8678,55.63,0.0127,#b76f45,69.3111,10.4097,124.76,0.1257,#a5ac9a,83.6674,16.0758,187.42,0.0378,#acdad4,palette_features_stage5.csv
G3_baseline_seed109_00001_.png,baseline,G3,4d43750a91,109,G3_baseline_seed109_00001_.png,1024,1280,98.8789,0.2267,281.16,0.213,#fcfcfc,4.9012,1.223,47.41,0.1442,#13100f,0.7881,76.4406,11.5416,5,0.2862,34.3608,2.9102,0.7485,45.36,0.1487,#0c0a09,38.7481,21.319,30.86,0.0499,#7d504a,42.2673,35.1093,44.61,0.059,#94523c,60.2173,11.094,62.59,0.1069,#a18e80,65.7411,9.7601,111.34,0.1376,#a0a18f,79.3508,18.1911,180.79,0.1013,#9dcec4,palette_features_stage5.csv
G3_baseline_seed110_00001_.png,baseline,G3,4d43750a91,110,G3_baseline_seed110_00001_.png,1024,1280,98.5581,0.1975,272.8,0.1727,#fbfbfb,4.1843,0.9385,54.86,0.187,#100e0d,0.8285,72.7885,13.6056,4,0.2625,34.292,2.6297,0.635,55.17,0.1931,#0b0908,31.7574,10.6339,191.7,0.0239,#35504e,32.49,19.7505,35.52,0.0656,#6a423b,41.1246,14.5544,3.1,0.0322,#795860,42.8822,34.927,45.81,0.0544,#95543d,75.4182,23.0631,179.72,0.0694,#87c6b9,palette_features_stage5.csv
G3_baseline_seed1337_00001_.png,baseline,G3,4d43750a91,1337,G3_baseline_seed1337_00001_.png,1024,1280,99.1577,0.2716,273.35,0.1438,#fcfdfd,4.6012,1.3117,52.73,0.1531,#120f0e,0.8565,76.6479,9.5585,5,0.3254,41.4476,3.6781,1.0003,57.13,0.1652,#0f0d0b,36.5897,16.8594,28.7,0.081,#714d4a,40.5416,30.5786,43.36,0.0608,#8a503e,52.2512,42.4479,54.19,0.0115,#b26b42,65.3397,9.5311,122.67,0.1602,#9ba190,80.326,18.4925,179.92,0.091,#9fd1c7,palette_features_stage5.csv
G3_baseline_seed4242145_00001_.png,baseline,G3,4d43750a91,4242145,G3_baseline_seed4242145_00001_.png,1024,1280,99.0622,0.2912,282.04,0.1386,#fcfcfd,3.4017,0.8393,54.22,0.1972,#0e0c0b,0.8619,78.1706,9.3996,5,0.3098,35.2879,2.3739,0.5696,59.31,0.2021,#0a0807,32.4466,22.7793,30.59,0.0658,#6e403b,44.0882,35.8575,46.33,0.0541,#99573e,47.3413,14.0934,12.1,0.062,#89686c,69.519,11.1607,141.2,0.1077,#9fae9d,80.5445,21.1969,182.23,0.0387,#98d3c9,palette_features_stage5.csv
G3_baseline_seed42_00001_.png,baseline,G3,4d43750a91,42,G3_baseline_seed42_00001_.png,1024,1280,98.9982,0.2402,283.5,0.1785,#fcfcfd,4.0635,1.0524,53.72,0.1852,#100e0d,0.8213,76.802,6.5243,6,0.3112,33.0209,2.828,0.8667,53.57,0.202,#0c0a09,30.4816,20.9813,31.97,0.0708,#673d37,42.2158,33.8876,45.39,0.0649,#92533d,52.1039,12.4127,188.78,0.0326,#62837f,68.4662,11.4917,143.07,0.1093,#9bac9a,79.63,20.7221,174.31,0.067,#9ad0c1,palette_features_stage5.csv
G3_baseline_seed777_00001_.png,baseline,G3,4d43750a91,777,G3_baseline_seed777_00001_.png,1024,1280,98.9841,0.2809,290.97,0.1907,#fcfcfd,4.5339,0.8331,43.95,0.1588,#110f0f,0.8099,75.9898,13.4335,5,0.3138,33.2173,2.8766,0.5431,35.07,0.161,#0c0a0a,43.5907,33.7604,44.28,0.0493,#965641,44.4477,15.0732,18.51,0.0331,#836062,55.6175,11.9787,185.33,0.0518,#6c8b87,65.865,9.9336,118.65,0.1528,#9ea290,78.8664,20.3487,175.16,0.0636,#99cebf,palette_features_stage5.csv
G3_baseline_seed9999_00001_.png,baseline,G3,4d43750a91,9999,G3_baseline_seed9999_00001_.png,1024,1280,99.0008,0.3537,283.53,0.1324,#fcfcfd,3.6347,0.7832,48.8,0.1786,#0f0d0c,0.8682,80.256,7.079,6,0.2659,40.1257,2.7076,0.8496,39.8,0.1857,#0c0909,31.5728,15.9573,21.2,0.0635,#634142,39.0684,31.5871,40.81,0.0731,#884c3c,55.5187,40.9753,56.96,0.0112,#b9754a,70.2802,11.6674,150.44,0.0802,#9db1a1,82.9636,22.0515,176.59,0.0469,#9fdacb,palette_features_stage5.csv
G3_blockshuf_neg_seed1337_00001_.png,blockshuf_neg,G3,4d43750a91,1337,G3_blockshuf_neg_seed1337_00001_.png,1024,1280,99.7765,0.1585,297.95,0.142,#fefeff,3.5297,0.7695,29.52,0.1669,#0e0c0c,0.8585,81.1247,9.1467,5,0.2852,35.8903,2.8785,0.6646,27.35,0.1832,#0c0a0a,33.8912,20.7685,39.36,0.0383,#6e463c,44.2034,36.555,46.38,0.0732,#9a573e,48.5123,11.0484,30.88,0.102,#876d6a,69.2622,13.0451,109.2,0.0947,#aaab93,84.0032,16.7638,181.62,0.0249,#addbd2,palette_features_stage5.csv
G3_blockshuf_neg_seed4242145_00001_.png,blockshuf_neg,G3,4d43750a91,4242145,G3_blockshuf_neg_seed4242145_00001_.png,1024,1280,98.9588,0.1079,325.89,0.1245,#fcfcfc,4.3118,1.3987,56.26,0.1761,#110e0d,0.8765,70.438,14.457,4,0.3131,48.023,2.8607,0.8176,66.37,0.1724,#0c0a09,44.3668,36.9103,42.74,0.0859,#9c5641,57.8696,23.7378,38.61,0.0549,#b37f72,59.8152,48.8406,54.83,0.014,#cf7b4b,70.8901,22.6477,187.12,0.0454,#78b9b2,73.2987,15.5804,84.7,0.1407,#c2b298,palette_features_stage5.csv
G3_blockshuf_neg_seed42_00001_.png,blockshuf_neg,G3,4d43750a91,42,G3_blockshuf_neg_seed42_00001_.png,1024,1280,98.6352,0.2237,120.47,0.1688,#fbfbfb,5.0395,1.3038,55.81,0.1765,#13100f,0.8364,79.7412,8.3572,5,0.2703,41.2255,3.1532,0.8817,57.68,0.1803,#0d0b0a,32.5158,20.6151,33.52,0.084,#6b423b,49.5586,42.1072,46.64,0.0665,#af6143,67.2017,18.9225,66.98,0.09,#bc9e85,70.93,22.4241,182.12,0.0585,#7bb9ae,82.8944,14.5047,116.04,0.0247,#ccd1b6,palette_features_stage5.csv
G3_blockshuf_neg_seed777_00001_.png,blockshuf_neg,G3,4d43750a91,777,G3_blockshuf_neg_seed777_00001_.png,1024,1280,99.7794,0.1717,299.21,0.1834,#fefeff,3.8768,0.8809,47.73,0.1607,#100d0c,0.8173,78.979,16.0165,4,0.252,36.4041,2.71,0.5488,42.68,0.1764,#0b0a09,49.2903,36.9529,49.0,0.0584,#a76447,59.6306,20.2326,48.75,0.0418,#b08776,63.4534,11.2794,74.47,0.0756,#a79787,78.598,21.9948,175.12,0.0546,#94cebe,81.689,14.8472,130.06,0.0249,#c1d0b6,palette_features_stage5.csv
G3_blockshuf_neg_seed9999_00001_.png,blockshuf_neg,G3,4d43750a91,9999,G3_blockshuf_neg_seed9999_00001_.png,1024,1280,99.5285,0.2865,301.75,0.1294,#fefefe,3.8941,1.0133,50.25,0.1543,#100d0c,0.8711,71.5623,15.61,4,0.2533,41.5175,3.0709,0.7564,51.16,0.1599,#0d0b0a,47.0606,11.4199,21.87,0.0663,#846969,49.2552,42.2739,47.85,0.0478,#ae6041,57.0973,20.8774,38.81,0.0735,#ac7e73,72.4772,15.9109,90.21,0.0934,#bdb195,74.6332,19.7303,177.02,0.0785,#8ec2b5,palette_features_stage5.csv
G3_blockshuf_pos_seed1337_00001_.png,blockshuf_pos,G3,4d43750a91,1337,G3_blockshuf_pos_seed1337_00001_.png,1024,1280,98.6215,0.1865,253.23,0.1614,#fbfbfb,4.2585,0.7482,82.15,0.1706,#100f0d,0.8388,75.7076,8.1316,5,0.2689,38.5607,3.7357,0.7534,66.87,0.1903,#0f0d0c,27.2894,12.3179,25.85,0.0516,#543a39,32.16,24.5953,44.45,0.061,#6d4031,44.3432,39.3142,49.24,0.0497,#9c5738,70.0788,12.7304,153.46,0.0786,#99b1a1,79.4433,22.6068,178.72,0.0663,#93d1c3,palette_features_stage5.csv
G3_blockshuf_pos_seed4242145_00001_.png,blockshuf_pos,G3,4d43750a91,4242145,G3_blockshuf_pos_seed4242145_00001_.png,1024,1280,98.6878,0.2604,277.98,0.1495,#fbfbfc,3.8723,0.617,78.53,0.1832,#0f0e0c,0.8506,77.1611,4.3588,6,0.3381,43.5865,3.392,0.6127,65.01,0.2053,#0d0c0b,26.095,16.5383,42.11,0.0669,#55362d,36.3432,30.1036,46.33,0.0643,#7d4834,53.4572,44.1992,54.75,0.0112,#b76d42,65.3732,9.0326,137.42,0.1328,#97a294,80.5531,23.2589,182.19,0.054,#93d4c9,palette_features_stage5.csv
G3_blockshuf_pos_seed42_00001_.png,blockshuf_pos,G3,4d43750a91,42,G3_blockshuf_pos_seed42_00001_.png,1024,1280,98.6843,0.1754,271.07,0.166,#fbfbfc,4.416,0.7348,80.36,0.1885,#100f0e,0.8339,78.7729,11.0705,5,0.2707,33.0215,2.9708,0.7112,52.91,0.1903,#0c0a09,27.5744,20.3848,42.09,0.0804,#5d382d,37.0149,8.9508,355.96,0.038,#655258,41.872,33.7327,49.49,0.0609,#8f543a,48.7524,9.803,185.55,0.0627,#607975,81.7437,21.036,181.0,0.0452,#9cd7cb,palette_features_stage5.csv
G3_blockshuf_pos_seed777_00001_.png,blockshuf_pos,G3,4d43750a91,777,G3_blockshuf_pos_seed777_00001_.png,1024,1280,98.5783,0.1981,272.8,0.1902,#fbfbfb,5.7376,0.7207,151.57,0.1993,#121312,0.8105,76.587,9.1615,5,0.2549,35.7472,3.537,0.4534,62.29,0.1988,#0e0d0c,28.2683,9.6817,22.53,0.056,#523e3d,32.6158,22.5731,43.42,0.056,#6c4235,44.4032,36.2006,48.39,0.0411,#99583d,71.8895,12.7988,160.67,0.0417,#9cb6a8,80.124,24.6425,183.08,0.052,#8dd4c8,palette_features_stage5.csv
G3_blockshuf_pos_seed9999_00001_.png,blockshuf_pos,G3,4d43750a91,9999,G3_blockshuf_pos_seed9999_00001_.png,1024,1280,98.6173,0.1811,263.07,0.1675,#fbfbfb,4.6988,0.3877,148.89,0.2,#101010,0.8332,71.699,8.9195,5,0.2661,42.3728,3.3802,0.1529,85.15,0.2036,#0c0c0c,28.8547,17.6782,43.01,0.0625,#5d3c32,35.6206,11.4723,345.71,0.0268,#644e59,57.5933,42.5257,55.96,0.0097,#c1794e,73.2475,25.62,179.41,0.0517,#7ac1b3,75.0792,14.6333,159.98,0.0409,#a1c0af,palette_features_stage5.csv
G3_preset_half_seed1337_00001_.png,preset_half,G3,4d43750a91,1337,G3_preset_half_seed1337_00001_.png,1024,1280,98.8012,0.3399,267.44,0.137,#fbfcfc,3.8339,0.8399,52.73,0.1777,#0f0d0c,0.8637,83.2549,9.0872,5,0.3161,32.7177,3.6413,0.8003,51.39,0.2011,#0f0d0c,31.0025,18.3802,37.34,0.0761,#644038,37.749,14.6267,9.36,0.0326,#715055,42.6602,33.518,46.15,0.0593,#92553e,65.8917,10.6026,140.43,0.115,#96a494,86.8962,15.1175,179.9,0.0313,#b9e2d9,palette_features_stage5.csv
G3_preset_half_seed4242145_00001_.png,preset_half,G3,4d43750a91,4242145,G3_preset_half_seed4242145_00001_.png,1024,1280,98.867,0.3356,274.38,0.1291,#fbfcfc,5.3148,0.5667,79.75,0.216,#121211,0.8709,78.8685,5.6153,6,0.3311,37.838,2.4585,0.554,51.49,0.1879,#0a0908,28.4688,17.4134,32.44,0.0528,#5d3a35,38.1263,28.7496,42.25,0.0632,#824b3c,50.4639,38.392,50.3,0.0109,#ac6747,64.5874,9.337,135.35,0.1433,#95a091,81.327,18.4611,176.79,0.0566,#a3d4c7,palette_features_stage5.csv
G3_preset_half_seed42_00001_.png,preset_half,G3,4d43750a91,42,G3_preset_half_seed42_00001_.png,1024,1280,98.7948,0.3606,276.62,0.1542,#fbfcfc,4.7423,1.0176,60.21,0.1905,#12100f,0.8462,79.7821,7.0232,6,0.3172,31.1466,2.4787,0.6296,54.26,0.1733,#0b0908,29.549,17.5045,31.88,0.0812,#603d38,40.5091,31.7762,45.04,0.0677,#8b503c,46.8695,8.9192,195.45,0.0558,#5c7473,64.642,10.1059,122.21,0.1438,#999f8d,82.2608,19.6519,173.54,0.0465,#a4d7c8,palette_features_stage5.csv
G3_preset_half_seed777_00001_.png,preset_half,G3,4d43750a91,777,G3_preset_half_seed777_00001_.png,1024,1280,98.7515,0.3029,283.07,0.1811,#fbfbfc,3.7519,0.5433,41.43,0.1744,#0f0d0d,0.8192,80.5104,9.5233,5,0.2963,30.4978,2.6105,0.2926,22.16,0.1799,#0a0909,30.9422,15.2044,28.81,0.0677,#60413e,38.3894,6.9015,210.63,0.0848,#4c5d60,41.4583,30.7904,43.83,0.0576,#8d5340,64.9727,11.2782,124.8,0.1165,#99a18d,83.1209,19.1357,176.45,0.0539,#a7d9cc,palette_features_stage5.csv
G3_preset_half_seed9999_00001_.png,preset_half,G3,4d43750a91,9999,G3_preset_half_seed9999_00001_.png,1024,1280,98.7851,0.3938,276.05,0.1467,#fbfbfc,3.7169,0.6878,45.13,0.2105,#0f0d0c,0.8537,74.6801,9.8657,5,0.2832,33.9493,2.0682,0.2807,28.65,0.1922,#080707,27.2388,19.0984,29.92,0.0666,#5c3633,39.8217,7.4261,213.26,0.0492,#4f6164,41.1526,34.2301,43.77,0.0712,#90503b,68.3019,10.8966,147.32,0.091,#99ab9c,76.7482,24.0994,176.79,0.046,#89caba,palette_features_stage5.csv
G3_preset_neg_seed1337_00001_.png,preset_neg,G3,4d43750a91,1337,G3_preset_neg_seed1337_00001_.png,1024,1280,99.4642,0.1557,273.48,0.186,#fdfdfe,4.3284,1.1918,48.46,0.1588,#110e0d,0.815,85.6112,13.0599,5,0.2807,50.0829,2.5285,0.6663,57.62,0.166,#0b0908,33.6905,19.5279,23.25,0.0665,#6e4444,39.0478,32.3415,42.59,0.066,#884c3a,55.2608,11.6652,50.36,0.1147,#977f75,55.6453,50.7491,56.01,0.01,#c3703c,88.1397,14.0512,189.96,0.0423,#bde5e1,palette_features_stage5.csv
G3_preset_neg_seed4242145_00001_.png,preset_neg,G3,4d43750a91,4242145,G3_preset_neg_seed4242145_00001_.png,1024,1280,99.5839,0.1243,288.51,0.1784,#fefefe,4.0657,1.6914,37.49,0.1523,#120d0c,0.8231,77.7182,14.0421,4,0.2267,39.1652,2.5419,0.7155,42.47,0.1609,#0b0908,35.0098,11.7195,217.85,0.0393,#39575d,36.493,26.9735,36.5,0.0609,#7d473d,44.8314,16.5734,19.47,0.0438,#866061,47.706,39.8807,49.82,0.0659,#a65f3f,80.2601,22.3774,181.26,0.0456,#95d3c7,palette_features_stage5.csv
G3_preset_neg_seed42_00001_.png,preset_neg,G3,4d43750a91,42,G3_preset_neg_seed42_00001_.png,1024,1280,99.5732,0.108,283.06,0.1675,#fefefe,3.8097,1.235,47.58,0.1509,#100d0c,0.8333,78.182,9.8314,6,0.3701,49.6954,3.483,1.228,47.41,0.176,#0f0c0b,37.2191,24.3791,29.32,0.0683,#7d4a45,42.9119,37.4196,46.3,0.059,#97533a,59.1801,50.9234,59.31,0.0073,#cb7b41,67.4397,12.7128,94.37,0.1941,#aca48e,81.665,17.2214,176.12,0.0733,#a7d4c8,palette_features_stage5.csv
G3_preset_neg_seed777_00001_.png,preset_neg,G3,4d43750a91,777,G3_preset_neg_seed777_00001_.png,1024,1280,99.6256,0.1555,289.97,0.2046,#fefefe,3.4048,0.8821,32.08,0.1536,#0e0c0b,0.7964,77.2232,10.8794,5,0.2675,48.2023,2.0875,0.5098,26.79,0.1681,#090707,34.7691,25.2833,35.38,0.0395,#77443b,35.3328,13.7923,222.78,0.0563,#355862,43.6162,36.298,46.16,0.0623,#98553d,59.1812,48.7121,52.42,0.007,#cf784c,79.3107,20.5484,178.54,0.0994,#98cfc3,palette_features_stage5.csv
G3_preset_neg_seed9999_00001_.png,preset_neg,G3,4d43750a91,9999,G3_preset_neg_seed9999_00001_.png,1024,1280,99.5238,0.1584,278.75,0.1493,#fefefe,3.08,0.836,60.26,0.1658,#0d0b09,0.8513,82.2067,8.7456,6,0.2906,46.0084,2.0817,0.5641,64.45,0.1736,#090706,34.6168,21.487,27.89,0.065,#724542,41.4314,36.3779,45.62,0.0505,#925038,58.9346,46.5725,59.85,0.0085,#c67d47,70.8138,10.7856,124.45,0.117,#a9b09d,84.2884,18.5549,182.51,0.0456,#a9ddd3,palette_features_stage5.csv
G3_preset_pos_seed1337_00001_.png,preset_pos,G3,4d43750a91,1337,G3_preset_pos_seed1337_00001_.png,1024,1280,98.6431,0.4474,273.58,0.1414,#fbfbfc,5.1508,1.0351,66.41,0.2003,#131110,0.8586,79.525,8.9783,5,0.3009,30.3841,3.5154,0.8669,59.99,0.1984,#0e0c0b,28.4565,18.0706,38.42,0.0642,#5d3a32,37.6713,12.5776,11.77,0.0293,#6e5255,39.9185,31.2511,45.19,0.0655,#894f3b,65.0938,10.5291,136.85,0.1025,#95a291,83.0404,18.4915,174.65,0.0305,#a9d9cb,palette_features_stage5.csv
G3_preset_pos_seed4242145_00001_.png,preset_pos,G3,4d43750a91,4242145,G3_preset_pos_seed4242145_00001_.png,1024,1280,98.7741,0.4295,277.84,0.1349,#fbfbfc,3.6371,0.7069,56.95,0.1826,#0e0d0c,0.8653,75.5614,9.1194,5,0.2508,33.2078,3.1251,0.348,72.98,0.1935,#0c0b0b,26.7823,16.2425,33.08,0.055,#573732,35.0268,27.6856,40.19,0.0573,#794437,37.5253,10.4915,357.85,0.0256,#695259,51.9121,33.5558,58.57,0.0323,#a66f4b,78.6866,18.7914,174.22,0.057,#9ccdbf,palette_features_stage5.csv
G3_preset_pos_seed42_00001_.png,preset_pos,G3,4d43750a91,42,G3_preset_pos_seed42_00001_.png,1024,1280,98.7432,0.5035,277.54,0.1477,#fbfbfc,4.3356,1.2533,59.47,0.1836,#110f0d,0.8525,74.3294,6.0925,6,0.3649,34.5079,3.2436,0.8232,61.52,0.1878,#0d0b0a,28.3456,17.5161,37.35,0.0616,#5c3a33,45.9466,35.3311,50.23,0.0154,#9c5d40,55.5681,10.8967,181.49,0.0219,#6f8b85,63.7439,9.2462,121.55,0.1771,#989d8c,77.573,19.8941,172.02,0.0654,#98caba,palette_features_stage5.csv
G3_preset_pos_seed777_00001_.png,preset_pos,G3,4d43750a91,777,G3_preset_pos_seed777_00001_.png,1024,1280,98.6748,0.422,276.92,0.1699,#fbfbfc,3.4733,0.4841,52.4,0.17,#0e0c0c,0.8307,79.9014,6.7454,6,0.3309,30.6616,2.2253,0.1655,26.32,0.1661,#090808,27.6601,15.8201,38.64,0.0707,#583a33,41.003,30.8271,45.46,0.0548,#8b523e,62.4371,9.0611,122.67,0.1648,#949989,68.6675,15.3284,155.47,0.0527,#91af9c,82.1268,20.5215,177.8,0.048,#a0d7ca,palette_features_stage5.csv
G3_preset_pos_seed9999_00001_.png,preset_pos,G3,4d43750a91,9999,G3_preset_pos_seed9999_00001_.png,1024,1280,98.6865,0.5625,280.87,0.1321,#fbfbfc,4.1151,0.4065,71.87,0.1862,#0f0e0e,0.8683,73.7343,8.862,5,0.3567,32.3001,3.0732,0.537,44.41,0.187,#0c0b0a,31.5553,22.1074,41.11,0.0459,#694034,41.8077,32.8371,47.13,0.0477,#8f533c,44.2962,13.0394,16.75,0.0308,#7f6163,64.3595,9.2757,130.03,0.1697,#969f8f,76.8075,23.0288,173.89,0.057,#8ecab8,palette_features_stage5.csv
G3_rand_neg_seed1337_00001_.png,rand_neg,G3,4d43750a91,1337,G3_rand_neg_seed1337_00001_.png,1024,1280,97.9784,0.0889,271.79,0.1417,#f9f9f9,4.882,1.4202,99.14,0.1694,#11110e,0.8584,79.3698,11.1336,5,0.3476,41.6262,2.4646,1.0185,79.66,0.1583,#0b0907,38.9779,30.4951,47.58,0.0743,#844e38,51.4258,42.6447,54.21,0.0143,#b06940,55.1535,16.8517,53.53,0.0508,#9e7d6d,65.2004,12.6902,118.97,0.1893,#9ba18a,81.8344,14.9828,188.7,0.0465,#a9d4cf,palette_features_stage5.csv
G3_rand_neg_seed4242145_00001_.png,rand_neg,G3,4d43750a91,4242145,G3_rand_neg_seed4242145_00001_.png,1024,1280,97.6059,0.17,312.21,0.095,#f8f8f8,3.7206,1.708,61.29,0.1693,#100d0a,0.9052,74.7643,11.7062,5,0.3158,47.5298,3.6595,1.6385,62.21,0.1852,#100c0a,40.8072,37.3945,46.17,0.065,#914e35,53.5548,23.0798,44.6,0.0424,#a47565,56.1837,49.1683,52.06,0.011,#c67044,69.0986,12.4671,111.22,0.1306,#a9aa94,78.4238,21.6478,192.33,0.0216,#8dceca,palette_features_stage5.csv
G3_rand_neg_seed42_00001_.png,rand_neg,G3,4d43750a91,42,G3_rand_neg_seed42_00001_.png,1024,1280,97.8859,0.1066,231.95,0.1291,#f9f9f9,4.3752,1.3308,73.15,0.1674,#110f0d,0.8727,74.0782,11.8724,5,0.349,44.4373,3.8028,1.3512,66.35,0.184,#100d0b,41.2995,36.6173,44.09,0.0679,#934f39,54.5444,23.0535,44.0,0.0586,#a77768,57.8042,45.7885,57.6,0.0097,#c37948,69.9269,14.8695,108.39,0.165,#adad91,77.881,17.3061,179.27,0.0558,#9ccac0,palette_features_stage5.csv
G3_rand_neg_seed777_00001_.png,rand_neg,G3,4d43750a91,777,G3_rand_neg_seed777_00001_.png,1024,1280,97.9148,0.1292,294.37,0.1767,#f9f9f9,3.4496,1.2427,56.93,0.1504,#0f0c0a,0.8237,76.4878,9.9211,5,0.2777,39.2499,2.4733,0.8484,54.57,0.168,#0b0907,32.9926,13.2385,42.54,0.0531,#614840,47.1169,40.0983,50.07,0.0346,#a45d3d,57.0794,20.5307,58.96,0.0501,#a6826b,58.206,12.4012,88.68,0.1097,#958b76,78.9612,17.4475,186.25,0.053,#9ccdc6,palette_features_stage5.csv
G3_rand_neg_seed9999_00001_.png,rand_neg,G3,4d43750a91,9999,G3_rand_neg_seed9999_00001_.png,1024,1280,97.5818,0.22,299.88,0.1052,#f8f8f8,3.7552,1.4451,58.73,0.165,#100d0b,0.8946,77.3483,11.3214,5,0.3262,46.9328,2.6423,0.8272,63.78,0.1619,#0b0908,37.9563,30.4336,43.67,0.0684,#834a38,52.4669,19.3224,47.54,0.0479,#9b7565,52.5852,47.76,51.22,0.0122,#bb673f,64.8308,12.3749,102.96,0.1643,#a19e88,79.9906,15.8721,182.51,0.0448,#a4cfc7,palette_features_stage5.csv
G3_rand_pos_seed1337_00001_.png,rand_pos,G3,4d43750a91,1337,G3_rand_pos_seed1337_00001_.png,1024,1280,99.8706,0.0897,168.81,0.1566,#feffff,3.5404,0.4288,356.53,0.1858,#0e0c0d,0.8442,79.3161,10.5971,6,0.2925,38.785,2.1806,0.4137,353.33,0.193,#090808,38.3366,25.0935,30.34,0.0793,#814c47,47.1301,39.1987,47.99,0.0371,#a45d40,53.817,12.4162,31.63,0.0995,#977a76,69.5704,11.416,106.47,0.0888,#acab96,81.4967,21.3365,176.72,0.0711,#9dd6c8,palette_features_stage5.csv
G3_rand_pos_seed4242145_00001_.png,rand_pos,G3,4d43750a91,4242145,G3_rand_pos_seed4242145_00001_.png,1024,1280,99.9273,0.0457,139.52,0.1418,#ffffff,3.8797,0.9619,21.89,0.2205,#100d0d,0.8589,76.3257,9.2283,5,0.3165,39.8505,2.5457,0.6472,15.84,0.2305,#0b0909,31.9418,18.9845,23.11,0.0753,#694040,35.6711,15.1761,194.38,0.0273,#325b59,47.4596,40.4978,47.84,0.0355,#a75d3f,69.5125,12.1143,122.72,0.086,#a5ad97,78.8715,25.3563,174.43,0.0458,#8dd0be,palette_features_stage5.csv
G3_rand_pos_seed42_00001_.png,rand_pos,G3,4d43750a91,42,G3_rand_pos_seed42_00001_.png,1024,1280,99.9494,0.0085,216.15,0.2044,#ffffff,4.1769,1.1687,35.65,0.1811,#110e0d,0.7956,77.871,6.1962,6,0.273,38.7316,2.8053,0.8008,39.99,0.1981,#0c0a09,30.0974,18.382,20.26,0.075,#633c3e,40.5245,33.0365,41.06,0.0724,#8e4e3d,52.7318,39.5324,54.98,0.0122,#b06e47,69.1223,12.6261,150.3,0.0664,#98ae9d,80.6763,23.5028,172.55,0.0697,#98d5c2,palette_features_stage5.csv
G3_rand_pos_seed777_00001_.png,rand_pos,G3,4d43750a91,777,G3_rand_pos_seed777_00001_.png,1024,1280,99.9431,0.0079,221.51,0.1679,#ffffff,3.6339,0.6767,20.3,0.2226,#0f0d0d,0.8322,78.98,10.0915,6,0.309,37.3896,2.2638,0.4393,16.24,0.2374,#090808,31.3584,11.5464,216.45,0.0288,#314e54,38.7498,17.2455,11.02,0.0293,#775157,44.6054,37.8289,42.98,0.06,#9e5640,71.5896,12.4565,124.47,0.0484,#aab39d,81.2439,25.0509,170.13,0.0717,#97d7c1,palette_features_stage5.csv
G3_rand_pos_seed9999_00001_.png,rand_pos,G3,4d43750a91,9999,G3_rand_pos_seed9999_00001_.png,1024,1280,99.9225,0.0104,224.16,0.1505,#ffffff,3.7759,0.4691,27.14,0.2242,#0f0d0d,0.85,79.6069,9.8834,5,0.3049,31.4336,2.2374,0.5446,32.61,0.226,#0a0807,29.4175,18.1426,19.39,0.0618,#613b3d,34.0282,13.8275,201.53,0.0354,#315658,40.7031,31.9782,40.28,0.0788,#8d4f3f,68.5192,10.2884,136.47,0.0585,#9eab9a,81.8443,23.5056,171.56,0.061,#9cd8c4,palette_features_stage5.csv
G4_baseline_seed101_00001_.png,baseline,G4,95acba3b41,101,G4_baseline_seed101_00001_.png,1024,1280,99.1478,0.0781,291.29,0.2101,#fdfdfd,1.6542,1.0175,66.06,0.2467,#080604,0.7931,86.0847,18.8404,3,0.5039,41.0524,1.2901,0.7699,63.36,0.296,#060403,35.329,20.8554,54.66,0.1242,#6e4b39,37.8776,22.9505,75.28,0.2078,#6e5535,39.9201,27.6182,106.14,0.0273,#606132,85.5749,41.8223,110.23,0.1003,#d5dc8b,87.3748,14.5442,110.96,0.0054,#dcddc1,palette_features_stage5.csv
G4_baseline_seed102_00001_.png,baseline,G4,95acba3b41,102,G4_baseline_seed102_00001_.png,1024,1280,99.3825,0.071,318.95,0.1565,#fdfdfd,1.7802,1.101,75.27,0.2263,#080604,0.8467,86.998,8.6043,6,0.3892,41.1722,1.6563,1.0128,74.67,0.2631,#080604,33.9156,21.807,59.03,0.1262,#694833,53.923,21.9181,104.85,0.1108,#85835c,70.2186,35.385,107.82,0.0097,#aeb06e,81.3678,8.9674,105.83,0.0033,#cccbba,88.6543,42.1849,110.63,0.0729,#dde592,palette_features_stage5.csv
G4_baseline_seed103_00001_.png,baseline,G4,95acba3b41,103,G4_baseline_seed103_00001_.png,1024,1280,98.8502,0.2019,293.7,0.1469,#fcfcfc,2.2034,1.4622,69.9,0.2369,#0b0805,0.8552,85.8051,11.9011,5,0.4446,43.7676,1.5114,0.9815,68.05,0.2509,#080503,33.9867,23.6563,49.01,0.0589,#6f4634,38.9566,25.5416,77.55,0.1938,#715833,52.2021,19.7669,102.74,0.1407,#827e5b,57.3218,34.4612,104.0,0.0173,#8f8c4e,87.3166,44.7491,110.73,0.0797,#d9e18a,palette_features_stage5.csv
G4_baseline_seed104_00001_.png,baseline,G4,95acba3b41,104,G4_baseline_seed104_00001_.png,1024,1280,98.4638,0.195,98.52,0.1511,#fbfbfa,2.2028,1.5288,69.33,0.2242,#0b0705,0.8503,83.8845,11.2177,5,0.3957,43.4087,1.6963,1.1725,67.97,0.2401,#090604,22.9633,13.3108,61.8,0.034,#463326,24.4782,16.2123,103.69,0.0392,#3d3b22,32.5786,22.2896,53.64,0.1556,#684431,66.5527,34.5682,107.14,0.0142,#a5a666,85.5808,44.5812,109.43,0.0978,#d6dc85,palette_features_stage5.csv
G4_baseline_seed105_00001_.png,baseline,G4,95acba3b41,105,G4_baseline_seed105_00001_.png,1024,1280,99.2897,0.0383,339.71,0.1519,#fdfdfd,2.0618,1.3716,67.83,0.235,#0a0704,0.8506,87.5088,4.7039,6,0.3774,40.8324,1.3954,0.9192,62.43,0.2504,#070503,23.1071,13.652,75.54,0.074,#433524,32.4693,23.4418,58.57,0.1197,#67442d,53.1047,19.9257,100.57,0.127,#85805d,68.1307,34.8381,107.78,0.0105,#a8aa69,88.9042,41.7516,111.14,0.0747,#dee694,palette_features_stage5.csv
G4_baseline_seed106_00001_.png,baseline,G4,95acba3b41,106,G4_baseline_seed106_00001_.png,1024,1280,99.4551,0.1363,277.82,0.2235,#fdfdfe,1.8641,1.2825,77.97,0.2132,#090604,0.7793,86.035,8.1954,6,0.3576,42.4592,1.4101,0.9659,76.8,0.2539,#070503,22.3207,12.9729,85.4,0.0462,#3e3422,35.2278,25.7783,55.95,0.0768,#724931,49.2627,35.8874,106.21,0.0186,#777939,56.3861,22.1685,105.83,0.1037,#8b8962,87.445,43.4251,109.83,0.0677,#dbe18c,palette_features_stage5.csv
G4_baseline_seed107_00001_.png,baseline,G4,95acba3b41,107,G4_baseline_seed107_00001_.png,1024,1280,98.6944,0.0332,104.46,0.1956,#fbfbfb,2.3086,1.3824,75.61,0.2146,#0b0805,0.8068,87.0264,10.7699,4,0.3297,48.8826,1.4528,0.7465,70.57,0.2305,#070504,27.9466,14.5296,59.37,0.036,#533d2f,32.0975,18.0652,106.71,0.0692,#4d4d30,36.8112,24.2451,52.58,0.0902,#764d38,65.6874,36.6389,107.06,0.0153,#a2a360,88.4792,49.6292,110.74,0.0993,#dbe584,palette_features_stage5.csv
G4_baseline_seed108_00001_.png,baseline,G4,95acba3b41,108,G4_baseline_seed108_00001_.png,1024,1280,99.3807,0.0933,285.22,0.1569,#fdfdfd,1.4776,0.9515,73.33,0.2582,#070503,0.8451,86.9309,9.2692,5,0.4743,40.8333,1.3258,0.8472,72.97,0.2989,#060503,27.5814,15.5253,96.53,0.0664,#474129,36.9199,24.7695,54.94,0.0745,#764e37,40.5796,25.0038,77.07,0.1754,#755b38,67.1083,34.1698,107.8,0.0116,#a6a768,88.2568,41.6805,110.64,0.0775,#dce492,palette_features_stage5.csv
G4_baseline_seed109_00001_.png,baseline,G4,95acba3b41,109,G4_baseline_seed109_00001_.png,1024,1280,98.5292,0.0968,26.13,0.2011,#fbfbfb,1.9521,1.3765,75.93,0.2117,#0a0704,0.8007,88.6457,2.6179,6,0.3758,47.0296,1.3766,0.9508,75.46,0.2342,#070503,19.3142,11.4549,88.5,0.0498,#352e1e,36.3365,23.622,62.48,0.1416,#704e34,57.3956,22.1616,105.82,0.1158,#8d8c64,76.7607,36.0897,109.49,0.0115,#bec27e,90.0224,47.9804,111.17,0.0679,#e0ea8b,palette_features_stage5.csv
G4_baseline_seed110_00001_.png,baseline,G4,95acba3b41,110,G4_baseline_seed110_00001_.png,1024,1280,99.1085,0.0938,297.66,0.1972,#fcfcfd,2.0005,1.4271,79.48,0.2328,#0a0704,0.8052,86.0284,17.9236,4,0.4493,49.3727,1.434,1.0086,79.15,0.2541,#070503,29.935,14.6997,61.97,0.0301,#584233,39.1976,25.8385,76.73,0.1952,#725833,85.9655,41.8717,109.88,0.0477,#d7dd8b,86.6849,15.7902,110.28,0.006,#dadbbd,87.4624,50.3813,109.97,0.0354,#dae27f,palette_features_stage5.csv
G4_baseline_seed1337_00001_.png,baseline,G4,95acba3b41,1337,G4_baseline_seed1337_00001_.png,1024,1280,98.8212,0.0262,245.49,0.1715,#fcfcfc,1.8444,1.0246,75.88,0.2349,#090604,0.8314,87.9052,17.3695,4,0.4287,41.8841,1.4614,0.7718,74.78,0.2624,#070504,33.6683,14.9407,100.59,0.0594,#545038,40.9994,28.1708,109.03,0.03,#616434,41.5012,25.1353,61.36,0.1041,#805a3e,45.2208,26.5216,85.17,0.1663,#7d683f,89.3665,42.6559,109.82,0.0718,#e1e793,palette_features_stage5.csv
G4_baseline_seed4242145_00001_.png,baseline,G4,95acba3b41,4242145,G4_baseline_seed4242145_00001_.png,1024,1280,98.5147,0.2126,86.66,0.1775,#fbfbfa,1.6578,1.0799,70.52,0.2428,#080604,0.8244,87.0991,11.6666,5,0.4518,43.3621,1.2152,0.7697,69.19,0.2664,#060403,40.1719,25.1701,55.71,0.0853,#7f553d,43.5928,25.1903,80.75,0.1854,#7b643e,57.6929,19.667,104.0,0.1066,#8f8c69,72.3617,35.4796,108.95,0.0153,#b3b673,88.3143,44.1317,110.15,0.073,#dde48d,palette_features_stage5.csv
G4_baseline_seed42_00001_.png,baseline,G4,95acba3b41,42,G4_baseline_seed42_00001_.png,1024,1280,99.0019,0.0848,96.74,0.15,#fcfcfc,2.2223,1.6146,74.36,0.2196,#0b0804,0.8515,86.831,11.0344,5,0.3352,45.4416,1.6893,1.1911,74.23,0.2302,#080603,20.8176,12.8193,80.0,0.0404,#3c3020,31.2007,19.8167,105.25,0.0528,#4c4b2b,35.0691,28.9767,56.19,0.0755,#74482d,71.783,37.7602,107.98,0.0132,#b2b46d,88.5203,46.6327,110.19,0.105,#dde589,palette_features_stage5.csv
G4_baseline_seed777_00001_.png,baseline,G4,95acba3b41,777,G4_baseline_seed777_00001_.png,1024,1280,98.5634,0.1534,84.52,0.1729,#fbfbfb,1.9425,1.1629,66.48,0.2096,#0a0705,0.8291,85.8014,4.3206,6,0.3984,41.1349,1.4969,0.8412,63.08,0.2259,#070504,17.4844,10.6275,83.81,0.0423,#322a1c,34.394,22.9206,64.43,0.1725,#6a4a30,52.8439,18.5094,101.91,0.099,#847f5f,63.3544,32.136,106.02,0.0176,#9d9c62,87.2983,41.9761,110.44,0.0975,#dae18f,palette_features_stage5.csv
G4_baseline_seed9999_00001_.png,baseline,G4,95acba3b41,9999,G4_baseline_seed9999_00001_.png,1024,1280,98.7812,0.1207,90.64,0.2244,#fcfbfb,1.9613,1.2694,67.53,0.228,#0a0704,0.7796,86.6698,12.5093,4,0.4706,42.0562,1.4084,0.8887,64.04,0.2714,#070503,36.2213,21.3982,50.65,0.0758,#724c3b,40.3825,23.3242,73.19,0.1992,#755a3b,62.6792,35.2112,105.14,0.0205,#9c9b5a,86.2368,17.4542,110.04,0.0087,#d9dab9,88.0783,42.9449,110.02,0.0904,#dde38f,palette_features_stage5.csv
G4_blockshuf_neg_seed1337_00001_.png,blockshuf_neg,G4,95acba3b41,1337,G4_blockshuf_neg_seed1337_00001_.png,1024,1280,99.399,0.255,106.35,0.1898,#fdfdfd,1.6681,0.8747,71.69,0.2348,#080604,0.8145,86.5462,15.0433,5,0.4215,45.711,1.1155,0.4853,65.25,0.2611,#050403,22.5195,15.2207,58.88,0.023,#473123,34.7967,25.647,51.22,0.0571,#724733,42.5932,28.2711,78.78,0.1604,#7b6037,86.8567,46.1963,110.37,0.0881,#d8e086,87.6617,16.3197,110.41,0.0078,#dddebf,palette_features_stage5.csv
G4_blockshuf_neg_seed4242145_00001_.png,blockshuf_neg,G4,95acba3b41,4242145,G4_blockshuf_neg_seed4242145_00001_.png,1024,1280,99.3323,0.2799,99.98,0.2233,#fdfdfd,2.6414,1.331,69.44,0.2303,#0c0907,0.7796,86.0396,8.605,5,0.3872,44.3616,1.3487,0.4678,56.72,0.2529,#060504,22.5605,12.6792,74.4,0.0359,#413424,36.7634,26.5217,49.24,0.1097,#794b37,53.1956,39.3234,108.88,0.0308,#7e843d,57.1668,22.2716,95.62,0.1343,#948963,87.3884,44.8294,109.16,0.0553,#dce189,palette_features_stage5.csv
G4_blockshuf_neg_seed42_00001_.png,blockshuf_neg,G4,95acba3b41,42,G4_blockshuf_neg_seed42_00001_.png,1024,1280,99.2598,0.2156,103.93,0.1363,#fdfdfc,2.9498,1.7918,70.47,0.1804,#0e0a07,0.8664,86.1367,12.2724,5,0.3563,41.6646,2.2675,1.2822,72.77,0.1794,#0b0805,33.4391,28.0484,51.3,0.083,#71432d,40.2801,31.0247,74.49,0.1769,#7a592e,70.9389,32.565,107.22,0.0137,#b1b174,87.6094,42.9467,111.34,0.1133,#d9e28e,88.4043,17.6805,111.67,0.0069,#dee1be,palette_features_stage5.csv
G4_blockshuf_neg_seed777_00001_.png,blockshuf_neg,G4,95acba3b41,777,G4_blockshuf_neg_seed777_00001_.png,1024,1280,99.2793,0.5439,104.96,0.2045,#fdfdfc,2.3357,1.001,68.91,0.1908,#0b0806,0.8016,86.423,9.9323,5,0.3735,40.9272,2.0898,0.823,66.77,0.2281,#090706,14.2547,8.7826,76.36,0.0497,#2b2318,38.3882,25.6264,60.03,0.1454,#785237,67.4703,31.1411,104.82,0.0284,#aaa76e,87.7246,41.7502,112.14,0.0931,#d9e391,88.5128,18.6395,109.22,0.0127,#e0e1bd,palette_features_stage5.csv
G4_blockshuf_neg_seed9999_00001_.png,blockshuf_neg,G4,95acba3b41,9999,G4_blockshuf_neg_seed9999_00001_.png,1024,1280,99.3419,0.2733,102.5,0.2378,#fdfdfd,2.1846,1.0319,70.09,0.2034,#0a0806,0.7668,87.1199,5.1114,6,0.3817,39.276,1.4336,0.5068,64.25,0.2412,#060504,25.1808,13.7772,63.8,0.0294,#4b3829,35.8403,24.752,48.86,0.0633,#754a37,54.4439,20.6669,91.73,0.1404,#8e815f,66.8498,35.0863,108.2,0.0149,#a4a766,88.5535,39.7827,112.54,0.1034,#dbe597,palette_features_stage5.csv
G4_blockshuf_pos_seed1337_00001_.png,blockshuf_pos,G4,95acba3b41,1337,G4_blockshuf_pos_seed1337_00001_.png,1024,1280,99.3814,0.2437,265.78,0.1802,#fdfdfe,1.8579,1.2633,77.33,0.2411,#090604,0.8208,87.2784,8.5642,6,0.4121,57.6177,1.2278,0.8059,73.32,0.2539,#060403,33.1951,19.1068,74.1,0.1583,#5f4a31,46.4445,28.47,57.54,0.0281,#926446,67.6638,21.2022,106.3,0.1035,#a8a780,81.6424,58.4236,108.82,0.026,#c9d35f,88.5062,41.4077,110.62,0.0468,#dde493,palette_features_stage5.csv
G4_blockshuf_pos_seed4242145_00001_.png,blockshuf_pos,G4,95acba3b41,4242145,G4_blockshuf_pos_seed4242145_00001_.png,1024,1280,99.7225,0.1376,265.52,0.196,#fefefe,1.8257,1.3277,73.01,0.2737,#090604,0.8042,87.2878,10.259,6,0.4658,56.9961,1.2577,0.9573,71.2,0.3031,#060402,32.007,18.0325,54.66,0.1627,#624535,44.0554,30.2757,44.69,0.0173,#935946,72.9669,20.9553,105.3,0.0819,#b8b58e,81.7961,57.9534,109.97,0.0298,#c8d361,88.5455,43.6755,109.92,0.0327,#dee48f,palette_features_stage5.csv
G4_blockshuf_pos_seed42_00001_.png,blockshuf_pos,G4,95acba3b41,42,G4_blockshuf_pos_seed42_00001_.png,1024,1280,99.3103,0.2031,265.13,0.2059,#fdfdfd,2.6733,2.1701,80.82,0.2354,#0d0905,0.7946,87.0285,5.1934,6,0.3303,49.2368,2.0756,1.6873,80.56,0.2619,#0a0704,21.1895,13.5109,86.77,0.0551,#3b321f,34.6622,22.5368,109.5,0.0337,#51542f,45.8972,30.0553,59.41,0.0292,#916242,72.1454,43.5231,109.13,0.0155,#b1b664,89.104,50.9241,107.81,0.0684,#e2e681,palette_features_stage5.csv
G4_blockshuf_pos_seed777_00001_.png,blockshuf_pos,G4,95acba3b41,777,G4_blockshuf_pos_seed777_00001_.png,1024,1280,99.0013,0.206,274.31,0.1963,#fcfcfd,2.3594,1.5025,79.31,0.2247,#0b0805,0.8043,86.6964,16.0409,4,0.454,55.8769,1.9613,1.22,78.78,0.255,#090704,24.2523,15.5846,106.8,0.0303,#3b3b23,38.3359,27.73,108.33,0.0101,#5b5d2e,41.0214,25.1127,72.41,0.199,#795b3a,86.6655,57.0969,109.36,0.0248,#d7e16f,88.6577,43.843,108.62,0.0508,#e0e48e,palette_features_stage5.csv
G4_blockshuf_pos_seed9999_00001_.png,blockshuf_pos,G4,95acba3b41,9999,G4_blockshuf_pos_seed9999_00001_.png,1024,1280,98.6455,0.0713,271.34,0.2462,#fbfbfb,2.8786,1.7955,86.44,0.2454,#0d0a06,0.7555,86.7339,15.2146,4,0.4812,56.134,1.9981,1.2015,85.85,0.2803,#090704,28.2143,13.8424,106.68,0.0391,#44442e,44.5651,21.6264,69.91,0.2008,#816448,46.0786,29.9743,108.0,0.0121,#6e703c,87.3475,57.3355,110.16,0.0221,#d8e371,88.732,44.4054,109.85,0.0381,#dfe58e,palette_features_stage5.csv
G4_preset_half_seed1337_00001_.png,preset_half,G4,95acba3b41,1337,G4_preset_half_seed1337_00001_.png,1024,1280,99.1277,0.0646,291.56,0.1392,#fcfcfd,1.8634,1.4299,80.58,0.2599,#090603,0.8619,86.2421,10.3883,6,0.3893,42.4463,1.2608,0.981,78.35,0.2667,#060402,36.9238,25.8588,62.72,0.0696,#734f32,54.905,20.584,108.0,0.1226,#858661,64.8711,35.1717,107.26,0.0118,#a0a160,82.3728,10.2558,109.0,0.0029,#cecebb,87.5029,43.4273,111.11,0.0806,#d9e28d,palette_features_stage5.csv
G4_preset_half_seed4242145_00001_.png,preset_half,G4,95acba3b41,4242145,G4_preset_half_seed4242145_00001_.png,1024,1280,98.5761,0.0991,96.94,0.16,#fbfbfb,1.4623,1.0818,76.41,0.2579,#070503,0.8417,86.3999,16.3308,4,0.3814,41.7201,1.3343,0.9841,76.31,0.2978,#070503,26.9399,15.0892,57.2,0.0515,#523b2d,38.7921,26.9061,59.87,0.0668,#7b5236,41.896,28.1509,105.33,0.0159,#666535,86.8394,42.7042,110.33,0.0836,#d9e08c,87.7342,16.2745,110.69,0.0045,#dddebf,palette_features_stage5.csv
G4_preset_half_seed42_00001_.png,preset_half,G4,95acba3b41,42,G4_preset_half_seed42_00001_.png,1024,1280,99.0528,0.0206,142.98,0.1654,#fcfcfc,1.67,1.4106,71.7,0.2093,#090603,0.836,87.6925,3.8089,6,0.3487,43.2447,1.1275,0.933,70.95,0.2139,#060402,16.1023,12.5009,83.38,0.037,#302716,36.2372,30.72,61.81,0.069,#764b2a,54.5571,22.1193,102.47,0.1348,#88845d,66.2902,39.5192,106.17,0.0158,#a5a55c,88.8201,44.1777,108.45,0.0882,#e1e58e,palette_features_stage5.csv
G4_preset_half_seed777_00001_.png,preset_half,G4,95acba3b41,777,G4_preset_half_seed777_00001_.png,1024,1280,99.469,0.194,285.31,0.1678,#fdfdfe,1.1775,0.9243,75.64,0.2584,#060402,0.8328,87.6876,7.4244,6,0.3872,45.8453,0.6407,0.5004,75.08,0.2636,#030201,29.8998,24.4923,68.16,0.1052,#5e4023,40.4093,13.9617,96.79,0.0088,#655f49,53.6228,22.1187,97.04,0.1237,#89805a,65.0572,33.6233,105.11,0.0123,#a3a163,88.3283,46.3458,111.74,0.0853,#dae58a,palette_features_stage5.csv
G4_preset_half_seed9999_00001_.png,preset_half,G4,95acba3b41,9999,G4_preset_half_seed9999_00001_.png,1024,1280,98.3945,0.145,333.83,0.2188,#fbfafa,2.0161,1.4183,74.33,0.2135,#0a0704,0.7828,87.197,4.9146,6,0.4241,42.1055,1.5056,1.0455,75.82,0.2375,#070503,26.3879,13.9871,81.18,0.0777,#493d2a,36.7551,24.8313,63.86,0.1866,#724f33,56.5767,21.4208,104.52,0.1192,#8c8963,70.9234,33.5412,107.94,0.0103,#b0b173,88.7026,43.151,110.71,0.0699,#dde591,palette_features_stage5.csv
G4_preset_neg_seed1337_00001_.png,preset_neg,G4,95acba3b41,1337,G4_preset_neg_seed1337_00001_.png,1024,1280,99.1864,0.0591,209.97,0.1848,#fdfdfd,2.2497,1.1649,64.99,0.1817,#0b0806,0.8183,88.3807,11.1055,5,0.4385,41.8732,1.5942,0.7792,63.99,0.1917,#080504,38.5109,26.0306,50.21,0.1356,#7d503b,41.6733,26.0013,79.64,0.2467,#775e38,57.3412,18.9453,102.32,0.1249,#8f8b69,77.4054,31.6863,111.27,0.0143,#bec488,89.9749,42.6523,115.68,0.11,#daeb98,palette_features_stage5.csv
G4_preset_neg_seed4242145_00001_.png,preset_neg,G4,95acba3b41,4242145,G4_preset_neg_seed4242145_00001_.png,1024,1280,99.1964,0.3442,117.84,0.1997,#fdfdfc,1.7809,0.9291,63.93,0.168,#090604,0.8034,85.4934,12.9917,5,0.3783,47.2475,1.5833,0.799,63.04,0.2044,#080504,38.5741,25.0055,48.24,0.1563,#7d503d,44.5714,22.6978,77.9,0.174,#7d6645,64.1203,30.7824,106.5,0.0149,#9f9f66,86.9078,48.0466,111.61,0.0607,#d6e183,87.0767,16.8872,112.84,0.0085,#daddbc,palette_features_stage5.csv
G4_preset_neg_seed42_00001_.png,preset_neg,G4,95acba3b41,42,G4_preset_neg_seed42_00001_.png,1024,1280,99.0985,0.1305,118.73,0.1705,#fcfcfc,2.522,1.3937,68.03,0.1651,#0c0906,0.8327,86.6003,14.2246,4,0.3982,47.385,2.2226,1.1974,67.12,0.1888,#0b0805,40.1007,27.0545,46.84,0.1472,#84523f,42.5631,26.6997,76.05,0.2094,#7c603a,57.5405,19.1662,104.85,0.1356,#8e8c6a,86.5455,38.1329,111.54,0.0266,#d7de95,88.8228,48.5823,112.69,0.1017,#d9e788,palette_features_stage5.csv
G4_preset_neg_seed777_00001_.png,preset_neg,G4,95acba3b41,777,G4_preset_neg_seed777_00001_.png,1024,1280,99.0862,0.375,116.44,0.1882,#fcfcfc,2.4062,1.2712,66.33,0.2137,#0b0806,0.8172,86.2315,17.7034,4,0.4249,46.9938,1.6164,0.8008,70.16,0.2353,#070604,35.2629,17.7726,39.43,0.0565,#6e4a42,43.0363,23.0399,76.2,0.1896,#7a6141,86.1673,37.4542,112.99,0.0812,#d4de95,86.9004,15.2175,111.54,0.0107,#dadcbf,87.848,47.7946,114.13,0.0506,#d4e587,palette_features_stage5.csv
G4_preset_neg_seed9999_00001_.png,preset_neg,G4,95acba3b41,9999,G4_preset_neg_seed9999_00001_.png,1024,1280,99.069,0.2968,117.11,0.24,#fcfcfc,1.6061,0.7083,65.05,0.1988,#070604,0.765,88.434,12.4968,5,0.4556,46.4321,1.433,0.6016,64.86,0.2572,#070504,24.308,20.3522,113.58,0.0308,#373d1d,40.9489,22.1153,43.66,0.1073,#815648,47.9801,23.2704,72.61,0.1984,#8a6d4d,86.5032,38.3782,111.49,0.0606,#d7de94,89.867,47.0337,113.41,0.0486,#dcea8e,palette_features_stage5.csv
G4_preset_pos_seed1337_00001_.png,preset_pos,G4,95acba3b41,1337,G4_preset_pos_seed1337_00001_.png,1024,1280,99.195,0.3626,285.41,0.1061,#fdfdfd,0.9158,0.8564,80.56,0.2814,#050301,0.8939,90.7102,10.918,5,0.6766,49.8713,0.572,0.5576,77.6,0.2862,#030201,33.2917,16.2247,105.14,0.0098,#515035,36.2914,27.9631,75.04,0.3905,#6d502a,64.3783,32.4277,107.02,0.0056,#9fa064,80.2087,42.7057,110.13,0.006,#c6cd7b,91.2822,50.4289,112.45,0.0596,#e0ee8b,palette_features_stage5.csv
G4_preset_pos_seed4242145_00001_.png,preset_pos,G4,95acba3b41,4242145,G4_preset_pos_seed4242145_00001_.png,1024,1280,99.5727,0.1078,313.4,0.1188,#fefefe,1.0491,0.8342,81.3,0.2819,#050402,0.8812,88.2591,7.9786,6,0.5664,47.2298,0.832,0.6511,81.1,0.3054,#040301,19.8439,17.6266,70.11,0.0214,#3f2c18,40.3088,31.5365,70.13,0.261,#7d572e,49.4176,33.6063,103.31,0.0067,#7b783d,58.6242,21.2215,99.35,0.1051,#958e68,89.0911,47.8809,111.38,0.0605,#dde789,palette_features_stage5.csv
G4_preset_pos_seed42_00001_.png,preset_pos,G4,95acba3b41,42,G4_preset_pos_seed42_00001_.png,1024,1280,99.1622,0.1485,260.77,0.151,#fcfdfd,1.4453,1.2894,77.1,0.2213,#070502,0.8497,91.8276,11.3742,6,0.516,52.2969,0.9013,0.8159,74.24,0.2266,#050301,28.3988,18.2715,104.46,0.0333,#464427,37.1906,30.9216,72.44,0.2894,#735127,43.0972,34.7913,107.16,0.023,#67692d,78.7153,44.5438,109.01,0.0062,#c3c973,92.7289,53.1128,110.91,0.0713,#e7f288,palette_features_stage5.csv
G4_preset_pos_seed777_00001_.png,preset_pos,G4,95acba3b41,777,G4_preset_pos_seed777_00001_.png,1024,1280,99.6264,0.0283,74.49,0.1464,#fefefe,1.1572,0.8925,82.37,0.2703,#060402,0.8551,89.3728,2.4119,6,0.5339,50.8297,0.8452,0.6468,80.38,0.292,#040302,16.5485,13.6562,78.5,0.0277,#332716,37.8337,29.376,73.93,0.2419,#72532b,56.0808,20.8603,100.68,0.1451,#8d8763,75.5266,38.277,107.8,0.008,#bdbf76,90.218,51.4765,111.87,0.0615,#deeb85,palette_features_stage5.csv
G4_preset_pos_seed9999_00001_.png,preset_pos,G4,95acba3b41,9999,G4_preset_pos_seed9999_00001_.png,1024,1280,99.4528,0.2689,305.13,0.1913,#fefdfe,1.0348,0.7886,82.69,0.29,#050402,0.81,90.061,11.6562,5,0.4973,47.5915,0.3877,0.3299,72.91,0.2939,#020101,29.5821,22.8443,76.77,0.1468,#584223,38.9233,13.5048,100.77,0.0179,#605c46,40.2942,30.3556,73.75,0.2034,#7a592f,72.5247,37.365,107.2,0.0069,#b5b670,90.4487,47.9214,111.1,0.0696,#e1eb8c,palette_features_stage5.csv
G4_rand_neg_seed1337_00001_.png,rand_neg,G4,95acba3b41,1337,G4_rand_neg_seed1337_00001_.png,1024,1280,97.9298,0.0443,14.44,0.1707,#f9f9f9,2.0575,1.2406,74.99,0.1986,#0a0705,0.8308,83.701,2.5665,6,0.3316,44.3794,0.9598,0.4995,63.13,0.1699,#050302,21.3159,11.9003,80.02,0.0287,#3c3222,36.1025,21.9123,57.98,0.0427,#704d38,52.9363,18.4373,104.98,0.1616,#828060,66.1067,31.7359,106.05,0.0146,#a5a469,84.6608,44.8789,109.69,0.0692,#d3d982,palette_features_stage5.csv
G4_rand_neg_seed4242145_00001_.png,rand_neg,G4,95acba3b41,4242145,G4_rand_neg_seed4242145_00001_.png,1024,1280,97.5284,0.1113,351.99,0.1856,#f8f8f8,2.2637,1.2251,78.8,0.2182,#0a0805,0.8154,84.1315,9.0402,5,0.4593,41.8109,1.5828,0.8566,81.06,0.227,#070604,32.9831,20.0628,51.87,0.0851,#684635,36.3422,22.8016,78.58,0.2324,#685232,51.8852,17.7118,100.02,0.1174,#827c5e,71.3683,32.2189,108.93,0.0097,#b0b377,85.7143,42.6675,111.1,0.0549,#d4dd8a,palette_features_stage5.csv
G4_rand_neg_seed42_00001_.png,rand_neg,G4,95acba3b41,42,G4_rand_neg_seed42_00001_.png,1024,1280,97.7979,0.0663,16.12,0.2161,#f9f9f9,2.1038,1.4069,74.22,0.2019,#0a0704,0.7852,85.3031,8.1798,6,0.467,48.9765,1.7432,1.1605,74.56,0.2386,#080604,32.0949,21.0162,50.54,0.1801,#674333,37.4572,26.5323,75.88,0.2285,#6e532e,55.5622,19.4349,103.07,0.1229,#8a8664,74.1741,36.6024,106.95,0.0097,#baba75,87.0462,50.1369,108.93,0.0519,#dae17e,palette_features_stage5.csv
G4_rand_neg_seed777_00001_.png,rand_neg,G4,95acba3b41,777,G4_rand_neg_seed777_00001_.png,1024,1280,97.9261,0.057,340.39,0.1833,#f9f9f9,2.1067,1.1802,64.99,0.232,#0a0705,0.8183,81.0154,11.6961,4,0.4532,49.9032,1.5002,0.7509,59.93,0.2569,#070504,31.8731,20.2412,48.86,0.0797,#664334,36.5865,22.3992,76.04,0.1963,#695233,61.3834,26.1227,98.68,0.0156,#9e9566,82.2885,38.532,110.11,0.0556,#cdd288,82.5156,50.654,108.42,0.0277,#ced471,palette_features_stage5.csv
G4_rand_neg_seed9999_00001_.png,rand_neg,G4,95acba3b41,9999,G4_rand_neg_seed9999_00001_.png,1024,1280,97.8194,0.1366,68.83,0.2299,#f9f9f8,2.253,1.2133,67.22,0.206,#0b0806,0.7731,82.2892,10.3852,5,0.4877,42.8309,1.3938,0.6744,64.71,0.2316,#070504,34.7143,21.1323,50.23,0.0557,#6e4938,36.1363,21.4533,76.86,0.2561,#675134,50.6307,14.6229,90.42,0.1552,#827860,63.6231,34.2048,106.02,0.0155,#9e9d5f,83.683,43.5053,109.2,0.0595,#d1d682,palette_features_stage5.csv
G4_rand_pos_seed1337_00001_.png,rand_pos,G4,95acba3b41,1337,G4_rand_pos_seed1337_00001_.png,1024,1280,99.7979,0.0833,124.11,0.1275,#fefefe,0.7448,0.5016,75.9,0.2656,#040302,0.8734,92.865,8.068,6,0.399,48.936,0.3912,0.2456,72.42,0.2889,#020101,31.6817,24.0776,68.22,0.0154,#624528,37.9263,30.2535,48.08,0.0362,#814c36,53.9159,17.4154,107.58,0.1079,#838364,72.4338,38.266,113.08,0.0067,#adb870,93.2562,49.1816,116.92,0.1101,#dff695,palette_features_stage5.csv
G4_rand_pos_seed4242145_00001_.png,rand_pos,G4,95acba3b41,4242145,G4_rand_pos_seed4242145_00001_.png,1024,1280,99.9107,0.0746,125.52,0.1505,#ffffff,0.6748,0.4131,64.08,0.2739,#030202,0.8499,93.405,17.3061,4,0.5503,45.3646,0.3162,0.1514,60.57,0.3039,#010101,18.8629,15.2729,59.76,0.0169,#3e291b,43.592,12.5274,112.31,0.01,#676954,45.9244,40.874,100.27,0.0074,#756f25,45.9566,31.2651,63.02,0.2464,#90633f,93.7211,45.5159,117.54,0.1372,#e1f79e,palette_features_stage5.csv
G4_rand_pos_seed42_00001_.png,rand_pos,G4,95acba3b41,42,G4_rand_pos_seed42_00001_.png,1024,1280,99.8589,0.1289,122.03,0.1487,#fffffe,1.0842,0.8385,71.47,0.2365,#060402,0.852,92.074,10.3794,5,0.3889,50.5961,0.6031,0.4561,67.8,0.2622,#030201,27.8574,20.5519,65.53,0.1267,#573c25,38.5175,15.4418,104.73,0.0275,#5e5c42,41.5805,37.8346,50.54,0.0298,#925133,72.7386,39.6098,111.18,0.008,#b0b86e,92.6771,51.0521,116.43,0.1213,#ddf490,palette_features_stage5.csv
G4_rand_pos_seed777_00001_.png,rand_pos,G4,95acba3b41,777,G4_rand_pos_seed777_00001_.png,1024,1280,99.8933,0.1081,120.77,0.1842,#ffffff,0.5119,0.2694,61.8,0.2234,#020201,0.8169,93.2392,4.4716,6,0.3926,52.6972,0.5066,0.2674,62.65,0.2731,#020201,26.9984,20.3905,63.97,0.118,#553a24,40.784,29.5945,56.67,0.0401,#845538,57.3244,18.9665,105.27,0.1036,#8d8b6a,77.7692,42.4331,113.51,0.0067,#bac777,93.7458,52.9646,116.57,0.1195,#dff88f,palette_features_stage5.csv
G4_rand_pos_seed9999_00001_.png,rand_pos,G4,95acba3b41,9999,G4_rand_pos_seed9999_00001_.png,1024,1280,99.8546,0.1281,119.72,0.2193,#fffffe,1.638,0.6643,67.42,0.2737,#070604,0.7822,88.9867,8.1074,6,0.4393,48.1933,1.1602,0.3955,61.12,0.3205,#050403,33.6207,18.1493,55.03,0.0944,#664838,42.0523,28.8302,48.22,0.0606,#8b5641,56.1447,18.72,103.1,0.1188,#8b8867,75.4837,35.2804,109.64,0.0108,#babf7c,90.1469,48.5888,115.23,0.1105,#d9ec8d,palette_features_stage5.csv
G5_baseline_seed101_00001_.png,baseline,G5,5a0d2949e1,101,G5_baseline_seed101_00001_.png,1024,1280,98.4786,0.6705,234.57,0.1456,#f9fbfc,3.6287,1.6392,322.7,0.1642,#0f0c0f,0.8673,82.0504,12.3471,4,0.3189,34.7814,2.3077,1.214,315.34,0.1689,#0a080b,34.4889,19.9115,25.54,0.1262,#704644,38.6734,28.4908,260.24,0.0239,#246088,51.632,16.1407,262.13,0.1195,#667d96,54.7259,35.9955,42.87,0.15,#b9705a,84.3581,6.77,235.53,0.0175,#c5d5dd,palette_features_stage5.csv
G5_baseline_seed102_00001_.png,baseline,G5,5a0d2949e1,102,G5_baseline_seed102_00001_.png,1024,1280,99.8671,0.0975,106.43,0.142,#fffffe,3.652,0.9423,323.82,0.1636,#0e0d0e,0.8596,75.7568,10.8135,5,0.335,45.2934,2.2562,0.6181,301.25,0.1685,#08080a,35.7136,20.1214,23.69,0.1665,#744848,43.4555,30.1189,260.3,0.0322,#2e6c97,48.0483,45.9115,42.27,0.0215,#b15940,56.5844,33.5705,47.4,0.1335,#b9785e,78.013,8.1463,236.82,0.0808,#b1c4cd,palette_features_stage5.csv
G5_baseline_seed103_00001_.png,baseline,G5,5a0d2949e1,103,G5_baseline_seed103_00001_.png,1024,1280,98.1399,0.651,239.78,0.0703,#f8fafb,3.5457,1.1802,319.12,0.2086,#0e0c0e,0.9358,76.4859,11.0357,6,0.3493,38.2957,1.813,0.7212,337.1,0.1933,#080607,36.1231,19.8259,29.89,0.1476,#744a46,43.217,29.2848,36.48,0.1538,#92564b,51.3208,39.0169,44.03,0.1559,#b2664d,72.6155,30.0617,242.92,0.0474,#6dbce2,78.2988,7.6885,253.13,0.0381,#b6c3cf,palette_features_stage5.csv
G5_baseline_seed104_00001_.png,baseline,G5,5a0d2949e1,104,G5_baseline_seed104_00001_.png,1024,1280,99.9449,0.0417,226.67,0.0994,#ffffff,4.4642,1.366,325.2,0.1578,#110f11,0.9006,77.856,5.9303,6,0.322,31.5608,3.3608,1.0679,313.6,0.1562,#0d0c0e,21.6788,13.8399,17.4,0.0491,#482c2e,37.081,23.5331,33.49,0.1657,#7b4b43,43.876,31.3521,262.98,0.0243,#306c9b,68.548,32.6287,249.45,0.0303,#60b0de,81.2168,17.3903,245.21,0.032,#a9cfe7,palette_features_stage5.csv
G5_baseline_seed105_00001_.png,baseline,G5,5a0d2949e1,105,G5_baseline_seed105_00001_.png,1024,1280,99.9415,0.0368,215.48,0.0701,#ffffff,3.2651,1.1137,353.81,0.1628,#0e0b0c,0.93,73.8067,12.2793,4,0.3899,42.3103,2.1488,0.597,329.02,0.1539,#090709,36.0482,22.1301,29.89,0.1686,#774944,45.6193,42.9073,40.41,0.0501,#a8543f,49.4465,32.4796,45.53,0.2213,#a4664f,73.5779,29.4999,245.6,0.0565,#74bee5,75.9556,5.5091,247.0,0.068,#b2bdc4,palette_features_stage5.csv
G5_baseline_seed106_00001_.png,baseline,G5,5a0d2949e1,106,G5_baseline_seed106_00001_.png,1024,1280,99.8638,0.1528,225.87,0.0878,#feffff,4.5446,2.0639,343.84,0.1488,#130e11,0.9128,82.0199,13.6949,4,0.3336,41.3221,3.9079,1.7656,333.36,0.1557,#100d0f,38.8969,21.7177,27.47,0.1565,#7e4f4c,47.9215,43.0877,41.32,0.0552,#ae5a43,52.0587,31.5896,44.9,0.177,#ab6d57,55.0854,33.3048,255.51,0.0362,#3d8bbb,85.9277,17.2941,232.87,0.0414,#b1def0,palette_features_stage5.csv
G5_baseline_seed107_00001_.png,baseline,G5,5a0d2949e1,107,G5_baseline_seed107_00001_.png,1024,1280,99.906,0.0938,227.95,0.1449,#ffffff,2.5536,0.8832,319.88,0.1579,#0a090b,0.855,79.7532,12.4923,4,0.3639,31.3285,2.1407,0.7023,320.2,0.1739,#090709,14.0351,8.4883,262.26,0.0208,#1a252f,34.8595,19.3287,20.13,0.0736,#714748,39.2782,32.0308,261.94,0.0232,#186190,44.0075,8.9227,353.09,0.19,#76636a,81.8939,19.0282,241.19,0.0507,#a5d2ea,palette_features_stage5.csv
G5_baseline_seed108_00001_.png,baseline,G5,5a0d2949e1,108,G5_baseline_seed108_00001_.png,1024,1280,99.9552,0.0257,226.97,0.112,#ffffff,3.539,1.0401,320.89,0.1604,#0e0c0e,0.888,74.8142,10.2606,6,0.3004,28.3259,1.9589,0.5012,330.71,0.1528,#080708,31.6189,19.4868,27.39,0.1476,#68403d,38.0667,28.8271,37.44,0.1079,#834a3e,43.863,15.2241,2.61,0.0216,#815f67,51.675,13.5349,267.43,0.1126,#6d7c92,76.773,28.6269,241.79,0.062,#7dc7eb,palette_features_stage5.csv
G5_baseline_seed109_00001_.png,baseline,G5,5a0d2949e1,109,G5_baseline_seed109_00001_.png,1024,1280,99.868,0.0283,195.53,0.1569,#ffffff,4.413,1.5853,347.34,0.1831,#120e10,0.8434,75.5881,11.4842,5,0.3788,36.1394,2.5612,1.0473,349.73,0.1833,#0c090a,32.3609,17.9989,260.99,0.037,#334f68,37.6738,21.1957,32.37,0.1955,#7a4d47,47.9621,37.1867,40.85,0.1317,#a85e4a,75.7917,27.2653,239.11,0.0583,#7cc4e5,78.1493,8.9007,253.43,0.0543,#b4c3d1,palette_features_stage5.csv
G5_baseline_seed110_00001_.png,baseline,G5,5a0d2949e1,110,G5_baseline_seed110_00001_.png,1024,1280,99.9435,0.0394,115.02,0.1198,#ffffff,3.9951,1.4038,327.84,0.1876,#100d10,0.8796,76.7436,15.1236,3,0.4105,39.2795,2.2364,0.9003,349.7,0.1752,#0a0709,37.7499,23.6049,27.48,0.2353,#7e4b48,37.7535,31.5542,264.65,0.0166,#1d5d8b,42.7469,40.1798,40.54,0.0269,#9c4f3b,74.6287,29.9182,243.48,0.0593,#74c1e8,78.98,6.7649,253.44,0.0449,#bac5cf,palette_features_stage5.csv
G5_baseline_seed1337_00001_.png,baseline,G5,5a0d2949e1,1337,G5_baseline_seed1337_00001_.png,1024,1280,99.946,0.0369,212.61,0.1331,#ffffff,4.2794,1.7089,6.39,0.159,#120e0f,0.8662,79.3125,10.9962,5,0.2914,44.2189,3.043,0.921,334.65,0.164,#0d0a0c,19.1455,14.2945,34.27,0.0275,#422823,38.1108,25.906,33.59,0.1274,#814b44,48.5503,33.8977,252.98,0.0246,#197baa,48.6701,45.1399,38.8,0.0291,#b45946,82.3555,9.3536,241.89,0.0512,#bcd0dc,palette_features_stage5.csv
G5_baseline_seed4242145_00001_.png,baseline,G5,5a0d2949e1,4242145,G5_baseline_seed4242145_00001_.png,1024,1280,99.3837,0.2481,223.6,0.0877,#fdfdfe,4.9878,2.1427,354.62,0.1643,#141011,0.9149,76.8066,8.7138,5,0.2734,30.1574,3.8714,1.4533,318.99,0.1578,#0f0d10,34.7502,19.343,22.43,0.0989,#704747,47.8408,22.0154,266.52,0.0902,#567496,52.7642,31.6107,47.15,0.1156,#ac6f57,63.4959,30.6438,246.47,0.0213,#54a2cb,80.678,24.6409,233.9,0.0341,#8ed2ed,palette_features_stage5.csv
G5_baseline_seed42_00001_.png,baseline,G5,5a0d2949e1,42,G5_baseline_seed42_00001_.png,1024,1280,99.7822,0.1489,64.85,0.0805,#fffefe,3.7998,1.3119,357.89,0.1755,#100d0e,0.9195,75.3667,7.5155,5,0.3657,37.2621,2.4095,0.7772,350.93,0.1658,#0b0809,19.5404,15.2505,32.76,0.0267,#442824,38.0126,27.5682,33.86,0.1999,#824a42,47.0341,38.0393,38.05,0.0964,#a75a4a,73.125,30.2986,244.26,0.0676,#6fbde5,77.7762,6.6888,249.48,0.0402,#b6c2cc,palette_features_stage5.csv
G5_baseline_seed777_00001_.png,baseline,G5,5a0d2949e1,777,G5_baseline_seed777_00001_.png,1024,1280,99.2566,0.4408,243.29,0.1571,#fcfdfe,3.3306,0.9775,321.77,0.1578,#0d0c0d,0.8527,74.9643,16.0194,4,0.2557,39.2379,2.8394,0.8533,324.08,0.1787,#0c0a0c,43.6935,21.5811,30.02,0.077,#8a5b56,43.9118,40.0913,40.29,0.0296,#a0523e,44.2569,23.1163,257.14,0.0613,#426d8e,70.3875,32.7132,246.78,0.0394,#61b6e2,77.8037,11.3846,245.68,0.0674,#acc4d3,palette_features_stage5.csv
G5_baseline_seed9999_00001_.png,baseline,G5,5a0d2949e1,9999,G5_baseline_seed9999_00001_.png,1024,1280,99.9211,0.0661,218.31,0.0767,#ffffff,4.0526,1.5751,341.65,0.1544,#110d0f,0.9233,80.1363,14.7799,4,0.3679,30.7247,2.7769,1.1184,328.2,0.148,#0c090c,35.7503,19.4742,23.32,0.2199,#734949,38.2253,29.5633,263.81,0.0227,#265e89,42.4917,31.8431,36.07,0.0695,#945347,47.7345,15.676,268.27,0.0464,#61738b,82.9132,18.0466,234.6,0.0234,#a7d5e9,palette_features_stage5.csv
G5_blockshuf_neg_seed1337_00001_.png,blockshuf_neg,G5,5a0d2949e1,1337,G5_blockshuf_neg_seed1337_00001_.png,1024,1280,99.8775,0.1318,291.58,0.1221,#ffffff,3.8933,1.2088,312.68,0.1406,#0f0d10,0.8771,79.6445,12.9761,5,0.2914,47.1558,1.1938,0.5,321.24,0.1223,#050405,40.5129,18.0148,20.66,0.0766,#7d5556,53.0741,38.1571,44.39,0.0187,#b66b52,59.2399,22.2544,253.65,0.1691,#6894b4,61.8076,47.6557,49.06,0.0422,#d87e57,80.8383,7.9607,238.95,0.0643,#baccd5,palette_features_stage5.csv
G5_blockshuf_neg_seed4242145_00001_.png,blockshuf_neg,G5,5a0d2949e1,4242145,G5_blockshuf_neg_seed4242145_00001_.png,1024,1280,94.9204,2.5278,236.93,0.1087,#ecf1f4,3.991,1.1725,332.5,0.1329,#100d0f,0.9006,75.1982,6.4473,6,0.1889,40.839,2.1378,0.7131,315.48,0.1252,#090709,19.4284,11.1651,23.8,0.0279,#3f2929,37.2964,25.4387,22.4,0.0637,#7f4849,61.7203,26.3076,249.29,0.0308,#619cc0,68.5017,41.5522,52.17,0.0504,#e3946d,77.3359,11.5585,245.48,0.0201,#abc3d2,palette_features_stage5.csv
G5_blockshuf_neg_seed42_00001_.png,blockshuf_neg,G5,5a0d2949e1,42,G5_blockshuf_neg_seed42_00001_.png,1024,1280,99.8742,0.1363,297.71,0.1219,#ffffff,2.7614,0.7529,345.67,0.1599,#0c0a0b,0.8776,75.8907,11.4327,5,0.2695,41.4236,1.2724,0.4239,336.94,0.155,#050405,37.7,23.0678,32.66,0.1145,#7c4c46,45.2146,41.8475,32.23,0.0561,#a95148,57.4131,12.3884,261.34,0.0447,#7a8c9f,61.0374,11.2566,29.32,0.0118,#a98d8a,77.1631,26.626,250.22,0.0732,#8bc6ec,palette_features_stage5.csv
G5_blockshuf_neg_seed777_00001_.png,blockshuf_neg,G5,5a0d2949e1,777,G5_blockshuf_neg_seed777_00001_.png,1024,1280,99.8898,0.1081,297.57,0.1785,#ffffff,2.4422,0.6431,347.66,0.1588,#0a0809,0.8224,73.1828,11.7455,5,0.2694,38.065,1.1468,0.3643,335.19,0.1731,#050405,35.8387,14.6535,256.67,0.0574,#3f576b,35.8618,15.4847,27.5,0.0962,#6d4c49,44.204,35.4672,34.84,0.0703,#9d5448,63.3917,38.4293,255.59,0.052,#43a2db,74.3296,30.6356,249.77,0.0247,#78bfeb,palette_features_stage5.csv
G5_blockshuf_neg_seed9999_00001_.png,blockshuf_neg,G5,5a0d2949e1,9999,G5_blockshuf_neg_seed9999_00001_.png,1024,1280,95.5361,1.1558,122.76,0.1177,#f2f2f0,1.8573,0.654,316.67,0.1412,#080608,0.8861,72.5499,11.5723,6,0.3422,45.905,0.8899,0.3899,313.29,0.1454,#040304,37.4952,10.9314,345.56,0.1967,#67535d,52.8568,22.398,35.95,0.0256,#a37268,58.0048,20.9547,254.68,0.1407,#6990ae,66.3292,46.2949,45.13,0.0199,#e78968,73.4397,41.3455,55.91,0.0316,#efa377,palette_features_stage5.csv
G5_blockshuf_pos_seed1337_00001_.png,blockshuf_pos,G5,5a0d2949e1,1337,G5_blockshuf_pos_seed1337_00001_.png,1024,1280,97.6704,0.8519,233.75,0.1726,#f7f9fa,5.3632,2.9923,341.71,0.146,#161013,0.829,73.1444,7.3556,5,0.2277,43.3553,3.0518,1.784,344.39,0.1181,#0e0a0c,14.3469,15.4224,31.07,0.0336,#381d1a,32.833,26.0765,27.77,0.0922,#743e3b,46.1778,20.8445,262.74,0.0946,#517090,50.1735,45.1392,45.07,0.1096,#b56043,76.1962,12.5696,242.43,0.0536,#a4c0d0,palette_features_stage5.csv
G5_blockshuf_pos_seed4242145_00001_.png,blockshuf_pos,G5,5a0d2949e1,4242145,G5_blockshuf_pos_seed4242145_00001_.png,1024,1280,97.1871,0.6649,228.57,0.1274,#f6f7f8,4.9524,2.7352,337.33,0.1631,#140f13,0.8752,80.049,12.2209,5,0.2783,40.4825,2.9328,1.6789,332.81,0.1331,#0d0a0c,11.4837,9.2325,271.94,0.0612,#171f2b,33.0034,21.3349,23.43,0.1223,#6e4141,46.0965,21.204,265.41,0.1056,#527090,46.6448,42.1614,42.79,0.1453,#a95840,82.9818,20.5678,233.19,0.0261,#a0d7ed,palette_features_stage5.csv
G5_blockshuf_pos_seed42_00001_.png,blockshuf_pos,G5,5a0d2949e1,42,G5_blockshuf_pos_seed42_00001_.png,1024,1280,97.5299,0.4599,234.96,0.1745,#f7f8f9,5.2963,2.311,330.36,0.1602,#141113,0.8339,79.5255,2.8793,6,0.3537,38.8363,4.1626,2.0624,301.64,0.1657,#0f0e12,15.797,14.5672,32.53,0.0314,#3b201d,35.2328,26.1927,30.73,0.188,#7a443f,50.3427,40.8987,45.75,0.1209,#b16347,69.1292,26.9049,246.48,0.0356,#71b0d5,83.6881,17.9279,235.62,0.0254,#aad8ec,palette_features_stage5.csv
G5_blockshuf_pos_seed777_00001_.png,blockshuf_pos,G5,5a0d2949e1,777,G5_blockshuf_pos_seed777_00001_.png,1024,1280,98.6985,0.7566,235.47,0.1315,#fafcfc,4.6957,2.0834,315.11,0.1458,#120f13,0.8712,79.7436,7.66,6,0.3203,46.7459,3.2049,1.8676,359.72,0.1309,#100a0c,14.9283,15.8358,30.72,0.0469,#3a1e1b,35.0455,26.9981,29.05,0.1545,#7b433f,42.2573,26.04,262.82,0.0437,#3b678e,54.1427,48.6134,47.3,0.1658,#c36945,82.9485,14.7602,232.97,0.0502,#afd5e4,palette_features_stage5.csv
G5_blockshuf_pos_seed9999_00001_.png,blockshuf_pos,G5,5a0d2949e1,9999,G5_blockshuf_pos_seed9999_00001_.png,1024,1280,97.6023,0.4145,241.91,0.1638,#f7f8f9,5.8438,2.5621,329.93,0.1577,#161215,0.8402,75.0847,10.8528,6,0.2962,37.0383,3.5198,1.6263,331.88,0.1326,#0f0c0e,28.9646,12.911,259.47,0.0466,#334658,35.5783,20.2927,19.76,0.16,#74484a,40.8536,27.2539,33.64,0.0984,#8a5149,47.7942,38.6647,43.35,0.1362,#a85d46,78.6045,23.376,233.33,0.0443,#8ccce5,palette_features_stage5.csv
G5_preset_half_seed1337_00001_.png,preset_half,G5,5a0d2949e1,1337,G5_preset_half_seed1337_00001_.png,1024,1280,99.6635,0.417,277.17,0.1213,#fefeff,4.5513,1.8464,353.43,0.1697,#130f10,0.8785,80.4141,8.9306,5,0.3235,37.0085,3.7328,1.3321,329.05,0.1779,#0f0d0f,34.9769,20.3842,26.6,0.1456,#724745,46.6429,38.3406,37.84,0.0297,#a75949,51.119,33.8912,256.19,0.0267,#2e81b1,64.9577,26.9399,53.49,0.0206,#c69278,84.1469,13.8277,243.2,0.04,#b8d6e9,palette_features_stage5.csv
G5_preset_half_seed4242145_00001_.png,preset_half,G5,5a0d2949e1,4242145,G5_preset_half_seed4242145_00001_.png,1024,1280,99.7824,0.1866,276.38,0.096,#fefeff,5.028,2.4338,345.41,0.1718,#141012,0.9038,79.1925,8.2746,5,0.3133,29.0277,3.2446,1.572,343.94,0.1435,#0f0b0d,31.604,18.1285,17.09,0.0885,#674043,45.1075,30.5997,37.09,0.1698,#995a4d,48.0658,21.2499,262.92,0.118,#557595,62.9505,13.0183,258.49,0.0755,#879baf,82.4371,22.2233,233.85,0.0266,#9ad6ee,palette_features_stage5.csv
G5_preset_half_seed42_00001_.png,preset_half,G5,5a0d2949e1,42,G5_preset_half_seed42_00001_.png,1024,1280,96.6873,0.7008,230.01,0.1063,#f4f6f6,5.391,2.2796,340.86,0.1777,#151113,0.8995,71.386,6.5334,6,0.2977,35.4296,4.294,1.7711,318.04,0.1733,#100e11,15.2481,11.8284,26.77,0.0279,#37201f,37.9171,23.6958,23.62,0.1203,#7f4b4b,49.0844,37.2007,43.08,0.1244,#aa614b,70.1401,26.9631,243.87,0.0532,#71b4d7,75.6799,5.8303,237.8,0.0454,#b0bdc3,palette_features_stage5.csv
G5_preset_half_seed777_00001_.png,preset_half,G5,5a0d2949e1,777,G5_preset_half_seed777_00001_.png,1024,1280,99.8652,0.082,219.64,0.1277,#feffff,4.1755,1.4367,323.31,0.1712,#100e10,0.8739,79.9762,12.2758,4,0.3635,33.2451,2.5956,0.8906,328.52,0.1646,#0b090b,34.8163,24.1265,27.91,0.0622,#764441,36.8826,14.0315,16.21,0.1989,#6e4f51,50.5583,34.1358,254.01,0.0257,#2480b0,54.5066,32.9945,42.59,0.1377,#b5715d,82.5719,17.5315,241.05,0.0485,#aad4ea,palette_features_stage5.csv
G5_preset_half_seed9999_00001_.png,preset_half,G5,5a0d2949e1,9999,G5_preset_half_seed9999_00001_.png,1024,1280,99.9201,0.0673,233.53,0.076,#ffffff,5.4802,2.0167,304.92,0.1828,#131215,0.9241,74.4824,9.7433,5,0.3012,31.5687,3.454,1.1785,318.9,0.1631,#0e0c0e,30.7634,14.5703,8.38,0.1381,#5f4046,44.6974,22.1009,265.45,0.0653,#4d6c8e,44.8185,25.9552,34.31,0.062,#935c53,68.299,32.7472,245.25,0.0268,#59b0dc,77.9364,14.1232,243.72,0.0462,#a6c5d8,palette_features_stage5.csv
G5_preset_neg_seed1337_00001_.png,preset_neg,G5,5a0d2949e1,1337,G5_preset_neg_seed1337_00001_.png,1024,1280,99.701,0.1623,264.78,0.1301,#fefefe,3.9873,0.7974,289.7,0.1202,#0e0e0f,0.8683,81.2847,10.5624,5,0.325,52.9254,2.8722,0.6732,11.23,0.1261,#0c0a0a,21.6548,16.9884,38.99,0.0237,#4b2c25,37.7447,28.6029,262.91,0.0402,#265d86,41.9039,31.1826,38.96,0.1989,#905244,49.6582,53.5986,38.58,0.0553,#c15540,84.157,17.0799,235.98,0.0294,#aed8ec,palette_features_stage5.csv
G5_preset_neg_seed4242145_00001_.png,preset_neg,G5,5a0d2949e1,4242145,G5_preset_neg_seed4242145_00001_.png,1024,1280,99.6389,0.1375,258.51,0.0969,#fefefe,3.9358,1.3358,350.17,0.1428,#100d0e,0.9024,81.8203,11.723,6,0.2056,50.8576,1.6331,0.5968,310.43,0.1303,#060607,30.8256,23.136,40.97,0.0199,#683d32,36.6483,30.0822,268.1,0.0339,#275986,44.4794,51.4544,40.41,0.0753,#ae4a34,76.5983,11.8821,5.82,0.0244,#d4b6bb,83.4534,19.2638,235.44,0.0336,#a6d7ed,palette_features_stage5.csv
G5_preset_neg_seed42_00001_.png,preset_neg,G5,5a0d2949e1,42,G5_preset_neg_seed42_00001_.png,1024,1280,96.062,0.8667,236.24,0.1877,#f2f4f5,3.3236,1.1558,18.02,0.1393,#0f0b0b,0.8171,72.8056,12.5963,4,0.2369,51.8894,2.755,1.0045,22.39,0.1582,#0d0909,37.8785,23.1349,35.23,0.0375,#7c4d45,46.1145,52.894,39.65,0.0335,#b54d37,69.1689,39.209,52.52,0.0149,#e29772,72.2116,28.3754,238.61,0.0788,#6ebbdd,75.5606,2.5985,248.6,0.0142,#b6bbbf,palette_features_stage5.csv
G5_preset_neg_seed777_00001_.png,preset_neg,G5,5a0d2949e1,777,G5_preset_neg_seed777_00001_.png,1024,1280,99.7418,0.1544,273.1,0.1826,#fefeff,3.7381,0.9837,336.83,0.1405,#0f0d0e,0.8051,84.5533,6.1652,6,0.3079,49.516,1.5799,0.6901,18.89,0.141,#080505,20.0324,18.6238,40.8,0.024,#48281f,39.9322,33.7546,40.4,0.1669,#8d4c3c,45.8659,50.2061,36.91,0.0503,#b34d3c,70.3276,31.3831,249.43,0.0721,#69b4e1,86.1332,1.9964,230.18,0.0581,#d3d8da,palette_features_stage5.csv
G5_preset_neg_seed9999_00001_.png,preset_neg,G5,5a0d2949e1,9999,G5_preset_neg_seed9999_00001_.png,1024,1280,99.5876,0.1329,265.77,0.1056,#fefefe,4.3854,1.6529,13.77,0.1308,#120e0f,0.8943,79.2728,7.3613,6,0.2019,46.0846,2.1067,0.6443,12.95,0.1152,#090707,30.9323,20.5078,37.49,0.0224,#663f36,47.1282,46.7289,37.47,0.0592,#b25342,62.0542,12.9513,260.38,0.0867,#8598ac,75.2552,24.4205,245.06,0.0586,#87c1e1,81.3795,2.7709,236.34,0.0756,#c5cbce,palette_features_stage5.csv
G5_preset_pos_seed1337_00001_.png,preset_pos,G5,5a0d2949e1,1337,G5_preset_pos_seed1337_00001_.png,1024,1280,99.6788,0.3956,284.34,0.1291,#fefeff,4.3953,1.5788,319.36,0.1858,#110f11,0.8703,75.3231,8.6867,5,0.3409,24.6423,3.1594,1.1244,318.91,0.1855,#0d0b0d,19.2108,10.4962,262.5,0.0373,#23303e,37.6685,25.7668,352.66,0.0249,#7d495f,39.2045,13.941,313.51,0.0199,#65586d,50.4787,18.8744,31.56,0.1554,#986e68,78.4825,19.2486,248.53,0.0429,#9fc8e3,palette_features_stage5.csv
G5_preset_pos_seed4242145_00001_.png,preset_pos,G5,5a0d2949e1,4242145,G5_preset_pos_seed4242145_00001_.png,1024,1280,99.8817,0.1248,264.48,0.1009,#ffffff,4.4373,2.0806,327.32,0.1592,#120e11,0.8986,77.3266,5.3203,6,0.2316,28.923,2.9637,1.3918,324.05,0.1431,#0d0a0d,15.346,10.8589,15.24,0.0288,#362123,29.8239,23.9885,15.86,0.0445,#6a373d,44.2453,22.0305,266.09,0.0885,#4d6b8d,54.6231,30.3149,257.76,0.029,#4b88b5,80.2902,15.1709,244.78,0.0708,#abcce0,palette_features_stage5.csv
G5_preset_pos_seed42_00001_.png,preset_pos,G5,5a0d2949e1,42,G5_preset_pos_seed42_00001_.png,1024,1280,99.7061,0.1933,285.55,0.1105,#fefeff,5.3492,2.0595,347.97,0.1748,#151112,0.889,79.5192,10.2705,6,0.3093,33.1746,3.5153,1.3429,350.19,0.151,#0f0c0d,37.3951,17.3179,15.29,0.1583,#744e51,44.1304,34.5175,33.38,0.1061,#9c544a,49.4507,19.6489,264.19,0.0925,#5c7896,64.4214,31.3182,250.69,0.0647,#5aa4d0,83.0345,9.3143,249.53,0.0392,#c0d1df,palette_features_stage5.csv
G5_preset_pos_seed777_00001_.png,preset_pos,G5,5a0d2949e1,777,G5_preset_pos_seed777_00001_.png,1024,1280,99.6357,0.2849,248.23,0.1067,#fdfefe,4.0289,1.853,320.53,0.1873,#100d10,0.8962,84.0722,14.5294,5,0.4088,30.5931,2.4926,1.2889,316.93,0.1772,#0b080b,32.7338,13.2609,350.87,0.2316,#604651,42.8703,31.882,258.31,0.0211,#1e6b98,43.0205,27.3779,31.09,0.0339,#90564f,48.9214,21.1595,263.06,0.08,#577797,86.5648,14.1923,242.99,0.0361,#beddf0,palette_features_stage5.csv
G5_preset_pos_seed9999_00001_.png,preset_pos,G5,5a0d2949e1,9999,G5_preset_pos_seed9999_00001_.png,1024,1280,97.4514,1.5,248.01,0.0949,#f5f8fa,3.7111,1.222,314.18,0.1757,#0e0d0f,0.9085,75.1221,9.0518,5,0.3417,39.2103,2.6536,0.8682,326.31,0.164,#0b090b,31.2827,15.2109,353.77,0.1777,#5f414d,45.6879,22.859,267.22,0.086,#506f92,45.9521,8.4256,319.39,0.1151,#746a76,63.4077,40.0786,50.72,0.0239,#d38764,77.7757,7.8947,251.97,0.0072,#b4c2ce,palette_features_stage5.csv
G5_rand_neg_seed1337_00001_.png,rand_neg,G5,5a0d2949e1,1337,G5_rand_neg_seed1337_00001_.png,1024,1280,96.403,1.1328,239.95,0.1571,#f3f5f6,4.8046,1.2625,354.32,0.145,#121011,0.8616,82.9793,13.1022,5,0.3776,41.06,3.562,0.7582,333.65,0.1492,#0e0c0d,18.027,11.9599,33.75,0.0223,#3d2723,36.8467,23.6217,29.89,0.2284,#7b4945,43.2709,27.9688,254.97,0.0335,#2c6c93,46.27,41.8182,41.13,0.0755,#a85741,86.5413,11.8522,239.89,0.0219,#c2ddec,palette_features_stage5.csv
G5_rand_neg_seed4242145_00001_.png,rand_neg,G5,5a0d2949e1,4242145,G5_rand_neg_seed4242145_00001_.png,1024,1280,98.3489,0.1478,282.48,0.1043,#fafafb,5.3135,1.2032,337.2,0.1533,#131112,0.8953,77.3859,11.4489,6,0.3408,44.5382,3.3903,0.7656,8.31,0.136,#0e0c0c,38.9794,23.785,33.37,0.2048,#804f48,46.8919,45.3038,41.99,0.0521,#ad563e,51.9815,14.8276,264.55,0.094,#6b7e95,72.838,25.0259,242.02,0.0486,#7dbbda,80.7762,3.4098,249.75,0.0301,#c3c9ce,palette_features_stage5.csv
G5_rand_neg_seed42_00001_.png,rand_neg,G5,5a0d2949e1,42,G5_rand_neg_seed42_00001_.png,1024,1280,96.7028,0.031,297.67,0.1105,#f5f5f6,4.9826,1.5638,341.95,0.1763,#131012,0.8952,72.7299,8.8313,5,0.2818,44.4455,3.2028,0.9332,345.43,0.1616,#0d0b0c,17.1596,10.2723,271.68,0.0474,#222b39,37.1283,26.8999,29.11,0.0576,#804843,39.336,15.5633,14.91,0.1202,#775457,48.1526,45.3787,45.68,0.0799,#af5b3d,75.9328,20.1109,242.31,0.0556,#93c2db,palette_features_stage5.csv
G5_rand_neg_seed777_00001_.png,rand_neg,G5,5a0d2949e1,777,G5_rand_neg_seed777_00001_.png,1024,1280,97.6079,0.4182,273.78,0.1445,#f8f8f9,4.9977,1.524,1.36,0.1738,#131011,0.8563,70.9436,12.04,4,0.3201,41.3246,3.3632,1.0287,1.48,0.1687,#0e0b0c,37.3528,13.9933,12.46,0.1514,#6f5054,40.8887,23.4536,36.2,0.0899,#84544b,41.8618,42.3533,42.62,0.0528,#9b4c35,53.8228,29.9996,257.23,0.0378,#4886b3,74.3068,4.0957,254.34,0.0802,#b1b8be,palette_features_stage5.csv
G5_rand_neg_seed9999_00001_.png,rand_neg,G5,5a0d2949e1,9999,G5_rand_neg_seed9999_00001_.png,1024,1280,98.0866,0.2387,283.95,0.1302,#f9f9fa,5.7787,1.7865,331.22,0.1303,#151214,0.8705,71.4047,6.4145,6,0.2331,33.3948,3.7034,1.1561,332.55,0.1169,#0f0d0e,16.5475,10.7672,28.18,0.0244,#382422,35.8426,22.4124,26.61,0.0823,#774745,41.3247,34.5509,39.73,0.1162,#924f3f,51.603,14.8518,263.85,0.0944,#697d94,75.1082,24.849,235.47,0.0373,#7fc2de,palette_features_stage5.csv
G5_rand_pos_seed1337_00001_.png,rand_pos,G5,5a0d2949e1,1337,G5_rand_pos_seed1337_00001_.png,1024,1280,99.863,0.0855,61.41,0.1424,#fffffe,2.9718,1.3114,345.47,0.1726,#0d0a0c,0.8578,81.0465,6.5575,6,0.3513,39.259,1.4961,0.7421,335.55,0.1752,#070506,17.1645,17.638,33.87,0.0271,#41211d,42.8366,40.0011,37.34,0.1761,#9e4e3f,57.1793,20.8919,265.64,0.1094,#6f8cad,76.8179,31.2465,250.15,0.0708,#7ec6f3,82.5426,5.2408,262.41,0.0359,#c7ced7,palette_features_stage5.csv
G5_rand_pos_seed4242145_00001_.png,rand_pos,G5,5a0d2949e1,4242145,G5_rand_pos_seed4242145_00001_.png,1024,1280,99.955,0.0299,199.81,0.1054,#ffffff,2.42,1.0927,331.14,0.1804,#0b080a,0.8932,83.4299,11.2087,5,0.3686,41.5652,1.1103,0.6548,313.07,0.1759,#050405,17.1534,16.3507,33.86,0.0241,#40221e,46.918,42.22,42.66,0.1926,#aa5941,47.2328,27.3388,272.56,0.0444,#52729e,75.3983,29.615,245.83,0.0448,#7ac3eb,84.5402,6.0743,259.41,0.0472,#cbd4de,palette_features_stage5.csv
G5_rand_pos_seed42_00001_.png,rand_pos,G5,5a0d2949e1,42,G5_rand_pos_seed42_00001_.png,1024,1280,99.9371,0.0466,219.74,0.1601,#ffffff,2.0898,1.1419,359.15,0.1662,#0b0708,0.8397,77.9569,9.1396,5,0.287,40.6557,1.1146,0.5475,334.44,0.1813,#050405,14.4594,15.5599,31.86,0.022,#391d1a,29.0628,27.7691,31.96,0.0831,#6b352f,42.2571,41.2032,37.27,0.1057,#9e4c3c,74.6291,32.7025,253.53,0.0908,#77bff1,79.0715,6.4623,254.84,0.0439,#bbc5cf,palette_features_stage5.csv
G5_rand_pos_seed777_00001_.png,rand_pos,G5,5a0d2949e1,777,G5_rand_pos_seed777_00001_.png,1024,1280,99.9592,0.0099,186.01,0.1779,#ffffff,2.8028,1.1766,337.87,0.1802,#0c090b,0.8224,81.0257,10.232,6,0.2577,40.9683,1.4393,0.7438,307.27,0.1932,#060507,29.1637,19.7661,29.48,0.032,#623a36,34.7342,20.8301,258.09,0.049,#305572,43.9285,41.7121,36.45,0.0492,#a34f41,73.438,32.4023,251.34,0.0371,#72bdec,82.4649,9.2909,247.93,0.0645,#bed0dd,palette_features_stage5.csv
G5_rand_pos_seed9999_00001_.png,rand_pos,G5,5a0d2949e1,9999,G5_rand_pos_seed9999_00001_.png,1024,1280,99.9398,0.0613,120.82,0.1138,#ffffff,3.1349,1.3575,324.12,0.1711,#0d0b0d,0.8861,79.6394,11.8843,5,0.2813,39.2706,1.8615,0.9159,310.7,0.1691,#080609,29.7902,22.2831,27.88,0.1122,#673a37,34.0669,21.2218,259.01,0.0341,#2e5471,43.6892,40.1865,37.7,0.0936,#a05040,76.1767,31.0034,252.21,0.0904,#7fc4f2,81.5009,6.3103,256.26,0.0311,#c2ccd6,palette_features_stage5.csv
G6_baseline_seed101_00001_.png,baseline,G6,0496d2dadf,101,G6_baseline_seed101_00001_.png,1024,1280,99.8508,0.1561,277.85,0.3218,#feffff,0.9931,0.8453,305.11,0.1091,#040305,0.6775,78.6954,10.9876,6,0.4175,49.7388,0.3624,0.3217,305.94,0.1438,#020102,17.95,15.7062,307.49,0.2737,#31283e,53.9714,21.0486,306.68,0.029,#897b9e,66.2881,50.0605,312.67,0.0328,#bd8ee4,73.7058,7.5873,266.86,0.0343,#adb6c3,79.0578,31.5163,310.69,0.0105,#d5b9f0,palette_features_stage5.csv
G6_baseline_seed102_00001_.png,baseline,G6,0496d2dadf,102,G6_baseline_seed102_00001_.png,1024,1280,99.9393,0.0622,281.23,0.2176,#ffffff,0.9481,0.9816,312.25,0.1476,#040305,0.7813,82.1046,12.5129,6,0.2497,52.6678,0.4903,0.4609,313.42,0.173,#020203,7.182,18.1886,324.73,0.019,#220e24,45.7906,53.1287,320.3,0.0035,#9453a6,50.8195,21.787,304.75,0.0767,#807398,60.9815,42.5253,318.36,0.0244,#b380c5,82.5949,33.6327,318.18,0.0091,#e9bff8,palette_features_stage5.csv
G6_baseline_seed103_00001_.png,baseline,G6,0496d2dadf,103,G6_baseline_seed103_00001_.png,1024,1280,99.8174,0.1862,281.08,0.2301,#fefeff,0.9683,0.7614,307.41,0.1359,#040305,0.771,86.1616,7.469,6,0.6131,47.2228,0.4961,0.3602,315.94,0.1629,#020202,13.5603,14.1616,302.73,0.1567,#252033,23.0874,7.5619,289.8,0.4502,#363642,49.2112,39.8226,310.33,0.0046,#8767a9,60.2312,47.583,311.16,0.0339,#a980d1,86.6577,21.6947,311.93,0.0096,#e7d1f8,palette_features_stage5.csv
G6_baseline_seed104_00001_.png,baseline,G6,0496d2dadf,104,G6_baseline_seed104_00001_.png,1024,1280,99.8383,0.061,324.93,0.1798,#ffffff,0.7831,0.6539,303.81,0.1391,#030304,0.8233,90.2771,13.3905,6,0.2549,42.3615,0.5698,0.4882,304.19,0.1647,#020203,10.7798,11.2026,307.19,0.0295,#201a29,54.7703,42.8497,313.35,0.0424,#9b73b9,69.8403,7.4908,260.29,0.0902,#a1acb8,84.78,22.7612,305.54,0.0109,#ddcdf7,90.8469,9.4155,36.93,0.0021,#f8e0da,palette_features_stage5.csv
G6_baseline_seed105_00001_.png,baseline,G6,0496d2dadf,105,G6_baseline_seed105_00001_.png,1024,1280,99.8792,0.1027,279.44,0.2175,#ffffff,0.9685,0.8531,303.86,0.1404,#040305,0.7813,80.4579,7.7998,5,0.3326,39.4375,0.4446,0.3935,306.97,0.1622,#020102,15.4189,15.0472,301.78,0.1704,#282439,18.7389,23.5778,318.16,0.0205,#3c2545,35.3574,39.831,308.83,0.0038,#614785,53.1163,21.4473,294.54,0.0258,#7d7ba0,80.9025,30.1251,309.71,0.0098,#d9bef4,palette_features_stage5.csv
G6_baseline_seed106_00001_.png,baseline,G6,0496d2dadf,106,G6_baseline_seed106_00001_.png,1024,1280,99.752,0.2545,285.29,0.2865,#fefeff,1.0637,0.8237,301.17,0.1134,#040406,0.7149,84.8384,7.3656,6,0.2715,50.9975,0.7075,0.5443,302.17,0.1468,#030204,16.4815,12.9199,300.37,0.1247,#2a2639,47.9113,42.1204,309.98,0.0171,#8463a8,61.4614,51.5418,310.32,0.0245,#ac82da,73.011,8.2929,267.63,0.0858,#abb4c2,85.5459,21.7208,298.07,0.0099,#d8d1fa,palette_features_stage5.csv
G6_baseline_seed107_00001_.png,baseline,G6,0496d2dadf,107,G6_baseline_seed107_00001_.png,1024,1280,99.9671,0.0311,288.64,0.1762,#ffffff,1.2874,1.1222,313.79,0.1403,#060407,0.8224,84.5611,11.5691,5,0.1734,52.0979,0.5434,0.361,321.65,0.1464,#020203,36.6726,15.8403,308.46,0.0175,#5d526a,48.0513,38.8014,316.72,0.0037,#8c629f,68.9366,52.459,317.07,0.027,#ce91e9,84.0078,29.459,315.21,0.0034,#e7c6f9,85.1045,4.936,250.28,0.0166,#cdd6dd,palette_features_stage5.csv
G6_baseline_seed108_00001_.png,baseline,G6,0496d2dadf,108,G6_baseline_seed108_00001_.png,1024,1280,99.7363,0.2414,280.97,0.2205,#fefeff,0.7486,0.5369,298.86,0.1633,#030304,0.7787,80.2018,9.7757,5,0.3421,51.6573,0.4111,0.2741,303.5,0.1967,#020102,16.8021,13.4462,297.82,0.1454,#2a273a,50.1951,21.9444,296.16,0.0163,#777399,61.1109,51.9315,306.26,0.0461,#a383de,76.8287,7.5442,271.01,0.0768,#b7becb,80.6129,33.2742,302.74,0.006,#d0bffc,palette_features_stage5.csv
G6_baseline_seed109_00001_.png,baseline,G6,0496d2dadf,109,G6_baseline_seed109_00001_.png,1024,1280,99.9028,0.0902,275.02,0.2229,#ffffff,1.5875,0.8486,306.13,0.1434,#060507,0.7763,82.8215,10.5764,5,0.257,50.6708,0.7575,0.3428,313.84,0.1605,#030303,26.5763,11.6836,306.71,0.0423,#433c4d,58.8099,40.3754,310.1,0.0161,#a080c4,63.322,51.0135,307.97,0.0304,#ac88e1,73.5826,7.58,264.41,0.0965,#acb6c2,83.579,26.6045,306.56,0.0064,#dbc8f9,palette_features_stage5.csv
G6_baseline_seed110_00001_.png,baseline,G6,0496d2dadf,110,G6_baseline_seed110_00001_.png,1024,1280,99.842,0.153,276.79,0.2065,#feffff,1.0203,0.693,303.68,0.1236,#040305,0.7923,79.5047,10.579,5,0.2456,54.5009,0.5286,0.3412,308.63,0.1408,#020203,13.2897,11.7826,301.78,0.1048,#242030,47.3308,38.4881,308.59,0.0034,#7f64a3,55.0765,5.8698,276.35,0.0055,#80848e,59.4704,54.8421,309.48,0.0372,#a67cda,80.0332,32.9064,308.48,0.0111,#d6bbf7,palette_features_stage5.csv
G6_baseline_seed1337_00001_.png,baseline,G6,0496d2dadf,1337,G6_baseline_seed1337_00001_.png,1024,1280,99.8116,0.1554,304.99,0.2457,#fffeff,1.1866,0.9984,308.34,0.13,#050406,0.7565,83.7296,7.2573,6,0.6032,41.9559,0.5771,0.459,311.72,0.1531,#030203,15.7711,14.9094,304.73,0.1171,#2b2439,23.6681,7.7309,289.0,0.4501,#373843,43.09,30.2676,309.29,0.015,#725c8d,55.165,42.4149,313.78,0.031,#9d74b9,84.3067,17.4958,313.31,0.0092,#deccea,palette_features_stage5.csv
G6_baseline_seed4242145_00001_.png,baseline,G6,0496d2dadf,4242145,G6_baseline_seed4242145_00001_.png,1024,1280,99.9249,0.0663,270.2,0.2119,#ffffff,0.9268,0.7057,299.26,0.1449,#040305,0.7885,79.8146,12.1787,4,0.2266,63.4062,0.5074,0.3863,301.7,0.17,#020203,27.1351,12.2017,316.54,0.022,#483c4d,57.2031,17.1283,287.51,0.0186,#8488a6,57.4386,63.7926,310.41,0.0337,#a572df,77.2674,38.1428,308.67,0.0079,#d0b2f6,80.322,6.5555,251.77,0.0566,#bdc9d3,palette_features_stage5.csv
G6_baseline_seed42_00001_.png,baseline,G6,0496d2dadf,42,G6_baseline_seed42_00001_.png,1024,1280,99.8503,0.1816,288.3,0.3438,#ffffff,0.8841,0.6315,297.48,0.1133,#030305,0.6555,81.9738,13.9729,5,0.2089,53.2743,0.4491,0.3298,300.97,0.1612,#020202,43.1469,9.2345,283.0,0.0041,#626575,54.4054,18.1358,284.18,0.0478,#7a81a0,56.5483,44.4139,313.55,0.0215,#a176c0,65.5518,53.6041,312.0,0.0374,#bb8be7,82.4229,32.8226,313.81,0.0075,#e3c0fa,palette_features_stage5.csv
G6_baseline_seed777_00001_.png,baseline,G6,0496d2dadf,777,G6_baseline_seed777_00001_.png,1024,1280,99.9031,0.1002,273.61,0.2266,#ffffff,1.0245,1.125,307.8,0.1686,#050306,0.7743,86.0403,11.5538,5,0.2226,54.0122,0.4616,0.4486,309.93,0.1958,#020103,35.4213,14.1882,326.9,0.0248,#614d60,54.181,43.1491,310.89,0.0123,#9672ba,61.2159,54.4608,309.83,0.0235,#ab80de,63.741,12.0803,278.63,0.0269,#939aaf,86.5018,21.9835,306.57,0.0067,#e2d2fa,palette_features_stage5.csv
G6_baseline_seed9999_00001_.png,baseline,G6,0496d2dadf,9999,G6_baseline_seed9999_00001_.png,1024,1280,99.8645,0.1552,270.79,0.2962,#feffff,0.8279,0.6116,302.88,0.1395,#030304,0.7025,79.3923,14.6488,5,0.2519,55.1739,0.4284,0.3157,308.29,0.1848,#020102,14.0864,32.9807,311.55,0.007,#2f1947,57.605,16.4218,290.98,0.067,#8788a5,64.6716,55.4895,316.05,0.0434,#c285e2,78.8972,42.0454,316.32,0.0102,#e2b1fa,79.8208,4.706,254.98,0.0126,#bfc7ce,palette_features_stage5.csv
G6_blockshuf_neg_seed1337_00001_.png,blockshuf_neg,G6,0496d2dadf,1337,G6_blockshuf_neg_seed1337_00001_.png,1024,1280,99.8682,0.0878,292.81,0.2465,#ffffff,0.5155,0.2499,299.34,0.1563,#020202,0.7541,83.4459,9.7046,5,0.7513,44.4693,0.3464,0.1744,301.9,0.1986,#010102,21.3802,7.4532,290.58,0.5527,#32323e,42.9466,30.044,306.4,0.0043,#6f5d8d,55.4946,38.2199,306.91,0.0095,#9279ba,55.5335,44.6437,307.79,0.0655,#9577c2,83.7923,21.1355,313.34,0.0088,#dfc9ee,palette_features_stage5.csv
G6_blockshuf_neg_seed4242145_00001_.png,blockshuf_neg,G6,0496d2dadf,4242145,G6_blockshuf_neg_seed4242145_00001_.png,1024,1280,99.8932,0.0749,289.94,0.1949,#ffffff,0.4642,0.277,301.19,0.1473,#020202,0.8048,83.796,11.2696,5,0.7762,43.9091,0.2962,0.187,303.55,0.1776,#010101,13.1842,17.6675,315.74,0.0025,#2b1c33,23.3062,8.4501,289.42,0.5986,#363743,53.6323,36.134,315.46,0.0067,#9872ac,54.9474,44.096,315.95,0.0533,#a071b9,84.0923,32.0592,319.93,0.0148,#eec3f9,palette_features_stage5.csv
G6_blockshuf_neg_seed42_00001_.png,blockshuf_neg,G6,0496d2dadf,42,G6_blockshuf_neg_seed42_00001_.png,1024,1280,99.8996,0.107,297.36,0.3383,#ffffff,0.5136,0.2967,301.15,0.1132,#020202,0.6611,83.2352,7.1658,6,0.7945,38.4418,0.3028,0.1924,303.5,0.1628,#010102,19.678,17.4339,313.42,0.0056,#382a42,25.0409,7.0643,292.18,0.6317,#3b3b45,37.328,21.6418,315.55,0.0032,#655070,57.3065,38.6343,317.68,0.0606,#a679b7,83.538,30.635,319.66,0.009,#ebc3f6,palette_features_stage5.csv
G6_blockshuf_neg_seed777_00001_.png,blockshuf_neg,G6,0496d2dadf,777,G6_blockshuf_neg_seed777_00001_.png,1024,1280,99.898,0.0739,283.57,0.2061,#ffffff,1.1658,0.6069,300.28,0.1564,#040406,0.7952,83.3388,9.9133,6,0.7336,51.6155,0.3797,0.2283,305.06,0.1755,#020102,7.1189,3.678,298.31,0.0217,#16151a,22.7901,7.391,293.81,0.558,#363540,54.5862,38.3897,310.15,0.0189,#9476b6,60.3745,51.8438,309.35,0.0566,#a780d9,83.7185,26.4236,309.97,0.011,#dfc8f7,palette_features_stage5.csv
G6_blockshuf_neg_seed9999_00001_.png,blockshuf_neg,G6,0496d2dadf,9999,G6_blockshuf_neg_seed9999_00001_.png,1024,1280,99.9034,0.0988,297.87,0.3131,#ffffff,0.4657,0.2584,302.74,0.1369,#020202,0.6863,78.7852,4.7693,6,0.7721,42.9377,0.2987,0.179,305.06,0.188,#010101,12.4914,16.9201,313.18,0.0028,#281b32,22.3568,6.8934,293.89,0.5841,#35343f,43.8919,28.7654,312.04,0.0037,#775e8b,57.8711,43.1167,313.02,0.0658,#a37bc2,79.084,39.0914,315.46,0.0098,#e0b4f7,palette_features_stage5.csv
G6_blockshuf_pos_seed1337_00001_.png,blockshuf_pos,G6,0496d2dadf,1337,G6_blockshuf_pos_seed1337_00001_.png,1024,1280,99.3801,0.2284,270.47,0.2838,#fdfdfe,1.7483,1.3661,318.98,0.1245,#080609,0.7174,77.0096,8.0025,6,0.336,51.8905,1.0267,0.5933,328.75,0.1488,#050305,10.1455,18.733,320.12,0.0186,#27152c,15.5328,13.2657,307.11,0.1873,#2b2436,42.1067,23.9305,306.11,0.0535,#6b5d83,55.4628,52.4838,311.07,0.0267,#9d72ca,78.0364,34.0075,313.77,0.012,#d7b4ef,palette_features_stage5.csv
G6_blockshuf_pos_seed4242145_00001_.png,blockshuf_pos,G6,0496d2dadf,4242145,G6_blockshuf_pos_seed4242145_00001_.png,1024,1280,99.7922,0.1587,262.03,0.2373,#fefeff,2.0909,1.202,329.94,0.1306,#0a0709,0.7639,80.6815,9.6232,5,0.1847,58.9179,1.3741,0.5575,357.67,0.1439,#060505,27.6512,31.9228,310.26,0.0037,#4e3767,47.6849,46.599,309.72,0.0059,#8461ae,49.1072,17.2193,311.29,0.0408,#7e6f8b,57.5728,59.4754,310.0,0.0273,#a375da,82.0556,2.9474,244.92,0.0072,#c7cdd1,palette_features_stage5.csv
G6_blockshuf_pos_seed42_00001_.png,blockshuf_pos,G6,0496d2dadf,42,G6_blockshuf_pos_seed42_00001_.png,1024,1280,99.6651,0.2145,272.3,0.32,#fefefe,2.0239,0.8207,313.91,0.1259,#080709,0.68,77.9779,14.0909,5,0.2115,55.5907,1.3415,0.3656,335.31,0.1602,#060505,8.2997,17.6962,316.14,0.0186,#211228,49.6773,15.0535,287.19,0.0512,#71758e,53.8667,46.7743,311.83,0.0157,#9870bd,59.283,55.9564,311.94,0.0328,#ab79d8,79.3194,31.8025,309.6,0.0178,#d5baf2,palette_features_stage5.csv
G6_blockshuf_pos_seed777_00001_.png,blockshuf_pos,G6,0496d2dadf,777,G6_blockshuf_pos_seed777_00001_.png,1024,1280,99.7038,0.1736,264.49,0.2786,#fefefe,1.7781,1.239,329.68,0.1598,#090608,0.7224,82.6983,11.5788,6,0.2633,62.1605,1.0825,0.5479,354.25,0.1922,#050404,7.505,7.1417,315.05,0.0441,#1a151d,13.8669,15.3565,312.35,0.0711,#2a1f33,47.7625,48.7966,312.36,0.014,#895faf,56.8594,62.7085,311.45,0.0227,#a570db,83.7808,30.5442,317.32,0.0104,#eac4f8,palette_features_stage5.csv
G6_blockshuf_pos_seed9999_00001_.png,blockshuf_pos,G6,0496d2dadf,9999,G6_blockshuf_pos_seed9999_00001_.png,1024,1280,99.4902,0.1811,254.19,0.3149,#fdfefe,1.4585,0.9628,316.9,0.126,#060507,0.6839,84.4961,15.6795,4,0.199,63.5323,0.8855,0.5288,325.17,0.1653,#040304,45.5802,50.0397,307.67,0.0055,#7b5caf,56.2554,64.0611,307.57,0.0317,#9a71e0,79.0371,31.31,306.33,0.0118,#d0baf3,80.4139,8.1396,282.09,0.0337,#c4c7d6,85.3816,20.467,300.01,0.0072,#d9d0f7,palette_features_stage5.csv
G6_preset_half_seed1337_00001_.png,preset_half,G6,0496d2dadf,1337,G6_preset_half_seed1337_00001_.png,1024,1280,99.7476,0.3367,298.66,0.2463,#fefeff,1.2949,1.1437,306.62,0.128,#050407,0.755,81.387,15.5197,4,0.1781,44.7707,0.746,0.6494,308.58,0.1532,#030204,45.2598,31.2471,314.99,0.0162,#7e5f90,48.56,20.2469,291.83,0.0188,#707193,58.7238,11.1281,283.11,0.0113,#888da0,61.5007,45.4201,316.65,0.0249,#b481cc,82.133,22.6806,317.38,0.0056,#dfc3e9,palette_features_stage5.csv
G6_preset_half_seed4242145_00001_.png,preset_half,G6,0496d2dadf,4242145,G6_preset_half_seed4242145_00001_.png,1024,1280,99.9096,0.0935,278.63,0.2113,#ffffff,1.3465,0.8132,308.27,0.1533,#050506,0.7893,81.5803,12.0586,5,0.3051,55.1927,0.8748,0.4681,316.73,0.1751,#040304,15.462,13.6911,303.24,0.13,#292437,53.8168,42.5354,308.83,0.0039,#9273ba,63.3325,55.6608,309.18,0.023,#b086e7,79.9948,7.5603,246.44,0.0577,#bac9d3,82.4551,28.557,305.79,0.009,#d8c5f9,palette_features_stage5.csv
G6_preset_half_seed42_00001_.png,preset_half,G6,0496d2dadf,42,G6_preset_half_seed42_00001_.png,1024,1280,99.8117,0.2637,292.18,0.3461,#fefeff,0.832,0.7068,298.85,0.1259,#030305,0.6534,82.3047,10.1693,6,0.2137,51.1031,0.2688,0.262,304.93,0.1681,#010102,10.8318,7.2933,296.89,0.0207,#1d1c26,45.7269,18.4632,290.81,0.0455,#686a89,54.9263,39.1093,311.59,0.0163,#9776b6,62.5925,51.3651,310.22,0.0393,#af85dd,82.5734,30.6935,310.15,0.0083,#dec3fa,palette_features_stage5.csv
G6_preset_half_seed777_00001_.png,preset_half,G6,0496d2dadf,777,G6_preset_half_seed777_00001_.png,1024,1280,99.7831,0.2892,287.86,0.2513,#fefeff,1.5607,1.5327,315.61,0.1674,#070508,0.7502,82.9549,9.5108,5,0.3504,48.558,0.7821,0.5329,322.16,0.186,#040304,17.3313,13.3465,302.67,0.1644,#2d283b,48.4622,33.1441,312.08,0.0041,#84679d,64.3935,49.0909,312.38,0.0288,#b789dd,82.5706,6.7878,259.27,0.0183,#c5cfda,83.737,27.0279,311.28,0.0088,#e1c7f7,palette_features_stage5.csv
G6_preset_half_seed9999_00001_.png,preset_half,G6,0496d2dadf,9999,G6_preset_half_seed9999_00001_.png,1024,1280,99.6968,0.3865,289.53,0.3018,#fefeff,0.7776,0.6532,302.25,0.1438,#030304,0.697,76.6738,10.9936,6,0.2342,45.9938,0.4193,0.3751,305.55,0.1912,#020102,36.7817,26.3575,309.15,0.003,#614f77,50.6975,17.7034,298.0,0.0396,#7a7593,55.8687,40.0096,310.68,0.0047,#9978bb,68.9523,46.3689,311.17,0.043,#c097e8,77.0932,7.4106,267.14,0.043,#b7bfcc,palette_features_stage5.csv
G6_preset_neg_seed1337_00001_.png,preset_neg,G6,0496d2dadf,1337,G6_preset_neg_seed1337_00001_.png,1024,1280,99.7044,0.0817,284.16,0.2588,#fefefe,1.1352,0.7514,309.32,0.1228,#050406,0.7419,76.4026,6.4805,6,0.5491,39.0485,0.6115,0.3911,312.16,0.1485,#030203,16.4493,21.0967,319.05,0.0152,#36213d,22.9631,6.9432,297.91,0.4005,#373640,33.7588,39.4396,311.57,0.0186,#60427e,51.3781,15.0348,302.23,0.0267,#7e7790,77.0142,28.1851,316.09,0.0184,#d3b3e3,palette_features_stage5.csv
G6_preset_neg_seed4242145_00001_.png,preset_neg,G6,0496d2dadf,4242145,G6_preset_neg_seed4242145_00001_.png,1024,1280,99.7347,0.0662,254.56,0.228,#fefefe,1.2947,0.4299,306.45,0.1474,#050506,0.7711,80.1173,11.6695,5,0.2124,64.1533,0.4541,0.1614,314.82,0.1685,#020202,7.9866,27.63,317.31,0.0339,#250d31,43.296,46.5362,315.02,0.0051,#81539d,58.8197,64.3147,315.24,0.0439,#b471de,60.1143,57.0407,314.81,0.0171,#b379d9,80.5714,34.4521,320.29,0.011,#e7b8f1,palette_features_stage5.csv
G6_preset_neg_seed42_00001_.png,preset_neg,G6,0496d2dadf,42,G6_preset_neg_seed42_00001_.png,1024,1280,99.6685,0.0939,293.66,0.3578,#fefefe,0.9158,0.2859,309.78,0.1137,#040304,0.6416,82.3502,10.7393,5,0.2222,49.709,0.4577,0.1629,314.09,0.1644,#020202,15.47,7.3819,310.87,0.0578,#2a252f,28.0354,22.8332,316.57,0.0038,#503a5a,62.2063,49.8719,316.7,0.0353,#b981d3,63.2916,44.45,316.76,0.0212,#b986d0,82.8079,29.9748,322.87,0.0078,#ecc0f0,palette_features_stage5.csv
G6_preset_neg_seed777_00001_.png,preset_neg,G6,0496d2dadf,777,G6_preset_neg_seed777_00001_.png,1024,1280,99.7341,0.0761,256.21,0.2364,#fefefe,0.5265,0.4219,311.96,0.1341,#020203,0.7646,79.1369,9.1343,6,0.3636,68.8918,0.5125,0.394,311.69,0.1747,#020203,11.793,16.0892,309.67,0.0648,#251b30,19.6289,24.8734,307.29,0.189,#36294c,49.3875,69.2858,312.35,0.0034,#9559cd,56.2241,46.4226,310.21,0.0308,#9c77c5,79.6494,10.4183,309.12,0.0775,#cbc2d4,palette_features_stage5.csv
G6_preset_neg_seed9999_00001_.png,preset_neg,G6,0496d2dadf,9999,G6_preset_neg_seed9999_00001_.png,1024,1280,99.6858,0.1099,287.09,0.3275,#fefefe,0.9247,0.5655,304.5,0.1372,#040305,0.6719,79.8337,8.4937,5,0.5441,66.5185,0.4848,0.2294,309.76,0.1903,#020202,16.2623,13.5919,302.78,0.3538,#2b2539,30.7357,51.1043,311.58,0.0144,#5c3585,53.4349,66.7479,313.91,0.0353,#a363d3,54.6216,59.7876,313.41,0.017,#a26ace,80.3185,33.3002,315.67,0.0175,#e0baf3,palette_features_stage5.csv
G6_preset_pos_seed1337_00001_.png,preset_pos,G6,0496d2dadf,1337,G6_preset_pos_seed1337_00001_.png,1024,1280,99.694,0.4256,294.82,0.2529,#fefeff,1.1997,1.1119,315.03,0.1179,#060406,0.7482,83.9388,10.9029,5,0.1748,46.0126,0.5652,0.5351,317.61,0.137,#030203,28.2994,10.9886,314.35,0.0379,#493f4f,53.5988,39.416,307.17,0.015,#8e74b6,54.7244,6.8163,294.29,0.0052,#83828e,60.9659,46.5477,308.48,0.0202,#a684d4,84.5039,20.7235,307.5,0.0101,#ddccf2,palette_features_stage5.csv
G6_preset_pos_seed4242145_00001_.png,preset_pos,G6,0496d2dadf,4242145,G6_preset_pos_seed4242145_00001_.png,1024,1280,99.761,0.3036,290.84,0.3089,#fefeff,1.085,1.0261,310.27,0.1161,#050406,0.6919,74.3938,9.7118,5,0.2257,55.0043,0.8585,0.8297,311.14,0.162,#040305,20.5525,12.8624,315.37,0.0636,#392d3f,48.5468,23.6603,303.41,0.034,#796d95,55.851,55.834,305.66,0.0171,#9375d5,74.6454,8.5251,284.51,0.0553,#b4b7c7,75.2523,40.5174,302.16,0.009,#c1aff9,palette_features_stage5.csv
G6_preset_pos_seed42_00001_.png,preset_pos,G6,0496d2dadf,42,G6_preset_pos_seed42_00001_.png,1024,1280,99.6823,0.4405,293.98,0.3487,#fefeff,0.9616,0.8254,307.11,0.1219,#040305,0.6504,80.0499,8.9297,6,0.3711,45.166,0.5729,0.5061,310.43,0.1745,#030203,8.1869,6.3315,303.52,0.0274,#19171f,15.4748,12.1544,303.09,0.1966,#292435,46.0335,17.9938,296.77,0.0473,#6d6a88,59.0173,45.6721,309.64,0.0295,#a27ecc,80.6228,26.9642,308.01,0.0101,#d5bff0,palette_features_stage5.csv
G6_preset_pos_seed777_00001_.png,preset_pos,G6,0496d2dadf,777,G6_preset_pos_seed777_00001_.png,1024,1280,99.6864,0.4189,290.25,0.2487,#fefeff,1.0099,0.7048,317.43,0.1727,#040305,0.7532,81.2718,7.2857,6,0.2504,53.7098,0.622,0.4237,322.73,0.2145,#030203,27.0154,10.0193,340.89,0.0358,#4c3b45,43.0305,37.9948,306.86,0.0039,#715a98,49.2214,18.1605,302.74,0.0215,#79718f,60.023,54.1335,306.04,0.0266,#a080de,81.8938,29.941,300.94,0.0088,#d1c4fc,palette_features_stage5.csv
G6_preset_pos_seed9999_00001_.png,preset_pos,G6,0496d2dadf,9999,G6_preset_pos_seed9999_00001_.png,1024,1280,99.6616,0.3687,289.24,0.3275,#fefeff,1.0589,0.9338,313.02,0.1456,#050306,0.6713,85.4654,12.1898,5,0.5032,50.7862,0.6407,0.5407,316.52,0.1987,#030203,16.9983,14.1651,310.58,0.3045,#302639,18.3801,31.7815,310.69,0.0095,#382350,56.2388,40.217,309.39,0.0038,#9879bd,65.9272,51.3269,309.42,0.0303,#b78ee8,86.1061,22.671,307.01,0.0053,#e2d0fa,palette_features_stage5.csv
G6_rand_neg_seed1337_00001_.png,rand_neg,G6,0496d2dadf,1337,G6_rand_neg_seed1337_00001_.png,1024,1280,98.3472,0.0578,38.86,0.2328,#fafafa,1.0905,0.5137,324.79,0.1319,#050405,0.7686,78.999,11.7946,5,0.2645,40.4132,0.7627,0.3775,332.23,0.1619,#030303,11.3176,14.319,324.35,0.0192,#29192a,22.2876,23.4653,311.3,0.0341,#3f2e50,57.5349,7.9455,282.16,0.1026,#868a98,58.0985,40.7907,314.57,0.0263,#a57cbf,79.7617,29.8533,315.12,0.0146,#dbbaed,palette_features_stage5.csv
G6_rand_neg_seed4242145_00001_.png,rand_neg,G6,0496d2dadf,4242145,G6_rand_neg_seed4242145_00001_.png,1024,1280,98.1247,0.07,313.43,0.2137,#fafafa,1.4074,0.4898,337.96,0.1593,#060506,0.7871,76.7661,8.4782,6,0.2313,45.3873,0.934,0.352,358.72,0.1852,#040303,12.453,17.4932,321.79,0.0049,#2c1a2f,25.6305,9.0854,321.6,0.0461,#443945,36.2209,29.0319,316.47,0.0051,#674a75,68.3459,45.7393,309.68,0.0347,#bc97e6,77.7001,6.9875,280.13,0.0027,#bcc0cd,palette_features_stage5.csv
G6_rand_neg_seed42_00001_.png,rand_neg,G6,0496d2dadf,42,G6_rand_neg_seed42_00001_.png,1024,1280,97.9609,0.3065,347.6,0.3507,#faf9f9,0.8407,0.2253,342.23,0.1276,#040303,0.6488,77.0341,12.5159,5,0.2504,48.0129,0.5643,0.1577,5.28,0.1826,#020202,24.3794,5.5632,317.95,0.0516,#3e3840,60.3537,48.1707,305.06,0.0029,#9e83d7,65.5776,8.1183,270.84,0.0678,#98a0ae,69.4381,43.1028,313.16,0.037,#c399e3,77.5983,29.9853,311.97,0.0043,#d2b5e9,palette_features_stage5.csv
G6_rand_neg_seed777_00001_.png,rand_neg,G6,0496d2dadf,777,G6_rand_neg_seed777_00001_.png,1024,1280,98.1669,0.1222,298.35,0.2509,#fafafa,1.0945,0.2993,341.17,0.1717,#050404,0.751,75.1895,5.174,6,0.2905,53.8713,0.6975,0.2151,7.67,0.2114,#030202,23.7703,9.7864,317.22,0.0225,#3f3543,38.8849,24.8519,311.69,0.0038,#68537a,55.6557,54.0864,312.07,0.0017,#a071cb,62.7858,6.8026,282.15,0.079,#9598a4,75.887,39.2135,309.66,0.008,#ceadf3,palette_features_stage5.csv
G6_rand_neg_seed9999_00001_.png,rand_neg,G6,0496d2dadf,9999,G6_rand_neg_seed9999_00001_.png,1024,1280,98.2369,0.1115,349.12,0.2523,#fafafa,1.2285,0.4858,328.1,0.1421,#050405,0.7467,73.8361,9.6669,5,0.2135,46.2172,0.7348,0.2626,354.37,0.1743,#030203,18.443,23.3542,317.97,0.0174,#3b2444,48.3776,16.2001,300.81,0.0392,#766f8a,63.6439,46.4798,315.56,0.0325,#b987d4,74.3597,34.8299,315.49,0.0054,#d0a9e4,74.5708,4.2589,289.16,0.0342,#b7b7bf,palette_features_stage5.csv
G6_rand_pos_seed1337_00001_.png,rand_pos,G6,0496d2dadf,1337,G6_rand_pos_seed1337_00001_.png,1024,1280,99.9575,0.0021,13.29,0.2498,#ffffff,0.9819,0.905,311.95,0.1554,#040305,0.7512,83.2727,11.692,4,0.6271,60.7799,0.582,0.5646,321.55,0.1916,#030203,24.4158,8.4955,284.14,0.4356,#373a46,25.2863,14.1177,305.04,0.04,#40394d,51.5667,51.1873,305.96,0.0137,#886cc2,55.6764,61.3446,307.75,0.0218,#9971da,83.8547,26.2351,308.14,0.0203,#dec8f8,palette_features_stage5.csv
G6_rand_pos_seed4242145_00001_.png,rand_pos,G6,0496d2dadf,4242145,G6_rand_pos_seed4242145_00001_.png,1024,1280,99.9642,0.003,298.88,0.2165,#ffffff,0.7032,0.6663,302.92,0.1443,#030204,0.7839,85.7003,8.6523,5,0.6353,66.073,0.3251,0.3514,307.0,0.1689,#010102,25.189,7.7837,284.77,0.4664,#393b47,26.0938,12.9193,311.32,0.061,#443a4d,42.0026,45.9585,309.72,0.0031,#75549e,62.9904,66.4244,310.29,0.0387,#b57ff3,86.0254,26.905,315.44,0.0078,#ebccfb,palette_features_stage5.csv
G6_rand_pos_seed42_00001_.png,rand_pos,G6,0496d2dadf,42,G6_rand_pos_seed42_00001_.png,1024,1280,99.8017,0.0601,288.55,0.3238,#fefeff,0.6804,0.6636,300.13,0.1222,#030204,0.6771,85.1279,3.6332,6,0.588,58.7906,0.3018,0.3148,301.03,0.168,#010102,15.9769,12.2459,302.73,0.2452,#2a2536,26.7051,6.8662,287.9,0.3428,#3d3f49,44.5329,40.6974,311.88,0.0037,#7d5b9c,65.4524,59.1054,313.32,0.0462,#c087ed,85.4297,24.2365,308.93,0.0113,#e2cdf9,palette_features_stage5.csv
G6_rand_pos_seed777_00001_.png,rand_pos,G6,0496d2dadf,777,G6_rand_pos_seed777_00001_.png,1024,1280,99.6338,0.6113,306.29,0.224,#fefeff,0.6939,0.6292,295.82,0.1607,#030204,0.7836,86.7072,8.5552,5,0.2911,65.5382,0.3104,0.3088,297.11,0.1945,#010102,24.7889,12.7452,317.2,0.0448,#433748,50.2562,38.7683,311.75,0.0146,#8b6aa9,60.9527,65.8469,308.28,0.0382,#aa7cef,64.8283,8.6918,285.39,0.0966,#9a9dac,87.0177,21.9739,306.31,0.01,#e3d3fc,palette_features_stage5.csv
G6_rand_pos_seed9999_00001_.png,rand_pos,G6,0496d2dadf,9999,G6_rand_pos_seed9999_00001_.png,1024,1280,99.9828,0.0025,210.11,0.291,#ffffff,0.7244,0.7371,302.93,0.1268,#030204,0.7075,79.8969,16.1983,4,0.2597,77.2897,0.3609,0.3956,304.05,0.1666,#020102,47.6934,21.6105,303.97,0.0038,#776c8f,52.1063,61.0619,314.69,0.0141,#9f62c7,60.1087,77.6853,314.7,0.0197,#bd6df3,75.7402,11.2002,303.69,0.0931,#beb8cc,80.2578,39.1907,312.56,0.0071,#dfb8fd,palette_features_stage5.csv
H01_baseline_seed101_00001_.png,baseline,H01,33c593ba54,101,H01_baseline_seed101_00001_.png,1024,1280,99.5596,0.2426,288.94,0.239,#fefefe,1.8355,1.3593,3.65,0.1454,#0a0607,0.7626,71.6201,5.8652,6,0.244,43.2691,1.6277,1.1448,5.6,0.1819,#090506,19.2135,22.4703,352.22,0.0278,#4a2134,42.7531,21.0646,17.01,0.0622,#88585c,50.0124,38.9747,11.55,0.0197,#b55b6b,64.0669,44.4139,357.36,0.0591,#e27ba0,73.2478,35.1886,351.84,0.049,#ed9cbe,palette_features_stage6.csv
H01_baseline_seed102_00001_.png,baseline,H01,33c593ba54,102,H01_baseline_seed102_00001_.png,1024,1280,97.5619,1.6879,332.27,0.2153,#faf7fa,2.4559,1.2642,24.46,0.1367,#0c0808,0.7864,70.9678,11.2892,5,0.2376,45.2079,2.2696,1.1399,27.93,0.1698,#0b0707,18.3593,22.5647,353.93,0.0328,#491f31,53.064,36.6102,10.44,0.037,#bb6575,54.399,26.0398,31.46,0.0283,#ae736c,62.819,46.3478,356.81,0.0678,#e1769e,73.2374,35.9216,349.78,0.0318,#ed9cc1,palette_features_stage6.csv
H01_baseline_seed103_00001_.png,baseline,H01,33c593ba54,103,H01_baseline_seed103_00001_.png,1024,1280,95.2263,3.2662,338.6,0.1882,#f6eff4,3.5086,1.8427,6.65,0.1846,#110b0c,0.8141,69.3076,5.4714,5,0.2879,52.0978,2.0888,0.8421,39.34,0.1878,#0a0706,21.3036,28.6871,353.35,0.0308,#572039,36.867,21.6534,3.29,0.1,#784955,41.2394,10.3442,32.06,0.065,#735c59,59.8622,52.9399,357.5,0.0588,#e26696,71.3964,38.1077,352.96,0.036,#ed95b9,palette_features_stage6.csv
H01_baseline_seed1337_00001_.png,baseline,H01,33c593ba54,1337,H01_baseline_seed1337_00001_.png,1024,1280,99.4343,0.2457,284.54,0.2068,#fdfdfe,1.8795,1.1478,34.67,0.1797,#0a0605,0.7934,61.5831,4.4092,6,0.3724,53.4108,1.6475,0.9467,44.43,0.2157,#090504,19.9902,25.7917,355.42,0.0279,#511f34,27.6268,16.3688,349.12,0.1567,#573846,44.5453,38.2342,8.23,0.024,#a44e62,54.1378,54.3575,4.63,0.0565,#d6547c,63.2306,47.8246,356.06,0.0394,#e475a0,palette_features_stage6.csv
H01_baseline_seed4242145_00001_.png,baseline,H01,33c593ba54,4242145,H01_baseline_seed4242145_00001_.png,1024,1280,98.3164,0.2787,6.49,0.169,#fbfafa,2.8647,1.5973,5.64,0.2081,#0e090a,0.8317,64.7061,7.7943,6,0.3202,50.7101,1.9358,0.8799,19.66,0.2232,#0a0606,30.0656,13.1253,345.49,0.097,#58404c,36.4147,24.3502,12.06,0.0536,#7c464e,47.4054,38.2173,12.41,0.02,#ad5564,55.6601,51.59,14.07,0.0571,#d85d72,66.6419,45.978,351.29,0.063,#e981b0,palette_features_stage6.csv
H01_baseline_seed42_00001_.png,baseline,H01,33c593ba54,42,H01_baseline_seed42_00001_.png,1024,1280,98.2101,0.353,326.24,0.1609,#fafafa,3.3607,2.1405,8.53,0.1828,#110b0c,0.8396,76.3765,6.9535,6,0.3533,49.7497,1.7937,1.175,28.39,0.1792,#0a0605,27.9466,12.4387,349.21,0.1741,#533b46,36.5901,23.1251,11.91,0.0686,#7a484f,45.2273,36.7798,11.99,0.0572,#a55160,57.6662,50.9248,0.02,0.0612,#da628c,78.1702,23.9019,347.98,0.0125,#e8b2cb,palette_features_stage6.csv
H01_baseline_seed777_00001_.png,baseline,H01,33c593ba54,777,H01_baseline_seed777_00001_.png,1024,1280,99.7641,0.1611,283.14,0.2321,#fefeff,2.3194,1.2117,31.09,0.1695,#0c0807,0.7697,66.4694,3.6984,6,0.293,48.0028,2.286,1.1909,32.06,0.2182,#0c0707,15.0875,9.3815,348.84,0.0679,#312129,26.276,28.3625,351.3,0.0276,#622c45,36.492,18.1697,6.26,0.0747,#724b53,56.9903,49.1937,3.71,0.0459,#d76285,68.7554,41.2046,352.7,0.0522,#e98bb2,palette_features_stage6.csv
H01_baseline_seed9999_00001_.png,baseline,H01,33c593ba54,9999,H01_baseline_seed9999_00001_.png,1024,1280,95.9215,2.9969,331.62,0.1864,#f7f2f6,2.9702,2.1326,2.99,0.2074,#10090b,0.8144,77.5186,9.842,6,0.347,47.8456,1.6558,0.9128,20.56,0.2127,#090505,27.7029,9.8968,339.77,0.1342,#4d3d47,56.0501,37.0003,21.8,0.0267,#c46e70,61.5405,48.7584,355.69,0.0707,#e0709d,67.315,37.9157,352.01,0.0313,#e08aaf,79.1744,24.3577,345.48,0.0263,#ebb5d0,palette_features_stage6.csv
H01_blockshuf_neg_seed1337_00001_.png,blockshuf_neg,H01,33c593ba54,1337,H01_blockshuf_neg_seed1337_00001_.png,1024,1280,99.8008,0.1179,292.97,0.2018,#fefeff,2.1023,0.584,347.92,0.1736,#090708,0.7985,61.4778,9.2905,5,0.3596,47.7802,1.4092,0.2444,334.94,0.2009,#060505,30.9529,14.6186,0.77,0.1587,#5f4149,40.5459,28.8737,24.07,0.0152,#8d4e4e,47.4546,31.5764,357.47,0.0429,#a15b74,60.4533,48.0245,349.09,0.0539,#d86fa3,62.8871,4.2213,316.96,0.0032,#9b979d,palette_features_stage6.csv
H01_blockshuf_neg_seed4242145_00001_.png,blockshuf_neg,H01,33c593ba54,4242145,H01_blockshuf_neg_seed4242145_00001_.png,1024,1280,99.7544,0.1199,322.5,0.1736,#fefefe,2.4455,0.9989,345.15,0.1921,#0b080a,0.827,60.3261,9.861,6,0.3082,58.0825,1.4625,0.3957,337.04,0.2085,#060506,33.2109,11.7777,0.31,0.0997,#60484e,40.1188,22.8669,4.85,0.0362,#82505c,46.33,39.2245,9.17,0.0337,#ab5165,53.6723,58.4782,9.81,0.0614,#db4e72,61.7886,47.592,357.97,0.0396,#e1719a,palette_features_stage6.csv
H01_blockshuf_neg_seed42_00001_.png,blockshuf_neg,H01,33c593ba54,42,H01_blockshuf_neg_seed42_00001_.png,1024,1280,99.8118,0.0962,290.7,0.2154,#fefeff,2.8638,0.7835,35.25,0.1534,#0c0a09,0.7856,64.1742,6.3924,5,0.2813,49.1,2.098,0.5203,55.86,0.1754,#090707,24.8388,6.9511,337.32,0.1025,#43383f,40.3575,13.8582,19.54,0.0473,#775758,44.1189,29.9269,6.92,0.0452,#985463,52.9073,49.6203,7.89,0.106,#cc5775,66.2722,1.7895,350.67,0.0028,#a4a0a2,palette_features_stage6.csv
H01_blockshuf_neg_seed777_00001_.png,blockshuf_neg,H01,33c593ba54,777,H01_blockshuf_neg_seed777_00001_.png,1024,1280,99.8263,0.1144,301.81,0.273,#fffeff,2.9008,1.321,6.46,0.1381,#0e0a0a,0.729,73.8027,8.0683,6,0.278,45.2081,2.423,0.9613,10.19,0.1794,#0b0808,15.934,18.206,359.21,0.0289,#3f1d28,44.3896,23.8453,6.56,0.0428,#8f5a65,50.9003,34.4547,4.31,0.0344,#b06176,58.1081,46.1695,2.49,0.0986,#d5698a,76.2256,8.246,349.18,0.002,#cab7bf,palette_features_stage6.csv
H01_blockshuf_neg_seed9999_00001_.png,blockshuf_neg,H01,33c593ba54,9999,H01_blockshuf_neg_seed9999_00001_.png,1024,1280,99.6951,0.2032,303.37,0.203,#fefefe,3.2026,1.7188,3.5,0.1559,#0f0a0b,0.7989,66.3844,9.4997,5,0.2681,45.5041,1.8612,0.6667,10.79,0.162,#090607,14.6264,20.9548,357.3,0.0253,#3f1827,45.0351,7.3022,85.95,0.0637,#716a5f,46.2461,30.2671,8.08,0.027,#9e5968,58.1118,46.1708,8.62,0.1061,#d76982,68.2456,9.2871,11.51,0.004,#b8a1a3,palette_features_stage6.csv
H01_blockshuf_pos_seed1337_00001_.png,blockshuf_pos,H01,33c593ba54,1337,H01_blockshuf_pos_seed1337_00001_.png,1024,1280,98.8416,0.1911,262.01,0.2365,#fbfcfc,2.7669,2.0061,15.24,0.2265,#0f0909,0.7633,59.6371,10.7533,5,0.3065,48.6066,1.8804,1.2772,30.75,0.2632,#0a0605,34.8261,23.1393,359.35,0.031,#744353,38.7248,11.5092,22.52,0.0338,#6f5554,44.3952,33.3382,356.84,0.0318,#9b526d,50.7068,46.5636,353.92,0.0428,#bd5683,61.5175,49.8838,348.61,0.0433,#dd70a7,palette_features_stage6.csv
H01_blockshuf_pos_seed4242145_00001_.png,blockshuf_pos,H01,33c593ba54,4242145,H01_blockshuf_pos_seed4242145_00001_.png,1024,1280,98.4115,0.1481,89.47,0.1802,#fbfafa,2.3234,1.0698,4.07,0.1733,#0b0808,0.8197,65.9683,11.6293,5,0.2791,48.7634,2.1782,1.1288,2.01,0.2087,#0b0708,11.3483,17.1225,347.75,0.0378,#311523,47.1624,39.9326,357.84,0.0382,#ac5374,49.617,6.4946,112.71,0.0704,#76776c,57.8491,49.8922,353.78,0.0569,#d66596,68.1465,41.3881,349.11,0.0239,#e68ab5,palette_features_stage6.csv
H01_blockshuf_pos_seed42_00001_.png,blockshuf_pos,H01,33c593ba54,42,H01_blockshuf_pos_seed42_00001_.png,1024,1280,98.5255,0.1842,73.61,0.1996,#fbfbfa,2.0798,1.4803,9.79,0.1577,#0c0607,0.8013,68.5434,5.8455,6,0.2647,48.2807,1.8334,1.1857,14.17,0.1878,#0a0606,26.0397,15.4584,336.15,0.068,#4f3647,37.7983,17.9399,16.13,0.0375,#764e52,46.7713,39.7074,353.52,0.0419,#a85378,54.8892,49.4665,352.66,0.0768,#cc5e90,70.3769,30.8164,350.85,0.0162,#de98b6,palette_features_stage6.csv
H01_blockshuf_pos_seed777_00001_.png,blockshuf_pos,H01,33c593ba54,777,H01_blockshuf_pos_seed777_00001_.png,1024,1280,98.7857,0.1243,291.26,0.2396,#fbfbfc,2.1134,1.2436,358.79,0.214,#0b0708,0.7604,66.8249,10.327,5,0.338,44.5873,1.178,0.7717,0.48,0.2516,#060404,32.1201,10.1062,339.27,0.0864,#584751,39.628,17.322,8.36,0.0269,#7a535a,56.6639,45.359,354.22,0.0422,#cd6791,56.9454,27.2719,359.78,0.0457,#b6778a,68.003,38.1592,352.47,0.0476,#e28bb0,palette_features_stage6.csv
H01_blockshuf_pos_seed9999_00001_.png,blockshuf_pos,H01,33c593ba54,9999,H01_blockshuf_pos_seed9999_00001_.png,1024,1280,98.6321,0.0936,304.5,0.2581,#fbfbfb,1.8359,1.0956,10.12,0.1906,#0a0606,0.7429,66.7756,9.1826,5,0.3619,43.1939,1.1884,0.7614,15.24,0.2351,#060404,29.6636,14.1278,351.06,0.0874,#593e4a,46.9768,6.5423,102.61,0.1267,#727065,57.191,35.1566,355.16,0.0225,#c07190,67.0749,43.9553,351.88,0.0645,#e884b0,67.9641,22.5675,359.52,0.0196,#cd97a7,palette_features_stage6.csv
H01_preset_neg_seed1337_00001_.png,preset_neg,H01,33c593ba54,1337,H01_preset_neg_seed1337_00001_.png,1024,1280,99.5546,0.1767,270.33,0.2088,#fefefe,3.5578,1.5167,18.51,0.1787,#100c0c,0.7915,56.5324,8.0362,5,0.3468,54.6027,2.3523,1.0838,37.25,0.2009,#0c0807,21.809,26.2994,4.6,0.0253,#582332,29.1442,14.2418,343.73,0.146,#573d4b,51.0291,49.047,37.33,0.0073,#c05b49,51.8014,39.2417,355.93,0.0484,#b76081,58.8847,55.6864,358.41,0.0675,#e36092,palette_features_stage6.csv
H01_preset_neg_seed4242145_00001_.png,preset_neg,H01,33c593ba54,4242145,H01_preset_neg_seed4242145_00001_.png,1024,1280,99.198,0.0588,18.42,0.1996,#fdfdfd,3.8053,1.7767,6.49,0.1738,#110c0d,0.8026,72.5012,6.8015,6,0.2457,54.6179,2.4466,0.7767,24.89,0.1836,#0b0808,28.0136,24.9984,5.4,0.057,#66323f,43.6673,52.9752,35.04,0.0092,#b04437,49.1747,36.7681,359.26,0.0355,#ad5b77,58.7885,55.3946,4.93,0.0621,#e56087,74.9477,11.3372,4.9,0.0057,#ceb1b7,palette_features_stage6.csv
H01_preset_neg_seed42_00001_.png,preset_neg,H01,33c593ba54,42,H01_preset_neg_seed42_00001_.png,1024,1280,95.6319,2.9057,6.03,0.2221,#f9f1f2,3.1256,1.4985,27.51,0.1435,#0f0a0a,0.787,76.2577,6.1777,6,0.2691,51.0477,2.3702,1.0578,44.24,0.162,#0b0807,25.9632,8.7099,339.28,0.1071,#483942,41.3184,14.6012,29.34,0.0745,#7a5a56,47.9655,31.6329,1.47,0.0481,#a35c72,58.4398,52.1055,2.35,0.1042,#df638b,78.6278,21.0011,0.42,0.0181,#e9b5c3,palette_features_stage6.csv
H01_preset_neg_seed777_00001_.png,preset_neg,H01,33c593ba54,777,H01_preset_neg_seed777_00001_.png,1024,1280,99.112,0.0286,205.08,0.2785,#fcfcfc,4.0139,2.8089,7.96,0.1398,#140c0d,0.7239,71.7548,6.1029,6,0.2711,38.7352,2.5845,1.5255,13.56,0.1634,#0d0809,27.4098,31.6518,2.22,0.0342,#6c2a40,38.2824,21.0453,21.48,0.0863,#7c4e4e,46.3123,12.6735,42.98,0.1076,#826860,63.8068,40.2606,0.52,0.0398,#dd7e9b,74.3394,38.2565,344.12,0.0665,#f09ecb,palette_features_stage6.csv
H01_preset_neg_seed9999_00001_.png,preset_neg,H01,33c593ba54,9999,H01_preset_neg_seed9999_00001_.png,1024,1280,94.6248,3.6509,0.6,0.2104,#f7edf0,3.7016,2.006,19.51,0.1529,#120c0c,0.7945,71.7298,12.3474,6,0.2452,59.4631,2.4315,1.1657,40.86,0.1612,#0c0807,40.9259,15.3515,31.24,0.0841,#7a5854,46.2376,40.6663,6.36,0.0477,#ac4f68,55.3079,60.6287,7.94,0.0442,#e24f79,61.4715,54.3312,358.76,0.0579,#e96998,74.1613,28.9146,354.15,0.0149,#e7a3bd,palette_features_stage6.csv
H01_preset_pos_seed1337_00001_.png,preset_pos,H01,33c593ba54,1337,H01_preset_pos_seed1337_00001_.png,1024,1280,99.4724,0.2928,278.97,0.2287,#fdfdfe,1.252,0.7974,13.79,0.2228,#070404,0.7715,75.5412,13.834,4,0.3419,48.8224,1.0632,0.6656,15.28,0.2766,#060303,40.4948,23.2667,8.16,0.0446,#84515b,47.8483,16.5908,27.11,0.0653,#8e6865,52.1491,35.1251,6.23,0.0417,#b56477,55.11,49.488,0.81,0.0578,#d15d85,76.6044,8.5572,341.57,0.0018,#cab8c2,palette_features_stage6.csv
H01_preset_pos_seed4242145_00001_.png,preset_pos,H01,33c593ba54,4242145,H01_preset_pos_seed4242145_00001_.png,1024,1280,98.0852,0.2989,310.87,0.1565,#faf9fa,1.7053,1.3283,355.15,0.2044,#0a0507,0.8445,73.8572,7.8752,6,0.3028,44.1016,1.4268,1.0827,355.57,0.2288,#080405,31.13,20.0131,349.9,0.0475,#643e4f,40.6499,15.0933,14.95,0.0318,#79575a,49.0901,36.2733,358.07,0.0352,#ac5b78,59.5541,45.1843,354.64,0.074,#d56e98,75.284,11.779,341.45,0.0023,#cbb3c1,palette_features_stage6.csv
H01_preset_pos_seed42_00001_.png,preset_pos,H01,33c593ba54,42,H01_preset_pos_seed42_00001_.png,1024,1280,98.8472,0.4854,303.14,0.1595,#fcfcfc,2.269,1.6245,3.03,0.1727,#0c0708,0.8421,79.5683,9.9943,5,0.2509,46.098,1.6937,1.2398,5.94,0.1932,#0a0506,20.0008,24.4321,355.41,0.0276,#4f2134,49.1698,22.2091,20.69,0.0282,#9b6768,51.8906,37.3968,7.28,0.0412,#b86175,58.1821,47.3378,359.93,0.0577,#d6688e,81.262,9.5007,12.86,0.0024,#ddc4c6,palette_features_stage6.csv
H01_preset_pos_seed777_00001_.png,preset_pos,H01,33c593ba54,777,H01_preset_pos_seed777_00001_.png,1024,1280,97.0695,2.0219,332.43,0.2382,#f9f5f8,1.847,1.0314,1.96,0.1651,#090607,0.7635,71.0312,7.5712,5,0.3617,41.4901,1.7948,0.9569,3.17,0.2153,#090606,26.287,13.3178,338.45,0.1464,#4e3846,41.2775,23.4855,358.53,0.0468,#855363,42.358,10.6411,5.85,0.0643,#765e63,55.8889,42.447,357.14,0.0643,#c8678b,72.8261,28.4815,352.11,0.0106,#e2a0bb,palette_features_stage6.csv
H01_preset_pos_seed9999_00001_.png,preset_pos,H01,33c593ba54,9999,H01_preset_pos_seed9999_00001_.png,1024,1280,99.1562,0.5347,287.42,0.2006,#fcfcfe,1.3145,0.7533,7.75,0.189,#070405,0.8006,64.2864,12.5786,4,0.2982,39.41,1.3345,0.8332,6.61,0.2379,#070405,12.7207,17.1493,1.51,0.02,#371721,49.9084,25.4114,1.94,0.0324,#a06676,54.4978,9.5721,68.71,0.0213,#8f8073,56.7313,37.8356,357.58,0.0603,#c46e8c,65.6209,40.2432,356.13,0.0432,#e083a6,palette_features_stage6.csv
H01_rand_neg_seed1337_00001_.png,rand_neg,H01,33c593ba54,1337,H01_rand_neg_seed1337_00001_.png,1024,1280,97.5512,0.1289,313.68,0.1977,#f8f8f8,2.3553,1.2362,32.59,0.1867,#0c0807,0.8022,61.0825,7.3482,5,0.3502,51.7061,1.6202,0.7391,49.48,0.2099,#080505,26.4822,26.5859,4.3,0.026,#642d3d,31.0644,12.1435,8.15,0.1403,#5c4247,46.2642,11.9109,49.53,0.1111,#80695f,56.8218,52.4452,358.23,0.0483,#d95f8d,62.7028,42.8582,351.74,0.0337,#d979a4,palette_features_stage6.csv
H01_rand_neg_seed4242145_00001_.png,rand_neg,H01,33c593ba54,4242145,H01_rand_neg_seed4242145_00001_.png,1024,1280,97.2094,0.3492,359.31,0.1721,#f8f7f7,1.821,0.8115,40.6,0.1729,#090605,0.8285,55.7329,10.2499,4,0.2877,50.354,1.6099,0.6742,53.4,0.1996,#080605,31.4786,19.4207,4.57,0.0881,#673e48,44.8734,36.1357,7.07,0.0426,#a25164,45.8536,17.1374,40.34,0.065,#88645b,53.5998,51.0283,8.08,0.0318,#d05776,57.3428,50.9197,358.74,0.0358,#d8628d,palette_features_stage6.csv
H01_rand_neg_seed42_00001_.png,rand_neg,H01,33c593ba54,42,H01_rand_neg_seed42_00001_.png,1024,1280,95.9104,0.8433,30.15,0.1234,#f5f3f2,1.8486,0.9245,42.53,0.1854,#090605,0.8373,81.6654,13.6585,4,0.3024,49.5281,1.7222,0.86,46.52,0.2205,#090605,36.7779,17.1536,15.84,0.082,#724d50,41.6851,28.9216,2.25,0.0274,#8f4f61,43.9597,10.5622,47.81,0.0726,#79635b,52.9221,50.388,2.82,0.033,#cc567c,83.3876,14.2395,346.89,0.0195,#e8c7d6,palette_features_stage6.csv
H01_rand_neg_seed777_00001_.png,rand_neg,H01,33c593ba54,777,H01_rand_neg_seed777_00001_.png,1024,1280,93.7308,3.5426,340.02,0.2452,#f3ebef,2.6798,1.3043,22.33,0.1413,#0d0909,0.7564,56.0512,8.6272,4,0.2993,43.9778,2.0308,0.8062,37.99,0.1692,#0a0706,29.3188,12.9533,341.95,0.1124,#553f4c,33.5679,7.3373,3.32,0.1301,#5b4b4e,40.7185,28.9815,357.74,0.0283,#8b4d63,45.1617,15.0677,34.95,0.0645,#84635d,58.082,44.784,358.67,0.099,#d26a8f,palette_features_stage6.csv
H01_rand_neg_seed9999_00001_.png,rand_neg,H01,33c593ba54,9999,H01_rand_neg_seed9999_00001_.png,1024,1280,94.9078,2.3185,346.91,0.1392,#f4eff1,2.2214,1.296,16.55,0.1651,#0c0707,0.8568,83.9207,7.9102,6,0.3152,44.6182,1.5374,0.6519,36.8,0.1732,#070505,26.4545,29.065,358.21,0.0177,#662b41,35.8087,15.6858,2.42,0.142,#6d4b54,46.8021,12.8789,40.76,0.0845,#846961,57.6145,45.2701,359.65,0.0516,#d2688c,85.4581,12.1411,339.32,0.0602,#e8cfde,palette_features_stage6.csv
H01_rand_pos_seed1337_00001_.png,rand_pos,H01,33c593ba54,1337,H01_rand_pos_seed1337_00001_.png,1024,1280,99.9107,0.0123,301.35,0.2147,#ffffff,1.0521,0.4961,349.91,0.235,#050304,0.7852,54.4633,4.7272,5,0.4133,62.893,0.6568,0.3853,349.15,0.2868,#030203,10.6735,27.5946,358.5,0.0159,#3c071f,25.8822,12.9635,359.39,0.1265,#50363e,41.5185,11.0652,58.3,0.0485,#715e53,52.5825,53.4677,11.58,0.0227,#d1526e,55.1202,63.2783,0.67,0.0941,#e34b85,palette_features_stage6.csv
H01_rand_pos_seed4242145_00001_.png,rand_pos,H01,33c593ba54,4242145,H01_rand_pos_seed4242145_00001_.png,1024,1280,99.8407,0.0405,323.76,0.1697,#ffffff,1.3374,1.0786,350.13,0.232,#070405,0.8307,59.1553,6.2944,6,0.3352,61.3884,0.5856,0.4664,342.11,0.25,#030203,12.3068,26.0803,343.06,0.0386,#3b0f2b,35.1658,22.746,10.02,0.0578,#76454d,48.2647,22.019,53.16,0.018,#926a56,54.5565,44.2687,357.05,0.0553,#c66288,59.7409,61.8549,355.41,0.0853,#ed5b9b,palette_features_stage6.csv
H01_rand_pos_seed42_00001_.png,rand_pos,H01,33c593ba54,42,H01_rand_pos_seed42_00001_.png,1024,1280,99.9059,0.0815,344.43,0.1655,#ffffff,1.4028,0.9862,355.64,0.1994,#080405,0.835,55.4602,11.2541,4,0.3128,67.3787,0.6789,0.5954,348.24,0.2175,#040203,34.0443,17.2178,18.08,0.0709,#6c4648,42.1289,33.2431,0.48,0.0502,#954d64,48.3049,48.9764,4.29,0.0154,#bd4b6e,51.5157,51.1277,58.74,0.0015,#b5672f,56.1391,67.9741,5.91,0.0953,#ee467d,palette_features_stage6.csv
H01_rand_pos_seed777_00001_.png,rand_pos,H01,33c593ba54,777,H01_rand_pos_seed777_00001_.png,1024,1280,99.8441,0.0368,336.45,0.2219,#ffffff,2.0617,1.5867,350.05,0.1792,#0b0608,0.7794,71.3128,1.6776,6,0.3083,55.4289,1.399,0.7823,352.42,0.2059,#070505,17.2863,30.7538,351.25,0.0338,#4e1432,31.5149,20.276,1.68,0.0658,#683e4a,46.9539,42.3271,1.16,0.042,#af506f,58.0695,56.2112,358.7,0.1024,#e25d90,72.7119,7.4719,355.38,0.0032,#c0aeb4,palette_features_stage6.csv
H01_rand_pos_seed9999_00001_.png,rand_pos,H01,33c593ba54,9999,H01_rand_pos_seed9999_00001_.png,1024,1280,99.9492,0.0314,329.11,0.2838,#ffffff,0.788,0.9462,351.75,0.1942,#050203,0.7168,64.7646,8.2421,6,0.4768,60.0618,0.5199,0.4955,349.59,0.2548,#030202,29.8432,12.5299,11.91,0.222,#5a3f43,37.4088,57.8694,348.43,0.0137,#a1216c,47.9607,25.1563,24.63,0.0265,#9c6361,56.7841,30.5077,6.01,0.0465,#bb7484,65.2845,60.5573,63.38,0.001,#e18a3b,palette_features_stage6.csv
H02_baseline_seed101_00001_.png,baseline,H02,10c8f5e4cd,101,H02_baseline_seed101_00001_.png,1024,1280,98.3653,0.22,50.23,0.2044,#fbfafa,4.1183,3.5456,43.09,0.1116,#150d09,0.7957,89.8827,14.362,5,0.3368,45.5936,3.2937,2.8249,43.11,0.1268,#120a07,48.2348,23.8517,33.49,0.0972,#99655d,61.3627,48.4184,61.66,0.0381,#cd8349,64.5183,23.1422,64.72,0.21,#bb9578,82.9987,36.9524,83.14,0.0491,#eeca8a,93.1765,20.4671,96.44,0.0831,#f7ebc4,palette_features_stage6.csv
H02_baseline_seed102_00001_.png,baseline,H02,10c8f5e4cd,102,H02_baseline_seed102_00001_.png,1024,1280,98.8335,0.1409,320.61,0.1977,#fcfcfc,4.2431,3.53,47.84,0.1176,#150d09,0.8021,90.158,6.5291,6,0.2618,48.6282,3.0132,2.5405,47.8,0.1271,#100906,32.0605,35.5994,57.21,0.0379,#713e1c,47.2407,26.7639,42.75,0.1347,#986353,64.3687,51.1687,62.42,0.0255,#d78a4b,84.0847,33.0752,84.01,0.0341,#eece94,93.1712,18.7538,94.47,0.0604,#f7ebc8,palette_features_stage6.csv
H02_baseline_seed103_00001_.png,baseline,H02,10c8f5e4cd,103,H02_baseline_seed103_00001_.png,1024,1280,98.8489,0.1523,312.37,0.1568,#fcfcfc,4.5275,3.2385,48.84,0.147,#150e0b,0.8441,87.7268,14.2652,5,0.2913,48.3995,3.3091,2.419,49.31,0.1514,#110b08,42.3253,46.6079,55.65,0.0205,#985124,48.1186,27.2059,46.18,0.1399,#9a6552,76.522,50.8185,74.3,0.0172,#eeb162,77.1165,13.3569,75.49,0.0558,#cebca7,91.0359,27.9729,93.11,0.0641,#f7e4b0,palette_features_stage6.csv
H02_baseline_seed1337_00001_.png,baseline,H02,10c8f5e4cd,1337,H02_baseline_seed1337_00001_.png,1024,1280,98.6909,0.1038,339.73,0.1703,#fbfbfb,3.4021,3.0708,48.58,0.1428,#120b07,0.8292,89.1941,10.9719,6,0.2686,44.9303,2.8271,2.5483,49.43,0.1573,#100906,18.7803,12.5288,48.67,0.0478,#3d2920,49.5717,47.4785,62.57,0.0283,#a8662d,55.1401,28.0739,48.63,0.1113,#ae7761,85.398,34.3036,85.23,0.0497,#f1d295,92.0212,19.711,94.26,0.0685,#f4e8c3,palette_features_stage6.csv
H02_baseline_seed4242145_00001_.png,baseline,H02,10c8f5e4cd,4242145,H02_baseline_seed4242145_00001_.png,1024,1280,98.9499,0.2083,296.15,0.1384,#fcfcfc,3.6058,2.554,49.96,0.144,#120c08,0.8616,89.8593,8.4946,6,0.3255,45.5724,2.4429,1.7127,51.45,0.1458,#0d0806,36.0664,11.4341,49.07,0.0298,#665047,50.8847,25.2514,40.82,0.1797,#a16c5e,68.2345,47.2851,65.5,0.0159,#dd9759,84.4492,36.8318,84.42,0.046,#f1ce8e,92.3021,20.9318,94.22,0.0691,#f6e8c1,palette_features_stage6.csv
H02_baseline_seed42_00001_.png,baseline,H02,10c8f5e4cd,42,H02_baseline_seed42_00001_.png,1024,1280,98.7759,0.2604,344.64,0.1338,#fcfbfc,4.0752,3.4215,42.56,0.1389,#150c09,0.8654,88.7404,14.2384,6,0.2833,47.4619,3.1712,2.6019,42.25,0.1439,#110a07,47.5067,30.1019,43.54,0.1394,#9d624f,57.5534,50.0638,62.83,0.0308,#c2793c,78.1294,47.3183,76.46,0.0213,#eeb86b,86.3845,31.5961,85.76,0.0611,#f2d59d,91.9116,20.36,91.63,0.0605,#f6e7c1,palette_features_stage6.csv
H02_baseline_seed777_00001_.png,baseline,H02,10c8f5e4cd,777,H02_baseline_seed777_00001_.png,1024,1280,98.9794,0.2605,300.6,0.1489,#fcfcfc,3.927,2.9194,44.43,0.1322,#130c09,0.8509,90.591,7.278,5,0.2692,48.0474,2.7671,2.0954,45.43,0.1345,#0f0907,29.5636,36.663,51.79,0.0193,#6f3619,48.34,50.1428,58.58,0.0238,#ab6029,53.1848,26.8173,43.16,0.1346,#a97261,74.8792,43.8581,70.58,0.0257,#e8ad6c,93.3582,22.1475,95.7,0.0794,#f9ecc2,palette_features_stage6.csv
H02_baseline_seed9999_00001_.png,baseline,H02,10c8f5e4cd,9999,H02_baseline_seed9999_00001_.png,1024,1280,98.8287,0.0894,313.4,0.216,#fcfcfc,3.4567,2.8885,46.39,0.1274,#120b08,0.7842,90.1917,9.7021,6,0.2485,45.0774,2.2471,1.8498,47.81,0.1387,#0d0705,32.0931,13.4201,46.2,0.0321,#5f463d,46.1883,26.7589,37.61,0.1097,#975f53,56.857,46.9272,55.91,0.0397,#c37545,86.077,32.2091,86.31,0.0324,#f1d49b,92.4388,21.1395,94.99,0.061,#f6e9c1,palette_features_stage6.csv
H02_blockshuf_neg_seed1337_00001_.png,blockshuf_neg,H02,10c8f5e4cd,1337,H02_blockshuf_neg_seed1337_00001_.png,1024,1280,99.7521,0.1691,307.25,0.16,#fefeff,3.8395,2.3762,55.35,0.1271,#120d09,0.839,90.5489,8.7445,6,0.3262,46.1509,2.6982,1.5821,60.7,0.1322,#0d0907,37.9969,10.4598,45.86,0.03,#6a554e,54.6354,24.2076,42.58,0.194,#a97767,66.936,47.7329,61.21,0.0287,#dd9258,81.0577,24.4246,73.87,0.0273,#e6c49e,93.247,19.3244,93.5,0.0848,#f8ebc7,palette_features_stage6.csv
H02_blockshuf_neg_seed4242145_00001_.png,blockshuf_neg,H02,10c8f5e4cd,4242145,H02_blockshuf_neg_seed4242145_00001_.png,1024,1280,99.816,0.1257,310.6,0.1565,#fffeff,3.859,2.3353,50.59,0.1429,#120d0a,0.8432,89.1057,15.6064,5,0.331,44.7472,2.908,1.6275,51.58,0.1484,#0e0a08,49.8883,21.8942,34.46,0.1091,#9b6b63,66.823,46.3747,53.11,0.0191,#e38e61,67.4325,18.0903,62.53,0.1827,#be9e88,81.8851,34.2601,73.64,0.0391,#f2c48e,92.0137,21.4589,92.33,0.061,#f7e7bf,palette_features_stage6.csv
H02_blockshuf_neg_seed42_00001_.png,blockshuf_neg,H02,10c8f5e4cd,42,H02_blockshuf_neg_seed42_00001_.png,1024,1280,98.9527,0.1424,349.78,0.1291,#fcfcfc,3.5489,2.1657,46.64,0.1358,#110c09,0.8704,89.9577,8.0046,5,0.2091,47.2146,2.9909,1.715,47.89,0.1466,#0f0a08,16.9597,13.7814,47.95,0.0411,#3b251c,39.3502,38.2622,57.77,0.0197,#874f28,59.8579,28.609,49.4,0.0574,#bb836b,64.6916,48.9295,61.03,0.0346,#d88b51,92.9486,17.4972,92.87,0.0625,#f7eac9,palette_features_stage6.csv
H02_blockshuf_neg_seed777_00001_.png,blockshuf_neg,H02,10c8f5e4cd,777,H02_blockshuf_neg_seed777_00001_.png,1024,1280,99.6884,0.1528,315.17,0.1378,#fefefe,3.6357,2.1755,41.79,0.113,#110c0a,0.8622,89.0677,12.4879,6,0.3123,44.6311,2.6828,1.3749,43.77,0.1167,#0d0908,44.4817,46.006,54.63,0.031,#9f562b,52.6026,20.5962,33.88,0.098,#a0726b,68.9407,18.7485,61.01,0.1956,#c3a28b,76.728,34.3242,64.38,0.0382,#eab285,91.7505,23.3637,91.73,0.0856,#f8e6bb,palette_features_stage6.csv
H02_blockshuf_neg_seed9999_00001_.png,blockshuf_neg,H02,10c8f5e4cd,9999,H02_blockshuf_neg_seed9999_00001_.png,1024,1280,99.7759,0.1378,305.98,0.2078,#fefeff,3.8417,2.0771,48.1,0.1316,#120d0a,0.7919,88.5903,11.7422,5,0.2564,46.6082,3.4564,1.8809,48.16,0.1584,#100b09,30.069,32.1825,52.84,0.0196,#6b3a1f,47.4791,21.7095,38.38,0.0981,#93665b,50.4411,48.4891,55.29,0.0273,#b26434,84.9079,30.0719,82.62,0.0429,#efd09c,92.0466,18.5912,92.95,0.0556,#f5e7c5,palette_features_stage6.csv
H02_blockshuf_pos_seed1337_00001_.png,blockshuf_pos,H02,10c8f5e4cd,1337,H02_blockshuf_pos_seed1337_00001_.png,1024,1280,98.4609,0.0302,223.35,0.1883,#fafbfb,2.9991,2.5212,46.25,0.1185,#100907,0.8111,90.2214,14.0191,5,0.2612,42.1474,2.1324,1.8104,46.18,0.1307,#0c0705,44.6263,43.9578,60.52,0.0348,#995a29,48.1327,25.3558,45.15,0.105,#986655,70.2799,12.8646,74.0,0.1305,#bba996,86.7254,32.9576,88.07,0.0398,#f2d69b,92.3538,21.2977,95.58,0.0659,#f5e9c0,palette_features_stage6.csv
H02_blockshuf_pos_seed4242145_00001_.png,blockshuf_pos,H02,10c8f5e4cd,4242145,H02_blockshuf_pos_seed4242145_00001_.png,1024,1280,98.4446,0.203,100.81,0.162,#fbfbfa,3.0113,2.8464,40.2,0.1253,#110907,0.8382,89.6529,12.381,6,0.2774,43.2055,2.0535,1.9385,38.96,0.1298,#0d0605,32.8501,13.9491,48.28,0.026,#61483d,43.892,45.144,58.42,0.0335,#9a5727,49.0456,27.6201,44.94,0.1476,#9e6755,83.9238,37.2611,82.4,0.0259,#f2cc8c,91.7064,24.2361,95.73,0.0684,#f5e7b9,palette_features_stage6.csv
H02_blockshuf_pos_seed42_00001_.png,blockshuf_pos,H02,10c8f5e4cd,42,H02_blockshuf_pos_seed42_00001_.png,1024,1280,98.4872,0.1884,103.75,0.1575,#fbfbfa,3.5644,3.1892,43.92,0.121,#130b08,0.8415,90.7364,7.5534,6,0.2639,45.9209,2.5112,2.1715,43.32,0.1259,#0e0806,32.035,14.6948,53.68,0.0264,#5f4639,48.3404,31.7471,48.59,0.138,#9f644c,69.6077,48.0924,70.41,0.036,#dc9d57,87.0243,28.2056,86.29,0.057,#f1d7a5,93.2477,16.9113,94.27,0.0653,#f7ebcb,palette_features_stage6.csv
H02_blockshuf_pos_seed777_00001_.png,blockshuf_pos,H02,10c8f5e4cd,777,H02_blockshuf_pos_seed777_00001_.png,1024,1280,98.7898,0.172,273.52,0.1345,#fbfcfc,3.0893,2.4923,38.17,0.1288,#110a08,0.8661,89.6308,12.2178,6,0.4099,45.0338,1.8587,1.5704,35.86,0.1257,#0b0605,42.9463,46.6042,58.13,0.0215,#985423,50.0758,26.5317,44.3,0.1179,#9f6a59,65.5992,25.456,61.69,0.2843,#c29778,74.188,10.0838,80.11,0.0616,#c1b5a4,91.4895,24.9885,93.26,0.0912,#f6e6b7,palette_features_stage6.csv
H02_blockshuf_pos_seed9999_00001_.png,blockshuf_pos,H02,10c8f5e4cd,9999,H02_blockshuf_pos_seed9999_00001_.png,1024,1280,98.5833,0.0666,235.9,0.1946,#fbfbfb,4.7875,4.1827,44.91,0.1528,#170e0a,0.8048,90.0266,8.597,5,0.2757,49.3168,2.0033,1.9292,41.42,0.148,#0c0604,32.3176,13.3693,48.22,0.0292,#5f473d,47.8856,26.1011,45.14,0.1277,#986553,51.8733,51.246,60.22,0.0263,#b4692e,70.0806,39.4825,66.93,0.02,#da9f6a,92.0299,21.7939,95.02,0.0857,#f5e8bf,palette_features_stage6.csv
H02_preset_neg_seed1337_00001_.png,preset_neg,H02,10c8f5e4cd,1337,H02_preset_neg_seed1337_00001_.png,1024,1280,99.613,0.1011,269.05,0.1737,#fefefe,3.2981,2.6795,49.35,0.1206,#110a07,0.8257,92.215,14.1028,5,0.328,48.9989,2.1032,1.6936,48.79,0.1244,#0c0705,46.5163,31.1565,42.35,0.0824,#9c5e4c,65.4708,24.4454,61.61,0.2036,#c09779,69.1033,50.6924,59.74,0.0226,#e8955a,85.7279,32.4533,84.14,0.0469,#f2d299,94.3181,16.3522,96.9,0.0648,#f8efcf,palette_features_stage6.csv
H02_preset_neg_seed4242145_00001_.png,preset_neg,H02,10c8f5e4cd,4242145,H02_preset_neg_seed4242145_00001_.png,1024,1280,99.6433,0.1253,269.49,0.1553,#fefefe,3.2307,2.046,42.66,0.1187,#100a08,0.8441,90.3057,15.2648,5,0.3037,47.5203,2.3124,1.3863,42.8,0.1261,#0c0806,48.6195,23.9694,35.64,0.1209,#9a675d,64.1452,17.8272,61.4,0.1776,#b59580,65.1763,48.9067,55.28,0.0216,#de8957,82.9661,33.8594,79.94,0.0603,#efc990,92.6181,19.5271,93.67,0.0733,#f7e9c5,palette_features_stage6.csv
H02_preset_neg_seed42_00001_.png,preset_neg,H02,10c8f5e4cd,42,H02_preset_neg_seed42_00001_.png,1024,1280,98.6028,0.049,31.83,0.1317,#fbfbfb,3.4311,2.7762,42.42,0.1185,#120b08,0.8677,89.984,9.9475,6,0.2522,46.979,2.3622,1.7081,42.69,0.119,#0d0806,14.3356,13.0015,46.25,0.0454,#341f18,49.1453,28.6068,41.77,0.1332,#a06656,61.763,48.6871,61.45,0.0382,#ce844a,85.186,35.4855,84.35,0.0615,#f2d092,92.3462,18.8664,92.33,0.067,#f6e8c5,palette_features_stage6.csv
H02_preset_neg_seed777_00001_.png,preset_neg,H02,10c8f5e4cd,777,H02_preset_neg_seed777_00001_.png,1024,1280,99.6581,0.1121,279.09,0.1586,#fefefe,3.2234,1.9117,43.64,0.1072,#100b09,0.8409,92.1716,16.0301,5,0.2931,48.4153,2.1646,1.2286,42.45,0.1137,#0b0706,50.6108,27.3445,39.74,0.1085,#a36a5c,52.004,49.6439,57.28,0.0248,#b66834,66.9924,23.7951,59.17,0.1794,#c59a7f,76.3941,34.3641,64.73,0.0342,#e9b184,94.3362,21.5657,98.86,0.0966,#f9efc6,palette_features_stage6.csv
H02_preset_neg_seed9999_00001_.png,preset_neg,H02,10c8f5e4cd,9999,H02_preset_neg_seed9999_00001_.png,1024,1280,99.5934,0.1416,280.85,0.2248,#fefefe,3.6358,2.6183,46.74,0.1301,#120c09,0.7745,91.4801,9.2729,6,0.3087,47.7084,2.0618,1.5037,48.28,0.1447,#0b0705,34.5778,37.7296,53.97,0.0303,#7c4221,53.0247,23.7212,41.87,0.164,#a47364,61.6454,49.2122,55.03,0.0326,#d4804e,85.438,28.4863,82.07,0.0436,#f0d1a1,93.5419,17.1025,96.91,0.0554,#f6eccc,palette_features_stage6.csv
H02_preset_pos_seed1337_00001_.png,preset_pos,H02,10c8f5e4cd,1337,H02_preset_pos_seed1337_00001_.png,1024,1280,98.3785,0.2051,100.98,0.1758,#fafafa,3.595,3.2972,47.14,0.1233,#130b07,0.824,89.2852,13.8168,6,0.2557,42.2207,2.3137,2.1059,47.84,0.1236,#0e0705,47.0867,23.7711,45.91,0.1094,#936554,52.9765,44.3267,60.98,0.0335,#b16f3c,67.2244,13.0073,76.79,0.1321,#b2a18d,81.5932,36.7944,79.81,0.0322,#edc587,91.5988,24.8349,94.33,0.0754,#f6e6b8,palette_features_stage6.csv
H02_preset_pos_seed4242145_00001_.png,preset_pos,H02,10c8f5e4cd,4242145,H02_preset_pos_seed4242145_00001_.png,1024,1280,98.4241,0.0401,24.1,0.1433,#fbfafa,3.3349,2.8367,45.88,0.1455,#120a07,0.8568,88.9386,13.8981,5,0.2731,43.6835,2.1744,1.8057,45.76,0.1431,#0d0705,45.8469,25.4383,41.26,0.0987,#936052,63.9779,12.3857,72.63,0.13,#aa9886,67.3777,45.4892,65.35,0.0233,#d9965a,82.2904,34.3675,82.83,0.0486,#ebc88d,91.113,23.9768,93.25,0.0518,#f5e5b8,palette_features_stage6.csv
H02_preset_pos_seed42_00001_.png,preset_pos,H02,10c8f5e4cd,42,H02_preset_pos_seed42_00001_.png,1024,1280,98.4824,0.0746,78.28,0.1591,#fbfbfa,3.5974,3.0605,47.83,0.1456,#130b08,0.8407,87.9783,7.2208,6,0.2678,45.0215,2.6251,2.1162,47.94,0.1516,#0e0806,28.8632,21.747,54.16,0.0391,#5e3c29,45.5284,30.3809,47.03,0.1162,#965e48,58.5699,47.1377,63.81,0.025,#c17d42,65.6586,13.2493,74.75,0.095,#af9d89,90.6034,24.175,90.64,0.1037,#f5e3b6,palette_features_stage6.csv
H02_preset_pos_seed777_00001_.png,preset_pos,H02,10c8f5e4cd,777,H02_preset_pos_seed777_00001_.png,1024,1280,98.5393,0.098,79.5,0.1243,#fbfbfb,3.5873,2.8603,44.28,0.1472,#130b08,0.8766,88.3152,13.715,6,0.2382,41.9242,2.2891,1.7946,44.31,0.14,#0d0705,26.3312,33.0699,50.5,0.0209,#633018,31.7566,13.1641,50.67,0.0358,#5d463b,42.7842,43.7188,56.99,0.0217,#965428,48.9745,23.4095,42.23,0.0983,#99695b,90.6043,26.0006,91.65,0.0783,#f6e3b3,palette_features_stage6.csv
H02_preset_pos_seed9999_00001_.png,preset_pos,H02,10c8f5e4cd,9999,H02_preset_pos_seed9999_00001_.png,1024,1280,98.4298,0.1325,77.95,0.1836,#fbfafa,3.4235,2.9188,41.2,0.1431,#120b08,0.816,90.3658,10.6389,6,0.2754,42.9878,2.2039,1.8605,40.52,0.1469,#0d0705,38.88,37.0965,56.1,0.0244,#864d2a,47.6305,25.1235,45.09,0.1284,#966554,69.3036,44.8483,66.09,0.0199,#dd9b5f,85.2403,33.8456,85.97,0.0314,#f0d195,92.5696,19.8611,94.92,0.0441,#f6e9c4,palette_features_stage6.csv
H02_rand_neg_seed1337_00001_.png,rand_neg,H02,10c8f5e4cd,1337,H02_rand_neg_seed1337_00001_.png,1024,1280,97.622,0.135,345.28,0.1773,#f8f8f8,3.307,2.5658,53.08,0.1307,#110b07,0.8216,88.1875,8.5207,6,0.3017,48.1096,2.6306,2.0241,53.85,0.1463,#0e0906,16.6801,13.4959,54.16,0.0495,#39251a,50.5457,23.3726,41.09,0.1555,#9d6d5f,59.2897,50.1337,67.7,0.0267,#c2803c,74.473,33.6381,70.95,0.0285,#deae7d,90.8181,22.1626,95.56,0.0631,#f1e4bb,palette_features_stage6.csv
H02_rand_neg_seed4242145_00001_.png,rand_neg,H02,10c8f5e4cd,4242145,H02_rand_neg_seed4242145_00001_.png,1024,1280,97.8507,0.1086,333.77,0.161,#f9f9f9,3.0881,2.0348,51.06,0.1287,#100a07,0.8378,88.8047,7.3985,6,0.3084,49.7697,2.2689,1.4455,51.79,0.1383,#0c0706,31.8372,31.0037,59.81,0.0154,#6c4121,51.843,21.4844,35.52,0.1701,#9f7067,59.5476,51.2152,66.99,0.0243,#c4803b,78.4824,15.0059,75.73,0.0452,#d4bfa7,91.0735,23.5715,96.17,0.0449,#f2e5b9,palette_features_stage6.csv
H02_rand_neg_seed42_00001_.png,rand_neg,H02,10c8f5e4cd,42,H02_rand_neg_seed42_00001_.png,1024,1280,97.3666,0.6496,67.12,0.1464,#f8f7f6,3.3577,2.4132,56.54,0.1338,#110b07,0.8597,85.3503,8.724,6,0.2916,45.8964,2.5104,1.7552,59.01,0.1395,#0d0806,35.2927,35.5809,60.3,0.0181,#784721,47.8572,24.6158,42.67,0.1521,#976656,60.617,47.6517,64.96,0.0352,#c78346,80.1972,35.4424,78.63,0.0608,#e9c186,87.8607,26.35,89.58,0.074,#f0daaa,palette_features_stage6.csv
H02_rand_neg_seed777_00001_.png,rand_neg,H02,10c8f5e4cd,777,H02_rand_neg_seed777_00001_.png,1024,1280,98.1107,0.1233,315.7,0.158,#faf9fa,3.3833,2.3779,48.61,0.1383,#110b08,0.8419,88.6809,10.9045,5,0.2961,46.7383,2.141,1.3998,48.35,0.1403,#0b0705,27.1711,29.0119,55.35,0.0155,#60351c,49.0695,48.1382,58.1,0.0297,#ab622f,53.8859,21.1185,38.3,0.1559,#a4766b,85.696,29.6918,85.44,0.0628,#efd39e,90.8219,20.4333,93.38,0.047,#f2e4be,palette_features_stage6.csv
H02_rand_neg_seed9999_00001_.png,rand_neg,H02,10c8f5e4cd,9999,H02_rand_neg_seed9999_00001_.png,1024,1280,98.0664,0.0922,328.83,0.1679,#faf9fa,3.8299,2.3658,49.94,0.1504,#120c0a,0.8312,87.9706,12.0189,5,0.3298,44.6036,2.3639,1.4928,49.01,0.1523,#0c0806,34.23,27.2217,58.93,0.027,#6f472c,47.7855,46.0964,59.24,0.0244,#a5602e,52.3546,20.5981,40.86,0.1775,#9e7367,84.1648,31.678,83.8,0.0475,#edce97,90.3345,20.2742,91.62,0.0491,#f2e2bd,palette_features_stage6.csv
H02_rand_pos_seed1337_00001_.png,rand_pos,H02,10c8f5e4cd,1337,H02_rand_pos_seed1337_00001_.png,1024,1280,99.927,0.0419,91.26,0.1817,#ffffff,3.7074,3.2514,38.81,0.1531,#140b09,0.8177,91.455,9.2454,6,0.2768,52.358,2.8345,2.3953,37.89,0.1678,#100907,36.0868,14.8623,52.14,0.0315,#6a4f43,50.4814,32.6471,42.29,0.109,#a96754,59.095,54.7532,58.17,0.0346,#cf783c,83.5389,41.2378,79.69,0.0412,#f6c984,94.2896,24.8117,96.51,0.056,#fcefbf,palette_features_stage6.csv
H02_rand_pos_seed4242145_00001_.png,rand_pos,H02,10c8f5e4cd,4242145,H02_rand_pos_seed4242145_00001_.png,1024,1280,99.7786,0.0618,230.82,0.1617,#fefefe,3.7363,2.947,38.5,0.1554,#130c09,0.838,90.5001,15.2303,5,0.3548,50.6742,2.5671,1.9666,37.17,0.1628,#0e0807,47.2564,28.7778,34.98,0.1239,#9d6056,48.7335,52.6409,50.81,0.034,#b45b2f,71.4537,27.995,64.74,0.1919,#d4a682,77.3221,52.0246,72.02,0.0168,#f5b263,93.0673,30.3557,94.93,0.0721,#fcebb1,palette_features_stage6.csv
H02_rand_pos_seed42_00001_.png,rand_pos,H02,10c8f5e4cd,42,H02_rand_pos_seed42_00001_.png,1024,1280,99.7479,0.1291,255.12,0.1966,#fefeff,2.706,2.3442,36.92,0.1509,#0f0807,0.8026,91.1128,10.6209,6,0.2927,53.2977,2.1819,1.7226,37.46,0.1759,#0d0705,33.7758,47.3004,49.36,0.0364,#853816,46.1382,32.0465,39.27,0.1169,#9d5c4d,76.7278,55.0204,70.56,0.0226,#f7af5c,84.5826,42.87,80.89,0.0482,#f9cc83,93.2946,25.2133,92.93,0.0554,#fcebbb,palette_features_stage6.csv
H02_rand_pos_seed777_00001_.png,rand_pos,H02,10c8f5e4cd,777,H02_rand_pos_seed777_00001_.png,1024,1280,99.8795,0.0975,105.75,0.1522,#fffffe,3.6394,2.736,39.0,0.1331,#130b09,0.8477,91.0643,16.3785,4,0.2904,51.7075,2.3416,1.7472,35.67,0.1356,#0d0706,49.5814,32.3667,40.25,0.1192,#a76554,69.4081,33.2158,68.35,0.1533,#d1a072,71.7221,53.4547,62.6,0.0154,#f09d59,74.3581,17.0518,75.46,0.1371,#cbb399,93.4059,29.4472,95.2,0.0749,#fcecb4,palette_features_stage6.csv
H02_rand_pos_seed9999_00001_.png,rand_pos,H02,10c8f5e4cd,9999,H02_rand_pos_seed9999_00001_.png,1024,1280,99.9065,0.0127,159.49,0.2142,#ffffff,4.2291,3.7357,39.61,0.153,#160d0a,0.7854,89.9793,10.8749,6,0.3533,50.4199,2.6524,2.3278,39.59,0.167,#0f0806,42.3207,27.0275,36.51,0.0875,#8d554b,55.8706,52.7477,55.06,0.0239,#c66f3b,67.7156,30.209,67.87,0.1863,#c99c73,81.332,45.582,77.86,0.0358,#f5c276,92.6317,29.1528,94.87,0.0542,#fae9b2,palette_features_stage6.csv
H03_baseline_seed101_00001_.png,baseline,H03,386df2985c,101,H03_baseline_seed101_00001_.png,1024,1280,98.7919,0.1356,315.93,0.1517,#fcfbfc,2.2229,1.6656,33.64,0.4056,#0d0706,0.849,89.6709,6.9856,5,0.5045,40.2853,1.4894,0.9138,34.07,0.4284,#080504,21.8956,23.4166,49.13,0.0338,#502b1b,42.2745,22.3362,17.38,0.0761,#88565a,67.2367,41.1991,57.05,0.0308,#db9366,71.743,12.743,83.35,0.0259,#bcae99,91.1603,25.6728,92.12,0.0388,#f7e5b5,palette_features_stage6.csv
H03_baseline_seed102_00001_.png,baseline,H03,386df2985c,102,H03_baseline_seed102_00001_.png,1024,1280,99.7596,0.0459,308.54,0.1409,#fefefe,0.9727,0.7968,29.06,0.4288,#060303,0.8597,82.2369,10.0731,5,0.5968,40.7513,0.6757,0.5091,26.23,0.4776,#040202,25.5791,27.1358,54.65,0.0209,#5b331b,45.2614,41.2604,58.16,0.0211,#9a5c31,50.8214,26.0757,27.46,0.1192,#a56a66,79.2467,16.8749,94.58,0.0233,#cec4a5,82.9126,33.1428,76.59,0.0439,#f1c892,palette_features_stage6.csv
H03_baseline_seed103_00001_.png,baseline,H03,386df2985c,103,H03_baseline_seed103_00001_.png,1024,1280,98.7464,0.1213,302.09,0.1657,#fbfbfc,1.9383,1.4637,43.13,0.3822,#0b0605,0.835,82.6127,13.5443,5,0.5362,39.9804,1.4157,0.942,51.44,0.4227,#080503,43.5884,23.1549,17.45,0.1036,#8d595c,61.2357,22.1407,47.1,0.1135,#b78a78,65.6784,40.9224,46.29,0.0157,#dd8b6c,73.4118,14.3732,87.35,0.0264,#c0b39a,84.0285,29.3537,76.51,0.0363,#f1cb9c,palette_features_stage6.csv
H03_baseline_seed1337_00001_.png,baseline,H03,386df2985c,1337,H03_baseline_seed1337_00001_.png,1024,1280,99.2083,0.2551,275.94,0.1601,#fdfdfd,1.6108,1.1512,39.63,0.3833,#090504,0.8391,92.9026,12.3922,6,0.535,45.9466,1.5385,1.0876,40.18,0.4512,#090504,15.8323,12.5873,31.53,0.0598,#39211f,33.1038,30.8467,46.02,0.0259,#753f2c,45.6754,24.0306,22.87,0.0838,#945e5e,52.1096,47.0342,43.7,0.0198,#be6346,94.4411,14.1813,93.69,0.0366,#f9efd4,palette_features_stage6.csv
H03_baseline_seed4242145_00001_.png,baseline,H03,386df2985c,4242145,H03_baseline_seed4242145_00001_.png,1024,1280,99.8639,0.0216,283.55,0.1389,#ffffff,0.6462,0.608,31.16,0.4609,#040202,0.8618,83.4255,10.1055,5,0.6194,42.6603,0.4042,0.3489,31.82,0.5162,#020101,10.8969,10.8048,33.82,0.0421,#2b1815,35.844,43.0092,48.33,0.0258,#884021,50.2676,27.6571,27.65,0.1032,#a56763,81.1707,33.5401,63.41,0.0356,#f7be92,83.8298,15.5294,95.15,0.018,#dad1b4,palette_features_stage6.csv
H03_baseline_seed42_00001_.png,baseline,H03,386df2985c,42,H03_baseline_seed42_00001_.png,1024,1280,98.6499,0.1435,334.43,0.159,#fbfbfb,1.672,1.5177,47.77,0.3615,#0a0503,0.842,92.4785,5.9625,6,0.5236,47.7689,1.2779,1.1492,52.85,0.4014,#080402,30.1599,30.4182,51.03,0.0351,#6b3a23,47.3946,28.2502,26.75,0.1222,#9e5f5c,65.7333,48.9181,54.4,0.0167,#e18a59,83.4901,31.8906,79.78,0.0236,#efcb95,93.7565,21.0449,95.37,0.0344,#f9edc5,palette_features_stage6.csv
H03_baseline_seed777_00001_.png,baseline,H03,386df2985c,777,H03_baseline_seed777_00001_.png,1024,1280,99.7916,0.1093,284.32,0.1871,#fefeff,0.7045,0.5862,23.32,0.4619,#040202,0.8136,89.1907,14.6861,5,0.632,43.0449,0.4773,0.344,19.87,0.5462,#030101,45.2299,43.3889,54.6,0.0249,#9f5930,50.2397,24.2449,21.95,0.0857,#a16969,67.8551,27.4511,49.38,0.0762,#d19981,71.9311,13.8207,82.08,0.0215,#beae98,89.668,27.2992,86.87,0.0242,#f8dfae,palette_features_stage6.csv
H03_baseline_seed9999_00001_.png,baseline,H03,386df2985c,9999,H03_baseline_seed9999_00001_.png,1024,1280,99.5889,0.2637,287.47,0.3077,#fefefe,1.5004,1.1931,33.13,0.3694,#090504,0.693,89.3869,9.7355,6,0.606,46.9171,0.9632,0.7327,38.14,0.4927,#060302,24.6371,12.6713,5.43,0.0603,#4d3339,38.0427,34.5347,46.84,0.0213,#864932,47.7751,25.0405,22.45,0.1133,#9b6262,56.2037,47.6498,50.33,0.0271,#c67048,90.35,25.5294,89.8,0.0301,#f6e2b3,palette_features_stage6.csv
H03_blockshuf_neg_seed1337_00001_.png,blockshuf_neg,H03,386df2985c,1337,H03_blockshuf_neg_seed1337_00001_.png,1024,1280,99.7915,0.0725,285.57,0.1537,#fefeff,0.1603,0.0829,7.04,0.5333,#010101,0.8467,82.9918,7.533,5,0.6611,31.075,0.0833,0.0406,352.16,0.6233,#000000,27.4196,11.0745,30.88,0.0115,#523b38,48.2454,19.9613,32.22,0.0251,#946861,52.979,26.4472,28.65,0.0378,#ab6f6a,69.6043,24.8394,56.43,0.0027,#cfa085,83.0751,31.1156,60.93,0.0378,#fcc39d,palette_features_stage6.csv
H03_blockshuf_neg_seed4242145_00001_.png,blockshuf_neg,H03,386df2985c,4242145,H03_blockshuf_neg_seed4242145_00001_.png,1024,1280,99.5697,0.1251,303.27,0.1328,#fefefe,0.2222,0.0982,20.74,0.5111,#010101,0.8678,88.1758,4.2319,6,0.7322,32.8931,0.1159,0.0434,2.62,0.579,#010000,20.1936,9.6062,41.27,0.0134,#3e2d28,44.8265,21.6003,41.79,0.0219,#8b6053,57.6949,32.9365,20.91,0.0046,#c37578,73.6892,32.7158,46.45,0.1532,#eaa58b,88.2917,20.3121,69.24,0.0354,#f9d8ba,palette_features_stage6.csv
H03_blockshuf_neg_seed42_00001_.png,blockshuf_neg,H03,386df2985c,42,H03_blockshuf_neg_seed42_00001_.png,1024,1280,99.8341,0.0678,299.53,0.1933,#ffffff,0.1512,0.078,9.04,0.4407,#010001,0.8065,80.6325,8.0085,6,0.5889,25.3782,0.0909,0.0413,1.88,0.5387,#000000,29.9606,9.4927,29.99,0.0111,#564240,39.9919,13.8481,31.17,0.0103,#755753,60.3442,19.4841,32.83,0.0178,#b48780,68.7585,25.4195,28.3,0.0502,#d69893,80.7234,5.4691,36.69,0.0048,#d3c5c2,palette_features_stage6.csv
H03_blockshuf_neg_seed777_00001_.png,blockshuf_neg,H03,386df2985c,777,H03_blockshuf_neg_seed777_00001_.png,1024,1280,99.8085,0.075,309.5,0.1684,#fefeff,0.2988,0.2085,21.03,0.5432,#020101,0.8318,83.7626,9.0388,5,0.6738,35.8596,0.1065,0.0675,11.19,0.6383,#010000,10.7451,7.6016,26.79,0.0169,#271a19,34.3475,14.8879,30.15,0.0355,#684945,59.311,35.9271,50.33,0.0268,#c27e5f,61.1795,27.6602,29.24,0.0332,#c4837d,83.8691,30.2017,62.95,0.0333,#fcc79f,palette_features_stage6.csv
H03_blockshuf_neg_seed9999_00001_.png,blockshuf_neg,H03,386df2985c,9999,H03_blockshuf_neg_seed9999_00001_.png,1024,1280,99.8438,0.1134,303.98,0.2348,#ffffff,0.2103,0.1264,8.72,0.4883,#010101,0.7651,82.9811,10.6753,5,0.7354,41.6308,0.1268,0.0711,0.68,0.6294,#010000,32.3709,10.4341,25.24,0.0252,#5d4746,52.3396,33.0485,44.99,0.0057,#ad6d56,53.3833,25.4376,25.37,0.106,#ab706e,73.9765,41.702,46.42,0.0069,#f7a080,83.1079,28.3915,57.57,0.0265,#fac4a3,palette_features_stage6.csv
H03_blockshuf_pos_seed1337_00001_.png,blockshuf_pos,H03,386df2985c,1337,H03_blockshuf_pos_seed1337_00001_.png,1024,1280,98.363,0.6981,98.67,0.2152,#fbfaf9,1.0663,1.0089,32.05,0.4062,#070303,0.7851,80.4067,9.724,6,0.5593,30.0571,0.749,0.6499,32.58,0.476,#050202,13.6452,13.2749,32.05,0.042,#341d1a,48.9067,30.707,30.23,0.0623,#a5625b,62.12,12.9054,59.56,0.0271,#a99283,71.2074,19.4348,32.63,0.0832,#d3a39c,81.1558,7.7961,53.51,0.006,#d7c6be,palette_features_stage6.csv
H03_blockshuf_pos_seed4242145_00001_.png,blockshuf_pos,H03,386df2985c,4242145,H03_blockshuf_pos_seed4242145_00001_.png,1024,1280,98.3757,1.3297,104.06,0.1671,#fbfaf8,1.232,0.9122,40.36,0.4585,#070403,0.8491,93.3616,12.8982,6,0.5666,40.2073,0.701,0.4773,46.35,0.4861,#040202,44.7377,22.2454,23.77,0.0474,#8f5d5c,61.2748,40.6846,35.8,0.0804,#d57c6c,71.574,32.2527,50.09,0.0643,#e2a083,84.1312,27.3534,77.31,0.0241,#efcca0,94.0626,14.2111,99.57,0.0198,#f5eed3,palette_features_stage6.csv
H03_blockshuf_pos_seed42_00001_.png,blockshuf_pos,H03,386df2985c,42,H03_blockshuf_pos_seed42_00001_.png,1024,1280,98.5684,0.0596,182.7,0.1885,#fbfbfb,1.1319,1.1042,31.1,0.4081,#070303,0.8113,92.434,19.0276,3,0.5805,41.1848,0.8626,0.8314,30.59,0.4824,#050302,43.73,23.2446,21.6,0.0688,#8e595a,47.7847,42.0163,54.14,0.0191,#a56039,49.6399,35.1644,26.99,0.0981,#ae605d,52.6453,12.2169,56.03,0.0187,#90796d,93.2967,17.1571,96.27,0.0476,#f6eccb,palette_features_stage6.csv
H03_blockshuf_pos_seed777_00001_.png,blockshuf_pos,H03,386df2985c,777,H03_blockshuf_pos_seed777_00001_.png,1024,1280,98.5192,0.6961,105.4,0.2242,#fbfbf9,0.7988,0.7983,28.0,0.4546,#050202,0.7861,91.4461,5.2318,6,0.6312,42.0599,0.6337,0.6544,26.34,0.5548,#040202,29.1105,20.5905,23.01,0.0304,#633939,46.8439,31.0517,25.34,0.0764,#a15c5a,61.397,42.7144,38.3,0.0599,#d77b67,77.5829,29.7062,59.78,0.0366,#ebb591,92.0798,17.1913,97.55,0.0138,#f1e8c8,palette_features_stage6.csv
H03_blockshuf_pos_seed9999_00001_.png,blockshuf_pos,H03,386df2985c,9999,H03_blockshuf_pos_seed9999_00001_.png,1024,1280,99.0376,0.2039,139.35,0.3214,#fcfcfc,0.8339,0.8016,33.44,0.4189,#050202,0.6882,93.7216,6.7583,6,0.6407,38.0609,0.6431,0.6347,34.05,0.583,#040202,31.9192,16.0739,30.72,0.0319,#64433f,45.8062,28.0981,23.55,0.0578,#9a5b5b,66.0806,38.6957,39.07,0.0523,#df8b77,78.9919,27.3644,59.01,0.0309,#ecb999,94.3647,14.307,100.7,0.0146,#f5efd4,palette_features_stage6.csv
H03_preset_neg_seed1337_00001_.png,preset_neg,H03,386df2985c,1337,H03_preset_neg_seed1337_00001_.png,1024,1280,99.3572,0.0951,122.53,0.1701,#fdfdfd,0.9638,0.3875,44.76,0.4256,#050303,0.8279,85.7174,8.5453,6,0.5688,33.684,0.8346,0.2926,49.05,0.5012,#040303,9.9138,7.2725,33.56,0.0283,#251816,36.6107,21.4665,28.84,0.0229,#784a46,54.0009,33.9765,26.05,0.0676,#b96c69,80.456,14.3146,90.07,0.0231,#d3c7ad,86.552,13.9299,65.66,0.0205,#edd4c1,palette_features_stage6.csv
H03_preset_neg_seed4242145_00001_.png,preset_neg,H03,386df2985c,4242145,H03_preset_neg_seed4242145_00001_.png,1024,1280,98.2406,0.2092,86.4,0.1332,#fafafa,2.1483,0.986,54.0,0.4574,#0a0706,0.8678,81.9003,6.7475,6,0.6015,41.7426,1.7648,0.7192,65.0,0.5008,#080605,26.9801,11.3791,20.11,0.034,#523a3a,50.3526,24.1989,30.83,0.0425,#a06a64,58.886,42.4618,38.51,0.0278,#cf7561,73.1815,32.4047,57.18,0.1007,#e3a783,83.6651,21.2506,77.39,0.0347,#e8ccaa,palette_features_stage6.csv
H03_preset_neg_seed42_00001_.png,preset_neg,H03,386df2985c,42,H03_preset_neg_seed42_00001_.png,1024,1280,99.1223,0.0432,116.71,0.1758,#fcfcfc,1.726,1.1858,46.67,0.3925,#090604,0.8243,87.1192,8.5181,6,0.5845,43.0765,1.5188,1.0231,50.06,0.4598,#080504,25.9348,12.9089,28.41,0.0246,#513735,55.5552,24.2226,27.68,0.0689,#af7773,61.3326,44.0996,34.82,0.0179,#da796a,75.7146,29.2692,51.17,0.1247,#e9ad92,88.638,15.7706,76.39,0.0334,#f1dbc2,palette_features_stage6.csv
H03_preset_neg_seed777_00001_.png,preset_neg,H03,386df2985c,777,H03_preset_neg_seed777_00001_.png,1024,1280,99.4108,0.0715,242.42,0.1982,#fdfdfd,1.6343,0.7857,39.49,0.422,#080505,0.8023,83.3571,13.0993,5,0.5931,37.3981,1.5744,0.7409,40.29,0.5205,#080505,40.546,17.1369,35.14,0.0295,#7b5750,62.3994,38.1391,38.78,0.0374,#d4816e,73.3569,31.676,54.26,0.0726,#e4a786,73.477,13.5838,79.14,0.0183,#c3b29c,84.9315,28.1814,78.1,0.0386,#f2cfa0,palette_features_stage6.csv
H03_preset_neg_seed9999_00001_.png,preset_neg,H03,386df2985c,9999,H03_preset_neg_seed9999_00001_.png,1024,1280,99.1392,0.0309,255.69,0.256,#fcfdfd,1.8735,0.8876,47.91,0.3839,#090605,0.7457,85.8638,11.8093,5,0.5672,48.7733,1.6244,0.7397,53.4,0.4982,#080604,39.9659,26.426,27.77,0.0386,#874f4b,54.3306,49.513,45.44,0.0302,#c66847,63.667,10.7751,21.81,0.069,#af9493,67.6875,41.7526,55.16,0.0188,#de9368,87.4883,27.6098,83.43,0.0237,#f4d8a7,palette_features_stage6.csv
H03_preset_pos_seed1337_00001_.png,preset_pos,H03,386df2985c,1337,H03_preset_pos_seed1337_00001_.png,1024,1280,99.4771,0.2636,299.76,0.1816,#fefdfe,0.7184,0.5841,15.28,0.4117,#040202,0.8175,83.8216,5.7619,6,0.5218,31.5532,0.4853,0.3671,8.01,0.4765,#030102,16.1786,14.3897,29.95,0.0373,#3c211e,25.5081,20.4933,30.23,0.0453,#5a312e,37.9947,31.9203,30.57,0.0227,#894641,63.3374,13.5757,54.18,0.0172,#af9486,84.3069,8.5706,61.09,0.0322,#e0cfc4,palette_features_stage6.csv
H03_preset_pos_seed4242145_00001_.png,preset_pos,H03,386df2985c,4242145,H03_preset_pos_seed4242145_00001_.png,1024,1280,99.7045,0.3148,302.76,0.1306,#fefeff,0.5807,0.4789,29.05,0.4978,#030202,0.8693,94.0723,9.8778,5,0.6452,40.2297,0.3662,0.2727,24.15,0.5564,#020101,25.13,16.0562,34.67,0.0518,#53342e,44.1986,27.4476,34.1,0.0888,#935950,47.9091,40.5025,58.78,0.0176,#a16338,80.7825,26.9956,66.8,0.0121,#ecc09b,94.4386,14.4825,86.1,0.0188,#fdedd3,palette_features_stage6.csv
H03_preset_pos_seed42_00001_.png,preset_pos,H03,386df2985c,42,H03_preset_pos_seed42_00001_.png,1024,1280,99.3716,0.3076,270.9,0.191,#fdfdfe,1.1655,1.0627,32.97,0.4136,#070303,0.8091,88.1285,6.7851,6,0.5827,40.6659,0.6749,0.563,29.74,0.4741,#040202,24.5975,16.771,40.07,0.0655,#51332b,48.4655,28.6305,30.85,0.1087,#a1625c,57.3038,41.2289,66.89,0.0275,#b67e47,67.252,37.347,47.97,0.0543,#dd9273,88.8034,22.2254,89.55,0.0454,#f0ddb5,palette_features_stage6.csv
H03_preset_pos_seed777_00001_.png,preset_pos,H03,386df2985c,777,H03_preset_pos_seed777_00001_.png,1024,1280,99.6836,0.3373,292.11,0.1806,#fefeff,0.5776,0.6097,35.28,0.4756,#040201,0.8197,91.5147,14.0634,6,0.6504,46.3509,0.3355,0.3331,33.93,0.5615,#020101,10.2969,10.9151,38.61,0.0428,#2a1713,51.5619,27.9045,31.81,0.0889,#a96b63,57.5066,46.684,61.79,0.0156,#c07a42,63.7979,39.3819,40.45,0.0773,#d9856f,91.8501,25.0777,87.53,0.0248,#fce5b8,palette_features_stage6.csv
H03_preset_pos_seed9999_00001_.png,preset_pos,H03,386df2985c,9999,H03_preset_pos_seed9999_00001_.png,1024,1280,99.6102,0.304,280.96,0.288,#fefefe,0.4904,0.4945,24.73,0.4302,#030101,0.7118,88.6317,10.0651,6,0.6621,44.542,0.3062,0.2926,19.65,0.5842,#020101,19.5287,16.5082,34.15,0.0477,#462722,43.2613,33.8555,56.08,0.0152,#8f5938,48.604,31.7533,31.03,0.0779,#a66159,56.4634,44.8346,57.58,0.0139,#bf7646,88.9379,23.5362,86.98,0.0274,#f3ddb3,palette_features_stage6.csv
H03_rand_neg_seed1337_00001_.png,rand_neg,H03,386df2985c,1337,H03_rand_neg_seed1337_00001_.png,1024,1280,98.4292,0.0679,312.24,0.1521,#fbfafb,1.1006,0.8632,52.15,0.3606,#060402,0.8478,90.8497,6.0567,6,0.4866,36.109,0.6818,0.5644,58.94,0.4074,#040201,24.3576,21.1178,57.18,0.0298,#513320,39.3013,23.1277,21.84,0.0353,#824f50,65.4577,36.6734,46.55,0.0506,#d78d71,74.8743,33.7609,61.51,0.0792,#e6ac83,91.5316,21.397,94.76,0.0391,#f4e6be,palette_features_stage6.csv
H03_rand_neg_seed4242145_00001_.png,rand_neg,H03,386df2985c,4242145,H03_rand_neg_seed4242145_00001_.png,1024,1280,97.2674,1.9279,90.51,0.1309,#f9f7f3,1.1972,0.6758,53.84,0.3911,#060403,0.8858,85.3247,14.1824,5,0.5239,36.1213,0.773,0.3835,52.16,0.4168,#040302,44.2665,24.943,24.94,0.1071,#915a58,63.8374,36.5048,45.96,0.0715,#d3886d,72.812,35.6601,59.13,0.0472,#e4a57c,82.4761,32.8377,75.75,0.0348,#f0c692,86.0977,14.8147,89.59,0.0233,#e3d6bb,palette_features_stage6.csv
H03_rand_neg_seed42_00001_.png,rand_neg,H03,386df2985c,42,H03_rand_neg_seed42_00001_.png,1024,1280,98.3474,0.0801,100.34,0.1341,#fafafa,1.3063,0.8765,47.98,0.3931,#070403,0.8666,83.9439,8.3978,5,0.5679,37.4031,0.7918,0.5183,53.22,0.4223,#040302,21.6993,19.8163,58.24,0.0316,#492e1b,46.3207,22.8024,24.46,0.1455,#94605f,65.8992,37.9214,46.31,0.0487,#da8d70,84.2019,29.7145,76.62,0.0363,#f2cc9c,84.7356,14.638,87.56,0.0136,#e0d2b8,palette_features_stage6.csv
H03_rand_neg_seed777_00001_.png,rand_neg,H03,386df2985c,777,H03_rand_neg_seed777_00001_.png,1024,1280,98.0027,0.4604,90.82,0.1954,#faf9f8,1.0069,0.5977,40.52,0.4182,#050303,0.8106,87.7296,7.7463,5,0.5956,40.634,0.5192,0.2711,38.21,0.4859,#030201,24.8224,18.5209,56.17,0.0247,#503524,46.6396,30.6584,59.74,0.0324,#946443,49.8536,24.7553,22.88,0.1097,#a06867,65.4975,40.9051,43.45,0.0365,#de896e,88.2488,25.5835,84.93,0.0231,#f4daad,palette_features_stage6.csv
H03_rand_neg_seed9999_00001_.png,rand_neg,H03,386df2985c,9999,H03_rand_neg_seed9999_00001_.png,1024,1280,98.1354,0.1124,318.78,0.1955,#fafafa,1.2559,0.5829,30.01,0.3569,#060404,0.8043,88.3071,13.895,5,0.5519,38.6033,1.0063,0.4402,30.27,0.4284,#050303,43.0143,11.5501,46.83,0.0303,#786158,49.9025,23.7754,22.12,0.1235,#9f6868,52.7153,31.3901,62.43,0.0332,#a4744f,66.8167,39.0435,44.86,0.0477,#df8e73,89.3134,21.1801,89.65,0.0323,#f1dfb8,palette_features_stage6.csv
H03_rand_pos_seed1337_00001_.png,rand_pos,H03,386df2985c,1337,H03_rand_pos_seed1337_00001_.png,1024,1280,99.8401,0.0513,16.69,0.2013,#ffffff,0.5188,0.4748,11.44,0.45,#030202,0.7973,80.9875,7.8431,6,0.5939,32.3812,0.2274,0.2262,12.48,0.5064,#010101,19.1368,14.274,18.0,0.0213,#432729,29.655,19.4292,19.42,0.0205,#633b3d,39.499,24.9412,20.62,0.0201,#854e50,50.7613,32.6074,20.86,0.0875,#ae6467,81.2149,8.6833,18.52,0.0105,#dcc4c5,palette_features_stage6.csv
H03_rand_pos_seed4242145_00001_.png,rand_pos,H03,386df2985c,4242145,H03_rand_pos_seed4242145_00001_.png,1024,1280,99.8243,0.1213,15.96,0.1754,#fffefe,0.2395,0.315,8.37,0.4906,#020101,0.8255,84.4636,9.8888,6,0.6186,37.0452,0.1655,0.2163,5.31,0.5811,#010001,6.5001,8.4228,16.84,0.0373,#201011,16.7604,16.3438,23.54,0.0375,#402121,27.4388,24.02,24.56,0.0285,#633333,52.796,37.2615,24.95,0.0324,#ba6665,84.629,12.2263,58.29,0.0175,#e8cfc0,palette_features_stage6.csv
H03_rand_pos_seed42_00001_.png,rand_pos,H03,386df2985c,42,H03_rand_pos_seed42_00001_.png,1024,1280,99.7568,0.6171,99.54,0.2387,#fffefd,1.0056,0.8495,33.78,0.4005,#060303,0.7627,81.7841,10.8849,5,0.5422,42.5677,0.7598,0.5979,35.33,0.5061,#040202,30.5732,15.4835,25.81,0.0264,#60403e,39.9463,30.8328,18.06,0.031,#8e4a50,52.1114,43.1655,51.98,0.0361,#b46943,80.4116,17.8806,90.28,0.0179,#d5c6a6,82.5438,34.1782,64.49,0.0335,#fbc294,palette_features_stage6.csv
H03_rand_pos_seed777_00001_.png,rand_pos,H03,386df2985c,777,H03_rand_pos_seed777_00001_.png,1024,1280,99.8663,0.0605,14.51,0.2168,#ffffff,0.2417,0.2397,3.79,0.5143,#020101,0.7823,82.4896,8.5809,6,0.7772,42.5761,0.1535,0.1583,0.54,0.6413,#010001,32.2323,21.6008,23.94,0.0157,#6d3f3f,42.6612,42.7343,24.35,0.0062,#a5474a,49.8913,33.4622,24.54,0.0669,#ad6161,67.4159,26.791,24.14,0.1359,#d59392,82.6431,10.2479,25.16,0.0193,#e3c8c6,palette_features_stage6.csv
H03_rand_pos_seed9999_00001_.png,rand_pos,H03,386df2985c,9999,H03_rand_pos_seed9999_00001_.png,1024,1280,99.9488,0.0138,107.21,0.3158,#ffffff,1.03,0.7898,22.45,0.3803,#060303,0.6702,89.569,5.3609,6,0.6123,45.7696,0.8416,0.6171,21.66,0.5447,#050303,17.0201,14.2926,32.98,0.0416,#3d231f,43.423,28.7264,21.11,0.0675,#955457,60.4144,46.3867,49.68,0.0301,#d27b55,70.3742,32.6781,45.11,0.0183,#e19c83,90.4106,15.241,79.19,0.0231,#f5e1c7,palette_features_stage6.csv
H04_baseline_seed101_00001_.png,baseline,H04,bdf615257c,101,H04_baseline_seed101_00001_.png,1024,1280,99.7855,0.1954,289.29,0.229,#fefeff,0.9015,0.3212,334.11,0.2294,#040304,0.7721,81.5341,15.3496,4,0.4132,35.1587,0.4856,0.1468,352.29,0.2825,#020202,45.8125,16.4427,302.87,0.054,#706984,50.5864,15.1349,329.04,0.0442,#897186,69.0728,35.3054,83.8,0.0023,#c4a469,74.0085,9.2341,167.18,0.0272,#a6bbb2,82.0197,18.2854,158.22,0.1307,#afd5bf,palette_features_stage6.csv
H04_baseline_seed102_00001_.png,baseline,H04,bdf615257c,102,H04_baseline_seed102_00001_.png,1024,1280,99.8123,0.1265,292.03,0.1929,#fefeff,0.8274,0.2346,352.23,0.2246,#040303,0.8085,81.8382,17.4609,4,0.3789,32.8238,0.5202,0.1624,16.1,0.2673,#020202,48.0068,12.2332,290.49,0.0665,#707085,49.9936,18.1543,347.45,0.0122,#926c7e,72.8908,8.7612,165.94,0.0336,#a4b7af,73.3882,32.9862,92.43,0.0019,#c7b378,82.3584,18.5017,158.96,0.1116,#afd6c0,palette_features_stage6.csv
H04_baseline_seed103_00001_.png,baseline,H04,bdf615257c,103,H04_baseline_seed103_00001_.png,1024,1280,99.8074,0.1586,291.84,0.1908,#fefeff,0.8825,0.2854,354.07,0.227,#040303,0.8102,80.9947,12.9096,6,0.7048,29.3632,0.5104,0.1576,28.42,0.2673,#020202,41.5621,8.8052,140.16,0.0032,#5a6559,47.4895,16.4171,322.2,0.1095,#7f6a82,55.0325,7.5902,301.51,0.4375,#86828f,65.2983,29.5207,86.99,0.0036,#b39c6a,81.5051,19.8357,160.09,0.0813,#a9d4bd,palette_features_stage6.csv
H04_baseline_seed1337_00001_.png,baseline,H04,bdf615257c,1337,H04_baseline_seed1337_00001_.png,1024,1280,99.7909,0.1697,286.91,0.187,#fefeff,1.1854,0.2909,319.93,0.2127,#050405,0.813,80.2554,8.4011,6,0.3434,36.143,0.609,0.1286,341.05,0.2439,#020202,32.5478,8.7005,289.26,0.0261,#4b4c59,48.1427,17.7298,332.79,0.0272,#876980,62.7379,36.2716,83.6,0.0027,#b39357,71.3067,8.8938,166.26,0.0291,#9fb3aa,80.8644,16.5767,159.99,0.0995,#add1be,palette_features_stage6.csv
H04_baseline_seed4242145_00001_.png,baseline,H04,bdf615257c,4242145,H04_baseline_seed4242145_00001_.png,1024,1280,99.8479,0.0544,285.88,0.1315,#ffffff,0.8005,0.3089,322.47,0.2648,#030303,0.8683,82.7253,16.5721,5,0.3741,29.2306,0.3851,0.1378,335.12,0.2894,#020102,48.4124,14.5594,314.5,0.0625,#7c6e85,59.1767,29.3683,89.45,0.0027,#a08d5b,60.5784,7.8805,326.93,0.0158,#9b8f9a,77.4819,10.3078,164.85,0.0269,#aec5ba,83.1104,19.3451,160.47,0.0847,#aed9c2,palette_features_stage6.csv
H04_baseline_seed42_00001_.png,baseline,H04,bdf615257c,42,H04_baseline_seed42_00001_.png,1024,1280,99.8197,0.1541,287.42,0.1822,#fefeff,0.4404,0.2173,317.78,0.2281,#020102,0.8177,82.0701,11.1387,5,0.3546,28.4382,0.2948,0.1295,317.98,0.2731,#010101,35.7279,11.985,305.98,0.0228,#585164,49.9579,19.3315,341.35,0.022,#916c82,70.8682,28.5677,90.71,0.0018,#bfac79,78.3673,11.2757,161.3,0.0256,#afc8bb,82.3649,19.5713,156.82,0.0815,#aed6be,palette_features_stage6.csv
H04_baseline_seed777_00001_.png,baseline,H04,bdf615257c,777,H04_baseline_seed777_00001_.png,1024,1280,99.8886,0.0768,291.04,0.2263,#ffffff,0.6434,0.2404,319.25,0.2187,#030203,0.775,80.0301,16.7241,5,0.3989,29.2239,0.5693,0.2131,321.21,0.2794,#020202,47.3358,13.5772,298.17,0.1194,#716e84,53.7678,15.2092,330.53,0.02,#92798e,74.1528,29.4369,88.14,0.0027,#cbb480,74.6702,7.9927,158.28,0.0232,#abbcb2,80.5993,17.9812,157.33,0.1134,#acd1bb,palette_features_stage6.csv
H04_baseline_seed9999_00001_.png,baseline,H04,bdf615257c,9999,H04_baseline_seed9999_00001_.png,1024,1280,99.8259,0.0642,272.31,0.1749,#fefeff,0.9232,0.4216,337.22,0.233,#040304,0.8255,82.259,15.213,5,0.6782,31.7539,0.5131,0.231,345.94,0.2674,#020202,46.4713,18.1505,332.27,0.0209,#83657d,55.0001,9.1879,305.62,0.4108,#878191,69.7703,31.9849,86.21,0.0027,#c2a771,72.8865,7.4284,175.62,0.0266,#a5b7b2,82.772,17.4862,162.54,0.0872,#b0d7c4,palette_features_stage6.csv
H04_blockshuf_neg_seed1337_00001_.png,blockshuf_neg,H04,bdf615257c,1337,H04_blockshuf_neg_seed1337_00001_.png,1024,1280,99.8586,0.0818,293.36,0.2154,#ffffff,0.6195,0.2658,316.75,0.2285,#030203,0.7856,86.1349,11.863,4,0.8023,31.5538,0.2453,0.1177,311.39,0.2765,#010101,29.6865,18.2924,80.44,0.002,#54432a,49.0427,15.6913,329.95,0.0362,#866d82,53.149,31.6715,79.76,0.0075,#997a49,56.0345,10.1244,308.5,0.5257,#8b8394,86.3802,15.6883,155.7,0.0618,#c0e0cb,palette_features_stage6.csv
H04_blockshuf_neg_seed4242145_00001_.png,blockshuf_neg,H04,bdf615257c,4242145,H04_blockshuf_neg_seed4242145_00001_.png,1024,1280,99.8411,0.0543,295.99,0.1173,#ffffff,0.5897,0.324,326.63,0.275,#030203,0.8832,82.7968,9.9108,5,0.6919,28.1712,0.2723,0.1578,324.07,0.3005,#010101,24.896,6.2113,331.79,0.0183,#423840,49.2665,19.5761,342.17,0.0366,#906a80,55.6425,11.1617,314.59,0.3914,#8d8193,58.2839,28.329,97.23,0.0051,#978d5b,83.0691,15.5433,161.36,0.0792,#b5d7c5,palette_features_stage6.csv
H04_blockshuf_neg_seed42_00001_.png,blockshuf_neg,H04,bdf615257c,42,H04_blockshuf_neg_seed42_00001_.png,1024,1280,99.8514,0.0996,298.79,0.1585,#ffffff,0.733,0.2677,313.07,0.2328,#030303,0.8415,83.5312,11.0919,5,0.7826,33.4764,0.2263,0.1025,308.37,0.2631,#010101,31.0963,10.3038,108.68,0.0032,#4a4a3a,49.2252,22.4306,334.62,0.0277,#906986,54.7407,33.5789,88.54,0.004,#978148,57.4673,10.6894,302.56,0.5195,#8d879a,83.7576,15.3444,155.25,0.0789,#bad8c4,palette_features_stage6.csv
H04_blockshuf_neg_seed777_00001_.png,blockshuf_neg,H04,bdf615257c,777,H04_blockshuf_neg_seed777_00001_.png,1024,1280,99.8841,0.0764,295.22,0.2182,#ffffff,0.5937,0.2607,311.68,0.2167,#020203,0.7826,84.8921,18.4205,3,0.7944,22.4713,0.2179,0.1191,308.7,0.2657,#010101,47.4621,18.3361,341.49,0.0272,#89677b,50.3555,22.5903,90.85,0.0037,#857751,52.6189,7.7081,157.76,0.003,#738178,55.3631,11.4212,308.8,0.5288,#8a8194,85.11,15.2698,160.22,0.0688,#bbdcca,palette_features_stage6.csv
H04_blockshuf_neg_seed9999_00001_.png,blockshuf_neg,H04,bdf615257c,9999,H04_blockshuf_neg_seed9999_00001_.png,1024,1280,99.8499,0.0982,299.54,0.1363,#ffffff,0.5076,0.2368,318.03,0.2708,#020202,0.8635,84.0396,13.9587,5,0.4054,24.8149,0.21,0.1063,315.27,0.3021,#010101,37.0971,5.9795,128.02,0.0039,#545950,37.5918,9.3378,315.98,0.0163,#5f5563,48.6912,17.3996,336.18,0.0322,#896b80,54.8416,24.9213,81.71,0.0057,#988059,84.2496,15.264,157.33,0.1033,#badac7,palette_features_stage6.csv
H04_blockshuf_pos_seed1337_00001_.png,blockshuf_pos,H04,bdf615257c,1337,H04_blockshuf_pos_seed1337_00001_.png,1024,1280,99.3947,0.2656,270.75,0.1954,#fdfdfe,1.2679,0.203,8.89,0.2498,#050405,0.8046,87.8465,18.0798,5,0.7161,32.8922,0.8673,0.1883,29.7,0.2971,#040303,53.4311,12.8939,312.4,0.0337,#877b90,60.2545,7.7057,294.53,0.419,#91909e,71.5644,33.0805,91.99,0.0042,#c2ae73,73.3085,11.1839,173.76,0.0185,#9ebab1,88.7138,15.6118,151.29,0.0125,#c9e6d0,palette_features_stage6.csv
H04_blockshuf_pos_seed4242145_00001_.png,blockshuf_pos,H04,bdf615257c,4242145,H04_blockshuf_pos_seed4242145_00001_.png,1024,1280,99.8049,0.1103,261.9,0.2035,#fefeff,1.4088,0.0729,56.87,0.2299,#050505,0.7958,82.0517,5.7367,6,0.3528,40.1592,0.521,0.1052,59.97,0.2484,#020202,28.0007,6.1011,268.66,0.0313,#3d434b,39.9919,8.8903,132.75,0.0052,#586153,51.9696,11.9906,298.69,0.0602,#7d798e,67.7099,40.2645,93.2,0.003,#b8a45b,82.5727,17.8921,164.09,0.1044,#aed7c4,palette_features_stage6.csv
H04_blockshuf_pos_seed42_00001_.png,blockshuf_pos,H04,bdf615257c,42,H04_blockshuf_pos_seed42_00001_.png,1024,1280,99.424,0.1316,214.7,0.179,#fdfdfd,0.5215,0.0982,53.8,0.2726,#020202,0.8211,81.2395,10.1792,5,0.4196,34.7798,0.3822,0.1119,63.07,0.3272,#020101,30.3264,9.8911,281.01,0.0205,#424756,50.6088,14.2184,324.58,0.0086,#867287,72.0575,9.0165,181.35,0.0229,#9eb6b1,73.3583,34.8917,86.51,0.0017,#cdb174,81.6217,16.6365,168.66,0.0923,#abd4c4,palette_features_stage6.csv
H04_blockshuf_pos_seed777_00001_.png,blockshuf_pos,H04,bdf615257c,777,H04_blockshuf_pos_seed777_00001_.png,1024,1280,99.6657,0.2133,270.01,0.2856,#fefefe,1.0099,0.1149,36.19,0.2165,#040404,0.7158,88.4718,16.4267,4,0.3913,33.7572,0.5452,0.1242,48.71,0.2866,#020202,47.5976,11.6791,282.59,0.1046,#6b7084,48.8025,18.4583,325.17,0.0081,#866c86,68.5412,33.8813,96.49,0.0018,#b5a76a,71.7076,9.6485,173.52,0.0246,#9db5ad,89.017,15.2938,153.42,0.0121,#c9e7d2,palette_features_stage6.csv
H04_blockshuf_pos_seed9999_00001_.png,blockshuf_pos,H04,bdf615257c,9999,H04_blockshuf_pos_seed9999_00001_.png,1024,1280,99.3839,0.2028,233.68,0.2989,#fdfdfe,0.8868,0.2201,102.83,0.2059,#030303,0.7012,80.7438,15.2091,6,0.4126,27.3265,0.4935,0.1753,88.75,0.2701,#020201,46.4326,10.3116,271.98,0.1426,#656f7f,51.5782,18.3942,333.22,0.0073,#917289,58.3642,27.5018,99.97,0.0045,#958d5d,72.6275,9.3826,172.05,0.0122,#a1b7af,81.2372,16.7085,162.73,0.1025,#add2c0,palette_features_stage6.csv
H04_preset_neg_seed1337_00001_.png,preset_neg,H04,bdf615257c,1337,H04_preset_neg_seed1337_00001_.png,1024,1280,99.7234,0.131,277.7,0.1735,#fefefe,0.4062,0.1524,322.33,0.2237,#020102,0.8261,81.8277,8.0676,5,0.3747,19.7219,0.2988,0.0928,322.72,0.2647,#010101,20.5577,5.7529,319.17,0.0213,#363037,45.3286,19.8148,339.47,0.023,#856177,47.8537,13.0942,317.9,0.059,#7b6d80,69.8314,8.1339,162.24,0.0171,#9dafa6,82.1265,16.6113,157.94,0.1101,#b2d4c0,palette_features_stage6.csv
H04_preset_neg_seed4242145_00001_.png,preset_neg,H04,bdf615257c,4242145,H04_preset_neg_seed4242145_00001_.png,1024,1280,99.6884,0.0761,273.15,0.1351,#fefefe,0.712,0.2974,335.6,0.2547,#030203,0.8648,80.7442,8.6395,6,0.6494,35.1241,0.3463,0.1308,333.27,0.2815,#020101,33.3266,8.4471,123.83,0.0042,#4b5043,42.7633,20.2028,343.51,0.0625,#805a6f,53.132,10.1444,323.0,0.3679,#887b89,68.1189,35.2549,92.99,0.0057,#b8a566,81.0906,17.9711,160.94,0.1007,#abd2be,palette_features_stage6.csv
H04_preset_neg_seed42_00001_.png,preset_neg,H04,bdf615257c,42,H04_preset_neg_seed42_00001_.png,1024,1280,99.6759,0.103,292.59,0.1637,#fefefe,0.8218,0.2898,320.1,0.2423,#030303,0.8358,83.2943,7.6925,5,0.3788,49.4936,0.3587,0.1058,316.62,0.2751,#010101,25.8083,11.0633,318.79,0.0156,#453948,48.0813,20.2772,319.47,0.1012,#826a89,67.7792,49.5994,90.0,0.0031,#bfa349,72.1319,6.7932,172.17,0.0252,#a4b5af,83.653,20.5243,154.76,0.1036,#b1dabf,palette_features_stage6.csv
H04_preset_neg_seed777_00001_.png,preset_neg,H04,bdf615257c,777,H04_preset_neg_seed777_00001_.png,1024,1280,99.6855,0.0794,267.6,0.2137,#fefefe,0.9034,0.4093,325.93,0.2262,#040304,0.7877,79.6725,7.1357,6,0.4003,36.7217,0.518,0.2055,328.94,0.2752,#020202,28.0541,10.7052,315.47,0.0447,#493f4e,47.9143,18.5926,329.82,0.1251,#866982,61.059,36.9272,83.14,0.0044,#af8f52,67.8249,9.4994,168.23,0.0215,#94aaa1,80.1905,21.631,157.66,0.0524,#a4d1b7,palette_features_stage6.csv
H04_preset_neg_seed9999_00001_.png,preset_neg,H04,bdf615257c,9999,H04_preset_neg_seed9999_00001_.png,1024,1280,99.6416,0.126,285.81,0.1392,#fefefe,1.0316,0.3776,338.22,0.2508,#050404,0.8615,80.8831,6.112,6,0.4054,34.3318,0.5163,0.1382,5.81,0.2726,#020202,20.716,9.2459,318.24,0.0215,#382f3b,42.2059,18.8233,310.97,0.0613,#6d5e7b,63.0277,34.47,80.15,0.0041,#b6935c,75.6085,8.3382,162.53,0.0247,#adbfb5,81.3995,18.3353,157.42,0.1328,#add3bd,palette_features_stage6.csv
H04_preset_pos_seed1337_00001_.png,preset_pos,H04,bdf615257c,1337,H04_preset_pos_seed1337_00001_.png,1024,1280,99.6302,0.3866,288.16,0.1917,#fefeff,0.6924,0.1671,325.56,0.2651,#030203,0.8082,89.6951,17.8191,5,0.7216,28.1638,0.3103,0.0954,338.98,0.3039,#010101,51.5698,14.4433,306.28,0.0864,#80778f,59.8112,28.2591,90.27,0.0027,#a18f5e,60.6924,8.8608,290.68,0.4177,#9191a1,81.2977,16.1721,163.24,0.0714,#aed2c1,90.0054,10.2275,152.6,0.0129,#d4e7d9,palette_features_stage6.csv
H04_preset_pos_seed4242145_00001_.png,preset_pos,H04,bdf615257c,4242145,H04_preset_pos_seed4242145_00001_.png,1024,1280,99.8223,0.0229,238.34,0.1429,#fefeff,1.1997,0.2606,314.91,0.2584,#050405,0.8572,81.5056,14.5721,6,0.3843,28.0185,0.5989,0.1602,332.58,0.2783,#020202,45.5692,10.8097,283.63,0.0805,#676b7d,51.173,14.9231,320.28,0.0149,#86748a,64.5156,28.1787,92.05,0.0037,#ac9b6a,74.7116,8.0222,170.21,0.0228,#a9bcb5,82.1045,15.7813,162.48,0.106,#b1d4c3,palette_features_stage6.csv
H04_preset_pos_seed42_00001_.png,preset_pos,H04,bdf615257c,42,H04_preset_pos_seed42_00001_.png,1024,1280,99.5659,0.3256,287.03,0.153,#fefefe,0.5733,0.1378,351.43,0.2399,#020202,0.8471,87.5725,15.5488,5,0.7426,28.4763,0.4242,0.1006,11.49,0.2775,#020102,47.8122,14.2228,307.35,0.0825,#776d85,59.6927,8.0977,290.48,0.465,#8e8f9d,69.0047,28.5769,93.6,0.0013,#b8a875,71.8377,7.0146,188.63,0.0146,#a1b4b2,87.9968,13.8295,159.53,0.0132,#c6e4d3,palette_features_stage6.csv
H04_preset_pos_seed777_00001_.png,preset_pos,H04,bdf615257c,777,H04_preset_pos_seed777_00001_.png,1024,1280,99.6657,0.3926,294.69,0.2117,#fefeff,0.891,0.2807,301.77,0.2672,#030304,0.7892,80.6252,16.763,5,0.4383,28.1866,0.505,0.1605,308.9,0.3206,#020202,49.3323,13.1204,292.9,0.0958,#74738a,58.5653,13.0705,335.5,0.0086,#9e8697,71.0748,28.347,92.08,0.0026,#bfad7a,72.3156,7.5779,175.57,0.0139,#a3b5b0,81.1302,15.8991,159.87,0.1177,#afd1bf,palette_features_stage6.csv
H04_preset_pos_seed9999_00001_.png,preset_pos,H04,bdf615257c,9999,H04_preset_pos_seed9999_00001_.png,1024,1280,99.6803,0.4055,295.72,0.2616,#fefeff,0.738,0.1461,313.22,0.2401,#030303,0.7379,89.2585,16.8318,6,0.6804,28.9787,0.4645,0.1051,322.42,0.3076,#020202,50.938,14.2433,302.55,0.0928,#7d768e,59.9696,8.838,297.01,0.3728,#918f9e,64.9926,29.0838,95.2,0.002,#ab9e6a,72.3686,7.3311,180.62,0.0262,#a3b6b1,89.723,11.6246,159.32,0.0119,#cfe8d9,palette_features_stage6.csv
H04_rand_neg_seed1337_00001_.png,rand_neg,H04,bdf615257c,1337,H04_rand_neg_seed1337_00001_.png,1024,1280,98.2813,0.03,71.06,0.1683,#fafafa,1.0007,0.3151,24.51,0.2578,#050303,0.8312,82.4953,15.0736,5,0.3698,23.8127,0.4738,0.2648,43.77,0.291,#020201,44.3505,19.2636,347.03,0.012,#845e71,46.1163,12.2685,314.44,0.0305,#75697c,56.3112,24.0775,77.78,0.0083,#9e835e,77.0438,16.8631,162.83,0.0787,#a1c7b5,82.9692,10.1338,150.66,0.0124,#c1d3c5,palette_features_stage6.csv
H04_rand_neg_seed4242145_00001_.png,rand_neg,H04,bdf615257c,4242145,H04_rand_neg_seed4242145_00001_.png,1024,1280,98.4043,0.0742,330.33,0.1397,#fafafa,0.507,0.1815,353.27,0.2663,#020202,0.8608,85.1153,15.1977,6,0.699,28.6518,0.3728,0.1269,1.24,0.3003,#020101,47.3687,15.3334,327.96,0.1126,#80697e,56.4216,8.6248,299.33,0.3987,#898594,65.9273,28.7787,73.4,0.0043,#bf9a6f,79.678,18.1497,164.98,0.0535,#a5cfbc,85.4881,10.689,157.76,0.0118,#c5dbce,palette_features_stage6.csv
H04_rand_neg_seed42_00001_.png,rand_neg,H04,bdf615257c,42,H04_rand_neg_seed42_00001_.png,1024,1280,98.3168,0.1255,342.73,0.1532,#fafafa,0.5153,0.2185,31.33,0.2508,#020202,0.846,80.0377,16.1779,5,0.375,27.2558,0.4183,0.207,39.52,0.2918,#020101,47.9766,23.5972,347.97,0.0109,#94647b,53.4456,12.1798,310.96,0.0832,#867c90,64.4686,27.4628,80.28,0.0023,#b5986c,77.4033,9.886,168.94,0.0312,#adc4bb,80.456,18.2484,157.34,0.0777,#abd0ba,palette_features_stage6.csv
H04_rand_neg_seed777_00001_.png,rand_neg,H04,bdf615257c,777,H04_rand_neg_seed777_00001_.png,1024,1280,98.1506,0.3766,336.72,0.2315,#faf9fa,0.6528,0.1753,12.83,0.2414,#030202,0.7698,88.5026,16.7992,5,0.7576,27.6838,0.523,0.1492,24.98,0.3072,#020202,49.3138,15.1909,324.19,0.0815,#846f84,59.2191,9.2462,299.12,0.4504,#908d9d,65.2752,27.833,88.37,0.0028,#b19c6d,67.6572,6.6986,174.66,0.0064,#98a8a3,89.0257,12.3256,156.22,0.0171,#cde6d6,palette_features_stage6.csv
H04_rand_neg_seed9999_00001_.png,rand_neg,H04,bdf615257c,9999,H04_rand_neg_seed9999_00001_.png,1024,1280,98.3177,0.2077,312.33,0.1373,#fafafa,1.4043,0.3509,357.67,0.2576,#060505,0.8633,79.8468,9.7865,6,0.3717,27.9142,0.7449,0.202,18.5,0.2752,#030303,35.0622,9.7749,300.11,0.0279,#545060,46.8541,18.0971,342.0,0.0233,#886579,62.2971,28.1162,81.56,0.0067,#af9365,75.4083,9.3841,172.07,0.0236,#a8bfb7,80.5917,17.9509,161.16,0.0965,#aad1bd,palette_features_stage6.csv
H04_rand_pos_seed1337_00001_.png,rand_pos,H04,bdf615257c,1337,H04_rand_pos_seed1337_00001_.png,1024,1280,99.929,0.0091,168.26,0.2252,#ffffff,0.8235,0.3739,316.62,0.2305,#030304,0.7761,81.4534,8.5465,6,0.4113,52.8216,0.4373,0.2431,312.93,0.2849,#020102,31.1428,29.7664,82.2,0.0017,#5c461a,52.4523,13.9592,328.37,0.1064,#8c778a,64.2959,53.0647,83.55,0.0071,#bf9639,73.3796,8.1873,171.14,0.0495,#a5b9b2,81.8906,17.5392,160.72,0.1264,#aed4c0,palette_features_stage6.csv
H04_rand_pos_seed4242145_00001_.png,rand_pos,H04,bdf615257c,4242145,H04_rand_pos_seed4242145_00001_.png,1024,1280,99.9251,0.0104,212.61,0.1186,#ffffff,0.6714,0.2704,312.93,0.2859,#030203,0.8821,83.7665,13.8335,5,0.4126,32.6939,0.3518,0.1471,314.7,0.3134,#010102,38.2664,11.4876,123.08,0.0051,#565d4a,43.9572,11.9263,297.77,0.068,#696679,44.6778,16.9919,333.05,0.0262,#7d6177,71.8811,32.841,92.01,0.0086,#c3af74,84.1183,17.758,159.52,0.0992,#b4dbc6,palette_features_stage6.csv
H04_rand_pos_seed42_00001_.png,rand_pos,H04,bdf615257c,42,H04_rand_pos_seed42_00001_.png,1024,1280,99.9275,0.0059,213.87,0.1606,#ffffff,0.783,0.2493,326.32,0.2467,#030303,0.8398,82.1864,7.7785,6,0.3767,35.6311,0.4065,0.1016,344.33,0.2838,#020102,25.6944,8.1838,314.99,0.0161,#423a46,49.0709,16.6067,309.96,0.0731,#7d6f8a,56.4114,35.7326,90.54,0.0038,#9a8648,75.4556,11.6008,163.55,0.0243,#a6c0b3,82.5929,19.0228,158.53,0.0929,#afd7c0,palette_features_stage6.csv
H04_rand_pos_seed777_00001_.png,rand_pos,H04,bdf615257c,777,H04_rand_pos_seed777_00001_.png,1024,1280,99.95,0.0112,201.94,0.2229,#ffffff,0.7113,0.3011,307.65,0.2352,#030203,0.7781,83.0058,11.6422,5,0.6029,38.8765,0.3421,0.1652,307.29,0.2923,#010102,38.3965,10.2883,131.58,0.006,#545d4e,47.5437,16.5826,298.8,0.0701,#726d89,61.3895,8.4896,307.01,0.3106,#9892a0,65.6198,39.0417,83.37,0.0041,#bd9b59,83.3479,19.2622,157.83,0.1214,#b1d9c1,palette_features_stage6.csv
H04_rand_pos_seed9999_00001_.png,rand_pos,H04,bdf615257c,9999,H04_rand_pos_seed9999_00001_.png,1024,1280,99.9213,0.0126,142.56,0.1708,#ffffff,0.603,0.2045,313.99,0.2636,#020203,0.8291,91.1985,11.4546,6,0.3885,43.2537,0.312,0.1019,324.72,0.3083,#010101,39.0508,6.9571,127.86,0.0056,#595e53,45.5255,13.9954,295.97,0.0535,#6c6981,67.7168,43.3555,86.4,0.0041,#c1a156,78.7975,10.0862,164.57,0.0231,#b2c8be,91.5105,21.6796,153.46,0.0802,#c6f1d3,palette_features_stage6.csv
H05_baseline_seed101_00001_.png,baseline,H05,4343ee8f5d,101,H05_baseline_seed101_00001_.png,1024,1280,99.2835,0.3324,293.53,0.1643,#fdfdfe,1.8155,1.06,72.73,0.2339,#090604,0.8372,75.4737,3.5419,6,0.268,35.5129,1.2229,0.6982,75.23,0.2156,#060403,18.0886,9.5242,77.04,0.023,#342b1f,36.2774,18.9167,84.97,0.0389,#625337,54.6486,27.302,109.21,0.0156,#838656,67.4245,36.2111,98.06,0.0524,#b1a563,76.6966,0.7905,31.38,0.0021,#bfbdbd,palette_features_stage6.csv
H05_baseline_seed102_00001_.png,baseline,H05,4343ee8f5d,102,H05_baseline_seed102_00001_.png,1024,1280,99.7176,0.0038,45.41,0.1755,#fefefe,1.1571,0.6071,65.1,0.1915,#060403,0.8264,74.8789,9.2441,6,0.5806,36.077,0.9639,0.4767,59.89,0.2187,#050303,29.4085,17.7791,79.32,0.1223,#53432a,39.5708,23.708,91.69,0.3619,#695c36,63.0988,30.1106,118.07,0.007,#919f69,68.6048,36.5537,98.96,0.0175,#b4a965,75.8428,7.3385,103.46,0.0026,#bdbbae,palette_features_stage6.csv
H05_baseline_seed103_00001_.png,baseline,H05,4343ee8f5d,103,H05_baseline_seed103_00001_.png,1024,1280,99.0614,0.2472,292.43,0.1893,#fcfcfd,1.7379,0.9517,69.66,0.2218,#080604,0.8131,72.8115,8.369,6,0.3812,33.8137,1.0719,0.5098,59.11,0.2363,#050403,31.1039,16.4738,76.95,0.1449,#574630,40.9228,23.1601,85.57,0.1187,#705e3b,56.7043,29.9976,115.84,0.0116,#828d58,68.0831,34.3235,99.54,0.0487,#b1a768,73.8835,6.7857,99.98,0.0036,#b9b6a9,palette_features_stage6.csv
H05_baseline_seed1337_00001_.png,baseline,H05,4343ee8f5d,1337,H05_baseline_seed1337_00001_.png,1024,1280,98.7281,0.1437,307.41,0.1691,#fbfbfc,2.0168,0.9899,81.07,0.2064,#090705,0.8318,84.3465,3.5413,6,0.288,34.0305,1.7287,0.7966,81.59,0.2283,#080604,15.8983,9.8962,85.67,0.0364,#2e271a,36.2212,18.6819,81.89,0.0596,#635338,48.8936,26.1936,101.72,0.0114,#7b7648,64.3262,31.1655,111.65,0.0109,#9aa068,86.0752,34.827,103.86,0.0234,#dfda97,palette_features_stage6.csv
H05_baseline_seed4242145_00001_.png,baseline,H05,4343ee8f5d,4242145,H05_baseline_seed4242145_00001_.png,1024,1280,99.7117,0.0512,258.1,0.2039,#fefefe,1.1841,0.5645,73.0,0.1601,#050403,0.7971,70.664,13.495,4,0.5613,40.9887,0.78,0.3102,56.65,0.1811,#040302,39.5734,23.9694,87.02,0.3802,#6c5b36,53.7229,31.3506,97.67,0.0184,#8b814a,57.5031,31.2621,129.07,0.0051,#76935f,71.2798,41.299,100.99,0.0317,#b9b163,71.444,7.7976,101.64,0.0032,#b2afa1,palette_features_stage6.csv
H05_baseline_seed42_00001_.png,baseline,H05,4343ee8f5d,42,H05_baseline_seed42_00001_.png,1024,1280,98.4243,0.1708,60.91,0.1746,#fbfafa,2.5962,1.5893,79.34,0.1863,#0c0906,0.827,75.4176,8.2614,6,0.2691,39.5002,1.9329,1.0949,76.24,0.1983,#090704,18.1538,11.93,87.57,0.0487,#332c1b,27.6427,22.5803,98.72,0.0333,#47421e,34.5511,18.4472,75.87,0.0708,#624e35,64.952,35.0608,101.3,0.0305,#a7a05f,77.3505,40.5951,102.96,0.0425,#c8c275,palette_features_stage6.csv
H05_baseline_seed777_00001_.png,baseline,H05,4343ee8f5d,777,H05_baseline_seed777_00001_.png,1024,1280,99.4128,0.2068,290.94,0.264,#fdfdfe,1.4901,0.7462,75.75,0.1661,#070504,0.739,73.5628,9.327,6,0.547,35.9927,1.064,0.4687,66.95,0.197,#050403,32.4213,15.9445,78.71,0.1429,#5a4a34,41.0207,22.7132,88.6,0.35,#6e5f3b,59.6607,27.7225,104.16,0.0176,#959260,66.6025,36.4614,98.18,0.0901,#afa360,74.6267,6.665,103.12,0.0052,#bab8ac,palette_features_stage6.csv
H05_baseline_seed9999_00001_.png,baseline,H05,4343ee8f5d,9999,H05_baseline_seed9999_00001_.png,1024,1280,99.4019,0.241,293.02,0.2732,#fdfdfe,2.0639,1.0422,73.33,0.2489,#090705,0.7275,77.1893,6.8848,6,0.5735,34.4113,1.3491,0.6381,75.77,0.2797,#060503,30.2334,16.0563,66.15,0.1351,#584331,40.0891,20.9722,87.13,0.2938,#6c5d3c,51.5662,26.8188,105.19,0.0169,#7f7d4e,65.9836,35.0494,100.69,0.0612,#aaa262,78.5384,6.2973,104.06,0.0038,#c4c3b7,palette_features_stage6.csv
H05_blockshuf_neg_seed1337_00001_.png,blockshuf_neg,H05,4343ee8f5d,1337,H05_blockshuf_neg_seed1337_00001_.png,1024,1280,99.2727,0.1141,301.52,0.1519,#fdfdfd,1.5381,0.6919,64.36,0.2481,#070504,0.8499,72.5917,10.3004,6,0.3198,37.3619,0.9483,0.3506,58.32,0.2398,#040303,34.7907,15.0865,76.18,0.0249,#604f3b,43.4978,25.6291,81.63,0.08,#7a633d,49.1218,29.2157,103.03,0.0075,#7a7744,57.2368,37.7124,116.46,0.0064,#80904d,73.54,5.0685,98.21,0.0027,#b7b5ab,palette_features_stage6.csv
H05_blockshuf_neg_seed4242145_00001_.png,blockshuf_neg,H05,4343ee8f5d,4242145,H05_blockshuf_neg_seed4242145_00001_.png,1024,1280,99.6101,0.0838,300.72,0.1734,#fefefe,1.3492,0.6325,67.13,0.1629,#060504,0.8263,73.1975,7.1887,5,0.7503,35.5773,0.8572,0.3151,46.98,0.1737,#040303,23.9679,14.4796,89.67,0.0304,#413823,37.8598,23.4973,86.59,0.5766,#685733,60.0439,33.5144,126.18,0.0072,#7e9960,69.5579,35.8924,97.03,0.023,#b8aa69,74.0547,7.8891,104.76,0.0029,#b8b7a8,palette_features_stage6.csv
H05_blockshuf_neg_seed42_00001_.png,blockshuf_neg,H05,4343ee8f5d,42,H05_blockshuf_neg_seed42_00001_.png,1024,1280,99.7328,0.0854,302.22,0.2289,#fefefe,1.1814,0.5109,69.07,0.1801,#050403,0.773,75.3168,11.322,6,0.3783,32.9106,0.8507,0.2914,54.11,0.2175,#040303,37.9135,18.9902,85.66,0.1608,#66573b,46.5515,22.4593,134.03,0.0034,#5d7553,59.7067,33.202,92.65,0.028,#a18f55,64.8833,28.2393,114.69,0.0096,#99a26f,76.1674,7.8104,99.28,0.0028,#c0bcae,palette_features_stage6.csv
H05_blockshuf_neg_seed777_00001_.png,blockshuf_neg,H05,4343ee8f5d,777,H05_blockshuf_neg_seed777_00001_.png,1024,1280,99.3073,0.1195,312.49,0.276,#fdfdfd,1.8197,0.8211,68.24,0.1706,#080605,0.7278,73.0902,5.4455,6,0.4464,33.9222,1.6346,0.6866,66.46,0.2258,#070604,25.148,20.6688,93.7,0.0201,#443b1c,36.7915,19.1868,70.17,0.2206,#6a523a,53.1051,27.1929,115.92,0.0063,#7a8454,60.1458,34.6088,96.46,0.0273,#9e9154,74.7249,5.88,96.38,0.0044,#bbb8ad,palette_features_stage6.csv
H05_blockshuf_neg_seed9999_00001_.png,blockshuf_neg,H05,4343ee8f5d,9999,H05_blockshuf_neg_seed9999_00001_.png,1024,1280,99.6993,0.1349,303.17,0.3335,#fefefe,1.4113,0.6029,59.75,0.2064,#070504,0.6688,76.2359,10.7572,5,0.6254,28.5888,0.8628,0.2994,31.42,0.2598,#040303,31.439,14.252,87.88,0.0277,#534934,37.9699,20.878,86.38,0.158,#675838,46.3012,28.8881,88.78,0.3655,#7e6c3d,51.2177,28.0371,121.04,0.0202,#708050,77.0987,3.8434,94.21,0.0044,#c1beb7,palette_features_stage6.csv
H05_blockshuf_pos_seed1337_00001_.png,blockshuf_pos,H05,4343ee8f5d,1337,H05_blockshuf_pos_seed1337_00001_.png,1024,1280,98.5147,0.0562,16.97,0.1488,#fbfbfb,1.8785,1.0748,75.37,0.2401,#090704,0.8513,66.6607,6.5105,5,0.3447,32.4996,1.5398,0.887,73.13,0.2499,#070504,14.5167,8.8035,87.69,0.0304,#2a2418,31.8498,18.232,91.21,0.0947,#544a2e,54.7858,31.0845,90.94,0.031,#94824d,64.3026,33.3866,116.47,0.0076,#95a266,68.2004,1.308,59.2,0.0023,#a8a6a4,palette_features_stage6.csv
H05_blockshuf_pos_seed4242145_00001_.png,blockshuf_pos,H05,4343ee8f5d,4242145,H05_blockshuf_pos_seed4242145_00001_.png,1024,1280,98.896,0.162,287.13,0.1883,#fcfcfc,2.0885,1.1013,82.62,0.1983,#090705,0.8124,68.627,8.87,5,0.3348,29.0054,1.3486,0.6624,79.71,0.1869,#060503,19.5747,10.211,89.35,0.0263,#352f21,29.9288,18.1101,91.13,0.1478,#50462a,57.4963,27.4556,118.0,0.0081,#838f5f,58.3467,29.6678,98.74,0.0368,#968d58,69.9756,1.9642,84.73,0.0032,#adaba7,palette_features_stage6.csv
H05_blockshuf_pos_seed42_00001_.png,blockshuf_pos,H05,4343ee8f5d,42,H05_blockshuf_pos_seed42_00001_.png,1024,1280,98.0218,0.1973,83.98,0.134,#f9f9f9,2.0013,1.1724,75.33,0.2485,#090705,0.8684,73.0918,3.7402,6,0.305,35.5477,1.3874,0.7522,71.09,0.2323,#070503,21.1044,10.8566,81.74,0.0358,#3b3123,38.5707,21.9985,81.27,0.0726,#6c5838,52.9518,32.2541,106.85,0.028,#818248,65.457,36.2999,98.15,0.045,#aca05e,74.4792,3.3553,86.52,0.0025,#bab7b1,palette_features_stage6.csv
H05_blockshuf_pos_seed777_00001_.png,blockshuf_pos,H05,4343ee8f5d,777,H05_blockshuf_pos_seed777_00001_.png,1024,1280,98.7776,0.098,291.1,0.1566,#fbfbfc,1.9915,1.1094,80.42,0.2045,#090705,0.844,74.6433,2.2485,6,0.5606,29.1659,1.294,0.6953,75.59,0.1849,#060503,19.4272,10.2934,92.53,0.0222,#342f20,32.9205,19.2911,94.06,0.1325,#564d2f,48.7478,28.6261,93.15,0.3757,#817343,60.2709,29.8612,120.01,0.0109,#889863,75.9373,2.7343,93.73,0.0019,#bdbbb6,palette_features_stage6.csv
H05_blockshuf_pos_seed9999_00001_.png,blockshuf_pos,H05,4343ee8f5d,9999,H05_blockshuf_pos_seed9999_00001_.png,1024,1280,99.0711,0.2864,278.57,0.3167,#fcfcfd,1.6714,1.1712,80.99,0.2244,#080603,0.6855,72.788,3.8978,6,0.42,29.7428,1.1465,0.7888,79.41,0.2748,#050402,21.0813,11.433,86.81,0.0354,#3a3222,31.6948,20.0699,85.51,0.1452,#57492b,48.7392,28.5451,91.2,0.0899,#837343,58.368,30.5316,111.69,0.0163,#8b915a,73.9345,1.8011,80.14,0.0029,#b8b5b2,palette_features_stage6.csv
H05_preset_neg_seed1337_00001_.png,preset_neg,H05,4343ee8f5d,1337,H05_preset_neg_seed1337_00001_.png,1024,1280,99.278,0.0698,218.61,0.198,#fdfdfd,1.4407,0.627,77.12,0.2041,#060504,0.8038,76.9702,7.2368,6,0.4554,30.4012,1.1206,0.42,73.26,0.2326,#050403,26.5809,20.5865,99.86,0.0223,#44401f,37.0312,15.4919,58.16,0.1912,#6b5242,47.6449,23.3414,76.33,0.2228,#876d4b,55.3455,30.8213,105.93,0.0688,#888750,78.0908,9.8824,109.49,0.003,#c2c2b0,palette_features_stage6.csv
H05_preset_neg_seed4242145_00001_.png,preset_neg,H05,4343ee8f5d,4242145,H05_preset_neg_seed4242145_00001_.png,1024,1280,99.407,0.0806,258.98,0.2285,#fdfdfd,1.6709,0.7693,72.66,0.1687,#080604,0.7726,76.9031,15.7934,3,0.5187,44.8625,1.0417,0.364,51.08,0.1978,#050403,41.6059,34.023,100.0,0.0184,#6a6429,46.4953,23.7642,81.03,0.3208,#816b47,49.8788,35.3539,116.54,0.0209,#6e7d3f,77.2408,45.2265,104.76,0.0356,#c5c36c,77.9449,12.2948,107.51,0.0034,#c3c2ab,palette_features_stage6.csv
H05_preset_neg_seed42_00001_.png,preset_neg,H05,4343ee8f5d,42,H05_preset_neg_seed42_00001_.png,1024,1280,99.447,0.0598,273.34,0.2437,#fdfdfe,1.589,0.7494,77.33,0.1631,#070604,0.7588,76.5844,11.9477,6,0.5245,41.5475,1.1813,0.448,67.05,0.1999,#050403,39.6947,18.4628,82.98,0.3181,#6c5b40,45.7111,27.5357,117.93,0.0192,#657143,53.2654,28.1898,89.05,0.2064,#907d4e,67.7622,41.9955,111.46,0.0232,#a2ab5d,77.7657,9.5487,107.0,0.004,#c2c1af,palette_features_stage6.csv
H05_preset_neg_seed777_00001_.png,preset_neg,H05,4343ee8f5d,777,H05_preset_neg_seed777_00001_.png,1024,1280,99.4757,0.1157,270.89,0.3009,#fdfdfe,1.4954,0.3478,59.41,0.1548,#060505,0.7026,74.7515,12.0368,5,0.491,39.5116,1.177,0.2221,12.57,0.2077,#050404,39.7481,19.6406,86.93,0.2833,#6a5c3e,44.3303,28.2779,122.29,0.0201,#5e6f40,54.4374,29.9296,90.3,0.1852,#93814e,64.8942,39.7337,115.93,0.0234,#95a55c,75.9284,7.7548,107.68,0.0048,#bdbcae,palette_features_stage6.csv
H05_preset_neg_seed9999_00001_.png,preset_neg,H05,4343ee8f5d,9999,H05_preset_neg_seed9999_00001_.png,1024,1280,99.3496,0.1103,283.21,0.3041,#fdfdfd,2.2092,1.2473,78.22,0.1874,#0a0805,0.6986,75.2892,10.8135,5,0.4394,37.844,1.7657,0.9345,76.18,0.2452,#080604,37.1954,14.5817,69.26,0.1942,#675442,51.493,24.3838,90.16,0.1598,#897951,65.0387,30.9056,99.5,0.0623,#a89f67,72.2681,38.7786,105.16,0.0233,#b7b56c,77.0549,7.4602,103.57,0.0053,#c1bfb1,palette_features_stage6.csv
H05_preset_pos_seed1337_00001_.png,preset_pos,H05,4343ee8f5d,1337,H05_preset_pos_seed1337_00001_.png,1024,1280,99.5445,0.3486,290.81,0.1422,#fefefe,1.2885,1.0942,92.12,0.2462,#060502,0.8576,75.478,5.1367,6,0.2303,36.1914,0.4906,0.4157,88.04,0.1993,#020201,15.6981,13.6968,91.78,0.0196,#2d2714,23.9906,18.7799,92.63,0.021,#41391d,42.0967,27.6541,90.13,0.031,#726235,64.9402,36.6072,125.67,0.0076,#8aa767,75.9686,3.0545,102.81,0.0016,#bcbbb6,palette_features_stage6.csv
H05_preset_pos_seed4242145_00001_.png,preset_pos,H05,4343ee8f5d,4242145,H05_preset_pos_seed4242145_00001_.png,1024,1280,99.5866,0.133,289.94,0.1528,#fefefe,1.1718,0.8674,86.5,0.1937,#050402,0.8481,88.5287,7.4336,6,0.6062,35.4374,0.6968,0.5096,82.42,0.1922,#030201,11.186,9.4718,91.05,0.0232,#221d10,27.239,19.2147,91.88,0.0367,#494023,41.0778,27.7057,89.28,0.414,#705f33,57.2326,35.947,117.05,0.0101,#809050,89.2256,32.6564,104.28,0.0162,#e8e3a3,palette_features_stage6.csv
H05_preset_pos_seed42_00001_.png,preset_pos,H05,4343ee8f5d,42,H05_preset_pos_seed42_00001_.png,1024,1280,99.5915,0.2943,291.15,0.19,#fefefe,1.8498,1.4823,90.43,0.2214,#080703,0.81,75.4405,7.8918,6,0.3748,36.7807,0.8851,0.7257,86.06,0.197,#040301,12.4596,11.0255,90.0,0.0267,#262011,29.3358,22.8652,91.85,0.1778,#4f4421,59.0147,37.1598,119.19,0.0115,#829654,67.3461,37.5064,91.86,0.0093,#b8a360,76.3257,3.5254,98.95,0.0026,#bebcb6,palette_features_stage6.csv
H05_preset_pos_seed777_00001_.png,preset_pos,H05,4343ee8f5d,777,H05_preset_pos_seed777_00001_.png,1024,1280,98.3416,0.0915,115.57,0.2598,#fafafa,1.595,0.954,80.24,0.2191,#070604,0.7427,75.0118,7.1651,5,0.2821,36.2787,0.8583,0.4758,78.48,0.2281,#040302,25.4927,13.2455,85.76,0.0388,#453b28,35.7433,20.5649,85.36,0.0447,#625233,53.0305,28.3647,102.63,0.0215,#85804e,71.8816,36.7545,100.77,0.054,#bbb26d,75.8701,4.3526,93.02,0.0037,#bebbb3,palette_features_stage6.csv
H05_preset_pos_seed9999_00001_.png,preset_pos,H05,4343ee8f5d,9999,H05_preset_pos_seed9999_00001_.png,1024,1280,99.604,0.3843,290.4,0.3179,#fefeff,0.9675,0.5379,78.59,0.2485,#040302,0.6838,74.116,9.3306,6,0.4665,34.066,0.5058,0.2678,68.11,0.3031,#020201,17.9069,12.7784,89.45,0.0263,#322b19,29.1445,20.6011,90.95,0.1634,#4f4424,60.8112,34.3338,114.18,0.0072,#8e985a,65.8841,32.7587,98.83,0.0247,#aba165,74.6218,1.709,107.02,0.0032,#b8b8b5,palette_features_stage6.csv
H05_rand_neg_seed1337_00001_.png,rand_neg,H05,4343ee8f5d,1337,H05_rand_neg_seed1337_00001_.png,1024,1280,97.7079,0.0924,91.27,0.1625,#f8f8f8,1.6811,1.0162,80.61,0.1956,#080604,0.8386,78.518,14.1675,5,0.559,38.7981,1.4066,0.8258,79.77,0.2174,#060503,44.0491,28.4325,99.45,0.0207,#706939,44.5547,25.3855,83.61,0.3416,#7c673f,56.6173,37.3248,90.29,0.0212,#9c8646,68.9189,39.6239,105.15,0.0114,#adac62,79.9245,14.6315,99.22,0.0028,#cdc7ab,palette_features_stage6.csv
H05_rand_neg_seed4242145_00001_.png,rand_neg,H05,4343ee8f5d,4242145,H05_rand_neg_seed4242145_00001_.png,1024,1280,98.2177,0.0576,122.11,0.1688,#fafafa,1.6958,0.3071,355.81,0.1767,#070606,0.8317,76.9245,13.111,6,0.6197,38.4969,1.196,0.5264,310.35,0.193,#050405,41.9099,24.7757,80.93,0.4268,#76603b,57.0976,31.3518,97.78,0.0151,#948a52,63.8203,39.0232,119.97,0.0133,#8da35d,72.873,38.013,101.34,0.0266,#bdb56e,78.1205,13.2083,102.56,0.0027,#c6c2a9,palette_features_stage6.csv
H05_rand_neg_seed42_00001_.png,rand_neg,H05,4343ee8f5d,42,H05_rand_neg_seed42_00001_.png,1024,1280,98.1668,0.02,16.93,0.2225,#fafafa,1.9481,1.4512,82.17,0.1559,#090704,0.7748,90.2805,13.4949,5,0.2213,35.1178,1.3078,0.9935,77.98,0.179,#060502,8.2091,6.1251,88.99,0.0354,#1c180e,39.4702,22.1982,91.68,0.0423,#685c39,55.7055,36.1113,121.32,0.0112,#778d4e,56.2053,29.3085,91.39,0.0366,#978654,91.5883,15.5804,99.67,0.0062,#eee7ca,palette_features_stage6.csv
H05_rand_neg_seed777_00001_.png,rand_neg,H05,4343ee8f5d,777,H05_rand_neg_seed777_00001_.png,1024,1280,97.9383,0.0932,315.58,0.2516,#f9f9f9,1.9749,0.9699,75.55,0.1513,#090705,0.7508,71.7206,15.2483,4,0.4742,36.7245,1.6081,0.704,71.43,0.1813,#070604,44.5402,25.1985,86.94,0.2929,#79673f,49.6684,30.0028,122.46,0.0159,#6a7d4a,66.9634,37.4284,93.87,0.0785,#b5a25f,71.2619,36.9995,112.55,0.0082,#abb46f,73.3288,10.2198,99.22,0.0041,#b9b4a2,palette_features_stage6.csv
H05_rand_neg_seed9999_00001_.png,rand_neg,H05,4343ee8f5d,9999,H05_rand_neg_seed9999_00001_.png,1024,1280,98.1723,0.0688,5.3,0.3137,#fafafa,1.3851,0.6697,78.46,0.1546,#060503,0.6887,75.1282,11.6474,5,0.2601,32.0223,1.1161,0.4824,71.89,0.2129,#050403,37.7138,21.1944,93.01,0.0472,#635836,50.4475,27.9039,93.88,0.0333,#857848,56.2799,30.5008,119.9,0.0097,#7d8d58,72.2753,32.5047,104.22,0.0116,#b8b477,76.2442,7.2041,101.78,0.004,#bfbcaf,palette_features_stage6.csv
H05_rand_pos_seed1337_00001_.png,rand_pos,H05,4343ee8f5d,1337,H05_rand_pos_seed1337_00001_.png,1024,1280,99.8366,0.0324,130.64,0.1514,#fffffe,1.2724,0.2694,267.26,0.2198,#040505,0.8491,94.1677,11.2264,6,0.2551,36.491,0.8705,0.6299,278.85,0.2282,#030305,13.3798,10.7166,101.16,0.0254,#252314,22.1316,17.0271,99.84,0.0269,#39361c,56.6925,37.1209,97.27,0.0124,#958946,64.8896,32.5557,126.57,0.0068,#8ba66e,95.0383,24.7568,105.29,0.0269,#f6f3c2,palette_features_stage6.csv
H05_rand_pos_seed4242145_00001_.png,rand_pos,H05,4343ee8f5d,4242145,H05_rand_pos_seed4242145_00001_.png,1024,1280,99.8274,0.0392,124.7,0.2064,#fefffe,1.5101,0.4337,269.47,0.2003,#050607,0.7937,72.6739,4.2585,6,0.3874,39.6299,1.2855,0.6524,275.1,0.2365,#040506,15.3228,12.1599,100.03,0.0279,#292715,31.5278,22.2648,90.21,0.1509,#554927,50.2901,30.8492,99.5,0.0166,#817943,56.872,34.5087,133.88,0.0055,#6d935c,73.9594,40.2823,105.41,0.0536,#bbba6d,palette_features_stage6.csv
H05_rand_pos_seed42_00001_.png,rand_pos,H05,4343ee8f5d,42,H05_rand_pos_seed42_00001_.png,1024,1280,99.8268,0.0474,132.18,0.1406,#fefffe,1.0115,0.3683,79.88,0.2815,#040403,0.8602,88.9565,4.2686,6,0.6355,46.7003,0.5088,0.1357,19.19,0.2925,#020202,20.7083,17.6057,94.6,0.0169,#383218,32.9527,27.0707,94.57,0.1947,#574d22,47.2944,35.3527,93.95,0.343,#7e7033,65.1446,46.836,127.83,0.0058,#80aa59,89.4653,32.2356,105.71,0.0411,#e7e4a5,palette_features_stage6.csv
H05_rand_pos_seed777_00001_.png,rand_pos,H05,4343ee8f5d,777,H05_rand_pos_seed777_00001_.png,1024,1280,99.7984,0.0302,126.97,0.2123,#fefefe,0.7381,0.5577,107.79,0.1924,#030301,0.7898,91.3431,4.5868,6,0.5698,45.4099,0.3347,0.2261,107.26,0.2185,#010101,21.2932,15.6705,100.85,0.0258,#37341c,36.1481,23.7085,93.93,0.1866,#5f552f,47.3432,31.7006,96.35,0.3513,#7c713a,71.2235,45.6359,126.56,0.0069,#93ba6a,91.6777,31.818,107.87,0.0414,#ebebad,palette_features_stage6.csv
H05_rand_pos_seed9999_00001_.png,rand_pos,H05,4343ee8f5d,9999,H05_rand_pos_seed9999_00001_.png,1024,1280,99.9264,0.0067,164.62,0.2846,#ffffff,0.4527,0.2502,92.72,0.2455,#020201,0.7166,81.8301,5.4912,6,0.7022,55.0943,0.2475,0.0946,81.32,0.3291,#010101,16.1398,13.3268,97.66,0.0189,#2c2815,25.3009,19.9548,96.84,0.0251,#423c1d,45.2759,30.784,95.66,0.3731,#776b37,69.8946,55.1889,117.87,0.0064,#99b64e,82.0776,35.9965,105.47,0.0592,#d2d08a,palette_features_stage6.csv
H06_baseline_seed101_00001_.png,baseline,H06,009a59742d,101,H06_baseline_seed101_00001_.png,1024,1280,99.6662,0.0884,312.21,0.2467,#fefefe,1.6386,1.2966,19.52,0.1579,#0a0505,0.7569,73.4991,5.637,6,0.3902,42.3374,1.3178,0.9959,20.29,0.1984,#080404,20.8823,25.9927,37.63,0.0245,#53251c,29.8752,10.0241,315.42,0.0215,#4d4351,43.3281,21.0123,14.3,0.1918,#89595f,66.1049,43.3333,29.89,0.014,#e9857c,74.817,7.7606,29.21,0.0051,#c8b4b1,palette_features_stage6.csv
H06_baseline_seed102_00001_.png,baseline,H06,009a59742d,102,H06_baseline_seed102_00001_.png,1024,1280,99.8199,0.0389,14.83,0.2313,#fffefe,1.4427,1.2673,13.81,0.1813,#090405,0.7715,74.8055,10.9678,5,0.4525,39.6782,1.0001,0.7865,13.27,0.2163,#060303,36.5285,40.4647,30.94,0.0183,#8f3c36,40.7084,20.5495,3.81,0.1565,#81535e,49.4129,20.4796,30.88,0.2362,#986a64,59.708,29.6982,48.79,0.2043,#bd826a,75.8056,33.1766,4.79,0.0263,#f6a4b7,palette_features_stage6.csv
H06_baseline_seed103_00001_.png,baseline,H06,009a59742d,103,H06_baseline_seed103_00001_.png,1024,1280,99.6941,0.1568,299.8,0.2183,#fefefe,1.1387,1.1753,16.64,0.1657,#070303,0.7839,71.7088,9.5882,5,0.4886,37.8113,0.8069,0.8211,17.63,0.2003,#050202,31.5389,11.9999,314.64,0.0164,#514658,33.0904,38.6324,27.78,0.0282,#843433,42.7103,22.8865,20.44,0.1718,#8a5759,56.112,21.6229,51.03,0.2882,#a77d6a,72.5157,35.6877,20.31,0.0563,#f29a9d,palette_features_stage6.csv
H06_baseline_seed1337_00001_.png,baseline,H06,009a59742d,1337,H06_baseline_seed1337_00001_.png,1024,1280,99.7668,0.0597,327.39,0.2403,#fefefe,2.5358,1.8012,23.17,0.1675,#0e0808,0.7624,71.8161,7.034,5,0.3871,45.0934,1.8378,1.0369,28.77,0.1989,#0a0606,27.9238,9.4691,344.28,0.0364,#4e3d46,41.1714,19.5554,8.62,0.1882,#81555d,56.1025,21.2374,43.82,0.1598,#a97c6e,60.0846,46.1303,16.97,0.0172,#dd6f7b,73.6539,31.5324,10.5,0.0256,#ee9fac,palette_features_stage6.csv
H06_baseline_seed4242145_00001_.png,baseline,H06,009a59742d,4242145,H06_baseline_seed4242145_00001_.png,1024,1280,99.5668,0.259,294.53,0.1544,#fefefe,2.0684,1.6444,30.08,0.1855,#0c0606,0.8455,69.8179,10.3196,5,0.347,51.967,1.5968,1.1425,36.97,0.2026,#090504,34.2879,37.8113,28.02,0.0149,#863836,37.8417,19.6323,359.13,0.1026,#774d5a,52.4894,22.8652,46.84,0.1444,#a07361,57.9268,53.1095,40.63,0.0049,#d86c51,71.4147,32.3081,12.89,0.082,#e999a3,palette_features_stage6.csv
H06_baseline_seed42_00001_.png,baseline,H06,009a59742d,42,H06_baseline_seed42_00001_.png,1024,1280,99.7519,0.0761,336.19,0.1918,#fefefe,1.6738,1.1645,28.74,0.1816,#090505,0.8093,68.8132,12.3671,4,0.4225,41.4923,1.3182,0.7782,37.0,0.2092,#070404,38.3224,24.0129,10.51,0.1058,#804b54,43.1462,11.8224,341.81,0.034,#76606c,53.6733,25.8648,46.02,0.2134,#a87461,55.8633,42.2705,28.34,0.0222,#ca6a65,70.1314,41.1306,25.24,0.0524,#f3908e,palette_features_stage6.csv
H06_baseline_seed777_00001_.png,baseline,H06,009a59742d,777,H06_baseline_seed777_00001_.png,1024,1280,99.866,0.0391,312.04,0.32,#ffffff,1.7335,1.2527,10.83,0.1435,#0a0506,0.6825,73.439,6.3451,6,0.4732,40.829,1.4296,0.9316,10.46,0.1985,#080405,21.6544,29.2611,26.85,0.0266,#5a2222,28.2679,12.511,313.06,0.0197,#493f51,35.5174,41.7606,29.22,0.0222,#8e3735,55.6216,24.8534,46.16,0.2747,#ac7a67,74.8687,14.3304,25.39,0.0055,#d5b0ae,palette_features_stage6.csv
H06_baseline_seed9999_00001_.png,baseline,H06,009a59742d,9999,H06_baseline_seed9999_00001_.png,1024,1280,99.7731,0.0304,335.81,0.1945,#fefefe,1.4935,1.1469,15.58,0.1859,#090505,0.8075,77.5809,11.7214,6,0.5018,51.8912,1.2984,0.9148,15.72,0.2214,#070404,40.009,22.9779,9.5,0.0522,#835059,52.3995,22.0431,42.42,0.2804,#a07264,61.4229,52.806,53.52,0.0011,#d97d4a,71.7158,37.0163,25.51,0.076,#f29794,78.8793,7.1379,28.91,0.0024,#d2bfbd,palette_features_stage6.csv
H06_blockshuf_neg_seed1337_00001_.png,blockshuf_neg,H06,009a59742d,1337,H06_blockshuf_neg_seed1337_00001_.png,1024,1280,99.8473,0.1017,303.47,0.2809,#ffffff,0.5045,0.3787,20.08,0.2451,#030202,0.7213,79.7284,13.0822,4,0.3629,40.7558,0.333,0.2256,15.89,0.3332,#020101,31.6479,40.9814,43.88,0.0124,#7c351f,32.0679,15.8992,32.07,0.0228,#64433f,51.3459,8.1142,16.01,0.0297,#897677,52.2442,36.5667,34.0,0.0136,#b6675b,80.0614,33.149,51.63,0.0256,#fbb797,palette_features_stage6.csv
H06_blockshuf_neg_seed4242145_00001_.png,blockshuf_neg,H06,009a59742d,4242145,H06_blockshuf_neg_seed4242145_00001_.png,1024,1280,99.7576,0.0699,316.63,0.1868,#fefefe,0.7379,0.2811,20.46,0.2278,#030202,0.8149,73.4632,12.4387,5,0.6275,47.7932,0.5178,0.1843,13.6,0.2722,#020202,38.6367,21.7734,20.21,0.0221,#7e4e50,47.6753,16.8262,79.6,0.3553,#806e55,48.9044,32.6774,47.87,0.0076,#a2654c,60.3695,47.9775,44.65,0.0279,#d77858,73.981,43.3035,60.05,0.0497,#efa672,palette_features_stage6.csv
H06_blockshuf_neg_seed42_00001_.png,blockshuf_neg,H06,009a59742d,42,H06_blockshuf_neg_seed42_00001_.png,1024,1280,99.7655,0.1515,321.14,0.2317,#fefeff,0.8003,0.7009,24.13,0.1768,#050202,0.7684,77.5726,11.2817,5,0.3607,42.253,0.5373,0.4478,25.38,0.2209,#030202,21.1332,28.9345,44.09,0.0128,#542516,30.551,12.25,9.38,0.0282,#5b4145,34.9684,42.7008,45.49,0.0194,#863c23,42.8116,23.611,18.01,0.1399,#8c575a,78.1099,38.2093,50.48,0.0572,#fdaf8c,palette_features_stage6.csv
H06_blockshuf_neg_seed777_00001_.png,blockshuf_neg,H06,009a59742d,777,H06_blockshuf_neg_seed777_00001_.png,1024,1280,99.8612,0.1065,311.75,0.3187,#ffffff,0.7025,0.7293,22.74,0.1768,#050202,0.6834,76.7655,4.1158,6,0.5732,42.2616,0.5268,0.5323,22.4,0.2541,#030201,19.1724,28.6831,35.54,0.0236,#511e17,31.5285,42.794,36.36,0.018,#813024,48.3808,20.5115,26.96,0.1656,#966764,57.313,21.3051,47.34,0.3191,#ab806f,77.2923,12.2961,27.64,0.0036,#d7b8b5,palette_features_stage6.csv
H06_blockshuf_neg_seed9999_00001_.png,blockshuf_neg,H06,009a59742d,9999,H06_blockshuf_neg_seed9999_00001_.png,1024,1280,99.8627,0.1038,295.85,0.203,#ffffff,0.4565,0.2742,5.51,0.2149,#020102,0.7982,73.8571,10.2586,6,0.4467,55.2262,0.3475,0.1949,3.17,0.2672,#020101,31.5558,8.533,353.34,0.0127,#57464c,40.6306,22.4888,21.27,0.1795,#845253,62.9175,55.4211,61.52,0.0023,#d88441,69.0367,13.1151,27.39,0.0213,#c2a19e,74.2046,36.3377,43.51,0.0843,#f2a38a,palette_features_stage6.csv
H06_blockshuf_pos_seed1337_00001_.png,blockshuf_pos,H06,009a59742d,1337,H06_blockshuf_pos_seed1337_00001_.png,1024,1280,99.224,0.2913,244.41,0.21,#fcfdfd,2.3263,1.1009,21.13,0.226,#0c0808,0.7906,68.8041,6.3333,6,0.4611,47.1771,1.8528,0.7216,22.71,0.2656,#090606,26.0462,9.0419,307.36,0.0353,#413b49,42.9037,24.9239,18.59,0.1956,#8e5659,55.8969,29.8703,49.93,0.1432,#b1795f,63.5047,47.8987,31.16,0.0312,#e77a70,70.6569,7.0383,13.67,0.0031,#bba9aa,palette_features_stage6.csv
H06_blockshuf_pos_seed4242145_00001_.png,blockshuf_pos,H06,009a59742d,4242145,H06_blockshuf_pos_seed4242145_00001_.png,1024,1280,98.6909,0.1523,208.2,0.1569,#fbfbfb,2.0907,1.3351,31.66,0.2617,#0b0706,0.8436,76.1965,9.0322,5,0.4199,35.5047,1.4668,0.8679,36.9,0.2847,#080504,27.8403,10.2688,1.9,0.0385,#513c41,36.2237,19.3405,5.85,0.0539,#734953,51.8189,26.376,37.98,0.1352,#a66e61,54.1094,36.3727,34.18,0.0305,#bb6c60,77.6633,32.9542,57.8,0.0254,#f0b38d,palette_features_stage6.csv
H06_blockshuf_pos_seed42_00001_.png,blockshuf_pos,H06,009a59742d,42,H06_blockshuf_pos_seed42_00001_.png,1024,1280,99.7148,0.1677,250.28,0.2085,#fefefe,1.2601,0.9359,19.27,0.2284,#070404,0.7912,81.0582,4.9614,6,0.4845,43.2519,0.6502,0.4853,23.03,0.2643,#040202,20.3261,14.8902,23.62,0.0155,#462929,43.4525,26.0548,17.24,0.2202,#91565b,54.9019,29.3461,38.91,0.1733,#b27465,71.8273,43.7372,49.87,0.0488,#f19b74,81.7084,9.5269,56.48,0.0256,#dbc7bd,palette_features_stage6.csv
H06_blockshuf_pos_seed777_00001_.png,blockshuf_pos,H06,009a59742d,777,H06_blockshuf_pos_seed777_00001_.png,1024,1280,99.5667,0.1943,236.31,0.3087,#fdfefe,1.582,0.9624,10.45,0.2066,#080505,0.6945,76.3238,11.4879,5,0.4445,44.5143,1.4685,0.8472,9.16,0.2894,#080505,37.693,24.8199,10.72,0.0956,#7f4952,44.9296,11.8107,15.91,0.0146,#7f6465,60.1349,32.7064,46.24,0.1551,#c38169,62.9118,45.3616,22.35,0.019,#e4787c,77.7923,3.1612,55.53,0.0031,#c6bfbc,palette_features_stage6.csv
H06_blockshuf_pos_seed9999_00001_.png,blockshuf_pos,H06,009a59742d,9999,H06_blockshuf_pos_seed9999_00001_.png,1024,1280,99.3566,0.2218,257.64,0.1814,#fdfdfe,1.7571,1.6237,25.49,0.2086,#0b0505,0.8201,72.4133,13.4017,4,0.477,39.2172,1.4613,1.3234,27.02,0.2409,#090404,41.6528,22.2973,14.48,0.1899,#87555a,45.0147,28.162,21.51,0.0672,#98595a,56.0728,28.4611,41.52,0.2361,#b37867,69.4107,40.5407,26.09,0.058,#f08f8b,73.8746,10.4491,5.62,0.0032,#caafb4,palette_features_stage6.csv
H06_preset_neg_seed1337_00001_.png,preset_neg,H06,009a59742d,1337,H06_preset_neg_seed1337_00001_.png,1024,1280,99.5831,0.1134,265.71,0.2904,#fefefe,1.9912,1.5899,34.83,0.1511,#0c0605,0.713,78.8997,3.9945,6,0.2579,51.5979,1.1322,0.7619,40.46,0.1872,#060403,23.2538,9.4922,352.53,0.0706,#443339,33.9995,18.4059,20.26,0.0267,#6d4547,49.9762,28.3794,35.64,0.0517,#a4675c,67.5585,52.3598,46.28,0.014,#f18962,80.0319,29.5154,52.14,0.0254,#f6b99c,palette_features_stage6.csv
H06_preset_neg_seed4242145_00001_.png,preset_neg,H06,009a59742d,4242145,H06_preset_neg_seed4242145_00001_.png,1024,1280,99.5536,0.103,267.25,0.1817,#fefefe,3.4369,2.6072,33.63,0.1804,#120b09,0.8198,75.1993,9.2856,5,0.3853,55.8046,1.3969,0.9586,45.31,0.1783,#080503,30.6417,46.8372,37.19,0.0266,#822a1e,41.9574,20.3553,22.51,0.1478,#855757,60.1771,28.6561,56.67,0.207,#b98668,60.9017,56.7632,40.89,0.0276,#e57154,76.5963,31.3572,37.07,0.0428,#f5ab9b,palette_features_stage6.csv
H06_preset_neg_seed42_00001_.png,preset_neg,H06,009a59742d,42,H06_preset_neg_seed42_00001_.png,1024,1280,99.5751,0.1386,279.38,0.2575,#fefefe,2.2962,1.7168,39.25,0.1613,#0d0706,0.742,74.7548,7.0407,6,0.3272,48.1853,1.7588,1.0327,49.86,0.1998,#090605,30.2439,11.2785,2.19,0.035,#594147,39.6568,26.9616,8.74,0.0292,#874c58,51.7213,27.6562,31.12,0.1273,#a96b64,66.6302,49.218,41.28,0.0253,#ee866a,76.5135,36.3366,45.3,0.0573,#f8aa8e,palette_features_stage6.csv
H06_preset_neg_seed777_00001_.png,preset_neg,H06,009a59742d,777,H06_preset_neg_seed777_00001_.png,1024,1280,99.6208,0.1594,269.69,0.3531,#fefefe,1.504,1.4033,22.83,0.1517,#090404,0.6502,77.4715,10.0189,6,0.4569,49.3371,0.7982,0.5212,22.86,0.2096,#040302,9.0295,11.4741,26.27,0.0307,#281413,44.1137,18.7883,25.43,0.1492,#885e5c,57.4083,21.7685,51.52,0.2472,#ab816d,65.6881,49.8583,36.73,0.0161,#ee816c,78.2698,30.3296,31.45,0.0492,#f9afa6,palette_features_stage6.csv
H06_preset_neg_seed9999_00001_.png,preset_neg,H06,009a59742d,9999,H06_preset_neg_seed9999_00001_.png,1024,1280,99.5033,0.1296,267.61,0.2192,#fdfefe,1.6731,1.3706,33.93,0.1703,#0a0504,0.7837,72.7782,11.5292,5,0.4055,64.366,1.1508,0.7751,42.97,0.1998,#060403,25.4005,9.3626,10.91,0.0348,#4b373a,57.2486,22.3481,58.07,0.2056,#a98169,64.8079,65.1411,62.93,0.0014,#e48631,72.7488,37.4073,34.46,0.0733,#f39c8d,73.929,20.208,29.26,0.025,#dcaaa4,palette_features_stage6.csv
H06_preset_pos_seed1337_00001_.png,preset_pos,H06,009a59742d,1337,H06_preset_pos_seed1337_00001_.png,1024,1280,99.6652,0.2062,294.34,0.231,#fefefe,0.8479,0.7529,7.21,0.1855,#050303,0.7714,74.6845,9.2685,5,0.423,47.58,0.864,0.7669,7.71,0.2407,#050303,29.7272,9.7443,311.28,0.019,#4b4351,32.073,16.1062,9.04,0.041,#654248,53.555,25.9344,36.7,0.1824,#aa7266,63.2951,48.3469,24.47,0.0129,#e97778,75.5485,32.7194,18.07,0.0221,#f7a4a9,palette_features_stage6.csv
H06_preset_pos_seed4242145_00001_.png,preset_pos,H06,009a59742d,4242145,H06_preset_pos_seed4242145_00001_.png,1024,1280,99.5832,0.2256,293.24,0.1514,#fefefe,0.8408,0.5186,10.94,0.2246,#050303,0.8492,80.8844,9.7983,5,0.3353,54.0875,0.6179,0.3621,7.92,0.2487,#030202,31.8181,17.7714,11.98,0.0292,#674046,44.5107,29.9588,19.14,0.0279,#99565a,61.839,54.4496,55.14,0.0012,#da7e47,62.7167,40.5136,33.45,0.0866,#da7f72,81.5023,5.9461,42.1,0.0025,#d6c8c3,palette_features_stage6.csv
H06_preset_pos_seed42_00001_.png,preset_pos,H06,009a59742d,42,H06_preset_pos_seed42_00001_.png,1024,1280,99.4345,0.3267,300.08,0.1999,#fdfdfe,0.6102,0.5032,13.13,0.2052,#040202,0.803,74.7358,11.5653,5,0.5409,45.2345,0.6077,0.5062,12.81,0.2556,#040202,37.1534,28.5672,12.03,0.0141,#83454f,50.2231,36.9557,23.83,0.0209,#b35f60,53.3867,29.7122,34.85,0.2853,#b06f64,68.1339,45.7407,27.89,0.0341,#f38782,75.3435,9.1269,3.44,0.0049,#cbb4b9,palette_features_stage6.csv
H06_preset_pos_seed777_00001_.png,preset_pos,H06,009a59742d,777,H06_preset_pos_seed777_00001_.png,1024,1280,99.5891,0.3226,292.75,0.2148,#fefefe,1.3236,1.224,14.09,0.2124,#080404,0.7876,77.1685,11.278,6,0.476,46.8643,0.8962,0.7183,10.67,0.2516,#050303,38.6187,21.429,8.88,0.1061,#7d4e56,48.6215,33.5732,22.95,0.0334,#aa5e5f,56.49,29.9734,38.88,0.2243,#b87768,65.1237,47.5826,26.98,0.017,#ed7d7a,78.0647,8.7276,15.41,0.0042,#d3bcbd,palette_features_stage6.csv
H06_preset_pos_seed9999_00001_.png,preset_pos,H06,009a59742d,9999,H06_preset_pos_seed9999_00001_.png,1024,1280,99.3501,0.4524,299.86,0.1689,#fdfdfe,0.5835,0.403,1.5,0.2322,#030202,0.8334,73.7654,11.4222,5,0.421,42.8372,0.4533,0.2985,359.67,0.2721,#020102,36.1243,21.7638,31.57,0.008,#764944,38.2671,18.3588,358.64,0.1489,#764f5b,45.5875,30.6186,12.22,0.013,#9d5762,59.6562,43.1357,34.06,0.0237,#d47567,74.2186,7.1322,327.29,0.0033,#bfb3be,palette_features_stage6.csv
H06_rand_neg_seed1337_00001_.png,rand_neg,H06,009a59742d,1337,H06_rand_neg_seed1337_00001_.png,1024,1280,98.0217,0.1585,320.72,0.2431,#f9f9f9,2.214,1.4408,44.78,0.1952,#0c0706,0.7595,69.5183,13.4288,4,0.387,48.2994,1.4938,0.9462,54.7,0.2352,#080504,40.1896,13.545,14.16,0.0447,#76575a,40.5744,22.2923,27.78,0.1518,#835350,53.387,23.0025,62.05,0.1462,#9d785d,57.1384,49.2456,35.34,0.0103,#d46a5a,71.0121,31.7203,21.19,0.0288,#e8999a,palette_features_stage6.csv
H06_rand_neg_seed4242145_00001_.png,rand_neg,H06,009a59742d,4242145,H06_rand_neg_seed4242145_00001_.png,1024,1280,97.9507,0.1255,353.44,0.1802,#f9f9f9,1.655,1.1888,31.79,0.1848,#090505,0.8202,64.176,6.5033,5,0.5794,40.61,1.2746,0.8344,32.94,0.2125,#070404,12.5096,9.9547,32.3,0.0398,#2e1c1a,29.8269,21.2424,24.9,0.0314,#663a39,50.5085,21.2425,77.37,0.3669,#8c7455,63.883,36.8045,35.79,0.035,#d78576,65.4506,41.4444,26.67,0.0437,#e58380,palette_features_stage6.csv
H06_rand_neg_seed42_00001_.png,rand_neg,H06,009a59742d,42,H06_rand_neg_seed42_00001_.png,1024,1280,98.0554,0.138,6.2,0.2136,#faf9f9,0.7236,0.6691,35.47,0.196,#050202,0.7889,75.8456,9.5062,5,0.5541,55.3578,0.5686,0.5356,38.76,0.243,#040201,25.5483,9.1871,329.88,0.015,#463944,50.0461,35.5071,25.87,0.0148,#b0605e,56.0935,55.8934,50.92,0.0024,#ce6b3c,58.0323,27.6382,44.62,0.3112,#b77e6b,76.4142,11.642,18.53,0.0037,#d4b5b6,palette_features_stage6.csv
H06_rand_neg_seed777_00001_.png,rand_neg,H06,009a59742d,777,H06_rand_neg_seed777_00001_.png,1024,1280,97.9913,0.1316,342.57,0.3089,#f9f9f9,1.8027,1.1706,33.31,0.1576,#0a0605,0.6952,72.171,8.7087,5,0.4629,38.8938,1.4957,0.8598,34.52,0.2155,#080504,28.8988,23.8398,28.26,0.0372,#673734,49.5623,19.3845,83.5,0.2474,#857455,58.1747,39.7535,25.75,0.0272,#cd726f,60.9784,36.0012,48.76,0.0916,#c88265,73.6667,12.2705,17.26,0.0064,#cdadaf,palette_features_stage6.csv
H06_rand_neg_seed9999_00001_.png,rand_neg,H06,009a59742d,9999,H06_rand_neg_seed9999_00001_.png,1024,1280,98.0402,0.2278,8.92,0.178,#faf9f9,0.9377,0.6108,16.28,0.2009,#050303,0.8248,80.0699,12.5987,6,0.4253,43.8678,0.6319,0.3826,17.8,0.2326,#030202,41.4289,20.2125,20.41,0.1727,#835657,48.2268,33.8847,19.15,0.0146,#a95c61,56.844,26.8724,43.15,0.1927,#b37b69,66.9819,44.2504,31.7,0.0347,#ed877b,80.7018,9.4313,12.35,0.0032,#dbc2c5,palette_features_stage6.csv
H06_rand_pos_seed1337_00001_.png,rand_pos,H06,009a59742d,1337,H06_rand_pos_seed1337_00001_.png,1024,1280,99.8913,0.0017,148.69,0.2229,#ffffff,1.0282,0.8003,18.08,0.2197,#060303,0.7772,73.0008,18.8748,5,0.4333,56.5724,0.6745,0.5354,26.17,0.2721,#040202,52.9222,57.1078,51.9,0.0031,#c46331,59.5866,23.4371,49.36,0.1611,#b48571,65.7811,56.6047,20.53,0.02,#fd747f,68.4337,18.3813,1.95,0.0096,#c89ba6,73.6753,40.7953,12.5,0.0569,#fe98a7,palette_features_stage6.csv
H06_rand_pos_seed4242145_00001_.png,rand_pos,H06,009a59742d,4242145,H06_rand_pos_seed4242145_00001_.png,1024,1280,99.7152,0.0878,30.89,0.1678,#fefefe,1.2235,1.2308,8.69,0.1906,#080304,0.8354,76.2095,11.0521,5,0.4998,51.4189,0.6812,0.6543,4.88,0.2119,#040202,35.0618,45.884,22.96,0.0189,#932f38,43.2334,19.9409,19.18,0.288,#875a5c,61.2416,27.0367,46.22,0.2055,#be8772,62.8701,52.0731,35.27,0.017,#e97765,76.8906,34.8826,8.34,0.0449,#fda5b6,palette_features_stage6.csv
H06_rand_pos_seed42_00001_.png,rand_pos,H06,009a59742d,42,H06_rand_pos_seed42_00001_.png,1024,1280,99.897,0.0173,2.39,0.2451,#ffffff,0.9241,1.043,13.91,0.1754,#060303,0.755,83.4566,9.009,6,0.4354,46.4542,0.6091,0.6057,13.89,0.2183,#040202,9.8919,12.1234,17.27,0.0344,#2b1517,25.9144,8.9376,324.06,0.0134,#453a45,31.2041,47.0599,33.86,0.0233,#862923,61.557,30.314,47.69,0.2171,#c3866e,84.0658,21.3132,23.66,0.0474,#fcc4c2,palette_features_stage6.csv
H06_rand_pos_seed777_00001_.png,rand_pos,H06,009a59742d,777,H06_rand_pos_seed777_00001_.png,1024,1280,99.7577,0.0162,182.46,0.2911,#fefefe,0.6324,0.379,4.2,0.1846,#030202,0.713,78.3819,8.6096,5,0.324,52.0817,0.6277,0.376,4.17,0.26,#030202,27.774,16.357,358.51,0.064,#593843,31.6273,13.3587,294.34,0.0175,#49485d,43.8253,24.6471,20.71,0.0356,#90585a,67.7358,52.4577,27.96,0.0369,#fc807b,79.0096,1.7946,264.24,0.0046,#c2c4c7,palette_features_stage6.csv
H06_rand_pos_seed9999_00001_.png,rand_pos,H06,009a59742d,9999,H06_rand_pos_seed9999_00001_.png,1024,1280,99.9352,0.0054,216.01,0.1743,#ffffff,1.0911,0.7456,8.68,0.2163,#060304,0.8251,84.7564,9.0878,6,0.5438,43.8318,0.5423,0.2776,17.19,0.2412,#030202,33.848,14.5924,309.94,0.0196,#564b61,47.0235,28.3054,13.48,0.3026,#9e5d66,65.7664,28.4755,44.83,0.2273,#ce927d,72.0142,44.1094,30.93,0.0145,#fc9489,85.2987,19.7853,30.22,0.0323,#fcc9c3,palette_features_stage6.csv
H07_baseline_seed101_00001_.png,baseline,H07,9861eac6f8,101,H07_baseline_seed101_00001_.png,1024,1280,99.6901,0.2415,292.63,0.1446,#fefeff,3.2328,0.8803,101.28,0.1984,#0c0c0a,0.8555,85.2066,11.3475,6,0.326,28.9555,2.1388,0.6688,87.99,0.2023,#090806,41.1384,18.6179,72.0,0.1237,#745d44,55.7396,22.2599,168.69,0.0114,#5c907d,61.9464,19.6943,140.1,0.0272,#839d7f,75.2034,19.3853,202.4,0.0355,#89c3c6,87.3454,29.6243,177.32,0.0479,#97ebd7,palette_features_stage6.csv
H07_baseline_seed102_00001_.png,baseline,H07,9861eac6f8,102,H07_baseline_seed102_00001_.png,1024,1280,99.7506,0.1036,309.11,0.1006,#fefefe,3.4574,0.7331,110.28,0.2204,#0d0d0b,0.8996,82.3977,11.9562,5,0.6047,24.559,2.4695,0.5923,100.14,0.2197,#090908,40.4244,21.329,67.98,0.1299,#765a3f,50.5098,18.1274,220.39,0.0107,#4d808c,59.7724,18.0003,141.96,0.0267,#7e977c,64.2677,11.4624,180.14,0.385,#85a29b,84.8672,25.1513,183.69,0.055,#99e2d6,palette_features_stage6.csv
H07_baseline_seed103_00001_.png,baseline,H07,9861eac6f8,103,H07_baseline_seed103_00001_.png,1024,1280,99.8588,0.1213,297.65,0.1295,#ffffff,1.0087,0.2979,86.63,0.1766,#040403,0.8713,88.7611,17.4744,4,0.3652,28.319,0.7008,0.2503,65.26,0.1939,#030202,22.64,15.0865,69.84,0.0076,#443321,36.1219,17.727,194.22,0.0197,#2b5d5b,37.2362,11.9611,159.23,0.0616,#475d50,40.1716,23.7394,70.07,0.1713,#77593b,89.4619,28.5692,186.91,0.0454,#9af0e6,palette_features_stage6.csv
H07_baseline_seed1337_00001_.png,baseline,H07,9861eac6f8,1337,H07_baseline_seed1337_00001_.png,1024,1280,99.8561,0.0949,297.03,0.131,#ffffff,1.8126,0.3046,80.43,0.21,#070706,0.8687,86.9866,12.5831,6,0.6412,27.3931,1.1867,0.1949,47.08,0.2248,#050404,39.7248,22.461,74.44,0.1456,#72593b,49.4309,18.7888,209.65,0.0125,#477e85,57.4831,23.0832,174.79,0.0067,#5a9586,63.0857,10.3965,162.68,0.4164,#889e93,88.1734,27.5879,180.19,0.0472,#9decdc,palette_features_stage6.csv
H07_baseline_seed4242145_00001_.png,baseline,H07,9861eac6f8,4242145,H07_baseline_seed4242145_00001_.png,1024,1280,99.8946,0.008,244.79,0.1233,#ffffff,1.4657,0.4452,97.0,0.2235,#060504,0.8766,86.294,13.5788,5,0.3388,31.4255,0.9791,0.3527,85.97,0.2439,#040403,41.2231,22.6234,72.85,0.0948,#775c3e,51.712,21.1791,212.71,0.0174,#44858e,57.5116,24.7393,164.84,0.0076,#5d957e,62.2644,22.12,132.13,0.0143,#879d79,87.2731,31.7781,179.17,0.052,#8fecd9,palette_features_stage6.csv
H07_baseline_seed42_00001_.png,baseline,H07,9861eac6f8,42,H07_baseline_seed42_00001_.png,1024,1280,99.7721,0.2129,303.26,0.1412,#fefeff,1.373,0.3276,89.49,0.19,#050504,0.8584,87.739,7.468,6,0.3362,28.6531,0.8363,0.2082,79.15,0.2102,#030303,28.7417,22.3354,33.39,0.0193,#643832,42.0755,23.8396,72.01,0.1261,#7b5e3e,67.1516,22.0135,149.48,0.028,#87ad8f,76.5071,18.3826,195.03,0.0359,#91c7c5,88.5753,28.8613,185.51,0.0486,#97eee3,palette_features_stage6.csv
H07_baseline_seed777_00001_.png,baseline,H07,9861eac6f8,777,H07_baseline_seed777_00001_.png,1024,1280,99.8802,0.0621,294.47,0.1944,#ffffff,1.2747,0.2168,83.66,0.1945,#050504,0.8066,88.8878,7.4908,6,0.3348,29.8539,0.7303,0.1354,48.0,0.2282,#030302,29.1159,15.7375,37.02,0.0116,#5c3d37,42.4962,20.2132,77.51,0.1066,#766144,50.1877,19.0279,216.46,0.0297,#48808a,65.4612,23.8155,136.78,0.0243,#8aa781,89.6181,29.9893,180.96,0.049,#9af1e1,palette_features_stage6.csv
H07_baseline_seed9999_00001_.png,baseline,H07,9861eac6f8,9999,H07_baseline_seed9999_00001_.png,1024,1280,99.9066,0.0249,256.23,0.1196,#ffffff,1.5576,0.2382,95.03,0.203,#060605,0.8797,84.1561,11.518,6,0.2905,29.9392,1.0021,0.2239,70.2,0.2201,#040403,32.2242,27.1686,29.02,0.0316,#733c38,38.4537,15.6398,85.8,0.0199,#665941,46.427,27.7338,64.4,0.0571,#8e6645,77.0292,16.7935,203.87,0.0323,#96c7ca,85.1582,30.1631,184.51,0.0704,#8ae5d8,palette_features_stage6.csv
H07_blockshuf_neg_seed1337_00001_.png,blockshuf_neg,H07,9861eac6f8,1337,H07_blockshuf_neg_seed1337_00001_.png,1024,1280,99.8677,0.0898,302.06,0.1257,#ffffff,1.2275,0.3346,69.36,0.2012,#050404,0.8739,88.037,15.6379,5,0.5161,32.3332,0.4199,0.08,36.06,0.2116,#020101,46.1822,32.4132,57.65,0.1194,#956140,57.1337,16.2099,204.54,0.0118,#639194,59.611,14.9001,49.92,0.1013,#a8897c,65.7719,11.4138,87.97,0.3044,#a99f8b,88.457,24.1101,169.97,0.0833,#adebd5,palette_features_stage6.csv
H07_blockshuf_neg_seed4242145_00001_.png,blockshuf_neg,H07,9861eac6f8,4242145,H07_blockshuf_neg_seed4242145_00001_.png,1024,1280,99.8934,0.067,308.59,0.1126,#ffffff,1.1019,0.2343,80.74,0.1936,#040403,0.8872,89.0843,4.19,6,0.3006,29.2679,0.512,0.0873,54.14,0.2075,#020202,22.8088,16.0403,50.24,0.011,#4a3025,43.0055,28.4093,53.37,0.0931,#8b5a41,58.3544,20.3087,208.94,0.0236,#59969d,69.1632,17.1367,145.43,0.0221,#95b097,89.5963,29.3551,173.24,0.0675,#a1f1da,palette_features_stage6.csv
H07_blockshuf_neg_seed42_00001_.png,blockshuf_neg,H07,9861eac6f8,42,H07_blockshuf_neg_seed42_00001_.png,1024,1280,99.864,0.1251,306.24,0.1366,#ffffff,1.1829,0.2972,82.7,0.1838,#050404,0.863,86.9142,10.2535,6,0.5181,28.5888,0.533,0.1011,69.81,0.2002,#020202,35.9427,28.6899,23.35,0.0069,#804344,47.4242,27.0016,60.36,0.1117,#92674a,69.5805,10.3249,126.21,0.3179,#a5ad9b,78.9049,14.5257,187.45,0.0504,#a3cbc6,87.4473,25.1182,169.16,0.0789,#a9e8d1,palette_features_stage6.csv
H07_blockshuf_neg_seed777_00001_.png,blockshuf_neg,H07,9861eac6f8,777,H07_blockshuf_neg_seed777_00001_.png,1024,1280,99.9025,0.0849,302.43,0.1951,#ffffff,1.4802,0.4328,33.79,0.1853,#070505,0.8055,87.1448,11.3174,5,0.3257,39.9277,0.811,0.2078,0.83,0.2184,#040303,34.5941,40.1355,32.07,0.0191,#883831,49.1755,37.4915,54.46,0.1073,#a46542,56.7224,16.3497,94.59,0.015,#91886c,60.9235,19.9378,39.08,0.0831,#b5897e,87.9558,23.987,170.97,0.081,#ace9d5,palette_features_stage6.csv
H07_blockshuf_neg_seed9999_00001_.png,blockshuf_neg,H07,9861eac6f8,9999,H07_blockshuf_neg_seed9999_00001_.png,1024,1280,99.8216,0.1168,310.54,0.1391,#fffeff,1.6914,0.1784,117.06,0.1984,#060606,0.8612,87.5361,13.8324,4,0.5539,29.6187,0.8674,0.0758,46.35,0.2137,#030303,41.1984,15.443,65.48,0.1401,#745d4a,61.0258,25.25,192.45,0.0172,#53a09c,64.4874,13.6784,176.28,0.3403,#81a39a,67.1853,21.267,163.99,0.0196,#7eae98,88.4035,29.6945,182.55,0.0503,#96eedf,palette_features_stage6.csv
H07_blockshuf_pos_seed1337_00001_.png,blockshuf_pos,H07,9861eac6f8,1337,H07_blockshuf_pos_seed1337_00001_.png,1024,1280,98.4377,0.0931,212.08,0.1274,#fafbfb,5.3086,0.9635,117.0,0.2269,#121210,0.873,81.778,8.9413,6,0.4912,28.3273,3.5658,0.7733,96.71,0.2144,#0d0d0b,35.8132,24.3901,52.78,0.1104,#734b36,47.4279,19.3275,98.55,0.0387,#787150,66.8216,10.9748,174.48,0.2768,#8ea8a0,78.8045,29.1006,189.73,0.0328,#78d2cb,85.3438,21.2636,191.41,0.0496,#a2e1dc,palette_features_stage6.csv
H07_blockshuf_pos_seed4242145_00001_.png,blockshuf_pos,H07,9861eac6f8,4242145,H07_blockshuf_pos_seed4242145_00001_.png,1024,1280,98.8555,1.1173,201.99,0.1839,#f9fcfc,4.9331,1.0426,133.33,0.1747,#10110f,0.8288,84.53,8.272,6,0.3174,32.0246,4.6933,0.979,130.69,0.2075,#0f100f,29.4313,17.395,43.05,0.0773,#5e3e34,38.8831,26.4588,54.77,0.11,#7d5139,51.4725,24.2347,85.75,0.039,#8c7851,80.3187,33.0036,186.89,0.0406,#71d8ce,89.2232,14.3681,189.34,0.0188,#bfe8e4,palette_features_stage6.csv
H07_blockshuf_pos_seed42_00001_.png,blockshuf_pos,H07,9861eac6f8,42,H07_blockshuf_pos_seed42_00001_.png,1024,1280,99.7455,0.2091,294.64,0.1313,#fefeff,2.9548,0.7751,102.92,0.2123,#0b0b09,0.8679,88.07,10.5887,6,0.3085,36.5683,2.3763,0.7573,84.47,0.2316,#0a0907,31.0556,15.4265,53.78,0.0469,#5d4336,42.966,22.4475,73.57,0.0769,#7b6142,53.0317,12.0091,121.08,0.0148,#7b816d,84.8969,37.3255,186.93,0.035,#6ee7db,90.4463,20.8613,177.7,0.0416,#b6efe1,palette_features_stage6.csv
H07_blockshuf_pos_seed777_00001_.png,blockshuf_pos,H07,9861eac6f8,777,H07_blockshuf_pos_seed777_00001_.png,1024,1280,99.6464,0.2564,285.87,0.2104,#fefefe,3.8901,0.7677,109.93,0.2014,#0e0e0c,0.7899,87.5023,11.4553,6,0.3423,38.1024,2.4723,0.577,84.24,0.2239,#0a0908,20.6469,11.2396,52.83,0.0151,#402e25,37.2687,21.3881,46.5,0.0599,#764e3f,45.4877,19.1939,71.91,0.1184,#80674e,83.9137,38.6794,181.14,0.0406,#6ce5d1,89.9746,21.1643,182.81,0.0263,#b2eee4,palette_features_stage6.csv
H07_blockshuf_pos_seed9999_00001_.png,blockshuf_pos,H07,9861eac6f8,9999,H07_blockshuf_pos_seed9999_00001_.png,1024,1280,99.3435,0.2958,280.87,0.1452,#fdfdfe,4.4634,1.0738,147.67,0.1945,#0e100e,0.8547,85.3326,8.0254,6,0.3007,31.8983,3.0739,0.6815,123.42,0.1951,#0b0b0a,33.8937,14.3242,50.47,0.0542,#644a3f,44.7237,16.7222,94.33,0.1056,#726a4e,63.7748,8.5424,178.75,0.0899,#8a9f9a,80.8296,32.5798,190.0,0.0426,#71dad2,88.4066,17.6902,188.5,0.0152,#b5e8e2,palette_features_stage6.csv
H07_preset_neg_seed1337_00001_.png,preset_neg,H07,9861eac6f8,1337,H07_preset_neg_seed1337_00001_.png,1024,1280,99.6122,0.1469,278.4,0.1253,#fefefe,3.0858,0.7573,68.59,0.1978,#0d0b0a,0.8745,82.4969,15.2837,5,0.4959,26.3336,2.2553,0.5991,62.1,0.2081,#0a0807,47.5505,26.9327,59.35,0.1174,#93674a,60.9042,11.213,44.89,0.0597,#a78e85,68.7426,8.064,124.03,0.2878,#a4aa9c,84.1478,12.7523,204.8,0.0418,#b4d9db,84.7521,24.6415,178.45,0.0792,#9de1d1,palette_features_stage6.csv
H07_preset_neg_seed4242145_00001_.png,preset_neg,H07,9861eac6f8,4242145,H07_preset_neg_seed4242145_00001_.png,1024,1280,99.7253,0.1074,296.77,0.1116,#fefefe,2.158,0.524,86.25,0.1948,#090807,0.8881,83.4388,9.2642,6,0.2794,26.1898,1.5726,0.4184,84.94,0.2064,#060605,34.2977,26.6081,23.57,0.0131,#794041,44.3541,23.2417,56.57,0.073,#876049,59.1074,18.4251,211.28,0.0287,#61979e,65.1203,18.3977,139.56,0.0149,#8ca588,85.0114,25.3235,179.07,0.065,#9be2d3,palette_features_stage6.csv
H07_preset_neg_seed42_00001_.png,preset_neg,H07,9861eac6f8,42,H07_preset_neg_seed42_00001_.png,1024,1280,99.6246,0.1228,292.09,0.126,#fefefe,2.8584,0.7142,77.39,0.199,#0c0a09,0.8735,83.1887,13.8382,4,0.3386,29.0635,2.088,0.5562,75.37,0.214,#090706,38.1618,15.1405,53.91,0.014,#6f5447,42.3768,16.5034,220.49,0.0092,#3d6b75,46.6992,23.6482,59.92,0.1246,#8d674d,77.3823,29.6197,171.9,0.0185,#80ceb6,85.2767,23.8907,176.45,0.047,#a1e2d1,palette_features_stage6.csv
H07_preset_neg_seed777_00001_.png,preset_neg,H07,9861eac6f8,777,H07_preset_neg_seed777_00001_.png,1024,1280,99.7081,0.1293,281.58,0.2179,#fefefe,1.2728,0.2589,44.92,0.1789,#050404,0.7833,85.0999,13.9491,5,0.3411,33.4806,0.8856,0.1557,33.54,0.2187,#040303,44.0355,31.5565,54.44,0.1224,#905c3e,56.4217,18.4884,35.11,0.0721,#a77d76,69.2297,21.4702,130.88,0.0261,#9bb08b,70.4828,33.6363,190.57,0.0084,#4dbdb7,85.9855,23.0886,180.49,0.074,#a3e4d7,palette_features_stage6.csv
H07_preset_neg_seed9999_00001_.png,preset_neg,H07,9861eac6f8,9999,H07_preset_neg_seed9999_00001_.png,1024,1280,99.7086,0.1179,297.74,0.1223,#fefefe,2.041,0.1367,44.04,0.2119,#080707,0.877,85.6401,8.8175,6,0.3259,28.2537,1.3358,0.1462,19.61,0.2277,#050505,33.9151,23.5859,20.22,0.0146,#744244,44.2749,22.0,59.26,0.0981,#85614a,51.5589,19.5123,214.11,0.019,#4a848d,71.0852,28.3999,185.47,0.0231,#68bcb2,86.9758,25.2934,181.97,0.0468,#9fe8db,palette_features_stage6.csv
H07_preset_pos_seed1337_00001_.png,preset_pos,H07,9861eac6f8,1337,H07_preset_pos_seed1337_00001_.png,1024,1280,99.4156,0.2264,295.01,0.1409,#fdfdfe,2.1049,0.695,130.13,0.2044,#070806,0.8595,86.1344,10.3943,6,0.616,31.9456,1.3517,0.4355,117.7,0.1986,#050504,38.4424,21.2248,81.53,0.1353,#6b5839,53.629,16.9455,129.74,0.0102,#768569,62.5648,15.1379,178.57,0.4174,#789f96,78.72,25.9948,189.79,0.0336,#82d1ca,87.4862,32.3811,188.24,0.0377,#87ede3,palette_features_stage6.csv
H07_preset_pos_seed4242145_00001_.png,preset_pos,H07,9861eac6f8,4242145,H07_preset_pos_seed4242145_00001_.png,1024,1280,99.7822,0.1719,306.97,0.1309,#fefeff,2.2735,0.616,118.93,0.2171,#080807,0.8686,83.578,12.2494,5,0.6068,36.9247,1.5057,0.4522,99.84,0.2256,#060604,41.2397,24.8461,78.7,0.1077,#765d39,56.6132,26.4646,121.19,0.0117,#7e8e60,61.3117,13.1266,179.1,0.3812,#7a9b93,76.9074,28.1897,187.71,0.0434,#77cdc4,85.0837,37.3769,185.88,0.0474,#6fe8db,palette_features_stage6.csv
H07_preset_pos_seed42_00001_.png,preset_pos,H07,9861eac6f8,42,H07_preset_pos_seed42_00001_.png,1024,1280,99.6485,0.3842,298.65,0.1281,#fefeff,1.9769,0.7247,135.04,0.2083,#060806,0.8706,86.0502,8.1445,6,0.3225,34.2776,1.2557,0.4674,127.69,0.2175,#040504,29.8635,18.3124,89.42,0.0157,#50452a,42.0535,26.1957,80.13,0.105,#785f39,51.4803,14.6544,190.26,0.0568,#5b827f,61.8107,20.7749,147.14,0.0147,#7c9e81,87.3059,34.7449,189.45,0.0407,#7dede4,palette_features_stage6.csv
H07_preset_pos_seed777_00001_.png,preset_pos,H07,9861eac6f8,777,H07_preset_pos_seed777_00001_.png,1024,1280,99.8414,0.1269,300.09,0.1617,#ffffff,2.7163,0.6616,156.71,0.2277,#090a09,0.839,86.7349,9.3515,6,0.3191,37.8331,1.4371,0.221,135.02,0.2252,#050505,34.2084,11.7336,170.67,0.063,#3d564d,41.8552,21.6028,91.03,0.0939,#6e623f,49.9127,19.7285,205.6,0.0129,#458085,71.5521,34.639,181.09,0.0242,#57c0af,88.172,38.0541,190.65,0.0374,#71f1e9,palette_features_stage6.csv
H07_preset_pos_seed9999_00001_.png,preset_pos,H07,9861eac6f8,9999,H07_preset_pos_seed9999_00001_.png,1024,1280,99.5384,0.403,289.19,0.1227,#fefefe,1.8086,0.5577,151.47,0.1886,#060706,0.8769,85.0774,8.7436,6,0.2965,36.0692,1.2395,0.342,138.91,0.1892,#040504,30.0878,12.0709,35.52,0.0204,#59413c,41.3307,16.2067,106.91,0.1073,#646348,51.164,13.6514,199.32,0.0326,#5b8181,77.592,29.1292,194.6,0.0339,#72cfcc,86.3169,36.4112,192.09,0.0407,#71ebe5,palette_features_stage6.csv
H07_rand_neg_seed1337_00001_.png,rand_neg,H07,9861eac6f8,1337,H07_rand_neg_seed1337_00001_.png,1024,1280,97.8314,0.0882,295.48,0.1105,#f9f9f9,3.7418,1.5509,86.45,0.1786,#0f0d0a,0.8894,80.9408,13.193,5,0.3468,27.7561,2.8405,1.2235,87.17,0.1826,#0c0a07,38.1035,10.601,111.74,0.0299,#5a5b4a,39.7932,28.9796,55.99,0.1643,#815337,47.0801,13.814,200.52,0.014,#507677,55.2414,16.9298,51.27,0.0875,#9f7d6e,83.7813,25.1721,182.24,0.0338,#96ded2,palette_features_stage6.csv
H07_rand_neg_seed4242145_00001_.png,rand_neg,H07,9861eac6f8,4242145,H07_rand_neg_seed4242145_00001_.png,1024,1280,98.072,0.1779,224.83,0.1036,#f9fafa,2.3805,0.6931,90.47,0.2027,#090907,0.8974,76.9289,15.2325,5,0.3349,24.7318,1.7899,0.6364,76.48,0.215,#080605,42.2897,25.3681,55.73,0.1198,#845a42,47.8619,17.4864,158.83,0.009,#577966,52.9529,15.2542,91.87,0.015,#887e64,78.3782,24.1234,183.03,0.0629,#8acfc3,78.7188,15.3859,203.67,0.0462,#9ecbce,palette_features_stage6.csv
H07_rand_neg_seed42_00001_.png,rand_neg,H07,9861eac6f8,42,H07_rand_neg_seed42_00001_.png,1024,1280,98.492,0.2366,343.13,0.1315,#fbfbfb,2.3013,0.9094,86.19,0.1723,#0a0806,0.8676,86.2302,12.3417,6,0.478,36.1038,1.1803,0.5874,74.32,0.179,#050403,40.1502,17.4217,72.62,0.0653,#705b44,47.6902,36.6912,55.83,0.1018,#9f633f,69.9383,12.174,107.76,0.2989,#adac96,82.2521,13.181,171.71,0.0336,#b3d4c9,87.4105,26.1607,177.68,0.0459,#a0e9d8,palette_features_stage6.csv
H07_rand_neg_seed777_00001_.png,rand_neg,H07,9861eac6f8,777,H07_rand_neg_seed777_00001_.png,1024,1280,98.1894,0.4912,339.65,0.1884,#fbf9fa,2.6936,0.747,108.49,0.1578,#0a0a08,0.8127,81.1988,13.9846,5,0.2712,32.3162,1.8793,0.6844,77.84,0.1801,#080705,44.3394,33.0006,55.19,0.0911,#925c3d,55.9065,18.5209,43.54,0.09,#a47d71,69.325,16.2797,145.32,0.0263,#97b098,82.7289,13.8466,192.94,0.0428,#aed6d3,83.0782,27.2721,185.59,0.034,#8cded3,palette_features_stage6.csv
H07_rand_neg_seed9999_00001_.png,rand_neg,H07,9861eac6f8,9999,H07_rand_neg_seed9999_00001_.png,1024,1280,97.9555,0.2059,222.64,0.1222,#f9f9f9,3.959,1.2378,106.38,0.1719,#0e0e0b,0.8805,75.1812,4.8611,6,0.291,21.312,2.4573,0.9369,86.48,0.1633,#0a0907,21.9308,7.8579,173.97,0.0186,#283833,42.0314,20.8911,68.87,0.1277,#7a5e43,49.131,22.2489,208.03,0.0264,#397f86,61.3113,15.6271,142.1,0.0227,#849a83,77.6385,19.4849,197.61,0.0907,#90caca,palette_features_stage6.csv
H07_rand_pos_seed1337_00001_.png,rand_pos,H07,9861eac6f8,1337,H07_rand_pos_seed1337_00001_.png,1024,1280,99.9417,0.0113,214.27,0.1708,#ffffff,0.8779,0.0262,191.45,0.2233,#030303,0.8285,89.4587,9.6074,6,0.3195,35.1103,0.3973,0.0485,327.89,0.2561,#020102,30.7938,10.7454,188.21,0.0491,#334d4b,40.5917,16.3392,81.95,0.0634,#6d5e45,46.0851,20.0521,216.98,0.0194,#3a7681,73.1675,27.4427,191.05,0.0581,#6dc2bc,89.856,35.1588,189.01,0.0502,#83f5eb,palette_features_stage6.csv
H07_rand_pos_seed4242145_00001_.png,rand_pos,H07,9861eac6f8,4242145,H07_rand_pos_seed4242145_00001_.png,1024,1280,99.9361,0.0011,310.39,0.1271,#ffffff,0.9602,0.1948,58.07,0.2443,#040303,0.8724,87.5883,13.7227,4,0.3275,42.364,0.3647,0.066,18.09,0.2649,#020101,36.8326,42.43,36.33,0.0152,#903d30,41.0065,16.009,153.37,0.0335,#4c6755,45.3794,22.5431,224.05,0.0186,#2f7485,56.5866,35.6636,82.4,0.025,#a2834a,87.953,35.8268,176.69,0.0626,#87efd7,palette_features_stage6.csv
H07_rand_pos_seed42_00001_.png,rand_pos,H07,9861eac6f8,42,H07_rand_pos_seed42_00001_.png,1024,1280,99.9472,0.0074,210.82,0.1325,#ffffff,1.1551,0.3377,45.32,0.2139,#050404,0.8672,88.7829,9.7046,6,0.3294,35.7646,0.8928,0.3223,40.96,0.2438,#040303,33.2291,36.0869,39.7,0.0438,#7e3a2b,44.8203,35.1995,58.55,0.0856,#935d39,70.6378,26.3109,157.58,0.0203,#82b99a,83.2894,15.4077,176.56,0.0326,#b0d8cd,89.6758,35.6826,182.82,0.055,#86f4e4,palette_features_stage6.csv
H07_rand_pos_seed777_00001_.png,rand_pos,H07,9861eac6f8,777,H07_rand_pos_seed777_00001_.png,1024,1280,99.9548,0.0104,144.27,0.2041,#ffffff,2.1776,0.2816,86.96,0.1915,#080807,0.796,89.0017,16.7534,5,0.3573,36.7544,2.1493,0.3105,83.46,0.2428,#080807,50.3824,37.065,58.92,0.0809,#a56a42,50.925,19.0745,211.11,0.0234,#4a8289,56.9154,12.204,35.23,0.1144,#9f827d,69.6171,25.7345,150.87,0.0344,#86b593,91.151,36.5495,177.69,0.0601,#8df9e2,palette_features_stage6.csv
H07_rand_pos_seed9999_00001_.png,rand_pos,H07,9861eac6f8,9999,H07_rand_pos_seed9999_00001_.png,1024,1280,99.9464,0.0133,213.5,0.1377,#ffffff,1.2433,0.1344,20.92,0.2354,#050404,0.8621,86.8711,8.0157,6,0.513,33.6272,0.867,0.2419,26.11,0.2655,#040303,31.1988,29.1728,42.02,0.0634,#703b2c,44.5319,29.5398,65.2,0.0477,#8a613d,66.9501,15.1707,187.76,0.2476,#81aba6,74.685,33.8691,184.15,0.0327,#60c9bb,87.7381,32.5909,192.85,0.0445,#84ede9,palette_features_stage6.csv
H08_baseline_seed101_00001_.png,baseline,H08,a7cac62587,101,H08_baseline_seed101_00001_.png,1024,1280,98.4809,0.1331,0.57,0.18,#fbfbfb,2.847,1.8196,50.14,0.1418,#0e0907,0.8217,89.923,16.1125,4,0.2815,35.5786,2.5604,1.5722,49.32,0.1651,#0d0806,36.6937,26.4516,76.15,0.0313,#6c522d,39.3554,13.5356,74.88,0.0687,#6a5a48,42.424,22.9899,51.23,0.1164,#845b47,82.9576,37.1508,91.95,0.0232,#e4cd88,92.4834,23.1956,99.76,0.0403,#f3eabe,palette_features_stage6.csv
H08_baseline_seed102_00001_.png,baseline,H08,a7cac62587,102,H08_baseline_seed102_00001_.png,1024,1280,98.6625,0.3617,320.46,0.145,#fbfbfc,3.5654,2.2661,56.85,0.1731,#110c08,0.8563,91.7032,13.1557,5,0.381,36.5237,2.0311,1.1076,56.34,0.1606,#0a0705,42.2884,23.0694,57.84,0.1938,#815c44,43.9174,11.8747,78.07,0.0618,#736655,56.4648,28.4906,80.95,0.1873,#9f8357,69.0992,37.6313,84.32,0.0187,#c5a464,93.7343,22.7204,100.58,0.06,#f6eec2,palette_features_stage6.csv
H08_baseline_seed103_00001_.png,baseline,H08,a7cac62587,103,H08_baseline_seed103_00001_.png,1024,1280,98.4882,0.1887,74.7,0.1604,#fbfbfa,2.9802,2.1529,51.37,0.1375,#0f0a07,0.8428,92.1684,8.557,6,0.3645,41.4123,2.456,1.6951,49.95,0.1486,#0d0806,23.779,14.5127,65.84,0.0467,#483525,46.6047,27.343,59.88,0.2159,#906547,76.84,43.1074,87.34,0.0167,#dbba6d,88.6578,32.0868,96.09,0.0236,#efdfa2,94.6245,19.7708,101.83,0.0294,#f7f1ca,palette_features_stage6.csv
H08_baseline_seed1337_00001_.png,baseline,H08,a7cac62587,1337,H08_baseline_seed1337_00001_.png,1024,1280,98.4724,0.0947,321.22,0.1915,#fbfbfb,3.1605,2.0016,55.62,0.1622,#0f0a08,0.8083,90.4257,6.2957,6,0.3633,36.9429,2.6099,1.509,56.11,0.1802,#0d0907,23.821,15.1153,69.38,0.043,#473524,39.7811,26.6758,79.34,0.0469,#725a33,46.5544,27.5071,57.89,0.1831,#916448,70.9728,38.4518,86.68,0.0181,#c8aa67,93.0356,24.2456,98.95,0.0666,#f6ecbd,palette_features_stage6.csv
H08_baseline_seed4242145_00001_.png,baseline,H08,a7cac62587,4242145,H08_baseline_seed4242145_00001_.png,1024,1280,98.6375,0.0607,338.87,0.1493,#fbfbfb,3.6314,2.7185,56.99,0.1777,#120c08,0.8509,89.8166,6.3355,6,0.3218,45.8903,2.4659,1.7263,56.73,0.1804,#0d0806,31.8316,13.3149,61.56,0.0567,#5b4739,46.9478,27.2675,60.59,0.0795,#916648,57.9438,30.1053,81.07,0.1414,#a48757,72.5863,47.6166,84.67,0.0193,#d4ad5a,92.2825,22.9359,98.63,0.061,#f4e9bd,palette_features_stage6.csv
H08_baseline_seed42_00001_.png,baseline,H08,a7cac62587,42,H08_baseline_seed42_00001_.png,1024,1280,98.5485,0.1873,338.8,0.1687,#fbfbfb,2.8378,1.8259,49.87,0.1421,#0e0907,0.8313,89.4009,4.6562,6,0.4204,42.7957,2.2649,1.3511,49.68,0.1524,#0c0706,21.0759,13.8269,62.6,0.0436,#412f21,43.5522,25.7303,53.95,0.187,#895d45,57.8589,30.3969,77.18,0.2334,#a78557,68.7734,44.1468,80.94,0.0175,#cba158,91.6657,27.6269,97.9,0.0659,#f4e8b3,palette_features_stage6.csv
H08_baseline_seed777_00001_.png,baseline,H08,a7cac62587,777,H08_baseline_seed777_00001_.png,1024,1280,98.6985,0.1249,320.48,0.197,#fbfbfb,3.9796,2.7398,53.85,0.1808,#130d09,0.8035,89.7149,4.4891,6,0.3754,43.5511,2.2615,1.2757,42.3,0.18,#0c0706,22.7755,15.8348,70.3,0.0475,#453320,43.7946,26.6044,57.49,0.1198,#895e43,54.1148,28.9599,79.84,0.1954,#9a7d50,76.5548,44.8268,86.53,0.0258,#dcb969,91.9764,24.7066,99.21,0.0659,#f3e9b9,palette_features_stage6.csv
H08_baseline_seed9999_00001_.png,baseline,H08,a7cac62587,9999,H08_baseline_seed9999_00001_.png,1024,1280,98.6551,0.3014,307.13,0.1636,#fbfbfc,4.1334,2.7367,56.39,0.1852,#130d0a,0.8368,90.2455,13.2888,5,0.3464,42.2245,2.1488,1.2485,54.2,0.1656,#0b0705,43.8934,23.4298,58.24,0.165,#865f47,53.2673,14.1669,86.14,0.0559,#8a7e67,56.7384,27.7478,80.72,0.1808,#a08459,70.4667,43.473,83.42,0.0185,#cda75d,92.3943,27.3197,98.9,0.059,#f5eab5,palette_features_stage6.csv
H08_blockshuf_neg_seed1337_00001_.png,blockshuf_neg,H08,a7cac62587,1337,H08_blockshuf_neg_seed1337_00001_.png,1024,1280,99.7584,0.1226,311.51,0.212,#fefefe,4.3056,2.3994,53.72,0.1639,#130e0b,0.7882,88.1366,14.416,5,0.3709,44.7069,3.1248,1.3809,57.2,0.1815,#0e0b09,47.8757,25.0601,42.08,0.1894,#986556,61.9231,18.9239,74.89,0.1004,#aa9276,65.331,46.0877,66.07,0.0507,#d29053,83.0363,38.9227,86.76,0.0436,#ebcb86,91.2614,28.9429,96.94,0.0398,#f4e6af,palette_features_stage6.csv
H08_blockshuf_neg_seed4242145_00001_.png,blockshuf_neg,H08,a7cac62587,4242145,H08_blockshuf_neg_seed4242145_00001_.png,1024,1280,98.686,0.1164,19.63,0.1385,#fbfbfb,4.5828,2.9927,49.46,0.1689,#150e0b,0.8628,87.7304,10.5022,6,0.2778,44.439,2.5819,1.2266,51.52,0.1486,#0c0907,37.1528,31.3106,67.06,0.0254,#764f29,46.7731,26.8335,42.75,0.1292,#976251,70.5575,45.6656,73.87,0.0563,#d9a25c,85.0334,37.7256,91.03,0.0605,#ecd38d,90.3123,24.6124,95.59,0.0351,#f1e3b5,palette_features_stage6.csv
H08_blockshuf_neg_seed42_00001_.png,blockshuf_neg,H08,a7cac62587,42,H08_blockshuf_neg_seed42_00001_.png,1024,1280,98.3,0.2881,69.13,0.1767,#fbfafa,4.5469,3.0639,54.02,0.162,#150e0b,0.8237,86.4182,9.7957,5,0.2847,45.4975,3.4122,2.017,56.01,0.171,#100b08,33.3419,29.9891,64.88,0.0305,#6c4623,36.6188,15.4486,59.11,0.0625,#6a5141,46.2315,30.2534,42.55,0.1136,#9a5e4c,64.5644,47.5145,65.73,0.0257,#d28e4f,89.8304,30.1222,95.04,0.062,#f2e2a9,palette_features_stage6.csv
H08_blockshuf_neg_seed777_00001_.png,blockshuf_neg,H08,a7cac62587,777,H08_blockshuf_neg_seed777_00001_.png,1024,1280,99.0888,0.18,314.9,0.1853,#fdfcfd,2.5906,1.2921,59.34,0.1675,#0c0907,0.8158,89.2427,4.5653,6,0.3894,35.9703,2.162,0.971,59.75,0.1933,#0a0706,25.336,15.4618,72.46,0.0387,#4a3926,48.7757,24.946,44.5,0.0937,#9a6857,61.2318,28.2068,73.81,0.1962,#b18e64,75.9641,36.9412,81.98,0.0268,#dbb678,91.4047,22.8947,96.95,0.0564,#f2e6bb,palette_features_stage6.csv
H08_blockshuf_neg_seed9999_00001_.png,blockshuf_neg,H08,a7cac62587,9999,H08_blockshuf_neg_seed9999_00001_.png,1024,1280,99.5283,0.2202,301.52,0.209,#fefefe,2.3519,1.1167,52.37,0.1861,#0b0806,0.7917,87.4814,4.4704,6,0.3854,43.0088,1.8994,0.7844,54.31,0.2147,#090705,22.7769,13.131,57.57,0.0399,#463226,36.4902,29.9922,67.39,0.0225,#734e29,48.006,25.2537,49.31,0.1707,#966753,65.6897,43.7931,70.69,0.0198,#cd9455,89.3808,29.225,93.64,0.0531,#f2e0a9,palette_features_stage6.csv
H08_blockshuf_pos_seed1337_00001_.png,blockshuf_pos,H08,a7cac62587,1337,H08_blockshuf_pos_seed1337_00001_.png,1024,1280,98.3034,0.1572,265.95,0.1923,#fafafa,2.9103,2.1136,62.98,0.1602,#0f0a06,0.8078,90.8497,8.5731,6,0.3125,33.0815,2.1372,1.4359,65.1,0.169,#0b0705,9.2952,7.484,63.4,0.06,#221810,18.4155,13.501,70.44,0.0473,#392a1b,42.5668,25.4283,69.19,0.0749,#7f5e3e,63.9408,34.5173,84.49,0.1435,#b4975d,92.9869,23.6997,99.69,0.0661,#f5ecbe,palette_features_stage6.csv
H08_blockshuf_pos_seed4242145_00001_.png,blockshuf_pos,H08,a7cac62587,4242145,H08_blockshuf_pos_seed4242145_00001_.png,1024,1280,98.2235,0.0605,162.24,0.1719,#fafafa,2.5762,1.9222,63.38,0.158,#0d0905,0.829,90.3591,11.5856,6,0.3219,35.4741,2.0052,1.4425,65.25,0.1698,#0a0704,41.6014,23.3352,65.59,0.1521,#7c5c40,49.7634,12.7258,87.68,0.0521,#807561,57.9013,32.4986,76.9,0.1345,#a98554,77.3163,36.9166,90.65,0.0121,#d5bd7a,92.3643,25.6558,99.57,0.0619,#f4eab8,palette_features_stage6.csv
H08_blockshuf_pos_seed42_00001_.png,blockshuf_pos,H08,a7cac62587,42,H08_blockshuf_pos_seed42_00001_.png,1024,1280,98.3719,0.0591,244.74,0.1764,#fafafa,3.011,2.1838,60.54,0.1408,#0f0a06,0.8236,91.9487,5.1888,6,0.3428,35.2446,2.3219,1.5869,60.13,0.1525,#0c0805,21.9987,15.0546,70.98,0.0485,#423220,44.9432,25.8983,67.87,0.1903,#866343,63.801,36.8315,83.27,0.1452,#b69659,85.8213,31.5498,94.61,0.0176,#e8d69b,94.2705,19.6718,100.7,0.0474,#f7efc9,palette_features_stage6.csv
H08_blockshuf_pos_seed777_00001_.png,blockshuf_pos,H08,a7cac62587,777,H08_blockshuf_pos_seed777_00001_.png,1024,1280,98.4049,0.041,122.88,0.1876,#fafafa,2.9392,1.8115,61.81,0.1495,#0e0a07,0.813,91.0458,4.1462,6,0.3093,39.6524,2.265,1.2967,61.08,0.1625,#0b0806,20.2246,13.5244,72.2,0.0449,#3d2e1e,46.419,28.6748,74.77,0.1326,#886840,61.8861,33.1678,84.65,0.1468,#ae925b,76.5634,40.9491,89.49,0.0105,#d6ba71,93.3108,24.7552,99.61,0.0634,#f6edbd,palette_features_stage6.csv
H08_blockshuf_pos_seed9999_00001_.png,blockshuf_pos,H08,a7cac62587,9999,H08_blockshuf_pos_seed9999_00001_.png,1024,1280,98.295,0.1825,277.3,0.1971,#fafafa,2.9836,1.9601,59.98,0.1766,#0f0a07,0.8029,91.2214,10.0796,6,0.373,35.4839,2.3754,1.4574,59.38,0.2023,#0c0806,12.2306,8.8664,65.22,0.056,#291e15,23.2959,16.4363,72.12,0.0483,#463420,46.5284,28.5411,73.99,0.1707,#896840,82.4163,36.9413,92.13,0.0174,#e3cc87,93.5968,23.7656,100.26,0.0464,#f6eec0,palette_features_stage6.csv
H08_preset_neg_seed1337_00001_.png,preset_neg,H08,a7cac62587,1337,H08_preset_neg_seed1337_00001_.png,1024,1280,98.2375,0.2827,62.4,0.2415,#fafaf9,4.6544,3.5573,47.69,0.1455,#160e0b,0.7593,89.1562,11.7975,6,0.3205,46.1758,2.6149,1.7761,45.71,0.1476,#0e0806,41.6513,35.6782,67.02,0.038,#86592c,48.5122,29.9171,45.72,0.1729,#9f6550,55.6456,14.0282,67.59,0.0967,#97816f,76.09,47.9518,82.02,0.0337,#e2b563,91.7711,27.4889,97.11,0.0685,#f5e8b3,palette_features_stage6.csv
H08_preset_neg_seed4242145_00001_.png,preset_neg,H08,a7cac62587,4242145,H08_preset_neg_seed4242145_00001_.png,1024,1280,98.2881,0.3738,89.16,0.1846,#fafaf9,4.3639,3.8826,45.99,0.1468,#160d09,0.8173,87.9483,7.4731,6,0.2858,44.7242,2.5925,2.2543,43.84,0.1452,#0f0806,32.8615,28.3813,65.18,0.0298,#6a4525,43.2455,24.5636,39.53,0.1406,#8b5a4d,62.3112,46.9785,65.31,0.0273,#cb884b,80.9106,46.4874,86.92,0.0443,#e9c571,90.5408,25.1121,96.19,0.0697,#f1e4b4,palette_features_stage6.csv
H08_preset_neg_seed42_00001_.png,preset_neg,H08,a7cac62587,42,H08_preset_neg_seed42_00001_.png,1024,1280,98.3401,0.1899,77.31,0.202,#fafafa,4.0761,3.2236,45.28,0.1371,#140d09,0.7987,87.5931,14.5483,5,0.3111,46.2288,2.9365,2.2184,45.02,0.1498,#100907,46.1469,27.4855,42.32,0.1612,#96604f,62.0051,48.4472,69.39,0.0282,#c78944,62.2434,14.9161,79.61,0.0413,#a5947d,82.471,41.2111,88.9,0.0262,#e8ca7f,90.5296,27.83,95.84,0.0632,#f3e4af,palette_features_stage6.csv
H08_preset_neg_seed777_00001_.png,preset_neg,H08,a7cac62587,777,H08_preset_neg_seed777_00001_.png,1024,1280,98.9184,0.0747,326.21,0.2372,#fcfcfc,4.1769,3.3388,49.76,0.1355,#140d09,0.7642,90.4522,15.2976,5,0.2667,50.3799,2.611,1.9796,49.37,0.1495,#0e0806,43.1583,24.1213,43.5,0.1172,#8a5a4b,44.1582,38.6873,68.96,0.037,#8d5e2b,75.9668,52.3594,80.95,0.0327,#e5b35a,85.8168,35.457,91.0,0.0466,#edd593,93.0632,23.4228,98.87,0.0583,#f6ecbf,palette_features_stage6.csv
H08_preset_neg_seed9999_00001_.png,preset_neg,H08,a7cac62587,9999,H08_preset_neg_seed9999_00001_.png,1024,1280,98.9331,0.0902,325.04,0.2248,#fcfcfc,3.2984,2.277,52.69,0.1256,#100b08,0.7768,89.9398,13.5117,5,0.2818,41.9384,2.4504,1.5832,55.07,0.1448,#0d0806,44.0202,26.2822,42.24,0.1369,#8f5b4c,45.301,13.7596,64.33,0.1029,#7d6757,55.8881,31.4984,67.76,0.1328,#a97d54,77.507,43.5216,83.79,0.0306,#e1ba6f,92.3902,20.9862,97.82,0.0915,#f4e9c1,palette_features_stage6.csv
H08_preset_pos_seed1337_00001_.png,preset_pos,H08,a7cac62587,1337,H08_preset_pos_seed1337_00001_.png,1024,1280,98.2072,0.0399,267.99,0.189,#fafafa,2.9783,2.1295,66.14,0.1529,#0f0a06,0.8109,89.6386,11.3415,6,0.4432,43.3115,1.9251,1.2351,69.33,0.1479,#090704,41.1485,14.8318,82.18,0.1081,#6d5f49,46.9312,30.4499,68.74,0.1926,#8f6740,58.8372,33.7805,80.01,0.2505,#aa8853,75.9011,44.5466,87.84,0.0165,#d8b868,91.5637,27.281,96.94,0.0601,#f4e7b3,palette_features_stage6.csv
H08_preset_pos_seed4242145_00001_.png,preset_pos,H08,a7cac62587,4242145,H08_preset_pos_seed4242145_00001_.png,1024,1280,98.2048,0.1548,286.63,0.154,#fafafa,3.1888,2.0874,65.94,0.1688,#0f0b07,0.8463,87.2647,7.424,6,0.4728,39.9127,2.3435,1.4162,67.22,0.1702,#0b0805,32.5911,21.2048,71.65,0.0346,#60482d,46.4376,12.4779,87.59,0.0368,#776d59,54.0598,30.0822,77.99,0.3026,#9c7c4f,70.8292,41.3288,84.9,0.0178,#cba962,89.6082,31.7053,95.1,0.0581,#f2e1a5,palette_features_stage6.csv
H08_preset_pos_seed42_00001_.png,preset_pos,H08,a7cac62587,42,H08_preset_pos_seed42_00001_.png,1024,1280,98.2736,0.1113,309.12,0.157,#fafafa,2.9937,2.1378,62.29,0.1523,#0f0a06,0.8433,90.5277,4.564,6,0.4573,42.9289,2.2074,1.458,65.32,0.1547,#0b0705,20.1443,14.8434,67.35,0.0431,#3f2d1d,43.6152,28.1798,65.54,0.1248,#865f3d,56.7667,34.1467,78.28,0.3026,#a6824e,69.713,44.3868,84.11,0.0216,#caa559,92.7351,26.1569,97.76,0.0517,#f7ebb8,palette_features_stage6.csv
H08_preset_pos_seed777_00001_.png,preset_pos,H08,a7cac62587,777,H08_preset_pos_seed777_00001_.png,1024,1280,98.2874,0.0224,339.49,0.1593,#fafafa,3.3191,2.0674,62.51,0.183,#100b08,0.841,92.1106,7.3774,6,0.3193,39.8346,2.3625,1.3129,61.3,0.1815,#0c0806,20.1474,11.9027,71.28,0.044,#3c2e20,49.1898,28.2651,74.01,0.1378,#906f47,68.8153,41.1475,83.96,0.0216,#c6a35d,88.5332,31.1382,94.73,0.0373,#efdea3,94.4732,22.7087,100.32,0.0322,#f8f0c4,palette_features_stage6.csv
H08_preset_pos_seed9999_00001_.png,preset_pos,H08,a7cac62587,9999,H08_preset_pos_seed9999_00001_.png,1024,1280,98.2335,0.0943,283.04,0.1888,#fafafa,1.9452,1.3261,57.79,0.1908,#0a0604,0.8116,91.4798,10.6274,6,0.3837,33.9987,1.3253,0.821,57.21,0.2109,#070403,10.3287,7.7795,62.91,0.053,#241a13,20.9845,15.0731,69.06,0.0436,#412f1e,46.3572,28.544,66.86,0.1728,#8d6642,82.2567,34.8197,91.36,0.0235,#e2cb8b,92.8052,25.4928,99.13,0.0395,#f5ebba,palette_features_stage6.csv
H08_rand_neg_seed1337_00001_.png,rand_neg,H08,a7cac62587,1337,H08_rand_neg_seed1337_00001_.png,1024,1280,97.4173,0.0734,37.92,0.1907,#f8f7f7,3.4508,2.5728,61.65,0.1366,#110b07,0.8098,89.923,8.0715,6,0.2954,40.1657,2.4579,1.7324,62.87,0.1472,#0d0805,28.7193,16.7801,67.38,0.0452,#55402c,45.5946,28.1384,58.64,0.1482,#8f6244,56.8974,41.8981,73.16,0.0194,#b07f42,84.9165,35.4156,92.43,0.0367,#e9d391,92.3809,21.5889,98.75,0.0373,#f3eac0,palette_features_stage6.csv
H08_rand_neg_seed4242145_00001_.png,rand_neg,H08,a7cac62587,4242145,H08_rand_neg_seed4242145_00001_.png,1024,1280,97.6371,0.1807,52.76,0.1589,#f9f8f8,3.3621,2.1909,58.66,0.1422,#100b08,0.8412,87.8188,6.6997,5,0.3359,42.2253,2.3199,1.2977,56.95,0.1407,#0b0806,22.7181,14.2435,68.87,0.0391,#443323,43.7896,27.3836,60.38,0.1952,#885e41,48.2984,34.5352,73.36,0.0289,#926b3a,66.8596,43.523,82.08,0.0169,#c49d54,90.1387,26.2809,97.84,0.055,#efe3b1,palette_features_stage6.csv
H08_rand_neg_seed42_00001_.png,rand_neg,H08,a7cac62587,42,H08_rand_neg_seed42_00001_.png,1024,1280,97.5193,0.24,29.76,0.1638,#f8f8f8,4.0344,2.8755,59.23,0.1473,#130d09,0.8355,88.6969,4.8411,6,0.3845,45.6788,2.62,1.567,60.2,0.1396,#0d0906,22.8215,15.739,65.9,0.0419,#463221,42.8969,30.4103,56.11,0.1726,#8b5a3c,58.4884,30.5036,76.16,0.2118,#aa8759,67.9192,47.2458,82.61,0.0216,#c89f4f,91.3168,22.7183,96.15,0.0646,#f3e6bb,palette_features_stage6.csv
H08_rand_neg_seed777_00001_.png,rand_neg,H08,a7cac62587,777,H08_rand_neg_seed777_00001_.png,1024,1280,97.3188,0.1992,352.85,0.2195,#f8f7f7,3.6995,2.5586,62.76,0.148,#110c08,0.7842,87.6706,13.225,5,0.3333,46.8135,2.583,1.6074,62.93,0.1621,#0d0906,41.9742,35.8868,75.92,0.0241,#805d28,42.7542,23.8824,55.45,0.1712,#845c45,64.6688,48.4208,77.8,0.0397,#c59446,82.5561,42.3086,89.42,0.0486,#e9cb7d,90.2536,27.8741,97.96,0.0499,#f0e4ae,palette_features_stage6.csv
H08_rand_neg_seed9999_00001_.png,rand_neg,H08,a7cac62587,9999,H08_rand_neg_seed9999_00001_.png,1024,1280,97.2554,0.6781,69.78,0.1794,#f8f7f6,3.1552,2.2439,58.79,0.1324,#100a07,0.8258,88.3868,11.2141,5,0.3032,49.3191,2.4681,1.6639,58.14,0.146,#0d0806,39.2216,25.1432,60.34,0.1572,#7a5439,50.4243,37.9401,74.64,0.0369,#997039,67.3539,50.983,79.06,0.0291,#cd9c47,87.8263,34.6893,95.4,0.0742,#eedc9a,90.8549,19.8193,96.23,0.0192,#f0e5bf,palette_features_stage6.csv
H08_rand_pos_seed1337_00001_.png,rand_pos,H08,a7cac62587,1337,H08_rand_pos_seed1337_00001_.png,1024,1280,99.4688,0.1574,255.75,0.2098,#fdfdfe,3.1679,2.1802,47.02,0.1534,#100a08,0.7908,89.29,12.2446,6,0.338,43.1613,2.7491,1.8407,46.69,0.1815,#0e0907,43.3822,13.7416,68.43,0.0825,#776352,50.7797,28.65,47.99,0.1565,#a26c56,63.4333,27.6567,75.87,0.1134,#b5946a,71.8556,45.002,80.05,0.0206,#d6a95e,92.039,31.1577,97.61,0.0835,#f7e9ad,palette_features_stage6.csv
H08_rand_pos_seed4242145_00001_.png,rand_pos,H08,a7cac62587,4242145,H08_rand_pos_seed4242145_00001_.png,1024,1280,99.5638,0.1883,253.73,0.1619,#fdfefe,2.8113,1.9628,48.36,0.1651,#0f0907,0.8385,90.1023,4.2765,6,0.3471,45.7772,2.1566,1.4508,47.46,0.1755,#0c0705,23.7441,16.4135,65.48,0.0468,#493422,48.3504,30.1323,46.7,0.0523,#9e654f,63.1306,28.9231,76.66,0.1717,#b59367,77.004,47.228,83.68,0.0225,#e2b866,92.259,30.4148,98.91,0.0855,#f6eaaf,palette_features_stage6.csv
H08_rand_pos_seed42_00001_.png,rand_pos,H08,a7cac62587,42,H08_rand_pos_seed42_00001_.png,1024,1280,99.6053,0.1592,277.72,0.1678,#fefefe,3.4525,2.5002,50.1,0.1652,#110b08,0.8325,91.0876,14.6751,5,0.3584,38.0609,2.4286,1.5754,50.0,0.1737,#0d0806,48.7419,27.3631,49.65,0.1847,#9b6851,59.8256,13.622,85.82,0.0375,#9b8f78,64.1175,29.1116,77.15,0.1214,#b89669,81.8036,39.6363,87.15,0.0306,#e8c881,93.5161,28.7291,98.99,0.0722,#f9edb6,palette_features_stage6.csv
H08_rand_pos_seed777_00001_.png,rand_pos,H08,a7cac62587,777,H08_rand_pos_seed777_00001_.png,1024,1280,99.7926,0.0619,162.61,0.2199,#fefefe,3.9191,2.5304,55.48,0.1839,#120d09,0.7806,93.0032,12.1342,6,0.3712,45.4475,2.451,1.4012,54.67,0.1974,#0c0806,41.8601,33.6641,75.05,0.0343,#7f5c2c,49.1239,27.5839,53.71,0.1738,#9a6a50,54.9008,13.1082,83.03,0.061,#8f826d,76.6962,46.8487,84.53,0.0239,#e0b866,95.4542,24.0155,101.77,0.0525,#faf3c4,palette_features_stage6.csv
H08_rand_pos_seed9999_00001_.png,rand_pos,H08,a7cac62587,9999,H08_rand_pos_seed9999_00001_.png,1024,1280,99.7351,0.1304,289.35,0.2262,#fefefe,3.0999,1.8577,47.16,0.1792,#0f0a08,0.7746,89.2972,8.1835,6,0.3036,42.264,2.4455,1.3216,48.47,0.2051,#0c0807,34.9441,27.178,72.58,0.0291,#6a4c29,45.0916,23.2783,49.09,0.0985,#8c614e,55.9382,11.8181,82.47,0.0603,#918472,76.2783,43.5856,84.0,0.0192,#ddb76b,91.7427,28.1085,96.27,0.0741,#f6e7b2,palette_features_stage6.csv
F1_baseline_seed4242145_00001_.png,baseline,F1,7e8536f9bb,4242145,renders/F1_baseline_seed4242145_00001_.png,1024,1280,99.014,0.1887,82.63,0.094,#fcfcfc,0.6676,0.4702,358.0,0.4065,#040202,0.9099,72.5699,11.5211,5,0.6019,63.398,0.5297,0.3523,353.46,0.4372,#030202,36.8638,21.5497,17.37,0.1646,#794a4d,49.2457,43.1796,26.44,0.0138,#b85857,51.7088,15.6959,43.33,0.1037,#957469,60.3271,63.7503,29.05,0.0615,#f3615e,73.0996,0.7297,229.66,0.0099,#b2b4b4,palette_features_stage4_preset.csv
F1_baseline_seed42_00001_.png,baseline,F1,7e8536f9bb,42,renders/F1_baseline_seed42_00001_.png,1024,1280,99.2292,0.1788,336.71,0.0915,#fdfdfd,0.7746,1.0743,16.95,0.3761,#060202,0.9092,68.6069,7.1685,5,0.4926,64.3931,0.5544,0.6963,17.46,0.3902,#040102,23.8241,35.9418,31.55,0.0214,#66221e,27.6847,19.5651,13.29,0.0342,#5f363b,48.2099,46.7178,27.54,0.0096,#b95250,57.9207,65.0894,29.96,0.1024,#ed5a56,69.1613,3.8037,15.06,0.0124,#b1a7a7,palette_features_stage4_preset.csv
F1_baseline_seed1337_00001_.png,baseline,F1,7e8536f9bb,1337,renders/F1_baseline_seed1337_00001_.png,1024,1280,98.6026,0.3402,6.34,0.1245,#fcfbfb,0.8484,0.8752,17.21,0.3469,#060203,0.8804,72.2348,7.3107,5,0.5239,62.5397,0.6596,0.5899,18.73,0.3701,#040202,23.4756,30.1998,28.31,0.0278,#602524,40.7624,38.7827,28.1,0.0171,#994744,41.5653,22.8947,24.27,0.1538,#875554,57.2138,63.1297,28.94,0.0727,#e85957,72.8944,6.8923,10.55,0.0103,#c1afb1,palette_features_stage4_preset.csv
F1_baseline_seed777_00001_.png,baseline,F1,7e8536f9bb,777,renders/F1_baseline_seed777_00001_.png,1024,1280,99.4734,0.1727,11.71,0.1035,#fefdfd,0.7441,0.5751,5.3,0.3991,#040203,0.8985,67.1307,5.8594,6,0.5722,69.7344,0.521,0.3282,359.03,0.4244,#030202,13.4723,23.2341,25.38,0.0166,#3f1516,21.342,10.5136,2.04,0.03,#422e33,46.0044,15.5088,28.25,0.1478,#886461,56.2093,70.0626,30.84,0.0213,#ed4f4c,67.6517,46.099,27.47,0.0659,#f28681,palette_features_stage4_preset.csv
F1_baseline_seed9999_00001_.png,baseline,F1,7e8536f9bb,9999,renders/F1_baseline_seed9999_00001_.png,1024,1280,96.3139,0.4102,96.74,0.0421,#f5f4f4,0.6686,0.7987,14.12,0.3692,#050202,0.9635,78.6591,13.8348,5,0.5774,62.8877,0.5014,0.5856,14.29,0.369,#030102,40.3848,34.7022,20.81,0.0231,#94484d,48.8964,50.2765,26.98,0.0155,#c05050,50.3741,18.4722,38.07,0.2084,#976e65,57.1905,63.4733,29.91,0.0615,#e85a55,79.1605,3.2913,89.3,0.0066,#c7c4be,palette_features_stage4_preset.csv
F2_baseline_seed4242145_00001_.png,baseline,F2,ecdd49e618,4242145,renders/F2_baseline_seed4242145_00001_.png,1024,1280,99.5643,0.2745,218.61,0.2297,#fdfefe,1.1767,0.2202,180.63,0.0962,#040404,0.7705,76.5128,7.4897,5,0.2816,29.4712,0.7421,0.0687,154.54,0.1177,#030303,23.1318,7.3209,193.48,0.0159,#293a39,33.683,18.38,209.29,0.0313,#1e575d,36.614,4.9631,228.76,0.0203,#4d585c,58.394,29.5399,197.79,0.0098,#359a9b,77.255,14.0117,201.89,0.1639,#9ec6c8,palette_features_stage4_preset.csv
F2_baseline_seed42_00001_.png,baseline,F2,ecdd49e618,42,renders/F2_baseline_seed42_00001_.png,1024,1280,99.2598,0.6645,207.78,0.2092,#fbfdfd,1.5786,0.3796,189.76,0.1066,#050606,0.7913,79.7847,9.6706,5,0.7083,23.2472,0.8641,0.1519,194.19,0.1252,#030303,30.2151,13.9428,217.53,0.0504,#274d54,44.8724,8.6536,185.67,0.5831,#596e6b,57.0074,8.6407,72.56,0.0158,#93877b,57.9266,23.3991,195.64,0.0144,#509795,80.6488,15.4302,175.18,0.0221,#a9d1c5,palette_features_stage4_preset.csv
F2_baseline_seed1337_00001_.png,baseline,F2,ecdd49e618,1337,renders/F2_baseline_seed1337_00001_.png,1024,1280,99.2763,0.2842,199.58,0.2116,#fcfdfd,2.2922,0.2605,160.88,0.1194,#080908,0.7894,80.2598,6.5226,6,0.1838,28.3606,1.3504,0.1921,51.47,0.138,#050505,29.8096,14.7537,215.4,0.0458,#234c53,42.9207,19.6198,185.76,0.0209,#396e68,54.8876,28.5527,192.37,0.0179,#33918d,71.3285,14.2217,63.89,0.0098,#c3aa98,81.6102,8.4105,151.89,0.0276,#bfcfc3,palette_features_stage4_preset.csv
F2_baseline_seed777_00001_.png,baseline,F2,ecdd49e618,777,renders/F2_baseline_seed777_00001_.png,1024,1280,99.5505,0.3221,217.41,0.2376,#fdfefe,1.8225,0.1612,174.7,0.1134,#060707,0.7642,81.2888,10.5796,5,0.2336,30.4541,1.131,0.1105,28.74,0.1399,#040404,35.6152,6.9815,204.24,0.0759,#465758,55.3365,30.5646,194.57,0.0161,#279391,69.7917,19.2998,197.02,0.0937,#7cb5b4,73.4196,8.0822,137.84,0.0209,#adb7aa,82.4198,12.6642,188.54,0.0333,#b1d4d0,palette_features_stage4_preset.csv
F2_baseline_seed9999_00001_.png,baseline,F2,ecdd49e618,9999,renders/F2_baseline_seed9999_00001_.png,1024,1280,99.7971,0.2695,290.96,0.204,#fefeff,2.0742,0.0694,76.12,0.0932,#080807,0.7697,84.1199,8.1082,6,0.2117,27.6676,1.2637,0.3608,30.36,0.1118,#060404,25.7446,12.9653,216.41,0.039,#1f4248,52.4134,28.0284,193.66,0.0101,#2d8a88,69.5667,16.5456,198.46,0.0999,#83b3b3,74.8217,23.0566,189.62,0.0548,#80c4be,85.3836,10.8712,189.13,0.0043,#bddcd8,palette_features_stage4_preset.csv
F3_baseline_seed4242145_00001_.png,baseline,F3,83301f8591,4242145,renders/F3_baseline_seed4242145_00001_.png,1024,1280,99.8198,0.0102,345.22,0.1956,#fefefe,0.9991,1.3225,34.83,0.1373,#070302,0.8043,86.7366,4.7337,6,0.2267,69.6065,0.5981,0.6866,33.3,0.1584,#040201,16.9128,21.9658,45.14,0.0218,#432014,31.8835,43.5347,43.57,0.0683,#7f331d,56.1778,70.2931,46.93,0.0262,#e05e2d,66.7161,55.1304,54.02,0.0498,#eb8953,87.3346,26.5671,79.97,0.0227,#f6d6aa,palette_features_stage4_preset.csv
F3_baseline_seed42_00001_.png,baseline,F3,83301f8591,42,renders/F3_baseline_seed42_00001_.png,1024,1280,99.7275,0.0743,291.17,0.1936,#fefefe,1.1967,1.5591,42.78,0.1295,#090302,0.807,81.539,7.8937,6,0.5048,69.0576,0.7959,1.0034,43.88,0.1505,#060201,9.6141,12.5704,43.25,0.0233,#2a160e,40.5388,30.4959,38.26,0.3357,#8c4f42,50.9595,70.061,46.13,0.0312,#d05022,64.8612,50.1484,53.74,0.0519,#e08756,82.3349,28.1355,61.66,0.1692,#f5c39f,palette_features_stage4_preset.csv
F3_baseline_seed1337_00001_.png,baseline,F3,83301f8591,1337,renders/F3_baseline_seed1337_00001_.png,1024,1280,99.707,0.1452,301.09,0.2084,#fefefe,1.815,2.0146,34.14,0.1344,#0c0504,0.7921,86.0474,10.5719,6,0.3866,75.0607,0.95,1.0056,30.1,0.1544,#060302,35.1284,14.174,11.19,0.2322,#6a4a4f,44.7655,62.848,50.0,0.0376,#b24917,55.6412,76.0663,48.52,0.0162,#e25a1f,62.1343,49.8123,51.45,0.0766,#d97f52,86.9974,22.9715,67.41,0.075,#fad3b2,palette_features_stage4_preset.csv
F3_baseline_seed777_00001_.png,baseline,F3,83301f8591,777,renders/F3_baseline_seed777_00001_.png,1024,1280,99.8939,0.036,87.55,0.2294,#ffffff,0.9797,1.242,37.82,0.1222,#070302,0.7717,87.5157,10.5441,5,0.4377,75.3395,0.6673,0.7894,37.02,0.1514,#050201,12.3265,15.5874,43.4,0.0256,#321a12,43.682,30.0775,36.87,0.2863,#94574b,60.4676,76.1289,47.92,0.0267,#f2662d,62.0217,49.0054,50.07,0.0643,#d97e55,88.183,28.9693,77.34,0.0379,#fdd7a8,palette_features_stage4_preset.csv
F3_baseline_seed9999_00001_.png,baseline,F3,83301f8591,9999,renders/F3_baseline_seed9999_00001_.png,1024,1280,99.845,0.0485,319.27,0.149,#ffffff,1.4999,1.1897,16.4,0.1764,#090505,0.8509,85.225,10.3941,5,0.4982,64.8435,1.1479,0.7768,7.18,0.1993,#060404,26.0701,38.0654,46.62,0.017,#692b14,29.8624,18.7928,285.04,0.299,#3e4562,59.7013,65.6202,46.76,0.0621,#e66b3d,65.577,51.6859,53.43,0.0452,#e48856,86.3729,18.2586,61.81,0.1213,#f4d2ba,palette_features_stage4_preset.csv
F4_baseline_seed4242145_00001_.png,baseline,F4,d96b69d21c,4242145,renders/F4_baseline_seed4242145_00001_.png,1024,1280,99.5378,0.3485,278.35,0.2287,#fdfefe,3.7629,1.1737,269.14,0.1399,#0c0e10,0.7719,73.4422,9.8021,5,0.2917,28.4144,2.4969,0.6606,272.12,0.1492,#08090b,21.6416,13.0212,261.99,0.0427,#243647,52.2966,15.6804,298.33,0.1425,#7e7a94,54.4347,12.337,127.27,0.0783,#7c8571,62.2612,29.075,259.4,0.0126,#669cc9,75.9391,22.9512,252.83,0.1201,#93c1e3,palette_features_stage4_preset.csv
F4_baseline_seed42_00001_.png,baseline,F4,d96b69d21c,42,renders/F4_baseline_seed42_00001_.png,1024,1280,99.8308,0.1715,275.74,0.2516,#feffff,5.349,0.9675,265.61,0.1254,#111213,0.7466,78.6907,16.9057,4,0.3019,24.3214,3.4761,0.403,283.37,0.1393,#0c0c0d,50.1456,24.7243,237.0,0.0212,#3a7f9a,53.0671,13.0123,120.32,0.116,#7b816b,53.362,16.8841,289.19,0.1626,#7b7e9b,62.0227,10.54,172.41,0.088,#829b93,82.1668,17.8032,223.33,0.0324,#a2d5e3,palette_features_stage4_preset.csv
F4_baseline_seed1337_00001_.png,baseline,F4,d96b69d21c,1337,renders/F4_baseline_seed1337_00001_.png,1024,1280,99.6587,0.3418,276.92,0.1534,#fefeff,4.8541,1.5787,268.88,0.1734,#0f1113,0.8466,77.4625,6.2893,6,0.2722,27.6287,3.2892,0.856,273.8,0.1741,#0b0c0e,30.3332,20.5014,264.72,0.0735,#2b4a67,42.5382,17.1592,302.55,0.0339,#68607c,58.2247,28.4846,248.76,0.016,#4f93ba,66.5112,11.0828,165.38,0.03,#8fa79c,80.7518,21.4146,240.2,0.0981,#9bd0eb,palette_features_stage4_preset.csv
F4_baseline_seed777_00001_.png,baseline,F4,d96b69d21c,777,renders/F4_baseline_seed777_00001_.png,1024,1280,99.9304,0.0574,255.19,0.2459,#ffffff,2.5503,1.13,261.96,0.1013,#080a0c,0.7555,83.3707,12.0139,5,0.2755,29.9717,2.2643,0.7738,260.14,0.1286,#07080a,14.0626,11.3505,263.29,0.036,#162533,47.2335,30.7455,251.66,0.0217,#2677a1,48.9962,19.0235,284.56,0.081,#6c7393,57.366,10.8453,169.39,0.1469,#778f86,85.635,16.605,232.05,0.0885,#b2ddee,palette_features_stage4_preset.csv
F4_baseline_seed9999_00001_.png,baseline,F4,d96b69d21c,9999,renders/F4_baseline_seed9999_00001_.png,1024,1280,98.4598,0.2961,265.29,0.1059,#fafbfb,3.4095,0.8789,267.15,0.1592,#0b0c0e,0.8962,78.1505,8.7237,5,0.2561,22.969,2.7609,0.534,267.86,0.1606,#090a0b,33.1404,18.2127,267.92,0.0258,#39506a,46.4977,17.055,291.16,0.0724,#6b6c89,62.9683,8.4921,162.09,0.0288,#8b9d93,66.0907,23.503,249.71,0.0187,#74a7c8,80.9113,19.3233,243.42,0.0955,#a3cfe9,palette_features_stage4_preset.csv
