row_index,type,condition,draw,preset_file,prompt_id,prompt_sha1,seed,sampler,scheduler,steps,cfg,denoise,width,height,expected_filename,prompt_text
1,baseline,baseline,0,,S2_watercolor,aded1ad92b,42,euler_ancestral,simple,9,1.0,1.0,1024,1280,S2_watercolor_baseline_seed42_00001_.png,"Style: watercolor painting, soft colors, wet-on-wet washes, visible paper grain. Subject: a yellow and blue rally car cruising in a deep jungle, uneven street, daylight, lush plants, humidity, reflective ponds."
2,baseline,baseline,0,,S2_watercolor,aded1ad92b,777,euler_ancestral,simple,9,1.0,1.0,1024,1280,S2_watercolor_baseline_seed777_00001_.png,"Style: watercolor painting, soft colors, wet-on-wet washes, visible paper grain. Subject: a yellow and blue rally car cruising in a deep jungle, uneven street, daylight, lush plants, humidity, reflective ponds."
3,baseline,baseline,0,,S2_watercolor,aded1ad92b,1337,euler_ancestral,simple,9,1.0,1.0,1024,1280,S2_watercolor_baseline_seed1337_00001_.png,"Style: watercolor painting, soft colors, wet-on-wet washes, visible paper grain. Subject: a yellow and blue rally car cruising in a deep jungle, uneven street, daylight, lush plants, humidity, reflective ponds."
4,baseline,baseline,0,,S3_lowpoly,eb2c25425b,42,euler_ancestral,simple,9,1.0,1.0,1024,1280,S3_lowpoly_baseline_seed42_00001_.png,"Style: lowpoly 3D, retro videogame artstyle, flat shaded polygons, faceted geometry. Subject: a yellow and blue rally car cruising in a deep jungle, uneven street, daylight, lush plants, humidity, reflective ponds."
5,baseline,baseline,0,,S3_lowpoly,eb2c25425b,777,euler_ancestral,simple,9,1.0,1.0,1024,1280,S3_lowpoly_baseline_seed777_00001_.png,"Style: lowpoly 3D, retro videogame artstyle, flat shaded polygons, faceted geometry. Subject: a yellow and blue rally car cruising in a deep jungle, uneven street, daylight, lush plants, humidity, reflective ponds."
6,baseline,baseline,0,,S3_lowpoly,eb2c25425b,1337,euler_ancestral,simple,9,1.0,1.0,1024,1280,S3_lowpoly_baseline_seed1337_00001_.png,"Style: lowpoly 3D, retro videogame artstyle, flat shaded polygons, faceted geometry. Subject: a yellow and blue rally car cruising in a deep jungle, uneven street, daylight, lush plants, humidity, reflective ponds."
7,baseline,baseline,0,,S4_claymation,47e50abd86,42,euler_ancestral,simple,9,1.0,1.0,1024,1280,S4_claymation_baseline_seed42_00001_.png,"Style: claymation, stop-motion animation, plasticine textures, tactile studio lighting. Subject: a yellow and blue rally car cruising in a deep jungle, uneven street, daylight, lush plants, humidity, reflective ponds."
8,baseline,baseline,0,,S4_claymation,47e50abd86,777,euler_ancestral,simple,9,1.0,1.0,1024,1280,S4_claymation_baseline_seed777_00001_.png,"Style: claymation, stop-motion animation, plasticine textures, tactile studio lighting. Subject: a yellow and blue rally car cruising in a deep jungle, uneven street, daylight, lush plants, humidity, reflective ponds."
9,baseline,baseline,0,,S4_claymation,47e50abd86,1337,euler_ancestral,simple,9,1.0,1.0,1024,1280,S4_claymation_baseline_seed1337_00001_.png,"Style: claymation, stop-motion animation, plasticine textures, tactile studio lighting. Subject: a yellow and blue rally car cruising in a deep jungle, uneven street, daylight, lush plants, humidity, reflective ponds."
10,baseline,baseline,0,,S5_ukiyoe,831f2d868c,42,euler_ancestral,simple,9,1.0,1.0,1024,1280,S5_ukiyoe_baseline_seed42_00001_.png,"Style: traditional Japanese woodblock print, ukiyo-e, flat ink colors, intricate line work, vintage paper texture. Subject: a yellow and blue rally car cruising in a deep jungle, uneven street, daylight, lush plants, humidity, reflective ponds."
11,baseline,baseline,0,,S5_ukiyoe,831f2d868c,777,euler_ancestral,simple,9,1.0,1.0,1024,1280,S5_ukiyoe_baseline_seed777_00001_.png,"Style: traditional Japanese woodblock print, ukiyo-e, flat ink colors, intricate line work, vintage paper texture. Subject: a yellow and blue rally car cruising in a deep jungle, uneven street, daylight, lush plants, humidity, reflective ponds."
12,baseline,baseline,0,,S5_ukiyoe,831f2d868c,1337,euler_ancestral,simple,9,1.0,1.0,1024,1280,S5_ukiyoe_baseline_seed1337_00001_.png,"Style: traditional Japanese woodblock print, ukiyo-e, flat ink colors, intricate line work, vintage paper texture. Subject: a yellow and blue rally car cruising in a deep jungle, uneven street, daylight, lush plants, humidity, reflective ponds."
13,baseline,baseline,0,,S6_pixel,b369f4266a,42,euler_ancestral,simple,9,1.0,1.0,1024,1280,S6_pixel_baseline_seed42_00001_.png,"Style: 8-bit pixel art, retro arcade graphics, crisp blocky edges, limited color palette. Subject: a yellow and blue rally car cruising in a deep jungle, uneven street, daylight, lush plants, humidity, reflective ponds."
14,baseline,baseline,0,,S6_pixel,b369f4266a,777,euler_ancestral,simple,9,1.0,1.0,1024,1280,S6_pixel_baseline_seed777_00001_.png,"Style: 8-bit pixel art, retro arcade graphics, crisp blocky edges, limited color palette. Subject: a yellow and blue rally car cruising in a deep jungle, uneven street, daylight, lush plants, humidity, reflective ponds."
15,baseline,baseline,0,,S6_pixel,b369f4266a,1337,euler_ancestral,simple,9,1.0,1.0,1024,1280,S6_pixel_baseline_seed1337_00001_.png,"Style: 8-bit pixel art, retro arcade graphics, crisp blocky edges, limited color palette. Subject: a yellow and blue rally car cruising in a deep jungle, uneven street, daylight, lush plants, humidity, reflective ponds."
16,baseline,baseline,0,,S7_glass,80cb4b3354,42,euler_ancestral,simple,9,1.0,1.0,1024,1280,S7_glass_baseline_seed42_00001_.png,"Style: stained glass window mosaic, vibrant translucent glass pieces, thick dark lead outlines, back-illuminated. Subject: a yellow and blue rally car cruising in a deep jungle, uneven street, daylight, lush plants, humidity, reflective ponds."
17,baseline,baseline,0,,S7_glass,80cb4b3354,777,euler_ancestral,simple,9,1.0,1.0,1024,1280,S7_glass_baseline_seed777_00001_.png,"Style: stained glass window mosaic, vibrant translucent glass pieces, thick dark lead outlines, back-illuminated. Subject: a yellow and blue rally car cruising in a deep jungle, uneven street, daylight, lush plants, humidity, reflective ponds."
18,baseline,baseline,0,,S7_glass,80cb4b3354,1337,euler_ancestral,simple,9,1.0,1.0,1024,1280,S7_glass_baseline_seed1337_00001_.png,"Style: stained glass window mosaic, vibrant translucent glass pieces, thick dark lead outlines, back-illuminated. Subject: a yellow and blue rally car cruising in a deep jungle, uneven street, daylight, lush plants, humidity, reflective ponds."
19,baseline,baseline,0,,S8_charcoal,eda77bf9e8,42,euler_ancestral,simple,9,1.0,1.0,1024,1280,S8_charcoal_baseline_seed42_00001_.png,"Style: rough charcoal sketch, monochromatic, aggressive smudged strokes, high contrast black and white. Subject: a yellow and blue rally car cruising in a deep jungle, uneven street, daylight, lush plants, humidity, reflective ponds."
20,baseline,baseline,0,,S8_charcoal,eda77bf9e8,777,euler_ancestral,simple,9,1.0,1.0,1024,1280,S8_charcoal_baseline_seed777_00001_.png,"Style: rough charcoal sketch, monochromatic, aggressive smudged strokes, high contrast black and white. Subject: a yellow and blue rally car cruising in a deep jungle, uneven street, daylight, lush plants, humidity, reflective ponds."
21,baseline,baseline,0,,S8_charcoal,eda77bf9e8,1337,euler_ancestral,simple,9,1.0,1.0,1024,1280,S8_charcoal_baseline_seed1337_00001_.png,"Style: rough charcoal sketch, monochromatic, aggressive smudged strokes, high contrast black and white. Subject: a yellow and blue rally car cruising in a deep jungle, uneven street, daylight, lush plants, humidity, reflective ponds."
22,perturbation,early_attn,1,Arthemy_Atlas_early_attn_draw1.json,S2_watercolor,aded1ad92b,42,euler_ancestral,simple,9,1.0,1.0,1024,1280,S2_watercolor_Arthemy_Atlas_early_attn_draw1_seed42_00001_.png,"Style: watercolor painting, soft colors, wet-on-wet washes, visible paper grain. Subject: a yellow and blue rally car cruising in a deep jungle, uneven street, daylight, lush plants, humidity, reflective ponds."
23,perturbation,early_attn,1,Arthemy_Atlas_early_attn_draw1.json,S2_watercolor,aded1ad92b,777,euler_ancestral,simple,9,1.0,1.0,1024,1280,S2_watercolor_Arthemy_Atlas_early_attn_draw1_seed777_00001_.png,"Style: watercolor painting, soft colors, wet-on-wet washes, visible paper grain. Subject: a yellow and blue rally car cruising in a deep jungle, uneven street, daylight, lush plants, humidity, reflective ponds."
24,perturbation,early_attn,1,Arthemy_Atlas_early_attn_draw1.json,S2_watercolor,aded1ad92b,1337,euler_ancestral,simple,9,1.0,1.0,1024,1280,S2_watercolor_Arthemy_Atlas_early_attn_draw1_seed1337_00001_.png,"Style: watercolor painting, soft colors, wet-on-wet washes, visible paper grain. Subject: a yellow and blue rally car cruising in a deep jungle, uneven street, daylight, lush plants, humidity, reflective ponds."
25,perturbation,early_attn,1,Arthemy_Atlas_early_attn_draw1.json,S3_lowpoly,eb2c25425b,42,euler_ancestral,simple,9,1.0,1.0,1024,1280,S3_lowpoly_Arthemy_Atlas_early_attn_draw1_seed42_00001_.png,"Style: lowpoly 3D, retro videogame artstyle, flat shaded polygons, faceted geometry. Subject: a yellow and blue rally car cruising in a deep jungle, uneven street, daylight, lush plants, humidity, reflective ponds."
26,perturbation,early_attn,1,Arthemy_Atlas_early_attn_draw1.json,S3_lowpoly,eb2c25425b,777,euler_ancestral,simple,9,1.0,1.0,1024,1280,S3_lowpoly_Arthemy_Atlas_early_attn_draw1_seed777_00001_.png,"Style: lowpoly 3D, retro videogame artstyle, flat shaded polygons, faceted geometry. Subject: a yellow and blue rally car cruising in a deep jungle, uneven street, daylight, lush plants, humidity, reflective ponds."
27,perturbation,early_attn,1,Arthemy_Atlas_early_attn_draw1.json,S3_lowpoly,eb2c25425b,1337,euler_ancestral,simple,9,1.0,1.0,1024,1280,S3_lowpoly_Arthemy_Atlas_early_attn_draw1_seed1337_00001_.png,"Style: lowpoly 3D, retro videogame artstyle, flat shaded polygons, faceted geometry. Subject: a yellow and blue rally car cruising in a deep jungle, uneven street, daylight, lush plants, humidity, reflective ponds."
28,perturbation,early_attn,1,Arthemy_Atlas_early_attn_draw1.json,S4_claymation,47e50abd86,42,euler_ancestral,simple,9,1.0,1.0,1024,1280,S4_claymation_Arthemy_Atlas_early_attn_draw1_seed42_00001_.png,"Style: claymation, stop-motion animation, plasticine textures, tactile studio lighting. Subject: a yellow and blue rally car cruising in a deep jungle, uneven street, daylight, lush plants, humidity, reflective ponds."
29,perturbation,early_attn,1,Arthemy_Atlas_early_attn_draw1.json,S4_claymation,47e50abd86,777,euler_ancestral,simple,9,1.0,1.0,1024,1280,S4_claymation_Arthemy_Atlas_early_attn_draw1_seed777_00001_.png,"Style: claymation, stop-motion animation, plasticine textures, tactile studio lighting. Subject: a yellow and blue rally car cruising in a deep jungle, uneven street, daylight, lush plants, humidity, reflective ponds."
30,perturbation,early_attn,1,Arthemy_Atlas_early_attn_draw1.json,S4_claymation,47e50abd86,1337,euler_ancestral,simple,9,1.0,1.0,1024,1280,S4_claymation_Arthemy_Atlas_early_attn_draw1_seed1337_00001_.png,"Style: claymation, stop-motion animation, plasticine textures, tactile studio lighting. Subject: a yellow and blue rally car cruising in a deep jungle, uneven street, daylight, lush plants, humidity, reflective ponds."
31,perturbation,early_attn,1,Arthemy_Atlas_early_attn_draw1.json,S5_ukiyoe,831f2d868c,42,euler_ancestral,simple,9,1.0,1.0,1024,1280,S5_ukiyoe_Arthemy_Atlas_early_attn_draw1_seed42_00001_.png,"Style: traditional Japanese woodblock print, ukiyo-e, flat ink colors, intricate line work, vintage paper texture. Subject: a yellow and blue rally car cruising in a deep jungle, uneven street, daylight, lush plants, humidity, reflective ponds."
32,perturbation,early_attn,1,Arthemy_Atlas_early_attn_draw1.json,S5_ukiyoe,831f2d868c,777,euler_ancestral,simple,9,1.0,1.0,1024,1280,S5_ukiyoe_Arthemy_Atlas_early_attn_draw1_seed777_00001_.png,"Style: traditional Japanese woodblock print, ukiyo-e, flat ink colors, intricate line work, vintage paper texture. Subject: a yellow and blue rally car cruising in a deep jungle, uneven street, daylight, lush plants, humidity, reflective ponds."
33,perturbation,early_attn,1,Arthemy_Atlas_early_attn_draw1.json,S5_ukiyoe,831f2d868c,1337,euler_ancestral,simple,9,1.0,1.0,1024,1280,S5_ukiyoe_Arthemy_Atlas_early_attn_draw1_seed1337_00001_.png,"Style: traditional Japanese woodblock print, ukiyo-e, flat ink colors, intricate line work, vintage paper texture. Subject: a yellow and blue rally car cruising in a deep jungle, uneven street, daylight, lush plants, humidity, reflective ponds."
34,perturbation,early_attn,1,Arthemy_Atlas_early_attn_draw1.json,S6_pixel,b369f4266a,42,euler_ancestral,simple,9,1.0,1.0,1024,1280,S6_pixel_Arthemy_Atlas_early_attn_draw1_seed42_00001_.png,"Style: 8-bit pixel art, retro arcade graphics, crisp blocky edges, limited color palette. Subject: a yellow and blue rally car cruising in a deep jungle, uneven street, daylight, lush plants, humidity, reflective ponds."
35,perturbation,early_attn,1,Arthemy_Atlas_early_attn_draw1.json,S6_pixel,b369f4266a,777,euler_ancestral,simple,9,1.0,1.0,1024,1280,S6_pixel_Arthemy_Atlas_early_attn_draw1_seed777_00001_.png,"Style: 8-bit pixel art, retro arcade graphics, crisp blocky edges, limited color palette. Subject: a yellow and blue rally car cruising in a deep jungle, uneven street, daylight, lush plants, humidity, reflective ponds."
36,perturbation,early_attn,1,Arthemy_Atlas_early_attn_draw1.json,S6_pixel,b369f4266a,1337,euler_ancestral,simple,9,1.0,1.0,1024,1280,S6_pixel_Arthemy_Atlas_early_attn_draw1_seed1337_00001_.png,"Style: 8-bit pixel art, retro arcade graphics, crisp blocky edges, limited color palette. Subject: a yellow and blue rally car cruising in a deep jungle, uneven street, daylight, lush plants, humidity, reflective ponds."
37,perturbation,early_attn,1,Arthemy_Atlas_early_attn_draw1.json,S7_glass,80cb4b3354,42,euler_ancestral,simple,9,1.0,1.0,1024,1280,S7_glass_Arthemy_Atlas_early_attn_draw1_seed42_00001_.png,"Style: stained glass window mosaic, vibrant translucent glass pieces, thick dark lead outlines, back-illuminated. Subject: a yellow and blue rally car cruising in a deep jungle, uneven street, daylight, lush plants, humidity, reflective ponds."
38,perturbation,early_attn,1,Arthemy_Atlas_early_attn_draw1.json,S7_glass,80cb4b3354,777,euler_ancestral,simple,9,1.0,1.0,1024,1280,S7_glass_Arthemy_Atlas_early_attn_draw1_seed777_00001_.png,"Style: stained glass window mosaic, vibrant translucent glass pieces, thick dark lead outlines, back-illuminated. Subject: a yellow and blue rally car cruising in a deep jungle, uneven street, daylight, lush plants, humidity, reflective ponds."
39,perturbation,early_attn,1,Arthemy_Atlas_early_attn_draw1.json,S7_glass,80cb4b3354,1337,euler_ancestral,simple,9,1.0,1.0,1024,1280,S7_glass_Arthemy_Atlas_early_attn_draw1_seed1337_00001_.png,"Style: stained glass window mosaic, vibrant translucent glass pieces, thick dark lead outlines, back-illuminated. Subject: a yellow and blue rally car cruising in a deep jungle, uneven street, daylight, lush plants, humidity, reflective ponds."
40,perturbation,early_attn,1,Arthemy_Atlas_early_attn_draw1.json,S8_charcoal,eda77bf9e8,42,euler_ancestral,simple,9,1.0,1.0,1024,1280,S8_charcoal_Arthemy_Atlas_early_attn_draw1_seed42_00001_.png,"Style: rough charcoal sketch, monochromatic, aggressive smudged strokes, high contrast black and white. Subject: a yellow and blue rally car cruising in a deep jungle, uneven street, daylight, lush plants, humidity, reflective ponds."
41,perturbation,early_attn,1,Arthemy_Atlas_early_attn_draw1.json,S8_charcoal,eda77bf9e8,777,euler_ancestral,simple,9,1.0,1.0,1024,1280,S8_charcoal_Arthemy_Atlas_early_attn_draw1_seed777_00001_.png,"Style: rough charcoal sketch, monochromatic, aggressive smudged strokes, high contrast black and white. Subject: a yellow and blue rally car cruising in a deep jungle, uneven street, daylight, lush plants, humidity, reflective ponds."
42,perturbation,early_attn,1,Arthemy_Atlas_early_attn_draw1.json,S8_charcoal,eda77bf9e8,1337,euler_ancestral,simple,9,1.0,1.0,1024,1280,S8_charcoal_Arthemy_Atlas_early_attn_draw1_seed1337_00001_.png,"Style: rough charcoal sketch, monochromatic, aggressive smudged strokes, high contrast black and white. Subject: a yellow and blue rally car cruising in a deep jungle, uneven street, daylight, lush plants, humidity, reflective ponds."
43,perturbation,early_mlp,1,Arthemy_Atlas_early_mlp_draw1.json,S2_watercolor,aded1ad92b,42,euler_ancestral,simple,9,1.0,1.0,1024,1280,S2_watercolor_Arthemy_Atlas_early_mlp_draw1_seed42_00001_.png,"Style: watercolor painting, soft colors, wet-on-wet washes, visible paper grain. Subject: a yellow and blue rally car cruising in a deep jungle, uneven street, daylight, lush plants, humidity, reflective ponds."
44,perturbation,early_mlp,1,Arthemy_Atlas_early_mlp_draw1.json,S2_watercolor,aded1ad92b,777,euler_ancestral,simple,9,1.0,1.0,1024,1280,S2_watercolor_Arthemy_Atlas_early_mlp_draw1_seed777_00001_.png,"Style: watercolor painting, soft colors, wet-on-wet washes, visible paper grain. Subject: a yellow and blue rally car cruising in a deep jungle, uneven street, daylight, lush plants, humidity, reflective ponds."
45,perturbation,early_mlp,1,Arthemy_Atlas_early_mlp_draw1.json,S2_watercolor,aded1ad92b,1337,euler_ancestral,simple,9,1.0,1.0,1024,1280,S2_watercolor_Arthemy_Atlas_early_mlp_draw1_seed1337_00001_.png,"Style: watercolor painting, soft colors, wet-on-wet washes, visible paper grain. Subject: a yellow and blue rally car cruising in a deep jungle, uneven street, daylight, lush plants, humidity, reflective ponds."
46,perturbation,early_mlp,1,Arthemy_Atlas_early_mlp_draw1.json,S3_lowpoly,eb2c25425b,42,euler_ancestral,simple,9,1.0,1.0,1024,1280,S3_lowpoly_Arthemy_Atlas_early_mlp_draw1_seed42_00001_.png,"Style: lowpoly 3D, retro videogame artstyle, flat shaded polygons, faceted geometry. Subject: a yellow and blue rally car cruising in a deep jungle, uneven street, daylight, lush plants, humidity, reflective ponds."
47,perturbation,early_mlp,1,Arthemy_Atlas_early_mlp_draw1.json,S3_lowpoly,eb2c25425b,777,euler_ancestral,simple,9,1.0,1.0,1024,1280,S3_lowpoly_Arthemy_Atlas_early_mlp_draw1_seed777_00001_.png,"Style: lowpoly 3D, retro videogame artstyle, flat shaded polygons, faceted geometry. Subject: a yellow and blue rally car cruising in a deep jungle, uneven street, daylight, lush plants, humidity, reflective ponds."
48,perturbation,early_mlp,1,Arthemy_Atlas_early_mlp_draw1.json,S3_lowpoly,eb2c25425b,1337,euler_ancestral,simple,9,1.0,1.0,1024,1280,S3_lowpoly_Arthemy_Atlas_early_mlp_draw1_seed1337_00001_.png,"Style: lowpoly 3D, retro videogame artstyle, flat shaded polygons, faceted geometry. Subject: a yellow and blue rally car cruising in a deep jungle, uneven street, daylight, lush plants, humidity, reflective ponds."
49,perturbation,early_mlp,1,Arthemy_Atlas_early_mlp_draw1.json,S4_claymation,47e50abd86,42,euler_ancestral,simple,9,1.0,1.0,1024,1280,S4_claymation_Arthemy_Atlas_early_mlp_draw1_seed42_00001_.png,"Style: claymation, stop-motion animation, plasticine textures, tactile studio lighting. Subject: a yellow and blue rally car cruising in a deep jungle, uneven street, daylight, lush plants, humidity, reflective ponds."
50,perturbation,early_mlp,1,Arthemy_Atlas_early_mlp_draw1.json,S4_claymation,47e50abd86,777,euler_ancestral,simple,9,1.0,1.0,1024,1280,S4_claymation_Arthemy_Atlas_early_mlp_draw1_seed777_00001_.png,"Style: claymation, stop-motion animation, plasticine textures, tactile studio lighting. Subject: a yellow and blue rally car cruising in a deep jungle, uneven street, daylight, lush plants, humidity, reflective ponds."
51,perturbation,early_mlp,1,Arthemy_Atlas_early_mlp_draw1.json,S4_claymation,47e50abd86,1337,euler_ancestral,simple,9,1.0,1.0,1024,1280,S4_claymation_Arthemy_Atlas_early_mlp_draw1_seed1337_00001_.png,"Style: claymation, stop-motion animation, plasticine textures, tactile studio lighting. Subject: a yellow and blue rally car cruising in a deep jungle, uneven street, daylight, lush plants, humidity, reflective ponds."
52,perturbation,early_mlp,1,Arthemy_Atlas_early_mlp_draw1.json,S5_ukiyoe,831f2d868c,42,euler_ancestral,simple,9,1.0,1.0,1024,1280,S5_ukiyoe_Arthemy_Atlas_early_mlp_draw1_seed42_00001_.png,"Style: traditional Japanese woodblock print, ukiyo-e, flat ink colors, intricate line work, vintage paper texture. Subject: a yellow and blue rally car cruising in a deep jungle, uneven street, daylight, lush plants, humidity, reflective ponds."
53,perturbation,early_mlp,1,Arthemy_Atlas_early_mlp_draw1.json,S5_ukiyoe,831f2d868c,777,euler_ancestral,simple,9,1.0,1.0,1024,1280,S5_ukiyoe_Arthemy_Atlas_early_mlp_draw1_seed777_00001_.png,"Style: traditional Japanese woodblock print, ukiyo-e, flat ink colors, intricate line work, vintage paper texture. Subject: a yellow and blue rally car cruising in a deep jungle, uneven street, daylight, lush plants, humidity, reflective ponds."
54,perturbation,early_mlp,1,Arthemy_Atlas_early_mlp_draw1.json,S5_ukiyoe,831f2d868c,1337,euler_ancestral,simple,9,1.0,1.0,1024,1280,S5_ukiyoe_Arthemy_Atlas_early_mlp_draw1_seed1337_00001_.png,"Style: traditional Japanese woodblock print, ukiyo-e, flat ink colors, intricate line work, vintage paper texture. Subject: a yellow and blue rally car cruising in a deep jungle, uneven street, daylight, lush plants, humidity, reflective ponds."
55,perturbation,early_mlp,1,Arthemy_Atlas_early_mlp_draw1.json,S6_pixel,b369f4266a,42,euler_ancestral,simple,9,1.0,1.0,1024,1280,S6_pixel_Arthemy_Atlas_early_mlp_draw1_seed42_00001_.png,"Style: 8-bit pixel art, retro arcade graphics, crisp blocky edges, limited color palette. Subject: a yellow and blue rally car cruising in a deep jungle, uneven street, daylight, lush plants, humidity, reflective ponds."
56,perturbation,early_mlp,1,Arthemy_Atlas_early_mlp_draw1.json,S6_pixel,b369f4266a,777,euler_ancestral,simple,9,1.0,1.0,1024,1280,S6_pixel_Arthemy_Atlas_early_mlp_draw1_seed777_00001_.png,"Style: 8-bit pixel art, retro arcade graphics, crisp blocky edges, limited color palette. Subject: a yellow and blue rally car cruising in a deep jungle, uneven street, daylight, lush plants, humidity, reflective ponds."
57,perturbation,early_mlp,1,Arthemy_Atlas_early_mlp_draw1.json,S6_pixel,b369f4266a,1337,euler_ancestral,simple,9,1.0,1.0,1024,1280,S6_pixel_Arthemy_Atlas_early_mlp_draw1_seed1337_00001_.png,"Style: 8-bit pixel art, retro arcade graphics, crisp blocky edges, limited color palette. Subject: a yellow and blue rally car cruising in a deep jungle, uneven street, daylight, lush plants, humidity, reflective ponds."
58,perturbation,early_mlp,1,Arthemy_Atlas_early_mlp_draw1.json,S7_glass,80cb4b3354,42,euler_ancestral,simple,9,1.0,1.0,1024,1280,S7_glass_Arthemy_Atlas_early_mlp_draw1_seed42_00001_.png,"Style: stained glass window mosaic, vibrant translucent glass pieces, thick dark lead outlines, back-illuminated. Subject: a yellow and blue rally car cruising in a deep jungle, uneven street, daylight, lush plants, humidity, reflective ponds."
59,perturbation,early_mlp,1,Arthemy_Atlas_early_mlp_draw1.json,S7_glass,80cb4b3354,777,euler_ancestral,simple,9,1.0,1.0,1024,1280,S7_glass_Arthemy_Atlas_early_mlp_draw1_seed777_00001_.png,"Style: stained glass window mosaic, vibrant translucent glass pieces, thick dark lead outlines, back-illuminated. Subject: a yellow and blue rally car cruising in a deep jungle, uneven street, daylight, lush plants, humidity, reflective ponds."
60,perturbation,early_mlp,1,Arthemy_Atlas_early_mlp_draw1.json,S7_glass,80cb4b3354,1337,euler_ancestral,simple,9,1.0,1.0,1024,1280,S7_glass_Arthemy_Atlas_early_mlp_draw1_seed1337_00001_.png,"Style: stained glass window mosaic, vibrant translucent glass pieces, thick dark lead outlines, back-illuminated. Subject: a yellow and blue rally car cruising in a deep jungle, uneven street, daylight, lush plants, humidity, reflective ponds."
61,perturbation,early_mlp,1,Arthemy_Atlas_early_mlp_draw1.json,S8_charcoal,eda77bf9e8,42,euler_ancestral,simple,9,1.0,1.0,1024,1280,S8_charcoal_Arthemy_Atlas_early_mlp_draw1_seed42_00001_.png,"Style: rough charcoal sketch, monochromatic, aggressive smudged strokes, high contrast black and white. Subject: a yellow and blue rally car cruising in a deep jungle, uneven street, daylight, lush plants, humidity, reflective ponds."
62,perturbation,early_mlp,1,Arthemy_Atlas_early_mlp_draw1.json,S8_charcoal,eda77bf9e8,777,euler_ancestral,simple,9,1.0,1.0,1024,1280,S8_charcoal_Arthemy_Atlas_early_mlp_draw1_seed777_00001_.png,"Style: rough charcoal sketch, monochromatic, aggressive smudged strokes, high contrast black and white. Subject: a yellow and blue rally car cruising in a deep jungle, uneven street, daylight, lush plants, humidity, reflective ponds."
63,perturbation,early_mlp,1,Arthemy_Atlas_early_mlp_draw1.json,S8_charcoal,eda77bf9e8,1337,euler_ancestral,simple,9,1.0,1.0,1024,1280,S8_charcoal_Arthemy_Atlas_early_mlp_draw1_seed1337_00001_.png,"Style: rough charcoal sketch, monochromatic, aggressive smudged strokes, high contrast black and white. Subject: a yellow and blue rally car cruising in a deep jungle, uneven street, daylight, lush plants, humidity, reflective ponds."
64,perturbation,early_mid_attn,1,Arthemy_Atlas_early_mid_attn_draw1.json,S2_watercolor,aded1ad92b,42,euler_ancestral,simple,9,1.0,1.0,1024,1280,S2_watercolor_Arthemy_Atlas_early_mid_attn_draw1_seed42_00001_.png,"Style: watercolor painting, soft colors, wet-on-wet washes, visible paper grain. Subject: a yellow and blue rally car cruising in a deep jungle, uneven street, daylight, lush plants, humidity, reflective ponds."
65,perturbation,early_mid_attn,1,Arthemy_Atlas_early_mid_attn_draw1.json,S2_watercolor,aded1ad92b,777,euler_ancestral,simple,9,1.0,1.0,1024,1280,S2_watercolor_Arthemy_Atlas_early_mid_attn_draw1_seed777_00001_.png,"Style: watercolor painting, soft colors, wet-on-wet washes, visible paper grain. Subject: a yellow and blue rally car cruising in a deep jungle, uneven street, daylight, lush plants, humidity, reflective ponds."
66,perturbation,early_mid_attn,1,Arthemy_Atlas_early_mid_attn_draw1.json,S2_watercolor,aded1ad92b,1337,euler_ancestral,simple,9,1.0,1.0,1024,1280,S2_watercolor_Arthemy_Atlas_early_mid_attn_draw1_seed1337_00001_.png,"Style: watercolor painting, soft colors, wet-on-wet washes, visible paper grain. Subject: a yellow and blue rally car cruising in a deep jungle, uneven street, daylight, lush plants, humidity, reflective ponds."
67,perturbation,early_mid_attn,1,Arthemy_Atlas_early_mid_attn_draw1.json,S3_lowpoly,eb2c25425b,42,euler_ancestral,simple,9,1.0,1.0,1024,1280,S3_lowpoly_Arthemy_Atlas_early_mid_attn_draw1_seed42_00001_.png,"Style: lowpoly 3D, retro videogame artstyle, flat shaded polygons, faceted geometry. Subject: a yellow and blue rally car cruising in a deep jungle, uneven street, daylight, lush plants, humidity, reflective ponds."
68,perturbation,early_mid_attn,1,Arthemy_Atlas_early_mid_attn_draw1.json,S3_lowpoly,eb2c25425b,777,euler_ancestral,simple,9,1.0,1.0,1024,1280,S3_lowpoly_Arthemy_Atlas_early_mid_attn_draw1_seed777_00001_.png,"Style: lowpoly 3D, retro videogame artstyle, flat shaded polygons, faceted geometry. Subject: a yellow and blue rally car cruising in a deep jungle, uneven street, daylight, lush plants, humidity, reflective ponds."
69,perturbation,early_mid_attn,1,Arthemy_Atlas_early_mid_attn_draw1.json,S3_lowpoly,eb2c25425b,1337,euler_ancestral,simple,9,1.0,1.0,1024,1280,S3_lowpoly_Arthemy_Atlas_early_mid_attn_draw1_seed1337_00001_.png,"Style: lowpoly 3D, retro videogame artstyle, flat shaded polygons, faceted geometry. Subject: a yellow and blue rally car cruising in a deep jungle, uneven street, daylight, lush plants, humidity, reflective ponds."
70,perturbation,early_mid_attn,1,Arthemy_Atlas_early_mid_attn_draw1.json,S4_claymation,47e50abd86,42,euler_ancestral,simple,9,1.0,1.0,1024,1280,S4_claymation_Arthemy_Atlas_early_mid_attn_draw1_seed42_00001_.png,"Style: claymation, stop-motion animation, plasticine textures, tactile studio lighting. Subject: a yellow and blue rally car cruising in a deep jungle, uneven street, daylight, lush plants, humidity, reflective ponds."
71,perturbation,early_mid_attn,1,Arthemy_Atlas_early_mid_attn_draw1.json,S4_claymation,47e50abd86,777,euler_ancestral,simple,9,1.0,1.0,1024,1280,S4_claymation_Arthemy_Atlas_early_mid_attn_draw1_seed777_00001_.png,"Style: claymation, stop-motion animation, plasticine textures, tactile studio lighting. Subject: a yellow and blue rally car cruising in a deep jungle, uneven street, daylight, lush plants, humidity, reflective ponds."
72,perturbation,early_mid_attn,1,Arthemy_Atlas_early_mid_attn_draw1.json,S4_claymation,47e50abd86,1337,euler_ancestral,simple,9,1.0,1.0,1024,1280,S4_claymation_Arthemy_Atlas_early_mid_attn_draw1_seed1337_00001_.png,"Style: claymation, stop-motion animation, plasticine textures, tactile studio lighting. Subject: a yellow and blue rally car cruising in a deep jungle, uneven street, daylight, lush plants, humidity, reflective ponds."
73,perturbation,early_mid_attn,1,Arthemy_Atlas_early_mid_attn_draw1.json,S5_ukiyoe,831f2d868c,42,euler_ancestral,simple,9,1.0,1.0,1024,1280,S5_ukiyoe_Arthemy_Atlas_early_mid_attn_draw1_seed42_00001_.png,"Style: traditional Japanese woodblock print, ukiyo-e, flat ink colors, intricate line work, vintage paper texture. Subject: a yellow and blue rally car cruising in a deep jungle, uneven street, daylight, lush plants, humidity, reflective ponds."
74,perturbation,early_mid_attn,1,Arthemy_Atlas_early_mid_attn_draw1.json,S5_ukiyoe,831f2d868c,777,euler_ancestral,simple,9,1.0,1.0,1024,1280,S5_ukiyoe_Arthemy_Atlas_early_mid_attn_draw1_seed777_00001_.png,"Style: traditional Japanese woodblock print, ukiyo-e, flat ink colors, intricate line work, vintage paper texture. Subject: a yellow and blue rally car cruising in a deep jungle, uneven street, daylight, lush plants, humidity, reflective ponds."
75,perturbation,early_mid_attn,1,Arthemy_Atlas_early_mid_attn_draw1.json,S5_ukiyoe,831f2d868c,1337,euler_ancestral,simple,9,1.0,1.0,1024,1280,S5_ukiyoe_Arthemy_Atlas_early_mid_attn_draw1_seed1337_00001_.png,"Style: traditional Japanese woodblock print, ukiyo-e, flat ink colors, intricate line work, vintage paper texture. Subject: a yellow and blue rally car cruising in a deep jungle, uneven street, daylight, lush plants, humidity, reflective ponds."
76,perturbation,early_mid_attn,1,Arthemy_Atlas_early_mid_attn_draw1.json,S6_pixel,b369f4266a,42,euler_ancestral,simple,9,1.0,1.0,1024,1280,S6_pixel_Arthemy_Atlas_early_mid_attn_draw1_seed42_00001_.png,"Style: 8-bit pixel art, retro arcade graphics, crisp blocky edges, limited color palette. Subject: a yellow and blue rally car cruising in a deep jungle, uneven street, daylight, lush plants, humidity, reflective ponds."
77,perturbation,early_mid_attn,1,Arthemy_Atlas_early_mid_attn_draw1.json,S6_pixel,b369f4266a,777,euler_ancestral,simple,9,1.0,1.0,1024,1280,S6_pixel_Arthemy_Atlas_early_mid_attn_draw1_seed777_00001_.png,"Style: 8-bit pixel art, retro arcade graphics, crisp blocky edges, limited color palette. Subject: a yellow and blue rally car cruising in a deep jungle, uneven street, daylight, lush plants, humidity, reflective ponds."
78,perturbation,early_mid_attn,1,Arthemy_Atlas_early_mid_attn_draw1.json,S6_pixel,b369f4266a,1337,euler_ancestral,simple,9,1.0,1.0,1024,1280,S6_pixel_Arthemy_Atlas_early_mid_attn_draw1_seed1337_00001_.png,"Style: 8-bit pixel art, retro arcade graphics, crisp blocky edges, limited color palette. Subject: a yellow and blue rally car cruising in a deep jungle, uneven street, daylight, lush plants, humidity, reflective ponds."
79,perturbation,early_mid_attn,1,Arthemy_Atlas_early_mid_attn_draw1.json,S7_glass,80cb4b3354,42,euler_ancestral,simple,9,1.0,1.0,1024,1280,S7_glass_Arthemy_Atlas_early_mid_attn_draw1_seed42_00001_.png,"Style: stained glass window mosaic, vibrant translucent glass pieces, thick dark lead outlines, back-illuminated. Subject: a yellow and blue rally car cruising in a deep jungle, uneven street, daylight, lush plants, humidity, reflective ponds."
80,perturbation,early_mid_attn,1,Arthemy_Atlas_early_mid_attn_draw1.json,S7_glass,80cb4b3354,777,euler_ancestral,simple,9,1.0,1.0,1024,1280,S7_glass_Arthemy_Atlas_early_mid_attn_draw1_seed777_00001_.png,"Style: stained glass window mosaic, vibrant translucent glass pieces, thick dark lead outlines, back-illuminated. Subject: a yellow and blue rally car cruising in a deep jungle, uneven street, daylight, lush plants, humidity, reflective ponds."
81,perturbation,early_mid_attn,1,Arthemy_Atlas_early_mid_attn_draw1.json,S7_glass,80cb4b3354,1337,euler_ancestral,simple,9,1.0,1.0,1024,1280,S7_glass_Arthemy_Atlas_early_mid_attn_draw1_seed1337_00001_.png,"Style: stained glass window mosaic, vibrant translucent glass pieces, thick dark lead outlines, back-illuminated. Subject: a yellow and blue rally car cruising in a deep jungle, uneven street, daylight, lush plants, humidity, reflective ponds."
82,perturbation,early_mid_attn,1,Arthemy_Atlas_early_mid_attn_draw1.json,S8_charcoal,eda77bf9e8,42,euler_ancestral,simple,9,1.0,1.0,1024,1280,S8_charcoal_Arthemy_Atlas_early_mid_attn_draw1_seed42_00001_.png,"Style: rough charcoal sketch, monochromatic, aggressive smudged strokes, high contrast black and white. Subject: a yellow and blue rally car cruising in a deep jungle, uneven street, daylight, lush plants, humidity, reflective ponds."
83,perturbation,early_mid_attn,1,Arthemy_Atlas_early_mid_attn_draw1.json,S8_charcoal,eda77bf9e8,777,euler_ancestral,simple,9,1.0,1.0,1024,1280,S8_charcoal_Arthemy_Atlas_early_mid_attn_draw1_seed777_00001_.png,"Style: rough charcoal sketch, monochromatic, aggressive smudged strokes, high contrast black and white. Subject: a yellow and blue rally car cruising in a deep jungle, uneven street, daylight, lush plants, humidity, reflective ponds."
84,perturbation,early_mid_attn,1,Arthemy_Atlas_early_mid_attn_draw1.json,S8_charcoal,eda77bf9e8,1337,euler_ancestral,simple,9,1.0,1.0,1024,1280,S8_charcoal_Arthemy_Atlas_early_mid_attn_draw1_seed1337_00001_.png,"Style: rough charcoal sketch, monochromatic, aggressive smudged strokes, high contrast black and white. Subject: a yellow and blue rally car cruising in a deep jungle, uneven street, daylight, lush plants, humidity, reflective ponds."
85,perturbation,early_mid_mlp,1,Arthemy_Atlas_early_mid_mlp_draw1.json,S2_watercolor,aded1ad92b,42,euler_ancestral,simple,9,1.0,1.0,1024,1280,S2_watercolor_Arthemy_Atlas_early_mid_mlp_draw1_seed42_00001_.png,"Style: watercolor painting, soft colors, wet-on-wet washes, visible paper grain. Subject: a yellow and blue rally car cruising in a deep jungle, uneven street, daylight, lush plants, humidity, reflective ponds."
86,perturbation,early_mid_mlp,1,Arthemy_Atlas_early_mid_mlp_draw1.json,S2_watercolor,aded1ad92b,777,euler_ancestral,simple,9,1.0,1.0,1024,1280,S2_watercolor_Arthemy_Atlas_early_mid_mlp_draw1_seed777_00001_.png,"Style: watercolor painting, soft colors, wet-on-wet washes, visible paper grain. Subject: a yellow and blue rally car cruising in a deep jungle, uneven street, daylight, lush plants, humidity, reflective ponds."
87,perturbation,early_mid_mlp,1,Arthemy_Atlas_early_mid_mlp_draw1.json,S2_watercolor,aded1ad92b,1337,euler_ancestral,simple,9,1.0,1.0,1024,1280,S2_watercolor_Arthemy_Atlas_early_mid_mlp_draw1_seed1337_00001_.png,"Style: watercolor painting, soft colors, wet-on-wet washes, visible paper grain. Subject: a yellow and blue rally car cruising in a deep jungle, uneven street, daylight, lush plants, humidity, reflective ponds."
88,perturbation,early_mid_mlp,1,Arthemy_Atlas_early_mid_mlp_draw1.json,S3_lowpoly,eb2c25425b,42,euler_ancestral,simple,9,1.0,1.0,1024,1280,S3_lowpoly_Arthemy_Atlas_early_mid_mlp_draw1_seed42_00001_.png,"Style: lowpoly 3D, retro videogame artstyle, flat shaded polygons, faceted geometry. Subject: a yellow and blue rally car cruising in a deep jungle, uneven street, daylight, lush plants, humidity, reflective ponds."
89,perturbation,early_mid_mlp,1,Arthemy_Atlas_early_mid_mlp_draw1.json,S3_lowpoly,eb2c25425b,777,euler_ancestral,simple,9,1.0,1.0,1024,1280,S3_lowpoly_Arthemy_Atlas_early_mid_mlp_draw1_seed777_00001_.png,"Style: lowpoly 3D, retro videogame artstyle, flat shaded polygons, faceted geometry. Subject: a yellow and blue rally car cruising in a deep jungle, uneven street, daylight, lush plants, humidity, reflective ponds."
90,perturbation,early_mid_mlp,1,Arthemy_Atlas_early_mid_mlp_draw1.json,S3_lowpoly,eb2c25425b,1337,euler_ancestral,simple,9,1.0,1.0,1024,1280,S3_lowpoly_Arthemy_Atlas_early_mid_mlp_draw1_seed1337_00001_.png,"Style: lowpoly 3D, retro videogame artstyle, flat shaded polygons, faceted geometry. Subject: a yellow and blue rally car cruising in a deep jungle, uneven street, daylight, lush plants, humidity, reflective ponds."
91,perturbation,early_mid_mlp,1,Arthemy_Atlas_early_mid_mlp_draw1.json,S4_claymation,47e50abd86,42,euler_ancestral,simple,9,1.0,1.0,1024,1280,S4_claymation_Arthemy_Atlas_early_mid_mlp_draw1_seed42_00001_.png,"Style: claymation, stop-motion animation, plasticine textures, tactile studio lighting. Subject: a yellow and blue rally car cruising in a deep jungle, uneven street, daylight, lush plants, humidity, reflective ponds."
92,perturbation,early_mid_mlp,1,Arthemy_Atlas_early_mid_mlp_draw1.json,S4_claymation,47e50abd86,777,euler_ancestral,simple,9,1.0,1.0,1024,1280,S4_claymation_Arthemy_Atlas_early_mid_mlp_draw1_seed777_00001_.png,"Style: claymation, stop-motion animation, plasticine textures, tactile studio lighting. Subject: a yellow and blue rally car cruising in a deep jungle, uneven street, daylight, lush plants, humidity, reflective ponds."
93,perturbation,early_mid_mlp,1,Arthemy_Atlas_early_mid_mlp_draw1.json,S4_claymation,47e50abd86,1337,euler_ancestral,simple,9,1.0,1.0,1024,1280,S4_claymation_Arthemy_Atlas_early_mid_mlp_draw1_seed1337_00001_.png,"Style: claymation, stop-motion animation, plasticine textures, tactile studio lighting. Subject: a yellow and blue rally car cruising in a deep jungle, uneven street, daylight, lush plants, humidity, reflective ponds."
94,perturbation,early_mid_mlp,1,Arthemy_Atlas_early_mid_mlp_draw1.json,S5_ukiyoe,831f2d868c,42,euler_ancestral,simple,9,1.0,1.0,1024,1280,S5_ukiyoe_Arthemy_Atlas_early_mid_mlp_draw1_seed42_00001_.png,"Style: traditional Japanese woodblock print, ukiyo-e, flat ink colors, intricate line work, vintage paper texture. Subject: a yellow and blue rally car cruising in a deep jungle, uneven street, daylight, lush plants, humidity, reflective ponds."
95,perturbation,early_mid_mlp,1,Arthemy_Atlas_early_mid_mlp_draw1.json,S5_ukiyoe,831f2d868c,777,euler_ancestral,simple,9,1.0,1.0,1024,1280,S5_ukiyoe_Arthemy_Atlas_early_mid_mlp_draw1_seed777_00001_.png,"Style: traditional Japanese woodblock print, ukiyo-e, flat ink colors, intricate line work, vintage paper texture. Subject: a yellow and blue rally car cruising in a deep jungle, uneven street, daylight, lush plants, humidity, reflective ponds."
96,perturbation,early_mid_mlp,1,Arthemy_Atlas_early_mid_mlp_draw1.json,S5_ukiyoe,831f2d868c,1337,euler_ancestral,simple,9,1.0,1.0,1024,1280,S5_ukiyoe_Arthemy_Atlas_early_mid_mlp_draw1_seed1337_00001_.png,"Style: traditional Japanese woodblock print, ukiyo-e, flat ink colors, intricate line work, vintage paper texture. Subject: a yellow and blue rally car cruising in a deep jungle, uneven street, daylight, lush plants, humidity, reflective ponds."
97,perturbation,early_mid_mlp,1,Arthemy_Atlas_early_mid_mlp_draw1.json,S6_pixel,b369f4266a,42,euler_ancestral,simple,9,1.0,1.0,1024,1280,S6_pixel_Arthemy_Atlas_early_mid_mlp_draw1_seed42_00001_.png,"Style: 8-bit pixel art, retro arcade graphics, crisp blocky edges, limited color palette. Subject: a yellow and blue rally car cruising in a deep jungle, uneven street, daylight, lush plants, humidity, reflective ponds."
98,perturbation,early_mid_mlp,1,Arthemy_Atlas_early_mid_mlp_draw1.json,S6_pixel,b369f4266a,777,euler_ancestral,simple,9,1.0,1.0,1024,1280,S6_pixel_Arthemy_Atlas_early_mid_mlp_draw1_seed777_00001_.png,"Style: 8-bit pixel art, retro arcade graphics, crisp blocky edges, limited color palette. Subject: a yellow and blue rally car cruising in a deep jungle, uneven street, daylight, lush plants, humidity, reflective ponds."
99,perturbation,early_mid_mlp,1,Arthemy_Atlas_early_mid_mlp_draw1.json,S6_pixel,b369f4266a,1337,euler_ancestral,simple,9,1.0,1.0,1024,1280,S6_pixel_Arthemy_Atlas_early_mid_mlp_draw1_seed1337_00001_.png,"Style: 8-bit pixel art, retro arcade graphics, crisp blocky edges, limited color palette. Subject: a yellow and blue rally car cruising in a deep jungle, uneven street, daylight, lush plants, humidity, reflective ponds."
100,perturbation,early_mid_mlp,1,Arthemy_Atlas_early_mid_mlp_draw1.json,S7_glass,80cb4b3354,42,euler_ancestral,simple,9,1.0,1.0,1024,1280,S7_glass_Arthemy_Atlas_early_mid_mlp_draw1_seed42_00001_.png,"Style: stained glass window mosaic, vibrant translucent glass pieces, thick dark lead outlines, back-illuminated. Subject: a yellow and blue rally car cruising in a deep jungle, uneven street, daylight, lush plants, humidity, reflective ponds."
101,perturbation,early_mid_mlp,1,Arthemy_Atlas_early_mid_mlp_draw1.json,S7_glass,80cb4b3354,777,euler_ancestral,simple,9,1.0,1.0,1024,1280,S7_glass_Arthemy_Atlas_early_mid_mlp_draw1_seed777_00001_.png,"Style: stained glass window mosaic, vibrant translucent glass pieces, thick dark lead outlines, back-illuminated. Subject: a yellow and blue rally car cruising in a deep jungle, uneven street, daylight, lush plants, humidity, reflective ponds."
102,perturbation,early_mid_mlp,1,Arthemy_Atlas_early_mid_mlp_draw1.json,S7_glass,80cb4b3354,1337,euler_ancestral,simple,9,1.0,1.0,1024,1280,S7_glass_Arthemy_Atlas_early_mid_mlp_draw1_seed1337_00001_.png,"Style: stained glass window mosaic, vibrant translucent glass pieces, thick dark lead outlines, back-illuminated. Subject: a yellow and blue rally car cruising in a deep jungle, uneven street, daylight, lush plants, humidity, reflective ponds."
103,perturbation,early_mid_mlp,1,Arthemy_Atlas_early_mid_mlp_draw1.json,S8_charcoal,eda77bf9e8,42,euler_ancestral,simple,9,1.0,1.0,1024,1280,S8_charcoal_Arthemy_Atlas_early_mid_mlp_draw1_seed42_00001_.png,"Style: rough charcoal sketch, monochromatic, aggressive smudged strokes, high contrast black and white. Subject: a yellow and blue rally car cruising in a deep jungle, uneven street, daylight, lush plants, humidity, reflective ponds."
104,perturbation,early_mid_mlp,1,Arthemy_Atlas_early_mid_mlp_draw1.json,S8_charcoal,eda77bf9e8,777,euler_ancestral,simple,9,1.0,1.0,1024,1280,S8_charcoal_Arthemy_Atlas_early_mid_mlp_draw1_seed777_00001_.png,"Style: rough charcoal sketch, monochromatic, aggressive smudged strokes, high contrast black and white. Subject: a yellow and blue rally car cruising in a deep jungle, uneven street, daylight, lush plants, humidity, reflective ponds."
105,perturbation,early_mid_mlp,1,Arthemy_Atlas_early_mid_mlp_draw1.json,S8_charcoal,eda77bf9e8,1337,euler_ancestral,simple,9,1.0,1.0,1024,1280,S8_charcoal_Arthemy_Atlas_early_mid_mlp_draw1_seed1337_00001_.png,"Style: rough charcoal sketch, monochromatic, aggressive smudged strokes, high contrast black and white. Subject: a yellow and blue rally car cruising in a deep jungle, uneven street, daylight, lush plants, humidity, reflective ponds."
106,perturbation,late_mid_attn,1,Arthemy_Atlas_late_mid_attn_draw1.json,S2_watercolor,aded1ad92b,42,euler_ancestral,simple,9,1.0,1.0,1024,1280,S2_watercolor_Arthemy_Atlas_late_mid_attn_draw1_seed42_00001_.png,"Style: watercolor painting, soft colors, wet-on-wet washes, visible paper grain. Subject: a yellow and blue rally car cruising in a deep jungle, uneven street, daylight, lush plants, humidity, reflective ponds."
107,perturbation,late_mid_attn,1,Arthemy_Atlas_late_mid_attn_draw1.json,S2_watercolor,aded1ad92b,777,euler_ancestral,simple,9,1.0,1.0,1024,1280,S2_watercolor_Arthemy_Atlas_late_mid_attn_draw1_seed777_00001_.png,"Style: watercolor painting, soft colors, wet-on-wet washes, visible paper grain. Subject: a yellow and blue rally car cruising in a deep jungle, uneven street, daylight, lush plants, humidity, reflective ponds."
108,perturbation,late_mid_attn,1,Arthemy_Atlas_late_mid_attn_draw1.json,S2_watercolor,aded1ad92b,1337,euler_ancestral,simple,9,1.0,1.0,1024,1280,S2_watercolor_Arthemy_Atlas_late_mid_attn_draw1_seed1337_00001_.png,"Style: watercolor painting, soft colors, wet-on-wet washes, visible paper grain. Subject: a yellow and blue rally car cruising in a deep jungle, uneven street, daylight, lush plants, humidity, reflective ponds."
109,perturbation,late_mid_attn,1,Arthemy_Atlas_late_mid_attn_draw1.json,S3_lowpoly,eb2c25425b,42,euler_ancestral,simple,9,1.0,1.0,1024,1280,S3_lowpoly_Arthemy_Atlas_late_mid_attn_draw1_seed42_00001_.png,"Style: lowpoly 3D, retro videogame artstyle, flat shaded polygons, faceted geometry. Subject: a yellow and blue rally car cruising in a deep jungle, uneven street, daylight, lush plants, humidity, reflective ponds."
110,perturbation,late_mid_attn,1,Arthemy_Atlas_late_mid_attn_draw1.json,S3_lowpoly,eb2c25425b,777,euler_ancestral,simple,9,1.0,1.0,1024,1280,S3_lowpoly_Arthemy_Atlas_late_mid_attn_draw1_seed777_00001_.png,"Style: lowpoly 3D, retro videogame artstyle, flat shaded polygons, faceted geometry. Subject: a yellow and blue rally car cruising in a deep jungle, uneven street, daylight, lush plants, humidity, reflective ponds."
111,perturbation,late_mid_attn,1,Arthemy_Atlas_late_mid_attn_draw1.json,S3_lowpoly,eb2c25425b,1337,euler_ancestral,simple,9,1.0,1.0,1024,1280,S3_lowpoly_Arthemy_Atlas_late_mid_attn_draw1_seed1337_00001_.png,"Style: lowpoly 3D, retro videogame artstyle, flat shaded polygons, faceted geometry. Subject: a yellow and blue rally car cruising in a deep jungle, uneven street, daylight, lush plants, humidity, reflective ponds."
112,perturbation,late_mid_attn,1,Arthemy_Atlas_late_mid_attn_draw1.json,S4_claymation,47e50abd86,42,euler_ancestral,simple,9,1.0,1.0,1024,1280,S4_claymation_Arthemy_Atlas_late_mid_attn_draw1_seed42_00001_.png,"Style: claymation, stop-motion animation, plasticine textures, tactile studio lighting. Subject: a yellow and blue rally car cruising in a deep jungle, uneven street, daylight, lush plants, humidity, reflective ponds."
113,perturbation,late_mid_attn,1,Arthemy_Atlas_late_mid_attn_draw1.json,S4_claymation,47e50abd86,777,euler_ancestral,simple,9,1.0,1.0,1024,1280,S4_claymation_Arthemy_Atlas_late_mid_attn_draw1_seed777_00001_.png,"Style: claymation, stop-motion animation, plasticine textures, tactile studio lighting. Subject: a yellow and blue rally car cruising in a deep jungle, uneven street, daylight, lush plants, humidity, reflective ponds."
114,perturbation,late_mid_attn,1,Arthemy_Atlas_late_mid_attn_draw1.json,S4_claymation,47e50abd86,1337,euler_ancestral,simple,9,1.0,1.0,1024,1280,S4_claymation_Arthemy_Atlas_late_mid_attn_draw1_seed1337_00001_.png,"Style: claymation, stop-motion animation, plasticine textures, tactile studio lighting. Subject: a yellow and blue rally car cruising in a deep jungle, uneven street, daylight, lush plants, humidity, reflective ponds."
115,perturbation,late_mid_attn,1,Arthemy_Atlas_late_mid_attn_draw1.json,S5_ukiyoe,831f2d868c,42,euler_ancestral,simple,9,1.0,1.0,1024,1280,S5_ukiyoe_Arthemy_Atlas_late_mid_attn_draw1_seed42_00001_.png,"Style: traditional Japanese woodblock print, ukiyo-e, flat ink colors, intricate line work, vintage paper texture. Subject: a yellow and blue rally car cruising in a deep jungle, uneven street, daylight, lush plants, humidity, reflective ponds."
116,perturbation,late_mid_attn,1,Arthemy_Atlas_late_mid_attn_draw1.json,S5_ukiyoe,831f2d868c,777,euler_ancestral,simple,9,1.0,1.0,1024,1280,S5_ukiyoe_Arthemy_Atlas_late_mid_attn_draw1_seed777_00001_.png,"Style: traditional Japanese woodblock print, ukiyo-e, flat ink colors, intricate line work, vintage paper texture. Subject: a yellow and blue rally car cruising in a deep jungle, uneven street, daylight, lush plants, humidity, reflective ponds."
117,perturbation,late_mid_attn,1,Arthemy_Atlas_late_mid_attn_draw1.json,S5_ukiyoe,831f2d868c,1337,euler_ancestral,simple,9,1.0,1.0,1024,1280,S5_ukiyoe_Arthemy_Atlas_late_mid_attn_draw1_seed1337_00001_.png,"Style: traditional Japanese woodblock print, ukiyo-e, flat ink colors, intricate line work, vintage paper texture. Subject: a yellow and blue rally car cruising in a deep jungle, uneven street, daylight, lush plants, humidity, reflective ponds."
118,perturbation,late_mid_attn,1,Arthemy_Atlas_late_mid_attn_draw1.json,S6_pixel,b369f4266a,42,euler_ancestral,simple,9,1.0,1.0,1024,1280,S6_pixel_Arthemy_Atlas_late_mid_attn_draw1_seed42_00001_.png,"Style: 8-bit pixel art, retro arcade graphics, crisp blocky edges, limited color palette. Subject: a yellow and blue rally car cruising in a deep jungle, uneven street, daylight, lush plants, humidity, reflective ponds."
119,perturbation,late_mid_attn,1,Arthemy_Atlas_late_mid_attn_draw1.json,S6_pixel,b369f4266a,777,euler_ancestral,simple,9,1.0,1.0,1024,1280,S6_pixel_Arthemy_Atlas_late_mid_attn_draw1_seed777_00001_.png,"Style: 8-bit pixel art, retro arcade graphics, crisp blocky edges, limited color palette. Subject: a yellow and blue rally car cruising in a deep jungle, uneven street, daylight, lush plants, humidity, reflective ponds."
120,perturbation,late_mid_attn,1,Arthemy_Atlas_late_mid_attn_draw1.json,S6_pixel,b369f4266a,1337,euler_ancestral,simple,9,1.0,1.0,1024,1280,S6_pixel_Arthemy_Atlas_late_mid_attn_draw1_seed1337_00001_.png,"Style: 8-bit pixel art, retro arcade graphics, crisp blocky edges, limited color palette. Subject: a yellow and blue rally car cruising in a deep jungle, uneven street, daylight, lush plants, humidity, reflective ponds."
121,perturbation,late_mid_attn,1,Arthemy_Atlas_late_mid_attn_draw1.json,S7_glass,80cb4b3354,42,euler_ancestral,simple,9,1.0,1.0,1024,1280,S7_glass_Arthemy_Atlas_late_mid_attn_draw1_seed42_00001_.png,"Style: stained glass window mosaic, vibrant translucent glass pieces, thick dark lead outlines, back-illuminated. Subject: a yellow and blue rally car cruising in a deep jungle, uneven street, daylight, lush plants, humidity, reflective ponds."
122,perturbation,late_mid_attn,1,Arthemy_Atlas_late_mid_attn_draw1.json,S7_glass,80cb4b3354,777,euler_ancestral,simple,9,1.0,1.0,1024,1280,S7_glass_Arthemy_Atlas_late_mid_attn_draw1_seed777_00001_.png,"Style: stained glass window mosaic, vibrant translucent glass pieces, thick dark lead outlines, back-illuminated. Subject: a yellow and blue rally car cruising in a deep jungle, uneven street, daylight, lush plants, humidity, reflective ponds."
123,perturbation,late_mid_attn,1,Arthemy_Atlas_late_mid_attn_draw1.json,S7_glass,80cb4b3354,1337,euler_ancestral,simple,9,1.0,1.0,1024,1280,S7_glass_Arthemy_Atlas_late_mid_attn_draw1_seed1337_00001_.png,"Style: stained glass window mosaic, vibrant translucent glass pieces, thick dark lead outlines, back-illuminated. Subject: a yellow and blue rally car cruising in a deep jungle, uneven street, daylight, lush plants, humidity, reflective ponds."
124,perturbation,late_mid_attn,1,Arthemy_Atlas_late_mid_attn_draw1.json,S8_charcoal,eda77bf9e8,42,euler_ancestral,simple,9,1.0,1.0,1024,1280,S8_charcoal_Arthemy_Atlas_late_mid_attn_draw1_seed42_00001_.png,"Style: rough charcoal sketch, monochromatic, aggressive smudged strokes, high contrast black and white. Subject: a yellow and blue rally car cruising in a deep jungle, uneven street, daylight, lush plants, humidity, reflective ponds."
125,perturbation,late_mid_attn,1,Arthemy_Atlas_late_mid_attn_draw1.json,S8_charcoal,eda77bf9e8,777,euler_ancestral,simple,9,1.0,1.0,1024,1280,S8_charcoal_Arthemy_Atlas_late_mid_attn_draw1_seed777_00001_.png,"Style: rough charcoal sketch, monochromatic, aggressive smudged strokes, high contrast black and white. Subject: a yellow and blue rally car cruising in a deep jungle, uneven street, daylight, lush plants, humidity, reflective ponds."
126,perturbation,late_mid_attn,1,Arthemy_Atlas_late_mid_attn_draw1.json,S8_charcoal,eda77bf9e8,1337,euler_ancestral,simple,9,1.0,1.0,1024,1280,S8_charcoal_Arthemy_Atlas_late_mid_attn_draw1_seed1337_00001_.png,"Style: rough charcoal sketch, monochromatic, aggressive smudged strokes, high contrast black and white. Subject: a yellow and blue rally car cruising in a deep jungle, uneven street, daylight, lush plants, humidity, reflective ponds."
127,perturbation,late_mid_mlp,1,Arthemy_Atlas_late_mid_mlp_draw1.json,S2_watercolor,aded1ad92b,42,euler_ancestral,simple,9,1.0,1.0,1024,1280,S2_watercolor_Arthemy_Atlas_late_mid_mlp_draw1_seed42_00001_.png,"Style: watercolor painting, soft colors, wet-on-wet washes, visible paper grain. Subject: a yellow and blue rally car cruising in a deep jungle, uneven street, daylight, lush plants, humidity, reflective ponds."
128,perturbation,late_mid_mlp,1,Arthemy_Atlas_late_mid_mlp_draw1.json,S2_watercolor,aded1ad92b,777,euler_ancestral,simple,9,1.0,1.0,1024,1280,S2_watercolor_Arthemy_Atlas_late_mid_mlp_draw1_seed777_00001_.png,"Style: watercolor painting, soft colors, wet-on-wet washes, visible paper grain. Subject: a yellow and blue rally car cruising in a deep jungle, uneven street, daylight, lush plants, humidity, reflective ponds."
129,perturbation,late_mid_mlp,1,Arthemy_Atlas_late_mid_mlp_draw1.json,S2_watercolor,aded1ad92b,1337,euler_ancestral,simple,9,1.0,1.0,1024,1280,S2_watercolor_Arthemy_Atlas_late_mid_mlp_draw1_seed1337_00001_.png,"Style: watercolor painting, soft colors, wet-on-wet washes, visible paper grain. Subject: a yellow and blue rally car cruising in a deep jungle, uneven street, daylight, lush plants, humidity, reflective ponds."
130,perturbation,late_mid_mlp,1,Arthemy_Atlas_late_mid_mlp_draw1.json,S3_lowpoly,eb2c25425b,42,euler_ancestral,simple,9,1.0,1.0,1024,1280,S3_lowpoly_Arthemy_Atlas_late_mid_mlp_draw1_seed42_00001_.png,"Style: lowpoly 3D, retro videogame artstyle, flat shaded polygons, faceted geometry. Subject: a yellow and blue rally car cruising in a deep jungle, uneven street, daylight, lush plants, humidity, reflective ponds."
131,perturbation,late_mid_mlp,1,Arthemy_Atlas_late_mid_mlp_draw1.json,S3_lowpoly,eb2c25425b,777,euler_ancestral,simple,9,1.0,1.0,1024,1280,S3_lowpoly_Arthemy_Atlas_late_mid_mlp_draw1_seed777_00001_.png,"Style: lowpoly 3D, retro videogame artstyle, flat shaded polygons, faceted geometry. Subject: a yellow and blue rally car cruising in a deep jungle, uneven street, daylight, lush plants, humidity, reflective ponds."
132,perturbation,late_mid_mlp,1,Arthemy_Atlas_late_mid_mlp_draw1.json,S3_lowpoly,eb2c25425b,1337,euler_ancestral,simple,9,1.0,1.0,1024,1280,S3_lowpoly_Arthemy_Atlas_late_mid_mlp_draw1_seed1337_00001_.png,"Style: lowpoly 3D, retro videogame artstyle, flat shaded polygons, faceted geometry. Subject: a yellow and blue rally car cruising in a deep jungle, uneven street, daylight, lush plants, humidity, reflective ponds."
133,perturbation,late_mid_mlp,1,Arthemy_Atlas_late_mid_mlp_draw1.json,S4_claymation,47e50abd86,42,euler_ancestral,simple,9,1.0,1.0,1024,1280,S4_claymation_Arthemy_Atlas_late_mid_mlp_draw1_seed42_00001_.png,"Style: claymation, stop-motion animation, plasticine textures, tactile studio lighting. Subject: a yellow and blue rally car cruising in a deep jungle, uneven street, daylight, lush plants, humidity, reflective ponds."
134,perturbation,late_mid_mlp,1,Arthemy_Atlas_late_mid_mlp_draw1.json,S4_claymation,47e50abd86,777,euler_ancestral,simple,9,1.0,1.0,1024,1280,S4_claymation_Arthemy_Atlas_late_mid_mlp_draw1_seed777_00001_.png,"Style: claymation, stop-motion animation, plasticine textures, tactile studio lighting. Subject: a yellow and blue rally car cruising in a deep jungle, uneven street, daylight, lush plants, humidity, reflective ponds."
135,perturbation,late_mid_mlp,1,Arthemy_Atlas_late_mid_mlp_draw1.json,S4_claymation,47e50abd86,1337,euler_ancestral,simple,9,1.0,1.0,1024,1280,S4_claymation_Arthemy_Atlas_late_mid_mlp_draw1_seed1337_00001_.png,"Style: claymation, stop-motion animation, plasticine textures, tactile studio lighting. Subject: a yellow and blue rally car cruising in a deep jungle, uneven street, daylight, lush plants, humidity, reflective ponds."
136,perturbation,late_mid_mlp,1,Arthemy_Atlas_late_mid_mlp_draw1.json,S5_ukiyoe,831f2d868c,42,euler_ancestral,simple,9,1.0,1.0,1024,1280,S5_ukiyoe_Arthemy_Atlas_late_mid_mlp_draw1_seed42_00001_.png,"Style: traditional Japanese woodblock print, ukiyo-e, flat ink colors, intricate line work, vintage paper texture. Subject: a yellow and blue rally car cruising in a deep jungle, uneven street, daylight, lush plants, humidity, reflective ponds."
137,perturbation,late_mid_mlp,1,Arthemy_Atlas_late_mid_mlp_draw1.json,S5_ukiyoe,831f2d868c,777,euler_ancestral,simple,9,1.0,1.0,1024,1280,S5_ukiyoe_Arthemy_Atlas_late_mid_mlp_draw1_seed777_00001_.png,"Style: traditional Japanese woodblock print, ukiyo-e, flat ink colors, intricate line work, vintage paper texture. Subject: a yellow and blue rally car cruising in a deep jungle, uneven street, daylight, lush plants, humidity, reflective ponds."
138,perturbation,late_mid_mlp,1,Arthemy_Atlas_late_mid_mlp_draw1.json,S5_ukiyoe,831f2d868c,1337,euler_ancestral,simple,9,1.0,1.0,1024,1280,S5_ukiyoe_Arthemy_Atlas_late_mid_mlp_draw1_seed1337_00001_.png,"Style: traditional Japanese woodblock print, ukiyo-e, flat ink colors, intricate line work, vintage paper texture. Subject: a yellow and blue rally car cruising in a deep jungle, uneven street, daylight, lush plants, humidity, reflective ponds."
139,perturbation,late_mid_mlp,1,Arthemy_Atlas_late_mid_mlp_draw1.json,S6_pixel,b369f4266a,42,euler_ancestral,simple,9,1.0,1.0,1024,1280,S6_pixel_Arthemy_Atlas_late_mid_mlp_draw1_seed42_00001_.png,"Style: 8-bit pixel art, retro arcade graphics, crisp blocky edges, limited color palette. Subject: a yellow and blue rally car cruising in a deep jungle, uneven street, daylight, lush plants, humidity, reflective ponds."
140,perturbation,late_mid_mlp,1,Arthemy_Atlas_late_mid_mlp_draw1.json,S6_pixel,b369f4266a,777,euler_ancestral,simple,9,1.0,1.0,1024,1280,S6_pixel_Arthemy_Atlas_late_mid_mlp_draw1_seed777_00001_.png,"Style: 8-bit pixel art, retro arcade graphics, crisp blocky edges, limited color palette. Subject: a yellow and blue rally car cruising in a deep jungle, uneven street, daylight, lush plants, humidity, reflective ponds."
141,perturbation,late_mid_mlp,1,Arthemy_Atlas_late_mid_mlp_draw1.json,S6_pixel,b369f4266a,1337,euler_ancestral,simple,9,1.0,1.0,1024,1280,S6_pixel_Arthemy_Atlas_late_mid_mlp_draw1_seed1337_00001_.png,"Style: 8-bit pixel art, retro arcade graphics, crisp blocky edges, limited color palette. Subject: a yellow and blue rally car cruising in a deep jungle, uneven street, daylight, lush plants, humidity, reflective ponds."
142,perturbation,late_mid_mlp,1,Arthemy_Atlas_late_mid_mlp_draw1.json,S7_glass,80cb4b3354,42,euler_ancestral,simple,9,1.0,1.0,1024,1280,S7_glass_Arthemy_Atlas_late_mid_mlp_draw1_seed42_00001_.png,"Style: stained glass window mosaic, vibrant translucent glass pieces, thick dark lead outlines, back-illuminated. Subject: a yellow and blue rally car cruising in a deep jungle, uneven street, daylight, lush plants, humidity, reflective ponds."
143,perturbation,late_mid_mlp,1,Arthemy_Atlas_late_mid_mlp_draw1.json,S7_glass,80cb4b3354,777,euler_ancestral,simple,9,1.0,1.0,1024,1280,S7_glass_Arthemy_Atlas_late_mid_mlp_draw1_seed777_00001_.png,"Style: stained glass window mosaic, vibrant translucent glass pieces, thick dark lead outlines, back-illuminated. Subject: a yellow and blue rally car cruising in a deep jungle, uneven street, daylight, lush plants, humidity, reflective ponds."
144,perturbation,late_mid_mlp,1,Arthemy_Atlas_late_mid_mlp_draw1.json,S7_glass,80cb4b3354,1337,euler_ancestral,simple,9,1.0,1.0,1024,1280,S7_glass_Arthemy_Atlas_late_mid_mlp_draw1_seed1337_00001_.png,"Style: stained glass window mosaic, vibrant translucent glass pieces, thick dark lead outlines, back-illuminated. Subject: a yellow and blue rally car cruising in a deep jungle, uneven street, daylight, lush plants, humidity, reflective ponds."
145,perturbation,late_mid_mlp,1,Arthemy_Atlas_late_mid_mlp_draw1.json,S8_charcoal,eda77bf9e8,42,euler_ancestral,simple,9,1.0,1.0,1024,1280,S8_charcoal_Arthemy_Atlas_late_mid_mlp_draw1_seed42_00001_.png,"Style: rough charcoal sketch, monochromatic, aggressive smudged strokes, high contrast black and white. Subject: a yellow and blue rally car cruising in a deep jungle, uneven street, daylight, lush plants, humidity, reflective ponds."
146,perturbation,late_mid_mlp,1,Arthemy_Atlas_late_mid_mlp_draw1.json,S8_charcoal,eda77bf9e8,777,euler_ancestral,simple,9,1.0,1.0,1024,1280,S8_charcoal_Arthemy_Atlas_late_mid_mlp_draw1_seed777_00001_.png,"Style: rough charcoal sketch, monochromatic, aggressive smudged strokes, high contrast black and white. Subject: a yellow and blue rally car cruising in a deep jungle, uneven street, daylight, lush plants, humidity, reflective ponds."
147,perturbation,late_mid_mlp,1,Arthemy_Atlas_late_mid_mlp_draw1.json,S8_charcoal,eda77bf9e8,1337,euler_ancestral,simple,9,1.0,1.0,1024,1280,S8_charcoal_Arthemy_Atlas_late_mid_mlp_draw1_seed1337_00001_.png,"Style: rough charcoal sketch, monochromatic, aggressive smudged strokes, high contrast black and white. Subject: a yellow and blue rally car cruising in a deep jungle, uneven street, daylight, lush plants, humidity, reflective ponds."
148,perturbation,late_attn,1,Arthemy_Atlas_late_attn_draw1.json,S2_watercolor,aded1ad92b,42,euler_ancestral,simple,9,1.0,1.0,1024,1280,S2_watercolor_Arthemy_Atlas_late_attn_draw1_seed42_00001_.png,"Style: watercolor painting, soft colors, wet-on-wet washes, visible paper grain. Subject: a yellow and blue rally car cruising in a deep jungle, uneven street, daylight, lush plants, humidity, reflective ponds."
149,perturbation,late_attn,1,Arthemy_Atlas_late_attn_draw1.json,S2_watercolor,aded1ad92b,777,euler_ancestral,simple,9,1.0,1.0,1024,1280,S2_watercolor_Arthemy_Atlas_late_attn_draw1_seed777_00001_.png,"Style: watercolor painting, soft colors, wet-on-wet washes, visible paper grain. Subject: a yellow and blue rally car cruising in a deep jungle, uneven street, daylight, lush plants, humidity, reflective ponds."
150,perturbation,late_attn,1,Arthemy_Atlas_late_attn_draw1.json,S2_watercolor,aded1ad92b,1337,euler_ancestral,simple,9,1.0,1.0,1024,1280,S2_watercolor_Arthemy_Atlas_late_attn_draw1_seed1337_00001_.png,"Style: watercolor painting, soft colors, wet-on-wet washes, visible paper grain. Subject: a yellow and blue rally car cruising in a deep jungle, uneven street, daylight, lush plants, humidity, reflective ponds."
151,perturbation,late_attn,1,Arthemy_Atlas_late_attn_draw1.json,S3_lowpoly,eb2c25425b,42,euler_ancestral,simple,9,1.0,1.0,1024,1280,S3_lowpoly_Arthemy_Atlas_late_attn_draw1_seed42_00001_.png,"Style: lowpoly 3D, retro videogame artstyle, flat shaded polygons, faceted geometry. Subject: a yellow and blue rally car cruising in a deep jungle, uneven street, daylight, lush plants, humidity, reflective ponds."
152,perturbation,late_attn,1,Arthemy_Atlas_late_attn_draw1.json,S3_lowpoly,eb2c25425b,777,euler_ancestral,simple,9,1.0,1.0,1024,1280,S3_lowpoly_Arthemy_Atlas_late_attn_draw1_seed777_00001_.png,"Style: lowpoly 3D, retro videogame artstyle, flat shaded polygons, faceted geometry. Subject: a yellow and blue rally car cruising in a deep jungle, uneven street, daylight, lush plants, humidity, reflective ponds."
153,perturbation,late_attn,1,Arthemy_Atlas_late_attn_draw1.json,S3_lowpoly,eb2c25425b,1337,euler_ancestral,simple,9,1.0,1.0,1024,1280,S3_lowpoly_Arthemy_Atlas_late_attn_draw1_seed1337_00001_.png,"Style: lowpoly 3D, retro videogame artstyle, flat shaded polygons, faceted geometry. Subject: a yellow and blue rally car cruising in a deep jungle, uneven street, daylight, lush plants, humidity, reflective ponds."
154,perturbation,late_attn,1,Arthemy_Atlas_late_attn_draw1.json,S4_claymation,47e50abd86,42,euler_ancestral,simple,9,1.0,1.0,1024,1280,S4_claymation_Arthemy_Atlas_late_attn_draw1_seed42_00001_.png,"Style: claymation, stop-motion animation, plasticine textures, tactile studio lighting. Subject: a yellow and blue rally car cruising in a deep jungle, uneven street, daylight, lush plants, humidity, reflective ponds."
155,perturbation,late_attn,1,Arthemy_Atlas_late_attn_draw1.json,S4_claymation,47e50abd86,777,euler_ancestral,simple,9,1.0,1.0,1024,1280,S4_claymation_Arthemy_Atlas_late_attn_draw1_seed777_00001_.png,"Style: claymation, stop-motion animation, plasticine textures, tactile studio lighting. Subject: a yellow and blue rally car cruising in a deep jungle, uneven street, daylight, lush plants, humidity, reflective ponds."
156,perturbation,late_attn,1,Arthemy_Atlas_late_attn_draw1.json,S4_claymation,47e50abd86,1337,euler_ancestral,simple,9,1.0,1.0,1024,1280,S4_claymation_Arthemy_Atlas_late_attn_draw1_seed1337_00001_.png,"Style: claymation, stop-motion animation, plasticine textures, tactile studio lighting. Subject: a yellow and blue rally car cruising in a deep jungle, uneven street, daylight, lush plants, humidity, reflective ponds."
157,perturbation,late_attn,1,Arthemy_Atlas_late_attn_draw1.json,S5_ukiyoe,831f2d868c,42,euler_ancestral,simple,9,1.0,1.0,1024,1280,S5_ukiyoe_Arthemy_Atlas_late_attn_draw1_seed42_00001_.png,"Style: traditional Japanese woodblock print, ukiyo-e, flat ink colors, intricate line work, vintage paper texture. Subject: a yellow and blue rally car cruising in a deep jungle, uneven street, daylight, lush plants, humidity, reflective ponds."
158,perturbation,late_attn,1,Arthemy_Atlas_late_attn_draw1.json,S5_ukiyoe,831f2d868c,777,euler_ancestral,simple,9,1.0,1.0,1024,1280,S5_ukiyoe_Arthemy_Atlas_late_attn_draw1_seed777_00001_.png,"Style: traditional Japanese woodblock print, ukiyo-e, flat ink colors, intricate line work, vintage paper texture. Subject: a yellow and blue rally car cruising in a deep jungle, uneven street, daylight, lush plants, humidity, reflective ponds."
159,perturbation,late_attn,1,Arthemy_Atlas_late_attn_draw1.json,S5_ukiyoe,831f2d868c,1337,euler_ancestral,simple,9,1.0,1.0,1024,1280,S5_ukiyoe_Arthemy_Atlas_late_attn_draw1_seed1337_00001_.png,"Style: traditional Japanese woodblock print, ukiyo-e, flat ink colors, intricate line work, vintage paper texture. Subject: a yellow and blue rally car cruising in a deep jungle, uneven street, daylight, lush plants, humidity, reflective ponds."
160,perturbation,late_attn,1,Arthemy_Atlas_late_attn_draw1.json,S6_pixel,b369f4266a,42,euler_ancestral,simple,9,1.0,1.0,1024,1280,S6_pixel_Arthemy_Atlas_late_attn_draw1_seed42_00001_.png,"Style: 8-bit pixel art, retro arcade graphics, crisp blocky edges, limited color palette. Subject: a yellow and blue rally car cruising in a deep jungle, uneven street, daylight, lush plants, humidity, reflective ponds."
161,perturbation,late_attn,1,Arthemy_Atlas_late_attn_draw1.json,S6_pixel,b369f4266a,777,euler_ancestral,simple,9,1.0,1.0,1024,1280,S6_pixel_Arthemy_Atlas_late_attn_draw1_seed777_00001_.png,"Style: 8-bit pixel art, retro arcade graphics, crisp blocky edges, limited color palette. Subject: a yellow and blue rally car cruising in a deep jungle, uneven street, daylight, lush plants, humidity, reflective ponds."
162,perturbation,late_attn,1,Arthemy_Atlas_late_attn_draw1.json,S6_pixel,b369f4266a,1337,euler_ancestral,simple,9,1.0,1.0,1024,1280,S6_pixel_Arthemy_Atlas_late_attn_draw1_seed1337_00001_.png,"Style: 8-bit pixel art, retro arcade graphics, crisp blocky edges, limited color palette. Subject: a yellow and blue rally car cruising in a deep jungle, uneven street, daylight, lush plants, humidity, reflective ponds."
163,perturbation,late_attn,1,Arthemy_Atlas_late_attn_draw1.json,S7_glass,80cb4b3354,42,euler_ancestral,simple,9,1.0,1.0,1024,1280,S7_glass_Arthemy_Atlas_late_attn_draw1_seed42_00001_.png,"Style: stained glass window mosaic, vibrant translucent glass pieces, thick dark lead outlines, back-illuminated. Subject: a yellow and blue rally car cruising in a deep jungle, uneven street, daylight, lush plants, humidity, reflective ponds."
164,perturbation,late_attn,1,Arthemy_Atlas_late_attn_draw1.json,S7_glass,80cb4b3354,777,euler_ancestral,simple,9,1.0,1.0,1024,1280,S7_glass_Arthemy_Atlas_late_attn_draw1_seed777_00001_.png,"Style: stained glass window mosaic, vibrant translucent glass pieces, thick dark lead outlines, back-illuminated. Subject: a yellow and blue rally car cruising in a deep jungle, uneven street, daylight, lush plants, humidity, reflective ponds."
165,perturbation,late_attn,1,Arthemy_Atlas_late_attn_draw1.json,S7_glass,80cb4b3354,1337,euler_ancestral,simple,9,1.0,1.0,1024,1280,S7_glass_Arthemy_Atlas_late_attn_draw1_seed1337_00001_.png,"Style: stained glass window mosaic, vibrant translucent glass pieces, thick dark lead outlines, back-illuminated. Subject: a yellow and blue rally car cruising in a deep jungle, uneven street, daylight, lush plants, humidity, reflective ponds."
166,perturbation,late_attn,1,Arthemy_Atlas_late_attn_draw1.json,S8_charcoal,eda77bf9e8,42,euler_ancestral,simple,9,1.0,1.0,1024,1280,S8_charcoal_Arthemy_Atlas_late_attn_draw1_seed42_00001_.png,"Style: rough charcoal sketch, monochromatic, aggressive smudged strokes, high contrast black and white. Subject: a yellow and blue rally car cruising in a deep jungle, uneven street, daylight, lush plants, humidity, reflective ponds."
167,perturbation,late_attn,1,Arthemy_Atlas_late_attn_draw1.json,S8_charcoal,eda77bf9e8,777,euler_ancestral,simple,9,1.0,1.0,1024,1280,S8_charcoal_Arthemy_Atlas_late_attn_draw1_seed777_00001_.png,"Style: rough charcoal sketch, monochromatic, aggressive smudged strokes, high contrast black and white. Subject: a yellow and blue rally car cruising in a deep jungle, uneven street, daylight, lush plants, humidity, reflective ponds."
168,perturbation,late_attn,1,Arthemy_Atlas_late_attn_draw1.json,S8_charcoal,eda77bf9e8,1337,euler_ancestral,simple,9,1.0,1.0,1024,1280,S8_charcoal_Arthemy_Atlas_late_attn_draw1_seed1337_00001_.png,"Style: rough charcoal sketch, monochromatic, aggressive smudged strokes, high contrast black and white. Subject: a yellow and blue rally car cruising in a deep jungle, uneven street, daylight, lush plants, humidity, reflective ponds."
169,perturbation,late_mlp,1,Arthemy_Atlas_late_mlp_draw1.json,S2_watercolor,aded1ad92b,42,euler_ancestral,simple,9,1.0,1.0,1024,1280,S2_watercolor_Arthemy_Atlas_late_mlp_draw1_seed42_00001_.png,"Style: watercolor painting, soft colors, wet-on-wet washes, visible paper grain. Subject: a yellow and blue rally car cruising in a deep jungle, uneven street, daylight, lush plants, humidity, reflective ponds."
170,perturbation,late_mlp,1,Arthemy_Atlas_late_mlp_draw1.json,S2_watercolor,aded1ad92b,777,euler_ancestral,simple,9,1.0,1.0,1024,1280,S2_watercolor_Arthemy_Atlas_late_mlp_draw1_seed777_00001_.png,"Style: watercolor painting, soft colors, wet-on-wet washes, visible paper grain. Subject: a yellow and blue rally car cruising in a deep jungle, uneven street, daylight, lush plants, humidity, reflective ponds."
171,perturbation,late_mlp,1,Arthemy_Atlas_late_mlp_draw1.json,S2_watercolor,aded1ad92b,1337,euler_ancestral,simple,9,1.0,1.0,1024,1280,S2_watercolor_Arthemy_Atlas_late_mlp_draw1_seed1337_00001_.png,"Style: watercolor painting, soft colors, wet-on-wet washes, visible paper grain. Subject: a yellow and blue rally car cruising in a deep jungle, uneven street, daylight, lush plants, humidity, reflective ponds."
172,perturbation,late_mlp,1,Arthemy_Atlas_late_mlp_draw1.json,S3_lowpoly,eb2c25425b,42,euler_ancestral,simple,9,1.0,1.0,1024,1280,S3_lowpoly_Arthemy_Atlas_late_mlp_draw1_seed42_00001_.png,"Style: lowpoly 3D, retro videogame artstyle, flat shaded polygons, faceted geometry. Subject: a yellow and blue rally car cruising in a deep jungle, uneven street, daylight, lush plants, humidity, reflective ponds."
173,perturbation,late_mlp,1,Arthemy_Atlas_late_mlp_draw1.json,S3_lowpoly,eb2c25425b,777,euler_ancestral,simple,9,1.0,1.0,1024,1280,S3_lowpoly_Arthemy_Atlas_late_mlp_draw1_seed777_00001_.png,"Style: lowpoly 3D, retro videogame artstyle, flat shaded polygons, faceted geometry. Subject: a yellow and blue rally car cruising in a deep jungle, uneven street, daylight, lush plants, humidity, reflective ponds."
174,perturbation,late_mlp,1,Arthemy_Atlas_late_mlp_draw1.json,S3_lowpoly,eb2c25425b,1337,euler_ancestral,simple,9,1.0,1.0,1024,1280,S3_lowpoly_Arthemy_Atlas_late_mlp_draw1_seed1337_00001_.png,"Style: lowpoly 3D, retro videogame artstyle, flat shaded polygons, faceted geometry. Subject: a yellow and blue rally car cruising in a deep jungle, uneven street, daylight, lush plants, humidity, reflective ponds."
175,perturbation,late_mlp,1,Arthemy_Atlas_late_mlp_draw1.json,S4_claymation,47e50abd86,42,euler_ancestral,simple,9,1.0,1.0,1024,1280,S4_claymation_Arthemy_Atlas_late_mlp_draw1_seed42_00001_.png,"Style: claymation, stop-motion animation, plasticine textures, tactile studio lighting. Subject: a yellow and blue rally car cruising in a deep jungle, uneven street, daylight, lush plants, humidity, reflective ponds."
176,perturbation,late_mlp,1,Arthemy_Atlas_late_mlp_draw1.json,S4_claymation,47e50abd86,777,euler_ancestral,simple,9,1.0,1.0,1024,1280,S4_claymation_Arthemy_Atlas_late_mlp_draw1_seed777_00001_.png,"Style: claymation, stop-motion animation, plasticine textures, tactile studio lighting. Subject: a yellow and blue rally car cruising in a deep jungle, uneven street, daylight, lush plants, humidity, reflective ponds."
177,perturbation,late_mlp,1,Arthemy_Atlas_late_mlp_draw1.json,S4_claymation,47e50abd86,1337,euler_ancestral,simple,9,1.0,1.0,1024,1280,S4_claymation_Arthemy_Atlas_late_mlp_draw1_seed1337_00001_.png,"Style: claymation, stop-motion animation, plasticine textures, tactile studio lighting. Subject: a yellow and blue rally car cruising in a deep jungle, uneven street, daylight, lush plants, humidity, reflective ponds."
178,perturbation,late_mlp,1,Arthemy_Atlas_late_mlp_draw1.json,S5_ukiyoe,831f2d868c,42,euler_ancestral,simple,9,1.0,1.0,1024,1280,S5_ukiyoe_Arthemy_Atlas_late_mlp_draw1_seed42_00001_.png,"Style: traditional Japanese woodblock print, ukiyo-e, flat ink colors, intricate line work, vintage paper texture. Subject: a yellow and blue rally car cruising in a deep jungle, uneven street, daylight, lush plants, humidity, reflective ponds."
179,perturbation,late_mlp,1,Arthemy_Atlas_late_mlp_draw1.json,S5_ukiyoe,831f2d868c,777,euler_ancestral,simple,9,1.0,1.0,1024,1280,S5_ukiyoe_Arthemy_Atlas_late_mlp_draw1_seed777_00001_.png,"Style: traditional Japanese woodblock print, ukiyo-e, flat ink colors, intricate line work, vintage paper texture. Subject: a yellow and blue rally car cruising in a deep jungle, uneven street, daylight, lush plants, humidity, reflective ponds."
180,perturbation,late_mlp,1,Arthemy_Atlas_late_mlp_draw1.json,S5_ukiyoe,831f2d868c,1337,euler_ancestral,simple,9,1.0,1.0,1024,1280,S5_ukiyoe_Arthemy_Atlas_late_mlp_draw1_seed1337_00001_.png,"Style: traditional Japanese woodblock print, ukiyo-e, flat ink colors, intricate line work, vintage paper texture. Subject: a yellow and blue rally car cruising in a deep jungle, uneven street, daylight, lush plants, humidity, reflective ponds."
181,perturbation,late_mlp,1,Arthemy_Atlas_late_mlp_draw1.json,S6_pixel,b369f4266a,42,euler_ancestral,simple,9,1.0,1.0,1024,1280,S6_pixel_Arthemy_Atlas_late_mlp_draw1_seed42_00001_.png,"Style: 8-bit pixel art, retro arcade graphics, crisp blocky edges, limited color palette. Subject: a yellow and blue rally car cruising in a deep jungle, uneven street, daylight, lush plants, humidity, reflective ponds."
182,perturbation,late_mlp,1,Arthemy_Atlas_late_mlp_draw1.json,S6_pixel,b369f4266a,777,euler_ancestral,simple,9,1.0,1.0,1024,1280,S6_pixel_Arthemy_Atlas_late_mlp_draw1_seed777_00001_.png,"Style: 8-bit pixel art, retro arcade graphics, crisp blocky edges, limited color palette. Subject: a yellow and blue rally car cruising in a deep jungle, uneven street, daylight, lush plants, humidity, reflective ponds."
183,perturbation,late_mlp,1,Arthemy_Atlas_late_mlp_draw1.json,S6_pixel,b369f4266a,1337,euler_ancestral,simple,9,1.0,1.0,1024,1280,S6_pixel_Arthemy_Atlas_late_mlp_draw1_seed1337_00001_.png,"Style: 8-bit pixel art, retro arcade graphics, crisp blocky edges, limited color palette. Subject: a yellow and blue rally car cruising in a deep jungle, uneven street, daylight, lush plants, humidity, reflective ponds."
184,perturbation,late_mlp,1,Arthemy_Atlas_late_mlp_draw1.json,S7_glass,80cb4b3354,42,euler_ancestral,simple,9,1.0,1.0,1024,1280,S7_glass_Arthemy_Atlas_late_mlp_draw1_seed42_00001_.png,"Style: stained glass window mosaic, vibrant translucent glass pieces, thick dark lead outlines, back-illuminated. Subject: a yellow and blue rally car cruising in a deep jungle, uneven street, daylight, lush plants, humidity, reflective ponds."
185,perturbation,late_mlp,1,Arthemy_Atlas_late_mlp_draw1.json,S7_glass,80cb4b3354,777,euler_ancestral,simple,9,1.0,1.0,1024,1280,S7_glass_Arthemy_Atlas_late_mlp_draw1_seed777_00001_.png,"Style: stained glass window mosaic, vibrant translucent glass pieces, thick dark lead outlines, back-illuminated. Subject: a yellow and blue rally car cruising in a deep jungle, uneven street, daylight, lush plants, humidity, reflective ponds."
186,perturbation,late_mlp,1,Arthemy_Atlas_late_mlp_draw1.json,S7_glass,80cb4b3354,1337,euler_ancestral,simple,9,1.0,1.0,1024,1280,S7_glass_Arthemy_Atlas_late_mlp_draw1_seed1337_00001_.png,"Style: stained glass window mosaic, vibrant translucent glass pieces, thick dark lead outlines, back-illuminated. Subject: a yellow and blue rally car cruising in a deep jungle, uneven street, daylight, lush plants, humidity, reflective ponds."
187,perturbation,late_mlp,1,Arthemy_Atlas_late_mlp_draw1.json,S8_charcoal,eda77bf9e8,42,euler_ancestral,simple,9,1.0,1.0,1024,1280,S8_charcoal_Arthemy_Atlas_late_mlp_draw1_seed42_00001_.png,"Style: rough charcoal sketch, monochromatic, aggressive smudged strokes, high contrast black and white. Subject: a yellow and blue rally car cruising in a deep jungle, uneven street, daylight, lush plants, humidity, reflective ponds."
188,perturbation,late_mlp,1,Arthemy_Atlas_late_mlp_draw1.json,S8_charcoal,eda77bf9e8,777,euler_ancestral,simple,9,1.0,1.0,1024,1280,S8_charcoal_Arthemy_Atlas_late_mlp_draw1_seed777_00001_.png,"Style: rough charcoal sketch, monochromatic, aggressive smudged strokes, high contrast black and white. Subject: a yellow and blue rally car cruising in a deep jungle, uneven street, daylight, lush plants, humidity, reflective ponds."
189,perturbation,late_mlp,1,Arthemy_Atlas_late_mlp_draw1.json,S8_charcoal,eda77bf9e8,1337,euler_ancestral,simple,9,1.0,1.0,1024,1280,S8_charcoal_Arthemy_Atlas_late_mlp_draw1_seed1337_00001_.png,"Style: rough charcoal sketch, monochromatic, aggressive smudged strokes, high contrast black and white. Subject: a yellow and blue rally car cruising in a deep jungle, uneven street, daylight, lush plants, humidity, reflective ponds."
190,perturbation,modulation_norm,1,Arthemy_Atlas_modulation_norm_draw1.json,S2_watercolor,aded1ad92b,42,euler_ancestral,simple,9,1.0,1.0,1024,1280,S2_watercolor_Arthemy_Atlas_modulation_norm_draw1_seed42_00001_.png,"Style: watercolor painting, soft colors, wet-on-wet washes, visible paper grain. Subject: a yellow and blue rally car cruising in a deep jungle, uneven street, daylight, lush plants, humidity, reflective ponds."
191,perturbation,modulation_norm,1,Arthemy_Atlas_modulation_norm_draw1.json,S2_watercolor,aded1ad92b,777,euler_ancestral,simple,9,1.0,1.0,1024,1280,S2_watercolor_Arthemy_Atlas_modulation_norm_draw1_seed777_00001_.png,"Style: watercolor painting, soft colors, wet-on-wet washes, visible paper grain. Subject: a yellow and blue rally car cruising in a deep jungle, uneven street, daylight, lush plants, humidity, reflective ponds."
192,perturbation,modulation_norm,1,Arthemy_Atlas_modulation_norm_draw1.json,S2_watercolor,aded1ad92b,1337,euler_ancestral,simple,9,1.0,1.0,1024,1280,S2_watercolor_Arthemy_Atlas_modulation_norm_draw1_seed1337_00001_.png,"Style: watercolor painting, soft colors, wet-on-wet washes, visible paper grain. Subject: a yellow and blue rally car cruising in a deep jungle, uneven street, daylight, lush plants, humidity, reflective ponds."
193,perturbation,modulation_norm,1,Arthemy_Atlas_modulation_norm_draw1.json,S3_lowpoly,eb2c25425b,42,euler_ancestral,simple,9,1.0,1.0,1024,1280,S3_lowpoly_Arthemy_Atlas_modulation_norm_draw1_seed42_00001_.png,"Style: lowpoly 3D, retro videogame artstyle, flat shaded polygons, faceted geometry. Subject: a yellow and blue rally car cruising in a deep jungle, uneven street, daylight, lush plants, humidity, reflective ponds."
194,perturbation,modulation_norm,1,Arthemy_Atlas_modulation_norm_draw1.json,S3_lowpoly,eb2c25425b,777,euler_ancestral,simple,9,1.0,1.0,1024,1280,S3_lowpoly_Arthemy_Atlas_modulation_norm_draw1_seed777_00001_.png,"Style: lowpoly 3D, retro videogame artstyle, flat shaded polygons, faceted geometry. Subject: a yellow and blue rally car cruising in a deep jungle, uneven street, daylight, lush plants, humidity, reflective ponds."
195,perturbation,modulation_norm,1,Arthemy_Atlas_modulation_norm_draw1.json,S3_lowpoly,eb2c25425b,1337,euler_ancestral,simple,9,1.0,1.0,1024,1280,S3_lowpoly_Arthemy_Atlas_modulation_norm_draw1_seed1337_00001_.png,"Style: lowpoly 3D, retro videogame artstyle, flat shaded polygons, faceted geometry. Subject: a yellow and blue rally car cruising in a deep jungle, uneven street, daylight, lush plants, humidity, reflective ponds."
196,perturbation,modulation_norm,1,Arthemy_Atlas_modulation_norm_draw1.json,S4_claymation,47e50abd86,42,euler_ancestral,simple,9,1.0,1.0,1024,1280,S4_claymation_Arthemy_Atlas_modulation_norm_draw1_seed42_00001_.png,"Style: claymation, stop-motion animation, plasticine textures, tactile studio lighting. Subject: a yellow and blue rally car cruising in a deep jungle, uneven street, daylight, lush plants, humidity, reflective ponds."
197,perturbation,modulation_norm,1,Arthemy_Atlas_modulation_norm_draw1.json,S4_claymation,47e50abd86,777,euler_ancestral,simple,9,1.0,1.0,1024,1280,S4_claymation_Arthemy_Atlas_modulation_norm_draw1_seed777_00001_.png,"Style: claymation, stop-motion animation, plasticine textures, tactile studio lighting. Subject: a yellow and blue rally car cruising in a deep jungle, uneven street, daylight, lush plants, humidity, reflective ponds."
198,perturbation,modulation_norm,1,Arthemy_Atlas_modulation_norm_draw1.json,S4_claymation,47e50abd86,1337,euler_ancestral,simple,9,1.0,1.0,1024,1280,S4_claymation_Arthemy_Atlas_modulation_norm_draw1_seed1337_00001_.png,"Style: claymation, stop-motion animation, plasticine textures, tactile studio lighting. Subject: a yellow and blue rally car cruising in a deep jungle, uneven street, daylight, lush plants, humidity, reflective ponds."
199,perturbation,modulation_norm,1,Arthemy_Atlas_modulation_norm_draw1.json,S5_ukiyoe,831f2d868c,42,euler_ancestral,simple,9,1.0,1.0,1024,1280,S5_ukiyoe_Arthemy_Atlas_modulation_norm_draw1_seed42_00001_.png,"Style: traditional Japanese woodblock print, ukiyo-e, flat ink colors, intricate line work, vintage paper texture. Subject: a yellow and blue rally car cruising in a deep jungle, uneven street, daylight, lush plants, humidity, reflective ponds."
200,perturbation,modulation_norm,1,Arthemy_Atlas_modulation_norm_draw1.json,S5_ukiyoe,831f2d868c,777,euler_ancestral,simple,9,1.0,1.0,1024,1280,S5_ukiyoe_Arthemy_Atlas_modulation_norm_draw1_seed777_00001_.png,"Style: traditional Japanese woodblock print, ukiyo-e, flat ink colors, intricate line work, vintage paper texture. Subject: a yellow and blue rally car cruising in a deep jungle, uneven street, daylight, lush plants, humidity, reflective ponds."
201,perturbation,modulation_norm,1,Arthemy_Atlas_modulation_norm_draw1.json,S5_ukiyoe,831f2d868c,1337,euler_ancestral,simple,9,1.0,1.0,1024,1280,S5_ukiyoe_Arthemy_Atlas_modulation_norm_draw1_seed1337_00001_.png,"Style: traditional Japanese woodblock print, ukiyo-e, flat ink colors, intricate line work, vintage paper texture. Subject: a yellow and blue rally car cruising in a deep jungle, uneven street, daylight, lush plants, humidity, reflective ponds."
202,perturbation,modulation_norm,1,Arthemy_Atlas_modulation_norm_draw1.json,S6_pixel,b369f4266a,42,euler_ancestral,simple,9,1.0,1.0,1024,1280,S6_pixel_Arthemy_Atlas_modulation_norm_draw1_seed42_00001_.png,"Style: 8-bit pixel art, retro arcade graphics, crisp blocky edges, limited color palette. Subject: a yellow and blue rally car cruising in a deep jungle, uneven street, daylight, lush plants, humidity, reflective ponds."
203,perturbation,modulation_norm,1,Arthemy_Atlas_modulation_norm_draw1.json,S6_pixel,b369f4266a,777,euler_ancestral,simple,9,1.0,1.0,1024,1280,S6_pixel_Arthemy_Atlas_modulation_norm_draw1_seed777_00001_.png,"Style: 8-bit pixel art, retro arcade graphics, crisp blocky edges, limited color palette. Subject: a yellow and blue rally car cruising in a deep jungle, uneven street, daylight, lush plants, humidity, reflective ponds."
204,perturbation,modulation_norm,1,Arthemy_Atlas_modulation_norm_draw1.json,S6_pixel,b369f4266a,1337,euler_ancestral,simple,9,1.0,1.0,1024,1280,S6_pixel_Arthemy_Atlas_modulation_norm_draw1_seed1337_00001_.png,"Style: 8-bit pixel art, retro arcade graphics, crisp blocky edges, limited color palette. Subject: a yellow and blue rally car cruising in a deep jungle, uneven street, daylight, lush plants, humidity, reflective ponds."
205,perturbation,modulation_norm,1,Arthemy_Atlas_modulation_norm_draw1.json,S7_glass,80cb4b3354,42,euler_ancestral,simple,9,1.0,1.0,1024,1280,S7_glass_Arthemy_Atlas_modulation_norm_draw1_seed42_00001_.png,"Style: stained glass window mosaic, vibrant translucent glass pieces, thick dark lead outlines, back-illuminated. Subject: a yellow and blue rally car cruising in a deep jungle, uneven street, daylight, lush plants, humidity, reflective ponds."
206,perturbation,modulation_norm,1,Arthemy_Atlas_modulation_norm_draw1.json,S7_glass,80cb4b3354,777,euler_ancestral,simple,9,1.0,1.0,1024,1280,S7_glass_Arthemy_Atlas_modulation_norm_draw1_seed777_00001_.png,"Style: stained glass window mosaic, vibrant translucent glass pieces, thick dark lead outlines, back-illuminated. Subject: a yellow and blue rally car cruising in a deep jungle, uneven street, daylight, lush plants, humidity, reflective ponds."
207,perturbation,modulation_norm,1,Arthemy_Atlas_modulation_norm_draw1.json,S7_glass,80cb4b3354,1337,euler_ancestral,simple,9,1.0,1.0,1024,1280,S7_glass_Arthemy_Atlas_modulation_norm_draw1_seed1337_00001_.png,"Style: stained glass window mosaic, vibrant translucent glass pieces, thick dark lead outlines, back-illuminated. Subject: a yellow and blue rally car cruising in a deep jungle, uneven street, daylight, lush plants, humidity, reflective ponds."
208,perturbation,modulation_norm,1,Arthemy_Atlas_modulation_norm_draw1.json,S8_charcoal,eda77bf9e8,42,euler_ancestral,simple,9,1.0,1.0,1024,1280,S8_charcoal_Arthemy_Atlas_modulation_norm_draw1_seed42_00001_.png,"Style: rough charcoal sketch, monochromatic, aggressive smudged strokes, high contrast black and white. Subject: a yellow and blue rally car cruising in a deep jungle, uneven street, daylight, lush plants, humidity, reflective ponds."
209,perturbation,modulation_norm,1,Arthemy_Atlas_modulation_norm_draw1.json,S8_charcoal,eda77bf9e8,777,euler_ancestral,simple,9,1.0,1.0,1024,1280,S8_charcoal_Arthemy_Atlas_modulation_norm_draw1_seed777_00001_.png,"Style: rough charcoal sketch, monochromatic, aggressive smudged strokes, high contrast black and white. Subject: a yellow and blue rally car cruising in a deep jungle, uneven street, daylight, lush plants, humidity, reflective ponds."
210,perturbation,modulation_norm,1,Arthemy_Atlas_modulation_norm_draw1.json,S8_charcoal,eda77bf9e8,1337,euler_ancestral,simple,9,1.0,1.0,1024,1280,S8_charcoal_Arthemy_Atlas_modulation_norm_draw1_seed1337_00001_.png,"Style: rough charcoal sketch, monochromatic, aggressive smudged strokes, high contrast black and white. Subject: a yellow and blue rally car cruising in a deep jungle, uneven street, daylight, lush plants, humidity, reflective ponds."
211,perturbation,txtfusion,1,Arthemy_Atlas_txtfusion_draw1.json,S2_watercolor,aded1ad92b,42,euler_ancestral,simple,9,1.0,1.0,1024,1280,S2_watercolor_Arthemy_Atlas_txtfusion_draw1_seed42_00001_.png,"Style: watercolor painting, soft colors, wet-on-wet washes, visible paper grain. Subject: a yellow and blue rally car cruising in a deep jungle, uneven street, daylight, lush plants, humidity, reflective ponds."
212,perturbation,txtfusion,1,Arthemy_Atlas_txtfusion_draw1.json,S2_watercolor,aded1ad92b,777,euler_ancestral,simple,9,1.0,1.0,1024,1280,S2_watercolor_Arthemy_Atlas_txtfusion_draw1_seed777_00001_.png,"Style: watercolor painting, soft colors, wet-on-wet washes, visible paper grain. Subject: a yellow and blue rally car cruising in a deep jungle, uneven street, daylight, lush plants, humidity, reflective ponds."
213,perturbation,txtfusion,1,Arthemy_Atlas_txtfusion_draw1.json,S2_watercolor,aded1ad92b,1337,euler_ancestral,simple,9,1.0,1.0,1024,1280,S2_watercolor_Arthemy_Atlas_txtfusion_draw1_seed1337_00001_.png,"Style: watercolor painting, soft colors, wet-on-wet washes, visible paper grain. Subject: a yellow and blue rally car cruising in a deep jungle, uneven street, daylight, lush plants, humidity, reflective ponds."
214,perturbation,txtfusion,1,Arthemy_Atlas_txtfusion_draw1.json,S3_lowpoly,eb2c25425b,42,euler_ancestral,simple,9,1.0,1.0,1024,1280,S3_lowpoly_Arthemy_Atlas_txtfusion_draw1_seed42_00001_.png,"Style: lowpoly 3D, retro videogame artstyle, flat shaded polygons, faceted geometry. Subject: a yellow and blue rally car cruising in a deep jungle, uneven street, daylight, lush plants, humidity, reflective ponds."
215,perturbation,txtfusion,1,Arthemy_Atlas_txtfusion_draw1.json,S3_lowpoly,eb2c25425b,777,euler_ancestral,simple,9,1.0,1.0,1024,1280,S3_lowpoly_Arthemy_Atlas_txtfusion_draw1_seed777_00001_.png,"Style: lowpoly 3D, retro videogame artstyle, flat shaded polygons, faceted geometry. Subject: a yellow and blue rally car cruising in a deep jungle, uneven street, daylight, lush plants, humidity, reflective ponds."
216,perturbation,txtfusion,1,Arthemy_Atlas_txtfusion_draw1.json,S3_lowpoly,eb2c25425b,1337,euler_ancestral,simple,9,1.0,1.0,1024,1280,S3_lowpoly_Arthemy_Atlas_txtfusion_draw1_seed1337_00001_.png,"Style: lowpoly 3D, retro videogame artstyle, flat shaded polygons, faceted geometry. Subject: a yellow and blue rally car cruising in a deep jungle, uneven street, daylight, lush plants, humidity, reflective ponds."
217,perturbation,txtfusion,1,Arthemy_Atlas_txtfusion_draw1.json,S4_claymation,47e50abd86,42,euler_ancestral,simple,9,1.0,1.0,1024,1280,S4_claymation_Arthemy_Atlas_txtfusion_draw1_seed42_00001_.png,"Style: claymation, stop-motion animation, plasticine textures, tactile studio lighting. Subject: a yellow and blue rally car cruising in a deep jungle, uneven street, daylight, lush plants, humidity, reflective ponds."
218,perturbation,txtfusion,1,Arthemy_Atlas_txtfusion_draw1.json,S4_claymation,47e50abd86,777,euler_ancestral,simple,9,1.0,1.0,1024,1280,S4_claymation_Arthemy_Atlas_txtfusion_draw1_seed777_00001_.png,"Style: claymation, stop-motion animation, plasticine textures, tactile studio lighting. Subject: a yellow and blue rally car cruising in a deep jungle, uneven street, daylight, lush plants, humidity, reflective ponds."
219,perturbation,txtfusion,1,Arthemy_Atlas_txtfusion_draw1.json,S4_claymation,47e50abd86,1337,euler_ancestral,simple,9,1.0,1.0,1024,1280,S4_claymation_Arthemy_Atlas_txtfusion_draw1_seed1337_00001_.png,"Style: claymation, stop-motion animation, plasticine textures, tactile studio lighting. Subject: a yellow and blue rally car cruising in a deep jungle, uneven street, daylight, lush plants, humidity, reflective ponds."
220,perturbation,txtfusion,1,Arthemy_Atlas_txtfusion_draw1.json,S5_ukiyoe,831f2d868c,42,euler_ancestral,simple,9,1.0,1.0,1024,1280,S5_ukiyoe_Arthemy_Atlas_txtfusion_draw1_seed42_00001_.png,"Style: traditional Japanese woodblock print, ukiyo-e, flat ink colors, intricate line work, vintage paper texture. Subject: a yellow and blue rally car cruising in a deep jungle, uneven street, daylight, lush plants, humidity, reflective ponds."
221,perturbation,txtfusion,1,Arthemy_Atlas_txtfusion_draw1.json,S5_ukiyoe,831f2d868c,777,euler_ancestral,simple,9,1.0,1.0,1024,1280,S5_ukiyoe_Arthemy_Atlas_txtfusion_draw1_seed777_00001_.png,"Style: traditional Japanese woodblock print, ukiyo-e, flat ink colors, intricate line work, vintage paper texture. Subject: a yellow and blue rally car cruising in a deep jungle, uneven street, daylight, lush plants, humidity, reflective ponds."
222,perturbation,txtfusion,1,Arthemy_Atlas_txtfusion_draw1.json,S5_ukiyoe,831f2d868c,1337,euler_ancestral,simple,9,1.0,1.0,1024,1280,S5_ukiyoe_Arthemy_Atlas_txtfusion_draw1_seed1337_00001_.png,"Style: traditional Japanese woodblock print, ukiyo-e, flat ink colors, intricate line work, vintage paper texture. Subject: a yellow and blue rally car cruising in a deep jungle, uneven street, daylight, lush plants, humidity, reflective ponds."
223,perturbation,txtfusion,1,Arthemy_Atlas_txtfusion_draw1.json,S6_pixel,b369f4266a,42,euler_ancestral,simple,9,1.0,1.0,1024,1280,S6_pixel_Arthemy_Atlas_txtfusion_draw1_seed42_00001_.png,"Style: 8-bit pixel art, retro arcade graphics, crisp blocky edges, limited color palette. Subject: a yellow and blue rally car cruising in a deep jungle, uneven street, daylight, lush plants, humidity, reflective ponds."
224,perturbation,txtfusion,1,Arthemy_Atlas_txtfusion_draw1.json,S6_pixel,b369f4266a,777,euler_ancestral,simple,9,1.0,1.0,1024,1280,S6_pixel_Arthemy_Atlas_txtfusion_draw1_seed777_00001_.png,"Style: 8-bit pixel art, retro arcade graphics, crisp blocky edges, limited color palette. Subject: a yellow and blue rally car cruising in a deep jungle, uneven street, daylight, lush plants, humidity, reflective ponds."
225,perturbation,txtfusion,1,Arthemy_Atlas_txtfusion_draw1.json,S6_pixel,b369f4266a,1337,euler_ancestral,simple,9,1.0,1.0,1024,1280,S6_pixel_Arthemy_Atlas_txtfusion_draw1_seed1337_00001_.png,"Style: 8-bit pixel art, retro arcade graphics, crisp blocky edges, limited color palette. Subject: a yellow and blue rally car cruising in a deep jungle, uneven street, daylight, lush plants, humidity, reflective ponds."
226,perturbation,txtfusion,1,Arthemy_Atlas_txtfusion_draw1.json,S7_glass,80cb4b3354,42,euler_ancestral,simple,9,1.0,1.0,1024,1280,S7_glass_Arthemy_Atlas_txtfusion_draw1_seed42_00001_.png,"Style: stained glass window mosaic, vibrant translucent glass pieces, thick dark lead outlines, back-illuminated. Subject: a yellow and blue rally car cruising in a deep jungle, uneven street, daylight, lush plants, humidity, reflective ponds."
227,perturbation,txtfusion,1,Arthemy_Atlas_txtfusion_draw1.json,S7_glass,80cb4b3354,777,euler_ancestral,simple,9,1.0,1.0,1024,1280,S7_glass_Arthemy_Atlas_txtfusion_draw1_seed777_00001_.png,"Style: stained glass window mosaic, vibrant translucent glass pieces, thick dark lead outlines, back-illuminated. Subject: a yellow and blue rally car cruising in a deep jungle, uneven street, daylight, lush plants, humidity, reflective ponds."
228,perturbation,txtfusion,1,Arthemy_Atlas_txtfusion_draw1.json,S7_glass,80cb4b3354,1337,euler_ancestral,simple,9,1.0,1.0,1024,1280,S7_glass_Arthemy_Atlas_txtfusion_draw1_seed1337_00001_.png,"Style: stained glass window mosaic, vibrant translucent glass pieces, thick dark lead outlines, back-illuminated. Subject: a yellow and blue rally car cruising in a deep jungle, uneven street, daylight, lush plants, humidity, reflective ponds."
229,perturbation,txtfusion,1,Arthemy_Atlas_txtfusion_draw1.json,S8_charcoal,eda77bf9e8,42,euler_ancestral,simple,9,1.0,1.0,1024,1280,S8_charcoal_Arthemy_Atlas_txtfusion_draw1_seed42_00001_.png,"Style: rough charcoal sketch, monochromatic, aggressive smudged strokes, high contrast black and white. Subject: a yellow and blue rally car cruising in a deep jungle, uneven street, daylight, lush plants, humidity, reflective ponds."
230,perturbation,txtfusion,1,Arthemy_Atlas_txtfusion_draw1.json,S8_charcoal,eda77bf9e8,777,euler_ancestral,simple,9,1.0,1.0,1024,1280,S8_charcoal_Arthemy_Atlas_txtfusion_draw1_seed777_00001_.png,"Style: rough charcoal sketch, monochromatic, aggressive smudged strokes, high contrast black and white. Subject: a yellow and blue rally car cruising in a deep jungle, uneven street, daylight, lush plants, humidity, reflective ponds."
231,perturbation,txtfusion,1,Arthemy_Atlas_txtfusion_draw1.json,S8_charcoal,eda77bf9e8,1337,euler_ancestral,simple,9,1.0,1.0,1024,1280,S8_charcoal_Arthemy_Atlas_txtfusion_draw1_seed1337_00001_.png,"Style: rough charcoal sketch, monochromatic, aggressive smudged strokes, high contrast black and white. Subject: a yellow and blue rally car cruising in a deep jungle, uneven street, daylight, lush plants, humidity, reflective ponds."
232,perturbation,clip_only,1,Arthemy_Atlas_clip_only_draw1.json,S2_watercolor,aded1ad92b,42,euler_ancestral,simple,9,1.0,1.0,1024,1280,S2_watercolor_Arthemy_Atlas_clip_only_draw1_seed42_00001_.png,"Style: watercolor painting, soft colors, wet-on-wet washes, visible paper grain. Subject: a yellow and blue rally car cruising in a deep jungle, uneven street, daylight, lush plants, humidity, reflective ponds."
233,perturbation,clip_only,1,Arthemy_Atlas_clip_only_draw1.json,S2_watercolor,aded1ad92b,777,euler_ancestral,simple,9,1.0,1.0,1024,1280,S2_watercolor_Arthemy_Atlas_clip_only_draw1_seed777_00001_.png,"Style: watercolor painting, soft colors, wet-on-wet washes, visible paper grain. Subject: a yellow and blue rally car cruising in a deep jungle, uneven street, daylight, lush plants, humidity, reflective ponds."
234,perturbation,clip_only,1,Arthemy_Atlas_clip_only_draw1.json,S2_watercolor,aded1ad92b,1337,euler_ancestral,simple,9,1.0,1.0,1024,1280,S2_watercolor_Arthemy_Atlas_clip_only_draw1_seed1337_00001_.png,"Style: watercolor painting, soft colors, wet-on-wet washes, visible paper grain. Subject: a yellow and blue rally car cruising in a deep jungle, uneven street, daylight, lush plants, humidity, reflective ponds."
235,perturbation,clip_only,1,Arthemy_Atlas_clip_only_draw1.json,S3_lowpoly,eb2c25425b,42,euler_ancestral,simple,9,1.0,1.0,1024,1280,S3_lowpoly_Arthemy_Atlas_clip_only_draw1_seed42_00001_.png,"Style: lowpoly 3D, retro videogame artstyle, flat shaded polygons, faceted geometry. Subject: a yellow and blue rally car cruising in a deep jungle, uneven street, daylight, lush plants, humidity, reflective ponds."
236,perturbation,clip_only,1,Arthemy_Atlas_clip_only_draw1.json,S3_lowpoly,eb2c25425b,777,euler_ancestral,simple,9,1.0,1.0,1024,1280,S3_lowpoly_Arthemy_Atlas_clip_only_draw1_seed777_00001_.png,"Style: lowpoly 3D, retro videogame artstyle, flat shaded polygons, faceted geometry. Subject: a yellow and blue rally car cruising in a deep jungle, uneven street, daylight, lush plants, humidity, reflective ponds."
237,perturbation,clip_only,1,Arthemy_Atlas_clip_only_draw1.json,S3_lowpoly,eb2c25425b,1337,euler_ancestral,simple,9,1.0,1.0,1024,1280,S3_lowpoly_Arthemy_Atlas_clip_only_draw1_seed1337_00001_.png,"Style: lowpoly 3D, retro videogame artstyle, flat shaded polygons, faceted geometry. Subject: a yellow and blue rally car cruising in a deep jungle, uneven street, daylight, lush plants, humidity, reflective ponds."
238,perturbation,clip_only,1,Arthemy_Atlas_clip_only_draw1.json,S4_claymation,47e50abd86,42,euler_ancestral,simple,9,1.0,1.0,1024,1280,S4_claymation_Arthemy_Atlas_clip_only_draw1_seed42_00001_.png,"Style: claymation, stop-motion animation, plasticine textures, tactile studio lighting. Subject: a yellow and blue rally car cruising in a deep jungle, uneven street, daylight, lush plants, humidity, reflective ponds."
239,perturbation,clip_only,1,Arthemy_Atlas_clip_only_draw1.json,S4_claymation,47e50abd86,777,euler_ancestral,simple,9,1.0,1.0,1024,1280,S4_claymation_Arthemy_Atlas_clip_only_draw1_seed777_00001_.png,"Style: claymation, stop-motion animation, plasticine textures, tactile studio lighting. Subject: a yellow and blue rally car cruising in a deep jungle, uneven street, daylight, lush plants, humidity, reflective ponds."
240,perturbation,clip_only,1,Arthemy_Atlas_clip_only_draw1.json,S4_claymation,47e50abd86,1337,euler_ancestral,simple,9,1.0,1.0,1024,1280,S4_claymation_Arthemy_Atlas_clip_only_draw1_seed1337_00001_.png,"Style: claymation, stop-motion animation, plasticine textures, tactile studio lighting. Subject: a yellow and blue rally car cruising in a deep jungle, uneven street, daylight, lush plants, humidity, reflective ponds."
241,perturbation,clip_only,1,Arthemy_Atlas_clip_only_draw1.json,S5_ukiyoe,831f2d868c,42,euler_ancestral,simple,9,1.0,1.0,1024,1280,S5_ukiyoe_Arthemy_Atlas_clip_only_draw1_seed42_00001_.png,"Style: traditional Japanese woodblock print, ukiyo-e, flat ink colors, intricate line work, vintage paper texture. Subject: a yellow and blue rally car cruising in a deep jungle, uneven street, daylight, lush plants, humidity, reflective ponds."
242,perturbation,clip_only,1,Arthemy_Atlas_clip_only_draw1.json,S5_ukiyoe,831f2d868c,777,euler_ancestral,simple,9,1.0,1.0,1024,1280,S5_ukiyoe_Arthemy_Atlas_clip_only_draw1_seed777_00001_.png,"Style: traditional Japanese woodblock print, ukiyo-e, flat ink colors, intricate line work, vintage paper texture. Subject: a yellow and blue rally car cruising in a deep jungle, uneven street, daylight, lush plants, humidity, reflective ponds."
243,perturbation,clip_only,1,Arthemy_Atlas_clip_only_draw1.json,S5_ukiyoe,831f2d868c,1337,euler_ancestral,simple,9,1.0,1.0,1024,1280,S5_ukiyoe_Arthemy_Atlas_clip_only_draw1_seed1337_00001_.png,"Style: traditional Japanese woodblock print, ukiyo-e, flat ink colors, intricate line work, vintage paper texture. Subject: a yellow and blue rally car cruising in a deep jungle, uneven street, daylight, lush plants, humidity, reflective ponds."
244,perturbation,clip_only,1,Arthemy_Atlas_clip_only_draw1.json,S6_pixel,b369f4266a,42,euler_ancestral,simple,9,1.0,1.0,1024,1280,S6_pixel_Arthemy_Atlas_clip_only_draw1_seed42_00001_.png,"Style: 8-bit pixel art, retro arcade graphics, crisp blocky edges, limited color palette. Subject: a yellow and blue rally car cruising in a deep jungle, uneven street, daylight, lush plants, humidity, reflective ponds."
245,perturbation,clip_only,1,Arthemy_Atlas_clip_only_draw1.json,S6_pixel,b369f4266a,777,euler_ancestral,simple,9,1.0,1.0,1024,1280,S6_pixel_Arthemy_Atlas_clip_only_draw1_seed777_00001_.png,"Style: 8-bit pixel art, retro arcade graphics, crisp blocky edges, limited color palette. Subject: a yellow and blue rally car cruising in a deep jungle, uneven street, daylight, lush plants, humidity, reflective ponds."
246,perturbation,clip_only,1,Arthemy_Atlas_clip_only_draw1.json,S6_pixel,b369f4266a,1337,euler_ancestral,simple,9,1.0,1.0,1024,1280,S6_pixel_Arthemy_Atlas_clip_only_draw1_seed1337_00001_.png,"Style: 8-bit pixel art, retro arcade graphics, crisp blocky edges, limited color palette. Subject: a yellow and blue rally car cruising in a deep jungle, uneven street, daylight, lush plants, humidity, reflective ponds."
247,perturbation,clip_only,1,Arthemy_Atlas_clip_only_draw1.json,S7_glass,80cb4b3354,42,euler_ancestral,simple,9,1.0,1.0,1024,1280,S7_glass_Arthemy_Atlas_clip_only_draw1_seed42_00001_.png,"Style: stained glass window mosaic, vibrant translucent glass pieces, thick dark lead outlines, back-illuminated. Subject: a yellow and blue rally car cruising in a deep jungle, uneven street, daylight, lush plants, humidity, reflective ponds."
248,perturbation,clip_only,1,Arthemy_Atlas_clip_only_draw1.json,S7_glass,80cb4b3354,777,euler_ancestral,simple,9,1.0,1.0,1024,1280,S7_glass_Arthemy_Atlas_clip_only_draw1_seed777_00001_.png,"Style: stained glass window mosaic, vibrant translucent glass pieces, thick dark lead outlines, back-illuminated. Subject: a yellow and blue rally car cruising in a deep jungle, uneven street, daylight, lush plants, humidity, reflective ponds."
249,perturbation,clip_only,1,Arthemy_Atlas_clip_only_draw1.json,S7_glass,80cb4b3354,1337,euler_ancestral,simple,9,1.0,1.0,1024,1280,S7_glass_Arthemy_Atlas_clip_only_draw1_seed1337_00001_.png,"Style: stained glass window mosaic, vibrant translucent glass pieces, thick dark lead outlines, back-illuminated. Subject: a yellow and blue rally car cruising in a deep jungle, uneven street, daylight, lush plants, humidity, reflective ponds."
250,perturbation,clip_only,1,Arthemy_Atlas_clip_only_draw1.json,S8_charcoal,eda77bf9e8,42,euler_ancestral,simple,9,1.0,1.0,1024,1280,S8_charcoal_Arthemy_Atlas_clip_only_draw1_seed42_00001_.png,"Style: rough charcoal sketch, monochromatic, aggressive smudged strokes, high contrast black and white. Subject: a yellow and blue rally car cruising in a deep jungle, uneven street, daylight, lush plants, humidity, reflective ponds."
251,perturbation,clip_only,1,Arthemy_Atlas_clip_only_draw1.json,S8_charcoal,eda77bf9e8,777,euler_ancestral,simple,9,1.0,1.0,1024,1280,S8_charcoal_Arthemy_Atlas_clip_only_draw1_seed777_00001_.png,"Style: rough charcoal sketch, monochromatic, aggressive smudged strokes, high contrast black and white. Subject: a yellow and blue rally car cruising in a deep jungle, uneven street, daylight, lush plants, humidity, reflective ponds."
252,perturbation,clip_only,1,Arthemy_Atlas_clip_only_draw1.json,S8_charcoal,eda77bf9e8,1337,euler_ancestral,simple,9,1.0,1.0,1024,1280,S8_charcoal_Arthemy_Atlas_clip_only_draw1_seed1337_00001_.png,"Style: rough charcoal sketch, monochromatic, aggressive smudged strokes, high contrast black and white. Subject: a yellow and blue rally car cruising in a deep jungle, uneven street, daylight, lush plants, humidity, reflective ponds."
253,perturbation,model_only,1,Arthemy_Atlas_model_only_draw1.json,S2_watercolor,aded1ad92b,42,euler_ancestral,simple,9,1.0,1.0,1024,1280,S2_watercolor_Arthemy_Atlas_model_only_draw1_seed42_00001_.png,"Style: watercolor painting, soft colors, wet-on-wet washes, visible paper grain. Subject: a yellow and blue rally car cruising in a deep jungle, uneven street, daylight, lush plants, humidity, reflective ponds."
254,perturbation,model_only,1,Arthemy_Atlas_model_only_draw1.json,S2_watercolor,aded1ad92b,777,euler_ancestral,simple,9,1.0,1.0,1024,1280,S2_watercolor_Arthemy_Atlas_model_only_draw1_seed777_00001_.png,"Style: watercolor painting, soft colors, wet-on-wet washes, visible paper grain. Subject: a yellow and blue rally car cruising in a deep jungle, uneven street, daylight, lush plants, humidity, reflective ponds."
255,perturbation,model_only,1,Arthemy_Atlas_model_only_draw1.json,S2_watercolor,aded1ad92b,1337,euler_ancestral,simple,9,1.0,1.0,1024,1280,S2_watercolor_Arthemy_Atlas_model_only_draw1_seed1337_00001_.png,"Style: watercolor painting, soft colors, wet-on-wet washes, visible paper grain. Subject: a yellow and blue rally car cruising in a deep jungle, uneven street, daylight, lush plants, humidity, reflective ponds."
256,perturbation,model_only,1,Arthemy_Atlas_model_only_draw1.json,S3_lowpoly,eb2c25425b,42,euler_ancestral,simple,9,1.0,1.0,1024,1280,S3_lowpoly_Arthemy_Atlas_model_only_draw1_seed42_00001_.png,"Style: lowpoly 3D, retro videogame artstyle, flat shaded polygons, faceted geometry. Subject: a yellow and blue rally car cruising in a deep jungle, uneven street, daylight, lush plants, humidity, reflective ponds."
257,perturbation,model_only,1,Arthemy_Atlas_model_only_draw1.json,S3_lowpoly,eb2c25425b,777,euler_ancestral,simple,9,1.0,1.0,1024,1280,S3_lowpoly_Arthemy_Atlas_model_only_draw1_seed777_00001_.png,"Style: lowpoly 3D, retro videogame artstyle, flat shaded polygons, faceted geometry. Subject: a yellow and blue rally car cruising in a deep jungle, uneven street, daylight, lush plants, humidity, reflective ponds."
258,perturbation,model_only,1,Arthemy_Atlas_model_only_draw1.json,S3_lowpoly,eb2c25425b,1337,euler_ancestral,simple,9,1.0,1.0,1024,1280,S3_lowpoly_Arthemy_Atlas_model_only_draw1_seed1337_00001_.png,"Style: lowpoly 3D, retro videogame artstyle, flat shaded polygons, faceted geometry. Subject: a yellow and blue rally car cruising in a deep jungle, uneven street, daylight, lush plants, humidity, reflective ponds."
259,perturbation,model_only,1,Arthemy_Atlas_model_only_draw1.json,S4_claymation,47e50abd86,42,euler_ancestral,simple,9,1.0,1.0,1024,1280,S4_claymation_Arthemy_Atlas_model_only_draw1_seed42_00001_.png,"Style: claymation, stop-motion animation, plasticine textures, tactile studio lighting. Subject: a yellow and blue rally car cruising in a deep jungle, uneven street, daylight, lush plants, humidity, reflective ponds."
260,perturbation,model_only,1,Arthemy_Atlas_model_only_draw1.json,S4_claymation,47e50abd86,777,euler_ancestral,simple,9,1.0,1.0,1024,1280,S4_claymation_Arthemy_Atlas_model_only_draw1_seed777_00001_.png,"Style: claymation, stop-motion animation, plasticine textures, tactile studio lighting. Subject: a yellow and blue rally car cruising in a deep jungle, uneven street, daylight, lush plants, humidity, reflective ponds."
261,perturbation,model_only,1,Arthemy_Atlas_model_only_draw1.json,S4_claymation,47e50abd86,1337,euler_ancestral,simple,9,1.0,1.0,1024,1280,S4_claymation_Arthemy_Atlas_model_only_draw1_seed1337_00001_.png,"Style: claymation, stop-motion animation, plasticine textures, tactile studio lighting. Subject: a yellow and blue rally car cruising in a deep jungle, uneven street, daylight, lush plants, humidity, reflective ponds."
262,perturbation,model_only,1,Arthemy_Atlas_model_only_draw1.json,S5_ukiyoe,831f2d868c,42,euler_ancestral,simple,9,1.0,1.0,1024,1280,S5_ukiyoe_Arthemy_Atlas_model_only_draw1_seed42_00001_.png,"Style: traditional Japanese woodblock print, ukiyo-e, flat ink colors, intricate line work, vintage paper texture. Subject: a yellow and blue rally car cruising in a deep jungle, uneven street, daylight, lush plants, humidity, reflective ponds."
263,perturbation,model_only,1,Arthemy_Atlas_model_only_draw1.json,S5_ukiyoe,831f2d868c,777,euler_ancestral,simple,9,1.0,1.0,1024,1280,S5_ukiyoe_Arthemy_Atlas_model_only_draw1_seed777_00001_.png,"Style: traditional Japanese woodblock print, ukiyo-e, flat ink colors, intricate line work, vintage paper texture. Subject: a yellow and blue rally car cruising in a deep jungle, uneven street, daylight, lush plants, humidity, reflective ponds."
264,perturbation,model_only,1,Arthemy_Atlas_model_only_draw1.json,S5_ukiyoe,831f2d868c,1337,euler_ancestral,simple,9,1.0,1.0,1024,1280,S5_ukiyoe_Arthemy_Atlas_model_only_draw1_seed1337_00001_.png,"Style: traditional Japanese woodblock print, ukiyo-e, flat ink colors, intricate line work, vintage paper texture. Subject: a yellow and blue rally car cruising in a deep jungle, uneven street, daylight, lush plants, humidity, reflective ponds."
265,perturbation,model_only,1,Arthemy_Atlas_model_only_draw1.json,S6_pixel,b369f4266a,42,euler_ancestral,simple,9,1.0,1.0,1024,1280,S6_pixel_Arthemy_Atlas_model_only_draw1_seed42_00001_.png,"Style: 8-bit pixel art, retro arcade graphics, crisp blocky edges, limited color palette. Subject: a yellow and blue rally car cruising in a deep jungle, uneven street, daylight, lush plants, humidity, reflective ponds."
266,perturbation,model_only,1,Arthemy_Atlas_model_only_draw1.json,S6_pixel,b369f4266a,777,euler_ancestral,simple,9,1.0,1.0,1024,1280,S6_pixel_Arthemy_Atlas_model_only_draw1_seed777_00001_.png,"Style: 8-bit pixel art, retro arcade graphics, crisp blocky edges, limited color palette. Subject: a yellow and blue rally car cruising in a deep jungle, uneven street, daylight, lush plants, humidity, reflective ponds."
267,perturbation,model_only,1,Arthemy_Atlas_model_only_draw1.json,S6_pixel,b369f4266a,1337,euler_ancestral,simple,9,1.0,1.0,1024,1280,S6_pixel_Arthemy_Atlas_model_only_draw1_seed1337_00001_.png,"Style: 8-bit pixel art, retro arcade graphics, crisp blocky edges, limited color palette. Subject: a yellow and blue rally car cruising in a deep jungle, uneven street, daylight, lush plants, humidity, reflective ponds."
268,perturbation,model_only,1,Arthemy_Atlas_model_only_draw1.json,S7_glass,80cb4b3354,42,euler_ancestral,simple,9,1.0,1.0,1024,1280,S7_glass_Arthemy_Atlas_model_only_draw1_seed42_00001_.png,"Style: stained glass window mosaic, vibrant translucent glass pieces, thick dark lead outlines, back-illuminated. Subject: a yellow and blue rally car cruising in a deep jungle, uneven street, daylight, lush plants, humidity, reflective ponds."
269,perturbation,model_only,1,Arthemy_Atlas_model_only_draw1.json,S7_glass,80cb4b3354,777,euler_ancestral,simple,9,1.0,1.0,1024,1280,S7_glass_Arthemy_Atlas_model_only_draw1_seed777_00001_.png,"Style: stained glass window mosaic, vibrant translucent glass pieces, thick dark lead outlines, back-illuminated. Subject: a yellow and blue rally car cruising in a deep jungle, uneven street, daylight, lush plants, humidity, reflective ponds."
270,perturbation,model_only,1,Arthemy_Atlas_model_only_draw1.json,S7_glass,80cb4b3354,1337,euler_ancestral,simple,9,1.0,1.0,1024,1280,S7_glass_Arthemy_Atlas_model_only_draw1_seed1337_00001_.png,"Style: stained glass window mosaic, vibrant translucent glass pieces, thick dark lead outlines, back-illuminated. Subject: a yellow and blue rally car cruising in a deep jungle, uneven street, daylight, lush plants, humidity, reflective ponds."
271,perturbation,model_only,1,Arthemy_Atlas_model_only_draw1.json,S8_charcoal,eda77bf9e8,42,euler_ancestral,simple,9,1.0,1.0,1024,1280,S8_charcoal_Arthemy_Atlas_model_only_draw1_seed42_00001_.png,"Style: rough charcoal sketch, monochromatic, aggressive smudged strokes, high contrast black and white. Subject: a yellow and blue rally car cruising in a deep jungle, uneven street, daylight, lush plants, humidity, reflective ponds."
272,perturbation,model_only,1,Arthemy_Atlas_model_only_draw1.json,S8_charcoal,eda77bf9e8,777,euler_ancestral,simple,9,1.0,1.0,1024,1280,S8_charcoal_Arthemy_Atlas_model_only_draw1_seed777_00001_.png,"Style: rough charcoal sketch, monochromatic, aggressive smudged strokes, high contrast black and white. Subject: a yellow and blue rally car cruising in a deep jungle, uneven street, daylight, lush plants, humidity, reflective ponds."
273,perturbation,model_only,1,Arthemy_Atlas_model_only_draw1.json,S8_charcoal,eda77bf9e8,1337,euler_ancestral,simple,9,1.0,1.0,1024,1280,S8_charcoal_Arthemy_Atlas_model_only_draw1_seed1337_00001_.png,"Style: rough charcoal sketch, monochromatic, aggressive smudged strokes, high contrast black and white. Subject: a yellow and blue rally car cruising in a deep jungle, uneven street, daylight, lush plants, humidity, reflective ponds."
274,perturbation,uniform_all,1,Arthemy_Atlas_uniform_all_draw1.json,S2_watercolor,aded1ad92b,42,euler_ancestral,simple,9,1.0,1.0,1024,1280,S2_watercolor_Arthemy_Atlas_uniform_all_draw1_seed42_00001_.png,"Style: watercolor painting, soft colors, wet-on-wet washes, visible paper grain. Subject: a yellow and blue rally car cruising in a deep jungle, uneven street, daylight, lush plants, humidity, reflective ponds."
275,perturbation,uniform_all,1,Arthemy_Atlas_uniform_all_draw1.json,S2_watercolor,aded1ad92b,777,euler_ancestral,simple,9,1.0,1.0,1024,1280,S2_watercolor_Arthemy_Atlas_uniform_all_draw1_seed777_00001_.png,"Style: watercolor painting, soft colors, wet-on-wet washes, visible paper grain. Subject: a yellow and blue rally car cruising in a deep jungle, uneven street, daylight, lush plants, humidity, reflective ponds."
276,perturbation,uniform_all,1,Arthemy_Atlas_uniform_all_draw1.json,S2_watercolor,aded1ad92b,1337,euler_ancestral,simple,9,1.0,1.0,1024,1280,S2_watercolor_Arthemy_Atlas_uniform_all_draw1_seed1337_00001_.png,"Style: watercolor painting, soft colors, wet-on-wet washes, visible paper grain. Subject: a yellow and blue rally car cruising in a deep jungle, uneven street, daylight, lush plants, humidity, reflective ponds."
277,perturbation,uniform_all,1,Arthemy_Atlas_uniform_all_draw1.json,S3_lowpoly,eb2c25425b,42,euler_ancestral,simple,9,1.0,1.0,1024,1280,S3_lowpoly_Arthemy_Atlas_uniform_all_draw1_seed42_00001_.png,"Style: lowpoly 3D, retro videogame artstyle, flat shaded polygons, faceted geometry. Subject: a yellow and blue rally car cruising in a deep jungle, uneven street, daylight, lush plants, humidity, reflective ponds."
278,perturbation,uniform_all,1,Arthemy_Atlas_uniform_all_draw1.json,S3_lowpoly,eb2c25425b,777,euler_ancestral,simple,9,1.0,1.0,1024,1280,S3_lowpoly_Arthemy_Atlas_uniform_all_draw1_seed777_00001_.png,"Style: lowpoly 3D, retro videogame artstyle, flat shaded polygons, faceted geometry. Subject: a yellow and blue rally car cruising in a deep jungle, uneven street, daylight, lush plants, humidity, reflective ponds."
279,perturbation,uniform_all,1,Arthemy_Atlas_uniform_all_draw1.json,S3_lowpoly,eb2c25425b,1337,euler_ancestral,simple,9,1.0,1.0,1024,1280,S3_lowpoly_Arthemy_Atlas_uniform_all_draw1_seed1337_00001_.png,"Style: lowpoly 3D, retro videogame artstyle, flat shaded polygons, faceted geometry. Subject: a yellow and blue rally car cruising in a deep jungle, uneven street, daylight, lush plants, humidity, reflective ponds."
280,perturbation,uniform_all,1,Arthemy_Atlas_uniform_all_draw1.json,S4_claymation,47e50abd86,42,euler_ancestral,simple,9,1.0,1.0,1024,1280,S4_claymation_Arthemy_Atlas_uniform_all_draw1_seed42_00001_.png,"Style: claymation, stop-motion animation, plasticine textures, tactile studio lighting. Subject: a yellow and blue rally car cruising in a deep jungle, uneven street, daylight, lush plants, humidity, reflective ponds."
281,perturbation,uniform_all,1,Arthemy_Atlas_uniform_all_draw1.json,S4_claymation,47e50abd86,777,euler_ancestral,simple,9,1.0,1.0,1024,1280,S4_claymation_Arthemy_Atlas_uniform_all_draw1_seed777_00001_.png,"Style: claymation, stop-motion animation, plasticine textures, tactile studio lighting. Subject: a yellow and blue rally car cruising in a deep jungle, uneven street, daylight, lush plants, humidity, reflective ponds."
282,perturbation,uniform_all,1,Arthemy_Atlas_uniform_all_draw1.json,S4_claymation,47e50abd86,1337,euler_ancestral,simple,9,1.0,1.0,1024,1280,S4_claymation_Arthemy_Atlas_uniform_all_draw1_seed1337_00001_.png,"Style: claymation, stop-motion animation, plasticine textures, tactile studio lighting. Subject: a yellow and blue rally car cruising in a deep jungle, uneven street, daylight, lush plants, humidity, reflective ponds."
283,perturbation,uniform_all,1,Arthemy_Atlas_uniform_all_draw1.json,S5_ukiyoe,831f2d868c,42,euler_ancestral,simple,9,1.0,1.0,1024,1280,S5_ukiyoe_Arthemy_Atlas_uniform_all_draw1_seed42_00001_.png,"Style: traditional Japanese woodblock print, ukiyo-e, flat ink colors, intricate line work, vintage paper texture. Subject: a yellow and blue rally car cruising in a deep jungle, uneven street, daylight, lush plants, humidity, reflective ponds."
284,perturbation,uniform_all,1,Arthemy_Atlas_uniform_all_draw1.json,S5_ukiyoe,831f2d868c,777,euler_ancestral,simple,9,1.0,1.0,1024,1280,S5_ukiyoe_Arthemy_Atlas_uniform_all_draw1_seed777_00001_.png,"Style: traditional Japanese woodblock print, ukiyo-e, flat ink colors, intricate line work, vintage paper texture. Subject: a yellow and blue rally car cruising in a deep jungle, uneven street, daylight, lush plants, humidity, reflective ponds."
285,perturbation,uniform_all,1,Arthemy_Atlas_uniform_all_draw1.json,S5_ukiyoe,831f2d868c,1337,euler_ancestral,simple,9,1.0,1.0,1024,1280,S5_ukiyoe_Arthemy_Atlas_uniform_all_draw1_seed1337_00001_.png,"Style: traditional Japanese woodblock print, ukiyo-e, flat ink colors, intricate line work, vintage paper texture. Subject: a yellow and blue rally car cruising in a deep jungle, uneven street, daylight, lush plants, humidity, reflective ponds."
286,perturbation,uniform_all,1,Arthemy_Atlas_uniform_all_draw1.json,S6_pixel,b369f4266a,42,euler_ancestral,simple,9,1.0,1.0,1024,1280,S6_pixel_Arthemy_Atlas_uniform_all_draw1_seed42_00001_.png,"Style: 8-bit pixel art, retro arcade graphics, crisp blocky edges, limited color palette. Subject: a yellow and blue rally car cruising in a deep jungle, uneven street, daylight, lush plants, humidity, reflective ponds."
287,perturbation,uniform_all,1,Arthemy_Atlas_uniform_all_draw1.json,S6_pixel,b369f4266a,777,euler_ancestral,simple,9,1.0,1.0,1024,1280,S6_pixel_Arthemy_Atlas_uniform_all_draw1_seed777_00001_.png,"Style: 8-bit pixel art, retro arcade graphics, crisp blocky edges, limited color palette. Subject: a yellow and blue rally car cruising in a deep jungle, uneven street, daylight, lush plants, humidity, reflective ponds."
288,perturbation,uniform_all,1,Arthemy_Atlas_uniform_all_draw1.json,S6_pixel,b369f4266a,1337,euler_ancestral,simple,9,1.0,1.0,1024,1280,S6_pixel_Arthemy_Atlas_uniform_all_draw1_seed1337_00001_.png,"Style: 8-bit pixel art, retro arcade graphics, crisp blocky edges, limited color palette. Subject: a yellow and blue rally car cruising in a deep jungle, uneven street, daylight, lush plants, humidity, reflective ponds."
289,perturbation,uniform_all,1,Arthemy_Atlas_uniform_all_draw1.json,S7_glass,80cb4b3354,42,euler_ancestral,simple,9,1.0,1.0,1024,1280,S7_glass_Arthemy_Atlas_uniform_all_draw1_seed42_00001_.png,"Style: stained glass window mosaic, vibrant translucent glass pieces, thick dark lead outlines, back-illuminated. Subject: a yellow and blue rally car cruising in a deep jungle, uneven street, daylight, lush plants, humidity, reflective ponds."
290,perturbation,uniform_all,1,Arthemy_Atlas_uniform_all_draw1.json,S7_glass,80cb4b3354,777,euler_ancestral,simple,9,1.0,1.0,1024,1280,S7_glass_Arthemy_Atlas_uniform_all_draw1_seed777_00001_.png,"Style: stained glass window mosaic, vibrant translucent glass pieces, thick dark lead outlines, back-illuminated. Subject: a yellow and blue rally car cruising in a deep jungle, uneven street, daylight, lush plants, humidity, reflective ponds."
291,perturbation,uniform_all,1,Arthemy_Atlas_uniform_all_draw1.json,S7_glass,80cb4b3354,1337,euler_ancestral,simple,9,1.0,1.0,1024,1280,S7_glass_Arthemy_Atlas_uniform_all_draw1_seed1337_00001_.png,"Style: stained glass window mosaic, vibrant translucent glass pieces, thick dark lead outlines, back-illuminated. Subject: a yellow and blue rally car cruising in a deep jungle, uneven street, daylight, lush plants, humidity, reflective ponds."
292,perturbation,uniform_all,1,Arthemy_Atlas_uniform_all_draw1.json,S8_charcoal,eda77bf9e8,42,euler_ancestral,simple,9,1.0,1.0,1024,1280,S8_charcoal_Arthemy_Atlas_uniform_all_draw1_seed42_00001_.png,"Style: rough charcoal sketch, monochromatic, aggressive smudged strokes, high contrast black and white. Subject: a yellow and blue rally car cruising in a deep jungle, uneven street, daylight, lush plants, humidity, reflective ponds."
293,perturbation,uniform_all,1,Arthemy_Atlas_uniform_all_draw1.json,S8_charcoal,eda77bf9e8,777,euler_ancestral,simple,9,1.0,1.0,1024,1280,S8_charcoal_Arthemy_Atlas_uniform_all_draw1_seed777_00001_.png,"Style: rough charcoal sketch, monochromatic, aggressive smudged strokes, high contrast black and white. Subject: a yellow and blue rally car cruising in a deep jungle, uneven street, daylight, lush plants, humidity, reflective ponds."
294,perturbation,uniform_all,1,Arthemy_Atlas_uniform_all_draw1.json,S8_charcoal,eda77bf9e8,1337,euler_ancestral,simple,9,1.0,1.0,1024,1280,S8_charcoal_Arthemy_Atlas_uniform_all_draw1_seed1337_00001_.png,"Style: rough charcoal sketch, monochromatic, aggressive smudged strokes, high contrast black and white. Subject: a yellow and blue rally car cruising in a deep jungle, uneven street, daylight, lush plants, humidity, reflective ponds."
295,perturbation,early_attn,2,Arthemy_Atlas_early_attn_draw2.json,S2_watercolor,aded1ad92b,42,euler_ancestral,simple,9,1.0,1.0,1024,1280,S2_watercolor_Arthemy_Atlas_early_attn_draw2_seed42_00001_.png,"Style: watercolor painting, soft colors, wet-on-wet washes, visible paper grain. Subject: a yellow and blue rally car cruising in a deep jungle, uneven street, daylight, lush plants, humidity, reflective ponds."
296,perturbation,early_attn,2,Arthemy_Atlas_early_attn_draw2.json,S2_watercolor,aded1ad92b,777,euler_ancestral,simple,9,1.0,1.0,1024,1280,S2_watercolor_Arthemy_Atlas_early_attn_draw2_seed777_00001_.png,"Style: watercolor painting, soft colors, wet-on-wet washes, visible paper grain. Subject: a yellow and blue rally car cruising in a deep jungle, uneven street, daylight, lush plants, humidity, reflective ponds."
297,perturbation,early_attn,2,Arthemy_Atlas_early_attn_draw2.json,S2_watercolor,aded1ad92b,1337,euler_ancestral,simple,9,1.0,1.0,1024,1280,S2_watercolor_Arthemy_Atlas_early_attn_draw2_seed1337_00001_.png,"Style: watercolor painting, soft colors, wet-on-wet washes, visible paper grain. Subject: a yellow and blue rally car cruising in a deep jungle, uneven street, daylight, lush plants, humidity, reflective ponds."
298,perturbation,early_attn,2,Arthemy_Atlas_early_attn_draw2.json,S3_lowpoly,eb2c25425b,42,euler_ancestral,simple,9,1.0,1.0,1024,1280,S3_lowpoly_Arthemy_Atlas_early_attn_draw2_seed42_00001_.png,"Style: lowpoly 3D, retro videogame artstyle, flat shaded polygons, faceted geometry. Subject: a yellow and blue rally car cruising in a deep jungle, uneven street, daylight, lush plants, humidity, reflective ponds."
299,perturbation,early_attn,2,Arthemy_Atlas_early_attn_draw2.json,S3_lowpoly,eb2c25425b,777,euler_ancestral,simple,9,1.0,1.0,1024,1280,S3_lowpoly_Arthemy_Atlas_early_attn_draw2_seed777_00001_.png,"Style: lowpoly 3D, retro videogame artstyle, flat shaded polygons, faceted geometry. Subject: a yellow and blue rally car cruising in a deep jungle, uneven street, daylight, lush plants, humidity, reflective ponds."
300,perturbation,early_attn,2,Arthemy_Atlas_early_attn_draw2.json,S3_lowpoly,eb2c25425b,1337,euler_ancestral,simple,9,1.0,1.0,1024,1280,S3_lowpoly_Arthemy_Atlas_early_attn_draw2_seed1337_00001_.png,"Style: lowpoly 3D, retro videogame artstyle, flat shaded polygons, faceted geometry. Subject: a yellow and blue rally car cruising in a deep jungle, uneven street, daylight, lush plants, humidity, reflective ponds."
301,perturbation,early_attn,2,Arthemy_Atlas_early_attn_draw2.json,S4_claymation,47e50abd86,42,euler_ancestral,simple,9,1.0,1.0,1024,1280,S4_claymation_Arthemy_Atlas_early_attn_draw2_seed42_00001_.png,"Style: claymation, stop-motion animation, plasticine textures, tactile studio lighting. Subject: a yellow and blue rally car cruising in a deep jungle, uneven street, daylight, lush plants, humidity, reflective ponds."
302,perturbation,early_attn,2,Arthemy_Atlas_early_attn_draw2.json,S4_claymation,47e50abd86,777,euler_ancestral,simple,9,1.0,1.0,1024,1280,S4_claymation_Arthemy_Atlas_early_attn_draw2_seed777_00001_.png,"Style: claymation, stop-motion animation, plasticine textures, tactile studio lighting. Subject: a yellow and blue rally car cruising in a deep jungle, uneven street, daylight, lush plants, humidity, reflective ponds."
303,perturbation,early_attn,2,Arthemy_Atlas_early_attn_draw2.json,S4_claymation,47e50abd86,1337,euler_ancestral,simple,9,1.0,1.0,1024,1280,S4_claymation_Arthemy_Atlas_early_attn_draw2_seed1337_00001_.png,"Style: claymation, stop-motion animation, plasticine textures, tactile studio lighting. Subject: a yellow and blue rally car cruising in a deep jungle, uneven street, daylight, lush plants, humidity, reflective ponds."
304,perturbation,early_attn,2,Arthemy_Atlas_early_attn_draw2.json,S5_ukiyoe,831f2d868c,42,euler_ancestral,simple,9,1.0,1.0,1024,1280,S5_ukiyoe_Arthemy_Atlas_early_attn_draw2_seed42_00001_.png,"Style: traditional Japanese woodblock print, ukiyo-e, flat ink colors, intricate line work, vintage paper texture. Subject: a yellow and blue rally car cruising in a deep jungle, uneven street, daylight, lush plants, humidity, reflective ponds."
305,perturbation,early_attn,2,Arthemy_Atlas_early_attn_draw2.json,S5_ukiyoe,831f2d868c,777,euler_ancestral,simple,9,1.0,1.0,1024,1280,S5_ukiyoe_Arthemy_Atlas_early_attn_draw2_seed777_00001_.png,"Style: traditional Japanese woodblock print, ukiyo-e, flat ink colors, intricate line work, vintage paper texture. Subject: a yellow and blue rally car cruising in a deep jungle, uneven street, daylight, lush plants, humidity, reflective ponds."
306,perturbation,early_attn,2,Arthemy_Atlas_early_attn_draw2.json,S5_ukiyoe,831f2d868c,1337,euler_ancestral,simple,9,1.0,1.0,1024,1280,S5_ukiyoe_Arthemy_Atlas_early_attn_draw2_seed1337_00001_.png,"Style: traditional Japanese woodblock print, ukiyo-e, flat ink colors, intricate line work, vintage paper texture. Subject: a yellow and blue rally car cruising in a deep jungle, uneven street, daylight, lush plants, humidity, reflective ponds."
307,perturbation,early_attn,2,Arthemy_Atlas_early_attn_draw2.json,S6_pixel,b369f4266a,42,euler_ancestral,simple,9,1.0,1.0,1024,1280,S6_pixel_Arthemy_Atlas_early_attn_draw2_seed42_00001_.png,"Style: 8-bit pixel art, retro arcade graphics, crisp blocky edges, limited color palette. Subject: a yellow and blue rally car cruising in a deep jungle, uneven street, daylight, lush plants, humidity, reflective ponds."
308,perturbation,early_attn,2,Arthemy_Atlas_early_attn_draw2.json,S6_pixel,b369f4266a,777,euler_ancestral,simple,9,1.0,1.0,1024,1280,S6_pixel_Arthemy_Atlas_early_attn_draw2_seed777_00001_.png,"Style: 8-bit pixel art, retro arcade graphics, crisp blocky edges, limited color palette. Subject: a yellow and blue rally car cruising in a deep jungle, uneven street, daylight, lush plants, humidity, reflective ponds."
309,perturbation,early_attn,2,Arthemy_Atlas_early_attn_draw2.json,S6_pixel,b369f4266a,1337,euler_ancestral,simple,9,1.0,1.0,1024,1280,S6_pixel_Arthemy_Atlas_early_attn_draw2_seed1337_00001_.png,"Style: 8-bit pixel art, retro arcade graphics, crisp blocky edges, limited color palette. Subject: a yellow and blue rally car cruising in a deep jungle, uneven street, daylight, lush plants, humidity, reflective ponds."
310,perturbation,early_attn,2,Arthemy_Atlas_early_attn_draw2.json,S7_glass,80cb4b3354,42,euler_ancestral,simple,9,1.0,1.0,1024,1280,S7_glass_Arthemy_Atlas_early_attn_draw2_seed42_00001_.png,"Style: stained glass window mosaic, vibrant translucent glass pieces, thick dark lead outlines, back-illuminated. Subject: a yellow and blue rally car cruising in a deep jungle, uneven street, daylight, lush plants, humidity, reflective ponds."
311,perturbation,early_attn,2,Arthemy_Atlas_early_attn_draw2.json,S7_glass,80cb4b3354,777,euler_ancestral,simple,9,1.0,1.0,1024,1280,S7_glass_Arthemy_Atlas_early_attn_draw2_seed777_00001_.png,"Style: stained glass window mosaic, vibrant translucent glass pieces, thick dark lead outlines, back-illuminated. Subject: a yellow and blue rally car cruising in a deep jungle, uneven street, daylight, lush plants, humidity, reflective ponds."
312,perturbation,early_attn,2,Arthemy_Atlas_early_attn_draw2.json,S7_glass,80cb4b3354,1337,euler_ancestral,simple,9,1.0,1.0,1024,1280,S7_glass_Arthemy_Atlas_early_attn_draw2_seed1337_00001_.png,"Style: stained glass window mosaic, vibrant translucent glass pieces, thick dark lead outlines, back-illuminated. Subject: a yellow and blue rally car cruising in a deep jungle, uneven street, daylight, lush plants, humidity, reflective ponds."
313,perturbation,early_attn,2,Arthemy_Atlas_early_attn_draw2.json,S8_charcoal,eda77bf9e8,42,euler_ancestral,simple,9,1.0,1.0,1024,1280,S8_charcoal_Arthemy_Atlas_early_attn_draw2_seed42_00001_.png,"Style: rough charcoal sketch, monochromatic, aggressive smudged strokes, high contrast black and white. Subject: a yellow and blue rally car cruising in a deep jungle, uneven street, daylight, lush plants, humidity, reflective ponds."
314,perturbation,early_attn,2,Arthemy_Atlas_early_attn_draw2.json,S8_charcoal,eda77bf9e8,777,euler_ancestral,simple,9,1.0,1.0,1024,1280,S8_charcoal_Arthemy_Atlas_early_attn_draw2_seed777_00001_.png,"Style: rough charcoal sketch, monochromatic, aggressive smudged strokes, high contrast black and white. Subject: a yellow and blue rally car cruising in a deep jungle, uneven street, daylight, lush plants, humidity, reflective ponds."
315,perturbation,early_attn,2,Arthemy_Atlas_early_attn_draw2.json,S8_charcoal,eda77bf9e8,1337,euler_ancestral,simple,9,1.0,1.0,1024,1280,S8_charcoal_Arthemy_Atlas_early_attn_draw2_seed1337_00001_.png,"Style: rough charcoal sketch, monochromatic, aggressive smudged strokes, high contrast black and white. Subject: a yellow and blue rally car cruising in a deep jungle, uneven street, daylight, lush plants, humidity, reflective ponds."
316,perturbation,early_mlp,2,Arthemy_Atlas_early_mlp_draw2.json,S2_watercolor,aded1ad92b,42,euler_ancestral,simple,9,1.0,1.0,1024,1280,S2_watercolor_Arthemy_Atlas_early_mlp_draw2_seed42_00001_.png,"Style: watercolor painting, soft colors, wet-on-wet washes, visible paper grain. Subject: a yellow and blue rally car cruising in a deep jungle, uneven street, daylight, lush plants, humidity, reflective ponds."
317,perturbation,early_mlp,2,Arthemy_Atlas_early_mlp_draw2.json,S2_watercolor,aded1ad92b,777,euler_ancestral,simple,9,1.0,1.0,1024,1280,S2_watercolor_Arthemy_Atlas_early_mlp_draw2_seed777_00001_.png,"Style: watercolor painting, soft colors, wet-on-wet washes, visible paper grain. Subject: a yellow and blue rally car cruising in a deep jungle, uneven street, daylight, lush plants, humidity, reflective ponds."
318,perturbation,early_mlp,2,Arthemy_Atlas_early_mlp_draw2.json,S2_watercolor,aded1ad92b,1337,euler_ancestral,simple,9,1.0,1.0,1024,1280,S2_watercolor_Arthemy_Atlas_early_mlp_draw2_seed1337_00001_.png,"Style: watercolor painting, soft colors, wet-on-wet washes, visible paper grain. Subject: a yellow and blue rally car cruising in a deep jungle, uneven street, daylight, lush plants, humidity, reflective ponds."
319,perturbation,early_mlp,2,Arthemy_Atlas_early_mlp_draw2.json,S3_lowpoly,eb2c25425b,42,euler_ancestral,simple,9,1.0,1.0,1024,1280,S3_lowpoly_Arthemy_Atlas_early_mlp_draw2_seed42_00001_.png,"Style: lowpoly 3D, retro videogame artstyle, flat shaded polygons, faceted geometry. Subject: a yellow and blue rally car cruising in a deep jungle, uneven street, daylight, lush plants, humidity, reflective ponds."
320,perturbation,early_mlp,2,Arthemy_Atlas_early_mlp_draw2.json,S3_lowpoly,eb2c25425b,777,euler_ancestral,simple,9,1.0,1.0,1024,1280,S3_lowpoly_Arthemy_Atlas_early_mlp_draw2_seed777_00001_.png,"Style: lowpoly 3D, retro videogame artstyle, flat shaded polygons, faceted geometry. Subject: a yellow and blue rally car cruising in a deep jungle, uneven street, daylight, lush plants, humidity, reflective ponds."
321,perturbation,early_mlp,2,Arthemy_Atlas_early_mlp_draw2.json,S3_lowpoly,eb2c25425b,1337,euler_ancestral,simple,9,1.0,1.0,1024,1280,S3_lowpoly_Arthemy_Atlas_early_mlp_draw2_seed1337_00001_.png,"Style: lowpoly 3D, retro videogame artstyle, flat shaded polygons, faceted geometry. Subject: a yellow and blue rally car cruising in a deep jungle, uneven street, daylight, lush plants, humidity, reflective ponds."
322,perturbation,early_mlp,2,Arthemy_Atlas_early_mlp_draw2.json,S4_claymation,47e50abd86,42,euler_ancestral,simple,9,1.0,1.0,1024,1280,S4_claymation_Arthemy_Atlas_early_mlp_draw2_seed42_00001_.png,"Style: claymation, stop-motion animation, plasticine textures, tactile studio lighting. Subject: a yellow and blue rally car cruising in a deep jungle, uneven street, daylight, lush plants, humidity, reflective ponds."
323,perturbation,early_mlp,2,Arthemy_Atlas_early_mlp_draw2.json,S4_claymation,47e50abd86,777,euler_ancestral,simple,9,1.0,1.0,1024,1280,S4_claymation_Arthemy_Atlas_early_mlp_draw2_seed777_00001_.png,"Style: claymation, stop-motion animation, plasticine textures, tactile studio lighting. Subject: a yellow and blue rally car cruising in a deep jungle, uneven street, daylight, lush plants, humidity, reflective ponds."
324,perturbation,early_mlp,2,Arthemy_Atlas_early_mlp_draw2.json,S4_claymation,47e50abd86,1337,euler_ancestral,simple,9,1.0,1.0,1024,1280,S4_claymation_Arthemy_Atlas_early_mlp_draw2_seed1337_00001_.png,"Style: claymation, stop-motion animation, plasticine textures, tactile studio lighting. Subject: a yellow and blue rally car cruising in a deep jungle, uneven street, daylight, lush plants, humidity, reflective ponds."
325,perturbation,early_mlp,2,Arthemy_Atlas_early_mlp_draw2.json,S5_ukiyoe,831f2d868c,42,euler_ancestral,simple,9,1.0,1.0,1024,1280,S5_ukiyoe_Arthemy_Atlas_early_mlp_draw2_seed42_00001_.png,"Style: traditional Japanese woodblock print, ukiyo-e, flat ink colors, intricate line work, vintage paper texture. Subject: a yellow and blue rally car cruising in a deep jungle, uneven street, daylight, lush plants, humidity, reflective ponds."
326,perturbation,early_mlp,2,Arthemy_Atlas_early_mlp_draw2.json,S5_ukiyoe,831f2d868c,777,euler_ancestral,simple,9,1.0,1.0,1024,1280,S5_ukiyoe_Arthemy_Atlas_early_mlp_draw2_seed777_00001_.png,"Style: traditional Japanese woodblock print, ukiyo-e, flat ink colors, intricate line work, vintage paper texture. Subject: a yellow and blue rally car cruising in a deep jungle, uneven street, daylight, lush plants, humidity, reflective ponds."
327,perturbation,early_mlp,2,Arthemy_Atlas_early_mlp_draw2.json,S5_ukiyoe,831f2d868c,1337,euler_ancestral,simple,9,1.0,1.0,1024,1280,S5_ukiyoe_Arthemy_Atlas_early_mlp_draw2_seed1337_00001_.png,"Style: traditional Japanese woodblock print, ukiyo-e, flat ink colors, intricate line work, vintage paper texture. Subject: a yellow and blue rally car cruising in a deep jungle, uneven street, daylight, lush plants, humidity, reflective ponds."
328,perturbation,early_mlp,2,Arthemy_Atlas_early_mlp_draw2.json,S6_pixel,b369f4266a,42,euler_ancestral,simple,9,1.0,1.0,1024,1280,S6_pixel_Arthemy_Atlas_early_mlp_draw2_seed42_00001_.png,"Style: 8-bit pixel art, retro arcade graphics, crisp blocky edges, limited color palette. Subject: a yellow and blue rally car cruising in a deep jungle, uneven street, daylight, lush plants, humidity, reflective ponds."
329,perturbation,early_mlp,2,Arthemy_Atlas_early_mlp_draw2.json,S6_pixel,b369f4266a,777,euler_ancestral,simple,9,1.0,1.0,1024,1280,S6_pixel_Arthemy_Atlas_early_mlp_draw2_seed777_00001_.png,"Style: 8-bit pixel art, retro arcade graphics, crisp blocky edges, limited color palette. Subject: a yellow and blue rally car cruising in a deep jungle, uneven street, daylight, lush plants, humidity, reflective ponds."
330,perturbation,early_mlp,2,Arthemy_Atlas_early_mlp_draw2.json,S6_pixel,b369f4266a,1337,euler_ancestral,simple,9,1.0,1.0,1024,1280,S6_pixel_Arthemy_Atlas_early_mlp_draw2_seed1337_00001_.png,"Style: 8-bit pixel art, retro arcade graphics, crisp blocky edges, limited color palette. Subject: a yellow and blue rally car cruising in a deep jungle, uneven street, daylight, lush plants, humidity, reflective ponds."
331,perturbation,early_mlp,2,Arthemy_Atlas_early_mlp_draw2.json,S7_glass,80cb4b3354,42,euler_ancestral,simple,9,1.0,1.0,1024,1280,S7_glass_Arthemy_Atlas_early_mlp_draw2_seed42_00001_.png,"Style: stained glass window mosaic, vibrant translucent glass pieces, thick dark lead outlines, back-illuminated. Subject: a yellow and blue rally car cruising in a deep jungle, uneven street, daylight, lush plants, humidity, reflective ponds."
332,perturbation,early_mlp,2,Arthemy_Atlas_early_mlp_draw2.json,S7_glass,80cb4b3354,777,euler_ancestral,simple,9,1.0,1.0,1024,1280,S7_glass_Arthemy_Atlas_early_mlp_draw2_seed777_00001_.png,"Style: stained glass window mosaic, vibrant translucent glass pieces, thick dark lead outlines, back-illuminated. Subject: a yellow and blue rally car cruising in a deep jungle, uneven street, daylight, lush plants, humidity, reflective ponds."
333,perturbation,early_mlp,2,Arthemy_Atlas_early_mlp_draw2.json,S7_glass,80cb4b3354,1337,euler_ancestral,simple,9,1.0,1.0,1024,1280,S7_glass_Arthemy_Atlas_early_mlp_draw2_seed1337_00001_.png,"Style: stained glass window mosaic, vibrant translucent glass pieces, thick dark lead outlines, back-illuminated. Subject: a yellow and blue rally car cruising in a deep jungle, uneven street, daylight, lush plants, humidity, reflective ponds."
334,perturbation,early_mlp,2,Arthemy_Atlas_early_mlp_draw2.json,S8_charcoal,eda77bf9e8,42,euler_ancestral,simple,9,1.0,1.0,1024,1280,S8_charcoal_Arthemy_Atlas_early_mlp_draw2_seed42_00001_.png,"Style: rough charcoal sketch, monochromatic, aggressive smudged strokes, high contrast black and white. Subject: a yellow and blue rally car cruising in a deep jungle, uneven street, daylight, lush plants, humidity, reflective ponds."
335,perturbation,early_mlp,2,Arthemy_Atlas_early_mlp_draw2.json,S8_charcoal,eda77bf9e8,777,euler_ancestral,simple,9,1.0,1.0,1024,1280,S8_charcoal_Arthemy_Atlas_early_mlp_draw2_seed777_00001_.png,"Style: rough charcoal sketch, monochromatic, aggressive smudged strokes, high contrast black and white. Subject: a yellow and blue rally car cruising in a deep jungle, uneven street, daylight, lush plants, humidity, reflective ponds."
336,perturbation,early_mlp,2,Arthemy_Atlas_early_mlp_draw2.json,S8_charcoal,eda77bf9e8,1337,euler_ancestral,simple,9,1.0,1.0,1024,1280,S8_charcoal_Arthemy_Atlas_early_mlp_draw2_seed1337_00001_.png,"Style: rough charcoal sketch, monochromatic, aggressive smudged strokes, high contrast black and white. Subject: a yellow and blue rally car cruising in a deep jungle, uneven street, daylight, lush plants, humidity, reflective ponds."
337,perturbation,early_mid_attn,2,Arthemy_Atlas_early_mid_attn_draw2.json,S2_watercolor,aded1ad92b,42,euler_ancestral,simple,9,1.0,1.0,1024,1280,S2_watercolor_Arthemy_Atlas_early_mid_attn_draw2_seed42_00001_.png,"Style: watercolor painting, soft colors, wet-on-wet washes, visible paper grain. Subject: a yellow and blue rally car cruising in a deep jungle, uneven street, daylight, lush plants, humidity, reflective ponds."
338,perturbation,early_mid_attn,2,Arthemy_Atlas_early_mid_attn_draw2.json,S2_watercolor,aded1ad92b,777,euler_ancestral,simple,9,1.0,1.0,1024,1280,S2_watercolor_Arthemy_Atlas_early_mid_attn_draw2_seed777_00001_.png,"Style: watercolor painting, soft colors, wet-on-wet washes, visible paper grain. Subject: a yellow and blue rally car cruising in a deep jungle, uneven street, daylight, lush plants, humidity, reflective ponds."
339,perturbation,early_mid_attn,2,Arthemy_Atlas_early_mid_attn_draw2.json,S2_watercolor,aded1ad92b,1337,euler_ancestral,simple,9,1.0,1.0,1024,1280,S2_watercolor_Arthemy_Atlas_early_mid_attn_draw2_seed1337_00001_.png,"Style: watercolor painting, soft colors, wet-on-wet washes, visible paper grain. Subject: a yellow and blue rally car cruising in a deep jungle, uneven street, daylight, lush plants, humidity, reflective ponds."
340,perturbation,early_mid_attn,2,Arthemy_Atlas_early_mid_attn_draw2.json,S3_lowpoly,eb2c25425b,42,euler_ancestral,simple,9,1.0,1.0,1024,1280,S3_lowpoly_Arthemy_Atlas_early_mid_attn_draw2_seed42_00001_.png,"Style: lowpoly 3D, retro videogame artstyle, flat shaded polygons, faceted geometry. Subject: a yellow and blue rally car cruising in a deep jungle, uneven street, daylight, lush plants, humidity, reflective ponds."
341,perturbation,early_mid_attn,2,Arthemy_Atlas_early_mid_attn_draw2.json,S3_lowpoly,eb2c25425b,777,euler_ancestral,simple,9,1.0,1.0,1024,1280,S3_lowpoly_Arthemy_Atlas_early_mid_attn_draw2_seed777_00001_.png,"Style: lowpoly 3D, retro videogame artstyle, flat shaded polygons, faceted geometry. Subject: a yellow and blue rally car cruising in a deep jungle, uneven street, daylight, lush plants, humidity, reflective ponds."
342,perturbation,early_mid_attn,2,Arthemy_Atlas_early_mid_attn_draw2.json,S3_lowpoly,eb2c25425b,1337,euler_ancestral,simple,9,1.0,1.0,1024,1280,S3_lowpoly_Arthemy_Atlas_early_mid_attn_draw2_seed1337_00001_.png,"Style: lowpoly 3D, retro videogame artstyle, flat shaded polygons, faceted geometry. Subject: a yellow and blue rally car cruising in a deep jungle, uneven street, daylight, lush plants, humidity, reflective ponds."
343,perturbation,early_mid_attn,2,Arthemy_Atlas_early_mid_attn_draw2.json,S4_claymation,47e50abd86,42,euler_ancestral,simple,9,1.0,1.0,1024,1280,S4_claymation_Arthemy_Atlas_early_mid_attn_draw2_seed42_00001_.png,"Style: claymation, stop-motion animation, plasticine textures, tactile studio lighting. Subject: a yellow and blue rally car cruising in a deep jungle, uneven street, daylight, lush plants, humidity, reflective ponds."
344,perturbation,early_mid_attn,2,Arthemy_Atlas_early_mid_attn_draw2.json,S4_claymation,47e50abd86,777,euler_ancestral,simple,9,1.0,1.0,1024,1280,S4_claymation_Arthemy_Atlas_early_mid_attn_draw2_seed777_00001_.png,"Style: claymation, stop-motion animation, plasticine textures, tactile studio lighting. Subject: a yellow and blue rally car cruising in a deep jungle, uneven street, daylight, lush plants, humidity, reflective ponds."
345,perturbation,early_mid_attn,2,Arthemy_Atlas_early_mid_attn_draw2.json,S4_claymation,47e50abd86,1337,euler_ancestral,simple,9,1.0,1.0,1024,1280,S4_claymation_Arthemy_Atlas_early_mid_attn_draw2_seed1337_00001_.png,"Style: claymation, stop-motion animation, plasticine textures, tactile studio lighting. Subject: a yellow and blue rally car cruising in a deep jungle, uneven street, daylight, lush plants, humidity, reflective ponds."
346,perturbation,early_mid_attn,2,Arthemy_Atlas_early_mid_attn_draw2.json,S5_ukiyoe,831f2d868c,42,euler_ancestral,simple,9,1.0,1.0,1024,1280,S5_ukiyoe_Arthemy_Atlas_early_mid_attn_draw2_seed42_00001_.png,"Style: traditional Japanese woodblock print, ukiyo-e, flat ink colors, intricate line work, vintage paper texture. Subject: a yellow and blue rally car cruising in a deep jungle, uneven street, daylight, lush plants, humidity, reflective ponds."
347,perturbation,early_mid_attn,2,Arthemy_Atlas_early_mid_attn_draw2.json,S5_ukiyoe,831f2d868c,777,euler_ancestral,simple,9,1.0,1.0,1024,1280,S5_ukiyoe_Arthemy_Atlas_early_mid_attn_draw2_seed777_00001_.png,"Style: traditional Japanese woodblock print, ukiyo-e, flat ink colors, intricate line work, vintage paper texture. Subject: a yellow and blue rally car cruising in a deep jungle, uneven street, daylight, lush plants, humidity, reflective ponds."
348,perturbation,early_mid_attn,2,Arthemy_Atlas_early_mid_attn_draw2.json,S5_ukiyoe,831f2d868c,1337,euler_ancestral,simple,9,1.0,1.0,1024,1280,S5_ukiyoe_Arthemy_Atlas_early_mid_attn_draw2_seed1337_00001_.png,"Style: traditional Japanese woodblock print, ukiyo-e, flat ink colors, intricate line work, vintage paper texture. Subject: a yellow and blue rally car cruising in a deep jungle, uneven street, daylight, lush plants, humidity, reflective ponds."
349,perturbation,early_mid_attn,2,Arthemy_Atlas_early_mid_attn_draw2.json,S6_pixel,b369f4266a,42,euler_ancestral,simple,9,1.0,1.0,1024,1280,S6_pixel_Arthemy_Atlas_early_mid_attn_draw2_seed42_00001_.png,"Style: 8-bit pixel art, retro arcade graphics, crisp blocky edges, limited color palette. Subject: a yellow and blue rally car cruising in a deep jungle, uneven street, daylight, lush plants, humidity, reflective ponds."
350,perturbation,early_mid_attn,2,Arthemy_Atlas_early_mid_attn_draw2.json,S6_pixel,b369f4266a,777,euler_ancestral,simple,9,1.0,1.0,1024,1280,S6_pixel_Arthemy_Atlas_early_mid_attn_draw2_seed777_00001_.png,"Style: 8-bit pixel art, retro arcade graphics, crisp blocky edges, limited color palette. Subject: a yellow and blue rally car cruising in a deep jungle, uneven street, daylight, lush plants, humidity, reflective ponds."
351,perturbation,early_mid_attn,2,Arthemy_Atlas_early_mid_attn_draw2.json,S6_pixel,b369f4266a,1337,euler_ancestral,simple,9,1.0,1.0,1024,1280,S6_pixel_Arthemy_Atlas_early_mid_attn_draw2_seed1337_00001_.png,"Style: 8-bit pixel art, retro arcade graphics, crisp blocky edges, limited color palette. Subject: a yellow and blue rally car cruising in a deep jungle, uneven street, daylight, lush plants, humidity, reflective ponds."
352,perturbation,early_mid_attn,2,Arthemy_Atlas_early_mid_attn_draw2.json,S7_glass,80cb4b3354,42,euler_ancestral,simple,9,1.0,1.0,1024,1280,S7_glass_Arthemy_Atlas_early_mid_attn_draw2_seed42_00001_.png,"Style: stained glass window mosaic, vibrant translucent glass pieces, thick dark lead outlines, back-illuminated. Subject: a yellow and blue rally car cruising in a deep jungle, uneven street, daylight, lush plants, humidity, reflective ponds."
353,perturbation,early_mid_attn,2,Arthemy_Atlas_early_mid_attn_draw2.json,S7_glass,80cb4b3354,777,euler_ancestral,simple,9,1.0,1.0,1024,1280,S7_glass_Arthemy_Atlas_early_mid_attn_draw2_seed777_00001_.png,"Style: stained glass window mosaic, vibrant translucent glass pieces, thick dark lead outlines, back-illuminated. Subject: a yellow and blue rally car cruising in a deep jungle, uneven street, daylight, lush plants, humidity, reflective ponds."
354,perturbation,early_mid_attn,2,Arthemy_Atlas_early_mid_attn_draw2.json,S7_glass,80cb4b3354,1337,euler_ancestral,simple,9,1.0,1.0,1024,1280,S7_glass_Arthemy_Atlas_early_mid_attn_draw2_seed1337_00001_.png,"Style: stained glass window mosaic, vibrant translucent glass pieces, thick dark lead outlines, back-illuminated. Subject: a yellow and blue rally car cruising in a deep jungle, uneven street, daylight, lush plants, humidity, reflective ponds."
355,perturbation,early_mid_attn,2,Arthemy_Atlas_early_mid_attn_draw2.json,S8_charcoal,eda77bf9e8,42,euler_ancestral,simple,9,1.0,1.0,1024,1280,S8_charcoal_Arthemy_Atlas_early_mid_attn_draw2_seed42_00001_.png,"Style: rough charcoal sketch, monochromatic, aggressive smudged strokes, high contrast black and white. Subject: a yellow and blue rally car cruising in a deep jungle, uneven street, daylight, lush plants, humidity, reflective ponds."
356,perturbation,early_mid_attn,2,Arthemy_Atlas_early_mid_attn_draw2.json,S8_charcoal,eda77bf9e8,777,euler_ancestral,simple,9,1.0,1.0,1024,1280,S8_charcoal_Arthemy_Atlas_early_mid_attn_draw2_seed777_00001_.png,"Style: rough charcoal sketch, monochromatic, aggressive smudged strokes, high contrast black and white. Subject: a yellow and blue rally car cruising in a deep jungle, uneven street, daylight, lush plants, humidity, reflective ponds."
357,perturbation,early_mid_attn,2,Arthemy_Atlas_early_mid_attn_draw2.json,S8_charcoal,eda77bf9e8,1337,euler_ancestral,simple,9,1.0,1.0,1024,1280,S8_charcoal_Arthemy_Atlas_early_mid_attn_draw2_seed1337_00001_.png,"Style: rough charcoal sketch, monochromatic, aggressive smudged strokes, high contrast black and white. Subject: a yellow and blue rally car cruising in a deep jungle, uneven street, daylight, lush plants, humidity, reflective ponds."
358,perturbation,early_mid_mlp,2,Arthemy_Atlas_early_mid_mlp_draw2.json,S2_watercolor,aded1ad92b,42,euler_ancestral,simple,9,1.0,1.0,1024,1280,S2_watercolor_Arthemy_Atlas_early_mid_mlp_draw2_seed42_00001_.png,"Style: watercolor painting, soft colors, wet-on-wet washes, visible paper grain. Subject: a yellow and blue rally car cruising in a deep jungle, uneven street, daylight, lush plants, humidity, reflective ponds."
359,perturbation,early_mid_mlp,2,Arthemy_Atlas_early_mid_mlp_draw2.json,S2_watercolor,aded1ad92b,777,euler_ancestral,simple,9,1.0,1.0,1024,1280,S2_watercolor_Arthemy_Atlas_early_mid_mlp_draw2_seed777_00001_.png,"Style: watercolor painting, soft colors, wet-on-wet washes, visible paper grain. Subject: a yellow and blue rally car cruising in a deep jungle, uneven street, daylight, lush plants, humidity, reflective ponds."
360,perturbation,early_mid_mlp,2,Arthemy_Atlas_early_mid_mlp_draw2.json,S2_watercolor,aded1ad92b,1337,euler_ancestral,simple,9,1.0,1.0,1024,1280,S2_watercolor_Arthemy_Atlas_early_mid_mlp_draw2_seed1337_00001_.png,"Style: watercolor painting, soft colors, wet-on-wet washes, visible paper grain. Subject: a yellow and blue rally car cruising in a deep jungle, uneven street, daylight, lush plants, humidity, reflective ponds."
361,perturbation,early_mid_mlp,2,Arthemy_Atlas_early_mid_mlp_draw2.json,S3_lowpoly,eb2c25425b,42,euler_ancestral,simple,9,1.0,1.0,1024,1280,S3_lowpoly_Arthemy_Atlas_early_mid_mlp_draw2_seed42_00001_.png,"Style: lowpoly 3D, retro videogame artstyle, flat shaded polygons, faceted geometry. Subject: a yellow and blue rally car cruising in a deep jungle, uneven street, daylight, lush plants, humidity, reflective ponds."
362,perturbation,early_mid_mlp,2,Arthemy_Atlas_early_mid_mlp_draw2.json,S3_lowpoly,eb2c25425b,777,euler_ancestral,simple,9,1.0,1.0,1024,1280,S3_lowpoly_Arthemy_Atlas_early_mid_mlp_draw2_seed777_00001_.png,"Style: lowpoly 3D, retro videogame artstyle, flat shaded polygons, faceted geometry. Subject: a yellow and blue rally car cruising in a deep jungle, uneven street, daylight, lush plants, humidity, reflective ponds."
363,perturbation,early_mid_mlp,2,Arthemy_Atlas_early_mid_mlp_draw2.json,S3_lowpoly,eb2c25425b,1337,euler_ancestral,simple,9,1.0,1.0,1024,1280,S3_lowpoly_Arthemy_Atlas_early_mid_mlp_draw2_seed1337_00001_.png,"Style: lowpoly 3D, retro videogame artstyle, flat shaded polygons, faceted geometry. Subject: a yellow and blue rally car cruising in a deep jungle, uneven street, daylight, lush plants, humidity, reflective ponds."
364,perturbation,early_mid_mlp,2,Arthemy_Atlas_early_mid_mlp_draw2.json,S4_claymation,47e50abd86,42,euler_ancestral,simple,9,1.0,1.0,1024,1280,S4_claymation_Arthemy_Atlas_early_mid_mlp_draw2_seed42_00001_.png,"Style: claymation, stop-motion animation, plasticine textures, tactile studio lighting. Subject: a yellow and blue rally car cruising in a deep jungle, uneven street, daylight, lush plants, humidity, reflective ponds."
365,perturbation,early_mid_mlp,2,Arthemy_Atlas_early_mid_mlp_draw2.json,S4_claymation,47e50abd86,777,euler_ancestral,simple,9,1.0,1.0,1024,1280,S4_claymation_Arthemy_Atlas_early_mid_mlp_draw2_seed777_00001_.png,"Style: claymation, stop-motion animation, plasticine textures, tactile studio lighting. Subject: a yellow and blue rally car cruising in a deep jungle, uneven street, daylight, lush plants, humidity, reflective ponds."
366,perturbation,early_mid_mlp,2,Arthemy_Atlas_early_mid_mlp_draw2.json,S4_claymation,47e50abd86,1337,euler_ancestral,simple,9,1.0,1.0,1024,1280,S4_claymation_Arthemy_Atlas_early_mid_mlp_draw2_seed1337_00001_.png,"Style: claymation, stop-motion animation, plasticine textures, tactile studio lighting. Subject: a yellow and blue rally car cruising in a deep jungle, uneven street, daylight, lush plants, humidity, reflective ponds."
367,perturbation,early_mid_mlp,2,Arthemy_Atlas_early_mid_mlp_draw2.json,S5_ukiyoe,831f2d868c,42,euler_ancestral,simple,9,1.0,1.0,1024,1280,S5_ukiyoe_Arthemy_Atlas_early_mid_mlp_draw2_seed42_00001_.png,"Style: traditional Japanese woodblock print, ukiyo-e, flat ink colors, intricate line work, vintage paper texture. Subject: a yellow and blue rally car cruising in a deep jungle, uneven street, daylight, lush plants, humidity, reflective ponds."
368,perturbation,early_mid_mlp,2,Arthemy_Atlas_early_mid_mlp_draw2.json,S5_ukiyoe,831f2d868c,777,euler_ancestral,simple,9,1.0,1.0,1024,1280,S5_ukiyoe_Arthemy_Atlas_early_mid_mlp_draw2_seed777_00001_.png,"Style: traditional Japanese woodblock print, ukiyo-e, flat ink colors, intricate line work, vintage paper texture. Subject: a yellow and blue rally car cruising in a deep jungle, uneven street, daylight, lush plants, humidity, reflective ponds."
369,perturbation,early_mid_mlp,2,Arthemy_Atlas_early_mid_mlp_draw2.json,S5_ukiyoe,831f2d868c,1337,euler_ancestral,simple,9,1.0,1.0,1024,1280,S5_ukiyoe_Arthemy_Atlas_early_mid_mlp_draw2_seed1337_00001_.png,"Style: traditional Japanese woodblock print, ukiyo-e, flat ink colors, intricate line work, vintage paper texture. Subject: a yellow and blue rally car cruising in a deep jungle, uneven street, daylight, lush plants, humidity, reflective ponds."
370,perturbation,early_mid_mlp,2,Arthemy_Atlas_early_mid_mlp_draw2.json,S6_pixel,b369f4266a,42,euler_ancestral,simple,9,1.0,1.0,1024,1280,S6_pixel_Arthemy_Atlas_early_mid_mlp_draw2_seed42_00001_.png,"Style: 8-bit pixel art, retro arcade graphics, crisp blocky edges, limited color palette. Subject: a yellow and blue rally car cruising in a deep jungle, uneven street, daylight, lush plants, humidity, reflective ponds."
371,perturbation,early_mid_mlp,2,Arthemy_Atlas_early_mid_mlp_draw2.json,S6_pixel,b369f4266a,777,euler_ancestral,simple,9,1.0,1.0,1024,1280,S6_pixel_Arthemy_Atlas_early_mid_mlp_draw2_seed777_00001_.png,"Style: 8-bit pixel art, retro arcade graphics, crisp blocky edges, limited color palette. Subject: a yellow and blue rally car cruising in a deep jungle, uneven street, daylight, lush plants, humidity, reflective ponds."
372,perturbation,early_mid_mlp,2,Arthemy_Atlas_early_mid_mlp_draw2.json,S6_pixel,b369f4266a,1337,euler_ancestral,simple,9,1.0,1.0,1024,1280,S6_pixel_Arthemy_Atlas_early_mid_mlp_draw2_seed1337_00001_.png,"Style: 8-bit pixel art, retro arcade graphics, crisp blocky edges, limited color palette. Subject: a yellow and blue rally car cruising in a deep jungle, uneven street, daylight, lush plants, humidity, reflective ponds."
373,perturbation,early_mid_mlp,2,Arthemy_Atlas_early_mid_mlp_draw2.json,S7_glass,80cb4b3354,42,euler_ancestral,simple,9,1.0,1.0,1024,1280,S7_glass_Arthemy_Atlas_early_mid_mlp_draw2_seed42_00001_.png,"Style: stained glass window mosaic, vibrant translucent glass pieces, thick dark lead outlines, back-illuminated. Subject: a yellow and blue rally car cruising in a deep jungle, uneven street, daylight, lush plants, humidity, reflective ponds."
374,perturbation,early_mid_mlp,2,Arthemy_Atlas_early_mid_mlp_draw2.json,S7_glass,80cb4b3354,777,euler_ancestral,simple,9,1.0,1.0,1024,1280,S7_glass_Arthemy_Atlas_early_mid_mlp_draw2_seed777_00001_.png,"Style: stained glass window mosaic, vibrant translucent glass pieces, thick dark lead outlines, back-illuminated. Subject: a yellow and blue rally car cruising in a deep jungle, uneven street, daylight, lush plants, humidity, reflective ponds."
375,perturbation,early_mid_mlp,2,Arthemy_Atlas_early_mid_mlp_draw2.json,S7_glass,80cb4b3354,1337,euler_ancestral,simple,9,1.0,1.0,1024,1280,S7_glass_Arthemy_Atlas_early_mid_mlp_draw2_seed1337_00001_.png,"Style: stained glass window mosaic, vibrant translucent glass pieces, thick dark lead outlines, back-illuminated. Subject: a yellow and blue rally car cruising in a deep jungle, uneven street, daylight, lush plants, humidity, reflective ponds."
376,perturbation,early_mid_mlp,2,Arthemy_Atlas_early_mid_mlp_draw2.json,S8_charcoal,eda77bf9e8,42,euler_ancestral,simple,9,1.0,1.0,1024,1280,S8_charcoal_Arthemy_Atlas_early_mid_mlp_draw2_seed42_00001_.png,"Style: rough charcoal sketch, monochromatic, aggressive smudged strokes, high contrast black and white. Subject: a yellow and blue rally car cruising in a deep jungle, uneven street, daylight, lush plants, humidity, reflective ponds."
377,perturbation,early_mid_mlp,2,Arthemy_Atlas_early_mid_mlp_draw2.json,S8_charcoal,eda77bf9e8,777,euler_ancestral,simple,9,1.0,1.0,1024,1280,S8_charcoal_Arthemy_Atlas_early_mid_mlp_draw2_seed777_00001_.png,"Style: rough charcoal sketch, monochromatic, aggressive smudged strokes, high contrast black and white. Subject: a yellow and blue rally car cruising in a deep jungle, uneven street, daylight, lush plants, humidity, reflective ponds."
378,perturbation,early_mid_mlp,2,Arthemy_Atlas_early_mid_mlp_draw2.json,S8_charcoal,eda77bf9e8,1337,euler_ancestral,simple,9,1.0,1.0,1024,1280,S8_charcoal_Arthemy_Atlas_early_mid_mlp_draw2_seed1337_00001_.png,"Style: rough charcoal sketch, monochromatic, aggressive smudged strokes, high contrast black and white. Subject: a yellow and blue rally car cruising in a deep jungle, uneven street, daylight, lush plants, humidity, reflective ponds."
379,perturbation,late_mid_attn,2,Arthemy_Atlas_late_mid_attn_draw2.json,S2_watercolor,aded1ad92b,42,euler_ancestral,simple,9,1.0,1.0,1024,1280,S2_watercolor_Arthemy_Atlas_late_mid_attn_draw2_seed42_00001_.png,"Style: watercolor painting, soft colors, wet-on-wet washes, visible paper grain. Subject: a yellow and blue rally car cruising in a deep jungle, uneven street, daylight, lush plants, humidity, reflective ponds."
380,perturbation,late_mid_attn,2,Arthemy_Atlas_late_mid_attn_draw2.json,S2_watercolor,aded1ad92b,777,euler_ancestral,simple,9,1.0,1.0,1024,1280,S2_watercolor_Arthemy_Atlas_late_mid_attn_draw2_seed777_00001_.png,"Style: watercolor painting, soft colors, wet-on-wet washes, visible paper grain. Subject: a yellow and blue rally car cruising in a deep jungle, uneven street, daylight, lush plants, humidity, reflective ponds."
381,perturbation,late_mid_attn,2,Arthemy_Atlas_late_mid_attn_draw2.json,S2_watercolor,aded1ad92b,1337,euler_ancestral,simple,9,1.0,1.0,1024,1280,S2_watercolor_Arthemy_Atlas_late_mid_attn_draw2_seed1337_00001_.png,"Style: watercolor painting, soft colors, wet-on-wet washes, visible paper grain. Subject: a yellow and blue rally car cruising in a deep jungle, uneven street, daylight, lush plants, humidity, reflective ponds."
382,perturbation,late_mid_attn,2,Arthemy_Atlas_late_mid_attn_draw2.json,S3_lowpoly,eb2c25425b,42,euler_ancestral,simple,9,1.0,1.0,1024,1280,S3_lowpoly_Arthemy_Atlas_late_mid_attn_draw2_seed42_00001_.png,"Style: lowpoly 3D, retro videogame artstyle, flat shaded polygons, faceted geometry. Subject: a yellow and blue rally car cruising in a deep jungle, uneven street, daylight, lush plants, humidity, reflective ponds."
383,perturbation,late_mid_attn,2,Arthemy_Atlas_late_mid_attn_draw2.json,S3_lowpoly,eb2c25425b,777,euler_ancestral,simple,9,1.0,1.0,1024,1280,S3_lowpoly_Arthemy_Atlas_late_mid_attn_draw2_seed777_00001_.png,"Style: lowpoly 3D, retro videogame artstyle, flat shaded polygons, faceted geometry. Subject: a yellow and blue rally car cruising in a deep jungle, uneven street, daylight, lush plants, humidity, reflective ponds."
384,perturbation,late_mid_attn,2,Arthemy_Atlas_late_mid_attn_draw2.json,S3_lowpoly,eb2c25425b,1337,euler_ancestral,simple,9,1.0,1.0,1024,1280,S3_lowpoly_Arthemy_Atlas_late_mid_attn_draw2_seed1337_00001_.png,"Style: lowpoly 3D, retro videogame artstyle, flat shaded polygons, faceted geometry. Subject: a yellow and blue rally car cruising in a deep jungle, uneven street, daylight, lush plants, humidity, reflective ponds."
385,perturbation,late_mid_attn,2,Arthemy_Atlas_late_mid_attn_draw2.json,S4_claymation,47e50abd86,42,euler_ancestral,simple,9,1.0,1.0,1024,1280,S4_claymation_Arthemy_Atlas_late_mid_attn_draw2_seed42_00001_.png,"Style: claymation, stop-motion animation, plasticine textures, tactile studio lighting. Subject: a yellow and blue rally car cruising in a deep jungle, uneven street, daylight, lush plants, humidity, reflective ponds."
386,perturbation,late_mid_attn,2,Arthemy_Atlas_late_mid_attn_draw2.json,S4_claymation,47e50abd86,777,euler_ancestral,simple,9,1.0,1.0,1024,1280,S4_claymation_Arthemy_Atlas_late_mid_attn_draw2_seed777_00001_.png,"Style: claymation, stop-motion animation, plasticine textures, tactile studio lighting. Subject: a yellow and blue rally car cruising in a deep jungle, uneven street, daylight, lush plants, humidity, reflective ponds."
387,perturbation,late_mid_attn,2,Arthemy_Atlas_late_mid_attn_draw2.json,S4_claymation,47e50abd86,1337,euler_ancestral,simple,9,1.0,1.0,1024,1280,S4_claymation_Arthemy_Atlas_late_mid_attn_draw2_seed1337_00001_.png,"Style: claymation, stop-motion animation, plasticine textures, tactile studio lighting. Subject: a yellow and blue rally car cruising in a deep jungle, uneven street, daylight, lush plants, humidity, reflective ponds."
388,perturbation,late_mid_attn,2,Arthemy_Atlas_late_mid_attn_draw2.json,S5_ukiyoe,831f2d868c,42,euler_ancestral,simple,9,1.0,1.0,1024,1280,S5_ukiyoe_Arthemy_Atlas_late_mid_attn_draw2_seed42_00001_.png,"Style: traditional Japanese woodblock print, ukiyo-e, flat ink colors, intricate line work, vintage paper texture. Subject: a yellow and blue rally car cruising in a deep jungle, uneven street, daylight, lush plants, humidity, reflective ponds."
389,perturbation,late_mid_attn,2,Arthemy_Atlas_late_mid_attn_draw2.json,S5_ukiyoe,831f2d868c,777,euler_ancestral,simple,9,1.0,1.0,1024,1280,S5_ukiyoe_Arthemy_Atlas_late_mid_attn_draw2_seed777_00001_.png,"Style: traditional Japanese woodblock print, ukiyo-e, flat ink colors, intricate line work, vintage paper texture. Subject: a yellow and blue rally car cruising in a deep jungle, uneven street, daylight, lush plants, humidity, reflective ponds."
390,perturbation,late_mid_attn,2,Arthemy_Atlas_late_mid_attn_draw2.json,S5_ukiyoe,831f2d868c,1337,euler_ancestral,simple,9,1.0,1.0,1024,1280,S5_ukiyoe_Arthemy_Atlas_late_mid_attn_draw2_seed1337_00001_.png,"Style: traditional Japanese woodblock print, ukiyo-e, flat ink colors, intricate line work, vintage paper texture. Subject: a yellow and blue rally car cruising in a deep jungle, uneven street, daylight, lush plants, humidity, reflective ponds."
391,perturbation,late_mid_attn,2,Arthemy_Atlas_late_mid_attn_draw2.json,S6_pixel,b369f4266a,42,euler_ancestral,simple,9,1.0,1.0,1024,1280,S6_pixel_Arthemy_Atlas_late_mid_attn_draw2_seed42_00001_.png,"Style: 8-bit pixel art, retro arcade graphics, crisp blocky edges, limited color palette. Subject: a yellow and blue rally car cruising in a deep jungle, uneven street, daylight, lush plants, humidity, reflective ponds."
392,perturbation,late_mid_attn,2,Arthemy_Atlas_late_mid_attn_draw2.json,S6_pixel,b369f4266a,777,euler_ancestral,simple,9,1.0,1.0,1024,1280,S6_pixel_Arthemy_Atlas_late_mid_attn_draw2_seed777_00001_.png,"Style: 8-bit pixel art, retro arcade graphics, crisp blocky edges, limited color palette. Subject: a yellow and blue rally car cruising in a deep jungle, uneven street, daylight, lush plants, humidity, reflective ponds."
393,perturbation,late_mid_attn,2,Arthemy_Atlas_late_mid_attn_draw2.json,S6_pixel,b369f4266a,1337,euler_ancestral,simple,9,1.0,1.0,1024,1280,S6_pixel_Arthemy_Atlas_late_mid_attn_draw2_seed1337_00001_.png,"Style: 8-bit pixel art, retro arcade graphics, crisp blocky edges, limited color palette. Subject: a yellow and blue rally car cruising in a deep jungle, uneven street, daylight, lush plants, humidity, reflective ponds."
394,perturbation,late_mid_attn,2,Arthemy_Atlas_late_mid_attn_draw2.json,S7_glass,80cb4b3354,42,euler_ancestral,simple,9,1.0,1.0,1024,1280,S7_glass_Arthemy_Atlas_late_mid_attn_draw2_seed42_00001_.png,"Style: stained glass window mosaic, vibrant translucent glass pieces, thick dark lead outlines, back-illuminated. Subject: a yellow and blue rally car cruising in a deep jungle, uneven street, daylight, lush plants, humidity, reflective ponds."
395,perturbation,late_mid_attn,2,Arthemy_Atlas_late_mid_attn_draw2.json,S7_glass,80cb4b3354,777,euler_ancestral,simple,9,1.0,1.0,1024,1280,S7_glass_Arthemy_Atlas_late_mid_attn_draw2_seed777_00001_.png,"Style: stained glass window mosaic, vibrant translucent glass pieces, thick dark lead outlines, back-illuminated. Subject: a yellow and blue rally car cruising in a deep jungle, uneven street, daylight, lush plants, humidity, reflective ponds."
396,perturbation,late_mid_attn,2,Arthemy_Atlas_late_mid_attn_draw2.json,S7_glass,80cb4b3354,1337,euler_ancestral,simple,9,1.0,1.0,1024,1280,S7_glass_Arthemy_Atlas_late_mid_attn_draw2_seed1337_00001_.png,"Style: stained glass window mosaic, vibrant translucent glass pieces, thick dark lead outlines, back-illuminated. Subject: a yellow and blue rally car cruising in a deep jungle, uneven street, daylight, lush plants, humidity, reflective ponds."
397,perturbation,late_mid_attn,2,Arthemy_Atlas_late_mid_attn_draw2.json,S8_charcoal,eda77bf9e8,42,euler_ancestral,simple,9,1.0,1.0,1024,1280,S8_charcoal_Arthemy_Atlas_late_mid_attn_draw2_seed42_00001_.png,"Style: rough charcoal sketch, monochromatic, aggressive smudged strokes, high contrast black and white. Subject: a yellow and blue rally car cruising in a deep jungle, uneven street, daylight, lush plants, humidity, reflective ponds."
398,perturbation,late_mid_attn,2,Arthemy_Atlas_late_mid_attn_draw2.json,S8_charcoal,eda77bf9e8,777,euler_ancestral,simple,9,1.0,1.0,1024,1280,S8_charcoal_Arthemy_Atlas_late_mid_attn_draw2_seed777_00001_.png,"Style: rough charcoal sketch, monochromatic, aggressive smudged strokes, high contrast black and white. Subject: a yellow and blue rally car cruising in a deep jungle, uneven street, daylight, lush plants, humidity, reflective ponds."
399,perturbation,late_mid_attn,2,Arthemy_Atlas_late_mid_attn_draw2.json,S8_charcoal,eda77bf9e8,1337,euler_ancestral,simple,9,1.0,1.0,1024,1280,S8_charcoal_Arthemy_Atlas_late_mid_attn_draw2_seed1337_00001_.png,"Style: rough charcoal sketch, monochromatic, aggressive smudged strokes, high contrast black and white. Subject: a yellow and blue rally car cruising in a deep jungle, uneven street, daylight, lush plants, humidity, reflective ponds."
400,perturbation,late_mid_mlp,2,Arthemy_Atlas_late_mid_mlp_draw2.json,S2_watercolor,aded1ad92b,42,euler_ancestral,simple,9,1.0,1.0,1024,1280,S2_watercolor_Arthemy_Atlas_late_mid_mlp_draw2_seed42_00001_.png,"Style: watercolor painting, soft colors, wet-on-wet washes, visible paper grain. Subject: a yellow and blue rally car cruising in a deep jungle, uneven street, daylight, lush plants, humidity, reflective ponds."
401,perturbation,late_mid_mlp,2,Arthemy_Atlas_late_mid_mlp_draw2.json,S2_watercolor,aded1ad92b,777,euler_ancestral,simple,9,1.0,1.0,1024,1280,S2_watercolor_Arthemy_Atlas_late_mid_mlp_draw2_seed777_00001_.png,"Style: watercolor painting, soft colors, wet-on-wet washes, visible paper grain. Subject: a yellow and blue rally car cruising in a deep jungle, uneven street, daylight, lush plants, humidity, reflective ponds."
402,perturbation,late_mid_mlp,2,Arthemy_Atlas_late_mid_mlp_draw2.json,S2_watercolor,aded1ad92b,1337,euler_ancestral,simple,9,1.0,1.0,1024,1280,S2_watercolor_Arthemy_Atlas_late_mid_mlp_draw2_seed1337_00001_.png,"Style: watercolor painting, soft colors, wet-on-wet washes, visible paper grain. Subject: a yellow and blue rally car cruising in a deep jungle, uneven street, daylight, lush plants, humidity, reflective ponds."
403,perturbation,late_mid_mlp,2,Arthemy_Atlas_late_mid_mlp_draw2.json,S3_lowpoly,eb2c25425b,42,euler_ancestral,simple,9,1.0,1.0,1024,1280,S3_lowpoly_Arthemy_Atlas_late_mid_mlp_draw2_seed42_00001_.png,"Style: lowpoly 3D, retro videogame artstyle, flat shaded polygons, faceted geometry. Subject: a yellow and blue rally car cruising in a deep jungle, uneven street, daylight, lush plants, humidity, reflective ponds."
404,perturbation,late_mid_mlp,2,Arthemy_Atlas_late_mid_mlp_draw2.json,S3_lowpoly,eb2c25425b,777,euler_ancestral,simple,9,1.0,1.0,1024,1280,S3_lowpoly_Arthemy_Atlas_late_mid_mlp_draw2_seed777_00001_.png,"Style: lowpoly 3D, retro videogame artstyle, flat shaded polygons, faceted geometry. Subject: a yellow and blue rally car cruising in a deep jungle, uneven street, daylight, lush plants, humidity, reflective ponds."
405,perturbation,late_mid_mlp,2,Arthemy_Atlas_late_mid_mlp_draw2.json,S3_lowpoly,eb2c25425b,1337,euler_ancestral,simple,9,1.0,1.0,1024,1280,S3_lowpoly_Arthemy_Atlas_late_mid_mlp_draw2_seed1337_00001_.png,"Style: lowpoly 3D, retro videogame artstyle, flat shaded polygons, faceted geometry. Subject: a yellow and blue rally car cruising in a deep jungle, uneven street, daylight, lush plants, humidity, reflective ponds."
406,perturbation,late_mid_mlp,2,Arthemy_Atlas_late_mid_mlp_draw2.json,S4_claymation,47e50abd86,42,euler_ancestral,simple,9,1.0,1.0,1024,1280,S4_claymation_Arthemy_Atlas_late_mid_mlp_draw2_seed42_00001_.png,"Style: claymation, stop-motion animation, plasticine textures, tactile studio lighting. Subject: a yellow and blue rally car cruising in a deep jungle, uneven street, daylight, lush plants, humidity, reflective ponds."
407,perturbation,late_mid_mlp,2,Arthemy_Atlas_late_mid_mlp_draw2.json,S4_claymation,47e50abd86,777,euler_ancestral,simple,9,1.0,1.0,1024,1280,S4_claymation_Arthemy_Atlas_late_mid_mlp_draw2_seed777_00001_.png,"Style: claymation, stop-motion animation, plasticine textures, tactile studio lighting. Subject: a yellow and blue rally car cruising in a deep jungle, uneven street, daylight, lush plants, humidity, reflective ponds."
408,perturbation,late_mid_mlp,2,Arthemy_Atlas_late_mid_mlp_draw2.json,S4_claymation,47e50abd86,1337,euler_ancestral,simple,9,1.0,1.0,1024,1280,S4_claymation_Arthemy_Atlas_late_mid_mlp_draw2_seed1337_00001_.png,"Style: claymation, stop-motion animation, plasticine textures, tactile studio lighting. Subject: a yellow and blue rally car cruising in a deep jungle, uneven street, daylight, lush plants, humidity, reflective ponds."
409,perturbation,late_mid_mlp,2,Arthemy_Atlas_late_mid_mlp_draw2.json,S5_ukiyoe,831f2d868c,42,euler_ancestral,simple,9,1.0,1.0,1024,1280,S5_ukiyoe_Arthemy_Atlas_late_mid_mlp_draw2_seed42_00001_.png,"Style: traditional Japanese woodblock print, ukiyo-e, flat ink colors, intricate line work, vintage paper texture. Subject: a yellow and blue rally car cruising in a deep jungle, uneven street, daylight, lush plants, humidity, reflective ponds."
410,perturbation,late_mid_mlp,2,Arthemy_Atlas_late_mid_mlp_draw2.json,S5_ukiyoe,831f2d868c,777,euler_ancestral,simple,9,1.0,1.0,1024,1280,S5_ukiyoe_Arthemy_Atlas_late_mid_mlp_draw2_seed777_00001_.png,"Style: traditional Japanese woodblock print, ukiyo-e, flat ink colors, intricate line work, vintage paper texture. Subject: a yellow and blue rally car cruising in a deep jungle, uneven street, daylight, lush plants, humidity, reflective ponds."
411,perturbation,late_mid_mlp,2,Arthemy_Atlas_late_mid_mlp_draw2.json,S5_ukiyoe,831f2d868c,1337,euler_ancestral,simple,9,1.0,1.0,1024,1280,S5_ukiyoe_Arthemy_Atlas_late_mid_mlp_draw2_seed1337_00001_.png,"Style: traditional Japanese woodblock print, ukiyo-e, flat ink colors, intricate line work, vintage paper texture. Subject: a yellow and blue rally car cruising in a deep jungle, uneven street, daylight, lush plants, humidity, reflective ponds."
412,perturbation,late_mid_mlp,2,Arthemy_Atlas_late_mid_mlp_draw2.json,S6_pixel,b369f4266a,42,euler_ancestral,simple,9,1.0,1.0,1024,1280,S6_pixel_Arthemy_Atlas_late_mid_mlp_draw2_seed42_00001_.png,"Style: 8-bit pixel art, retro arcade graphics, crisp blocky edges, limited color palette. Subject: a yellow and blue rally car cruising in a deep jungle, uneven street, daylight, lush plants, humidity, reflective ponds."
413,perturbation,late_mid_mlp,2,Arthemy_Atlas_late_mid_mlp_draw2.json,S6_pixel,b369f4266a,777,euler_ancestral,simple,9,1.0,1.0,1024,1280,S6_pixel_Arthemy_Atlas_late_mid_mlp_draw2_seed777_00001_.png,"Style: 8-bit pixel art, retro arcade graphics, crisp blocky edges, limited color palette. Subject: a yellow and blue rally car cruising in a deep jungle, uneven street, daylight, lush plants, humidity, reflective ponds."
414,perturbation,late_mid_mlp,2,Arthemy_Atlas_late_mid_mlp_draw2.json,S6_pixel,b369f4266a,1337,euler_ancestral,simple,9,1.0,1.0,1024,1280,S6_pixel_Arthemy_Atlas_late_mid_mlp_draw2_seed1337_00001_.png,"Style: 8-bit pixel art, retro arcade graphics, crisp blocky edges, limited color palette. Subject: a yellow and blue rally car cruising in a deep jungle, uneven street, daylight, lush plants, humidity, reflective ponds."
415,perturbation,late_mid_mlp,2,Arthemy_Atlas_late_mid_mlp_draw2.json,S7_glass,80cb4b3354,42,euler_ancestral,simple,9,1.0,1.0,1024,1280,S7_glass_Arthemy_Atlas_late_mid_mlp_draw2_seed42_00001_.png,"Style: stained glass window mosaic, vibrant translucent glass pieces, thick dark lead outlines, back-illuminated. Subject: a yellow and blue rally car cruising in a deep jungle, uneven street, daylight, lush plants, humidity, reflective ponds."
416,perturbation,late_mid_mlp,2,Arthemy_Atlas_late_mid_mlp_draw2.json,S7_glass,80cb4b3354,777,euler_ancestral,simple,9,1.0,1.0,1024,1280,S7_glass_Arthemy_Atlas_late_mid_mlp_draw2_seed777_00001_.png,"Style: stained glass window mosaic, vibrant translucent glass pieces, thick dark lead outlines, back-illuminated. Subject: a yellow and blue rally car cruising in a deep jungle, uneven street, daylight, lush plants, humidity, reflective ponds."
417,perturbation,late_mid_mlp,2,Arthemy_Atlas_late_mid_mlp_draw2.json,S7_glass,80cb4b3354,1337,euler_ancestral,simple,9,1.0,1.0,1024,1280,S7_glass_Arthemy_Atlas_late_mid_mlp_draw2_seed1337_00001_.png,"Style: stained glass window mosaic, vibrant translucent glass pieces, thick dark lead outlines, back-illuminated. Subject: a yellow and blue rally car cruising in a deep jungle, uneven street, daylight, lush plants, humidity, reflective ponds."
418,perturbation,late_mid_mlp,2,Arthemy_Atlas_late_mid_mlp_draw2.json,S8_charcoal,eda77bf9e8,42,euler_ancestral,simple,9,1.0,1.0,1024,1280,S8_charcoal_Arthemy_Atlas_late_mid_mlp_draw2_seed42_00001_.png,"Style: rough charcoal sketch, monochromatic, aggressive smudged strokes, high contrast black and white. Subject: a yellow and blue rally car cruising in a deep jungle, uneven street, daylight, lush plants, humidity, reflective ponds."
419,perturbation,late_mid_mlp,2,Arthemy_Atlas_late_mid_mlp_draw2.json,S8_charcoal,eda77bf9e8,777,euler_ancestral,simple,9,1.0,1.0,1024,1280,S8_charcoal_Arthemy_Atlas_late_mid_mlp_draw2_seed777_00001_.png,"Style: rough charcoal sketch, monochromatic, aggressive smudged strokes, high contrast black and white. Subject: a yellow and blue rally car cruising in a deep jungle, uneven street, daylight, lush plants, humidity, reflective ponds."
420,perturbation,late_mid_mlp,2,Arthemy_Atlas_late_mid_mlp_draw2.json,S8_charcoal,eda77bf9e8,1337,euler_ancestral,simple,9,1.0,1.0,1024,1280,S8_charcoal_Arthemy_Atlas_late_mid_mlp_draw2_seed1337_00001_.png,"Style: rough charcoal sketch, monochromatic, aggressive smudged strokes, high contrast black and white. Subject: a yellow and blue rally car cruising in a deep jungle, uneven street, daylight, lush plants, humidity, reflective ponds."
421,perturbation,late_attn,2,Arthemy_Atlas_late_attn_draw2.json,S2_watercolor,aded1ad92b,42,euler_ancestral,simple,9,1.0,1.0,1024,1280,S2_watercolor_Arthemy_Atlas_late_attn_draw2_seed42_00001_.png,"Style: watercolor painting, soft colors, wet-on-wet washes, visible paper grain. Subject: a yellow and blue rally car cruising in a deep jungle, uneven street, daylight, lush plants, humidity, reflective ponds."
422,perturbation,late_attn,2,Arthemy_Atlas_late_attn_draw2.json,S2_watercolor,aded1ad92b,777,euler_ancestral,simple,9,1.0,1.0,1024,1280,S2_watercolor_Arthemy_Atlas_late_attn_draw2_seed777_00001_.png,"Style: watercolor painting, soft colors, wet-on-wet washes, visible paper grain. Subject: a yellow and blue rally car cruising in a deep jungle, uneven street, daylight, lush plants, humidity, reflective ponds."
423,perturbation,late_attn,2,Arthemy_Atlas_late_attn_draw2.json,S2_watercolor,aded1ad92b,1337,euler_ancestral,simple,9,1.0,1.0,1024,1280,S2_watercolor_Arthemy_Atlas_late_attn_draw2_seed1337_00001_.png,"Style: watercolor painting, soft colors, wet-on-wet washes, visible paper grain. Subject: a yellow and blue rally car cruising in a deep jungle, uneven street, daylight, lush plants, humidity, reflective ponds."
424,perturbation,late_attn,2,Arthemy_Atlas_late_attn_draw2.json,S3_lowpoly,eb2c25425b,42,euler_ancestral,simple,9,1.0,1.0,1024,1280,S3_lowpoly_Arthemy_Atlas_late_attn_draw2_seed42_00001_.png,"Style: lowpoly 3D, retro videogame artstyle, flat shaded polygons, faceted geometry. Subject: a yellow and blue rally car cruising in a deep jungle, uneven street, daylight, lush plants, humidity, reflective ponds."
425,perturbation,late_attn,2,Arthemy_Atlas_late_attn_draw2.json,S3_lowpoly,eb2c25425b,777,euler_ancestral,simple,9,1.0,1.0,1024,1280,S3_lowpoly_Arthemy_Atlas_late_attn_draw2_seed777_00001_.png,"Style: lowpoly 3D, retro videogame artstyle, flat shaded polygons, faceted geometry. Subject: a yellow and blue rally car cruising in a deep jungle, uneven street, daylight, lush plants, humidity, reflective ponds."
426,perturbation,late_attn,2,Arthemy_Atlas_late_attn_draw2.json,S3_lowpoly,eb2c25425b,1337,euler_ancestral,simple,9,1.0,1.0,1024,1280,S3_lowpoly_Arthemy_Atlas_late_attn_draw2_seed1337_00001_.png,"Style: lowpoly 3D, retro videogame artstyle, flat shaded polygons, faceted geometry. Subject: a yellow and blue rally car cruising in a deep jungle, uneven street, daylight, lush plants, humidity, reflective ponds."
427,perturbation,late_attn,2,Arthemy_Atlas_late_attn_draw2.json,S4_claymation,47e50abd86,42,euler_ancestral,simple,9,1.0,1.0,1024,1280,S4_claymation_Arthemy_Atlas_late_attn_draw2_seed42_00001_.png,"Style: claymation, stop-motion animation, plasticine textures, tactile studio lighting. Subject: a yellow and blue rally car cruising in a deep jungle, uneven street, daylight, lush plants, humidity, reflective ponds."
428,perturbation,late_attn,2,Arthemy_Atlas_late_attn_draw2.json,S4_claymation,47e50abd86,777,euler_ancestral,simple,9,1.0,1.0,1024,1280,S4_claymation_Arthemy_Atlas_late_attn_draw2_seed777_00001_.png,"Style: claymation, stop-motion animation, plasticine textures, tactile studio lighting. Subject: a yellow and blue rally car cruising in a deep jungle, uneven street, daylight, lush plants, humidity, reflective ponds."
429,perturbation,late_attn,2,Arthemy_Atlas_late_attn_draw2.json,S4_claymation,47e50abd86,1337,euler_ancestral,simple,9,1.0,1.0,1024,1280,S4_claymation_Arthemy_Atlas_late_attn_draw2_seed1337_00001_.png,"Style: claymation, stop-motion animation, plasticine textures, tactile studio lighting. Subject: a yellow and blue rally car cruising in a deep jungle, uneven street, daylight, lush plants, humidity, reflective ponds."
430,perturbation,late_attn,2,Arthemy_Atlas_late_attn_draw2.json,S5_ukiyoe,831f2d868c,42,euler_ancestral,simple,9,1.0,1.0,1024,1280,S5_ukiyoe_Arthemy_Atlas_late_attn_draw2_seed42_00001_.png,"Style: traditional Japanese woodblock print, ukiyo-e, flat ink colors, intricate line work, vintage paper texture. Subject: a yellow and blue rally car cruising in a deep jungle, uneven street, daylight, lush plants, humidity, reflective ponds."
431,perturbation,late_attn,2,Arthemy_Atlas_late_attn_draw2.json,S5_ukiyoe,831f2d868c,777,euler_ancestral,simple,9,1.0,1.0,1024,1280,S5_ukiyoe_Arthemy_Atlas_late_attn_draw2_seed777_00001_.png,"Style: traditional Japanese woodblock print, ukiyo-e, flat ink colors, intricate line work, vintage paper texture. Subject: a yellow and blue rally car cruising in a deep jungle, uneven street, daylight, lush plants, humidity, reflective ponds."
432,perturbation,late_attn,2,Arthemy_Atlas_late_attn_draw2.json,S5_ukiyoe,831f2d868c,1337,euler_ancestral,simple,9,1.0,1.0,1024,1280,S5_ukiyoe_Arthemy_Atlas_late_attn_draw2_seed1337_00001_.png,"Style: traditional Japanese woodblock print, ukiyo-e, flat ink colors, intricate line work, vintage paper texture. Subject: a yellow and blue rally car cruising in a deep jungle, uneven street, daylight, lush plants, humidity, reflective ponds."
433,perturbation,late_attn,2,Arthemy_Atlas_late_attn_draw2.json,S6_pixel,b369f4266a,42,euler_ancestral,simple,9,1.0,1.0,1024,1280,S6_pixel_Arthemy_Atlas_late_attn_draw2_seed42_00001_.png,"Style: 8-bit pixel art, retro arcade graphics, crisp blocky edges, limited color palette. Subject: a yellow and blue rally car cruising in a deep jungle, uneven street, daylight, lush plants, humidity, reflective ponds."
434,perturbation,late_attn,2,Arthemy_Atlas_late_attn_draw2.json,S6_pixel,b369f4266a,777,euler_ancestral,simple,9,1.0,1.0,1024,1280,S6_pixel_Arthemy_Atlas_late_attn_draw2_seed777_00001_.png,"Style: 8-bit pixel art, retro arcade graphics, crisp blocky edges, limited color palette. Subject: a yellow and blue rally car cruising in a deep jungle, uneven street, daylight, lush plants, humidity, reflective ponds."
435,perturbation,late_attn,2,Arthemy_Atlas_late_attn_draw2.json,S6_pixel,b369f4266a,1337,euler_ancestral,simple,9,1.0,1.0,1024,1280,S6_pixel_Arthemy_Atlas_late_attn_draw2_seed1337_00001_.png,"Style: 8-bit pixel art, retro arcade graphics, crisp blocky edges, limited color palette. Subject: a yellow and blue rally car cruising in a deep jungle, uneven street, daylight, lush plants, humidity, reflective ponds."
436,perturbation,late_attn,2,Arthemy_Atlas_late_attn_draw2.json,S7_glass,80cb4b3354,42,euler_ancestral,simple,9,1.0,1.0,1024,1280,S7_glass_Arthemy_Atlas_late_attn_draw2_seed42_00001_.png,"Style: stained glass window mosaic, vibrant translucent glass pieces, thick dark lead outlines, back-illuminated. Subject: a yellow and blue rally car cruising in a deep jungle, uneven street, daylight, lush plants, humidity, reflective ponds."
437,perturbation,late_attn,2,Arthemy_Atlas_late_attn_draw2.json,S7_glass,80cb4b3354,777,euler_ancestral,simple,9,1.0,1.0,1024,1280,S7_glass_Arthemy_Atlas_late_attn_draw2_seed777_00001_.png,"Style: stained glass window mosaic, vibrant translucent glass pieces, thick dark lead outlines, back-illuminated. Subject: a yellow and blue rally car cruising in a deep jungle, uneven street, daylight, lush plants, humidity, reflective ponds."
438,perturbation,late_attn,2,Arthemy_Atlas_late_attn_draw2.json,S7_glass,80cb4b3354,1337,euler_ancestral,simple,9,1.0,1.0,1024,1280,S7_glass_Arthemy_Atlas_late_attn_draw2_seed1337_00001_.png,"Style: stained glass window mosaic, vibrant translucent glass pieces, thick dark lead outlines, back-illuminated. Subject: a yellow and blue rally car cruising in a deep jungle, uneven street, daylight, lush plants, humidity, reflective ponds."
439,perturbation,late_attn,2,Arthemy_Atlas_late_attn_draw2.json,S8_charcoal,eda77bf9e8,42,euler_ancestral,simple,9,1.0,1.0,1024,1280,S8_charcoal_Arthemy_Atlas_late_attn_draw2_seed42_00001_.png,"Style: rough charcoal sketch, monochromatic, aggressive smudged strokes, high contrast black and white. Subject: a yellow and blue rally car cruising in a deep jungle, uneven street, daylight, lush plants, humidity, reflective ponds."
440,perturbation,late_attn,2,Arthemy_Atlas_late_attn_draw2.json,S8_charcoal,eda77bf9e8,777,euler_ancestral,simple,9,1.0,1.0,1024,1280,S8_charcoal_Arthemy_Atlas_late_attn_draw2_seed777_00001_.png,"Style: rough charcoal sketch, monochromatic, aggressive smudged strokes, high contrast black and white. Subject: a yellow and blue rally car cruising in a deep jungle, uneven street, daylight, lush plants, humidity, reflective ponds."
441,perturbation,late_attn,2,Arthemy_Atlas_late_attn_draw2.json,S8_charcoal,eda77bf9e8,1337,euler_ancestral,simple,9,1.0,1.0,1024,1280,S8_charcoal_Arthemy_Atlas_late_attn_draw2_seed1337_00001_.png,"Style: rough charcoal sketch, monochromatic, aggressive smudged strokes, high contrast black and white. Subject: a yellow and blue rally car cruising in a deep jungle, uneven street, daylight, lush plants, humidity, reflective ponds."
442,perturbation,late_mlp,2,Arthemy_Atlas_late_mlp_draw2.json,S2_watercolor,aded1ad92b,42,euler_ancestral,simple,9,1.0,1.0,1024,1280,S2_watercolor_Arthemy_Atlas_late_mlp_draw2_seed42_00001_.png,"Style: watercolor painting, soft colors, wet-on-wet washes, visible paper grain. Subject: a yellow and blue rally car cruising in a deep jungle, uneven street, daylight, lush plants, humidity, reflective ponds."
443,perturbation,late_mlp,2,Arthemy_Atlas_late_mlp_draw2.json,S2_watercolor,aded1ad92b,777,euler_ancestral,simple,9,1.0,1.0,1024,1280,S2_watercolor_Arthemy_Atlas_late_mlp_draw2_seed777_00001_.png,"Style: watercolor painting, soft colors, wet-on-wet washes, visible paper grain. Subject: a yellow and blue rally car cruising in a deep jungle, uneven street, daylight, lush plants, humidity, reflective ponds."
444,perturbation,late_mlp,2,Arthemy_Atlas_late_mlp_draw2.json,S2_watercolor,aded1ad92b,1337,euler_ancestral,simple,9,1.0,1.0,1024,1280,S2_watercolor_Arthemy_Atlas_late_mlp_draw2_seed1337_00001_.png,"Style: watercolor painting, soft colors, wet-on-wet washes, visible paper grain. Subject: a yellow and blue rally car cruising in a deep jungle, uneven street, daylight, lush plants, humidity, reflective ponds."
445,perturbation,late_mlp,2,Arthemy_Atlas_late_mlp_draw2.json,S3_lowpoly,eb2c25425b,42,euler_ancestral,simple,9,1.0,1.0,1024,1280,S3_lowpoly_Arthemy_Atlas_late_mlp_draw2_seed42_00001_.png,"Style: lowpoly 3D, retro videogame artstyle, flat shaded polygons, faceted geometry. Subject: a yellow and blue rally car cruising in a deep jungle, uneven street, daylight, lush plants, humidity, reflective ponds."
446,perturbation,late_mlp,2,Arthemy_Atlas_late_mlp_draw2.json,S3_lowpoly,eb2c25425b,777,euler_ancestral,simple,9,1.0,1.0,1024,1280,S3_lowpoly_Arthemy_Atlas_late_mlp_draw2_seed777_00001_.png,"Style: lowpoly 3D, retro videogame artstyle, flat shaded polygons, faceted geometry. Subject: a yellow and blue rally car cruising in a deep jungle, uneven street, daylight, lush plants, humidity, reflective ponds."
447,perturbation,late_mlp,2,Arthemy_Atlas_late_mlp_draw2.json,S3_lowpoly,eb2c25425b,1337,euler_ancestral,simple,9,1.0,1.0,1024,1280,S3_lowpoly_Arthemy_Atlas_late_mlp_draw2_seed1337_00001_.png,"Style: lowpoly 3D, retro videogame artstyle, flat shaded polygons, faceted geometry. Subject: a yellow and blue rally car cruising in a deep jungle, uneven street, daylight, lush plants, humidity, reflective ponds."
448,perturbation,late_mlp,2,Arthemy_Atlas_late_mlp_draw2.json,S4_claymation,47e50abd86,42,euler_ancestral,simple,9,1.0,1.0,1024,1280,S4_claymation_Arthemy_Atlas_late_mlp_draw2_seed42_00001_.png,"Style: claymation, stop-motion animation, plasticine textures, tactile studio lighting. Subject: a yellow and blue rally car cruising in a deep jungle, uneven street, daylight, lush plants, humidity, reflective ponds."
449,perturbation,late_mlp,2,Arthemy_Atlas_late_mlp_draw2.json,S4_claymation,47e50abd86,777,euler_ancestral,simple,9,1.0,1.0,1024,1280,S4_claymation_Arthemy_Atlas_late_mlp_draw2_seed777_00001_.png,"Style: claymation, stop-motion animation, plasticine textures, tactile studio lighting. Subject: a yellow and blue rally car cruising in a deep jungle, uneven street, daylight, lush plants, humidity, reflective ponds."
450,perturbation,late_mlp,2,Arthemy_Atlas_late_mlp_draw2.json,S4_claymation,47e50abd86,1337,euler_ancestral,simple,9,1.0,1.0,1024,1280,S4_claymation_Arthemy_Atlas_late_mlp_draw2_seed1337_00001_.png,"Style: claymation, stop-motion animation, plasticine textures, tactile studio lighting. Subject: a yellow and blue rally car cruising in a deep jungle, uneven street, daylight, lush plants, humidity, reflective ponds."
451,perturbation,late_mlp,2,Arthemy_Atlas_late_mlp_draw2.json,S5_ukiyoe,831f2d868c,42,euler_ancestral,simple,9,1.0,1.0,1024,1280,S5_ukiyoe_Arthemy_Atlas_late_mlp_draw2_seed42_00001_.png,"Style: traditional Japanese woodblock print, ukiyo-e, flat ink colors, intricate line work, vintage paper texture. Subject: a yellow and blue rally car cruising in a deep jungle, uneven street, daylight, lush plants, humidity, reflective ponds."
452,perturbation,late_mlp,2,Arthemy_Atlas_late_mlp_draw2.json,S5_ukiyoe,831f2d868c,777,euler_ancestral,simple,9,1.0,1.0,1024,1280,S5_ukiyoe_Arthemy_Atlas_late_mlp_draw2_seed777_00001_.png,"Style: traditional Japanese woodblock print, ukiyo-e, flat ink colors, intricate line work, vintage paper texture. Subject: a yellow and blue rally car cruising in a deep jungle, uneven street, daylight, lush plants, humidity, reflective ponds."
453,perturbation,late_mlp,2,Arthemy_Atlas_late_mlp_draw2.json,S5_ukiyoe,831f2d868c,1337,euler_ancestral,simple,9,1.0,1.0,1024,1280,S5_ukiyoe_Arthemy_Atlas_late_mlp_draw2_seed1337_00001_.png,"Style: traditional Japanese woodblock print, ukiyo-e, flat ink colors, intricate line work, vintage paper texture. Subject: a yellow and blue rally car cruising in a deep jungle, uneven street, daylight, lush plants, humidity, reflective ponds."
454,perturbation,late_mlp,2,Arthemy_Atlas_late_mlp_draw2.json,S6_pixel,b369f4266a,42,euler_ancestral,simple,9,1.0,1.0,1024,1280,S6_pixel_Arthemy_Atlas_late_mlp_draw2_seed42_00001_.png,"Style: 8-bit pixel art, retro arcade graphics, crisp blocky edges, limited color palette. Subject: a yellow and blue rally car cruising in a deep jungle, uneven street, daylight, lush plants, humidity, reflective ponds."
455,perturbation,late_mlp,2,Arthemy_Atlas_late_mlp_draw2.json,S6_pixel,b369f4266a,777,euler_ancestral,simple,9,1.0,1.0,1024,1280,S6_pixel_Arthemy_Atlas_late_mlp_draw2_seed777_00001_.png,"Style: 8-bit pixel art, retro arcade graphics, crisp blocky edges, limited color palette. Subject: a yellow and blue rally car cruising in a deep jungle, uneven street, daylight, lush plants, humidity, reflective ponds."
456,perturbation,late_mlp,2,Arthemy_Atlas_late_mlp_draw2.json,S6_pixel,b369f4266a,1337,euler_ancestral,simple,9,1.0,1.0,1024,1280,S6_pixel_Arthemy_Atlas_late_mlp_draw2_seed1337_00001_.png,"Style: 8-bit pixel art, retro arcade graphics, crisp blocky edges, limited color palette. Subject: a yellow and blue rally car cruising in a deep jungle, uneven street, daylight, lush plants, humidity, reflective ponds."
457,perturbation,late_mlp,2,Arthemy_Atlas_late_mlp_draw2.json,S7_glass,80cb4b3354,42,euler_ancestral,simple,9,1.0,1.0,1024,1280,S7_glass_Arthemy_Atlas_late_mlp_draw2_seed42_00001_.png,"Style: stained glass window mosaic, vibrant translucent glass pieces, thick dark lead outlines, back-illuminated. Subject: a yellow and blue rally car cruising in a deep jungle, uneven street, daylight, lush plants, humidity, reflective ponds."
458,perturbation,late_mlp,2,Arthemy_Atlas_late_mlp_draw2.json,S7_glass,80cb4b3354,777,euler_ancestral,simple,9,1.0,1.0,1024,1280,S7_glass_Arthemy_Atlas_late_mlp_draw2_seed777_00001_.png,"Style: stained glass window mosaic, vibrant translucent glass pieces, thick dark lead outlines, back-illuminated. Subject: a yellow and blue rally car cruising in a deep jungle, uneven street, daylight, lush plants, humidity, reflective ponds."
459,perturbation,late_mlp,2,Arthemy_Atlas_late_mlp_draw2.json,S7_glass,80cb4b3354,1337,euler_ancestral,simple,9,1.0,1.0,1024,1280,S7_glass_Arthemy_Atlas_late_mlp_draw2_seed1337_00001_.png,"Style: stained glass window mosaic, vibrant translucent glass pieces, thick dark lead outlines, back-illuminated. Subject: a yellow and blue rally car cruising in a deep jungle, uneven street, daylight, lush plants, humidity, reflective ponds."
460,perturbation,late_mlp,2,Arthemy_Atlas_late_mlp_draw2.json,S8_charcoal,eda77bf9e8,42,euler_ancestral,simple,9,1.0,1.0,1024,1280,S8_charcoal_Arthemy_Atlas_late_mlp_draw2_seed42_00001_.png,"Style: rough charcoal sketch, monochromatic, aggressive smudged strokes, high contrast black and white. Subject: a yellow and blue rally car cruising in a deep jungle, uneven street, daylight, lush plants, humidity, reflective ponds."
461,perturbation,late_mlp,2,Arthemy_Atlas_late_mlp_draw2.json,S8_charcoal,eda77bf9e8,777,euler_ancestral,simple,9,1.0,1.0,1024,1280,S8_charcoal_Arthemy_Atlas_late_mlp_draw2_seed777_00001_.png,"Style: rough charcoal sketch, monochromatic, aggressive smudged strokes, high contrast black and white. Subject: a yellow and blue rally car cruising in a deep jungle, uneven street, daylight, lush plants, humidity, reflective ponds."
462,perturbation,late_mlp,2,Arthemy_Atlas_late_mlp_draw2.json,S8_charcoal,eda77bf9e8,1337,euler_ancestral,simple,9,1.0,1.0,1024,1280,S8_charcoal_Arthemy_Atlas_late_mlp_draw2_seed1337_00001_.png,"Style: rough charcoal sketch, monochromatic, aggressive smudged strokes, high contrast black and white. Subject: a yellow and blue rally car cruising in a deep jungle, uneven street, daylight, lush plants, humidity, reflective ponds."
463,perturbation,modulation_norm,2,Arthemy_Atlas_modulation_norm_draw2.json,S2_watercolor,aded1ad92b,42,euler_ancestral,simple,9,1.0,1.0,1024,1280,S2_watercolor_Arthemy_Atlas_modulation_norm_draw2_seed42_00001_.png,"Style: watercolor painting, soft colors, wet-on-wet washes, visible paper grain. Subject: a yellow and blue rally car cruising in a deep jungle, uneven street, daylight, lush plants, humidity, reflective ponds."
464,perturbation,modulation_norm,2,Arthemy_Atlas_modulation_norm_draw2.json,S2_watercolor,aded1ad92b,777,euler_ancestral,simple,9,1.0,1.0,1024,1280,S2_watercolor_Arthemy_Atlas_modulation_norm_draw2_seed777_00001_.png,"Style: watercolor painting, soft colors, wet-on-wet washes, visible paper grain. Subject: a yellow and blue rally car cruising in a deep jungle, uneven street, daylight, lush plants, humidity, reflective ponds."
465,perturbation,modulation_norm,2,Arthemy_Atlas_modulation_norm_draw2.json,S2_watercolor,aded1ad92b,1337,euler_ancestral,simple,9,1.0,1.0,1024,1280,S2_watercolor_Arthemy_Atlas_modulation_norm_draw2_seed1337_00001_.png,"Style: watercolor painting, soft colors, wet-on-wet washes, visible paper grain. Subject: a yellow and blue rally car cruising in a deep jungle, uneven street, daylight, lush plants, humidity, reflective ponds."
466,perturbation,modulation_norm,2,Arthemy_Atlas_modulation_norm_draw2.json,S3_lowpoly,eb2c25425b,42,euler_ancestral,simple,9,1.0,1.0,1024,1280,S3_lowpoly_Arthemy_Atlas_modulation_norm_draw2_seed42_00001_.png,"Style: lowpoly 3D, retro videogame artstyle, flat shaded polygons, faceted geometry. Subject: a yellow and blue rally car cruising in a deep jungle, uneven street, daylight, lush plants, humidity, reflective ponds."
467,perturbation,modulation_norm,2,Arthemy_Atlas_modulation_norm_draw2.json,S3_lowpoly,eb2c25425b,777,euler_ancestral,simple,9,1.0,1.0,1024,1280,S3_lowpoly_Arthemy_Atlas_modulation_norm_draw2_seed777_00001_.png,"Style: lowpoly 3D, retro videogame artstyle, flat shaded polygons, faceted geometry. Subject: a yellow and blue rally car cruising in a deep jungle, uneven street, daylight, lush plants, humidity, reflective ponds."
468,perturbation,modulation_norm,2,Arthemy_Atlas_modulation_norm_draw2.json,S3_lowpoly,eb2c25425b,1337,euler_ancestral,simple,9,1.0,1.0,1024,1280,S3_lowpoly_Arthemy_Atlas_modulation_norm_draw2_seed1337_00001_.png,"Style: lowpoly 3D, retro videogame artstyle, flat shaded polygons, faceted geometry. Subject: a yellow and blue rally car cruising in a deep jungle, uneven street, daylight, lush plants, humidity, reflective ponds."
469,perturbation,modulation_norm,2,Arthemy_Atlas_modulation_norm_draw2.json,S4_claymation,47e50abd86,42,euler_ancestral,simple,9,1.0,1.0,1024,1280,S4_claymation_Arthemy_Atlas_modulation_norm_draw2_seed42_00001_.png,"Style: claymation, stop-motion animation, plasticine textures, tactile studio lighting. Subject: a yellow and blue rally car cruising in a deep jungle, uneven street, daylight, lush plants, humidity, reflective ponds."
470,perturbation,modulation_norm,2,Arthemy_Atlas_modulation_norm_draw2.json,S4_claymation,47e50abd86,777,euler_ancestral,simple,9,1.0,1.0,1024,1280,S4_claymation_Arthemy_Atlas_modulation_norm_draw2_seed777_00001_.png,"Style: claymation, stop-motion animation, plasticine textures, tactile studio lighting. Subject: a yellow and blue rally car cruising in a deep jungle, uneven street, daylight, lush plants, humidity, reflective ponds."
471,perturbation,modulation_norm,2,Arthemy_Atlas_modulation_norm_draw2.json,S4_claymation,47e50abd86,1337,euler_ancestral,simple,9,1.0,1.0,1024,1280,S4_claymation_Arthemy_Atlas_modulation_norm_draw2_seed1337_00001_.png,"Style: claymation, stop-motion animation, plasticine textures, tactile studio lighting. Subject: a yellow and blue rally car cruising in a deep jungle, uneven street, daylight, lush plants, humidity, reflective ponds."
472,perturbation,modulation_norm,2,Arthemy_Atlas_modulation_norm_draw2.json,S5_ukiyoe,831f2d868c,42,euler_ancestral,simple,9,1.0,1.0,1024,1280,S5_ukiyoe_Arthemy_Atlas_modulation_norm_draw2_seed42_00001_.png,"Style: traditional Japanese woodblock print, ukiyo-e, flat ink colors, intricate line work, vintage paper texture. Subject: a yellow and blue rally car cruising in a deep jungle, uneven street, daylight, lush plants, humidity, reflective ponds."
473,perturbation,modulation_norm,2,Arthemy_Atlas_modulation_norm_draw2.json,S5_ukiyoe,831f2d868c,777,euler_ancestral,simple,9,1.0,1.0,1024,1280,S5_ukiyoe_Arthemy_Atlas_modulation_norm_draw2_seed777_00001_.png,"Style: traditional Japanese woodblock print, ukiyo-e, flat ink colors, intricate line work, vintage paper texture. Subject: a yellow and blue rally car cruising in a deep jungle, uneven street, daylight, lush plants, humidity, reflective ponds."
474,perturbation,modulation_norm,2,Arthemy_Atlas_modulation_norm_draw2.json,S5_ukiyoe,831f2d868c,1337,euler_ancestral,simple,9,1.0,1.0,1024,1280,S5_ukiyoe_Arthemy_Atlas_modulation_norm_draw2_seed1337_00001_.png,"Style: traditional Japanese woodblock print, ukiyo-e, flat ink colors, intricate line work, vintage paper texture. Subject: a yellow and blue rally car cruising in a deep jungle, uneven street, daylight, lush plants, humidity, reflective ponds."
475,perturbation,modulation_norm,2,Arthemy_Atlas_modulation_norm_draw2.json,S6_pixel,b369f4266a,42,euler_ancestral,simple,9,1.0,1.0,1024,1280,S6_pixel_Arthemy_Atlas_modulation_norm_draw2_seed42_00001_.png,"Style: 8-bit pixel art, retro arcade graphics, crisp blocky edges, limited color palette. Subject: a yellow and blue rally car cruising in a deep jungle, uneven street, daylight, lush plants, humidity, reflective ponds."
476,perturbation,modulation_norm,2,Arthemy_Atlas_modulation_norm_draw2.json,S6_pixel,b369f4266a,777,euler_ancestral,simple,9,1.0,1.0,1024,1280,S6_pixel_Arthemy_Atlas_modulation_norm_draw2_seed777_00001_.png,"Style: 8-bit pixel art, retro arcade graphics, crisp blocky edges, limited color palette. Subject: a yellow and blue rally car cruising in a deep jungle, uneven street, daylight, lush plants, humidity, reflective ponds."
477,perturbation,modulation_norm,2,Arthemy_Atlas_modulation_norm_draw2.json,S6_pixel,b369f4266a,1337,euler_ancestral,simple,9,1.0,1.0,1024,1280,S6_pixel_Arthemy_Atlas_modulation_norm_draw2_seed1337_00001_.png,"Style: 8-bit pixel art, retro arcade graphics, crisp blocky edges, limited color palette. Subject: a yellow and blue rally car cruising in a deep jungle, uneven street, daylight, lush plants, humidity, reflective ponds."
478,perturbation,modulation_norm,2,Arthemy_Atlas_modulation_norm_draw2.json,S7_glass,80cb4b3354,42,euler_ancestral,simple,9,1.0,1.0,1024,1280,S7_glass_Arthemy_Atlas_modulation_norm_draw2_seed42_00001_.png,"Style: stained glass window mosaic, vibrant translucent glass pieces, thick dark lead outlines, back-illuminated. Subject: a yellow and blue rally car cruising in a deep jungle, uneven street, daylight, lush plants, humidity, reflective ponds."
479,perturbation,modulation_norm,2,Arthemy_Atlas_modulation_norm_draw2.json,S7_glass,80cb4b3354,777,euler_ancestral,simple,9,1.0,1.0,1024,1280,S7_glass_Arthemy_Atlas_modulation_norm_draw2_seed777_00001_.png,"Style: stained glass window mosaic, vibrant translucent glass pieces, thick dark lead outlines, back-illuminated. Subject: a yellow and blue rally car cruising in a deep jungle, uneven street, daylight, lush plants, humidity, reflective ponds."
480,perturbation,modulation_norm,2,Arthemy_Atlas_modulation_norm_draw2.json,S7_glass,80cb4b3354,1337,euler_ancestral,simple,9,1.0,1.0,1024,1280,S7_glass_Arthemy_Atlas_modulation_norm_draw2_seed1337_00001_.png,"Style: stained glass window mosaic, vibrant translucent glass pieces, thick dark lead outlines, back-illuminated. Subject: a yellow and blue rally car cruising in a deep jungle, uneven street, daylight, lush plants, humidity, reflective ponds."
481,perturbation,modulation_norm,2,Arthemy_Atlas_modulation_norm_draw2.json,S8_charcoal,eda77bf9e8,42,euler_ancestral,simple,9,1.0,1.0,1024,1280,S8_charcoal_Arthemy_Atlas_modulation_norm_draw2_seed42_00001_.png,"Style: rough charcoal sketch, monochromatic, aggressive smudged strokes, high contrast black and white. Subject: a yellow and blue rally car cruising in a deep jungle, uneven street, daylight, lush plants, humidity, reflective ponds."
482,perturbation,modulation_norm,2,Arthemy_Atlas_modulation_norm_draw2.json,S8_charcoal,eda77bf9e8,777,euler_ancestral,simple,9,1.0,1.0,1024,1280,S8_charcoal_Arthemy_Atlas_modulation_norm_draw2_seed777_00001_.png,"Style: rough charcoal sketch, monochromatic, aggressive smudged strokes, high contrast black and white. Subject: a yellow and blue rally car cruising in a deep jungle, uneven street, daylight, lush plants, humidity, reflective ponds."
483,perturbation,modulation_norm,2,Arthemy_Atlas_modulation_norm_draw2.json,S8_charcoal,eda77bf9e8,1337,euler_ancestral,simple,9,1.0,1.0,1024,1280,S8_charcoal_Arthemy_Atlas_modulation_norm_draw2_seed1337_00001_.png,"Style: rough charcoal sketch, monochromatic, aggressive smudged strokes, high contrast black and white. Subject: a yellow and blue rally car cruising in a deep jungle, uneven street, daylight, lush plants, humidity, reflective ponds."
484,perturbation,txtfusion,2,Arthemy_Atlas_txtfusion_draw2.json,S2_watercolor,aded1ad92b,42,euler_ancestral,simple,9,1.0,1.0,1024,1280,S2_watercolor_Arthemy_Atlas_txtfusion_draw2_seed42_00001_.png,"Style: watercolor painting, soft colors, wet-on-wet washes, visible paper grain. Subject: a yellow and blue rally car cruising in a deep jungle, uneven street, daylight, lush plants, humidity, reflective ponds."
485,perturbation,txtfusion,2,Arthemy_Atlas_txtfusion_draw2.json,S2_watercolor,aded1ad92b,777,euler_ancestral,simple,9,1.0,1.0,1024,1280,S2_watercolor_Arthemy_Atlas_txtfusion_draw2_seed777_00001_.png,"Style: watercolor painting, soft colors, wet-on-wet washes, visible paper grain. Subject: a yellow and blue rally car cruising in a deep jungle, uneven street, daylight, lush plants, humidity, reflective ponds."
486,perturbation,txtfusion,2,Arthemy_Atlas_txtfusion_draw2.json,S2_watercolor,aded1ad92b,1337,euler_ancestral,simple,9,1.0,1.0,1024,1280,S2_watercolor_Arthemy_Atlas_txtfusion_draw2_seed1337_00001_.png,"Style: watercolor painting, soft colors, wet-on-wet washes, visible paper grain. Subject: a yellow and blue rally car cruising in a deep jungle, uneven street, daylight, lush plants, humidity, reflective ponds."
487,perturbation,txtfusion,2,Arthemy_Atlas_txtfusion_draw2.json,S3_lowpoly,eb2c25425b,42,euler_ancestral,simple,9,1.0,1.0,1024,1280,S3_lowpoly_Arthemy_Atlas_txtfusion_draw2_seed42_00001_.png,"Style: lowpoly 3D, retro videogame artstyle, flat shaded polygons, faceted geometry. Subject: a yellow and blue rally car cruising in a deep jungle, uneven street, daylight, lush plants, humidity, reflective ponds."
488,perturbation,txtfusion,2,Arthemy_Atlas_txtfusion_draw2.json,S3_lowpoly,eb2c25425b,777,euler_ancestral,simple,9,1.0,1.0,1024,1280,S3_lowpoly_Arthemy_Atlas_txtfusion_draw2_seed777_00001_.png,"Style: lowpoly 3D, retro videogame artstyle, flat shaded polygons, faceted geometry. Subject: a yellow and blue rally car cruising in a deep jungle, uneven street, daylight, lush plants, humidity, reflective ponds."
489,perturbation,txtfusion,2,Arthemy_Atlas_txtfusion_draw2.json,S3_lowpoly,eb2c25425b,1337,euler_ancestral,simple,9,1.0,1.0,1024,1280,S3_lowpoly_Arthemy_Atlas_txtfusion_draw2_seed1337_00001_.png,"Style: lowpoly 3D, retro videogame artstyle, flat shaded polygons, faceted geometry. Subject: a yellow and blue rally car cruising in a deep jungle, uneven street, daylight, lush plants, humidity, reflective ponds."
490,perturbation,txtfusion,2,Arthemy_Atlas_txtfusion_draw2.json,S4_claymation,47e50abd86,42,euler_ancestral,simple,9,1.0,1.0,1024,1280,S4_claymation_Arthemy_Atlas_txtfusion_draw2_seed42_00001_.png,"Style: claymation, stop-motion animation, plasticine textures, tactile studio lighting. Subject: a yellow and blue rally car cruising in a deep jungle, uneven street, daylight, lush plants, humidity, reflective ponds."
491,perturbation,txtfusion,2,Arthemy_Atlas_txtfusion_draw2.json,S4_claymation,47e50abd86,777,euler_ancestral,simple,9,1.0,1.0,1024,1280,S4_claymation_Arthemy_Atlas_txtfusion_draw2_seed777_00001_.png,"Style: claymation, stop-motion animation, plasticine textures, tactile studio lighting. Subject: a yellow and blue rally car cruising in a deep jungle, uneven street, daylight, lush plants, humidity, reflective ponds."
492,perturbation,txtfusion,2,Arthemy_Atlas_txtfusion_draw2.json,S4_claymation,47e50abd86,1337,euler_ancestral,simple,9,1.0,1.0,1024,1280,S4_claymation_Arthemy_Atlas_txtfusion_draw2_seed1337_00001_.png,"Style: claymation, stop-motion animation, plasticine textures, tactile studio lighting. Subject: a yellow and blue rally car cruising in a deep jungle, uneven street, daylight, lush plants, humidity, reflective ponds."
493,perturbation,txtfusion,2,Arthemy_Atlas_txtfusion_draw2.json,S5_ukiyoe,831f2d868c,42,euler_ancestral,simple,9,1.0,1.0,1024,1280,S5_ukiyoe_Arthemy_Atlas_txtfusion_draw2_seed42_00001_.png,"Style: traditional Japanese woodblock print, ukiyo-e, flat ink colors, intricate line work, vintage paper texture. Subject: a yellow and blue rally car cruising in a deep jungle, uneven street, daylight, lush plants, humidity, reflective ponds."
494,perturbation,txtfusion,2,Arthemy_Atlas_txtfusion_draw2.json,S5_ukiyoe,831f2d868c,777,euler_ancestral,simple,9,1.0,1.0,1024,1280,S5_ukiyoe_Arthemy_Atlas_txtfusion_draw2_seed777_00001_.png,"Style: traditional Japanese woodblock print, ukiyo-e, flat ink colors, intricate line work, vintage paper texture. Subject: a yellow and blue rally car cruising in a deep jungle, uneven street, daylight, lush plants, humidity, reflective ponds."
495,perturbation,txtfusion,2,Arthemy_Atlas_txtfusion_draw2.json,S5_ukiyoe,831f2d868c,1337,euler_ancestral,simple,9,1.0,1.0,1024,1280,S5_ukiyoe_Arthemy_Atlas_txtfusion_draw2_seed1337_00001_.png,"Style: traditional Japanese woodblock print, ukiyo-e, flat ink colors, intricate line work, vintage paper texture. Subject: a yellow and blue rally car cruising in a deep jungle, uneven street, daylight, lush plants, humidity, reflective ponds."
496,perturbation,txtfusion,2,Arthemy_Atlas_txtfusion_draw2.json,S6_pixel,b369f4266a,42,euler_ancestral,simple,9,1.0,1.0,1024,1280,S6_pixel_Arthemy_Atlas_txtfusion_draw2_seed42_00001_.png,"Style: 8-bit pixel art, retro arcade graphics, crisp blocky edges, limited color palette. Subject: a yellow and blue rally car cruising in a deep jungle, uneven street, daylight, lush plants, humidity, reflective ponds."
497,perturbation,txtfusion,2,Arthemy_Atlas_txtfusion_draw2.json,S6_pixel,b369f4266a,777,euler_ancestral,simple,9,1.0,1.0,1024,1280,S6_pixel_Arthemy_Atlas_txtfusion_draw2_seed777_00001_.png,"Style: 8-bit pixel art, retro arcade graphics, crisp blocky edges, limited color palette. Subject: a yellow and blue rally car cruising in a deep jungle, uneven street, daylight, lush plants, humidity, reflective ponds."
498,perturbation,txtfusion,2,Arthemy_Atlas_txtfusion_draw2.json,S6_pixel,b369f4266a,1337,euler_ancestral,simple,9,1.0,1.0,1024,1280,S6_pixel_Arthemy_Atlas_txtfusion_draw2_seed1337_00001_.png,"Style: 8-bit pixel art, retro arcade graphics, crisp blocky edges, limited color palette. Subject: a yellow and blue rally car cruising in a deep jungle, uneven street, daylight, lush plants, humidity, reflective ponds."
499,perturbation,txtfusion,2,Arthemy_Atlas_txtfusion_draw2.json,S7_glass,80cb4b3354,42,euler_ancestral,simple,9,1.0,1.0,1024,1280,S7_glass_Arthemy_Atlas_txtfusion_draw2_seed42_00001_.png,"Style: stained glass window mosaic, vibrant translucent glass pieces, thick dark lead outlines, back-illuminated. Subject: a yellow and blue rally car cruising in a deep jungle, uneven street, daylight, lush plants, humidity, reflective ponds."
500,perturbation,txtfusion,2,Arthemy_Atlas_txtfusion_draw2.json,S7_glass,80cb4b3354,777,euler_ancestral,simple,9,1.0,1.0,1024,1280,S7_glass_Arthemy_Atlas_txtfusion_draw2_seed777_00001_.png,"Style: stained glass window mosaic, vibrant translucent glass pieces, thick dark lead outlines, back-illuminated. Subject: a yellow and blue rally car cruising in a deep jungle, uneven street, daylight, lush plants, humidity, reflective ponds."
501,perturbation,txtfusion,2,Arthemy_Atlas_txtfusion_draw2.json,S7_glass,80cb4b3354,1337,euler_ancestral,simple,9,1.0,1.0,1024,1280,S7_glass_Arthemy_Atlas_txtfusion_draw2_seed1337_00001_.png,"Style: stained glass window mosaic, vibrant translucent glass pieces, thick dark lead outlines, back-illuminated. Subject: a yellow and blue rally car cruising in a deep jungle, uneven street, daylight, lush plants, humidity, reflective ponds."
502,perturbation,txtfusion,2,Arthemy_Atlas_txtfusion_draw2.json,S8_charcoal,eda77bf9e8,42,euler_ancestral,simple,9,1.0,1.0,1024,1280,S8_charcoal_Arthemy_Atlas_txtfusion_draw2_seed42_00001_.png,"Style: rough charcoal sketch, monochromatic, aggressive smudged strokes, high contrast black and white. Subject: a yellow and blue rally car cruising in a deep jungle, uneven street, daylight, lush plants, humidity, reflective ponds."
503,perturbation,txtfusion,2,Arthemy_Atlas_txtfusion_draw2.json,S8_charcoal,eda77bf9e8,777,euler_ancestral,simple,9,1.0,1.0,1024,1280,S8_charcoal_Arthemy_Atlas_txtfusion_draw2_seed777_00001_.png,"Style: rough charcoal sketch, monochromatic, aggressive smudged strokes, high contrast black and white. Subject: a yellow and blue rally car cruising in a deep jungle, uneven street, daylight, lush plants, humidity, reflective ponds."
504,perturbation,txtfusion,2,Arthemy_Atlas_txtfusion_draw2.json,S8_charcoal,eda77bf9e8,1337,euler_ancestral,simple,9,1.0,1.0,1024,1280,S8_charcoal_Arthemy_Atlas_txtfusion_draw2_seed1337_00001_.png,"Style: rough charcoal sketch, monochromatic, aggressive smudged strokes, high contrast black and white. Subject: a yellow and blue rally car cruising in a deep jungle, uneven street, daylight, lush plants, humidity, reflective ponds."
505,perturbation,clip_only,2,Arthemy_Atlas_clip_only_draw2.json,S2_watercolor,aded1ad92b,42,euler_ancestral,simple,9,1.0,1.0,1024,1280,S2_watercolor_Arthemy_Atlas_clip_only_draw2_seed42_00001_.png,"Style: watercolor painting, soft colors, wet-on-wet washes, visible paper grain. Subject: a yellow and blue rally car cruising in a deep jungle, uneven street, daylight, lush plants, humidity, reflective ponds."
506,perturbation,clip_only,2,Arthemy_Atlas_clip_only_draw2.json,S2_watercolor,aded1ad92b,777,euler_ancestral,simple,9,1.0,1.0,1024,1280,S2_watercolor_Arthemy_Atlas_clip_only_draw2_seed777_00001_.png,"Style: watercolor painting, soft colors, wet-on-wet washes, visible paper grain. Subject: a yellow and blue rally car cruising in a deep jungle, uneven street, daylight, lush plants, humidity, reflective ponds."
507,perturbation,clip_only,2,Arthemy_Atlas_clip_only_draw2.json,S2_watercolor,aded1ad92b,1337,euler_ancestral,simple,9,1.0,1.0,1024,1280,S2_watercolor_Arthemy_Atlas_clip_only_draw2_seed1337_00001_.png,"Style: watercolor painting, soft colors, wet-on-wet washes, visible paper grain. Subject: a yellow and blue rally car cruising in a deep jungle, uneven street, daylight, lush plants, humidity, reflective ponds."
508,perturbation,clip_only,2,Arthemy_Atlas_clip_only_draw2.json,S3_lowpoly,eb2c25425b,42,euler_ancestral,simple,9,1.0,1.0,1024,1280,S3_lowpoly_Arthemy_Atlas_clip_only_draw2_seed42_00001_.png,"Style: lowpoly 3D, retro videogame artstyle, flat shaded polygons, faceted geometry. Subject: a yellow and blue rally car cruising in a deep jungle, uneven street, daylight, lush plants, humidity, reflective ponds."
509,perturbation,clip_only,2,Arthemy_Atlas_clip_only_draw2.json,S3_lowpoly,eb2c25425b,777,euler_ancestral,simple,9,1.0,1.0,1024,1280,S3_lowpoly_Arthemy_Atlas_clip_only_draw2_seed777_00001_.png,"Style: lowpoly 3D, retro videogame artstyle, flat shaded polygons, faceted geometry. Subject: a yellow and blue rally car cruising in a deep jungle, uneven street, daylight, lush plants, humidity, reflective ponds."
510,perturbation,clip_only,2,Arthemy_Atlas_clip_only_draw2.json,S3_lowpoly,eb2c25425b,1337,euler_ancestral,simple,9,1.0,1.0,1024,1280,S3_lowpoly_Arthemy_Atlas_clip_only_draw2_seed1337_00001_.png,"Style: lowpoly 3D, retro videogame artstyle, flat shaded polygons, faceted geometry. Subject: a yellow and blue rally car cruising in a deep jungle, uneven street, daylight, lush plants, humidity, reflective ponds."
511,perturbation,clip_only,2,Arthemy_Atlas_clip_only_draw2.json,S4_claymation,47e50abd86,42,euler_ancestral,simple,9,1.0,1.0,1024,1280,S4_claymation_Arthemy_Atlas_clip_only_draw2_seed42_00001_.png,"Style: claymation, stop-motion animation, plasticine textures, tactile studio lighting. Subject: a yellow and blue rally car cruising in a deep jungle, uneven street, daylight, lush plants, humidity, reflective ponds."
512,perturbation,clip_only,2,Arthemy_Atlas_clip_only_draw2.json,S4_claymation,47e50abd86,777,euler_ancestral,simple,9,1.0,1.0,1024,1280,S4_claymation_Arthemy_Atlas_clip_only_draw2_seed777_00001_.png,"Style: claymation, stop-motion animation, plasticine textures, tactile studio lighting. Subject: a yellow and blue rally car cruising in a deep jungle, uneven street, daylight, lush plants, humidity, reflective ponds."
513,perturbation,clip_only,2,Arthemy_Atlas_clip_only_draw2.json,S4_claymation,47e50abd86,1337,euler_ancestral,simple,9,1.0,1.0,1024,1280,S4_claymation_Arthemy_Atlas_clip_only_draw2_seed1337_00001_.png,"Style: claymation, stop-motion animation, plasticine textures, tactile studio lighting. Subject: a yellow and blue rally car cruising in a deep jungle, uneven street, daylight, lush plants, humidity, reflective ponds."
514,perturbation,clip_only,2,Arthemy_Atlas_clip_only_draw2.json,S5_ukiyoe,831f2d868c,42,euler_ancestral,simple,9,1.0,1.0,1024,1280,S5_ukiyoe_Arthemy_Atlas_clip_only_draw2_seed42_00001_.png,"Style: traditional Japanese woodblock print, ukiyo-e, flat ink colors, intricate line work, vintage paper texture. Subject: a yellow and blue rally car cruising in a deep jungle, uneven street, daylight, lush plants, humidity, reflective ponds."
515,perturbation,clip_only,2,Arthemy_Atlas_clip_only_draw2.json,S5_ukiyoe,831f2d868c,777,euler_ancestral,simple,9,1.0,1.0,1024,1280,S5_ukiyoe_Arthemy_Atlas_clip_only_draw2_seed777_00001_.png,"Style: traditional Japanese woodblock print, ukiyo-e, flat ink colors, intricate line work, vintage paper texture. Subject: a yellow and blue rally car cruising in a deep jungle, uneven street, daylight, lush plants, humidity, reflective ponds."
516,perturbation,clip_only,2,Arthemy_Atlas_clip_only_draw2.json,S5_ukiyoe,831f2d868c,1337,euler_ancestral,simple,9,1.0,1.0,1024,1280,S5_ukiyoe_Arthemy_Atlas_clip_only_draw2_seed1337_00001_.png,"Style: traditional Japanese woodblock print, ukiyo-e, flat ink colors, intricate line work, vintage paper texture. Subject: a yellow and blue rally car cruising in a deep jungle, uneven street, daylight, lush plants, humidity, reflective ponds."
517,perturbation,clip_only,2,Arthemy_Atlas_clip_only_draw2.json,S6_pixel,b369f4266a,42,euler_ancestral,simple,9,1.0,1.0,1024,1280,S6_pixel_Arthemy_Atlas_clip_only_draw2_seed42_00001_.png,"Style: 8-bit pixel art, retro arcade graphics, crisp blocky edges, limited color palette. Subject: a yellow and blue rally car cruising in a deep jungle, uneven street, daylight, lush plants, humidity, reflective ponds."
518,perturbation,clip_only,2,Arthemy_Atlas_clip_only_draw2.json,S6_pixel,b369f4266a,777,euler_ancestral,simple,9,1.0,1.0,1024,1280,S6_pixel_Arthemy_Atlas_clip_only_draw2_seed777_00001_.png,"Style: 8-bit pixel art, retro arcade graphics, crisp blocky edges, limited color palette. Subject: a yellow and blue rally car cruising in a deep jungle, uneven street, daylight, lush plants, humidity, reflective ponds."
519,perturbation,clip_only,2,Arthemy_Atlas_clip_only_draw2.json,S6_pixel,b369f4266a,1337,euler_ancestral,simple,9,1.0,1.0,1024,1280,S6_pixel_Arthemy_Atlas_clip_only_draw2_seed1337_00001_.png,"Style: 8-bit pixel art, retro arcade graphics, crisp blocky edges, limited color palette. Subject: a yellow and blue rally car cruising in a deep jungle, uneven street, daylight, lush plants, humidity, reflective ponds."
520,perturbation,clip_only,2,Arthemy_Atlas_clip_only_draw2.json,S7_glass,80cb4b3354,42,euler_ancestral,simple,9,1.0,1.0,1024,1280,S7_glass_Arthemy_Atlas_clip_only_draw2_seed42_00001_.png,"Style: stained glass window mosaic, vibrant translucent glass pieces, thick dark lead outlines, back-illuminated. Subject: a yellow and blue rally car cruising in a deep jungle, uneven street, daylight, lush plants, humidity, reflective ponds."
521,perturbation,clip_only,2,Arthemy_Atlas_clip_only_draw2.json,S7_glass,80cb4b3354,777,euler_ancestral,simple,9,1.0,1.0,1024,1280,S7_glass_Arthemy_Atlas_clip_only_draw2_seed777_00001_.png,"Style: stained glass window mosaic, vibrant translucent glass pieces, thick dark lead outlines, back-illuminated. Subject: a yellow and blue rally car cruising in a deep jungle, uneven street, daylight, lush plants, humidity, reflective ponds."
522,perturbation,clip_only,2,Arthemy_Atlas_clip_only_draw2.json,S7_glass,80cb4b3354,1337,euler_ancestral,simple,9,1.0,1.0,1024,1280,S7_glass_Arthemy_Atlas_clip_only_draw2_seed1337_00001_.png,"Style: stained glass window mosaic, vibrant translucent glass pieces, thick dark lead outlines, back-illuminated. Subject: a yellow and blue rally car cruising in a deep jungle, uneven street, daylight, lush plants, humidity, reflective ponds."
523,perturbation,clip_only,2,Arthemy_Atlas_clip_only_draw2.json,S8_charcoal,eda77bf9e8,42,euler_ancestral,simple,9,1.0,1.0,1024,1280,S8_charcoal_Arthemy_Atlas_clip_only_draw2_seed42_00001_.png,"Style: rough charcoal sketch, monochromatic, aggressive smudged strokes, high contrast black and white. Subject: a yellow and blue rally car cruising in a deep jungle, uneven street, daylight, lush plants, humidity, reflective ponds."
524,perturbation,clip_only,2,Arthemy_Atlas_clip_only_draw2.json,S8_charcoal,eda77bf9e8,777,euler_ancestral,simple,9,1.0,1.0,1024,1280,S8_charcoal_Arthemy_Atlas_clip_only_draw2_seed777_00001_.png,"Style: rough charcoal sketch, monochromatic, aggressive smudged strokes, high contrast black and white. Subject: a yellow and blue rally car cruising in a deep jungle, uneven street, daylight, lush plants, humidity, reflective ponds."
525,perturbation,clip_only,2,Arthemy_Atlas_clip_only_draw2.json,S8_charcoal,eda77bf9e8,1337,euler_ancestral,simple,9,1.0,1.0,1024,1280,S8_charcoal_Arthemy_Atlas_clip_only_draw2_seed1337_00001_.png,"Style: rough charcoal sketch, monochromatic, aggressive smudged strokes, high contrast black and white. Subject: a yellow and blue rally car cruising in a deep jungle, uneven street, daylight, lush plants, humidity, reflective ponds."
526,perturbation,model_only,2,Arthemy_Atlas_model_only_draw2.json,S2_watercolor,aded1ad92b,42,euler_ancestral,simple,9,1.0,1.0,1024,1280,S2_watercolor_Arthemy_Atlas_model_only_draw2_seed42_00001_.png,"Style: watercolor painting, soft colors, wet-on-wet washes, visible paper grain. Subject: a yellow and blue rally car cruising in a deep jungle, uneven street, daylight, lush plants, humidity, reflective ponds."
527,perturbation,model_only,2,Arthemy_Atlas_model_only_draw2.json,S2_watercolor,aded1ad92b,777,euler_ancestral,simple,9,1.0,1.0,1024,1280,S2_watercolor_Arthemy_Atlas_model_only_draw2_seed777_00001_.png,"Style: watercolor painting, soft colors, wet-on-wet washes, visible paper grain. Subject: a yellow and blue rally car cruising in a deep jungle, uneven street, daylight, lush plants, humidity, reflective ponds."
528,perturbation,model_only,2,Arthemy_Atlas_model_only_draw2.json,S2_watercolor,aded1ad92b,1337,euler_ancestral,simple,9,1.0,1.0,1024,1280,S2_watercolor_Arthemy_Atlas_model_only_draw2_seed1337_00001_.png,"Style: watercolor painting, soft colors, wet-on-wet washes, visible paper grain. Subject: a yellow and blue rally car cruising in a deep jungle, uneven street, daylight, lush plants, humidity, reflective ponds."
529,perturbation,model_only,2,Arthemy_Atlas_model_only_draw2.json,S3_lowpoly,eb2c25425b,42,euler_ancestral,simple,9,1.0,1.0,1024,1280,S3_lowpoly_Arthemy_Atlas_model_only_draw2_seed42_00001_.png,"Style: lowpoly 3D, retro videogame artstyle, flat shaded polygons, faceted geometry. Subject: a yellow and blue rally car cruising in a deep jungle, uneven street, daylight, lush plants, humidity, reflective ponds."
530,perturbation,model_only,2,Arthemy_Atlas_model_only_draw2.json,S3_lowpoly,eb2c25425b,777,euler_ancestral,simple,9,1.0,1.0,1024,1280,S3_lowpoly_Arthemy_Atlas_model_only_draw2_seed777_00001_.png,"Style: lowpoly 3D, retro videogame artstyle, flat shaded polygons, faceted geometry. Subject: a yellow and blue rally car cruising in a deep jungle, uneven street, daylight, lush plants, humidity, reflective ponds."
531,perturbation,model_only,2,Arthemy_Atlas_model_only_draw2.json,S3_lowpoly,eb2c25425b,1337,euler_ancestral,simple,9,1.0,1.0,1024,1280,S3_lowpoly_Arthemy_Atlas_model_only_draw2_seed1337_00001_.png,"Style: lowpoly 3D, retro videogame artstyle, flat shaded polygons, faceted geometry. Subject: a yellow and blue rally car cruising in a deep jungle, uneven street, daylight, lush plants, humidity, reflective ponds."
532,perturbation,model_only,2,Arthemy_Atlas_model_only_draw2.json,S4_claymation,47e50abd86,42,euler_ancestral,simple,9,1.0,1.0,1024,1280,S4_claymation_Arthemy_Atlas_model_only_draw2_seed42_00001_.png,"Style: claymation, stop-motion animation, plasticine textures, tactile studio lighting. Subject: a yellow and blue rally car cruising in a deep jungle, uneven street, daylight, lush plants, humidity, reflective ponds."
533,perturbation,model_only,2,Arthemy_Atlas_model_only_draw2.json,S4_claymation,47e50abd86,777,euler_ancestral,simple,9,1.0,1.0,1024,1280,S4_claymation_Arthemy_Atlas_model_only_draw2_seed777_00001_.png,"Style: claymation, stop-motion animation, plasticine textures, tactile studio lighting. Subject: a yellow and blue rally car cruising in a deep jungle, uneven street, daylight, lush plants, humidity, reflective ponds."
534,perturbation,model_only,2,Arthemy_Atlas_model_only_draw2.json,S4_claymation,47e50abd86,1337,euler_ancestral,simple,9,1.0,1.0,1024,1280,S4_claymation_Arthemy_Atlas_model_only_draw2_seed1337_00001_.png,"Style: claymation, stop-motion animation, plasticine textures, tactile studio lighting. Subject: a yellow and blue rally car cruising in a deep jungle, uneven street, daylight, lush plants, humidity, reflective ponds."
535,perturbation,model_only,2,Arthemy_Atlas_model_only_draw2.json,S5_ukiyoe,831f2d868c,42,euler_ancestral,simple,9,1.0,1.0,1024,1280,S5_ukiyoe_Arthemy_Atlas_model_only_draw2_seed42_00001_.png,"Style: traditional Japanese woodblock print, ukiyo-e, flat ink colors, intricate line work, vintage paper texture. Subject: a yellow and blue rally car cruising in a deep jungle, uneven street, daylight, lush plants, humidity, reflective ponds."
536,perturbation,model_only,2,Arthemy_Atlas_model_only_draw2.json,S5_ukiyoe,831f2d868c,777,euler_ancestral,simple,9,1.0,1.0,1024,1280,S5_ukiyoe_Arthemy_Atlas_model_only_draw2_seed777_00001_.png,"Style: traditional Japanese woodblock print, ukiyo-e, flat ink colors, intricate line work, vintage paper texture. Subject: a yellow and blue rally car cruising in a deep jungle, uneven street, daylight, lush plants, humidity, reflective ponds."
537,perturbation,model_only,2,Arthemy_Atlas_model_only_draw2.json,S5_ukiyoe,831f2d868c,1337,euler_ancestral,simple,9,1.0,1.0,1024,1280,S5_ukiyoe_Arthemy_Atlas_model_only_draw2_seed1337_00001_.png,"Style: traditional Japanese woodblock print, ukiyo-e, flat ink colors, intricate line work, vintage paper texture. Subject: a yellow and blue rally car cruising in a deep jungle, uneven street, daylight, lush plants, humidity, reflective ponds."
538,perturbation,model_only,2,Arthemy_Atlas_model_only_draw2.json,S6_pixel,b369f4266a,42,euler_ancestral,simple,9,1.0,1.0,1024,1280,S6_pixel_Arthemy_Atlas_model_only_draw2_seed42_00001_.png,"Style: 8-bit pixel art, retro arcade graphics, crisp blocky edges, limited color palette. Subject: a yellow and blue rally car cruising in a deep jungle, uneven street, daylight, lush plants, humidity, reflective ponds."
539,perturbation,model_only,2,Arthemy_Atlas_model_only_draw2.json,S6_pixel,b369f4266a,777,euler_ancestral,simple,9,1.0,1.0,1024,1280,S6_pixel_Arthemy_Atlas_model_only_draw2_seed777_00001_.png,"Style: 8-bit pixel art, retro arcade graphics, crisp blocky edges, limited color palette. Subject: a yellow and blue rally car cruising in a deep jungle, uneven street, daylight, lush plants, humidity, reflective ponds."
540,perturbation,model_only,2,Arthemy_Atlas_model_only_draw2.json,S6_pixel,b369f4266a,1337,euler_ancestral,simple,9,1.0,1.0,1024,1280,S6_pixel_Arthemy_Atlas_model_only_draw2_seed1337_00001_.png,"Style: 8-bit pixel art, retro arcade graphics, crisp blocky edges, limited color palette. Subject: a yellow and blue rally car cruising in a deep jungle, uneven street, daylight, lush plants, humidity, reflective ponds."
541,perturbation,model_only,2,Arthemy_Atlas_model_only_draw2.json,S7_glass,80cb4b3354,42,euler_ancestral,simple,9,1.0,1.0,1024,1280,S7_glass_Arthemy_Atlas_model_only_draw2_seed42_00001_.png,"Style: stained glass window mosaic, vibrant translucent glass pieces, thick dark lead outlines, back-illuminated. Subject: a yellow and blue rally car cruising in a deep jungle, uneven street, daylight, lush plants, humidity, reflective ponds."
542,perturbation,model_only,2,Arthemy_Atlas_model_only_draw2.json,S7_glass,80cb4b3354,777,euler_ancestral,simple,9,1.0,1.0,1024,1280,S7_glass_Arthemy_Atlas_model_only_draw2_seed777_00001_.png,"Style: stained glass window mosaic, vibrant translucent glass pieces, thick dark lead outlines, back-illuminated. Subject: a yellow and blue rally car cruising in a deep jungle, uneven street, daylight, lush plants, humidity, reflective ponds."
543,perturbation,model_only,2,Arthemy_Atlas_model_only_draw2.json,S7_glass,80cb4b3354,1337,euler_ancestral,simple,9,1.0,1.0,1024,1280,S7_glass_Arthemy_Atlas_model_only_draw2_seed1337_00001_.png,"Style: stained glass window mosaic, vibrant translucent glass pieces, thick dark lead outlines, back-illuminated. Subject: a yellow and blue rally car cruising in a deep jungle, uneven street, daylight, lush plants, humidity, reflective ponds."
544,perturbation,model_only,2,Arthemy_Atlas_model_only_draw2.json,S8_charcoal,eda77bf9e8,42,euler_ancestral,simple,9,1.0,1.0,1024,1280,S8_charcoal_Arthemy_Atlas_model_only_draw2_seed42_00001_.png,"Style: rough charcoal sketch, monochromatic, aggressive smudged strokes, high contrast black and white. Subject: a yellow and blue rally car cruising in a deep jungle, uneven street, daylight, lush plants, humidity, reflective ponds."
545,perturbation,model_only,2,Arthemy_Atlas_model_only_draw2.json,S8_charcoal,eda77bf9e8,777,euler_ancestral,simple,9,1.0,1.0,1024,1280,S8_charcoal_Arthemy_Atlas_model_only_draw2_seed777_00001_.png,"Style: rough charcoal sketch, monochromatic, aggressive smudged strokes, high contrast black and white. Subject: a yellow and blue rally car cruising in a deep jungle, uneven street, daylight, lush plants, humidity, reflective ponds."
546,perturbation,model_only,2,Arthemy_Atlas_model_only_draw2.json,S8_charcoal,eda77bf9e8,1337,euler_ancestral,simple,9,1.0,1.0,1024,1280,S8_charcoal_Arthemy_Atlas_model_only_draw2_seed1337_00001_.png,"Style: rough charcoal sketch, monochromatic, aggressive smudged strokes, high contrast black and white. Subject: a yellow and blue rally car cruising in a deep jungle, uneven street, daylight, lush plants, humidity, reflective ponds."
547,perturbation,uniform_all,2,Arthemy_Atlas_uniform_all_draw2.json,S2_watercolor,aded1ad92b,42,euler_ancestral,simple,9,1.0,1.0,1024,1280,S2_watercolor_Arthemy_Atlas_uniform_all_draw2_seed42_00001_.png,"Style: watercolor painting, soft colors, wet-on-wet washes, visible paper grain. Subject: a yellow and blue rally car cruising in a deep jungle, uneven street, daylight, lush plants, humidity, reflective ponds."
548,perturbation,uniform_all,2,Arthemy_Atlas_uniform_all_draw2.json,S2_watercolor,aded1ad92b,777,euler_ancestral,simple,9,1.0,1.0,1024,1280,S2_watercolor_Arthemy_Atlas_uniform_all_draw2_seed777_00001_.png,"Style: watercolor painting, soft colors, wet-on-wet washes, visible paper grain. Subject: a yellow and blue rally car cruising in a deep jungle, uneven street, daylight, lush plants, humidity, reflective ponds."
549,perturbation,uniform_all,2,Arthemy_Atlas_uniform_all_draw2.json,S2_watercolor,aded1ad92b,1337,euler_ancestral,simple,9,1.0,1.0,1024,1280,S2_watercolor_Arthemy_Atlas_uniform_all_draw2_seed1337_00001_.png,"Style: watercolor painting, soft colors, wet-on-wet washes, visible paper grain. Subject: a yellow and blue rally car cruising in a deep jungle, uneven street, daylight, lush plants, humidity, reflective ponds."
550,perturbation,uniform_all,2,Arthemy_Atlas_uniform_all_draw2.json,S3_lowpoly,eb2c25425b,42,euler_ancestral,simple,9,1.0,1.0,1024,1280,S3_lowpoly_Arthemy_Atlas_uniform_all_draw2_seed42_00001_.png,"Style: lowpoly 3D, retro videogame artstyle, flat shaded polygons, faceted geometry. Subject: a yellow and blue rally car cruising in a deep jungle, uneven street, daylight, lush plants, humidity, reflective ponds."
551,perturbation,uniform_all,2,Arthemy_Atlas_uniform_all_draw2.json,S3_lowpoly,eb2c25425b,777,euler_ancestral,simple,9,1.0,1.0,1024,1280,S3_lowpoly_Arthemy_Atlas_uniform_all_draw2_seed777_00001_.png,"Style: lowpoly 3D, retro videogame artstyle, flat shaded polygons, faceted geometry. Subject: a yellow and blue rally car cruising in a deep jungle, uneven street, daylight, lush plants, humidity, reflective ponds."
552,perturbation,uniform_all,2,Arthemy_Atlas_uniform_all_draw2.json,S3_lowpoly,eb2c25425b,1337,euler_ancestral,simple,9,1.0,1.0,1024,1280,S3_lowpoly_Arthemy_Atlas_uniform_all_draw2_seed1337_00001_.png,"Style: lowpoly 3D, retro videogame artstyle, flat shaded polygons, faceted geometry. Subject: a yellow and blue rally car cruising in a deep jungle, uneven street, daylight, lush plants, humidity, reflective ponds."
553,perturbation,uniform_all,2,Arthemy_Atlas_uniform_all_draw2.json,S4_claymation,47e50abd86,42,euler_ancestral,simple,9,1.0,1.0,1024,1280,S4_claymation_Arthemy_Atlas_uniform_all_draw2_seed42_00001_.png,"Style: claymation, stop-motion animation, plasticine textures, tactile studio lighting. Subject: a yellow and blue rally car cruising in a deep jungle, uneven street, daylight, lush plants, humidity, reflective ponds."
554,perturbation,uniform_all,2,Arthemy_Atlas_uniform_all_draw2.json,S4_claymation,47e50abd86,777,euler_ancestral,simple,9,1.0,1.0,1024,1280,S4_claymation_Arthemy_Atlas_uniform_all_draw2_seed777_00001_.png,"Style: claymation, stop-motion animation, plasticine textures, tactile studio lighting. Subject: a yellow and blue rally car cruising in a deep jungle, uneven street, daylight, lush plants, humidity, reflective ponds."
555,perturbation,uniform_all,2,Arthemy_Atlas_uniform_all_draw2.json,S4_claymation,47e50abd86,1337,euler_ancestral,simple,9,1.0,1.0,1024,1280,S4_claymation_Arthemy_Atlas_uniform_all_draw2_seed1337_00001_.png,"Style: claymation, stop-motion animation, plasticine textures, tactile studio lighting. Subject: a yellow and blue rally car cruising in a deep jungle, uneven street, daylight, lush plants, humidity, reflective ponds."
556,perturbation,uniform_all,2,Arthemy_Atlas_uniform_all_draw2.json,S5_ukiyoe,831f2d868c,42,euler_ancestral,simple,9,1.0,1.0,1024,1280,S5_ukiyoe_Arthemy_Atlas_uniform_all_draw2_seed42_00001_.png,"Style: traditional Japanese woodblock print, ukiyo-e, flat ink colors, intricate line work, vintage paper texture. Subject: a yellow and blue rally car cruising in a deep jungle, uneven street, daylight, lush plants, humidity, reflective ponds."
557,perturbation,uniform_all,2,Arthemy_Atlas_uniform_all_draw2.json,S5_ukiyoe,831f2d868c,777,euler_ancestral,simple,9,1.0,1.0,1024,1280,S5_ukiyoe_Arthemy_Atlas_uniform_all_draw2_seed777_00001_.png,"Style: traditional Japanese woodblock print, ukiyo-e, flat ink colors, intricate line work, vintage paper texture. Subject: a yellow and blue rally car cruising in a deep jungle, uneven street, daylight, lush plants, humidity, reflective ponds."
558,perturbation,uniform_all,2,Arthemy_Atlas_uniform_all_draw2.json,S5_ukiyoe,831f2d868c,1337,euler_ancestral,simple,9,1.0,1.0,1024,1280,S5_ukiyoe_Arthemy_Atlas_uniform_all_draw2_seed1337_00001_.png,"Style: traditional Japanese woodblock print, ukiyo-e, flat ink colors, intricate line work, vintage paper texture. Subject: a yellow and blue rally car cruising in a deep jungle, uneven street, daylight, lush plants, humidity, reflective ponds."
559,perturbation,uniform_all,2,Arthemy_Atlas_uniform_all_draw2.json,S6_pixel,b369f4266a,42,euler_ancestral,simple,9,1.0,1.0,1024,1280,S6_pixel_Arthemy_Atlas_uniform_all_draw2_seed42_00001_.png,"Style: 8-bit pixel art, retro arcade graphics, crisp blocky edges, limited color palette. Subject: a yellow and blue rally car cruising in a deep jungle, uneven street, daylight, lush plants, humidity, reflective ponds."
560,perturbation,uniform_all,2,Arthemy_Atlas_uniform_all_draw2.json,S6_pixel,b369f4266a,777,euler_ancestral,simple,9,1.0,1.0,1024,1280,S6_pixel_Arthemy_Atlas_uniform_all_draw2_seed777_00001_.png,"Style: 8-bit pixel art, retro arcade graphics, crisp blocky edges, limited color palette. Subject: a yellow and blue rally car cruising in a deep jungle, uneven street, daylight, lush plants, humidity, reflective ponds."
561,perturbation,uniform_all,2,Arthemy_Atlas_uniform_all_draw2.json,S6_pixel,b369f4266a,1337,euler_ancestral,simple,9,1.0,1.0,1024,1280,S6_pixel_Arthemy_Atlas_uniform_all_draw2_seed1337_00001_.png,"Style: 8-bit pixel art, retro arcade graphics, crisp blocky edges, limited color palette. Subject: a yellow and blue rally car cruising in a deep jungle, uneven street, daylight, lush plants, humidity, reflective ponds."
562,perturbation,uniform_all,2,Arthemy_Atlas_uniform_all_draw2.json,S7_glass,80cb4b3354,42,euler_ancestral,simple,9,1.0,1.0,1024,1280,S7_glass_Arthemy_Atlas_uniform_all_draw2_seed42_00001_.png,"Style: stained glass window mosaic, vibrant translucent glass pieces, thick dark lead outlines, back-illuminated. Subject: a yellow and blue rally car cruising in a deep jungle, uneven street, daylight, lush plants, humidity, reflective ponds."
563,perturbation,uniform_all,2,Arthemy_Atlas_uniform_all_draw2.json,S7_glass,80cb4b3354,777,euler_ancestral,simple,9,1.0,1.0,1024,1280,S7_glass_Arthemy_Atlas_uniform_all_draw2_seed777_00001_.png,"Style: stained glass window mosaic, vibrant translucent glass pieces, thick dark lead outlines, back-illuminated. Subject: a yellow and blue rally car cruising in a deep jungle, uneven street, daylight, lush plants, humidity, reflective ponds."
564,perturbation,uniform_all,2,Arthemy_Atlas_uniform_all_draw2.json,S7_glass,80cb4b3354,1337,euler_ancestral,simple,9,1.0,1.0,1024,1280,S7_glass_Arthemy_Atlas_uniform_all_draw2_seed1337_00001_.png,"Style: stained glass window mosaic, vibrant translucent glass pieces, thick dark lead outlines, back-illuminated. Subject: a yellow and blue rally car cruising in a deep jungle, uneven street, daylight, lush plants, humidity, reflective ponds."
565,perturbation,uniform_all,2,Arthemy_Atlas_uniform_all_draw2.json,S8_charcoal,eda77bf9e8,42,euler_ancestral,simple,9,1.0,1.0,1024,1280,S8_charcoal_Arthemy_Atlas_uniform_all_draw2_seed42_00001_.png,"Style: rough charcoal sketch, monochromatic, aggressive smudged strokes, high contrast black and white. Subject: a yellow and blue rally car cruising in a deep jungle, uneven street, daylight, lush plants, humidity, reflective ponds."
566,perturbation,uniform_all,2,Arthemy_Atlas_uniform_all_draw2.json,S8_charcoal,eda77bf9e8,777,euler_ancestral,simple,9,1.0,1.0,1024,1280,S8_charcoal_Arthemy_Atlas_uniform_all_draw2_seed777_00001_.png,"Style: rough charcoal sketch, monochromatic, aggressive smudged strokes, high contrast black and white. Subject: a yellow and blue rally car cruising in a deep jungle, uneven street, daylight, lush plants, humidity, reflective ponds."
567,perturbation,uniform_all,2,Arthemy_Atlas_uniform_all_draw2.json,S8_charcoal,eda77bf9e8,1337,euler_ancestral,simple,9,1.0,1.0,1024,1280,S8_charcoal_Arthemy_Atlas_uniform_all_draw2_seed1337_00001_.png,"Style: rough charcoal sketch, monochromatic, aggressive smudged strokes, high contrast black and white. Subject: a yellow and blue rally car cruising in a deep jungle, uneven street, daylight, lush plants, humidity, reflective ponds."
