source_path,recovered_path,output_folder,file,bench,prompt_id,seed,condition,recovered_sha256
C:\StabilityMatrix-win-x64\Data\Packages\ComfyUI\output\benchmark_african_scientist\00_baseline_00001_.png,C:\Users\aless\Desktop\diffusion-models-weight-steering-report\recovered_renders\benchmark_african_scientist\00_baseline_00001_.png,benchmark_african_scientist,00_baseline_00001_.png,pilot_rotations,african_scientist,4242145,baseline,68aa34cebd7def45aa75e4407938f3d445aab656118a12616a25e5fb51438ee6
C:\StabilityMatrix-win-x64\Data\Packages\ComfyUI\output\benchmark_african_scientist\rotations\Block_1_rotX_+15.0_00001_.png,C:\Users\aless\Desktop\diffusion-models-weight-steering-report\recovered_renders\benchmark_african_scientist\rotations\Block_1_rotX_+15.0_00001_.png,rotations,Block_1_rotX_+15.0_00001_.png,pilot_rotations,african_scientist,4242145,rotX,7d693a425688c888334c64d8a4b8fe0c8a7da83c1fe3a50cfc48aa777cd81dea
C:\StabilityMatrix-win-x64\Data\Packages\ComfyUI\output\benchmark_african_scientist\rotations\Block_1_rotX_+30.0_00001_.png,C:\Users\aless\Desktop\diffusion-models-weight-steering-report\recovered_renders\benchmark_african_scientist\rotations\Block_1_rotX_+30.0_00001_.png,rotations,Block_1_rotX_+30.0_00001_.png,pilot_rotations,african_scientist,4242145,rotX,6ce0b0c1cb21b2488f24b97a5d3a42c21a34c08cf39d067a0ffdb0350669a85e
C:\StabilityMatrix-win-x64\Data\Packages\ComfyUI\output\benchmark_african_scientist\rotations\Block_1_rotX_-15.0_00001_.png,C:\Users\aless\Desktop\diffusion-models-weight-steering-report\recovered_renders\benchmark_african_scientist\rotations\Block_1_rotX_-15.0_00001_.png,rotations,Block_1_rotX_-15.0_00001_.png,pilot_rotations,african_scientist,4242145,rotX,6777386345033b475e3b48267e6355abf31b18ed62182ad82aa905952f377ed4
C:\StabilityMatrix-win-x64\Data\Packages\ComfyUI\output\benchmark_african_scientist\rotations\Block_1_rotX_-30.0_00001_.png,C:\Users\aless\Desktop\diffusion-models-weight-steering-report\recovered_renders\benchmark_african_scientist\rotations\Block_1_rotX_-30.0_00001_.png,rotations,Block_1_rotX_-30.0_00001_.png,pilot_rotations,african_scientist,4242145,rotX,1973fd7166694e3c77e41b1ae2c77e58def3172960c04e1d4ebf645f37dd6f3b
C:\StabilityMatrix-win-x64\Data\Packages\ComfyUI\output\benchmark_african_scientist\rotations\Block_2_rotX_+15.0_00001_.png,C:\Users\aless\Desktop\diffusion-models-weight-steering-report\recovered_renders\benchmark_african_scientist\rotations\Block_2_rotX_+15.0_00001_.png,rotations,Block_2_rotX_+15.0_00001_.png,pilot_rotations,african_scientist,4242145,rotX,6b759046ad44d3f20f9ab9e711d923818438323e118e2a64f06e1280487b705f
C:\StabilityMatrix-win-x64\Data\Packages\ComfyUI\output\benchmark_african_scientist\rotations\Block_2_rotX_+30.0_00001_.png,C:\Users\aless\Desktop\diffusion-models-weight-steering-report\recovered_renders\benchmark_african_scientist\rotations\Block_2_rotX_+30.0_00001_.png,rotations,Block_2_rotX_+30.0_00001_.png,pilot_rotations,african_scientist,4242145,rotX,b99f838ae92ee8589af6f332d5acf59b2649f10ae219139297afdf10ccd8bca2
C:\StabilityMatrix-win-x64\Data\Packages\ComfyUI\output\benchmark_african_scientist\rotations\Block_2_rotX_-15.0_00001_.png,C:\Users\aless\Desktop\diffusion-models-weight-steering-report\recovered_renders\benchmark_african_scientist\rotations\Block_2_rotX_-15.0_00001_.png,rotations,Block_2_rotX_-15.0_00001_.png,pilot_rotations,african_scientist,4242145,rotX,e75cfb5258348d38f6abffb94f7c9fd68463294a5e95ebf1919fd3fd1fa5a20e
C:\StabilityMatrix-win-x64\Data\Packages\ComfyUI\output\benchmark_african_scientist\rotations\Block_2_rotX_-30.0_00001_.png,C:\Users\aless\Desktop\diffusion-models-weight-steering-report\recovered_renders\benchmark_african_scientist\rotations\Block_2_rotX_-30.0_00001_.png,rotations,Block_2_rotX_-30.0_00001_.png,pilot_rotations,african_scientist,4242145,rotX,1184dfae80087269c13899c5569e74ce3c29c1e215f132f3be9fb8b83a4719dc
C:\StabilityMatrix-win-x64\Data\Packages\ComfyUI\output\benchmark_african_scientist\rotations\Block_3_rotX_+15.0_00001_.png,C:\Users\aless\Desktop\diffusion-models-weight-steering-report\recovered_renders\benchmark_african_scientist\rotations\Block_3_rotX_+15.0_00001_.png,rotations,Block_3_rotX_+15.0_00001_.png,pilot_rotations,african_scientist,4242145,rotX,c601af2fc1ecdd2402a04223450f053a839806b80f87aac53fb09e471c42bde4
C:\StabilityMatrix-win-x64\Data\Packages\ComfyUI\output\benchmark_african_scientist\rotations\Block_3_rotX_+30.0_00001_.png,C:\Users\aless\Desktop\diffusion-models-weight-steering-report\recovered_renders\benchmark_african_scientist\rotations\Block_3_rotX_+30.0_00001_.png,rotations,Block_3_rotX_+30.0_00001_.png,pilot_rotations,african_scientist,4242145,rotX,5f57a05a7c14c953a1f820d7690348cf07f7d5bf1d67355bd3cc66d49741a230
C:\StabilityMatrix-win-x64\Data\Packages\ComfyUI\output\benchmark_african_scientist\rotations\Block_3_rotX_-15.0_00001_.png,C:\Users\aless\Desktop\diffusion-models-weight-steering-report\recovered_renders\benchmark_african_scientist\rotations\Block_3_rotX_-15.0_00001_.png,rotations,Block_3_rotX_-15.0_00001_.png,pilot_rotations,african_scientist,4242145,rotX,eb4ae1a84b654f28db61a1bcd7c22889789f73a71443c37e7d7663b29948f29f
C:\StabilityMatrix-win-x64\Data\Packages\ComfyUI\output\benchmark_african_scientist\rotations\Block_3_rotX_-30.0_00001_.png,C:\Users\aless\Desktop\diffusion-models-weight-steering-report\recovered_renders\benchmark_african_scientist\rotations\Block_3_rotX_-30.0_00001_.png,rotations,Block_3_rotX_-30.0_00001_.png,pilot_rotations,african_scientist,4242145,rotX,f24d19dba515f1e5b9ee53830637790df12cdaeeb547da0e1a53af37db9714df
C:\StabilityMatrix-win-x64\Data\Packages\ComfyUI\output\benchmark_african_scientist\rotations\Block_4_rotX_+15.0_00001_.png,C:\Users\aless\Desktop\diffusion-models-weight-steering-report\recovered_renders\benchmark_african_scientist\rotations\Block_4_rotX_+15.0_00001_.png,rotations,Block_4_rotX_+15.0_00001_.png,pilot_rotations,african_scientist,4242145,rotX,94cff9d06868182c72adafc760380764c91f05ac4e5c637ef16e246d13b1ef1e
C:\StabilityMatrix-win-x64\Data\Packages\ComfyUI\output\benchmark_african_scientist\rotations\Block_4_rotX_+30.0_00001_.png,C:\Users\aless\Desktop\diffusion-models-weight-steering-report\recovered_renders\benchmark_african_scientist\rotations\Block_4_rotX_+30.0_00001_.png,rotations,Block_4_rotX_+30.0_00001_.png,pilot_rotations,african_scientist,4242145,rotX,7f56230a0159fb74207bde8a828f5980b368a6372a4fe98c39b1f75234d09d5e
C:\StabilityMatrix-win-x64\Data\Packages\ComfyUI\output\benchmark_african_scientist\rotations\Block_4_rotX_-15.0_00001_.png,C:\Users\aless\Desktop\diffusion-models-weight-steering-report\recovered_renders\benchmark_african_scientist\rotations\Block_4_rotX_-15.0_00001_.png,rotations,Block_4_rotX_-15.0_00001_.png,pilot_rotations,african_scientist,4242145,rotX,d73343b2663841652102c76500325513daa6987d67261c3049b76e26815f2791
C:\StabilityMatrix-win-x64\Data\Packages\ComfyUI\output\benchmark_african_scientist\rotations\Block_4_rotX_-30.0_00001_.png,C:\Users\aless\Desktop\diffusion-models-weight-steering-report\recovered_renders\benchmark_african_scientist\rotations\Block_4_rotX_-30.0_00001_.png,rotations,Block_4_rotX_-30.0_00001_.png,pilot_rotations,african_scientist,4242145,rotX,664ada29cedec68f3fdd263c694503129ac59ecba8d84acd0085b2d5b8dbf4cb
C:\StabilityMatrix-win-x64\Data\Packages\ComfyUI\output\benchmark_african_scientist\rotations\Block_5_rotX_+15.0_00001_.png,C:\Users\aless\Desktop\diffusion-models-weight-steering-report\recovered_renders\benchmark_african_scientist\rotations\Block_5_rotX_+15.0_00001_.png,rotations,Block_5_rotX_+15.0_00001_.png,pilot_rotations,african_scientist,4242145,rotX,f1b92db263aa4ad1277d0d01ff48b94caec820738aab426a0534561196979e61
C:\StabilityMatrix-win-x64\Data\Packages\ComfyUI\output\benchmark_african_scientist\rotations\Block_5_rotX_+30.0_00001_.png,C:\Users\aless\Desktop\diffusion-models-weight-steering-report\recovered_renders\benchmark_african_scientist\rotations\Block_5_rotX_+30.0_00001_.png,rotations,Block_5_rotX_+30.0_00001_.png,pilot_rotations,african_scientist,4242145,rotX,9d9c7e4b768f2e6c37057f46d248baa2bd5a7590b6a8ab5c985d1be082203294
C:\StabilityMatrix-win-x64\Data\Packages\ComfyUI\output\benchmark_african_scientist\rotations\Block_5_rotX_-15.0_00001_.png,C:\Users\aless\Desktop\diffusion-models-weight-steering-report\recovered_renders\benchmark_african_scientist\rotations\Block_5_rotX_-15.0_00001_.png,rotations,Block_5_rotX_-15.0_00001_.png,pilot_rotations,african_scientist,4242145,rotX,2f9a1e85e8d8da8ae669e9eb9b5318aa45f2dc6843b8ff986d6a29c46dcd0108
C:\StabilityMatrix-win-x64\Data\Packages\ComfyUI\output\benchmark_african_scientist\rotations\Block_5_rotX_-30.0_00001_.png,C:\Users\aless\Desktop\diffusion-models-weight-steering-report\recovered_renders\benchmark_african_scientist\rotations\Block_5_rotX_-30.0_00001_.png,rotations,Block_5_rotX_-30.0_00001_.png,pilot_rotations,african_scientist,4242145,rotX,7e980939b37d4e9fa930498a273bfeffed945f98d2fcdc3c5866946e9e2564d0
C:\StabilityMatrix-win-x64\Data\Packages\ComfyUI\output\benchmark_african_scientist\rotations\Block_6_rotX_+15.0_00001_.png,C:\Users\aless\Desktop\diffusion-models-weight-steering-report\recovered_renders\benchmark_african_scientist\rotations\Block_6_rotX_+15.0_00001_.png,rotations,Block_6_rotX_+15.0_00001_.png,pilot_rotations,african_scientist,4242145,rotX,bf03813a9ad6d8325bd1dda8af5c63510cee67e4a663b235119af68458e54850
C:\StabilityMatrix-win-x64\Data\Packages\ComfyUI\output\benchmark_african_scientist\rotations\Block_6_rotX_+30.0_00001_.png,C:\Users\aless\Desktop\diffusion-models-weight-steering-report\recovered_renders\benchmark_african_scientist\rotations\Block_6_rotX_+30.0_00001_.png,rotations,Block_6_rotX_+30.0_00001_.png,pilot_rotations,african_scientist,4242145,rotX,7b7aedda353fb2d8db89a961395d65b96e4d30ef995001330b5b3d30d813ac40
C:\StabilityMatrix-win-x64\Data\Packages\ComfyUI\output\benchmark_african_scientist\rotations\Block_6_rotX_-15.0_00001_.png,C:\Users\aless\Desktop\diffusion-models-weight-steering-report\recovered_renders\benchmark_african_scientist\rotations\Block_6_rotX_-15.0_00001_.png,rotations,Block_6_rotX_-15.0_00001_.png,pilot_rotations,african_scientist,4242145,rotX,014a1dcb86ce552cca8f3a83236b24fe72ccd62136241a7f21e951688884b811
C:\StabilityMatrix-win-x64\Data\Packages\ComfyUI\output\benchmark_african_scientist\rotations\Block_6_rotX_-30.0_00001_.png,C:\Users\aless\Desktop\diffusion-models-weight-steering-report\recovered_renders\benchmark_african_scientist\rotations\Block_6_rotX_-30.0_00001_.png,rotations,Block_6_rotX_-30.0_00001_.png,pilot_rotations,african_scientist,4242145,rotX,868134ab595272f280361b25fe20cbc678e5a44b3132d44f5ec6fc53bb9a52cb
C:\StabilityMatrix-win-x64\Data\Packages\ComfyUI\output\benchmark_combat_robot\00_baseline_00001_.png,C:\Users\aless\Desktop\diffusion-models-weight-steering-report\recovered_renders\benchmark_combat_robot\00_baseline_00001_.png,benchmark_combat_robot,00_baseline_00001_.png,pilot_rotations,combat_robot,4242145,baseline,037a0bbeae877ecdc270817343a526bdb4e7bfbeb6299717ab4e7dbeab72f618
C:\StabilityMatrix-win-x64\Data\Packages\ComfyUI\output\benchmark_combat_robot\rotations\Block_1_rotX_+15.0_00001_.png,C:\Users\aless\Desktop\diffusion-models-weight-steering-report\recovered_renders\benchmark_combat_robot\rotations\Block_1_rotX_+15.0_00001_.png,rotations,Block_1_rotX_+15.0_00001_.png,pilot_rotations,combat_robot,4242145,rotX,7bec715b3e3beea2262e15b191e3d8d45c0486b941aa3d2f59610be94c0af460
C:\StabilityMatrix-win-x64\Data\Packages\ComfyUI\output\benchmark_combat_robot\rotations\Block_1_rotX_+30.0_00001_.png,C:\Users\aless\Desktop\diffusion-models-weight-steering-report\recovered_renders\benchmark_combat_robot\rotations\Block_1_rotX_+30.0_00001_.png,rotations,Block_1_rotX_+30.0_00001_.png,pilot_rotations,combat_robot,4242145,rotX,4d5d76ad858293b2d901deecb6ee4f767a9dbba0aac575ce780af8e2b23ff698
C:\StabilityMatrix-win-x64\Data\Packages\ComfyUI\output\benchmark_combat_robot\rotations\Block_1_rotX_-15.0_00001_.png,C:\Users\aless\Desktop\diffusion-models-weight-steering-report\recovered_renders\benchmark_combat_robot\rotations\Block_1_rotX_-15.0_00001_.png,rotations,Block_1_rotX_-15.0_00001_.png,pilot_rotations,combat_robot,4242145,rotX,ab3e181403782548e1acc001733a97bc9f11fe3c0767af43f36c9224918da1c4
C:\StabilityMatrix-win-x64\Data\Packages\ComfyUI\output\benchmark_combat_robot\rotations\Block_1_rotX_-30.0_00001_.png,C:\Users\aless\Desktop\diffusion-models-weight-steering-report\recovered_renders\benchmark_combat_robot\rotations\Block_1_rotX_-30.0_00001_.png,rotations,Block_1_rotX_-30.0_00001_.png,pilot_rotations,combat_robot,4242145,rotX,9057abc5fcc21d2891ece9133245ce03c98693c024d6859ab6b062b7693a985e
C:\StabilityMatrix-win-x64\Data\Packages\ComfyUI\output\benchmark_combat_robot\rotations\Block_2_rotX_+15.0_00001_.png,C:\Users\aless\Desktop\diffusion-models-weight-steering-report\recovered_renders\benchmark_combat_robot\rotations\Block_2_rotX_+15.0_00001_.png,rotations,Block_2_rotX_+15.0_00001_.png,pilot_rotations,combat_robot,4242145,rotX,d39bb95eec92a73e791aa7bd3ea50fe721e4787a0fedb3455ac651ffde401273
C:\StabilityMatrix-win-x64\Data\Packages\ComfyUI\output\benchmark_combat_robot\rotations\Block_2_rotX_+30.0_00001_.png,C:\Users\aless\Desktop\diffusion-models-weight-steering-report\recovered_renders\benchmark_combat_robot\rotations\Block_2_rotX_+30.0_00001_.png,rotations,Block_2_rotX_+30.0_00001_.png,pilot_rotations,combat_robot,4242145,rotX,ee1b6de2a13d4a16b5578d80046081259aabdc03c8586d488259c903e64dd785
C:\StabilityMatrix-win-x64\Data\Packages\ComfyUI\output\benchmark_combat_robot\rotations\Block_2_rotX_-15.0_00001_.png,C:\Users\aless\Desktop\diffusion-models-weight-steering-report\recovered_renders\benchmark_combat_robot\rotations\Block_2_rotX_-15.0_00001_.png,rotations,Block_2_rotX_-15.0_00001_.png,pilot_rotations,combat_robot,4242145,rotX,63f10746be98d1906e9456cf40506c254a3b2e568ddd0c8d012a34ea2bb69e56
C:\StabilityMatrix-win-x64\Data\Packages\ComfyUI\output\benchmark_combat_robot\rotations\Block_2_rotX_-30.0_00001_.png,C:\Users\aless\Desktop\diffusion-models-weight-steering-report\recovered_renders\benchmark_combat_robot\rotations\Block_2_rotX_-30.0_00001_.png,rotations,Block_2_rotX_-30.0_00001_.png,pilot_rotations,combat_robot,4242145,rotX,b2967f43ba1630c1331558c1f6f84055ab35bb7e6145e5361c9dbdc4acca7135
C:\StabilityMatrix-win-x64\Data\Packages\ComfyUI\output\benchmark_combat_robot\rotations\Block_3_rotX_+15.0_00001_.png,C:\Users\aless\Desktop\diffusion-models-weight-steering-report\recovered_renders\benchmark_combat_robot\rotations\Block_3_rotX_+15.0_00001_.png,rotations,Block_3_rotX_+15.0_00001_.png,pilot_rotations,combat_robot,4242145,rotX,d65e83854ae7902b0e7eb7ca7e1e85e8f103bfa561bc08b8ae49a013795cfd10
C:\StabilityMatrix-win-x64\Data\Packages\ComfyUI\output\benchmark_combat_robot\rotations\Block_3_rotX_+30.0_00001_.png,C:\Users\aless\Desktop\diffusion-models-weight-steering-report\recovered_renders\benchmark_combat_robot\rotations\Block_3_rotX_+30.0_00001_.png,rotations,Block_3_rotX_+30.0_00001_.png,pilot_rotations,combat_robot,4242145,rotX,f8a00e63ad3390a193ca0e42a8c7ff77ccc84d5938a9a6db792bfa2e6ea9a60e
C:\StabilityMatrix-win-x64\Data\Packages\ComfyUI\output\benchmark_combat_robot\rotations\Block_3_rotX_-15.0_00001_.png,C:\Users\aless\Desktop\diffusion-models-weight-steering-report\recovered_renders\benchmark_combat_robot\rotations\Block_3_rotX_-15.0_00001_.png,rotations,Block_3_rotX_-15.0_00001_.png,pilot_rotations,combat_robot,4242145,rotX,23dad6601de7318c4342d8ef03d896c6723ff67428c7c9c4a9da669833539b28
C:\StabilityMatrix-win-x64\Data\Packages\ComfyUI\output\benchmark_combat_robot\rotations\Block_3_rotX_-30.0_00001_.png,C:\Users\aless\Desktop\diffusion-models-weight-steering-report\recovered_renders\benchmark_combat_robot\rotations\Block_3_rotX_-30.0_00001_.png,rotations,Block_3_rotX_-30.0_00001_.png,pilot_rotations,combat_robot,4242145,rotX,31004658837873eaab2fe2a112bba72e5fa751b16a9a19e8c294a9fff441aa59
C:\StabilityMatrix-win-x64\Data\Packages\ComfyUI\output\benchmark_combat_robot\rotations\Block_4_rotX_+15.0_00001_.png,C:\Users\aless\Desktop\diffusion-models-weight-steering-report\recovered_renders\benchmark_combat_robot\rotations\Block_4_rotX_+15.0_00001_.png,rotations,Block_4_rotX_+15.0_00001_.png,pilot_rotations,combat_robot,4242145,rotX,6e332bca50c8eb4151e63c6990adf267297d9dbdfa93c49439f38095edcd7fbb
C:\StabilityMatrix-win-x64\Data\Packages\ComfyUI\output\benchmark_combat_robot\rotations\Block_4_rotX_+30.0_00001_.png,C:\Users\aless\Desktop\diffusion-models-weight-steering-report\recovered_renders\benchmark_combat_robot\rotations\Block_4_rotX_+30.0_00001_.png,rotations,Block_4_rotX_+30.0_00001_.png,pilot_rotations,combat_robot,4242145,rotX,daabf83a782c9b0b628fc60b727ee5471e90791dc7f4fa4302aa9a41652b0aa3
C:\StabilityMatrix-win-x64\Data\Packages\ComfyUI\output\benchmark_combat_robot\rotations\Block_4_rotX_-15.0_00001_.png,C:\Users\aless\Desktop\diffusion-models-weight-steering-report\recovered_renders\benchmark_combat_robot\rotations\Block_4_rotX_-15.0_00001_.png,rotations,Block_4_rotX_-15.0_00001_.png,pilot_rotations,combat_robot,4242145,rotX,695a3465f80d1621dfad42cf1e9c0acd8b8d9092cfb76ee8b5dac251fe088829
C:\StabilityMatrix-win-x64\Data\Packages\ComfyUI\output\benchmark_combat_robot\rotations\Block_4_rotX_-30.0_00001_.png,C:\Users\aless\Desktop\diffusion-models-weight-steering-report\recovered_renders\benchmark_combat_robot\rotations\Block_4_rotX_-30.0_00001_.png,rotations,Block_4_rotX_-30.0_00001_.png,pilot_rotations,combat_robot,4242145,rotX,f1c88522989e614bc6e56d31f334f7c22c8e5119ece5ebf5f81c496a4b8ea976
C:\StabilityMatrix-win-x64\Data\Packages\ComfyUI\output\benchmark_combat_robot\rotations\Block_5_rotX_+15.0_00001_.png,C:\Users\aless\Desktop\diffusion-models-weight-steering-report\recovered_renders\benchmark_combat_robot\rotations\Block_5_rotX_+15.0_00001_.png,rotations,Block_5_rotX_+15.0_00001_.png,pilot_rotations,combat_robot,4242145,rotX,5d3e82aef5b279353ab094f308dfaa6c768bb85281cc209404d71063e5d0b8bd
C:\StabilityMatrix-win-x64\Data\Packages\ComfyUI\output\benchmark_combat_robot\rotations\Block_5_rotX_+30.0_00001_.png,C:\Users\aless\Desktop\diffusion-models-weight-steering-report\recovered_renders\benchmark_combat_robot\rotations\Block_5_rotX_+30.0_00001_.png,rotations,Block_5_rotX_+30.0_00001_.png,pilot_rotations,combat_robot,4242145,rotX,0fa36a2b5561e4b6fa2b18c5d96bd47bbfb162b6df9e4378dd85f72a83c9360f
C:\StabilityMatrix-win-x64\Data\Packages\ComfyUI\output\benchmark_combat_robot\rotations\Block_5_rotX_-15.0_00001_.png,C:\Users\aless\Desktop\diffusion-models-weight-steering-report\recovered_renders\benchmark_combat_robot\rotations\Block_5_rotX_-15.0_00001_.png,rotations,Block_5_rotX_-15.0_00001_.png,pilot_rotations,combat_robot,4242145,rotX,01f6c55db932e575d8ac4c7a80b05d33c28e75b199b5c6165f804537c0c6e063
C:\StabilityMatrix-win-x64\Data\Packages\ComfyUI\output\benchmark_combat_robot\rotations\Block_5_rotX_-30.0_00001_.png,C:\Users\aless\Desktop\diffusion-models-weight-steering-report\recovered_renders\benchmark_combat_robot\rotations\Block_5_rotX_-30.0_00001_.png,rotations,Block_5_rotX_-30.0_00001_.png,pilot_rotations,combat_robot,4242145,rotX,d2716443ff5e3e6b26c3e58557edcb7bf4bd65199851ca469e6bb45d70de8abf
C:\StabilityMatrix-win-x64\Data\Packages\ComfyUI\output\benchmark_combat_robot\rotations\Block_6_rotX_+15.0_00001_.png,C:\Users\aless\Desktop\diffusion-models-weight-steering-report\recovered_renders\benchmark_combat_robot\rotations\Block_6_rotX_+15.0_00001_.png,rotations,Block_6_rotX_+15.0_00001_.png,pilot_rotations,combat_robot,4242145,rotX,37186b88205f02a0268b75e43d960a14e6ffce3772249efa8e7aa8d3b49444ae
C:\StabilityMatrix-win-x64\Data\Packages\ComfyUI\output\benchmark_combat_robot\rotations\Block_6_rotX_+30.0_00001_.png,C:\Users\aless\Desktop\diffusion-models-weight-steering-report\recovered_renders\benchmark_combat_robot\rotations\Block_6_rotX_+30.0_00001_.png,rotations,Block_6_rotX_+30.0_00001_.png,pilot_rotations,combat_robot,4242145,rotX,c8e79c650e49ecccf2f6067a35c74846cb2f214852fe81ce439cea5857fbd65a
C:\StabilityMatrix-win-x64\Data\Packages\ComfyUI\output\benchmark_combat_robot\rotations\Block_6_rotX_-15.0_00001_.png,C:\Users\aless\Desktop\diffusion-models-weight-steering-report\recovered_renders\benchmark_combat_robot\rotations\Block_6_rotX_-15.0_00001_.png,rotations,Block_6_rotX_-15.0_00001_.png,pilot_rotations,combat_robot,4242145,rotX,15af8e781ea4b99335e33b0e74130fa336d049f7903446ec6ce3ae3c49d3a446
C:\StabilityMatrix-win-x64\Data\Packages\ComfyUI\output\benchmark_combat_robot\rotations\Block_6_rotX_-30.0_00001_.png,C:\Users\aless\Desktop\diffusion-models-weight-steering-report\recovered_renders\benchmark_combat_robot\rotations\Block_6_rotX_-30.0_00001_.png,rotations,Block_6_rotX_-30.0_00001_.png,pilot_rotations,combat_robot,4242145,rotX,82009e017622b04ecb58fa041023fc5634a8e781818c195d9ce2f437c41390eb
C:\StabilityMatrix-win-x64\Data\Packages\ComfyUI\output\benchmark_elf_brawler\00_baseline_00001_.png,C:\Users\aless\Desktop\diffusion-models-weight-steering-report\recovered_renders\benchmark_elf_brawler\00_baseline_00001_.png,benchmark_elf_brawler,00_baseline_00001_.png,pilot_rotations,elf_brawler,4242145,baseline,89d8c6de0fde3c287cb7c9ee2d3955dd4c67c18876987db4437108ed7c479a5e
C:\StabilityMatrix-win-x64\Data\Packages\ComfyUI\output\benchmark_elf_brawler\rotations\Block_1_rotX_+15.0_00001_.png,C:\Users\aless\Desktop\diffusion-models-weight-steering-report\recovered_renders\benchmark_elf_brawler\rotations\Block_1_rotX_+15.0_00001_.png,rotations,Block_1_rotX_+15.0_00001_.png,pilot_rotations,elf_brawler,4242145,rotX,65b4fde83f4e342f949fb0c7b6165d969202fcd639d432ef5cb7c320d53a686d
C:\StabilityMatrix-win-x64\Data\Packages\ComfyUI\output\benchmark_elf_brawler\rotations\Block_1_rotX_+30.0_00001_.png,C:\Users\aless\Desktop\diffusion-models-weight-steering-report\recovered_renders\benchmark_elf_brawler\rotations\Block_1_rotX_+30.0_00001_.png,rotations,Block_1_rotX_+30.0_00001_.png,pilot_rotations,elf_brawler,4242145,rotX,7cb2b69f7afed2277b19026d9325deb390d3f1bebab132891e84c8ddc94094ec
C:\StabilityMatrix-win-x64\Data\Packages\ComfyUI\output\benchmark_elf_brawler\rotations\Block_1_rotX_-15.0_00001_.png,C:\Users\aless\Desktop\diffusion-models-weight-steering-report\recovered_renders\benchmark_elf_brawler\rotations\Block_1_rotX_-15.0_00001_.png,rotations,Block_1_rotX_-15.0_00001_.png,pilot_rotations,elf_brawler,4242145,rotX,a6ecc0684472cb0e3a34e43815859c09ce1725f19973a43604985a92a44c5f21
C:\StabilityMatrix-win-x64\Data\Packages\ComfyUI\output\benchmark_elf_brawler\rotations\Block_1_rotX_-30.0_00001_.png,C:\Users\aless\Desktop\diffusion-models-weight-steering-report\recovered_renders\benchmark_elf_brawler\rotations\Block_1_rotX_-30.0_00001_.png,rotations,Block_1_rotX_-30.0_00001_.png,pilot_rotations,elf_brawler,4242145,rotX,8d891b84378c939614e4ba35e1ad82b0fad065c103e5323f7332069de653467d
C:\StabilityMatrix-win-x64\Data\Packages\ComfyUI\output\benchmark_elf_brawler\rotations\Block_2_rotX_+15.0_00001_.png,C:\Users\aless\Desktop\diffusion-models-weight-steering-report\recovered_renders\benchmark_elf_brawler\rotations\Block_2_rotX_+15.0_00001_.png,rotations,Block_2_rotX_+15.0_00001_.png,pilot_rotations,elf_brawler,4242145,rotX,1e954561388389c5c2696472aefd119533ab079b2d6cb71106e1603c5c5a422f
C:\StabilityMatrix-win-x64\Data\Packages\ComfyUI\output\benchmark_elf_brawler\rotations\Block_2_rotX_+30.0_00001_.png,C:\Users\aless\Desktop\diffusion-models-weight-steering-report\recovered_renders\benchmark_elf_brawler\rotations\Block_2_rotX_+30.0_00001_.png,rotations,Block_2_rotX_+30.0_00001_.png,pilot_rotations,elf_brawler,4242145,rotX,d31fbf70662210f8a9fe3c6f245ba71fc30ab96de2b34cdcdb18abc2a76d58e1
C:\StabilityMatrix-win-x64\Data\Packages\ComfyUI\output\benchmark_elf_brawler\rotations\Block_2_rotX_-15.0_00001_.png,C:\Users\aless\Desktop\diffusion-models-weight-steering-report\recovered_renders\benchmark_elf_brawler\rotations\Block_2_rotX_-15.0_00001_.png,rotations,Block_2_rotX_-15.0_00001_.png,pilot_rotations,elf_brawler,4242145,rotX,4316ae49b957c22c51d5ed9fb708f8528b3f68663f7549f4446d494926a42752
C:\StabilityMatrix-win-x64\Data\Packages\ComfyUI\output\benchmark_elf_brawler\rotations\Block_2_rotX_-30.0_00001_.png,C:\Users\aless\Desktop\diffusion-models-weight-steering-report\recovered_renders\benchmark_elf_brawler\rotations\Block_2_rotX_-30.0_00001_.png,rotations,Block_2_rotX_-30.0_00001_.png,pilot_rotations,elf_brawler,4242145,rotX,058bce520115aec61adf6c2797c727bb3d700e334e450baaf59a2cd2d15ec412
C:\StabilityMatrix-win-x64\Data\Packages\ComfyUI\output\benchmark_elf_brawler\rotations\Block_3_rotX_+15.0_00001_.png,C:\Users\aless\Desktop\diffusion-models-weight-steering-report\recovered_renders\benchmark_elf_brawler\rotations\Block_3_rotX_+15.0_00001_.png,rotations,Block_3_rotX_+15.0_00001_.png,pilot_rotations,elf_brawler,4242145,rotX,54e1f2384019ca389f4fefe5bfad97418fbde3359aa3c91f75e2488b3165d011
C:\StabilityMatrix-win-x64\Data\Packages\ComfyUI\output\benchmark_elf_brawler\rotations\Block_3_rotX_+30.0_00001_.png,C:\Users\aless\Desktop\diffusion-models-weight-steering-report\recovered_renders\benchmark_elf_brawler\rotations\Block_3_rotX_+30.0_00001_.png,rotations,Block_3_rotX_+30.0_00001_.png,pilot_rotations,elf_brawler,4242145,rotX,33043b21ef7faadba9abef1f0a456e1837073539a1c006ce991c8b0e7b5d1103
C:\StabilityMatrix-win-x64\Data\Packages\ComfyUI\output\benchmark_elf_brawler\rotations\Block_3_rotX_-15.0_00001_.png,C:\Users\aless\Desktop\diffusion-models-weight-steering-report\recovered_renders\benchmark_elf_brawler\rotations\Block_3_rotX_-15.0_00001_.png,rotations,Block_3_rotX_-15.0_00001_.png,pilot_rotations,elf_brawler,4242145,rotX,c75541a5f9fe0b2fc4f59a3a04138377ade8fce8a550ed3d60e25b3c83da05d5
C:\StabilityMatrix-win-x64\Data\Packages\ComfyUI\output\benchmark_elf_brawler\rotations\Block_3_rotX_-30.0_00001_.png,C:\Users\aless\Desktop\diffusion-models-weight-steering-report\recovered_renders\benchmark_elf_brawler\rotations\Block_3_rotX_-30.0_00001_.png,rotations,Block_3_rotX_-30.0_00001_.png,pilot_rotations,elf_brawler,4242145,rotX,1c60b530f60df03f56a983e69ec7a309d084d547b788c429ce4f88ad7dc855ff
C:\StabilityMatrix-win-x64\Data\Packages\ComfyUI\output\benchmark_elf_brawler\rotations\Block_4_rotX_+15.0_00001_.png,C:\Users\aless\Desktop\diffusion-models-weight-steering-report\recovered_renders\benchmark_elf_brawler\rotations\Block_4_rotX_+15.0_00001_.png,rotations,Block_4_rotX_+15.0_00001_.png,pilot_rotations,elf_brawler,4242145,rotX,aa29c7bbf123876b9d9f97870a84a5a1ad29f01d344a7cb0a00a4504644e8105
C:\StabilityMatrix-win-x64\Data\Packages\ComfyUI\output\benchmark_elf_brawler\rotations\Block_4_rotX_+30.0_00001_.png,C:\Users\aless\Desktop\diffusion-models-weight-steering-report\recovered_renders\benchmark_elf_brawler\rotations\Block_4_rotX_+30.0_00001_.png,rotations,Block_4_rotX_+30.0_00001_.png,pilot_rotations,elf_brawler,4242145,rotX,941944731ca5daa90071178f72ea22f9b2d86321359b6212fca6b9b3b92372fa
C:\StabilityMatrix-win-x64\Data\Packages\ComfyUI\output\benchmark_elf_brawler\rotations\Block_4_rotX_-15.0_00001_.png,C:\Users\aless\Desktop\diffusion-models-weight-steering-report\recovered_renders\benchmark_elf_brawler\rotations\Block_4_rotX_-15.0_00001_.png,rotations,Block_4_rotX_-15.0_00001_.png,pilot_rotations,elf_brawler,4242145,rotX,ea7d057d36c89b1c2a6a0a705fb634df4480d986f82c7081df7485729660909d
C:\StabilityMatrix-win-x64\Data\Packages\ComfyUI\output\benchmark_elf_brawler\rotations\Block_4_rotX_-30.0_00001_.png,C:\Users\aless\Desktop\diffusion-models-weight-steering-report\recovered_renders\benchmark_elf_brawler\rotations\Block_4_rotX_-30.0_00001_.png,rotations,Block_4_rotX_-30.0_00001_.png,pilot_rotations,elf_brawler,4242145,rotX,74e42db6051f31aeb79b4ae6958605ff66b4ff64cdd4f646ffa23c8a99fc1f2e
C:\StabilityMatrix-win-x64\Data\Packages\ComfyUI\output\benchmark_elf_brawler\rotations\Block_5_rotX_+15.0_00001_.png,C:\Users\aless\Desktop\diffusion-models-weight-steering-report\recovered_renders\benchmark_elf_brawler\rotations\Block_5_rotX_+15.0_00001_.png,rotations,Block_5_rotX_+15.0_00001_.png,pilot_rotations,elf_brawler,4242145,rotX,d5fe1c3cbb93227ace7a1c1d74523807c4b759f896eb927ad2df1a467997d2c6
C:\StabilityMatrix-win-x64\Data\Packages\ComfyUI\output\benchmark_elf_brawler\rotations\Block_5_rotX_+30.0_00001_.png,C:\Users\aless\Desktop\diffusion-models-weight-steering-report\recovered_renders\benchmark_elf_brawler\rotations\Block_5_rotX_+30.0_00001_.png,rotations,Block_5_rotX_+30.0_00001_.png,pilot_rotations,elf_brawler,4242145,rotX,a64a49a4128bc7f0bc71fb491e29926db6ad80c67325a4ae0e7bc252606431e3
C:\StabilityMatrix-win-x64\Data\Packages\ComfyUI\output\benchmark_elf_brawler\rotations\Block_5_rotX_-15.0_00001_.png,C:\Users\aless\Desktop\diffusion-models-weight-steering-report\recovered_renders\benchmark_elf_brawler\rotations\Block_5_rotX_-15.0_00001_.png,rotations,Block_5_rotX_-15.0_00001_.png,pilot_rotations,elf_brawler,4242145,rotX,62d36bfef895ac1e24cef44188a3bc5dd7bd828056d3b6f6f4cdf5e5bcaca8d0
C:\StabilityMatrix-win-x64\Data\Packages\ComfyUI\output\benchmark_elf_brawler\rotations\Block_5_rotX_-30.0_00001_.png,C:\Users\aless\Desktop\diffusion-models-weight-steering-report\recovered_renders\benchmark_elf_brawler\rotations\Block_5_rotX_-30.0_00001_.png,rotations,Block_5_rotX_-30.0_00001_.png,pilot_rotations,elf_brawler,4242145,rotX,dee1d3a56b19db890de9cade9f43f12699818b0e0f3b9270b1719a13705e402d
C:\StabilityMatrix-win-x64\Data\Packages\ComfyUI\output\benchmark_elf_brawler\rotations\Block_6_rotX_+15.0_00001_.png,C:\Users\aless\Desktop\diffusion-models-weight-steering-report\recovered_renders\benchmark_elf_brawler\rotations\Block_6_rotX_+15.0_00001_.png,rotations,Block_6_rotX_+15.0_00001_.png,pilot_rotations,elf_brawler,4242145,rotX,96afcdc186f88ecda2085cc367981080bfce9bbb315c9b267ef0d1705bb111b6
C:\StabilityMatrix-win-x64\Data\Packages\ComfyUI\output\benchmark_elf_brawler\rotations\Block_6_rotX_+30.0_00001_.png,C:\Users\aless\Desktop\diffusion-models-weight-steering-report\recovered_renders\benchmark_elf_brawler\rotations\Block_6_rotX_+30.0_00001_.png,rotations,Block_6_rotX_+30.0_00001_.png,pilot_rotations,elf_brawler,4242145,rotX,2c6d7ab3bba5b96d4e90223b4cd9c8b5b4870959d4b7dc7e72f91f1826a6c13d
C:\StabilityMatrix-win-x64\Data\Packages\ComfyUI\output\benchmark_elf_brawler\rotations\Block_6_rotX_-15.0_00001_.png,C:\Users\aless\Desktop\diffusion-models-weight-steering-report\recovered_renders\benchmark_elf_brawler\rotations\Block_6_rotX_-15.0_00001_.png,rotations,Block_6_rotX_-15.0_00001_.png,pilot_rotations,elf_brawler,4242145,rotX,f1b52237afc613e6296ec615a742afb740074eaaf8552e3aad2354a14ca1e733
C:\StabilityMatrix-win-x64\Data\Packages\ComfyUI\output\benchmark_elf_brawler\rotations\Block_6_rotX_-30.0_00001_.png,C:\Users\aless\Desktop\diffusion-models-weight-steering-report\recovered_renders\benchmark_elf_brawler\rotations\Block_6_rotX_-30.0_00001_.png,rotations,Block_6_rotX_-30.0_00001_.png,pilot_rotations,elf_brawler,4242145,rotX,88c78952a49b13541774c753cae0017028bb8c8693dfc4be788bbe378fa8751c
C:\StabilityMatrix-win-x64\Data\Packages\ComfyUI\output\benchmark_flag\00_baseline_00001_.png,C:\Users\aless\Desktop\diffusion-models-weight-steering-report\recovered_renders\benchmark_flag\00_baseline_00001_.png,benchmark_flag,00_baseline_00001_.png,pilot_rotations,flag,4242145,baseline,07fdafec153c16f5b4ea9b0914a4a08b448d8a11b52b751a77dd6cebe81edd33
C:\StabilityMatrix-win-x64\Data\Packages\ComfyUI\output\benchmark_flag\rotations\Block_1_rotX_+15.0_00001_.png,C:\Users\aless\Desktop\diffusion-models-weight-steering-report\recovered_renders\benchmark_flag\rotations\Block_1_rotX_+15.0_00001_.png,rotations,Block_1_rotX_+15.0_00001_.png,pilot_rotations,flag,4242145,rotX,f5e81e4c927333946c1385586e186f92d4f48d315cc13b944a91d3bc87f26172
C:\StabilityMatrix-win-x64\Data\Packages\ComfyUI\output\benchmark_flag\rotations\Block_1_rotX_+30.0_00001_.png,C:\Users\aless\Desktop\diffusion-models-weight-steering-report\recovered_renders\benchmark_flag\rotations\Block_1_rotX_+30.0_00001_.png,rotations,Block_1_rotX_+30.0_00001_.png,pilot_rotations,flag,4242145,rotX,d950690255ee5272c01f63d9e2682b0adfcfbf127d38cbfde7edc164fc856ff9
C:\StabilityMatrix-win-x64\Data\Packages\ComfyUI\output\benchmark_flag\rotations\Block_1_rotX_-15.0_00001_.png,C:\Users\aless\Desktop\diffusion-models-weight-steering-report\recovered_renders\benchmark_flag\rotations\Block_1_rotX_-15.0_00001_.png,rotations,Block_1_rotX_-15.0_00001_.png,pilot_rotations,flag,4242145,rotX,eed222de087d406a9569dcab19f59b42bc6e355f719c7a428e36c59268bd68e0
C:\StabilityMatrix-win-x64\Data\Packages\ComfyUI\output\benchmark_flag\rotations\Block_1_rotX_-30.0_00001_.png,C:\Users\aless\Desktop\diffusion-models-weight-steering-report\recovered_renders\benchmark_flag\rotations\Block_1_rotX_-30.0_00001_.png,rotations,Block_1_rotX_-30.0_00001_.png,pilot_rotations,flag,4242145,rotX,a3e20b83638fd9ecc823e6e6d836657d62e500fae530d5087669543cd068a6a6
C:\StabilityMatrix-win-x64\Data\Packages\ComfyUI\output\benchmark_flag\rotations\Block_2_rotX_+15.0_00001_.png,C:\Users\aless\Desktop\diffusion-models-weight-steering-report\recovered_renders\benchmark_flag\rotations\Block_2_rotX_+15.0_00001_.png,rotations,Block_2_rotX_+15.0_00001_.png,pilot_rotations,flag,4242145,rotX,234059d115064822eaa7b66994a53508a222fbe22c1b01a87315ac36c0669ea9
C:\StabilityMatrix-win-x64\Data\Packages\ComfyUI\output\benchmark_flag\rotations\Block_2_rotX_+30.0_00001_.png,C:\Users\aless\Desktop\diffusion-models-weight-steering-report\recovered_renders\benchmark_flag\rotations\Block_2_rotX_+30.0_00001_.png,rotations,Block_2_rotX_+30.0_00001_.png,pilot_rotations,flag,4242145,rotX,b97008cccd00f1f2f9f8e476bcef33c2cdad61ae38630c7c82bcafb52cbb28e3
C:\StabilityMatrix-win-x64\Data\Packages\ComfyUI\output\benchmark_flag\rotations\Block_2_rotX_-15.0_00001_.png,C:\Users\aless\Desktop\diffusion-models-weight-steering-report\recovered_renders\benchmark_flag\rotations\Block_2_rotX_-15.0_00001_.png,rotations,Block_2_rotX_-15.0_00001_.png,pilot_rotations,flag,4242145,rotX,fbeaf15bdd797b60d1a87305a3b4f76a8c46589a6fa0eb3cf336326d9fb67402
C:\StabilityMatrix-win-x64\Data\Packages\ComfyUI\output\benchmark_flag\rotations\Block_2_rotX_-30.0_00001_.png,C:\Users\aless\Desktop\diffusion-models-weight-steering-report\recovered_renders\benchmark_flag\rotations\Block_2_rotX_-30.0_00001_.png,rotations,Block_2_rotX_-30.0_00001_.png,pilot_rotations,flag,4242145,rotX,76b71fd0124bf653ed55b3be6b290230b9e05c92b574ee19240dd20e373b263a
C:\StabilityMatrix-win-x64\Data\Packages\ComfyUI\output\benchmark_flag\rotations\Block_3_rotX_+15.0_00001_.png,C:\Users\aless\Desktop\diffusion-models-weight-steering-report\recovered_renders\benchmark_flag\rotations\Block_3_rotX_+15.0_00001_.png,rotations,Block_3_rotX_+15.0_00001_.png,pilot_rotations,flag,4242145,rotX,ee49668ae4e940350f8a876c83e015b6de89677bdb3d81eb059532a5feecc9ed
C:\StabilityMatrix-win-x64\Data\Packages\ComfyUI\output\benchmark_flag\rotations\Block_3_rotX_+30.0_00001_.png,C:\Users\aless\Desktop\diffusion-models-weight-steering-report\recovered_renders\benchmark_flag\rotations\Block_3_rotX_+30.0_00001_.png,rotations,Block_3_rotX_+30.0_00001_.png,pilot_rotations,flag,4242145,rotX,d2ac2c86b2c5074753bcb04797813e8709545f31311a4a26b379a7f7422cf8c3
C:\StabilityMatrix-win-x64\Data\Packages\ComfyUI\output\benchmark_flag\rotations\Block_3_rotX_-15.0_00001_.png,C:\Users\aless\Desktop\diffusion-models-weight-steering-report\recovered_renders\benchmark_flag\rotations\Block_3_rotX_-15.0_00001_.png,rotations,Block_3_rotX_-15.0_00001_.png,pilot_rotations,flag,4242145,rotX,6bfe8b280ef3066df7135d1ab866f8df5371bf1b0ff7f764e0ca50954f268f7d
C:\StabilityMatrix-win-x64\Data\Packages\ComfyUI\output\benchmark_flag\rotations\Block_3_rotX_-30.0_00001_.png,C:\Users\aless\Desktop\diffusion-models-weight-steering-report\recovered_renders\benchmark_flag\rotations\Block_3_rotX_-30.0_00001_.png,rotations,Block_3_rotX_-30.0_00001_.png,pilot_rotations,flag,4242145,rotX,998fb20c76d5fa3e7bf4001e7ead685a01293f08617e2eb930edbf9fb3b35162
C:\StabilityMatrix-win-x64\Data\Packages\ComfyUI\output\benchmark_flag\rotations\Block_4_rotX_+15.0_00001_.png,C:\Users\aless\Desktop\diffusion-models-weight-steering-report\recovered_renders\benchmark_flag\rotations\Block_4_rotX_+15.0_00001_.png,rotations,Block_4_rotX_+15.0_00001_.png,pilot_rotations,flag,4242145,rotX,74fc91305ed39edf0c6f094b495b8fe09ecb1eae3d8f1ec0785a8334039d1bb7
C:\StabilityMatrix-win-x64\Data\Packages\ComfyUI\output\benchmark_flag\rotations\Block_4_rotX_+30.0_00001_.png,C:\Users\aless\Desktop\diffusion-models-weight-steering-report\recovered_renders\benchmark_flag\rotations\Block_4_rotX_+30.0_00001_.png,rotations,Block_4_rotX_+30.0_00001_.png,pilot_rotations,flag,4242145,rotX,8b08e356e46f8f89f1e924460261d97030d330b4668db5f4614af6707d6e7589
C:\StabilityMatrix-win-x64\Data\Packages\ComfyUI\output\benchmark_flag\rotations\Block_4_rotX_-15.0_00001_.png,C:\Users\aless\Desktop\diffusion-models-weight-steering-report\recovered_renders\benchmark_flag\rotations\Block_4_rotX_-15.0_00001_.png,rotations,Block_4_rotX_-15.0_00001_.png,pilot_rotations,flag,4242145,rotX,e2be8e7acb8add8fdc2a4d47b879ebe0fdce8bc7f82eb27fd97ffa8fa8f5a80e
C:\StabilityMatrix-win-x64\Data\Packages\ComfyUI\output\benchmark_flag\rotations\Block_4_rotX_-30.0_00001_.png,C:\Users\aless\Desktop\diffusion-models-weight-steering-report\recovered_renders\benchmark_flag\rotations\Block_4_rotX_-30.0_00001_.png,rotations,Block_4_rotX_-30.0_00001_.png,pilot_rotations,flag,4242145,rotX,970c7e9b31d37858ebedc7cf050fcfc75cd137541caad2c81904ca9f39e6ab31
C:\StabilityMatrix-win-x64\Data\Packages\ComfyUI\output\benchmark_flag\rotations\Block_5_rotX_+15.0_00001_.png,C:\Users\aless\Desktop\diffusion-models-weight-steering-report\recovered_renders\benchmark_flag\rotations\Block_5_rotX_+15.0_00001_.png,rotations,Block_5_rotX_+15.0_00001_.png,pilot_rotations,flag,4242145,rotX,70f54b1b516c0d2ea2929248ad04e66813f48008f5b2646a44ea1fc2971a6a27
C:\StabilityMatrix-win-x64\Data\Packages\ComfyUI\output\benchmark_flag\rotations\Block_5_rotX_+30.0_00001_.png,C:\Users\aless\Desktop\diffusion-models-weight-steering-report\recovered_renders\benchmark_flag\rotations\Block_5_rotX_+30.0_00001_.png,rotations,Block_5_rotX_+30.0_00001_.png,pilot_rotations,flag,4242145,rotX,54f7f5bb1b78420038456b549384334dbf7736e21bc234899af58d065fad2783
C:\StabilityMatrix-win-x64\Data\Packages\ComfyUI\output\benchmark_flag\rotations\Block_5_rotX_-15.0_00001_.png,C:\Users\aless\Desktop\diffusion-models-weight-steering-report\recovered_renders\benchmark_flag\rotations\Block_5_rotX_-15.0_00001_.png,rotations,Block_5_rotX_-15.0_00001_.png,pilot_rotations,flag,4242145,rotX,c5eefac1968043cf85d2a2c782b6bdae4b5f4d6f0012efbfe527b8b8dec865b2
C:\StabilityMatrix-win-x64\Data\Packages\ComfyUI\output\benchmark_flag\rotations\Block_5_rotX_-30.0_00001_.png,C:\Users\aless\Desktop\diffusion-models-weight-steering-report\recovered_renders\benchmark_flag\rotations\Block_5_rotX_-30.0_00001_.png,rotations,Block_5_rotX_-30.0_00001_.png,pilot_rotations,flag,4242145,rotX,e7c04c8eae61e3461d6f329e1a2cd4b9c953a30063fa19d42a3c9e76f22d7a13
C:\StabilityMatrix-win-x64\Data\Packages\ComfyUI\output\benchmark_flag\rotations\Block_6_rotX_+15.0_00001_.png,C:\Users\aless\Desktop\diffusion-models-weight-steering-report\recovered_renders\benchmark_flag\rotations\Block_6_rotX_+15.0_00001_.png,rotations,Block_6_rotX_+15.0_00001_.png,pilot_rotations,flag,4242145,rotX,09e3e20942755797f2cd090cfdd6c8c973de0778aef5b218d22c25f2ae6fc16b
C:\StabilityMatrix-win-x64\Data\Packages\ComfyUI\output\benchmark_flag\rotations\Block_6_rotX_+30.0_00001_.png,C:\Users\aless\Desktop\diffusion-models-weight-steering-report\recovered_renders\benchmark_flag\rotations\Block_6_rotX_+30.0_00001_.png,rotations,Block_6_rotX_+30.0_00001_.png,pilot_rotations,flag,4242145,rotX,4c2bf89c48868b9263a31681a336478828252c6e3d70b45b989ebb66a2dc0735
C:\StabilityMatrix-win-x64\Data\Packages\ComfyUI\output\benchmark_flag\rotations\Block_6_rotX_-15.0_00001_.png,C:\Users\aless\Desktop\diffusion-models-weight-steering-report\recovered_renders\benchmark_flag\rotations\Block_6_rotX_-15.0_00001_.png,rotations,Block_6_rotX_-15.0_00001_.png,pilot_rotations,flag,4242145,rotX,9c9e46a3ef3f4ed57b71475198c95c6b2c5f770cecc5d10edbf3651768de13e2
C:\StabilityMatrix-win-x64\Data\Packages\ComfyUI\output\benchmark_flag\rotations\Block_6_rotX_-30.0_00001_.png,C:\Users\aless\Desktop\diffusion-models-weight-steering-report\recovered_renders\benchmark_flag\rotations\Block_6_rotX_-30.0_00001_.png,rotations,Block_6_rotX_-30.0_00001_.png,pilot_rotations,flag,4242145,rotX,9fd865fd9a45bb17a77a0e0b0a8eb614cd89367829747867bd5dc25c91562c83
C:\StabilityMatrix-win-x64\Data\Packages\ComfyUI\output\benchmark_preraphaelite_altar\00_baseline_00001_.png,C:\Users\aless\Desktop\diffusion-models-weight-steering-report\recovered_renders\benchmark_preraphaelite_altar\00_baseline_00001_.png,benchmark_preraphaelite_altar,00_baseline_00001_.png,pilot_rotations,preraphaelite_altar,4242145,baseline,f8915c068494fe963d525c2afc808fe19890512e93d2f71975587902c53a0ff9
C:\StabilityMatrix-win-x64\Data\Packages\ComfyUI\output\benchmark_preraphaelite_altar\rotations\Block_1_rotX_+15.0_00001_.png,C:\Users\aless\Desktop\diffusion-models-weight-steering-report\recovered_renders\benchmark_preraphaelite_altar\rotations\Block_1_rotX_+15.0_00001_.png,rotations,Block_1_rotX_+15.0_00001_.png,pilot_rotations,preraphaelite_altar,4242145,rotX,2b70fcb5cb092b7885b197e08842052e4bb92b7c26471d3c0270ec901cbcb438
C:\StabilityMatrix-win-x64\Data\Packages\ComfyUI\output\benchmark_preraphaelite_altar\rotations\Block_1_rotX_+30.0_00001_.png,C:\Users\aless\Desktop\diffusion-models-weight-steering-report\recovered_renders\benchmark_preraphaelite_altar\rotations\Block_1_rotX_+30.0_00001_.png,rotations,Block_1_rotX_+30.0_00001_.png,pilot_rotations,preraphaelite_altar,4242145,rotX,8431920f9f420efc985d5d5f8c04b95279bd1c187005ef29b4f31178b704f674
C:\StabilityMatrix-win-x64\Data\Packages\ComfyUI\output\benchmark_preraphaelite_altar\rotations\Block_1_rotX_-15.0_00001_.png,C:\Users\aless\Desktop\diffusion-models-weight-steering-report\recovered_renders\benchmark_preraphaelite_altar\rotations\Block_1_rotX_-15.0_00001_.png,rotations,Block_1_rotX_-15.0_00001_.png,pilot_rotations,preraphaelite_altar,4242145,rotX,9764fb077027d5ae1dd90be04a6adce3f635c07ef000171ac4da9295a9ed48ff
C:\StabilityMatrix-win-x64\Data\Packages\ComfyUI\output\benchmark_preraphaelite_altar\rotations\Block_1_rotX_-30.0_00001_.png,C:\Users\aless\Desktop\diffusion-models-weight-steering-report\recovered_renders\benchmark_preraphaelite_altar\rotations\Block_1_rotX_-30.0_00001_.png,rotations,Block_1_rotX_-30.0_00001_.png,pilot_rotations,preraphaelite_altar,4242145,rotX,d5da874144f2d90dbe6e1f7466acab63e2c830c622e489168f33bef95b1e7b43
C:\StabilityMatrix-win-x64\Data\Packages\ComfyUI\output\benchmark_preraphaelite_altar\rotations\Block_2_rotX_+15.0_00001_.png,C:\Users\aless\Desktop\diffusion-models-weight-steering-report\recovered_renders\benchmark_preraphaelite_altar\rotations\Block_2_rotX_+15.0_00001_.png,rotations,Block_2_rotX_+15.0_00001_.png,pilot_rotations,preraphaelite_altar,4242145,rotX,204bf11a9bc5e4fd0a06579a9845ff8409cff064a7cbd3e5b898cdeb5b4aa015
C:\StabilityMatrix-win-x64\Data\Packages\ComfyUI\output\benchmark_preraphaelite_altar\rotations\Block_2_rotX_+30.0_00001_.png,C:\Users\aless\Desktop\diffusion-models-weight-steering-report\recovered_renders\benchmark_preraphaelite_altar\rotations\Block_2_rotX_+30.0_00001_.png,rotations,Block_2_rotX_+30.0_00001_.png,pilot_rotations,preraphaelite_altar,4242145,rotX,6dde0363308e5fbbd334b261f8e218addfb4b0bc58d8c068763d419f8f7aee06
C:\StabilityMatrix-win-x64\Data\Packages\ComfyUI\output\benchmark_preraphaelite_altar\rotations\Block_2_rotX_-15.0_00001_.png,C:\Users\aless\Desktop\diffusion-models-weight-steering-report\recovered_renders\benchmark_preraphaelite_altar\rotations\Block_2_rotX_-15.0_00001_.png,rotations,Block_2_rotX_-15.0_00001_.png,pilot_rotations,preraphaelite_altar,4242145,rotX,d8afce3af7f93bb6197d3cfa2512dbd561d03d77b8d7a6ab2f2b821bd8a7baf5
C:\StabilityMatrix-win-x64\Data\Packages\ComfyUI\output\benchmark_preraphaelite_altar\rotations\Block_2_rotX_-30.0_00001_.png,C:\Users\aless\Desktop\diffusion-models-weight-steering-report\recovered_renders\benchmark_preraphaelite_altar\rotations\Block_2_rotX_-30.0_00001_.png,rotations,Block_2_rotX_-30.0_00001_.png,pilot_rotations,preraphaelite_altar,4242145,rotX,fbbed6b604018f083a0707ca8465c780e80e6f338d1752ce99d0509e68001ed7
C:\StabilityMatrix-win-x64\Data\Packages\ComfyUI\output\benchmark_preraphaelite_altar\rotations\Block_3_rotX_+15.0_00001_.png,C:\Users\aless\Desktop\diffusion-models-weight-steering-report\recovered_renders\benchmark_preraphaelite_altar\rotations\Block_3_rotX_+15.0_00001_.png,rotations,Block_3_rotX_+15.0_00001_.png,pilot_rotations,preraphaelite_altar,4242145,rotX,258539025661bc342996aeb06ef345c3f4249446a2a44a410986443760762fb2
C:\StabilityMatrix-win-x64\Data\Packages\ComfyUI\output\benchmark_preraphaelite_altar\rotations\Block_3_rotX_+30.0_00001_.png,C:\Users\aless\Desktop\diffusion-models-weight-steering-report\recovered_renders\benchmark_preraphaelite_altar\rotations\Block_3_rotX_+30.0_00001_.png,rotations,Block_3_rotX_+30.0_00001_.png,pilot_rotations,preraphaelite_altar,4242145,rotX,55ea37a3f43b29fad92951d0059d7642261cd23f8baaa89e0ef06adbcafca565
C:\StabilityMatrix-win-x64\Data\Packages\ComfyUI\output\benchmark_preraphaelite_altar\rotations\Block_3_rotX_-15.0_00001_.png,C:\Users\aless\Desktop\diffusion-models-weight-steering-report\recovered_renders\benchmark_preraphaelite_altar\rotations\Block_3_rotX_-15.0_00001_.png,rotations,Block_3_rotX_-15.0_00001_.png,pilot_rotations,preraphaelite_altar,4242145,rotX,47920b9cc798728e3c3cef6e979e7c80d81915e8b88e74b5a4f284fcb155be3a
C:\StabilityMatrix-win-x64\Data\Packages\ComfyUI\output\benchmark_preraphaelite_altar\rotations\Block_3_rotX_-30.0_00001_.png,C:\Users\aless\Desktop\diffusion-models-weight-steering-report\recovered_renders\benchmark_preraphaelite_altar\rotations\Block_3_rotX_-30.0_00001_.png,rotations,Block_3_rotX_-30.0_00001_.png,pilot_rotations,preraphaelite_altar,4242145,rotX,a064d9cba181764836ee8ee0c50b3c9f9d4c558db009e9d585521f22bd7e918a
C:\StabilityMatrix-win-x64\Data\Packages\ComfyUI\output\benchmark_preraphaelite_altar\rotations\Block_4_rotX_+15.0_00001_.png,C:\Users\aless\Desktop\diffusion-models-weight-steering-report\recovered_renders\benchmark_preraphaelite_altar\rotations\Block_4_rotX_+15.0_00001_.png,rotations,Block_4_rotX_+15.0_00001_.png,pilot_rotations,preraphaelite_altar,4242145,rotX,c4e6f4b8c020bf50dfd0484b9c9c9b3193cfd2134e3a28cccaf510a1d0fd7a17
C:\StabilityMatrix-win-x64\Data\Packages\ComfyUI\output\benchmark_preraphaelite_altar\rotations\Block_4_rotX_+30.0_00001_.png,C:\Users\aless\Desktop\diffusion-models-weight-steering-report\recovered_renders\benchmark_preraphaelite_altar\rotations\Block_4_rotX_+30.0_00001_.png,rotations,Block_4_rotX_+30.0_00001_.png,pilot_rotations,preraphaelite_altar,4242145,rotX,12e8460f82d174956b5d2f18c0dc592ec6d44d05716463db4a81210b6565a8af
C:\StabilityMatrix-win-x64\Data\Packages\ComfyUI\output\benchmark_preraphaelite_altar\rotations\Block_4_rotX_-15.0_00001_.png,C:\Users\aless\Desktop\diffusion-models-weight-steering-report\recovered_renders\benchmark_preraphaelite_altar\rotations\Block_4_rotX_-15.0_00001_.png,rotations,Block_4_rotX_-15.0_00001_.png,pilot_rotations,preraphaelite_altar,4242145,rotX,75e84d72242e822c13c8eae89b9092255a683dfee0e3a6deb8179de6d4953f70
C:\StabilityMatrix-win-x64\Data\Packages\ComfyUI\output\benchmark_preraphaelite_altar\rotations\Block_4_rotX_-30.0_00001_.png,C:\Users\aless\Desktop\diffusion-models-weight-steering-report\recovered_renders\benchmark_preraphaelite_altar\rotations\Block_4_rotX_-30.0_00001_.png,rotations,Block_4_rotX_-30.0_00001_.png,pilot_rotations,preraphaelite_altar,4242145,rotX,a1b863b80e308acf366d3a53d6756ba0788779e0a1adcead8d7a5eabbcfbf039
C:\StabilityMatrix-win-x64\Data\Packages\ComfyUI\output\benchmark_preraphaelite_altar\rotations\Block_5_rotX_+15.0_00001_.png,C:\Users\aless\Desktop\diffusion-models-weight-steering-report\recovered_renders\benchmark_preraphaelite_altar\rotations\Block_5_rotX_+15.0_00001_.png,rotations,Block_5_rotX_+15.0_00001_.png,pilot_rotations,preraphaelite_altar,4242145,rotX,2ed4d01dca5e445db01869a1543b858c08cdb488372c6a3cc170333d83778f98
C:\StabilityMatrix-win-x64\Data\Packages\ComfyUI\output\benchmark_preraphaelite_altar\rotations\Block_5_rotX_+30.0_00001_.png,C:\Users\aless\Desktop\diffusion-models-weight-steering-report\recovered_renders\benchmark_preraphaelite_altar\rotations\Block_5_rotX_+30.0_00001_.png,rotations,Block_5_rotX_+30.0_00001_.png,pilot_rotations,preraphaelite_altar,4242145,rotX,8285b8416e6e8d66b3aa076b964da44fb4928579b871ad484b331dd59fea7894
C:\StabilityMatrix-win-x64\Data\Packages\ComfyUI\output\benchmark_preraphaelite_altar\rotations\Block_5_rotX_-15.0_00001_.png,C:\Users\aless\Desktop\diffusion-models-weight-steering-report\recovered_renders\benchmark_preraphaelite_altar\rotations\Block_5_rotX_-15.0_00001_.png,rotations,Block_5_rotX_-15.0_00001_.png,pilot_rotations,preraphaelite_altar,4242145,rotX,fdb7cf200806e572d0414538e365316eac2acc24c3b11008869d5af3e4c95bf4
C:\StabilityMatrix-win-x64\Data\Packages\ComfyUI\output\benchmark_preraphaelite_altar\rotations\Block_5_rotX_-30.0_00001_.png,C:\Users\aless\Desktop\diffusion-models-weight-steering-report\recovered_renders\benchmark_preraphaelite_altar\rotations\Block_5_rotX_-30.0_00001_.png,rotations,Block_5_rotX_-30.0_00001_.png,pilot_rotations,preraphaelite_altar,4242145,rotX,d9345801367d77a5323c27ede421ec1ae1f7c5bc45682ef146e33694d8b28d1d
C:\StabilityMatrix-win-x64\Data\Packages\ComfyUI\output\benchmark_preraphaelite_altar\rotations\Block_6_rotX_+15.0_00001_.png,C:\Users\aless\Desktop\diffusion-models-weight-steering-report\recovered_renders\benchmark_preraphaelite_altar\rotations\Block_6_rotX_+15.0_00001_.png,rotations,Block_6_rotX_+15.0_00001_.png,pilot_rotations,preraphaelite_altar,4242145,rotX,a698abff2015d024626318c8ecb4d1abdc832ff0a5f2c42c9668015fe6cd36e4
C:\StabilityMatrix-win-x64\Data\Packages\ComfyUI\output\benchmark_preraphaelite_altar\rotations\Block_6_rotX_+30.0_00001_.png,C:\Users\aless\Desktop\diffusion-models-weight-steering-report\recovered_renders\benchmark_preraphaelite_altar\rotations\Block_6_rotX_+30.0_00001_.png,rotations,Block_6_rotX_+30.0_00001_.png,pilot_rotations,preraphaelite_altar,4242145,rotX,46d27cceeaa863033e6653c49980aa89301aa3d647be7e76891fa70b08c08e37
C:\StabilityMatrix-win-x64\Data\Packages\ComfyUI\output\benchmark_preraphaelite_altar\rotations\Block_6_rotX_-15.0_00001_.png,C:\Users\aless\Desktop\diffusion-models-weight-steering-report\recovered_renders\benchmark_preraphaelite_altar\rotations\Block_6_rotX_-15.0_00001_.png,rotations,Block_6_rotX_-15.0_00001_.png,pilot_rotations,preraphaelite_altar,4242145,rotX,3209bdbc3eec3f6000082e1dcece75ecbb667bf4b6006e7d68298d7f67ce1979
C:\StabilityMatrix-win-x64\Data\Packages\ComfyUI\output\benchmark_preraphaelite_altar\rotations\Block_6_rotX_-30.0_00001_.png,C:\Users\aless\Desktop\diffusion-models-weight-steering-report\recovered_renders\benchmark_preraphaelite_altar\rotations\Block_6_rotX_-30.0_00001_.png,rotations,Block_6_rotX_-30.0_00001_.png,pilot_rotations,preraphaelite_altar,4242145,rotX,656df6434cd0641b2bc93004b7ed723683101ff1f3e77246715b8c8966435121
C:\StabilityMatrix-win-x64\Data\Packages\ComfyUI\output\benchmark_tiefling\00_baseline_00001_.png,C:\Users\aless\Desktop\diffusion-models-weight-steering-report\recovered_renders\benchmark_tiefling\00_baseline_00001_.png,benchmark_tiefling,00_baseline_00001_.png,pilot_rotations,tiefling,4242145,baseline,7b0b3ec602e8e2a0809ddbe039495ae398ce16cc342980b689a78c133ae0de57
C:\StabilityMatrix-win-x64\Data\Packages\ComfyUI\output\benchmark_tiefling\rotations\Block_1_rotX_+15.0_00001_.png,C:\Users\aless\Desktop\diffusion-models-weight-steering-report\recovered_renders\benchmark_tiefling\rotations\Block_1_rotX_+15.0_00001_.png,rotations,Block_1_rotX_+15.0_00001_.png,pilot_rotations,tiefling,4242145,rotX,ca0debeb8ecf9b633d46fea79a5d54b701f2065929da14e527f813238746af0a
C:\StabilityMatrix-win-x64\Data\Packages\ComfyUI\output\benchmark_tiefling\rotations\Block_1_rotX_+30.0_00001_.png,C:\Users\aless\Desktop\diffusion-models-weight-steering-report\recovered_renders\benchmark_tiefling\rotations\Block_1_rotX_+30.0_00001_.png,rotations,Block_1_rotX_+30.0_00001_.png,pilot_rotations,tiefling,4242145,rotX,a886fb6a47ac4601e23950243df1f35f89bd9f35a5dca9d4b5d5c1c77d5250b2
C:\StabilityMatrix-win-x64\Data\Packages\ComfyUI\output\benchmark_tiefling\rotations\Block_1_rotX_-15.0_00001_.png,C:\Users\aless\Desktop\diffusion-models-weight-steering-report\recovered_renders\benchmark_tiefling\rotations\Block_1_rotX_-15.0_00001_.png,rotations,Block_1_rotX_-15.0_00001_.png,pilot_rotations,tiefling,4242145,rotX,e704a54b1d4fb16e527c07aa4620b7162d5e2ff9a859a3d3aa7ae60fe61b4280
C:\StabilityMatrix-win-x64\Data\Packages\ComfyUI\output\benchmark_tiefling\rotations\Block_1_rotX_-30.0_00001_.png,C:\Users\aless\Desktop\diffusion-models-weight-steering-report\recovered_renders\benchmark_tiefling\rotations\Block_1_rotX_-30.0_00001_.png,rotations,Block_1_rotX_-30.0_00001_.png,pilot_rotations,tiefling,4242145,rotX,fbedc224cd998df6ff967525b51f2da0a96c23300b23c0fd7d09a6e43656fd7b
C:\StabilityMatrix-win-x64\Data\Packages\ComfyUI\output\benchmark_tiefling\rotations\Block_2_rotX_+15.0_00001_.png,C:\Users\aless\Desktop\diffusion-models-weight-steering-report\recovered_renders\benchmark_tiefling\rotations\Block_2_rotX_+15.0_00001_.png,rotations,Block_2_rotX_+15.0_00001_.png,pilot_rotations,tiefling,4242145,rotX,aec50d2f394e6104e2442b3d2159f65b81e9605421ce465bdff2fe0c5df407b9
C:\StabilityMatrix-win-x64\Data\Packages\ComfyUI\output\benchmark_tiefling\rotations\Block_2_rotX_+30.0_00001_.png,C:\Users\aless\Desktop\diffusion-models-weight-steering-report\recovered_renders\benchmark_tiefling\rotations\Block_2_rotX_+30.0_00001_.png,rotations,Block_2_rotX_+30.0_00001_.png,pilot_rotations,tiefling,4242145,rotX,a7057af61ddf7be9ecc232dc162ff2b564a4fa093234bb52970a9c41e2dda49f
C:\StabilityMatrix-win-x64\Data\Packages\ComfyUI\output\benchmark_tiefling\rotations\Block_2_rotX_-15.0_00001_.png,C:\Users\aless\Desktop\diffusion-models-weight-steering-report\recovered_renders\benchmark_tiefling\rotations\Block_2_rotX_-15.0_00001_.png,rotations,Block_2_rotX_-15.0_00001_.png,pilot_rotations,tiefling,4242145,rotX,e2f5fd504f9b192a04a98f112a0b42a78f673997e36a7cd3c5fc180f67a69c78
C:\StabilityMatrix-win-x64\Data\Packages\ComfyUI\output\benchmark_tiefling\rotations\Block_2_rotX_-30.0_00001_.png,C:\Users\aless\Desktop\diffusion-models-weight-steering-report\recovered_renders\benchmark_tiefling\rotations\Block_2_rotX_-30.0_00001_.png,rotations,Block_2_rotX_-30.0_00001_.png,pilot_rotations,tiefling,4242145,rotX,d8cf214971ad3e328e301ffa1bf56346f674722dcaa05e7196c774789362736f
C:\StabilityMatrix-win-x64\Data\Packages\ComfyUI\output\benchmark_tiefling\rotations\Block_3_rotX_+15.0_00001_.png,C:\Users\aless\Desktop\diffusion-models-weight-steering-report\recovered_renders\benchmark_tiefling\rotations\Block_3_rotX_+15.0_00001_.png,rotations,Block_3_rotX_+15.0_00001_.png,pilot_rotations,tiefling,4242145,rotX,45947b39c0d1d5121eba77e8c88d472d308590ccccae7fb1f789ebadd7952673
C:\StabilityMatrix-win-x64\Data\Packages\ComfyUI\output\benchmark_tiefling\rotations\Block_3_rotX_+30.0_00001_.png,C:\Users\aless\Desktop\diffusion-models-weight-steering-report\recovered_renders\benchmark_tiefling\rotations\Block_3_rotX_+30.0_00001_.png,rotations,Block_3_rotX_+30.0_00001_.png,pilot_rotations,tiefling,4242145,rotX,33c89e9d7886ef68d9982f803720cce34d183790c4c8540a5ce514f5549bd9a0
C:\StabilityMatrix-win-x64\Data\Packages\ComfyUI\output\benchmark_tiefling\rotations\Block_3_rotX_-15.0_00001_.png,C:\Users\aless\Desktop\diffusion-models-weight-steering-report\recovered_renders\benchmark_tiefling\rotations\Block_3_rotX_-15.0_00001_.png,rotations,Block_3_rotX_-15.0_00001_.png,pilot_rotations,tiefling,4242145,rotX,85d24f3696a785df964efb9f1b6fff2c98a611530a7b854d835bad951e387fb2
C:\StabilityMatrix-win-x64\Data\Packages\ComfyUI\output\benchmark_tiefling\rotations\Block_3_rotX_-30.0_00001_.png,C:\Users\aless\Desktop\diffusion-models-weight-steering-report\recovered_renders\benchmark_tiefling\rotations\Block_3_rotX_-30.0_00001_.png,rotations,Block_3_rotX_-30.0_00001_.png,pilot_rotations,tiefling,4242145,rotX,64a6563adbd215bd771fce819f5e24100cd06bbeadb175e27883cedb048ff5c0
C:\StabilityMatrix-win-x64\Data\Packages\ComfyUI\output\benchmark_tiefling\rotations\Block_4_rotX_+15.0_00001_.png,C:\Users\aless\Desktop\diffusion-models-weight-steering-report\recovered_renders\benchmark_tiefling\rotations\Block_4_rotX_+15.0_00001_.png,rotations,Block_4_rotX_+15.0_00001_.png,pilot_rotations,tiefling,4242145,rotX,f6ed25ac0ac1109caaf57f2f4ccca4bf1446706f72347df290ed57b28e367bf4
C:\StabilityMatrix-win-x64\Data\Packages\ComfyUI\output\benchmark_tiefling\rotations\Block_4_rotX_+30.0_00001_.png,C:\Users\aless\Desktop\diffusion-models-weight-steering-report\recovered_renders\benchmark_tiefling\rotations\Block_4_rotX_+30.0_00001_.png,rotations,Block_4_rotX_+30.0_00001_.png,pilot_rotations,tiefling,4242145,rotX,4f37e5479c684a13173325dc3f2038f8ef880ec69ca39fb2dc26ca97a3a55ab6
C:\StabilityMatrix-win-x64\Data\Packages\ComfyUI\output\benchmark_tiefling\rotations\Block_4_rotX_-15.0_00001_.png,C:\Users\aless\Desktop\diffusion-models-weight-steering-report\recovered_renders\benchmark_tiefling\rotations\Block_4_rotX_-15.0_00001_.png,rotations,Block_4_rotX_-15.0_00001_.png,pilot_rotations,tiefling,4242145,rotX,76da8f5f2abc88b738ff51e44a7de34b43377764db2bacd217d628ac5e8b8743
C:\StabilityMatrix-win-x64\Data\Packages\ComfyUI\output\benchmark_tiefling\rotations\Block_4_rotX_-30.0_00001_.png,C:\Users\aless\Desktop\diffusion-models-weight-steering-report\recovered_renders\benchmark_tiefling\rotations\Block_4_rotX_-30.0_00001_.png,rotations,Block_4_rotX_-30.0_00001_.png,pilot_rotations,tiefling,4242145,rotX,6f0cae6c47f73ed34295c8cff3c2b2afb53bf747c9c7e1c61109d005b6634730
C:\StabilityMatrix-win-x64\Data\Packages\ComfyUI\output\benchmark_tiefling\rotations\Block_5_rotX_+15.0_00001_.png,C:\Users\aless\Desktop\diffusion-models-weight-steering-report\recovered_renders\benchmark_tiefling\rotations\Block_5_rotX_+15.0_00001_.png,rotations,Block_5_rotX_+15.0_00001_.png,pilot_rotations,tiefling,4242145,rotX,e8c19fc03556d2b94fbe277ac054ea39c890e453b61da519ec9b557a316d84a0
C:\StabilityMatrix-win-x64\Data\Packages\ComfyUI\output\benchmark_tiefling\rotations\Block_5_rotX_+30.0_00001_.png,C:\Users\aless\Desktop\diffusion-models-weight-steering-report\recovered_renders\benchmark_tiefling\rotations\Block_5_rotX_+30.0_00001_.png,rotations,Block_5_rotX_+30.0_00001_.png,pilot_rotations,tiefling,4242145,rotX,f45929160e7e1c3b7fc184872654000fc63f9f99a98dac7aead880fdd9d9bd44
C:\StabilityMatrix-win-x64\Data\Packages\ComfyUI\output\benchmark_tiefling\rotations\Block_5_rotX_-15.0_00001_.png,C:\Users\aless\Desktop\diffusion-models-weight-steering-report\recovered_renders\benchmark_tiefling\rotations\Block_5_rotX_-15.0_00001_.png,rotations,Block_5_rotX_-15.0_00001_.png,pilot_rotations,tiefling,4242145,rotX,31e2772cd90b65678f519b59a5bba644c9c50743daffbff29a607fd5b0c889d0
C:\StabilityMatrix-win-x64\Data\Packages\ComfyUI\output\benchmark_tiefling\rotations\Block_5_rotX_-30.0_00001_.png,C:\Users\aless\Desktop\diffusion-models-weight-steering-report\recovered_renders\benchmark_tiefling\rotations\Block_5_rotX_-30.0_00001_.png,rotations,Block_5_rotX_-30.0_00001_.png,pilot_rotations,tiefling,4242145,rotX,47295521adf1309f9e1d180f273f8ab8fbef7df4b00a00b21d9224d542cee4ce
C:\StabilityMatrix-win-x64\Data\Packages\ComfyUI\output\benchmark_tiefling\rotations\Block_6_rotX_+15.0_00001_.png,C:\Users\aless\Desktop\diffusion-models-weight-steering-report\recovered_renders\benchmark_tiefling\rotations\Block_6_rotX_+15.0_00001_.png,rotations,Block_6_rotX_+15.0_00001_.png,pilot_rotations,tiefling,4242145,rotX,21ecd57c222f8a91dc2839a517cfc4b15faad2dcc60bd25080731741c2b4ab99
C:\StabilityMatrix-win-x64\Data\Packages\ComfyUI\output\benchmark_tiefling\rotations\Block_6_rotX_+30.0_00001_.png,C:\Users\aless\Desktop\diffusion-models-weight-steering-report\recovered_renders\benchmark_tiefling\rotations\Block_6_rotX_+30.0_00001_.png,rotations,Block_6_rotX_+30.0_00001_.png,pilot_rotations,tiefling,4242145,rotX,22265c9abe2fa42a1ba8babea977b609195023d232e9b191184ef578fa0b8d6e
C:\StabilityMatrix-win-x64\Data\Packages\ComfyUI\output\benchmark_tiefling\rotations\Block_6_rotX_-15.0_00001_.png,C:\Users\aless\Desktop\diffusion-models-weight-steering-report\recovered_renders\benchmark_tiefling\rotations\Block_6_rotX_-15.0_00001_.png,rotations,Block_6_rotX_-15.0_00001_.png,pilot_rotations,tiefling,4242145,rotX,e6fdba74119ff5af5cee1c387787ef3885cd49393f3fd5be83f340bfd6bc6d22
C:\StabilityMatrix-win-x64\Data\Packages\ComfyUI\output\benchmark_tiefling\rotations\Block_6_rotX_-30.0_00001_.png,C:\Users\aless\Desktop\diffusion-models-weight-steering-report\recovered_renders\benchmark_tiefling\rotations\Block_6_rotX_-30.0_00001_.png,rotations,Block_6_rotX_-30.0_00001_.png,pilot_rotations,tiefling,4242145,rotX,8aa0b2dadc2472cc6f61d32a37bdbde1193f18b0eacac42e590e9e3b023d4f99
C:\StabilityMatrix-win-x64\Data\Packages\ComfyUI\output\benchmark_tiefling_seed1337\00_baseline_00001_.png,C:\Users\aless\Desktop\diffusion-models-weight-steering-report\recovered_renders\benchmark_tiefling_seed1337\00_baseline_00001_.png,benchmark_tiefling_seed1337,00_baseline_00001_.png,pilot_rotations,tiefling,1337,baseline,9cbb071b722834be695f1636d64d3fe653c780670a56454509510ab1bfb02e91
C:\StabilityMatrix-win-x64\Data\Packages\ComfyUI\output\benchmark_tiefling_seed1337\rotations\Block_1_rotX_+15.0_00001_.png,C:\Users\aless\Desktop\diffusion-models-weight-steering-report\recovered_renders\benchmark_tiefling_seed1337\rotations\Block_1_rotX_+15.0_00001_.png,rotations,Block_1_rotX_+15.0_00001_.png,pilot_rotations,tiefling,1337,rotX,810cf107b2d76b2149ea2d2f3afa6ebe411fa35cdd990bf81ff1587b314774b8
C:\StabilityMatrix-win-x64\Data\Packages\ComfyUI\output\benchmark_tiefling_seed1337\rotations\Block_1_rotX_+30.0_00001_.png,C:\Users\aless\Desktop\diffusion-models-weight-steering-report\recovered_renders\benchmark_tiefling_seed1337\rotations\Block_1_rotX_+30.0_00001_.png,rotations,Block_1_rotX_+30.0_00001_.png,pilot_rotations,tiefling,1337,rotX,1f0090682e05e7b812a83c48132a5ecb5dc0f5ac207bfaa6a876dc4125b77756
C:\StabilityMatrix-win-x64\Data\Packages\ComfyUI\output\benchmark_tiefling_seed1337\rotations\Block_1_rotX_-15.0_00001_.png,C:\Users\aless\Desktop\diffusion-models-weight-steering-report\recovered_renders\benchmark_tiefling_seed1337\rotations\Block_1_rotX_-15.0_00001_.png,rotations,Block_1_rotX_-15.0_00001_.png,pilot_rotations,tiefling,1337,rotX,62f704b63ddb34fe39471c574d3673a14702818043755469c0a778fb9a53bb42
C:\StabilityMatrix-win-x64\Data\Packages\ComfyUI\output\benchmark_tiefling_seed1337\rotations\Block_1_rotX_-30.0_00001_.png,C:\Users\aless\Desktop\diffusion-models-weight-steering-report\recovered_renders\benchmark_tiefling_seed1337\rotations\Block_1_rotX_-30.0_00001_.png,rotations,Block_1_rotX_-30.0_00001_.png,pilot_rotations,tiefling,1337,rotX,bbc773e7fa452caacce4c6eac94702c48b0ac5d32758d9e053592d66a06e42bf
C:\StabilityMatrix-win-x64\Data\Packages\ComfyUI\output\benchmark_tiefling_seed1337\rotations\Block_2_rotX_+15.0_00001_.png,C:\Users\aless\Desktop\diffusion-models-weight-steering-report\recovered_renders\benchmark_tiefling_seed1337\rotations\Block_2_rotX_+15.0_00001_.png,rotations,Block_2_rotX_+15.0_00001_.png,pilot_rotations,tiefling,1337,rotX,db164bde8863feaf4c77c05520071aaa6d3d2b208708570de1001a22681af267
C:\StabilityMatrix-win-x64\Data\Packages\ComfyUI\output\benchmark_tiefling_seed1337\rotations\Block_2_rotX_+30.0_00001_.png,C:\Users\aless\Desktop\diffusion-models-weight-steering-report\recovered_renders\benchmark_tiefling_seed1337\rotations\Block_2_rotX_+30.0_00001_.png,rotations,Block_2_rotX_+30.0_00001_.png,pilot_rotations,tiefling,1337,rotX,1d8c1bc576bdab05ac01bab2d7d5b9654e4d7aad5f766cd6afc723a0763cd4fa
C:\StabilityMatrix-win-x64\Data\Packages\ComfyUI\output\benchmark_tiefling_seed1337\rotations\Block_2_rotX_-15.0_00001_.png,C:\Users\aless\Desktop\diffusion-models-weight-steering-report\recovered_renders\benchmark_tiefling_seed1337\rotations\Block_2_rotX_-15.0_00001_.png,rotations,Block_2_rotX_-15.0_00001_.png,pilot_rotations,tiefling,1337,rotX,3348785a377311b09f684708ecc36053d0bd99154662aff7f9c9c55f48f67d86
C:\StabilityMatrix-win-x64\Data\Packages\ComfyUI\output\benchmark_tiefling_seed1337\rotations\Block_2_rotX_-30.0_00001_.png,C:\Users\aless\Desktop\diffusion-models-weight-steering-report\recovered_renders\benchmark_tiefling_seed1337\rotations\Block_2_rotX_-30.0_00001_.png,rotations,Block_2_rotX_-30.0_00001_.png,pilot_rotations,tiefling,1337,rotX,333701d1a3bbd468ed18bc40bf6cfe9ea66270c0a3bcda601fea6fe7ab20d297
C:\StabilityMatrix-win-x64\Data\Packages\ComfyUI\output\benchmark_tiefling_seed1337\rotations\Block_3_rotX_+15.0_00001_.png,C:\Users\aless\Desktop\diffusion-models-weight-steering-report\recovered_renders\benchmark_tiefling_seed1337\rotations\Block_3_rotX_+15.0_00001_.png,rotations,Block_3_rotX_+15.0_00001_.png,pilot_rotations,tiefling,1337,rotX,ebc4f8308c89a68c1e6adcf3850942217b9342d1122723186b498a7b596f4517
C:\StabilityMatrix-win-x64\Data\Packages\ComfyUI\output\benchmark_tiefling_seed1337\rotations\Block_3_rotX_+30.0_00001_.png,C:\Users\aless\Desktop\diffusion-models-weight-steering-report\recovered_renders\benchmark_tiefling_seed1337\rotations\Block_3_rotX_+30.0_00001_.png,rotations,Block_3_rotX_+30.0_00001_.png,pilot_rotations,tiefling,1337,rotX,5e2730f1561f5859e1c5fc19d5f7e4b3d5b16777466b6895bbc15fea9c4269bc
C:\StabilityMatrix-win-x64\Data\Packages\ComfyUI\output\benchmark_tiefling_seed1337\rotations\Block_3_rotX_-15.0_00001_.png,C:\Users\aless\Desktop\diffusion-models-weight-steering-report\recovered_renders\benchmark_tiefling_seed1337\rotations\Block_3_rotX_-15.0_00001_.png,rotations,Block_3_rotX_-15.0_00001_.png,pilot_rotations,tiefling,1337,rotX,478f905b461d4c1809111c9c2146fde108f902bb7a48806da6385f50e12a641b
C:\StabilityMatrix-win-x64\Data\Packages\ComfyUI\output\benchmark_tiefling_seed1337\rotations\Block_3_rotX_-30.0_00001_.png,C:\Users\aless\Desktop\diffusion-models-weight-steering-report\recovered_renders\benchmark_tiefling_seed1337\rotations\Block_3_rotX_-30.0_00001_.png,rotations,Block_3_rotX_-30.0_00001_.png,pilot_rotations,tiefling,1337,rotX,935d55ed806545cb941fb3920b17f68fb99c5ac658d577867a34654551d2b9a9
C:\StabilityMatrix-win-x64\Data\Packages\ComfyUI\output\benchmark_tiefling_seed1337\rotations\Block_4_rotX_+15.0_00001_.png,C:\Users\aless\Desktop\diffusion-models-weight-steering-report\recovered_renders\benchmark_tiefling_seed1337\rotations\Block_4_rotX_+15.0_00001_.png,rotations,Block_4_rotX_+15.0_00001_.png,pilot_rotations,tiefling,1337,rotX,a332c2e277833ef6c0472afed180451545a61e35c43d05b2f76b7207c36c6acc
C:\StabilityMatrix-win-x64\Data\Packages\ComfyUI\output\benchmark_tiefling_seed1337\rotations\Block_4_rotX_+30.0_00001_.png,C:\Users\aless\Desktop\diffusion-models-weight-steering-report\recovered_renders\benchmark_tiefling_seed1337\rotations\Block_4_rotX_+30.0_00001_.png,rotations,Block_4_rotX_+30.0_00001_.png,pilot_rotations,tiefling,1337,rotX,20a4c32b725a35c19ce04b27893cbb47d8cd5be261c1114e9f72d5f9660b9cfa
C:\StabilityMatrix-win-x64\Data\Packages\ComfyUI\output\benchmark_tiefling_seed1337\rotations\Block_4_rotX_-15.0_00001_.png,C:\Users\aless\Desktop\diffusion-models-weight-steering-report\recovered_renders\benchmark_tiefling_seed1337\rotations\Block_4_rotX_-15.0_00001_.png,rotations,Block_4_rotX_-15.0_00001_.png,pilot_rotations,tiefling,1337,rotX,ef0f579a68a68841d1a5acd02665b9e4ef9b7debc822e9e198bc95d1413d2854
C:\StabilityMatrix-win-x64\Data\Packages\ComfyUI\output\benchmark_tiefling_seed1337\rotations\Block_4_rotX_-30.0_00001_.png,C:\Users\aless\Desktop\diffusion-models-weight-steering-report\recovered_renders\benchmark_tiefling_seed1337\rotations\Block_4_rotX_-30.0_00001_.png,rotations,Block_4_rotX_-30.0_00001_.png,pilot_rotations,tiefling,1337,rotX,4e12b28af98903fc13c2491575bbb01493675ffa6d5e34e8cca1feecab895493
C:\StabilityMatrix-win-x64\Data\Packages\ComfyUI\output\benchmark_tiefling_seed1337\rotations\Block_5_rotX_+15.0_00001_.png,C:\Users\aless\Desktop\diffusion-models-weight-steering-report\recovered_renders\benchmark_tiefling_seed1337\rotations\Block_5_rotX_+15.0_00001_.png,rotations,Block_5_rotX_+15.0_00001_.png,pilot_rotations,tiefling,1337,rotX,dc14a51f495b556df3d2d4f249572a0f0e5452e00923427677469f057ec2e902
C:\StabilityMatrix-win-x64\Data\Packages\ComfyUI\output\benchmark_tiefling_seed1337\rotations\Block_5_rotX_+30.0_00001_.png,C:\Users\aless\Desktop\diffusion-models-weight-steering-report\recovered_renders\benchmark_tiefling_seed1337\rotations\Block_5_rotX_+30.0_00001_.png,rotations,Block_5_rotX_+30.0_00001_.png,pilot_rotations,tiefling,1337,rotX,374eb99fd9e7928be14f0ce1343937e231ab95a97c87e56638f670d63590bb2b
C:\StabilityMatrix-win-x64\Data\Packages\ComfyUI\output\benchmark_tiefling_seed1337\rotations\Block_5_rotX_-15.0_00001_.png,C:\Users\aless\Desktop\diffusion-models-weight-steering-report\recovered_renders\benchmark_tiefling_seed1337\rotations\Block_5_rotX_-15.0_00001_.png,rotations,Block_5_rotX_-15.0_00001_.png,pilot_rotations,tiefling,1337,rotX,8e9b83f9dcf63c77669504156401efdb73c0be55a96067184aa43e4b9f986963
C:\StabilityMatrix-win-x64\Data\Packages\ComfyUI\output\benchmark_tiefling_seed1337\rotations\Block_5_rotX_-30.0_00001_.png,C:\Users\aless\Desktop\diffusion-models-weight-steering-report\recovered_renders\benchmark_tiefling_seed1337\rotations\Block_5_rotX_-30.0_00001_.png,rotations,Block_5_rotX_-30.0_00001_.png,pilot_rotations,tiefling,1337,rotX,db1925981674b3099a2996e71b78b40cb74bc3960ccdd46b0fa5b2482f672180
C:\StabilityMatrix-win-x64\Data\Packages\ComfyUI\output\benchmark_tiefling_seed1337\rotations\Block_6_rotX_+15.0_00001_.png,C:\Users\aless\Desktop\diffusion-models-weight-steering-report\recovered_renders\benchmark_tiefling_seed1337\rotations\Block_6_rotX_+15.0_00001_.png,rotations,Block_6_rotX_+15.0_00001_.png,pilot_rotations,tiefling,1337,rotX,33894f9f4a2881055eca81ce58cf7695432abbfcc265ceb8126e96a83124bade
C:\StabilityMatrix-win-x64\Data\Packages\ComfyUI\output\benchmark_tiefling_seed1337\rotations\Block_6_rotX_+30.0_00001_.png,C:\Users\aless\Desktop\diffusion-models-weight-steering-report\recovered_renders\benchmark_tiefling_seed1337\rotations\Block_6_rotX_+30.0_00001_.png,rotations,Block_6_rotX_+30.0_00001_.png,pilot_rotations,tiefling,1337,rotX,bcb56f4fa215fbc34a9c096a7415a8b6bbe6a41970fcc8b9dca50bac680f865d
C:\StabilityMatrix-win-x64\Data\Packages\ComfyUI\output\benchmark_tiefling_seed1337\rotations\Block_6_rotX_-15.0_00001_.png,C:\Users\aless\Desktop\diffusion-models-weight-steering-report\recovered_renders\benchmark_tiefling_seed1337\rotations\Block_6_rotX_-15.0_00001_.png,rotations,Block_6_rotX_-15.0_00001_.png,pilot_rotations,tiefling,1337,rotX,b955b9f400b4fbb8010e5698db97f457d6c86ef036c912344383411d90ad54cd
C:\StabilityMatrix-win-x64\Data\Packages\ComfyUI\output\benchmark_tiefling_seed1337\rotations\Block_6_rotX_-30.0_00001_.png,C:\Users\aless\Desktop\diffusion-models-weight-steering-report\recovered_renders\benchmark_tiefling_seed1337\rotations\Block_6_rotX_-30.0_00001_.png,rotations,Block_6_rotX_-30.0_00001_.png,pilot_rotations,tiefling,1337,rotX,7cf32c9c4e05bc9c5fd6a74e837ecc11564a91f98ebff23c4637cf16e07b4d6c
C:\StabilityMatrix-win-x64\Data\Packages\ComfyUI\output\benchmark_tiefling_seed42\00_baseline_00001_.png,C:\Users\aless\Desktop\diffusion-models-weight-steering-report\recovered_renders\benchmark_tiefling_seed42\00_baseline_00001_.png,benchmark_tiefling_seed42,00_baseline_00001_.png,pilot_rotations,tiefling,42,baseline,950336be74eb77791b511aa14bd6f59868cd3f13a5cebc49e1d92d6ba5a6cf9b
C:\StabilityMatrix-win-x64\Data\Packages\ComfyUI\output\benchmark_tiefling_seed42\rotations\Block_1_rotX_+15.0_00001_.png,C:\Users\aless\Desktop\diffusion-models-weight-steering-report\recovered_renders\benchmark_tiefling_seed42\rotations\Block_1_rotX_+15.0_00001_.png,rotations,Block_1_rotX_+15.0_00001_.png,pilot_rotations,tiefling,42,rotX,e34c74573e6bdcdb1eab7964a18c9dba2d0cfc924f19282818b15c50acef68e1
C:\StabilityMatrix-win-x64\Data\Packages\ComfyUI\output\benchmark_tiefling_seed42\rotations\Block_1_rotX_+30.0_00001_.png,C:\Users\aless\Desktop\diffusion-models-weight-steering-report\recovered_renders\benchmark_tiefling_seed42\rotations\Block_1_rotX_+30.0_00001_.png,rotations,Block_1_rotX_+30.0_00001_.png,pilot_rotations,tiefling,42,rotX,3c1cbecc3fe87665b2e97a88d05e13cc03edcc950e972c2323756655a4ca97b5
C:\StabilityMatrix-win-x64\Data\Packages\ComfyUI\output\benchmark_tiefling_seed42\rotations\Block_1_rotX_-15.0_00001_.png,C:\Users\aless\Desktop\diffusion-models-weight-steering-report\recovered_renders\benchmark_tiefling_seed42\rotations\Block_1_rotX_-15.0_00001_.png,rotations,Block_1_rotX_-15.0_00001_.png,pilot_rotations,tiefling,42,rotX,29d612e4a1d680bffa38db939b0e4fae129f82ee199449eb219c45c0b5751579
C:\StabilityMatrix-win-x64\Data\Packages\ComfyUI\output\benchmark_tiefling_seed42\rotations\Block_1_rotX_-30.0_00001_.png,C:\Users\aless\Desktop\diffusion-models-weight-steering-report\recovered_renders\benchmark_tiefling_seed42\rotations\Block_1_rotX_-30.0_00001_.png,rotations,Block_1_rotX_-30.0_00001_.png,pilot_rotations,tiefling,42,rotX,761e3d66ecb9a7948ef4b89b20c4af9a381fb615946f697b303b6c79ba6729ec
C:\StabilityMatrix-win-x64\Data\Packages\ComfyUI\output\benchmark_tiefling_seed42\rotations\Block_2_rotX_+15.0_00001_.png,C:\Users\aless\Desktop\diffusion-models-weight-steering-report\recovered_renders\benchmark_tiefling_seed42\rotations\Block_2_rotX_+15.0_00001_.png,rotations,Block_2_rotX_+15.0_00001_.png,pilot_rotations,tiefling,42,rotX,5f20cc2b77847e98b230cbcfb839de09318edab6cae4b74db6a4f920c0448d1b
C:\StabilityMatrix-win-x64\Data\Packages\ComfyUI\output\benchmark_tiefling_seed42\rotations\Block_2_rotX_+30.0_00001_.png,C:\Users\aless\Desktop\diffusion-models-weight-steering-report\recovered_renders\benchmark_tiefling_seed42\rotations\Block_2_rotX_+30.0_00001_.png,rotations,Block_2_rotX_+30.0_00001_.png,pilot_rotations,tiefling,42,rotX,998285eb5f68d8404cdf0d8987a0b418c731dfc60aec7af10200b4e8ba4a1146
C:\StabilityMatrix-win-x64\Data\Packages\ComfyUI\output\benchmark_tiefling_seed42\rotations\Block_2_rotX_-15.0_00001_.png,C:\Users\aless\Desktop\diffusion-models-weight-steering-report\recovered_renders\benchmark_tiefling_seed42\rotations\Block_2_rotX_-15.0_00001_.png,rotations,Block_2_rotX_-15.0_00001_.png,pilot_rotations,tiefling,42,rotX,d2551d90f1137c38704c4280dc694ef66b1556a623c77b6da3e9cf50c2f1cbe1
C:\StabilityMatrix-win-x64\Data\Packages\ComfyUI\output\benchmark_tiefling_seed42\rotations\Block_2_rotX_-30.0_00001_.png,C:\Users\aless\Desktop\diffusion-models-weight-steering-report\recovered_renders\benchmark_tiefling_seed42\rotations\Block_2_rotX_-30.0_00001_.png,rotations,Block_2_rotX_-30.0_00001_.png,pilot_rotations,tiefling,42,rotX,07bbc48ab8c4797103887a8a30685e98cb216a4bff5197c76c3a70f3cbcaa6fd
C:\StabilityMatrix-win-x64\Data\Packages\ComfyUI\output\benchmark_tiefling_seed42\rotations\Block_3_rotX_+15.0_00001_.png,C:\Users\aless\Desktop\diffusion-models-weight-steering-report\recovered_renders\benchmark_tiefling_seed42\rotations\Block_3_rotX_+15.0_00001_.png,rotations,Block_3_rotX_+15.0_00001_.png,pilot_rotations,tiefling,42,rotX,55d4aeb9d24aa22fe527dbbd4cab54b4089c233b392be7dd6c7285bd48d701ff
C:\StabilityMatrix-win-x64\Data\Packages\ComfyUI\output\benchmark_tiefling_seed42\rotations\Block_3_rotX_+30.0_00001_.png,C:\Users\aless\Desktop\diffusion-models-weight-steering-report\recovered_renders\benchmark_tiefling_seed42\rotations\Block_3_rotX_+30.0_00001_.png,rotations,Block_3_rotX_+30.0_00001_.png,pilot_rotations,tiefling,42,rotX,03c9f3a099b3a6acbc43d8a2266da3fdc321cdd461cd6bb0746559db9b8ad4e4
C:\StabilityMatrix-win-x64\Data\Packages\ComfyUI\output\benchmark_tiefling_seed42\rotations\Block_3_rotX_-15.0_00001_.png,C:\Users\aless\Desktop\diffusion-models-weight-steering-report\recovered_renders\benchmark_tiefling_seed42\rotations\Block_3_rotX_-15.0_00001_.png,rotations,Block_3_rotX_-15.0_00001_.png,pilot_rotations,tiefling,42,rotX,08c3f3a6d84a29c1ce00a25a7decba567d72ddb66445a6bc6e35894384e6a43a
C:\StabilityMatrix-win-x64\Data\Packages\ComfyUI\output\benchmark_tiefling_seed42\rotations\Block_3_rotX_-30.0_00001_.png,C:\Users\aless\Desktop\diffusion-models-weight-steering-report\recovered_renders\benchmark_tiefling_seed42\rotations\Block_3_rotX_-30.0_00001_.png,rotations,Block_3_rotX_-30.0_00001_.png,pilot_rotations,tiefling,42,rotX,f75dd26594dbccb342aca48e24165100e15bf6e15a073d3d10c58172edd2b4e3
C:\StabilityMatrix-win-x64\Data\Packages\ComfyUI\output\benchmark_tiefling_seed42\rotations\Block_4_rotX_+15.0_00001_.png,C:\Users\aless\Desktop\diffusion-models-weight-steering-report\recovered_renders\benchmark_tiefling_seed42\rotations\Block_4_rotX_+15.0_00001_.png,rotations,Block_4_rotX_+15.0_00001_.png,pilot_rotations,tiefling,42,rotX,3991502bf22bc37a83a8acb23345a634c073957219b8325856194488b5769734
C:\StabilityMatrix-win-x64\Data\Packages\ComfyUI\output\benchmark_tiefling_seed42\rotations\Block_4_rotX_+30.0_00001_.png,C:\Users\aless\Desktop\diffusion-models-weight-steering-report\recovered_renders\benchmark_tiefling_seed42\rotations\Block_4_rotX_+30.0_00001_.png,rotations,Block_4_rotX_+30.0_00001_.png,pilot_rotations,tiefling,42,rotX,fed834aa81aca45ff5736d2a712661fe0e7f7e0008bfe343632a9965eab79ffa
C:\StabilityMatrix-win-x64\Data\Packages\ComfyUI\output\benchmark_tiefling_seed42\rotations\Block_4_rotX_-15.0_00001_.png,C:\Users\aless\Desktop\diffusion-models-weight-steering-report\recovered_renders\benchmark_tiefling_seed42\rotations\Block_4_rotX_-15.0_00001_.png,rotations,Block_4_rotX_-15.0_00001_.png,pilot_rotations,tiefling,42,rotX,7adf7ad779c104570d1ffb4939526176337f09305d7b0517da0cdc668c9a9e17
C:\StabilityMatrix-win-x64\Data\Packages\ComfyUI\output\benchmark_tiefling_seed42\rotations\Block_4_rotX_-30.0_00001_.png,C:\Users\aless\Desktop\diffusion-models-weight-steering-report\recovered_renders\benchmark_tiefling_seed42\rotations\Block_4_rotX_-30.0_00001_.png,rotations,Block_4_rotX_-30.0_00001_.png,pilot_rotations,tiefling,42,rotX,59cc221d236306a4aedbff01d0f1c4e2fb017aa49eb24acdf6301bd97d89eadd
C:\StabilityMatrix-win-x64\Data\Packages\ComfyUI\output\benchmark_tiefling_seed42\rotations\Block_5_rotX_+15.0_00001_.png,C:\Users\aless\Desktop\diffusion-models-weight-steering-report\recovered_renders\benchmark_tiefling_seed42\rotations\Block_5_rotX_+15.0_00001_.png,rotations,Block_5_rotX_+15.0_00001_.png,pilot_rotations,tiefling,42,rotX,2b0f1cdf917436f3eac95dd0df9dd47f16804c631ef63d53c5f19b7e6bcf3cca
C:\StabilityMatrix-win-x64\Data\Packages\ComfyUI\output\benchmark_tiefling_seed42\rotations\Block_5_rotX_+30.0_00001_.png,C:\Users\aless\Desktop\diffusion-models-weight-steering-report\recovered_renders\benchmark_tiefling_seed42\rotations\Block_5_rotX_+30.0_00001_.png,rotations,Block_5_rotX_+30.0_00001_.png,pilot_rotations,tiefling,42,rotX,4e5478225ffd710e74a79c298d302513eeaae9c615fbbe8490ed7d780b4a26bb
C:\StabilityMatrix-win-x64\Data\Packages\ComfyUI\output\benchmark_tiefling_seed42\rotations\Block_5_rotX_-15.0_00001_.png,C:\Users\aless\Desktop\diffusion-models-weight-steering-report\recovered_renders\benchmark_tiefling_seed42\rotations\Block_5_rotX_-15.0_00001_.png,rotations,Block_5_rotX_-15.0_00001_.png,pilot_rotations,tiefling,42,rotX,f7b8cfdacb18397213f4562a12224699834e7b22e613bb6172a78120135b2c12
C:\StabilityMatrix-win-x64\Data\Packages\ComfyUI\output\benchmark_tiefling_seed42\rotations\Block_5_rotX_-30.0_00001_.png,C:\Users\aless\Desktop\diffusion-models-weight-steering-report\recovered_renders\benchmark_tiefling_seed42\rotations\Block_5_rotX_-30.0_00001_.png,rotations,Block_5_rotX_-30.0_00001_.png,pilot_rotations,tiefling,42,rotX,b32ab98425979492ffef028c729e0abe19e7d67b89271c1b3752775c08d038e0
C:\StabilityMatrix-win-x64\Data\Packages\ComfyUI\output\benchmark_tiefling_seed42\rotations\Block_6_rotX_+15.0_00001_.png,C:\Users\aless\Desktop\diffusion-models-weight-steering-report\recovered_renders\benchmark_tiefling_seed42\rotations\Block_6_rotX_+15.0_00001_.png,rotations,Block_6_rotX_+15.0_00001_.png,pilot_rotations,tiefling,42,rotX,d8b2cc6a24212cdfb70c96017346b7540d02c25874812cbadf0adc6a4e2da158
C:\StabilityMatrix-win-x64\Data\Packages\ComfyUI\output\benchmark_tiefling_seed42\rotations\Block_6_rotX_+30.0_00001_.png,C:\Users\aless\Desktop\diffusion-models-weight-steering-report\recovered_renders\benchmark_tiefling_seed42\rotations\Block_6_rotX_+30.0_00001_.png,rotations,Block_6_rotX_+30.0_00001_.png,pilot_rotations,tiefling,42,rotX,f6ba6363d10baaf7680bba72e16d37f2443c2bcd5cf2f959d645a285044151d8
C:\StabilityMatrix-win-x64\Data\Packages\ComfyUI\output\benchmark_tiefling_seed42\rotations\Block_6_rotX_-15.0_00001_.png,C:\Users\aless\Desktop\diffusion-models-weight-steering-report\recovered_renders\benchmark_tiefling_seed42\rotations\Block_6_rotX_-15.0_00001_.png,rotations,Block_6_rotX_-15.0_00001_.png,pilot_rotations,tiefling,42,rotX,00bc234a3cdcd7535d9c9dc9aeb6c574aa81c8604e3f92ff20b59e02b45bec7c
C:\StabilityMatrix-win-x64\Data\Packages\ComfyUI\output\benchmark_tiefling_seed42\rotations\Block_6_rotX_-30.0_00001_.png,C:\Users\aless\Desktop\diffusion-models-weight-steering-report\recovered_renders\benchmark_tiefling_seed42\rotations\Block_6_rotX_-30.0_00001_.png,rotations,Block_6_rotX_-30.0_00001_.png,pilot_rotations,tiefling,42,rotX,4c2f9e393616717495c5ff15795ffc1142b40617727f04a86a7213d44c096216
C:\StabilityMatrix-win-x64\Data\Packages\ComfyUI\output\benchmark_troll_shaman\00_baseline_00001_.png,C:\Users\aless\Desktop\diffusion-models-weight-steering-report\recovered_renders\benchmark_troll_shaman\00_baseline_00001_.png,benchmark_troll_shaman,00_baseline_00001_.png,pilot_rotations,troll_shaman,4242145,baseline,ecc06e6171361a693b2339d416f308a4c499e9b66c03b1f6de5891005313d72a
C:\StabilityMatrix-win-x64\Data\Packages\ComfyUI\output\benchmark_troll_shaman\rotations\Block_1_rotX_+15.0_00001_.png,C:\Users\aless\Desktop\diffusion-models-weight-steering-report\recovered_renders\benchmark_troll_shaman\rotations\Block_1_rotX_+15.0_00001_.png,rotations,Block_1_rotX_+15.0_00001_.png,pilot_rotations,troll_shaman,4242145,rotX,4b68fcfc6bdf34e5c24019b57da8ab9e6b37554b16ae287dda68769dcce99ea2
C:\StabilityMatrix-win-x64\Data\Packages\ComfyUI\output\benchmark_troll_shaman\rotations\Block_1_rotX_+30.0_00001_.png,C:\Users\aless\Desktop\diffusion-models-weight-steering-report\recovered_renders\benchmark_troll_shaman\rotations\Block_1_rotX_+30.0_00001_.png,rotations,Block_1_rotX_+30.0_00001_.png,pilot_rotations,troll_shaman,4242145,rotX,e3f87947b66e003fdeaadb7e857cde5b08b82810c316623b49e19f37abc53b5c
C:\StabilityMatrix-win-x64\Data\Packages\ComfyUI\output\benchmark_troll_shaman\rotations\Block_1_rotX_-15.0_00001_.png,C:\Users\aless\Desktop\diffusion-models-weight-steering-report\recovered_renders\benchmark_troll_shaman\rotations\Block_1_rotX_-15.0_00001_.png,rotations,Block_1_rotX_-15.0_00001_.png,pilot_rotations,troll_shaman,4242145,rotX,ae0c529594587ade24d822a7aea1e616076aad8e3f99ad126634051afd9cc057
C:\StabilityMatrix-win-x64\Data\Packages\ComfyUI\output\benchmark_troll_shaman\rotations\Block_1_rotX_-30.0_00001_.png,C:\Users\aless\Desktop\diffusion-models-weight-steering-report\recovered_renders\benchmark_troll_shaman\rotations\Block_1_rotX_-30.0_00001_.png,rotations,Block_1_rotX_-30.0_00001_.png,pilot_rotations,troll_shaman,4242145,rotX,71bfc9cc1b028d9497c97981d57cb098a9e87dd6feaf9b1268bfd05c3cf82cb2
C:\StabilityMatrix-win-x64\Data\Packages\ComfyUI\output\benchmark_troll_shaman\rotations\Block_2_rotX_+15.0_00001_.png,C:\Users\aless\Desktop\diffusion-models-weight-steering-report\recovered_renders\benchmark_troll_shaman\rotations\Block_2_rotX_+15.0_00001_.png,rotations,Block_2_rotX_+15.0_00001_.png,pilot_rotations,troll_shaman,4242145,rotX,fb1a31f6e9e107404baa242068a0950fb6ea09ccbf16a3b4dc404420428471d9
C:\StabilityMatrix-win-x64\Data\Packages\ComfyUI\output\benchmark_troll_shaman\rotations\Block_2_rotX_+30.0_00001_.png,C:\Users\aless\Desktop\diffusion-models-weight-steering-report\recovered_renders\benchmark_troll_shaman\rotations\Block_2_rotX_+30.0_00001_.png,rotations,Block_2_rotX_+30.0_00001_.png,pilot_rotations,troll_shaman,4242145,rotX,492830cde6036d7d93bbd3d96d66e56c26ef0733dc5ebf594b30505feac91f01
C:\StabilityMatrix-win-x64\Data\Packages\ComfyUI\output\benchmark_troll_shaman\rotations\Block_2_rotX_-15.0_00001_.png,C:\Users\aless\Desktop\diffusion-models-weight-steering-report\recovered_renders\benchmark_troll_shaman\rotations\Block_2_rotX_-15.0_00001_.png,rotations,Block_2_rotX_-15.0_00001_.png,pilot_rotations,troll_shaman,4242145,rotX,845a07e6c3427010d297253428db1d3369811bfc9487d0370fa356a35c7734ad
C:\StabilityMatrix-win-x64\Data\Packages\ComfyUI\output\benchmark_troll_shaman\rotations\Block_2_rotX_-30.0_00001_.png,C:\Users\aless\Desktop\diffusion-models-weight-steering-report\recovered_renders\benchmark_troll_shaman\rotations\Block_2_rotX_-30.0_00001_.png,rotations,Block_2_rotX_-30.0_00001_.png,pilot_rotations,troll_shaman,4242145,rotX,7158424762ffe1b1001ea5bf82cea644fb2dcd2a2f9e3f27ae82bffa3f6fabc0
C:\StabilityMatrix-win-x64\Data\Packages\ComfyUI\output\benchmark_troll_shaman\rotations\Block_3_rotX_+15.0_00001_.png,C:\Users\aless\Desktop\diffusion-models-weight-steering-report\recovered_renders\benchmark_troll_shaman\rotations\Block_3_rotX_+15.0_00001_.png,rotations,Block_3_rotX_+15.0_00001_.png,pilot_rotations,troll_shaman,4242145,rotX,cb5f359667e7e91d0fc6f6392c3081152760f51d1356681e0631b5dcaebb5a3a
C:\StabilityMatrix-win-x64\Data\Packages\ComfyUI\output\benchmark_troll_shaman\rotations\Block_3_rotX_+30.0_00001_.png,C:\Users\aless\Desktop\diffusion-models-weight-steering-report\recovered_renders\benchmark_troll_shaman\rotations\Block_3_rotX_+30.0_00001_.png,rotations,Block_3_rotX_+30.0_00001_.png,pilot_rotations,troll_shaman,4242145,rotX,e62763cebc4f26029dd4ab534215bbca888b30f6c36177d01cb34a00b2529386
C:\StabilityMatrix-win-x64\Data\Packages\ComfyUI\output\benchmark_troll_shaman\rotations\Block_3_rotX_-15.0_00001_.png,C:\Users\aless\Desktop\diffusion-models-weight-steering-report\recovered_renders\benchmark_troll_shaman\rotations\Block_3_rotX_-15.0_00001_.png,rotations,Block_3_rotX_-15.0_00001_.png,pilot_rotations,troll_shaman,4242145,rotX,f4dc658d73d6dab03e95feb3eb1b462694772f30ae7d3930ea9fa4686b095a6c
C:\StabilityMatrix-win-x64\Data\Packages\ComfyUI\output\benchmark_troll_shaman\rotations\Block_3_rotX_-30.0_00001_.png,C:\Users\aless\Desktop\diffusion-models-weight-steering-report\recovered_renders\benchmark_troll_shaman\rotations\Block_3_rotX_-30.0_00001_.png,rotations,Block_3_rotX_-30.0_00001_.png,pilot_rotations,troll_shaman,4242145,rotX,ba4ac3c5fcd83cb7eca1e6d14ef79600470959dc317f52bf8be93226411c2d01
C:\StabilityMatrix-win-x64\Data\Packages\ComfyUI\output\benchmark_troll_shaman\rotations\Block_4_rotX_+15.0_00001_.png,C:\Users\aless\Desktop\diffusion-models-weight-steering-report\recovered_renders\benchmark_troll_shaman\rotations\Block_4_rotX_+15.0_00001_.png,rotations,Block_4_rotX_+15.0_00001_.png,pilot_rotations,troll_shaman,4242145,rotX,d4b7ba7163f3fe0c108b42126b497f845aea1e8f9deb9daae4e823cf7ca5fd81
C:\StabilityMatrix-win-x64\Data\Packages\ComfyUI\output\benchmark_troll_shaman\rotations\Block_4_rotX_+30.0_00001_.png,C:\Users\aless\Desktop\diffusion-models-weight-steering-report\recovered_renders\benchmark_troll_shaman\rotations\Block_4_rotX_+30.0_00001_.png,rotations,Block_4_rotX_+30.0_00001_.png,pilot_rotations,troll_shaman,4242145,rotX,2ef9619925ab2f982ff2d76bd4f1c19a1a9594a10ec761c159b2db969baff6d6
C:\StabilityMatrix-win-x64\Data\Packages\ComfyUI\output\benchmark_troll_shaman\rotations\Block_4_rotX_-15.0_00001_.png,C:\Users\aless\Desktop\diffusion-models-weight-steering-report\recovered_renders\benchmark_troll_shaman\rotations\Block_4_rotX_-15.0_00001_.png,rotations,Block_4_rotX_-15.0_00001_.png,pilot_rotations,troll_shaman,4242145,rotX,ff38d84b9544fc2eda93d0ef6380456ec48a063e64151a9c8078f687744249cd
C:\StabilityMatrix-win-x64\Data\Packages\ComfyUI\output\benchmark_troll_shaman\rotations\Block_4_rotX_-30.0_00001_.png,C:\Users\aless\Desktop\diffusion-models-weight-steering-report\recovered_renders\benchmark_troll_shaman\rotations\Block_4_rotX_-30.0_00001_.png,rotations,Block_4_rotX_-30.0_00001_.png,pilot_rotations,troll_shaman,4242145,rotX,94a35f209f3905b8377167987d5c9dbd3d411ccc8981d4be4af8b4398b4cc82a
C:\StabilityMatrix-win-x64\Data\Packages\ComfyUI\output\benchmark_troll_shaman\rotations\Block_5_rotX_+15.0_00001_.png,C:\Users\aless\Desktop\diffusion-models-weight-steering-report\recovered_renders\benchmark_troll_shaman\rotations\Block_5_rotX_+15.0_00001_.png,rotations,Block_5_rotX_+15.0_00001_.png,pilot_rotations,troll_shaman,4242145,rotX,0d344034649e7775e3ca9d4461b0d8bd8e9db04e3ec9201f85676f91c8d12d16
C:\StabilityMatrix-win-x64\Data\Packages\ComfyUI\output\benchmark_troll_shaman\rotations\Block_5_rotX_+30.0_00001_.png,C:\Users\aless\Desktop\diffusion-models-weight-steering-report\recovered_renders\benchmark_troll_shaman\rotations\Block_5_rotX_+30.0_00001_.png,rotations,Block_5_rotX_+30.0_00001_.png,pilot_rotations,troll_shaman,4242145,rotX,8ea55c7d5104d4fa4d36f5197d0daed9743777147b7c261ac8544cc5adcfadc6
C:\StabilityMatrix-win-x64\Data\Packages\ComfyUI\output\benchmark_troll_shaman\rotations\Block_5_rotX_-15.0_00001_.png,C:\Users\aless\Desktop\diffusion-models-weight-steering-report\recovered_renders\benchmark_troll_shaman\rotations\Block_5_rotX_-15.0_00001_.png,rotations,Block_5_rotX_-15.0_00001_.png,pilot_rotations,troll_shaman,4242145,rotX,21a0df8b1d47ee7b8e8a0ab5e548f32c8c74568f9c5169689e1d36800ffe797c
C:\StabilityMatrix-win-x64\Data\Packages\ComfyUI\output\benchmark_troll_shaman\rotations\Block_5_rotX_-30.0_00001_.png,C:\Users\aless\Desktop\diffusion-models-weight-steering-report\recovered_renders\benchmark_troll_shaman\rotations\Block_5_rotX_-30.0_00001_.png,rotations,Block_5_rotX_-30.0_00001_.png,pilot_rotations,troll_shaman,4242145,rotX,31743161196d8a67c5878b68256a75347131c794f22729a8b2ac3fbf36cbfe07
C:\StabilityMatrix-win-x64\Data\Packages\ComfyUI\output\benchmark_troll_shaman\rotations\Block_6_rotX_+15.0_00001_.png,C:\Users\aless\Desktop\diffusion-models-weight-steering-report\recovered_renders\benchmark_troll_shaman\rotations\Block_6_rotX_+15.0_00001_.png,rotations,Block_6_rotX_+15.0_00001_.png,pilot_rotations,troll_shaman,4242145,rotX,fdc4551e49237bf80ecde93f8aeb2a1f85086a6d917d81731fd7bbb7461719f2
C:\StabilityMatrix-win-x64\Data\Packages\ComfyUI\output\benchmark_troll_shaman\rotations\Block_6_rotX_+30.0_00001_.png,C:\Users\aless\Desktop\diffusion-models-weight-steering-report\recovered_renders\benchmark_troll_shaman\rotations\Block_6_rotX_+30.0_00001_.png,rotations,Block_6_rotX_+30.0_00001_.png,pilot_rotations,troll_shaman,4242145,rotX,d32c3058dd06eda6218b616f23afa919a2c551c418aa2f10ed64a3d3332d46ec
C:\StabilityMatrix-win-x64\Data\Packages\ComfyUI\output\benchmark_troll_shaman\rotations\Block_6_rotX_-15.0_00001_.png,C:\Users\aless\Desktop\diffusion-models-weight-steering-report\recovered_renders\benchmark_troll_shaman\rotations\Block_6_rotX_-15.0_00001_.png,rotations,Block_6_rotX_-15.0_00001_.png,pilot_rotations,troll_shaman,4242145,rotX,82dc4eeda77a781cc93bf9eef538aee2c020299bc87d6b435d9084ec25000f9c
C:\StabilityMatrix-win-x64\Data\Packages\ComfyUI\output\benchmark_troll_shaman\rotations\Block_6_rotX_-30.0_00001_.png,C:\Users\aless\Desktop\diffusion-models-weight-steering-report\recovered_renders\benchmark_troll_shaman\rotations\Block_6_rotX_-30.0_00001_.png,rotations,Block_6_rotX_-30.0_00001_.png,pilot_rotations,troll_shaman,4242145,rotX,51212dbb192af4a774e4cb98fd1cc213d887d62fd69bd4671d13c456a1872c87
C:\StabilityMatrix-win-x64\Data\Packages\ComfyUI\output\rotations_block1_vs_block6\S01_oil_s1337_Block_1_neg_00001_.png,C:\Users\aless\Desktop\diffusion-models-weight-steering-report\recovered_renders\rotations_block1_vs_block6\S01_oil_s1337_Block_1_neg_00001_.png,rotations_block1_vs_block6,S01_oil_s1337_Block_1_neg_00001_.png,rotations_block1_vs_block6 + rotations_triangolo,S01_oil,1337,Block_1_neg,df980cbe8de21fe4a1b2ecaa09d4abb4ff3bcc3e7d68959cfa0c488262c1be12
C:\StabilityMatrix-win-x64\Data\Packages\ComfyUI\output\rotations_block1_vs_block6\S01_oil_s1337_Block_1_pos_00001_.png,C:\Users\aless\Desktop\diffusion-models-weight-steering-report\recovered_renders\rotations_block1_vs_block6\S01_oil_s1337_Block_1_pos_00001_.png,rotations_block1_vs_block6,S01_oil_s1337_Block_1_pos_00001_.png,rotations_block1_vs_block6 + rotations_triangolo,S01_oil,1337,Block_1_pos,390314920fc97ffe2d5dd6538c677ffb5a589fbca7c850e914aed7ab3b9818cb
C:\StabilityMatrix-win-x64\Data\Packages\ComfyUI\output\rotations_block1_vs_block6\S01_oil_s1337_Block_3_neg_00001_.png,C:\Users\aless\Desktop\diffusion-models-weight-steering-report\recovered_renders\rotations_block1_vs_block6\S01_oil_s1337_Block_3_neg_00001_.png,rotations_block1_vs_block6,S01_oil_s1337_Block_3_neg_00001_.png,rotations_triangolo,S01_oil,1337,Block_3_neg,0a0370d8859de8801b954d9a9e602af9d4a153b36feb8819692a00d6a5256cdb
C:\StabilityMatrix-win-x64\Data\Packages\ComfyUI\output\rotations_block1_vs_block6\S01_oil_s1337_Block_3_pos_00001_.png,C:\Users\aless\Desktop\diffusion-models-weight-steering-report\recovered_renders\rotations_block1_vs_block6\S01_oil_s1337_Block_3_pos_00001_.png,rotations_block1_vs_block6,S01_oil_s1337_Block_3_pos_00001_.png,rotations_triangolo,S01_oil,1337,Block_3_pos,5e58ad55a9c6500c994d6d1371ce5a0ccc4ae8f6cd3325993a3562c3bb9e90ad
C:\StabilityMatrix-win-x64\Data\Packages\ComfyUI\output\rotations_block1_vs_block6\S01_oil_s1337_Block_6_neg_00001_.png,C:\Users\aless\Desktop\diffusion-models-weight-steering-report\recovered_renders\rotations_block1_vs_block6\S01_oil_s1337_Block_6_neg_00001_.png,rotations_block1_vs_block6,S01_oil_s1337_Block_6_neg_00001_.png,rotations_block1_vs_block6 + rotations_triangolo,S01_oil,1337,Block_6_neg,6f5918659b662ea3c9d668b590de0760be5b57a7fc0772abb72c28960c398d24
C:\StabilityMatrix-win-x64\Data\Packages\ComfyUI\output\rotations_block1_vs_block6\S01_oil_s1337_Block_6_pos_00001_.png,C:\Users\aless\Desktop\diffusion-models-weight-steering-report\recovered_renders\rotations_block1_vs_block6\S01_oil_s1337_Block_6_pos_00001_.png,rotations_block1_vs_block6,S01_oil_s1337_Block_6_pos_00001_.png,rotations_block1_vs_block6 + rotations_triangolo,S01_oil,1337,Block_6_pos,c37bd246d39851ae7857fe9ff0dcb6c2c94938426dd93593fa8b5fb82184da5b
C:\StabilityMatrix-win-x64\Data\Packages\ComfyUI\output\rotations_block1_vs_block6\S01_oil_s1337_baseline_00001_.png,C:\Users\aless\Desktop\diffusion-models-weight-steering-report\recovered_renders\rotations_block1_vs_block6\S01_oil_s1337_baseline_00001_.png,rotations_block1_vs_block6,S01_oil_s1337_baseline_00001_.png,rotations_block1_vs_block6 + rotations_triangolo,S01_oil,1337,baseline,0471e224df97474854da53865f6c45436ab44a2e22d00ad6a17b227da0a591b0
C:\StabilityMatrix-win-x64\Data\Packages\ComfyUI\output\rotations_block1_vs_block6\S01_oil_s1337_scramble_A_00001_.png,C:\Users\aless\Desktop\diffusion-models-weight-steering-report\recovered_renders\rotations_block1_vs_block6\S01_oil_s1337_scramble_A_00001_.png,rotations_block1_vs_block6,S01_oil_s1337_scramble_A_00001_.png,rotations_block1_vs_block6 + rotations_triangolo,S01_oil,1337,scramble_A,f0b9e12a685dafa51299ca0b9642544bfeeb293f60b2a933245002fd44503d67
C:\StabilityMatrix-win-x64\Data\Packages\ComfyUI\output\rotations_block1_vs_block6\S01_oil_s1337_scramble_B_00001_.png,C:\Users\aless\Desktop\diffusion-models-weight-steering-report\recovered_renders\rotations_block1_vs_block6\S01_oil_s1337_scramble_B_00001_.png,rotations_block1_vs_block6,S01_oil_s1337_scramble_B_00001_.png,rotations_block1_vs_block6 + rotations_triangolo,S01_oil,1337,scramble_B,b4ed2436bc9c54222bdbfd6e3bcb9d1941abff5c4a63b957d43200c82abc1c45
C:\StabilityMatrix-win-x64\Data\Packages\ComfyUI\output\rotations_block1_vs_block6\S01_oil_s1337_scramble_C_00001_.png,C:\Users\aless\Desktop\diffusion-models-weight-steering-report\recovered_renders\rotations_block1_vs_block6\S01_oil_s1337_scramble_C_00001_.png,rotations_block1_vs_block6,S01_oil_s1337_scramble_C_00001_.png,rotations_triangolo,S01_oil,1337,scramble_C,ecb5aaab3eadc7a59175432f561702b08f2ed9332a3a31e4845a63d7570c5846
C:\StabilityMatrix-win-x64\Data\Packages\ComfyUI\output\rotations_block1_vs_block6\S01_oil_s1337_scramble_D_00001_.png,C:\Users\aless\Desktop\diffusion-models-weight-steering-report\recovered_renders\rotations_block1_vs_block6\S01_oil_s1337_scramble_D_00001_.png,rotations_block1_vs_block6,S01_oil_s1337_scramble_D_00001_.png,rotations_triangolo,S01_oil,1337,scramble_D,d83d8774aed779467b76528260f528f4369a13528bbc5e1ad972e280e3cf0d6e
C:\StabilityMatrix-win-x64\Data\Packages\ComfyUI\output\rotations_block1_vs_block6\S01_oil_s4242145_Block_1_neg_00001_.png,C:\Users\aless\Desktop\diffusion-models-weight-steering-report\recovered_renders\rotations_block1_vs_block6\S01_oil_s4242145_Block_1_neg_00001_.png,rotations_block1_vs_block6,S01_oil_s4242145_Block_1_neg_00001_.png,rotations_block1_vs_block6 + rotations_triangolo,S01_oil,4242145,Block_1_neg,9d305df5fd85c00fd5fb2985ee256b94aa79988dd988e0ef372563a0ad3cde17
C:\StabilityMatrix-win-x64\Data\Packages\ComfyUI\output\rotations_block1_vs_block6\S01_oil_s4242145_Block_1_pos_00001_.png,C:\Users\aless\Desktop\diffusion-models-weight-steering-report\recovered_renders\rotations_block1_vs_block6\S01_oil_s4242145_Block_1_pos_00001_.png,rotations_block1_vs_block6,S01_oil_s4242145_Block_1_pos_00001_.png,rotations_block1_vs_block6 + rotations_triangolo,S01_oil,4242145,Block_1_pos,966e44224b70b1b5d1192476b5b434dfa76d03e90563e8182f12b14dd0ee6130
C:\StabilityMatrix-win-x64\Data\Packages\ComfyUI\output\rotations_block1_vs_block6\S01_oil_s4242145_Block_3_neg_00001_.png,C:\Users\aless\Desktop\diffusion-models-weight-steering-report\recovered_renders\rotations_block1_vs_block6\S01_oil_s4242145_Block_3_neg_00001_.png,rotations_block1_vs_block6,S01_oil_s4242145_Block_3_neg_00001_.png,rotations_triangolo,S01_oil,4242145,Block_3_neg,fa5245e27d81f219eeacaf3e54a109f6e0a0c1a8ef7ad1ae994d2131ce05c4cd
C:\StabilityMatrix-win-x64\Data\Packages\ComfyUI\output\rotations_block1_vs_block6\S01_oil_s4242145_Block_3_pos_00001_.png,C:\Users\aless\Desktop\diffusion-models-weight-steering-report\recovered_renders\rotations_block1_vs_block6\S01_oil_s4242145_Block_3_pos_00001_.png,rotations_block1_vs_block6,S01_oil_s4242145_Block_3_pos_00001_.png,rotations_triangolo,S01_oil,4242145,Block_3_pos,69589575205055609a6833bb513692a09ca3e3e067ab63a990b51cdb81c97c21
C:\StabilityMatrix-win-x64\Data\Packages\ComfyUI\output\rotations_block1_vs_block6\S01_oil_s4242145_Block_6_neg_00001_.png,C:\Users\aless\Desktop\diffusion-models-weight-steering-report\recovered_renders\rotations_block1_vs_block6\S01_oil_s4242145_Block_6_neg_00001_.png,rotations_block1_vs_block6,S01_oil_s4242145_Block_6_neg_00001_.png,rotations_block1_vs_block6 + rotations_triangolo,S01_oil,4242145,Block_6_neg,fcaf57eaccaaf83724df3b64d36ef5d9140b4d7c4a5399954ffb44d86b376684
C:\StabilityMatrix-win-x64\Data\Packages\ComfyUI\output\rotations_block1_vs_block6\S01_oil_s4242145_Block_6_pos_00001_.png,C:\Users\aless\Desktop\diffusion-models-weight-steering-report\recovered_renders\rotations_block1_vs_block6\S01_oil_s4242145_Block_6_pos_00001_.png,rotations_block1_vs_block6,S01_oil_s4242145_Block_6_pos_00001_.png,rotations_block1_vs_block6 + rotations_triangolo,S01_oil,4242145,Block_6_pos,979dbcf2f7a10d647ecd85dd18f394caf9ff558b92bd2eb77dcef06beaf7ab49
C:\StabilityMatrix-win-x64\Data\Packages\ComfyUI\output\rotations_block1_vs_block6\S01_oil_s4242145_baseline_00001_.png,C:\Users\aless\Desktop\diffusion-models-weight-steering-report\recovered_renders\rotations_block1_vs_block6\S01_oil_s4242145_baseline_00001_.png,rotations_block1_vs_block6,S01_oil_s4242145_baseline_00001_.png,rotations_block1_vs_block6 + rotations_triangolo,S01_oil,4242145,baseline,df14bda91699b11b93df93ff0c0c69ece8ce6f0dbaadde603fa722dfed574586
C:\StabilityMatrix-win-x64\Data\Packages\ComfyUI\output\rotations_block1_vs_block6\S01_oil_s4242145_scramble_A_00001_.png,C:\Users\aless\Desktop\diffusion-models-weight-steering-report\recovered_renders\rotations_block1_vs_block6\S01_oil_s4242145_scramble_A_00001_.png,rotations_block1_vs_block6,S01_oil_s4242145_scramble_A_00001_.png,rotations_block1_vs_block6 + rotations_triangolo,S01_oil,4242145,scramble_A,95f465067dd30cb728edf8f342eb6fd510a4ff1df017d1efeadf7eb53a8e425b
C:\StabilityMatrix-win-x64\Data\Packages\ComfyUI\output\rotations_block1_vs_block6\S01_oil_s4242145_scramble_B_00001_.png,C:\Users\aless\Desktop\diffusion-models-weight-steering-report\recovered_renders\rotations_block1_vs_block6\S01_oil_s4242145_scramble_B_00001_.png,rotations_block1_vs_block6,S01_oil_s4242145_scramble_B_00001_.png,rotations_block1_vs_block6 + rotations_triangolo,S01_oil,4242145,scramble_B,79c82e41d2d9918befd30bb811d1cc1bf34681e2df210c9ff2b051c501912206
C:\StabilityMatrix-win-x64\Data\Packages\ComfyUI\output\rotations_block1_vs_block6\S01_oil_s4242145_scramble_C_00001_.png,C:\Users\aless\Desktop\diffusion-models-weight-steering-report\recovered_renders\rotations_block1_vs_block6\S01_oil_s4242145_scramble_C_00001_.png,rotations_block1_vs_block6,S01_oil_s4242145_scramble_C_00001_.png,rotations_triangolo,S01_oil,4242145,scramble_C,1a05efef781016904a518e16fe95e7c32445e394fa1c9385a31fe9243984fe16
C:\StabilityMatrix-win-x64\Data\Packages\ComfyUI\output\rotations_block1_vs_block6\S01_oil_s4242145_scramble_D_00001_.png,C:\Users\aless\Desktop\diffusion-models-weight-steering-report\recovered_renders\rotations_block1_vs_block6\S01_oil_s4242145_scramble_D_00001_.png,rotations_block1_vs_block6,S01_oil_s4242145_scramble_D_00001_.png,rotations_triangolo,S01_oil,4242145,scramble_D,e76d1aa3d7922730bfb801d9837ea4828ebf0d66bc866c9d17daa73680abce2f
C:\StabilityMatrix-win-x64\Data\Packages\ComfyUI\output\rotations_block1_vs_block6\S01_oil_s42_Block_1_neg_00001_.png,C:\Users\aless\Desktop\diffusion-models-weight-steering-report\recovered_renders\rotations_block1_vs_block6\S01_oil_s42_Block_1_neg_00001_.png,rotations_block1_vs_block6,S01_oil_s42_Block_1_neg_00001_.png,rotations_block1_vs_block6 + rotations_triangolo,S01_oil,42,Block_1_neg,f4c600f392e6132ace296eef0a52243b09af2404729b67e5eed88ba693ae9c31
C:\StabilityMatrix-win-x64\Data\Packages\ComfyUI\output\rotations_block1_vs_block6\S01_oil_s42_Block_1_pos_00001_.png,C:\Users\aless\Desktop\diffusion-models-weight-steering-report\recovered_renders\rotations_block1_vs_block6\S01_oil_s42_Block_1_pos_00001_.png,rotations_block1_vs_block6,S01_oil_s42_Block_1_pos_00001_.png,rotations_block1_vs_block6 + rotations_triangolo,S01_oil,42,Block_1_pos,da3daa3551e2d64e410d618c573ebaf01723ffa1c1df7c099c576069f8331c77
C:\StabilityMatrix-win-x64\Data\Packages\ComfyUI\output\rotations_block1_vs_block6\S01_oil_s42_Block_3_neg_00001_.png,C:\Users\aless\Desktop\diffusion-models-weight-steering-report\recovered_renders\rotations_block1_vs_block6\S01_oil_s42_Block_3_neg_00001_.png,rotations_block1_vs_block6,S01_oil_s42_Block_3_neg_00001_.png,rotations_triangolo,S01_oil,42,Block_3_neg,107d03d1892cd0e9a4af477a3c51407517a689f48846a9eaef6aaccabf7c8856
C:\StabilityMatrix-win-x64\Data\Packages\ComfyUI\output\rotations_block1_vs_block6\S01_oil_s42_Block_3_pos_00001_.png,C:\Users\aless\Desktop\diffusion-models-weight-steering-report\recovered_renders\rotations_block1_vs_block6\S01_oil_s42_Block_3_pos_00001_.png,rotations_block1_vs_block6,S01_oil_s42_Block_3_pos_00001_.png,rotations_triangolo,S01_oil,42,Block_3_pos,967056be58b323cdc7153ff5f6783e8c87ac494a6811d718c2b978c9701626b2
C:\StabilityMatrix-win-x64\Data\Packages\ComfyUI\output\rotations_block1_vs_block6\S01_oil_s42_Block_6_neg_00001_.png,C:\Users\aless\Desktop\diffusion-models-weight-steering-report\recovered_renders\rotations_block1_vs_block6\S01_oil_s42_Block_6_neg_00001_.png,rotations_block1_vs_block6,S01_oil_s42_Block_6_neg_00001_.png,rotations_block1_vs_block6 + rotations_triangolo,S01_oil,42,Block_6_neg,ae8c3ce004356c66c3377b36d7e9118453baa5884a90c9faaff5c9cc0a7479e9
C:\StabilityMatrix-win-x64\Data\Packages\ComfyUI\output\rotations_block1_vs_block6\S01_oil_s42_Block_6_pos_00001_.png,C:\Users\aless\Desktop\diffusion-models-weight-steering-report\recovered_renders\rotations_block1_vs_block6\S01_oil_s42_Block_6_pos_00001_.png,rotations_block1_vs_block6,S01_oil_s42_Block_6_pos_00001_.png,rotations_block1_vs_block6 + rotations_triangolo,S01_oil,42,Block_6_pos,ec47440185f53fd7270e3c741476d155f2f1c1720c03ec2016ce351c1534a70b
C:\StabilityMatrix-win-x64\Data\Packages\ComfyUI\output\rotations_block1_vs_block6\S01_oil_s42_baseline_00001_.png,C:\Users\aless\Desktop\diffusion-models-weight-steering-report\recovered_renders\rotations_block1_vs_block6\S01_oil_s42_baseline_00001_.png,rotations_block1_vs_block6,S01_oil_s42_baseline_00001_.png,rotations_block1_vs_block6 + rotations_triangolo,S01_oil,42,baseline,2aee58ed266a65d56fffef1f7c297cd40913cdf6647ad90668b2809e28ac006d
C:\StabilityMatrix-win-x64\Data\Packages\ComfyUI\output\rotations_block1_vs_block6\S01_oil_s42_scramble_A_00001_.png,C:\Users\aless\Desktop\diffusion-models-weight-steering-report\recovered_renders\rotations_block1_vs_block6\S01_oil_s42_scramble_A_00001_.png,rotations_block1_vs_block6,S01_oil_s42_scramble_A_00001_.png,rotations_block1_vs_block6 + rotations_triangolo,S01_oil,42,scramble_A,13f2e0383f00d13e6677c2df2fbaddbdd267fa0c4e9dc14db72fc39ac497db71
C:\StabilityMatrix-win-x64\Data\Packages\ComfyUI\output\rotations_block1_vs_block6\S01_oil_s42_scramble_B_00001_.png,C:\Users\aless\Desktop\diffusion-models-weight-steering-report\recovered_renders\rotations_block1_vs_block6\S01_oil_s42_scramble_B_00001_.png,rotations_block1_vs_block6,S01_oil_s42_scramble_B_00001_.png,rotations_block1_vs_block6 + rotations_triangolo,S01_oil,42,scramble_B,3438a8c9013f7059f48cde3c38a464b728491de0c049b6c688e2e109455dbebc
C:\StabilityMatrix-win-x64\Data\Packages\ComfyUI\output\rotations_block1_vs_block6\S01_oil_s42_scramble_C_00001_.png,C:\Users\aless\Desktop\diffusion-models-weight-steering-report\recovered_renders\rotations_block1_vs_block6\S01_oil_s42_scramble_C_00001_.png,rotations_block1_vs_block6,S01_oil_s42_scramble_C_00001_.png,rotations_triangolo,S01_oil,42,scramble_C,466a22d519fa9e890bdb605be4800d053bacaae481b308efb42443472a54e4b7
C:\StabilityMatrix-win-x64\Data\Packages\ComfyUI\output\rotations_block1_vs_block6\S01_oil_s42_scramble_D_00001_.png,C:\Users\aless\Desktop\diffusion-models-weight-steering-report\recovered_renders\rotations_block1_vs_block6\S01_oil_s42_scramble_D_00001_.png,rotations_block1_vs_block6,S01_oil_s42_scramble_D_00001_.png,rotations_triangolo,S01_oil,42,scramble_D,5e0eafbfd2d1625e2c7248a638d162dbdd6db9899a5e7fc085da1c46f8f93c50
C:\StabilityMatrix-win-x64\Data\Packages\ComfyUI\output\rotations_block1_vs_block6\S02_linocut_s1337_Block_1_neg_00001_.png,C:\Users\aless\Desktop\diffusion-models-weight-steering-report\recovered_renders\rotations_block1_vs_block6\S02_linocut_s1337_Block_1_neg_00001_.png,rotations_block1_vs_block6,S02_linocut_s1337_Block_1_neg_00001_.png,rotations_block1_vs_block6 + rotations_triangolo,S02_linocut,1337,Block_1_neg,489fba5b36802627f3f477b052e1904788e6c7bb02701e741dd834113228f9a0
C:\StabilityMatrix-win-x64\Data\Packages\ComfyUI\output\rotations_block1_vs_block6\S02_linocut_s1337_Block_1_pos_00001_.png,C:\Users\aless\Desktop\diffusion-models-weight-steering-report\recovered_renders\rotations_block1_vs_block6\S02_linocut_s1337_Block_1_pos_00001_.png,rotations_block1_vs_block6,S02_linocut_s1337_Block_1_pos_00001_.png,rotations_block1_vs_block6 + rotations_triangolo,S02_linocut,1337,Block_1_pos,7dd546023fbbb43273872795f3b72c44d042c20b925ebc04e7d764421658b7b4
C:\StabilityMatrix-win-x64\Data\Packages\ComfyUI\output\rotations_block1_vs_block6\S02_linocut_s1337_Block_3_neg_00001_.png,C:\Users\aless\Desktop\diffusion-models-weight-steering-report\recovered_renders\rotations_block1_vs_block6\S02_linocut_s1337_Block_3_neg_00001_.png,rotations_block1_vs_block6,S02_linocut_s1337_Block_3_neg_00001_.png,rotations_triangolo,S02_linocut,1337,Block_3_neg,513045658c3c23cc14a15e2331c5e25dd766741e6ab1034f66b96285e42ab7d0
C:\StabilityMatrix-win-x64\Data\Packages\ComfyUI\output\rotations_block1_vs_block6\S02_linocut_s1337_Block_3_pos_00001_.png,C:\Users\aless\Desktop\diffusion-models-weight-steering-report\recovered_renders\rotations_block1_vs_block6\S02_linocut_s1337_Block_3_pos_00001_.png,rotations_block1_vs_block6,S02_linocut_s1337_Block_3_pos_00001_.png,rotations_triangolo,S02_linocut,1337,Block_3_pos,365504fb30cdc3f662b1495a0df0e5eda03146c3d9f8bae3658aee94f48a0a3d
C:\StabilityMatrix-win-x64\Data\Packages\ComfyUI\output\rotations_block1_vs_block6\S02_linocut_s1337_Block_6_neg_00001_.png,C:\Users\aless\Desktop\diffusion-models-weight-steering-report\recovered_renders\rotations_block1_vs_block6\S02_linocut_s1337_Block_6_neg_00001_.png,rotations_block1_vs_block6,S02_linocut_s1337_Block_6_neg_00001_.png,rotations_block1_vs_block6 + rotations_triangolo,S02_linocut,1337,Block_6_neg,e1ed7df675876e5ce3e03207e184aab69d2da4454f70a302e5edde3bc148db76
C:\StabilityMatrix-win-x64\Data\Packages\ComfyUI\output\rotations_block1_vs_block6\S02_linocut_s1337_Block_6_pos_00001_.png,C:\Users\aless\Desktop\diffusion-models-weight-steering-report\recovered_renders\rotations_block1_vs_block6\S02_linocut_s1337_Block_6_pos_00001_.png,rotations_block1_vs_block6,S02_linocut_s1337_Block_6_pos_00001_.png,rotations_block1_vs_block6 + rotations_triangolo,S02_linocut,1337,Block_6_pos,6d888c40621a3d6932f06db793cd78c214ef00cd944aea0c36e2e0aa64254d7a
C:\StabilityMatrix-win-x64\Data\Packages\ComfyUI\output\rotations_block1_vs_block6\S02_linocut_s1337_baseline_00001_.png,C:\Users\aless\Desktop\diffusion-models-weight-steering-report\recovered_renders\rotations_block1_vs_block6\S02_linocut_s1337_baseline_00001_.png,rotations_block1_vs_block6,S02_linocut_s1337_baseline_00001_.png,rotations_block1_vs_block6 + rotations_triangolo,S02_linocut,1337,baseline,61be101dff6496e696ad78c7b9838f11904b605af917befef5c5d3c1dc725548
C:\StabilityMatrix-win-x64\Data\Packages\ComfyUI\output\rotations_block1_vs_block6\S02_linocut_s1337_scramble_A_00001_.png,C:\Users\aless\Desktop\diffusion-models-weight-steering-report\recovered_renders\rotations_block1_vs_block6\S02_linocut_s1337_scramble_A_00001_.png,rotations_block1_vs_block6,S02_linocut_s1337_scramble_A_00001_.png,rotations_block1_vs_block6 + rotations_triangolo,S02_linocut,1337,scramble_A,276be99d50cc72a2c831e334e79d2eab8c049b3427ce46f8b828da95b5590e47
C:\StabilityMatrix-win-x64\Data\Packages\ComfyUI\output\rotations_block1_vs_block6\S02_linocut_s1337_scramble_B_00001_.png,C:\Users\aless\Desktop\diffusion-models-weight-steering-report\recovered_renders\rotations_block1_vs_block6\S02_linocut_s1337_scramble_B_00001_.png,rotations_block1_vs_block6,S02_linocut_s1337_scramble_B_00001_.png,rotations_block1_vs_block6 + rotations_triangolo,S02_linocut,1337,scramble_B,7943ae9085550ea348e459e66e8d1c6087261faa84a2e62bff93b3c5d4faeba9
C:\StabilityMatrix-win-x64\Data\Packages\ComfyUI\output\rotations_block1_vs_block6\S02_linocut_s1337_scramble_C_00001_.png,C:\Users\aless\Desktop\diffusion-models-weight-steering-report\recovered_renders\rotations_block1_vs_block6\S02_linocut_s1337_scramble_C_00001_.png,rotations_block1_vs_block6,S02_linocut_s1337_scramble_C_00001_.png,rotations_triangolo,S02_linocut,1337,scramble_C,d6ff66f9b4b16ae91c8ab2f676fd22eaea61b60963f7c4846fc6efe9b860c1d1
C:\StabilityMatrix-win-x64\Data\Packages\ComfyUI\output\rotations_block1_vs_block6\S02_linocut_s1337_scramble_D_00001_.png,C:\Users\aless\Desktop\diffusion-models-weight-steering-report\recovered_renders\rotations_block1_vs_block6\S02_linocut_s1337_scramble_D_00001_.png,rotations_block1_vs_block6,S02_linocut_s1337_scramble_D_00001_.png,rotations_triangolo,S02_linocut,1337,scramble_D,4d28775f8e0f0cadc7d42235bfc7c0d03dfcce1fca85985999f2fb0caf32aab1
C:\StabilityMatrix-win-x64\Data\Packages\ComfyUI\output\rotations_block1_vs_block6\S02_linocut_s4242145_Block_1_neg_00001_.png,C:\Users\aless\Desktop\diffusion-models-weight-steering-report\recovered_renders\rotations_block1_vs_block6\S02_linocut_s4242145_Block_1_neg_00001_.png,rotations_block1_vs_block6,S02_linocut_s4242145_Block_1_neg_00001_.png,rotations_block1_vs_block6 + rotations_triangolo,S02_linocut,4242145,Block_1_neg,5d1d465f4fef5b4f0732586dcf2a93c14317c59f214bb3208ba4c7ac0c59a080
C:\StabilityMatrix-win-x64\Data\Packages\ComfyUI\output\rotations_block1_vs_block6\S02_linocut_s4242145_Block_1_pos_00001_.png,C:\Users\aless\Desktop\diffusion-models-weight-steering-report\recovered_renders\rotations_block1_vs_block6\S02_linocut_s4242145_Block_1_pos_00001_.png,rotations_block1_vs_block6,S02_linocut_s4242145_Block_1_pos_00001_.png,rotations_block1_vs_block6 + rotations_triangolo,S02_linocut,4242145,Block_1_pos,498821b8a55f7ea859267bc214ff954bc9577474634e21dc8271b2a59a615477
C:\StabilityMatrix-win-x64\Data\Packages\ComfyUI\output\rotations_block1_vs_block6\S02_linocut_s4242145_Block_3_neg_00001_.png,C:\Users\aless\Desktop\diffusion-models-weight-steering-report\recovered_renders\rotations_block1_vs_block6\S02_linocut_s4242145_Block_3_neg_00001_.png,rotations_block1_vs_block6,S02_linocut_s4242145_Block_3_neg_00001_.png,rotations_triangolo,S02_linocut,4242145,Block_3_neg,9710635f5f69db7e9d7cb1974890be2b8e25221703e742f4811970db6894957c
C:\StabilityMatrix-win-x64\Data\Packages\ComfyUI\output\rotations_block1_vs_block6\S02_linocut_s4242145_Block_3_pos_00001_.png,C:\Users\aless\Desktop\diffusion-models-weight-steering-report\recovered_renders\rotations_block1_vs_block6\S02_linocut_s4242145_Block_3_pos_00001_.png,rotations_block1_vs_block6,S02_linocut_s4242145_Block_3_pos_00001_.png,rotations_triangolo,S02_linocut,4242145,Block_3_pos,a24503f19abe6c49b07087291162d710a3d0b2041b5f0af34bf3c4e21cc9a76e
C:\StabilityMatrix-win-x64\Data\Packages\ComfyUI\output\rotations_block1_vs_block6\S02_linocut_s4242145_Block_6_neg_00001_.png,C:\Users\aless\Desktop\diffusion-models-weight-steering-report\recovered_renders\rotations_block1_vs_block6\S02_linocut_s4242145_Block_6_neg_00001_.png,rotations_block1_vs_block6,S02_linocut_s4242145_Block_6_neg_00001_.png,rotations_block1_vs_block6 + rotations_triangolo,S02_linocut,4242145,Block_6_neg,d1e098fa20e0e5c116274f5f44f0aabb4cadcc98ce2289a0f0ef79190cf83f78
C:\StabilityMatrix-win-x64\Data\Packages\ComfyUI\output\rotations_block1_vs_block6\S02_linocut_s4242145_Block_6_pos_00001_.png,C:\Users\aless\Desktop\diffusion-models-weight-steering-report\recovered_renders\rotations_block1_vs_block6\S02_linocut_s4242145_Block_6_pos_00001_.png,rotations_block1_vs_block6,S02_linocut_s4242145_Block_6_pos_00001_.png,rotations_block1_vs_block6 + rotations_triangolo,S02_linocut,4242145,Block_6_pos,3e002310cf939925bbfc7c731611255e0bea8f06cc7206d296efa65cda7cbe37
C:\StabilityMatrix-win-x64\Data\Packages\ComfyUI\output\rotations_block1_vs_block6\S02_linocut_s4242145_baseline_00001_.png,C:\Users\aless\Desktop\diffusion-models-weight-steering-report\recovered_renders\rotations_block1_vs_block6\S02_linocut_s4242145_baseline_00001_.png,rotations_block1_vs_block6,S02_linocut_s4242145_baseline_00001_.png,rotations_block1_vs_block6 + rotations_triangolo,S02_linocut,4242145,baseline,9213d3be6f04bd13bd7c01670761a7f1c848c70ab61480c3dd409180cb3a280f
C:\StabilityMatrix-win-x64\Data\Packages\ComfyUI\output\rotations_block1_vs_block6\S02_linocut_s4242145_scramble_A_00001_.png,C:\Users\aless\Desktop\diffusion-models-weight-steering-report\recovered_renders\rotations_block1_vs_block6\S02_linocut_s4242145_scramble_A_00001_.png,rotations_block1_vs_block6,S02_linocut_s4242145_scramble_A_00001_.png,rotations_block1_vs_block6 + rotations_triangolo,S02_linocut,4242145,scramble_A,0bd9104443a4a3351b538664a267b57ca90ed28af769643dab3eaf30dcff1fa8
C:\StabilityMatrix-win-x64\Data\Packages\ComfyUI\output\rotations_block1_vs_block6\S02_linocut_s4242145_scramble_B_00001_.png,C:\Users\aless\Desktop\diffusion-models-weight-steering-report\recovered_renders\rotations_block1_vs_block6\S02_linocut_s4242145_scramble_B_00001_.png,rotations_block1_vs_block6,S02_linocut_s4242145_scramble_B_00001_.png,rotations_block1_vs_block6 + rotations_triangolo,S02_linocut,4242145,scramble_B,f16fd416a0837a2a1136f8c0abd907fdf7622cba051db7a109393c5e9b144d60
C:\StabilityMatrix-win-x64\Data\Packages\ComfyUI\output\rotations_block1_vs_block6\S02_linocut_s4242145_scramble_C_00001_.png,C:\Users\aless\Desktop\diffusion-models-weight-steering-report\recovered_renders\rotations_block1_vs_block6\S02_linocut_s4242145_scramble_C_00001_.png,rotations_block1_vs_block6,S02_linocut_s4242145_scramble_C_00001_.png,rotations_triangolo,S02_linocut,4242145,scramble_C,dd33d83054146e82dc40ec5b88d5b67e8e4d7d8a7e4835a7119cca2fd8a23a29
C:\StabilityMatrix-win-x64\Data\Packages\ComfyUI\output\rotations_block1_vs_block6\S02_linocut_s4242145_scramble_D_00001_.png,C:\Users\aless\Desktop\diffusion-models-weight-steering-report\recovered_renders\rotations_block1_vs_block6\S02_linocut_s4242145_scramble_D_00001_.png,rotations_block1_vs_block6,S02_linocut_s4242145_scramble_D_00001_.png,rotations_triangolo,S02_linocut,4242145,scramble_D,04a27249ae67af40d6e9aa590e9921a9ee87d8429bd7b6fee3e1b554d0f1994b
C:\StabilityMatrix-win-x64\Data\Packages\ComfyUI\output\rotations_block1_vs_block6\S02_linocut_s42_Block_1_neg_00001_.png,C:\Users\aless\Desktop\diffusion-models-weight-steering-report\recovered_renders\rotations_block1_vs_block6\S02_linocut_s42_Block_1_neg_00001_.png,rotations_block1_vs_block6,S02_linocut_s42_Block_1_neg_00001_.png,rotations_block1_vs_block6 + rotations_triangolo,S02_linocut,42,Block_1_neg,f70cad5e9487ddb53b17f172cdeea9408478fb226904c809eb1643c38f1514af
C:\StabilityMatrix-win-x64\Data\Packages\ComfyUI\output\rotations_block1_vs_block6\S02_linocut_s42_Block_1_pos_00001_.png,C:\Users\aless\Desktop\diffusion-models-weight-steering-report\recovered_renders\rotations_block1_vs_block6\S02_linocut_s42_Block_1_pos_00001_.png,rotations_block1_vs_block6,S02_linocut_s42_Block_1_pos_00001_.png,rotations_block1_vs_block6 + rotations_triangolo,S02_linocut,42,Block_1_pos,97be0fa9c47684e9ba382d3d1d9b3fe686a4653140039bfd78eaeb6ec7f9476c
C:\StabilityMatrix-win-x64\Data\Packages\ComfyUI\output\rotations_block1_vs_block6\S02_linocut_s42_Block_3_neg_00001_.png,C:\Users\aless\Desktop\diffusion-models-weight-steering-report\recovered_renders\rotations_block1_vs_block6\S02_linocut_s42_Block_3_neg_00001_.png,rotations_block1_vs_block6,S02_linocut_s42_Block_3_neg_00001_.png,rotations_triangolo,S02_linocut,42,Block_3_neg,11dcc70c292268b5de14db3fe915dc1c725cbd3a1a17a320eecf7a1be7da1baa
C:\StabilityMatrix-win-x64\Data\Packages\ComfyUI\output\rotations_block1_vs_block6\S02_linocut_s42_Block_3_pos_00001_.png,C:\Users\aless\Desktop\diffusion-models-weight-steering-report\recovered_renders\rotations_block1_vs_block6\S02_linocut_s42_Block_3_pos_00001_.png,rotations_block1_vs_block6,S02_linocut_s42_Block_3_pos_00001_.png,rotations_triangolo,S02_linocut,42,Block_3_pos,f224d97f003132869e8bb8bc9ee8c6a3159067a068e14cc17a869d2ed0aba59b
C:\StabilityMatrix-win-x64\Data\Packages\ComfyUI\output\rotations_block1_vs_block6\S02_linocut_s42_Block_6_neg_00001_.png,C:\Users\aless\Desktop\diffusion-models-weight-steering-report\recovered_renders\rotations_block1_vs_block6\S02_linocut_s42_Block_6_neg_00001_.png,rotations_block1_vs_block6,S02_linocut_s42_Block_6_neg_00001_.png,rotations_block1_vs_block6 + rotations_triangolo,S02_linocut,42,Block_6_neg,4af82566c67af4c1f298f04a60d5e8607ca8397f41d701d74acedc8c29fd2758
C:\StabilityMatrix-win-x64\Data\Packages\ComfyUI\output\rotations_block1_vs_block6\S02_linocut_s42_Block_6_pos_00001_.png,C:\Users\aless\Desktop\diffusion-models-weight-steering-report\recovered_renders\rotations_block1_vs_block6\S02_linocut_s42_Block_6_pos_00001_.png,rotations_block1_vs_block6,S02_linocut_s42_Block_6_pos_00001_.png,rotations_block1_vs_block6 + rotations_triangolo,S02_linocut,42,Block_6_pos,4bd269684728eeb5a51bf2af4c73580d7610c699c9420786c5eb301f5328c33c
C:\StabilityMatrix-win-x64\Data\Packages\ComfyUI\output\rotations_block1_vs_block6\S02_linocut_s42_baseline_00001_.png,C:\Users\aless\Desktop\diffusion-models-weight-steering-report\recovered_renders\rotations_block1_vs_block6\S02_linocut_s42_baseline_00001_.png,rotations_block1_vs_block6,S02_linocut_s42_baseline_00001_.png,rotations_block1_vs_block6 + rotations_triangolo,S02_linocut,42,baseline,55680a857886b6af86b59b083ce4fa721144a187da36eced0dd84b2057027f67
C:\StabilityMatrix-win-x64\Data\Packages\ComfyUI\output\rotations_block1_vs_block6\S02_linocut_s42_scramble_A_00001_.png,C:\Users\aless\Desktop\diffusion-models-weight-steering-report\recovered_renders\rotations_block1_vs_block6\S02_linocut_s42_scramble_A_00001_.png,rotations_block1_vs_block6,S02_linocut_s42_scramble_A_00001_.png,rotations_block1_vs_block6 + rotations_triangolo,S02_linocut,42,scramble_A,ec8bf7fe2ecba74c9a1d8f49fa9efeb111b0099179ddfc0e2986a32253d4a304
C:\StabilityMatrix-win-x64\Data\Packages\ComfyUI\output\rotations_block1_vs_block6\S02_linocut_s42_scramble_B_00001_.png,C:\Users\aless\Desktop\diffusion-models-weight-steering-report\recovered_renders\rotations_block1_vs_block6\S02_linocut_s42_scramble_B_00001_.png,rotations_block1_vs_block6,S02_linocut_s42_scramble_B_00001_.png,rotations_block1_vs_block6 + rotations_triangolo,S02_linocut,42,scramble_B,6fe08a394b29fd38e3d95d469013efae054fd9c141df7b4660ce39bbd334766a
C:\StabilityMatrix-win-x64\Data\Packages\ComfyUI\output\rotations_block1_vs_block6\S02_linocut_s42_scramble_C_00001_.png,C:\Users\aless\Desktop\diffusion-models-weight-steering-report\recovered_renders\rotations_block1_vs_block6\S02_linocut_s42_scramble_C_00001_.png,rotations_block1_vs_block6,S02_linocut_s42_scramble_C_00001_.png,rotations_triangolo,S02_linocut,42,scramble_C,9a68a57a1b198ef92c19bb096c3a9039d579edfaa907cd247f0d99d294d045fc
C:\StabilityMatrix-win-x64\Data\Packages\ComfyUI\output\rotations_block1_vs_block6\S02_linocut_s42_scramble_D_00001_.png,C:\Users\aless\Desktop\diffusion-models-weight-steering-report\recovered_renders\rotations_block1_vs_block6\S02_linocut_s42_scramble_D_00001_.png,rotations_block1_vs_block6,S02_linocut_s42_scramble_D_00001_.png,rotations_triangolo,S02_linocut,42,scramble_D,7e9cd07ec5ce268b7c1a35481bed2f8c32c916297876b7cf18690a2c08205ebf
C:\StabilityMatrix-win-x64\Data\Packages\ComfyUI\output\rotations_block1_vs_block6\S03_cyberpunk_s1337_Block_1_neg_00001_.png,C:\Users\aless\Desktop\diffusion-models-weight-steering-report\recovered_renders\rotations_block1_vs_block6\S03_cyberpunk_s1337_Block_1_neg_00001_.png,rotations_block1_vs_block6,S03_cyberpunk_s1337_Block_1_neg_00001_.png,rotations_block1_vs_block6 + rotations_triangolo,S03_cyberpunk,1337,Block_1_neg,e3eb39d4f415e123a5c6fc31d7a21393abeeb8764056952a198b8d220003e741
C:\StabilityMatrix-win-x64\Data\Packages\ComfyUI\output\rotations_block1_vs_block6\S03_cyberpunk_s1337_Block_1_pos_00001_.png,C:\Users\aless\Desktop\diffusion-models-weight-steering-report\recovered_renders\rotations_block1_vs_block6\S03_cyberpunk_s1337_Block_1_pos_00001_.png,rotations_block1_vs_block6,S03_cyberpunk_s1337_Block_1_pos_00001_.png,rotations_block1_vs_block6 + rotations_triangolo,S03_cyberpunk,1337,Block_1_pos,fd64ff0a2f7f6688ea06c417159363c1c49279e75afb734cea3673903a58f01c
C:\StabilityMatrix-win-x64\Data\Packages\ComfyUI\output\rotations_block1_vs_block6\S03_cyberpunk_s1337_Block_3_neg_00001_.png,C:\Users\aless\Desktop\diffusion-models-weight-steering-report\recovered_renders\rotations_block1_vs_block6\S03_cyberpunk_s1337_Block_3_neg_00001_.png,rotations_block1_vs_block6,S03_cyberpunk_s1337_Block_3_neg_00001_.png,rotations_triangolo,S03_cyberpunk,1337,Block_3_neg,1201f2194f60bbdcc1eec91035ae1042418d81747690312fc9335178d0b41258
C:\StabilityMatrix-win-x64\Data\Packages\ComfyUI\output\rotations_block1_vs_block6\S03_cyberpunk_s1337_Block_3_pos_00001_.png,C:\Users\aless\Desktop\diffusion-models-weight-steering-report\recovered_renders\rotations_block1_vs_block6\S03_cyberpunk_s1337_Block_3_pos_00001_.png,rotations_block1_vs_block6,S03_cyberpunk_s1337_Block_3_pos_00001_.png,rotations_triangolo,S03_cyberpunk,1337,Block_3_pos,bf08eedc4ddb4356539832ac5dd241a75d2917b2c12fcfb2dbbe6eda1469ce73
C:\StabilityMatrix-win-x64\Data\Packages\ComfyUI\output\rotations_block1_vs_block6\S03_cyberpunk_s1337_Block_6_neg_00001_.png,C:\Users\aless\Desktop\diffusion-models-weight-steering-report\recovered_renders\rotations_block1_vs_block6\S03_cyberpunk_s1337_Block_6_neg_00001_.png,rotations_block1_vs_block6,S03_cyberpunk_s1337_Block_6_neg_00001_.png,rotations_block1_vs_block6 + rotations_triangolo,S03_cyberpunk,1337,Block_6_neg,2fb7994f04b5b8b564e7b1ff5738a3024fb806b7b349cb5f206c55430d1f3198
C:\StabilityMatrix-win-x64\Data\Packages\ComfyUI\output\rotations_block1_vs_block6\S03_cyberpunk_s1337_Block_6_pos_00001_.png,C:\Users\aless\Desktop\diffusion-models-weight-steering-report\recovered_renders\rotations_block1_vs_block6\S03_cyberpunk_s1337_Block_6_pos_00001_.png,rotations_block1_vs_block6,S03_cyberpunk_s1337_Block_6_pos_00001_.png,rotations_block1_vs_block6 + rotations_triangolo,S03_cyberpunk,1337,Block_6_pos,bedf6430385dfaf5fe65838cfcab9fe1971ef81e16b20b21cb70d980df8d074b
C:\StabilityMatrix-win-x64\Data\Packages\ComfyUI\output\rotations_block1_vs_block6\S03_cyberpunk_s1337_baseline_00001_.png,C:\Users\aless\Desktop\diffusion-models-weight-steering-report\recovered_renders\rotations_block1_vs_block6\S03_cyberpunk_s1337_baseline_00001_.png,rotations_block1_vs_block6,S03_cyberpunk_s1337_baseline_00001_.png,rotations_block1_vs_block6 + rotations_triangolo,S03_cyberpunk,1337,baseline,d85dc90ebb0ae72bad0ad3e0c56c65019514a54d74be9bee1cf95aa0d83cdd6d
C:\StabilityMatrix-win-x64\Data\Packages\ComfyUI\output\rotations_block1_vs_block6\S03_cyberpunk_s1337_scramble_A_00001_.png,C:\Users\aless\Desktop\diffusion-models-weight-steering-report\recovered_renders\rotations_block1_vs_block6\S03_cyberpunk_s1337_scramble_A_00001_.png,rotations_block1_vs_block6,S03_cyberpunk_s1337_scramble_A_00001_.png,rotations_block1_vs_block6 + rotations_triangolo,S03_cyberpunk,1337,scramble_A,fbaff82b1819e85078134fe0eab7fad6b5b83445084518913d562c3e06f939f5
C:\StabilityMatrix-win-x64\Data\Packages\ComfyUI\output\rotations_block1_vs_block6\S03_cyberpunk_s1337_scramble_B_00001_.png,C:\Users\aless\Desktop\diffusion-models-weight-steering-report\recovered_renders\rotations_block1_vs_block6\S03_cyberpunk_s1337_scramble_B_00001_.png,rotations_block1_vs_block6,S03_cyberpunk_s1337_scramble_B_00001_.png,rotations_block1_vs_block6 + rotations_triangolo,S03_cyberpunk,1337,scramble_B,342bb32dd7dda43a32798d192d6a1ea52e32f90fa3410075b6b4f5d3aaecbc00
C:\StabilityMatrix-win-x64\Data\Packages\ComfyUI\output\rotations_block1_vs_block6\S03_cyberpunk_s1337_scramble_C_00001_.png,C:\Users\aless\Desktop\diffusion-models-weight-steering-report\recovered_renders\rotations_block1_vs_block6\S03_cyberpunk_s1337_scramble_C_00001_.png,rotations_block1_vs_block6,S03_cyberpunk_s1337_scramble_C_00001_.png,rotations_triangolo,S03_cyberpunk,1337,scramble_C,fac95962958d930224037ad86351c3e2fb5c6ad6807a1fbc9525b9a84342b995
C:\StabilityMatrix-win-x64\Data\Packages\ComfyUI\output\rotations_block1_vs_block6\S03_cyberpunk_s1337_scramble_D_00001_.png,C:\Users\aless\Desktop\diffusion-models-weight-steering-report\recovered_renders\rotations_block1_vs_block6\S03_cyberpunk_s1337_scramble_D_00001_.png,rotations_block1_vs_block6,S03_cyberpunk_s1337_scramble_D_00001_.png,rotations_triangolo,S03_cyberpunk,1337,scramble_D,e452154ba11c720340a9c2289984a070a78f7f01c248cb11000c5d8b31d464cc
C:\StabilityMatrix-win-x64\Data\Packages\ComfyUI\output\rotations_block1_vs_block6\S03_cyberpunk_s4242145_Block_1_neg_00001_.png,C:\Users\aless\Desktop\diffusion-models-weight-steering-report\recovered_renders\rotations_block1_vs_block6\S03_cyberpunk_s4242145_Block_1_neg_00001_.png,rotations_block1_vs_block6,S03_cyberpunk_s4242145_Block_1_neg_00001_.png,rotations_block1_vs_block6 + rotations_triangolo,S03_cyberpunk,4242145,Block_1_neg,fb848de8ef16366a7dddda44c621f0a27482cc689e6f9f3859923c1404877855
C:\StabilityMatrix-win-x64\Data\Packages\ComfyUI\output\rotations_block1_vs_block6\S03_cyberpunk_s4242145_Block_1_pos_00001_.png,C:\Users\aless\Desktop\diffusion-models-weight-steering-report\recovered_renders\rotations_block1_vs_block6\S03_cyberpunk_s4242145_Block_1_pos_00001_.png,rotations_block1_vs_block6,S03_cyberpunk_s4242145_Block_1_pos_00001_.png,rotations_block1_vs_block6 + rotations_triangolo,S03_cyberpunk,4242145,Block_1_pos,f69ac5984472b59d31f642e591870d1fbe92f105840b7aa76195ff697b2f59d5
C:\StabilityMatrix-win-x64\Data\Packages\ComfyUI\output\rotations_block1_vs_block6\S03_cyberpunk_s4242145_Block_3_neg_00001_.png,C:\Users\aless\Desktop\diffusion-models-weight-steering-report\recovered_renders\rotations_block1_vs_block6\S03_cyberpunk_s4242145_Block_3_neg_00001_.png,rotations_block1_vs_block6,S03_cyberpunk_s4242145_Block_3_neg_00001_.png,rotations_triangolo,S03_cyberpunk,4242145,Block_3_neg,cdd2407fcdba43ed382bd7eabb36954afd3c3f21ddaee1c17a33dfb1de66d378
C:\StabilityMatrix-win-x64\Data\Packages\ComfyUI\output\rotations_block1_vs_block6\S03_cyberpunk_s4242145_Block_3_pos_00001_.png,C:\Users\aless\Desktop\diffusion-models-weight-steering-report\recovered_renders\rotations_block1_vs_block6\S03_cyberpunk_s4242145_Block_3_pos_00001_.png,rotations_block1_vs_block6,S03_cyberpunk_s4242145_Block_3_pos_00001_.png,rotations_triangolo,S03_cyberpunk,4242145,Block_3_pos,e6fe3fe0a4b2f7aa24be895663e14c6dd2241c41060ff8d5530879588954e89a
C:\StabilityMatrix-win-x64\Data\Packages\ComfyUI\output\rotations_block1_vs_block6\S03_cyberpunk_s4242145_Block_6_neg_00001_.png,C:\Users\aless\Desktop\diffusion-models-weight-steering-report\recovered_renders\rotations_block1_vs_block6\S03_cyberpunk_s4242145_Block_6_neg_00001_.png,rotations_block1_vs_block6,S03_cyberpunk_s4242145_Block_6_neg_00001_.png,rotations_block1_vs_block6 + rotations_triangolo,S03_cyberpunk,4242145,Block_6_neg,3c5b0ef43872cb7c38a2bcbbf406cf2347c9a533b788a5cb0f8f6d30d13f7c3d
C:\StabilityMatrix-win-x64\Data\Packages\ComfyUI\output\rotations_block1_vs_block6\S03_cyberpunk_s4242145_Block_6_pos_00001_.png,C:\Users\aless\Desktop\diffusion-models-weight-steering-report\recovered_renders\rotations_block1_vs_block6\S03_cyberpunk_s4242145_Block_6_pos_00001_.png,rotations_block1_vs_block6,S03_cyberpunk_s4242145_Block_6_pos_00001_.png,rotations_block1_vs_block6 + rotations_triangolo,S03_cyberpunk,4242145,Block_6_pos,b1e03a7fbc9b41ae704a21e74410557eea8b8905504d64d057b6ab98f4e4ed39
C:\StabilityMatrix-win-x64\Data\Packages\ComfyUI\output\rotations_block1_vs_block6\S03_cyberpunk_s4242145_baseline_00001_.png,C:\Users\aless\Desktop\diffusion-models-weight-steering-report\recovered_renders\rotations_block1_vs_block6\S03_cyberpunk_s4242145_baseline_00001_.png,rotations_block1_vs_block6,S03_cyberpunk_s4242145_baseline_00001_.png,rotations_block1_vs_block6 + rotations_triangolo,S03_cyberpunk,4242145,baseline,32f0b1705b15a3cd30466473d83fb6796f3fa32c7644bdc65b4019b7ec578119
C:\StabilityMatrix-win-x64\Data\Packages\ComfyUI\output\rotations_block1_vs_block6\S03_cyberpunk_s4242145_scramble_A_00001_.png,C:\Users\aless\Desktop\diffusion-models-weight-steering-report\recovered_renders\rotations_block1_vs_block6\S03_cyberpunk_s4242145_scramble_A_00001_.png,rotations_block1_vs_block6,S03_cyberpunk_s4242145_scramble_A_00001_.png,rotations_block1_vs_block6 + rotations_triangolo,S03_cyberpunk,4242145,scramble_A,02346ea6f69e62f83fca31b8294570a7a85863640a3dbbf20a1da0b85d569da3
C:\StabilityMatrix-win-x64\Data\Packages\ComfyUI\output\rotations_block1_vs_block6\S03_cyberpunk_s4242145_scramble_B_00001_.png,C:\Users\aless\Desktop\diffusion-models-weight-steering-report\recovered_renders\rotations_block1_vs_block6\S03_cyberpunk_s4242145_scramble_B_00001_.png,rotations_block1_vs_block6,S03_cyberpunk_s4242145_scramble_B_00001_.png,rotations_block1_vs_block6 + rotations_triangolo,S03_cyberpunk,4242145,scramble_B,6504b6daa094e52d59f2261e79c9c4f11eb0224308916e3257c2463b2f336f20
C:\StabilityMatrix-win-x64\Data\Packages\ComfyUI\output\rotations_block1_vs_block6\S03_cyberpunk_s4242145_scramble_C_00001_.png,C:\Users\aless\Desktop\diffusion-models-weight-steering-report\recovered_renders\rotations_block1_vs_block6\S03_cyberpunk_s4242145_scramble_C_00001_.png,rotations_block1_vs_block6,S03_cyberpunk_s4242145_scramble_C_00001_.png,rotations_triangolo,S03_cyberpunk,4242145,scramble_C,c9bf77874e476de4aa20b4ee531f0bbf2e893b72a046d0bdae7c8fa52ee531d2
C:\StabilityMatrix-win-x64\Data\Packages\ComfyUI\output\rotations_block1_vs_block6\S03_cyberpunk_s4242145_scramble_D_00001_.png,C:\Users\aless\Desktop\diffusion-models-weight-steering-report\recovered_renders\rotations_block1_vs_block6\S03_cyberpunk_s4242145_scramble_D_00001_.png,rotations_block1_vs_block6,S03_cyberpunk_s4242145_scramble_D_00001_.png,rotations_triangolo,S03_cyberpunk,4242145,scramble_D,58dc73572fa49f28be01981ff67ca20b54c96adf87e977d257f7c82e9fd72026
C:\StabilityMatrix-win-x64\Data\Packages\ComfyUI\output\rotations_block1_vs_block6\S03_cyberpunk_s42_Block_1_neg_00001_.png,C:\Users\aless\Desktop\diffusion-models-weight-steering-report\recovered_renders\rotations_block1_vs_block6\S03_cyberpunk_s42_Block_1_neg_00001_.png,rotations_block1_vs_block6,S03_cyberpunk_s42_Block_1_neg_00001_.png,rotations_block1_vs_block6 + rotations_triangolo,S03_cyberpunk,42,Block_1_neg,0315da356e341bf9df9bda8ffafc105cc8756ccc22d1830d11f8635f8b01899e
C:\StabilityMatrix-win-x64\Data\Packages\ComfyUI\output\rotations_block1_vs_block6\S03_cyberpunk_s42_Block_1_pos_00001_.png,C:\Users\aless\Desktop\diffusion-models-weight-steering-report\recovered_renders\rotations_block1_vs_block6\S03_cyberpunk_s42_Block_1_pos_00001_.png,rotations_block1_vs_block6,S03_cyberpunk_s42_Block_1_pos_00001_.png,rotations_block1_vs_block6 + rotations_triangolo,S03_cyberpunk,42,Block_1_pos,f2157d8ec4c0a29317bf907f7e44ef1116ce2ecdee1e379dc37dd435a6f1bb89
C:\StabilityMatrix-win-x64\Data\Packages\ComfyUI\output\rotations_block1_vs_block6\S03_cyberpunk_s42_Block_3_neg_00001_.png,C:\Users\aless\Desktop\diffusion-models-weight-steering-report\recovered_renders\rotations_block1_vs_block6\S03_cyberpunk_s42_Block_3_neg_00001_.png,rotations_block1_vs_block6,S03_cyberpunk_s42_Block_3_neg_00001_.png,rotations_triangolo,S03_cyberpunk,42,Block_3_neg,6fc2847f3c6b4c92dcb5f600b93c0ce2d01150a295a3052bee8e2ed73fceaa7c
C:\StabilityMatrix-win-x64\Data\Packages\ComfyUI\output\rotations_block1_vs_block6\S03_cyberpunk_s42_Block_3_pos_00001_.png,C:\Users\aless\Desktop\diffusion-models-weight-steering-report\recovered_renders\rotations_block1_vs_block6\S03_cyberpunk_s42_Block_3_pos_00001_.png,rotations_block1_vs_block6,S03_cyberpunk_s42_Block_3_pos_00001_.png,rotations_triangolo,S03_cyberpunk,42,Block_3_pos,bffe2b561bbf7fa83a999056328bd4076ef80d83de8fc072e903e933f8ca89fb
C:\StabilityMatrix-win-x64\Data\Packages\ComfyUI\output\rotations_block1_vs_block6\S03_cyberpunk_s42_Block_6_neg_00001_.png,C:\Users\aless\Desktop\diffusion-models-weight-steering-report\recovered_renders\rotations_block1_vs_block6\S03_cyberpunk_s42_Block_6_neg_00001_.png,rotations_block1_vs_block6,S03_cyberpunk_s42_Block_6_neg_00001_.png,rotations_block1_vs_block6 + rotations_triangolo,S03_cyberpunk,42,Block_6_neg,c30142a1a1f8be535c13e37e2030525e2bf098470bc2f852027745fafbdb7711
C:\StabilityMatrix-win-x64\Data\Packages\ComfyUI\output\rotations_block1_vs_block6\S03_cyberpunk_s42_Block_6_pos_00001_.png,C:\Users\aless\Desktop\diffusion-models-weight-steering-report\recovered_renders\rotations_block1_vs_block6\S03_cyberpunk_s42_Block_6_pos_00001_.png,rotations_block1_vs_block6,S03_cyberpunk_s42_Block_6_pos_00001_.png,rotations_block1_vs_block6 + rotations_triangolo,S03_cyberpunk,42,Block_6_pos,5fbbd367119ddf728d0f49a58febea304712785bca12a92c9aa3502eef6c117f
C:\StabilityMatrix-win-x64\Data\Packages\ComfyUI\output\rotations_block1_vs_block6\S03_cyberpunk_s42_baseline_00001_.png,C:\Users\aless\Desktop\diffusion-models-weight-steering-report\recovered_renders\rotations_block1_vs_block6\S03_cyberpunk_s42_baseline_00001_.png,rotations_block1_vs_block6,S03_cyberpunk_s42_baseline_00001_.png,rotations_block1_vs_block6 + rotations_triangolo,S03_cyberpunk,42,baseline,a84749b4fe257a45eb3f55a48f91701f1f86c74a6d1ea9d3a059261daaef5bfe
C:\StabilityMatrix-win-x64\Data\Packages\ComfyUI\output\rotations_block1_vs_block6\S03_cyberpunk_s42_scramble_A_00001_.png,C:\Users\aless\Desktop\diffusion-models-weight-steering-report\recovered_renders\rotations_block1_vs_block6\S03_cyberpunk_s42_scramble_A_00001_.png,rotations_block1_vs_block6,S03_cyberpunk_s42_scramble_A_00001_.png,rotations_block1_vs_block6 + rotations_triangolo,S03_cyberpunk,42,scramble_A,c5bd684a204321064c5c2b218c73cb944220b02636fef662207bdf2f3dade51b
C:\StabilityMatrix-win-x64\Data\Packages\ComfyUI\output\rotations_block1_vs_block6\S03_cyberpunk_s42_scramble_B_00001_.png,C:\Users\aless\Desktop\diffusion-models-weight-steering-report\recovered_renders\rotations_block1_vs_block6\S03_cyberpunk_s42_scramble_B_00001_.png,rotations_block1_vs_block6,S03_cyberpunk_s42_scramble_B_00001_.png,rotations_block1_vs_block6 + rotations_triangolo,S03_cyberpunk,42,scramble_B,719e584f5b63486d0e98ed09e918d7eafb4532e4412af866a35253da9d003f9c
C:\StabilityMatrix-win-x64\Data\Packages\ComfyUI\output\rotations_block1_vs_block6\S03_cyberpunk_s42_scramble_C_00001_.png,C:\Users\aless\Desktop\diffusion-models-weight-steering-report\recovered_renders\rotations_block1_vs_block6\S03_cyberpunk_s42_scramble_C_00001_.png,rotations_block1_vs_block6,S03_cyberpunk_s42_scramble_C_00001_.png,rotations_triangolo,S03_cyberpunk,42,scramble_C,2f53b07175fa8494f0e4f3982e5fca9d90a582f681f04e6ddfc7856a092b03ab
C:\StabilityMatrix-win-x64\Data\Packages\ComfyUI\output\rotations_block1_vs_block6\S03_cyberpunk_s42_scramble_D_00001_.png,C:\Users\aless\Desktop\diffusion-models-weight-steering-report\recovered_renders\rotations_block1_vs_block6\S03_cyberpunk_s42_scramble_D_00001_.png,rotations_block1_vs_block6,S03_cyberpunk_s42_scramble_D_00001_.png,rotations_triangolo,S03_cyberpunk,42,scramble_D,8a6a9410566fa354e162aff9b321ef9db8268e33bccfc9b50843d661ff17ff4e
C:\StabilityMatrix-win-x64\Data\Packages\ComfyUI\output\rotations_block1_vs_block6\S04_gouache_s1337_Block_1_neg_00001_.png,C:\Users\aless\Desktop\diffusion-models-weight-steering-report\recovered_renders\rotations_block1_vs_block6\S04_gouache_s1337_Block_1_neg_00001_.png,rotations_block1_vs_block6,S04_gouache_s1337_Block_1_neg_00001_.png,rotations_block1_vs_block6 + rotations_triangolo,S04_gouache,1337,Block_1_neg,1afb8cd685303b6fe3b2c69f386334fa45f9e53537b8ff14c002c90982069f5b
C:\StabilityMatrix-win-x64\Data\Packages\ComfyUI\output\rotations_block1_vs_block6\S04_gouache_s1337_Block_1_pos_00001_.png,C:\Users\aless\Desktop\diffusion-models-weight-steering-report\recovered_renders\rotations_block1_vs_block6\S04_gouache_s1337_Block_1_pos_00001_.png,rotations_block1_vs_block6,S04_gouache_s1337_Block_1_pos_00001_.png,rotations_block1_vs_block6 + rotations_triangolo,S04_gouache,1337,Block_1_pos,24f98e84d0d7b55d837b35f97bb86358feeb7e028d15f4c070a209d1edaf1572
C:\StabilityMatrix-win-x64\Data\Packages\ComfyUI\output\rotations_block1_vs_block6\S04_gouache_s1337_Block_3_neg_00001_.png,C:\Users\aless\Desktop\diffusion-models-weight-steering-report\recovered_renders\rotations_block1_vs_block6\S04_gouache_s1337_Block_3_neg_00001_.png,rotations_block1_vs_block6,S04_gouache_s1337_Block_3_neg_00001_.png,rotations_triangolo,S04_gouache,1337,Block_3_neg,cb4acd77de9f516ae30c254e536b7f1897016535a2d8b95acfee1d3bcb4542c3
C:\StabilityMatrix-win-x64\Data\Packages\ComfyUI\output\rotations_block1_vs_block6\S04_gouache_s1337_Block_3_pos_00001_.png,C:\Users\aless\Desktop\diffusion-models-weight-steering-report\recovered_renders\rotations_block1_vs_block6\S04_gouache_s1337_Block_3_pos_00001_.png,rotations_block1_vs_block6,S04_gouache_s1337_Block_3_pos_00001_.png,rotations_triangolo,S04_gouache,1337,Block_3_pos,baa89c3baf11247da0fe38637a29002a02152de76de563cd288c6d591595adac
C:\StabilityMatrix-win-x64\Data\Packages\ComfyUI\output\rotations_block1_vs_block6\S04_gouache_s1337_Block_6_neg_00001_.png,C:\Users\aless\Desktop\diffusion-models-weight-steering-report\recovered_renders\rotations_block1_vs_block6\S04_gouache_s1337_Block_6_neg_00001_.png,rotations_block1_vs_block6,S04_gouache_s1337_Block_6_neg_00001_.png,rotations_block1_vs_block6 + rotations_triangolo,S04_gouache,1337,Block_6_neg,a7bf689734fe5b600b99c125f0b922ad25805bf8269b4b8abef74b5cf18175a1
C:\StabilityMatrix-win-x64\Data\Packages\ComfyUI\output\rotations_block1_vs_block6\S04_gouache_s1337_Block_6_pos_00001_.png,C:\Users\aless\Desktop\diffusion-models-weight-steering-report\recovered_renders\rotations_block1_vs_block6\S04_gouache_s1337_Block_6_pos_00001_.png,rotations_block1_vs_block6,S04_gouache_s1337_Block_6_pos_00001_.png,rotations_block1_vs_block6 + rotations_triangolo,S04_gouache,1337,Block_6_pos,1101f535f53d5101418a9b7483781de9113165371ed3930a02a711768f1015c3
C:\StabilityMatrix-win-x64\Data\Packages\ComfyUI\output\rotations_block1_vs_block6\S04_gouache_s1337_baseline_00001_.png,C:\Users\aless\Desktop\diffusion-models-weight-steering-report\recovered_renders\rotations_block1_vs_block6\S04_gouache_s1337_baseline_00001_.png,rotations_block1_vs_block6,S04_gouache_s1337_baseline_00001_.png,rotations_block1_vs_block6 + rotations_triangolo,S04_gouache,1337,baseline,1b1ae86ebce3dace9c7708f2bc6d5e83851533fb94ac848e02e018d4d5b4426b
C:\StabilityMatrix-win-x64\Data\Packages\ComfyUI\output\rotations_block1_vs_block6\S04_gouache_s1337_scramble_A_00001_.png,C:\Users\aless\Desktop\diffusion-models-weight-steering-report\recovered_renders\rotations_block1_vs_block6\S04_gouache_s1337_scramble_A_00001_.png,rotations_block1_vs_block6,S04_gouache_s1337_scramble_A_00001_.png,rotations_block1_vs_block6 + rotations_triangolo,S04_gouache,1337,scramble_A,0437703ebbc344b9d2c6439557f89c908be72bc2cc53a04b553fd17c752952db
C:\StabilityMatrix-win-x64\Data\Packages\ComfyUI\output\rotations_block1_vs_block6\S04_gouache_s1337_scramble_B_00001_.png,C:\Users\aless\Desktop\diffusion-models-weight-steering-report\recovered_renders\rotations_block1_vs_block6\S04_gouache_s1337_scramble_B_00001_.png,rotations_block1_vs_block6,S04_gouache_s1337_scramble_B_00001_.png,rotations_block1_vs_block6 + rotations_triangolo,S04_gouache,1337,scramble_B,5fefa91feb20962bc3a2eed088561acc7762d49cbaccecc6e070650f569bd886
C:\StabilityMatrix-win-x64\Data\Packages\ComfyUI\output\rotations_block1_vs_block6\S04_gouache_s1337_scramble_C_00001_.png,C:\Users\aless\Desktop\diffusion-models-weight-steering-report\recovered_renders\rotations_block1_vs_block6\S04_gouache_s1337_scramble_C_00001_.png,rotations_block1_vs_block6,S04_gouache_s1337_scramble_C_00001_.png,rotations_triangolo,S04_gouache,1337,scramble_C,81cb2d3eaa38008596e52af4ef4e90d6ea2dbee4c0dede861abdc9c0d35d6586
C:\StabilityMatrix-win-x64\Data\Packages\ComfyUI\output\rotations_block1_vs_block6\S04_gouache_s1337_scramble_D_00001_.png,C:\Users\aless\Desktop\diffusion-models-weight-steering-report\recovered_renders\rotations_block1_vs_block6\S04_gouache_s1337_scramble_D_00001_.png,rotations_block1_vs_block6,S04_gouache_s1337_scramble_D_00001_.png,rotations_triangolo,S04_gouache,1337,scramble_D,3b0a6c5fddd772559ba37263a3d46e878390becd66585b9635e90b799c4a30e5
C:\StabilityMatrix-win-x64\Data\Packages\ComfyUI\output\rotations_block1_vs_block6\S04_gouache_s4242145_Block_1_neg_00001_.png,C:\Users\aless\Desktop\diffusion-models-weight-steering-report\recovered_renders\rotations_block1_vs_block6\S04_gouache_s4242145_Block_1_neg_00001_.png,rotations_block1_vs_block6,S04_gouache_s4242145_Block_1_neg_00001_.png,rotations_block1_vs_block6 + rotations_triangolo,S04_gouache,4242145,Block_1_neg,ee05db6decbfde7dd104add9be45f2fdffce7ec58c22ebecab271486515440d2
C:\StabilityMatrix-win-x64\Data\Packages\ComfyUI\output\rotations_block1_vs_block6\S04_gouache_s4242145_Block_1_pos_00001_.png,C:\Users\aless\Desktop\diffusion-models-weight-steering-report\recovered_renders\rotations_block1_vs_block6\S04_gouache_s4242145_Block_1_pos_00001_.png,rotations_block1_vs_block6,S04_gouache_s4242145_Block_1_pos_00001_.png,rotations_block1_vs_block6 + rotations_triangolo,S04_gouache,4242145,Block_1_pos,4ea92155d0834d867f70645af0cea8afeb5ebd5e2a08bc67aa3511d9aacf61d6
C:\StabilityMatrix-win-x64\Data\Packages\ComfyUI\output\rotations_block1_vs_block6\S04_gouache_s4242145_Block_3_neg_00001_.png,C:\Users\aless\Desktop\diffusion-models-weight-steering-report\recovered_renders\rotations_block1_vs_block6\S04_gouache_s4242145_Block_3_neg_00001_.png,rotations_block1_vs_block6,S04_gouache_s4242145_Block_3_neg_00001_.png,rotations_triangolo,S04_gouache,4242145,Block_3_neg,4a85824b2d2e0ba773111d71f8a935e9ab27ab76d1f06da48533e221592088f7
C:\StabilityMatrix-win-x64\Data\Packages\ComfyUI\output\rotations_block1_vs_block6\S04_gouache_s4242145_Block_3_pos_00001_.png,C:\Users\aless\Desktop\diffusion-models-weight-steering-report\recovered_renders\rotations_block1_vs_block6\S04_gouache_s4242145_Block_3_pos_00001_.png,rotations_block1_vs_block6,S04_gouache_s4242145_Block_3_pos_00001_.png,rotations_triangolo,S04_gouache,4242145,Block_3_pos,612c9452f887e81cd35049397ce875316ef48e8886ac915154cedf5d9d9a600f
C:\StabilityMatrix-win-x64\Data\Packages\ComfyUI\output\rotations_block1_vs_block6\S04_gouache_s4242145_Block_6_neg_00001_.png,C:\Users\aless\Desktop\diffusion-models-weight-steering-report\recovered_renders\rotations_block1_vs_block6\S04_gouache_s4242145_Block_6_neg_00001_.png,rotations_block1_vs_block6,S04_gouache_s4242145_Block_6_neg_00001_.png,rotations_block1_vs_block6 + rotations_triangolo,S04_gouache,4242145,Block_6_neg,54d99fd410c90019abe1fdad05981e4f9afbe18c8535a6609cca4c44ec021412
C:\StabilityMatrix-win-x64\Data\Packages\ComfyUI\output\rotations_block1_vs_block6\S04_gouache_s4242145_Block_6_pos_00001_.png,C:\Users\aless\Desktop\diffusion-models-weight-steering-report\recovered_renders\rotations_block1_vs_block6\S04_gouache_s4242145_Block_6_pos_00001_.png,rotations_block1_vs_block6,S04_gouache_s4242145_Block_6_pos_00001_.png,rotations_block1_vs_block6 + rotations_triangolo,S04_gouache,4242145,Block_6_pos,5a2ef4b4cb9a43ed310adac164ddcf34850ccd0a97f5264f78142a957fefea19
C:\StabilityMatrix-win-x64\Data\Packages\ComfyUI\output\rotations_block1_vs_block6\S04_gouache_s4242145_baseline_00001_.png,C:\Users\aless\Desktop\diffusion-models-weight-steering-report\recovered_renders\rotations_block1_vs_block6\S04_gouache_s4242145_baseline_00001_.png,rotations_block1_vs_block6,S04_gouache_s4242145_baseline_00001_.png,rotations_block1_vs_block6 + rotations_triangolo,S04_gouache,4242145,baseline,73cbb687b8d983376a8e0406855ef9ece2dab4d06f5de7cbb3d3fa69037812a6
C:\StabilityMatrix-win-x64\Data\Packages\ComfyUI\output\rotations_block1_vs_block6\S04_gouache_s4242145_scramble_A_00001_.png,C:\Users\aless\Desktop\diffusion-models-weight-steering-report\recovered_renders\rotations_block1_vs_block6\S04_gouache_s4242145_scramble_A_00001_.png,rotations_block1_vs_block6,S04_gouache_s4242145_scramble_A_00001_.png,rotations_block1_vs_block6 + rotations_triangolo,S04_gouache,4242145,scramble_A,831645ff89e49018d8913f7f73e8f6d9da8d85c9c40f3c0e53b6dc1cb157a1d4
C:\StabilityMatrix-win-x64\Data\Packages\ComfyUI\output\rotations_block1_vs_block6\S04_gouache_s4242145_scramble_B_00001_.png,C:\Users\aless\Desktop\diffusion-models-weight-steering-report\recovered_renders\rotations_block1_vs_block6\S04_gouache_s4242145_scramble_B_00001_.png,rotations_block1_vs_block6,S04_gouache_s4242145_scramble_B_00001_.png,rotations_block1_vs_block6 + rotations_triangolo,S04_gouache,4242145,scramble_B,892691c8dd501defd64ced67fa40b6d6f056985ff811da02f67ba22224ac0d32
C:\StabilityMatrix-win-x64\Data\Packages\ComfyUI\output\rotations_block1_vs_block6\S04_gouache_s4242145_scramble_C_00001_.png,C:\Users\aless\Desktop\diffusion-models-weight-steering-report\recovered_renders\rotations_block1_vs_block6\S04_gouache_s4242145_scramble_C_00001_.png,rotations_block1_vs_block6,S04_gouache_s4242145_scramble_C_00001_.png,rotations_triangolo,S04_gouache,4242145,scramble_C,106c5651a9b03e8d73721122220740689cbbd769189ba1b964cdc0c36425d25f
C:\StabilityMatrix-win-x64\Data\Packages\ComfyUI\output\rotations_block1_vs_block6\S04_gouache_s4242145_scramble_D_00001_.png,C:\Users\aless\Desktop\diffusion-models-weight-steering-report\recovered_renders\rotations_block1_vs_block6\S04_gouache_s4242145_scramble_D_00001_.png,rotations_block1_vs_block6,S04_gouache_s4242145_scramble_D_00001_.png,rotations_triangolo,S04_gouache,4242145,scramble_D,8e2cbd329080765a107fb64f516c6a80909392df4e0da0646fc03aa3e1a64542
C:\StabilityMatrix-win-x64\Data\Packages\ComfyUI\output\rotations_block1_vs_block6\S04_gouache_s42_Block_1_neg_00001_.png,C:\Users\aless\Desktop\diffusion-models-weight-steering-report\recovered_renders\rotations_block1_vs_block6\S04_gouache_s42_Block_1_neg_00001_.png,rotations_block1_vs_block6,S04_gouache_s42_Block_1_neg_00001_.png,rotations_block1_vs_block6 + rotations_triangolo,S04_gouache,42,Block_1_neg,edcae4708642ad8440ae4eaec923140b40fb74fc52045a198fcd67c04ec5d313
C:\StabilityMatrix-win-x64\Data\Packages\ComfyUI\output\rotations_block1_vs_block6\S04_gouache_s42_Block_1_pos_00001_.png,C:\Users\aless\Desktop\diffusion-models-weight-steering-report\recovered_renders\rotations_block1_vs_block6\S04_gouache_s42_Block_1_pos_00001_.png,rotations_block1_vs_block6,S04_gouache_s42_Block_1_pos_00001_.png,rotations_block1_vs_block6 + rotations_triangolo,S04_gouache,42,Block_1_pos,b0b6b33c938f7f42daa0246083558fbdfa72a75b822d4042354903499e669f5d
C:\StabilityMatrix-win-x64\Data\Packages\ComfyUI\output\rotations_block1_vs_block6\S04_gouache_s42_Block_3_neg_00001_.png,C:\Users\aless\Desktop\diffusion-models-weight-steering-report\recovered_renders\rotations_block1_vs_block6\S04_gouache_s42_Block_3_neg_00001_.png,rotations_block1_vs_block6,S04_gouache_s42_Block_3_neg_00001_.png,rotations_triangolo,S04_gouache,42,Block_3_neg,3f4a0f67e857281d98e00b55afb056118f4dfdc11e581f8faecee0cbf689b809
C:\StabilityMatrix-win-x64\Data\Packages\ComfyUI\output\rotations_block1_vs_block6\S04_gouache_s42_Block_3_pos_00001_.png,C:\Users\aless\Desktop\diffusion-models-weight-steering-report\recovered_renders\rotations_block1_vs_block6\S04_gouache_s42_Block_3_pos_00001_.png,rotations_block1_vs_block6,S04_gouache_s42_Block_3_pos_00001_.png,rotations_triangolo,S04_gouache,42,Block_3_pos,c4de14b030c523ab719a3de030a5265c3720f9cd7f040b6f6e5a1c4b79e1d5dd
C:\StabilityMatrix-win-x64\Data\Packages\ComfyUI\output\rotations_block1_vs_block6\S04_gouache_s42_Block_6_neg_00001_.png,C:\Users\aless\Desktop\diffusion-models-weight-steering-report\recovered_renders\rotations_block1_vs_block6\S04_gouache_s42_Block_6_neg_00001_.png,rotations_block1_vs_block6,S04_gouache_s42_Block_6_neg_00001_.png,rotations_block1_vs_block6 + rotations_triangolo,S04_gouache,42,Block_6_neg,634f6f30b94f35768e42666d078c6e8401ed96e9b344934667df192473252495
C:\StabilityMatrix-win-x64\Data\Packages\ComfyUI\output\rotations_block1_vs_block6\S04_gouache_s42_Block_6_pos_00001_.png,C:\Users\aless\Desktop\diffusion-models-weight-steering-report\recovered_renders\rotations_block1_vs_block6\S04_gouache_s42_Block_6_pos_00001_.png,rotations_block1_vs_block6,S04_gouache_s42_Block_6_pos_00001_.png,rotations_block1_vs_block6 + rotations_triangolo,S04_gouache,42,Block_6_pos,e6abc5bf37d85c9478f07d4f0be03f4b32d1118293361574a35af169157aae78
C:\StabilityMatrix-win-x64\Data\Packages\ComfyUI\output\rotations_block1_vs_block6\S04_gouache_s42_baseline_00001_.png,C:\Users\aless\Desktop\diffusion-models-weight-steering-report\recovered_renders\rotations_block1_vs_block6\S04_gouache_s42_baseline_00001_.png,rotations_block1_vs_block6,S04_gouache_s42_baseline_00001_.png,rotations_block1_vs_block6 + rotations_triangolo,S04_gouache,42,baseline,4380f59406348e2a6f0046a6eafabe0d7daaacb14766ab335717d8980e5d251a
C:\StabilityMatrix-win-x64\Data\Packages\ComfyUI\output\rotations_block1_vs_block6\S04_gouache_s42_scramble_A_00001_.png,C:\Users\aless\Desktop\diffusion-models-weight-steering-report\recovered_renders\rotations_block1_vs_block6\S04_gouache_s42_scramble_A_00001_.png,rotations_block1_vs_block6,S04_gouache_s42_scramble_A_00001_.png,rotations_block1_vs_block6 + rotations_triangolo,S04_gouache,42,scramble_A,c3be5c2f4b33ad2a9c6d25188f69477c6351a0086e7edb5e3a161dcee5429238
C:\StabilityMatrix-win-x64\Data\Packages\ComfyUI\output\rotations_block1_vs_block6\S04_gouache_s42_scramble_B_00001_.png,C:\Users\aless\Desktop\diffusion-models-weight-steering-report\recovered_renders\rotations_block1_vs_block6\S04_gouache_s42_scramble_B_00001_.png,rotations_block1_vs_block6,S04_gouache_s42_scramble_B_00001_.png,rotations_block1_vs_block6 + rotations_triangolo,S04_gouache,42,scramble_B,5c1f99c586d03c69cd02ce20cb04657bab6fd15cb5d7738444cc212f55623e1a
C:\StabilityMatrix-win-x64\Data\Packages\ComfyUI\output\rotations_block1_vs_block6\S04_gouache_s42_scramble_C_00001_.png,C:\Users\aless\Desktop\diffusion-models-weight-steering-report\recovered_renders\rotations_block1_vs_block6\S04_gouache_s42_scramble_C_00001_.png,rotations_block1_vs_block6,S04_gouache_s42_scramble_C_00001_.png,rotations_triangolo,S04_gouache,42,scramble_C,77e13b4e7974680c5ed50c51a233d92804928a3e5d4ea3b2e8674c47da5d2566
C:\StabilityMatrix-win-x64\Data\Packages\ComfyUI\output\rotations_block1_vs_block6\S04_gouache_s42_scramble_D_00001_.png,C:\Users\aless\Desktop\diffusion-models-weight-steering-report\recovered_renders\rotations_block1_vs_block6\S04_gouache_s42_scramble_D_00001_.png,rotations_block1_vs_block6,S04_gouache_s42_scramble_D_00001_.png,rotations_triangolo,S04_gouache,42,scramble_D,459cfc0a455564e1906103e67fe59b42cbc4aa264d86a3a89a47aad0b83e816d
C:\StabilityMatrix-win-x64\Data\Packages\ComfyUI\output\rotations_block1_vs_block6\S05_pencil_s1337_Block_1_neg_00001_.png,C:\Users\aless\Desktop\diffusion-models-weight-steering-report\recovered_renders\rotations_block1_vs_block6\S05_pencil_s1337_Block_1_neg_00001_.png,rotations_block1_vs_block6,S05_pencil_s1337_Block_1_neg_00001_.png,rotations_block1_vs_block6 + rotations_triangolo,S05_pencil,1337,Block_1_neg,fcb26056ac245e7d5b1daf9d3f51c1061248e7869f77e9ad613757abfa49d681
C:\StabilityMatrix-win-x64\Data\Packages\ComfyUI\output\rotations_block1_vs_block6\S05_pencil_s1337_Block_1_pos_00001_.png,C:\Users\aless\Desktop\diffusion-models-weight-steering-report\recovered_renders\rotations_block1_vs_block6\S05_pencil_s1337_Block_1_pos_00001_.png,rotations_block1_vs_block6,S05_pencil_s1337_Block_1_pos_00001_.png,rotations_block1_vs_block6 + rotations_triangolo,S05_pencil,1337,Block_1_pos,6fea9c166351023cd7bd99ccaf759d5f6c828f0f57116690bc08906e3098c243
C:\StabilityMatrix-win-x64\Data\Packages\ComfyUI\output\rotations_block1_vs_block6\S05_pencil_s1337_Block_3_neg_00001_.png,C:\Users\aless\Desktop\diffusion-models-weight-steering-report\recovered_renders\rotations_block1_vs_block6\S05_pencil_s1337_Block_3_neg_00001_.png,rotations_block1_vs_block6,S05_pencil_s1337_Block_3_neg_00001_.png,rotations_triangolo,S05_pencil,1337,Block_3_neg,4e297485f69d1340874e4adcf2077a122196d2b1518639553b08da6a2eb43b03
C:\StabilityMatrix-win-x64\Data\Packages\ComfyUI\output\rotations_block1_vs_block6\S05_pencil_s1337_Block_3_pos_00001_.png,C:\Users\aless\Desktop\diffusion-models-weight-steering-report\recovered_renders\rotations_block1_vs_block6\S05_pencil_s1337_Block_3_pos_00001_.png,rotations_block1_vs_block6,S05_pencil_s1337_Block_3_pos_00001_.png,rotations_triangolo,S05_pencil,1337,Block_3_pos,d792a1e2c45827107d101e26316e2f6664e0e9234ab3002d38c84b5dd8baa2bd
C:\StabilityMatrix-win-x64\Data\Packages\ComfyUI\output\rotations_block1_vs_block6\S05_pencil_s1337_Block_6_neg_00001_.png,C:\Users\aless\Desktop\diffusion-models-weight-steering-report\recovered_renders\rotations_block1_vs_block6\S05_pencil_s1337_Block_6_neg_00001_.png,rotations_block1_vs_block6,S05_pencil_s1337_Block_6_neg_00001_.png,rotations_block1_vs_block6 + rotations_triangolo,S05_pencil,1337,Block_6_neg,b396d21ee782a5d29a5d71b7e2be24f57e1adf285cdee5504e2143b4f18ced41
C:\StabilityMatrix-win-x64\Data\Packages\ComfyUI\output\rotations_block1_vs_block6\S05_pencil_s1337_Block_6_pos_00001_.png,C:\Users\aless\Desktop\diffusion-models-weight-steering-report\recovered_renders\rotations_block1_vs_block6\S05_pencil_s1337_Block_6_pos_00001_.png,rotations_block1_vs_block6,S05_pencil_s1337_Block_6_pos_00001_.png,rotations_block1_vs_block6 + rotations_triangolo,S05_pencil,1337,Block_6_pos,fc2786236fb616b96b283007b49a7232c66067ff196014ae4f6da7adfe15d6b9
C:\StabilityMatrix-win-x64\Data\Packages\ComfyUI\output\rotations_block1_vs_block6\S05_pencil_s1337_baseline_00001_.png,C:\Users\aless\Desktop\diffusion-models-weight-steering-report\recovered_renders\rotations_block1_vs_block6\S05_pencil_s1337_baseline_00001_.png,rotations_block1_vs_block6,S05_pencil_s1337_baseline_00001_.png,rotations_block1_vs_block6 + rotations_triangolo,S05_pencil,1337,baseline,16ed89d463b32493ab013c33bdd94bb30cdc0339d0ff50cd830eb75d1d3e1de3
C:\StabilityMatrix-win-x64\Data\Packages\ComfyUI\output\rotations_block1_vs_block6\S05_pencil_s1337_scramble_A_00001_.png,C:\Users\aless\Desktop\diffusion-models-weight-steering-report\recovered_renders\rotations_block1_vs_block6\S05_pencil_s1337_scramble_A_00001_.png,rotations_block1_vs_block6,S05_pencil_s1337_scramble_A_00001_.png,rotations_block1_vs_block6 + rotations_triangolo,S05_pencil,1337,scramble_A,3587e44811d9614ed9661836a19a7778d927c712f688864fba909b65819b267b
C:\StabilityMatrix-win-x64\Data\Packages\ComfyUI\output\rotations_block1_vs_block6\S05_pencil_s1337_scramble_B_00001_.png,C:\Users\aless\Desktop\diffusion-models-weight-steering-report\recovered_renders\rotations_block1_vs_block6\S05_pencil_s1337_scramble_B_00001_.png,rotations_block1_vs_block6,S05_pencil_s1337_scramble_B_00001_.png,rotations_block1_vs_block6 + rotations_triangolo,S05_pencil,1337,scramble_B,3dbf9133a9921f8ead473918fa1369bb55568c6993ddc718ef57b2ad71e5271a
C:\StabilityMatrix-win-x64\Data\Packages\ComfyUI\output\rotations_block1_vs_block6\S05_pencil_s1337_scramble_C_00001_.png,C:\Users\aless\Desktop\diffusion-models-weight-steering-report\recovered_renders\rotations_block1_vs_block6\S05_pencil_s1337_scramble_C_00001_.png,rotations_block1_vs_block6,S05_pencil_s1337_scramble_C_00001_.png,rotations_triangolo,S05_pencil,1337,scramble_C,2033d9848b629ca436def422ed351f1bbda721cb8b1825fb71016ea3078e6df7
C:\StabilityMatrix-win-x64\Data\Packages\ComfyUI\output\rotations_block1_vs_block6\S05_pencil_s1337_scramble_D_00001_.png,C:\Users\aless\Desktop\diffusion-models-weight-steering-report\recovered_renders\rotations_block1_vs_block6\S05_pencil_s1337_scramble_D_00001_.png,rotations_block1_vs_block6,S05_pencil_s1337_scramble_D_00001_.png,rotations_triangolo,S05_pencil,1337,scramble_D,bf9c37385a7c20f56b8c18e19a306ddab15e5a95c6171c2b01960f2db4f0baee
C:\StabilityMatrix-win-x64\Data\Packages\ComfyUI\output\rotations_block1_vs_block6\S05_pencil_s4242145_Block_1_neg_00001_.png,C:\Users\aless\Desktop\diffusion-models-weight-steering-report\recovered_renders\rotations_block1_vs_block6\S05_pencil_s4242145_Block_1_neg_00001_.png,rotations_block1_vs_block6,S05_pencil_s4242145_Block_1_neg_00001_.png,rotations_block1_vs_block6 + rotations_triangolo,S05_pencil,4242145,Block_1_neg,a91f7abd96db5bda810c6ad21b9a51e8cc0ae289668fca43711754e369ce1656
C:\StabilityMatrix-win-x64\Data\Packages\ComfyUI\output\rotations_block1_vs_block6\S05_pencil_s4242145_Block_1_pos_00001_.png,C:\Users\aless\Desktop\diffusion-models-weight-steering-report\recovered_renders\rotations_block1_vs_block6\S05_pencil_s4242145_Block_1_pos_00001_.png,rotations_block1_vs_block6,S05_pencil_s4242145_Block_1_pos_00001_.png,rotations_block1_vs_block6 + rotations_triangolo,S05_pencil,4242145,Block_1_pos,eaa691888abd89fa6acfebea2bdf0c2016292271cdf61ea837dfd832a5a4b53a
C:\StabilityMatrix-win-x64\Data\Packages\ComfyUI\output\rotations_block1_vs_block6\S05_pencil_s4242145_Block_3_neg_00001_.png,C:\Users\aless\Desktop\diffusion-models-weight-steering-report\recovered_renders\rotations_block1_vs_block6\S05_pencil_s4242145_Block_3_neg_00001_.png,rotations_block1_vs_block6,S05_pencil_s4242145_Block_3_neg_00001_.png,rotations_triangolo,S05_pencil,4242145,Block_3_neg,5e580a637273e91fd4762371ec0a37884975c5b62607be0ff9eab3c4596981ba
C:\StabilityMatrix-win-x64\Data\Packages\ComfyUI\output\rotations_block1_vs_block6\S05_pencil_s4242145_Block_3_pos_00001_.png,C:\Users\aless\Desktop\diffusion-models-weight-steering-report\recovered_renders\rotations_block1_vs_block6\S05_pencil_s4242145_Block_3_pos_00001_.png,rotations_block1_vs_block6,S05_pencil_s4242145_Block_3_pos_00001_.png,rotations_triangolo,S05_pencil,4242145,Block_3_pos,51ffb715d5db2701d2ae94bf80bbba396f80443b6316d6d521563db49de12bdc
C:\StabilityMatrix-win-x64\Data\Packages\ComfyUI\output\rotations_block1_vs_block6\S05_pencil_s4242145_Block_6_neg_00001_.png,C:\Users\aless\Desktop\diffusion-models-weight-steering-report\recovered_renders\rotations_block1_vs_block6\S05_pencil_s4242145_Block_6_neg_00001_.png,rotations_block1_vs_block6,S05_pencil_s4242145_Block_6_neg_00001_.png,rotations_block1_vs_block6 + rotations_triangolo,S05_pencil,4242145,Block_6_neg,8816b6910cb76dffaf1502d906bc1936d5cb8b0d316434e43d948f2e7c0619a7
C:\StabilityMatrix-win-x64\Data\Packages\ComfyUI\output\rotations_block1_vs_block6\S05_pencil_s4242145_Block_6_pos_00001_.png,C:\Users\aless\Desktop\diffusion-models-weight-steering-report\recovered_renders\rotations_block1_vs_block6\S05_pencil_s4242145_Block_6_pos_00001_.png,rotations_block1_vs_block6,S05_pencil_s4242145_Block_6_pos_00001_.png,rotations_block1_vs_block6 + rotations_triangolo,S05_pencil,4242145,Block_6_pos,9db0f1908ae67143db757cf9882eae1580ba163e224be61e1911a94ec9328496
C:\StabilityMatrix-win-x64\Data\Packages\ComfyUI\output\rotations_block1_vs_block6\S05_pencil_s4242145_baseline_00001_.png,C:\Users\aless\Desktop\diffusion-models-weight-steering-report\recovered_renders\rotations_block1_vs_block6\S05_pencil_s4242145_baseline_00001_.png,rotations_block1_vs_block6,S05_pencil_s4242145_baseline_00001_.png,rotations_block1_vs_block6 + rotations_triangolo,S05_pencil,4242145,baseline,8bc3730d6c172f8051c80f1be82ab4f3c46b9cda07745df97261f6bd65aea854
C:\StabilityMatrix-win-x64\Data\Packages\ComfyUI\output\rotations_block1_vs_block6\S05_pencil_s4242145_scramble_A_00001_.png,C:\Users\aless\Desktop\diffusion-models-weight-steering-report\recovered_renders\rotations_block1_vs_block6\S05_pencil_s4242145_scramble_A_00001_.png,rotations_block1_vs_block6,S05_pencil_s4242145_scramble_A_00001_.png,rotations_block1_vs_block6 + rotations_triangolo,S05_pencil,4242145,scramble_A,0a9feb50d93bc39ae47e3643e42e4c964f0105760c1f752477dca2a803b6a742
C:\StabilityMatrix-win-x64\Data\Packages\ComfyUI\output\rotations_block1_vs_block6\S05_pencil_s4242145_scramble_B_00001_.png,C:\Users\aless\Desktop\diffusion-models-weight-steering-report\recovered_renders\rotations_block1_vs_block6\S05_pencil_s4242145_scramble_B_00001_.png,rotations_block1_vs_block6,S05_pencil_s4242145_scramble_B_00001_.png,rotations_block1_vs_block6 + rotations_triangolo,S05_pencil,4242145,scramble_B,a4103c23128ac745ff4242a058e286115838d91b7d43de149a2e6c64f9b8d0f0
C:\StabilityMatrix-win-x64\Data\Packages\ComfyUI\output\rotations_block1_vs_block6\S05_pencil_s4242145_scramble_C_00001_.png,C:\Users\aless\Desktop\diffusion-models-weight-steering-report\recovered_renders\rotations_block1_vs_block6\S05_pencil_s4242145_scramble_C_00001_.png,rotations_block1_vs_block6,S05_pencil_s4242145_scramble_C_00001_.png,rotations_triangolo,S05_pencil,4242145,scramble_C,4e8e3260db4aa8aba3466360b6cf18f18aca34d94a1783b09244ad5f4658b1cb
C:\StabilityMatrix-win-x64\Data\Packages\ComfyUI\output\rotations_block1_vs_block6\S05_pencil_s4242145_scramble_D_00001_.png,C:\Users\aless\Desktop\diffusion-models-weight-steering-report\recovered_renders\rotations_block1_vs_block6\S05_pencil_s4242145_scramble_D_00001_.png,rotations_block1_vs_block6,S05_pencil_s4242145_scramble_D_00001_.png,rotations_triangolo,S05_pencil,4242145,scramble_D,cc11c45222f6573b0578efd8cc015c8cb2a6e158e21ce54c2228201046431183
C:\StabilityMatrix-win-x64\Data\Packages\ComfyUI\output\rotations_block1_vs_block6\S05_pencil_s42_Block_1_neg_00001_.png,C:\Users\aless\Desktop\diffusion-models-weight-steering-report\recovered_renders\rotations_block1_vs_block6\S05_pencil_s42_Block_1_neg_00001_.png,rotations_block1_vs_block6,S05_pencil_s42_Block_1_neg_00001_.png,rotations_block1_vs_block6 + rotations_triangolo,S05_pencil,42,Block_1_neg,200a2ec866fa1c58ecb3847df6080b653b1ff881a5117765861bc192ec984fd5
C:\StabilityMatrix-win-x64\Data\Packages\ComfyUI\output\rotations_block1_vs_block6\S05_pencil_s42_Block_1_pos_00001_.png,C:\Users\aless\Desktop\diffusion-models-weight-steering-report\recovered_renders\rotations_block1_vs_block6\S05_pencil_s42_Block_1_pos_00001_.png,rotations_block1_vs_block6,S05_pencil_s42_Block_1_pos_00001_.png,rotations_block1_vs_block6 + rotations_triangolo,S05_pencil,42,Block_1_pos,b40a37cab6c10aa893156e39f655b6976920c3ca0abc665a57085ea1bff2c8d2
C:\StabilityMatrix-win-x64\Data\Packages\ComfyUI\output\rotations_block1_vs_block6\S05_pencil_s42_Block_3_neg_00001_.png,C:\Users\aless\Desktop\diffusion-models-weight-steering-report\recovered_renders\rotations_block1_vs_block6\S05_pencil_s42_Block_3_neg_00001_.png,rotations_block1_vs_block6,S05_pencil_s42_Block_3_neg_00001_.png,rotations_triangolo,S05_pencil,42,Block_3_neg,ed3510d2ea2abfff7685c806c154fa387dfb276aeb19b86078a82d92045d173a
C:\StabilityMatrix-win-x64\Data\Packages\ComfyUI\output\rotations_block1_vs_block6\S05_pencil_s42_Block_3_pos_00001_.png,C:\Users\aless\Desktop\diffusion-models-weight-steering-report\recovered_renders\rotations_block1_vs_block6\S05_pencil_s42_Block_3_pos_00001_.png,rotations_block1_vs_block6,S05_pencil_s42_Block_3_pos_00001_.png,rotations_triangolo,S05_pencil,42,Block_3_pos,54fd92b5bf5d379dd587691697e0c2045b39b37dc8fc99d1df1b25eafdf62f3c
C:\StabilityMatrix-win-x64\Data\Packages\ComfyUI\output\rotations_block1_vs_block6\S05_pencil_s42_Block_6_neg_00001_.png,C:\Users\aless\Desktop\diffusion-models-weight-steering-report\recovered_renders\rotations_block1_vs_block6\S05_pencil_s42_Block_6_neg_00001_.png,rotations_block1_vs_block6,S05_pencil_s42_Block_6_neg_00001_.png,rotations_block1_vs_block6 + rotations_triangolo,S05_pencil,42,Block_6_neg,2b69f4e45c513e5f93527fe9efa0b514eacf517163e512c5354f6b57b1a06bd1
C:\StabilityMatrix-win-x64\Data\Packages\ComfyUI\output\rotations_block1_vs_block6\S05_pencil_s42_Block_6_pos_00001_.png,C:\Users\aless\Desktop\diffusion-models-weight-steering-report\recovered_renders\rotations_block1_vs_block6\S05_pencil_s42_Block_6_pos_00001_.png,rotations_block1_vs_block6,S05_pencil_s42_Block_6_pos_00001_.png,rotations_block1_vs_block6 + rotations_triangolo,S05_pencil,42,Block_6_pos,d0089767b267001dac74fd0d8b4093ed1681e22c946351137131e127b8a2e967
C:\StabilityMatrix-win-x64\Data\Packages\ComfyUI\output\rotations_block1_vs_block6\S05_pencil_s42_baseline_00001_.png,C:\Users\aless\Desktop\diffusion-models-weight-steering-report\recovered_renders\rotations_block1_vs_block6\S05_pencil_s42_baseline_00001_.png,rotations_block1_vs_block6,S05_pencil_s42_baseline_00001_.png,rotations_block1_vs_block6 + rotations_triangolo,S05_pencil,42,baseline,c71bd1c605685090f0468e4262272792605396df4b0f6bc35aa97c623f5c252a
C:\StabilityMatrix-win-x64\Data\Packages\ComfyUI\output\rotations_block1_vs_block6\S05_pencil_s42_scramble_A_00001_.png,C:\Users\aless\Desktop\diffusion-models-weight-steering-report\recovered_renders\rotations_block1_vs_block6\S05_pencil_s42_scramble_A_00001_.png,rotations_block1_vs_block6,S05_pencil_s42_scramble_A_00001_.png,rotations_block1_vs_block6 + rotations_triangolo,S05_pencil,42,scramble_A,f1232ca2b62e3e25dd4e460dbc8c0fe99779b6e7c91c52f4ab3a64948e12839a
C:\StabilityMatrix-win-x64\Data\Packages\ComfyUI\output\rotations_block1_vs_block6\S05_pencil_s42_scramble_B_00001_.png,C:\Users\aless\Desktop\diffusion-models-weight-steering-report\recovered_renders\rotations_block1_vs_block6\S05_pencil_s42_scramble_B_00001_.png,rotations_block1_vs_block6,S05_pencil_s42_scramble_B_00001_.png,rotations_block1_vs_block6 + rotations_triangolo,S05_pencil,42,scramble_B,b3613d429f4462eed158f56a821c8372bdf9a42616dcffe8c3f451b483b79756
C:\StabilityMatrix-win-x64\Data\Packages\ComfyUI\output\rotations_block1_vs_block6\S05_pencil_s42_scramble_C_00001_.png,C:\Users\aless\Desktop\diffusion-models-weight-steering-report\recovered_renders\rotations_block1_vs_block6\S05_pencil_s42_scramble_C_00001_.png,rotations_block1_vs_block6,S05_pencil_s42_scramble_C_00001_.png,rotations_triangolo,S05_pencil,42,scramble_C,396c750b25b70e71e0c694741168312c24abc637cb6c5c2914f0f63c2df17a93
C:\StabilityMatrix-win-x64\Data\Packages\ComfyUI\output\rotations_block1_vs_block6\S05_pencil_s42_scramble_D_00001_.png,C:\Users\aless\Desktop\diffusion-models-weight-steering-report\recovered_renders\rotations_block1_vs_block6\S05_pencil_s42_scramble_D_00001_.png,rotations_block1_vs_block6,S05_pencil_s42_scramble_D_00001_.png,rotations_triangolo,S05_pencil,42,scramble_D,fa63b5a01cf92a8734efd27383b71ccc021aca13d237517dd67d5b48d1cd706b
C:\StabilityMatrix-win-x64\Data\Packages\ComfyUI\output\rotations_block1_vs_block6\S06_pastel_s1337_Block_1_neg_00001_.png,C:\Users\aless\Desktop\diffusion-models-weight-steering-report\recovered_renders\rotations_block1_vs_block6\S06_pastel_s1337_Block_1_neg_00001_.png,rotations_block1_vs_block6,S06_pastel_s1337_Block_1_neg_00001_.png,rotations_block1_vs_block6 + rotations_triangolo,S06_pastel,1337,Block_1_neg,21b7aace6017ce4f2ebe9168bd72fbe8cdc980b555b8b6f04d0f502a37f25b7f
C:\StabilityMatrix-win-x64\Data\Packages\ComfyUI\output\rotations_block1_vs_block6\S06_pastel_s1337_Block_1_pos_00001_.png,C:\Users\aless\Desktop\diffusion-models-weight-steering-report\recovered_renders\rotations_block1_vs_block6\S06_pastel_s1337_Block_1_pos_00001_.png,rotations_block1_vs_block6,S06_pastel_s1337_Block_1_pos_00001_.png,rotations_block1_vs_block6 + rotations_triangolo,S06_pastel,1337,Block_1_pos,0d0142f18fad109ad1edfdc07dd7fc238113e50ea793a0dcfeaea2bd8dfc28f8
C:\StabilityMatrix-win-x64\Data\Packages\ComfyUI\output\rotations_block1_vs_block6\S06_pastel_s1337_Block_3_neg_00001_.png,C:\Users\aless\Desktop\diffusion-models-weight-steering-report\recovered_renders\rotations_block1_vs_block6\S06_pastel_s1337_Block_3_neg_00001_.png,rotations_block1_vs_block6,S06_pastel_s1337_Block_3_neg_00001_.png,rotations_triangolo,S06_pastel,1337,Block_3_neg,e633aed7390a42bbbf07875670a6c39808d8c2adff966345af0e891bfdfe30c8
C:\StabilityMatrix-win-x64\Data\Packages\ComfyUI\output\rotations_block1_vs_block6\S06_pastel_s1337_Block_3_pos_00001_.png,C:\Users\aless\Desktop\diffusion-models-weight-steering-report\recovered_renders\rotations_block1_vs_block6\S06_pastel_s1337_Block_3_pos_00001_.png,rotations_block1_vs_block6,S06_pastel_s1337_Block_3_pos_00001_.png,rotations_triangolo,S06_pastel,1337,Block_3_pos,4e81c81fc3c2fdfbecfc6e2b19eceddeb2e5e53936a8f16d7d87402d6ff1a7ed
C:\StabilityMatrix-win-x64\Data\Packages\ComfyUI\output\rotations_block1_vs_block6\S06_pastel_s1337_Block_6_neg_00001_.png,C:\Users\aless\Desktop\diffusion-models-weight-steering-report\recovered_renders\rotations_block1_vs_block6\S06_pastel_s1337_Block_6_neg_00001_.png,rotations_block1_vs_block6,S06_pastel_s1337_Block_6_neg_00001_.png,rotations_block1_vs_block6 + rotations_triangolo,S06_pastel,1337,Block_6_neg,2cd877ac9fc21692e1653e8b822e47c9bf130403fb0037feb15ad17250b9a1a7
C:\StabilityMatrix-win-x64\Data\Packages\ComfyUI\output\rotations_block1_vs_block6\S06_pastel_s1337_Block_6_pos_00001_.png,C:\Users\aless\Desktop\diffusion-models-weight-steering-report\recovered_renders\rotations_block1_vs_block6\S06_pastel_s1337_Block_6_pos_00001_.png,rotations_block1_vs_block6,S06_pastel_s1337_Block_6_pos_00001_.png,rotations_block1_vs_block6 + rotations_triangolo,S06_pastel,1337,Block_6_pos,89e691b19dea07f28ae945ac18c1532a898a1bb6de9d69662e0c4d75cbc2873b
C:\StabilityMatrix-win-x64\Data\Packages\ComfyUI\output\rotations_block1_vs_block6\S06_pastel_s1337_baseline_00001_.png,C:\Users\aless\Desktop\diffusion-models-weight-steering-report\recovered_renders\rotations_block1_vs_block6\S06_pastel_s1337_baseline_00001_.png,rotations_block1_vs_block6,S06_pastel_s1337_baseline_00001_.png,rotations_block1_vs_block6 + rotations_triangolo,S06_pastel,1337,baseline,535edb416ff83e6c2dcdefae60ed5b48601ee5a6a37bfc279cb8dbb8ac3b525b
C:\StabilityMatrix-win-x64\Data\Packages\ComfyUI\output\rotations_block1_vs_block6\S06_pastel_s1337_scramble_A_00001_.png,C:\Users\aless\Desktop\diffusion-models-weight-steering-report\recovered_renders\rotations_block1_vs_block6\S06_pastel_s1337_scramble_A_00001_.png,rotations_block1_vs_block6,S06_pastel_s1337_scramble_A_00001_.png,rotations_block1_vs_block6 + rotations_triangolo,S06_pastel,1337,scramble_A,0c230ebd9f6470e8b9c655aaf6d2ee28c70214acfd7426ed751fdc44def20d2a
C:\StabilityMatrix-win-x64\Data\Packages\ComfyUI\output\rotations_block1_vs_block6\S06_pastel_s1337_scramble_B_00001_.png,C:\Users\aless\Desktop\diffusion-models-weight-steering-report\recovered_renders\rotations_block1_vs_block6\S06_pastel_s1337_scramble_B_00001_.png,rotations_block1_vs_block6,S06_pastel_s1337_scramble_B_00001_.png,rotations_block1_vs_block6 + rotations_triangolo,S06_pastel,1337,scramble_B,3db6b3a93545d0de237de604a0f873c91ee9962e9108540f5a5d5177f7572673
C:\StabilityMatrix-win-x64\Data\Packages\ComfyUI\output\rotations_block1_vs_block6\S06_pastel_s1337_scramble_C_00001_.png,C:\Users\aless\Desktop\diffusion-models-weight-steering-report\recovered_renders\rotations_block1_vs_block6\S06_pastel_s1337_scramble_C_00001_.png,rotations_block1_vs_block6,S06_pastel_s1337_scramble_C_00001_.png,rotations_triangolo,S06_pastel,1337,scramble_C,95f914cbeac95fc66b2ee9dfbda6c39b868fec6dd7e5b655059dc63291545d60
C:\StabilityMatrix-win-x64\Data\Packages\ComfyUI\output\rotations_block1_vs_block6\S06_pastel_s1337_scramble_D_00001_.png,C:\Users\aless\Desktop\diffusion-models-weight-steering-report\recovered_renders\rotations_block1_vs_block6\S06_pastel_s1337_scramble_D_00001_.png,rotations_block1_vs_block6,S06_pastel_s1337_scramble_D_00001_.png,rotations_triangolo,S06_pastel,1337,scramble_D,5e673721b29e148c884028ad41d1b0c0c0249bdd0ef8146c702ecf486e231ba9
C:\StabilityMatrix-win-x64\Data\Packages\ComfyUI\output\rotations_block1_vs_block6\S06_pastel_s4242145_Block_1_neg_00001_.png,C:\Users\aless\Desktop\diffusion-models-weight-steering-report\recovered_renders\rotations_block1_vs_block6\S06_pastel_s4242145_Block_1_neg_00001_.png,rotations_block1_vs_block6,S06_pastel_s4242145_Block_1_neg_00001_.png,rotations_block1_vs_block6 + rotations_triangolo,S06_pastel,4242145,Block_1_neg,cd3c7e01b38b6e4fbb08293199368e1818d3bdc14f9176da3e9c913053bfafe3
C:\StabilityMatrix-win-x64\Data\Packages\ComfyUI\output\rotations_block1_vs_block6\S06_pastel_s4242145_Block_1_pos_00001_.png,C:\Users\aless\Desktop\diffusion-models-weight-steering-report\recovered_renders\rotations_block1_vs_block6\S06_pastel_s4242145_Block_1_pos_00001_.png,rotations_block1_vs_block6,S06_pastel_s4242145_Block_1_pos_00001_.png,rotations_block1_vs_block6 + rotations_triangolo,S06_pastel,4242145,Block_1_pos,90c669d56262732da5cc2ede4ae6661953fe0a11321f8acf5fd4b9d26a01cc4f
C:\StabilityMatrix-win-x64\Data\Packages\ComfyUI\output\rotations_block1_vs_block6\S06_pastel_s4242145_Block_3_neg_00001_.png,C:\Users\aless\Desktop\diffusion-models-weight-steering-report\recovered_renders\rotations_block1_vs_block6\S06_pastel_s4242145_Block_3_neg_00001_.png,rotations_block1_vs_block6,S06_pastel_s4242145_Block_3_neg_00001_.png,rotations_triangolo,S06_pastel,4242145,Block_3_neg,39e46f9f435da58c772804cb90aaf280884d4be03c96929847589b012fd88547
C:\StabilityMatrix-win-x64\Data\Packages\ComfyUI\output\rotations_block1_vs_block6\S06_pastel_s4242145_Block_3_pos_00001_.png,C:\Users\aless\Desktop\diffusion-models-weight-steering-report\recovered_renders\rotations_block1_vs_block6\S06_pastel_s4242145_Block_3_pos_00001_.png,rotations_block1_vs_block6,S06_pastel_s4242145_Block_3_pos_00001_.png,rotations_triangolo,S06_pastel,4242145,Block_3_pos,24568d20c789b5857bc0c2ca10896f74732c8e090caa44430c3f53e7a9db4ab3
C:\StabilityMatrix-win-x64\Data\Packages\ComfyUI\output\rotations_block1_vs_block6\S06_pastel_s4242145_Block_6_neg_00001_.png,C:\Users\aless\Desktop\diffusion-models-weight-steering-report\recovered_renders\rotations_block1_vs_block6\S06_pastel_s4242145_Block_6_neg_00001_.png,rotations_block1_vs_block6,S06_pastel_s4242145_Block_6_neg_00001_.png,rotations_block1_vs_block6 + rotations_triangolo,S06_pastel,4242145,Block_6_neg,ed974ae2330c64377a053833fa958a6ca0a4d60eea54da1b2b4efc78f4f1c9d7
C:\StabilityMatrix-win-x64\Data\Packages\ComfyUI\output\rotations_block1_vs_block6\S06_pastel_s4242145_Block_6_pos_00001_.png,C:\Users\aless\Desktop\diffusion-models-weight-steering-report\recovered_renders\rotations_block1_vs_block6\S06_pastel_s4242145_Block_6_pos_00001_.png,rotations_block1_vs_block6,S06_pastel_s4242145_Block_6_pos_00001_.png,rotations_block1_vs_block6 + rotations_triangolo,S06_pastel,4242145,Block_6_pos,4f02c6d31bac4ef035925beab2af6253c2d0f56c3c61648798ba6e98459478ee
C:\StabilityMatrix-win-x64\Data\Packages\ComfyUI\output\rotations_block1_vs_block6\S06_pastel_s4242145_baseline_00001_.png,C:\Users\aless\Desktop\diffusion-models-weight-steering-report\recovered_renders\rotations_block1_vs_block6\S06_pastel_s4242145_baseline_00001_.png,rotations_block1_vs_block6,S06_pastel_s4242145_baseline_00001_.png,rotations_block1_vs_block6 + rotations_triangolo,S06_pastel,4242145,baseline,03786eb1e864eadbc44aefad73500675361168ba1e0e709f8533b931598c941a
C:\StabilityMatrix-win-x64\Data\Packages\ComfyUI\output\rotations_block1_vs_block6\S06_pastel_s4242145_scramble_A_00001_.png,C:\Users\aless\Desktop\diffusion-models-weight-steering-report\recovered_renders\rotations_block1_vs_block6\S06_pastel_s4242145_scramble_A_00001_.png,rotations_block1_vs_block6,S06_pastel_s4242145_scramble_A_00001_.png,rotations_block1_vs_block6 + rotations_triangolo,S06_pastel,4242145,scramble_A,c6bd159e34053985b9643bb180a35b3348b02290a4da2d5c88b8a5917ad2ee3c
C:\StabilityMatrix-win-x64\Data\Packages\ComfyUI\output\rotations_block1_vs_block6\S06_pastel_s4242145_scramble_B_00001_.png,C:\Users\aless\Desktop\diffusion-models-weight-steering-report\recovered_renders\rotations_block1_vs_block6\S06_pastel_s4242145_scramble_B_00001_.png,rotations_block1_vs_block6,S06_pastel_s4242145_scramble_B_00001_.png,rotations_block1_vs_block6 + rotations_triangolo,S06_pastel,4242145,scramble_B,176ba5d8ebc79e5a365decb4899bd7ecfaec335f011ae85b2e31908aef7fc4fd
C:\StabilityMatrix-win-x64\Data\Packages\ComfyUI\output\rotations_block1_vs_block6\S06_pastel_s4242145_scramble_C_00001_.png,C:\Users\aless\Desktop\diffusion-models-weight-steering-report\recovered_renders\rotations_block1_vs_block6\S06_pastel_s4242145_scramble_C_00001_.png,rotations_block1_vs_block6,S06_pastel_s4242145_scramble_C_00001_.png,rotations_triangolo,S06_pastel,4242145,scramble_C,5e1c26fe3770d08f53d4c2b269b4348ee1177b43d7278bf5c1e91e4bcac8af63
C:\StabilityMatrix-win-x64\Data\Packages\ComfyUI\output\rotations_block1_vs_block6\S06_pastel_s4242145_scramble_D_00001_.png,C:\Users\aless\Desktop\diffusion-models-weight-steering-report\recovered_renders\rotations_block1_vs_block6\S06_pastel_s4242145_scramble_D_00001_.png,rotations_block1_vs_block6,S06_pastel_s4242145_scramble_D_00001_.png,rotations_triangolo,S06_pastel,4242145,scramble_D,f72ca3ed4a8463d128cf1597c80ae2efe5c5ea4ee2514efcc66cc53badfb44f3
C:\StabilityMatrix-win-x64\Data\Packages\ComfyUI\output\rotations_block1_vs_block6\S06_pastel_s42_Block_1_neg_00001_.png,C:\Users\aless\Desktop\diffusion-models-weight-steering-report\recovered_renders\rotations_block1_vs_block6\S06_pastel_s42_Block_1_neg_00001_.png,rotations_block1_vs_block6,S06_pastel_s42_Block_1_neg_00001_.png,rotations_block1_vs_block6 + rotations_triangolo,S06_pastel,42,Block_1_neg,3d65456c9a539656c385625e14367299d8bb58639e2a976626f66c5b7480a5ad
C:\StabilityMatrix-win-x64\Data\Packages\ComfyUI\output\rotations_block1_vs_block6\S06_pastel_s42_Block_1_pos_00001_.png,C:\Users\aless\Desktop\diffusion-models-weight-steering-report\recovered_renders\rotations_block1_vs_block6\S06_pastel_s42_Block_1_pos_00001_.png,rotations_block1_vs_block6,S06_pastel_s42_Block_1_pos_00001_.png,rotations_block1_vs_block6 + rotations_triangolo,S06_pastel,42,Block_1_pos,a41118d8023aa3c7d28f1f1154ff7787ee50a9f99d8417bf3e4d0e9d5b050798
C:\StabilityMatrix-win-x64\Data\Packages\ComfyUI\output\rotations_block1_vs_block6\S06_pastel_s42_Block_3_neg_00001_.png,C:\Users\aless\Desktop\diffusion-models-weight-steering-report\recovered_renders\rotations_block1_vs_block6\S06_pastel_s42_Block_3_neg_00001_.png,rotations_block1_vs_block6,S06_pastel_s42_Block_3_neg_00001_.png,rotations_triangolo,S06_pastel,42,Block_3_neg,2d984f8ca3b96a0fc436887b77c6761ddedf9f855b77d505685f78f3a94ac4df
C:\StabilityMatrix-win-x64\Data\Packages\ComfyUI\output\rotations_block1_vs_block6\S06_pastel_s42_Block_3_pos_00001_.png,C:\Users\aless\Desktop\diffusion-models-weight-steering-report\recovered_renders\rotations_block1_vs_block6\S06_pastel_s42_Block_3_pos_00001_.png,rotations_block1_vs_block6,S06_pastel_s42_Block_3_pos_00001_.png,rotations_triangolo,S06_pastel,42,Block_3_pos,63db92b46d37af49c1b1dab2a4d9ca92754ce2f7a1efec295b17f3dba292f529
C:\StabilityMatrix-win-x64\Data\Packages\ComfyUI\output\rotations_block1_vs_block6\S06_pastel_s42_Block_6_neg_00001_.png,C:\Users\aless\Desktop\diffusion-models-weight-steering-report\recovered_renders\rotations_block1_vs_block6\S06_pastel_s42_Block_6_neg_00001_.png,rotations_block1_vs_block6,S06_pastel_s42_Block_6_neg_00001_.png,rotations_block1_vs_block6 + rotations_triangolo,S06_pastel,42,Block_6_neg,671782532197818faa739eb8ad87a26cec0b9cff95897ac578e636357157cb9c
C:\StabilityMatrix-win-x64\Data\Packages\ComfyUI\output\rotations_block1_vs_block6\S06_pastel_s42_Block_6_pos_00001_.png,C:\Users\aless\Desktop\diffusion-models-weight-steering-report\recovered_renders\rotations_block1_vs_block6\S06_pastel_s42_Block_6_pos_00001_.png,rotations_block1_vs_block6,S06_pastel_s42_Block_6_pos_00001_.png,rotations_block1_vs_block6 + rotations_triangolo,S06_pastel,42,Block_6_pos,358053345a7e437f9a3244563229f7e12ef009b38d5d1ab78d163b1cd5ca8783
C:\StabilityMatrix-win-x64\Data\Packages\ComfyUI\output\rotations_block1_vs_block6\S06_pastel_s42_baseline_00001_.png,C:\Users\aless\Desktop\diffusion-models-weight-steering-report\recovered_renders\rotations_block1_vs_block6\S06_pastel_s42_baseline_00001_.png,rotations_block1_vs_block6,S06_pastel_s42_baseline_00001_.png,rotations_block1_vs_block6 + rotations_triangolo,S06_pastel,42,baseline,6bd6b40e41f8421a44d923802c9bc712b6ef939fb598c457237ebbcb6a14e088
C:\StabilityMatrix-win-x64\Data\Packages\ComfyUI\output\rotations_block1_vs_block6\S06_pastel_s42_scramble_A_00001_.png,C:\Users\aless\Desktop\diffusion-models-weight-steering-report\recovered_renders\rotations_block1_vs_block6\S06_pastel_s42_scramble_A_00001_.png,rotations_block1_vs_block6,S06_pastel_s42_scramble_A_00001_.png,rotations_block1_vs_block6 + rotations_triangolo,S06_pastel,42,scramble_A,606d73911e97e1c626b233955bb465d10ee192f3825ac29f758e65f6913e992e
C:\StabilityMatrix-win-x64\Data\Packages\ComfyUI\output\rotations_block1_vs_block6\S06_pastel_s42_scramble_B_00001_.png,C:\Users\aless\Desktop\diffusion-models-weight-steering-report\recovered_renders\rotations_block1_vs_block6\S06_pastel_s42_scramble_B_00001_.png,rotations_block1_vs_block6,S06_pastel_s42_scramble_B_00001_.png,rotations_block1_vs_block6 + rotations_triangolo,S06_pastel,42,scramble_B,db5913c6108b84c663d38b30ebdf34e529405c717dca7ee71d0f033f53316585
C:\StabilityMatrix-win-x64\Data\Packages\ComfyUI\output\rotations_block1_vs_block6\S06_pastel_s42_scramble_C_00001_.png,C:\Users\aless\Desktop\diffusion-models-weight-steering-report\recovered_renders\rotations_block1_vs_block6\S06_pastel_s42_scramble_C_00001_.png,rotations_block1_vs_block6,S06_pastel_s42_scramble_C_00001_.png,rotations_triangolo,S06_pastel,42,scramble_C,77d136dee137680a681700fd9c7bc8f4b65ebfc336c68a38e3ebc217d2c98107
C:\StabilityMatrix-win-x64\Data\Packages\ComfyUI\output\rotations_block1_vs_block6\S06_pastel_s42_scramble_D_00001_.png,C:\Users\aless\Desktop\diffusion-models-weight-steering-report\recovered_renders\rotations_block1_vs_block6\S06_pastel_s42_scramble_D_00001_.png,rotations_block1_vs_block6,S06_pastel_s42_scramble_D_00001_.png,rotations_triangolo,S06_pastel,42,scramble_D,3ac216cadfb718175b1d8bc80cdfa4596cec0329402fbfebabc4809c4d2df1b7
C:\StabilityMatrix-win-x64\Data\Packages\ComfyUI\output\rotations_block1_vs_block6\S07_comic_s1337_Block_1_neg_00001_.png,C:\Users\aless\Desktop\diffusion-models-weight-steering-report\recovered_renders\rotations_block1_vs_block6\S07_comic_s1337_Block_1_neg_00001_.png,rotations_block1_vs_block6,S07_comic_s1337_Block_1_neg_00001_.png,rotations_block1_vs_block6 + rotations_triangolo,S07_comic,1337,Block_1_neg,3056af76a1372f25ac44c64a0f56a8f534d22991ff94ab44fb5ce9f2bc441f8a
C:\StabilityMatrix-win-x64\Data\Packages\ComfyUI\output\rotations_block1_vs_block6\S07_comic_s1337_Block_1_pos_00001_.png,C:\Users\aless\Desktop\diffusion-models-weight-steering-report\recovered_renders\rotations_block1_vs_block6\S07_comic_s1337_Block_1_pos_00001_.png,rotations_block1_vs_block6,S07_comic_s1337_Block_1_pos_00001_.png,rotations_block1_vs_block6 + rotations_triangolo,S07_comic,1337,Block_1_pos,8b379a8f6edeb9b576ae8c8382aa9720ae70514867608298327f95bf8dfcb038
C:\StabilityMatrix-win-x64\Data\Packages\ComfyUI\output\rotations_block1_vs_block6\S07_comic_s1337_Block_3_neg_00001_.png,C:\Users\aless\Desktop\diffusion-models-weight-steering-report\recovered_renders\rotations_block1_vs_block6\S07_comic_s1337_Block_3_neg_00001_.png,rotations_block1_vs_block6,S07_comic_s1337_Block_3_neg_00001_.png,rotations_triangolo,S07_comic,1337,Block_3_neg,aac93254e63a81004da5c97dbb49433589cfa007b20b6e4240df33d1b91ed760
C:\StabilityMatrix-win-x64\Data\Packages\ComfyUI\output\rotations_block1_vs_block6\S07_comic_s1337_Block_3_pos_00001_.png,C:\Users\aless\Desktop\diffusion-models-weight-steering-report\recovered_renders\rotations_block1_vs_block6\S07_comic_s1337_Block_3_pos_00001_.png,rotations_block1_vs_block6,S07_comic_s1337_Block_3_pos_00001_.png,rotations_triangolo,S07_comic,1337,Block_3_pos,d6f0d6bf35d239969bad8c2117ed3767a4c2534c28042099826673f54b241e1a
C:\StabilityMatrix-win-x64\Data\Packages\ComfyUI\output\rotations_block1_vs_block6\S07_comic_s1337_Block_6_neg_00001_.png,C:\Users\aless\Desktop\diffusion-models-weight-steering-report\recovered_renders\rotations_block1_vs_block6\S07_comic_s1337_Block_6_neg_00001_.png,rotations_block1_vs_block6,S07_comic_s1337_Block_6_neg_00001_.png,rotations_block1_vs_block6 + rotations_triangolo,S07_comic,1337,Block_6_neg,f4ced81e3ea4a6ec8b4ef4fdd39695f4bb21011f6e4f9497cd00dca1e64cb02f
C:\StabilityMatrix-win-x64\Data\Packages\ComfyUI\output\rotations_block1_vs_block6\S07_comic_s1337_Block_6_pos_00001_.png,C:\Users\aless\Desktop\diffusion-models-weight-steering-report\recovered_renders\rotations_block1_vs_block6\S07_comic_s1337_Block_6_pos_00001_.png,rotations_block1_vs_block6,S07_comic_s1337_Block_6_pos_00001_.png,rotations_block1_vs_block6 + rotations_triangolo,S07_comic,1337,Block_6_pos,f2819bc1bb15c245c36ce4697fb658d50bacc7be4b2c52f31a0a68fafcf79679
C:\StabilityMatrix-win-x64\Data\Packages\ComfyUI\output\rotations_block1_vs_block6\S07_comic_s1337_baseline_00001_.png,C:\Users\aless\Desktop\diffusion-models-weight-steering-report\recovered_renders\rotations_block1_vs_block6\S07_comic_s1337_baseline_00001_.png,rotations_block1_vs_block6,S07_comic_s1337_baseline_00001_.png,rotations_block1_vs_block6 + rotations_triangolo,S07_comic,1337,baseline,25a722f7ba928e153a98353487f5ee1d9a0deb97deef784efffce6aa6d83119d
C:\StabilityMatrix-win-x64\Data\Packages\ComfyUI\output\rotations_block1_vs_block6\S07_comic_s1337_scramble_A_00001_.png,C:\Users\aless\Desktop\diffusion-models-weight-steering-report\recovered_renders\rotations_block1_vs_block6\S07_comic_s1337_scramble_A_00001_.png,rotations_block1_vs_block6,S07_comic_s1337_scramble_A_00001_.png,rotations_block1_vs_block6 + rotations_triangolo,S07_comic,1337,scramble_A,552af73609960df9656ba8c2a1249ac81142285159b3e44e4d1e7b7007321bf2
C:\StabilityMatrix-win-x64\Data\Packages\ComfyUI\output\rotations_block1_vs_block6\S07_comic_s1337_scramble_B_00001_.png,C:\Users\aless\Desktop\diffusion-models-weight-steering-report\recovered_renders\rotations_block1_vs_block6\S07_comic_s1337_scramble_B_00001_.png,rotations_block1_vs_block6,S07_comic_s1337_scramble_B_00001_.png,rotations_block1_vs_block6 + rotations_triangolo,S07_comic,1337,scramble_B,62af280011839223c6ba5f40aafbbeac901cc7cfd09afce197b7149119d5f059
C:\StabilityMatrix-win-x64\Data\Packages\ComfyUI\output\rotations_block1_vs_block6\S07_comic_s1337_scramble_C_00001_.png,C:\Users\aless\Desktop\diffusion-models-weight-steering-report\recovered_renders\rotations_block1_vs_block6\S07_comic_s1337_scramble_C_00001_.png,rotations_block1_vs_block6,S07_comic_s1337_scramble_C_00001_.png,rotations_triangolo,S07_comic,1337,scramble_C,49d8fc857bb2f032260e204e32e81a42ce8ddf21235f70d243f4fab247ed8a4e
C:\StabilityMatrix-win-x64\Data\Packages\ComfyUI\output\rotations_block1_vs_block6\S07_comic_s1337_scramble_D_00001_.png,C:\Users\aless\Desktop\diffusion-models-weight-steering-report\recovered_renders\rotations_block1_vs_block6\S07_comic_s1337_scramble_D_00001_.png,rotations_block1_vs_block6,S07_comic_s1337_scramble_D_00001_.png,rotations_triangolo,S07_comic,1337,scramble_D,feabee020a7e10354a0e3f8ee416497f7714b5ba017cab31f8627cfb4cc2009b
C:\StabilityMatrix-win-x64\Data\Packages\ComfyUI\output\rotations_block1_vs_block6\S07_comic_s4242145_Block_1_neg_00001_.png,C:\Users\aless\Desktop\diffusion-models-weight-steering-report\recovered_renders\rotations_block1_vs_block6\S07_comic_s4242145_Block_1_neg_00001_.png,rotations_block1_vs_block6,S07_comic_s4242145_Block_1_neg_00001_.png,rotations_block1_vs_block6 + rotations_triangolo,S07_comic,4242145,Block_1_neg,7c879079be39bd96db035ca4481b06c772d536f64913231b5cdcbca209d83ee6
C:\StabilityMatrix-win-x64\Data\Packages\ComfyUI\output\rotations_block1_vs_block6\S07_comic_s4242145_Block_1_pos_00001_.png,C:\Users\aless\Desktop\diffusion-models-weight-steering-report\recovered_renders\rotations_block1_vs_block6\S07_comic_s4242145_Block_1_pos_00001_.png,rotations_block1_vs_block6,S07_comic_s4242145_Block_1_pos_00001_.png,rotations_block1_vs_block6 + rotations_triangolo,S07_comic,4242145,Block_1_pos,9025d2cf8ae2a9932cdc0e82f5e1ae3590ee3734b1e64f54d8c72fd5a3d0494a
C:\StabilityMatrix-win-x64\Data\Packages\ComfyUI\output\rotations_block1_vs_block6\S07_comic_s4242145_Block_3_neg_00001_.png,C:\Users\aless\Desktop\diffusion-models-weight-steering-report\recovered_renders\rotations_block1_vs_block6\S07_comic_s4242145_Block_3_neg_00001_.png,rotations_block1_vs_block6,S07_comic_s4242145_Block_3_neg_00001_.png,rotations_triangolo,S07_comic,4242145,Block_3_neg,5977aa4549ee316e9efa7e9f9fe664059da1e9fd2aa4a518926bfead1e45bc58
C:\StabilityMatrix-win-x64\Data\Packages\ComfyUI\output\rotations_block1_vs_block6\S07_comic_s4242145_Block_3_pos_00001_.png,C:\Users\aless\Desktop\diffusion-models-weight-steering-report\recovered_renders\rotations_block1_vs_block6\S07_comic_s4242145_Block_3_pos_00001_.png,rotations_block1_vs_block6,S07_comic_s4242145_Block_3_pos_00001_.png,rotations_triangolo,S07_comic,4242145,Block_3_pos,c7b99f136c3517fa7804bbfdf921d393a3e229987ad2aaf59dcee2365dac00eb
C:\StabilityMatrix-win-x64\Data\Packages\ComfyUI\output\rotations_block1_vs_block6\S07_comic_s4242145_Block_6_neg_00001_.png,C:\Users\aless\Desktop\diffusion-models-weight-steering-report\recovered_renders\rotations_block1_vs_block6\S07_comic_s4242145_Block_6_neg_00001_.png,rotations_block1_vs_block6,S07_comic_s4242145_Block_6_neg_00001_.png,rotations_block1_vs_block6 + rotations_triangolo,S07_comic,4242145,Block_6_neg,49719dffec9247e3f56cdfb9a86702924b1270b8457eef43940ced165add859b
C:\StabilityMatrix-win-x64\Data\Packages\ComfyUI\output\rotations_block1_vs_block6\S07_comic_s4242145_Block_6_pos_00001_.png,C:\Users\aless\Desktop\diffusion-models-weight-steering-report\recovered_renders\rotations_block1_vs_block6\S07_comic_s4242145_Block_6_pos_00001_.png,rotations_block1_vs_block6,S07_comic_s4242145_Block_6_pos_00001_.png,rotations_block1_vs_block6 + rotations_triangolo,S07_comic,4242145,Block_6_pos,8f97b770e72a35ef996ad5ed8b7eeb1cd792310d0468d7e8fa8c5414810b37ec
C:\StabilityMatrix-win-x64\Data\Packages\ComfyUI\output\rotations_block1_vs_block6\S07_comic_s4242145_baseline_00001_.png,C:\Users\aless\Desktop\diffusion-models-weight-steering-report\recovered_renders\rotations_block1_vs_block6\S07_comic_s4242145_baseline_00001_.png,rotations_block1_vs_block6,S07_comic_s4242145_baseline_00001_.png,rotations_block1_vs_block6 + rotations_triangolo,S07_comic,4242145,baseline,e8fce26dd3b93e01228232e4ef5cc95cacb3e6907ee0b306eb1f7f6a93081cdb
C:\StabilityMatrix-win-x64\Data\Packages\ComfyUI\output\rotations_block1_vs_block6\S07_comic_s4242145_scramble_A_00001_.png,C:\Users\aless\Desktop\diffusion-models-weight-steering-report\recovered_renders\rotations_block1_vs_block6\S07_comic_s4242145_scramble_A_00001_.png,rotations_block1_vs_block6,S07_comic_s4242145_scramble_A_00001_.png,rotations_block1_vs_block6 + rotations_triangolo,S07_comic,4242145,scramble_A,a3f5d7a3e4a25fb1890d3a66fda20290d940d1b588179bc7b5b1f622a80a4329
C:\StabilityMatrix-win-x64\Data\Packages\ComfyUI\output\rotations_block1_vs_block6\S07_comic_s4242145_scramble_B_00001_.png,C:\Users\aless\Desktop\diffusion-models-weight-steering-report\recovered_renders\rotations_block1_vs_block6\S07_comic_s4242145_scramble_B_00001_.png,rotations_block1_vs_block6,S07_comic_s4242145_scramble_B_00001_.png,rotations_block1_vs_block6 + rotations_triangolo,S07_comic,4242145,scramble_B,8bee9171278db758c24c40d78248f97596e44c28000dac05bee9418c886bfe12
C:\StabilityMatrix-win-x64\Data\Packages\ComfyUI\output\rotations_block1_vs_block6\S07_comic_s4242145_scramble_C_00001_.png,C:\Users\aless\Desktop\diffusion-models-weight-steering-report\recovered_renders\rotations_block1_vs_block6\S07_comic_s4242145_scramble_C_00001_.png,rotations_block1_vs_block6,S07_comic_s4242145_scramble_C_00001_.png,rotations_triangolo,S07_comic,4242145,scramble_C,de7dc4a0f7b0d7d85700b4625ead42f331d012446cdceef2d7317e32a6715dcb
C:\StabilityMatrix-win-x64\Data\Packages\ComfyUI\output\rotations_block1_vs_block6\S07_comic_s4242145_scramble_D_00001_.png,C:\Users\aless\Desktop\diffusion-models-weight-steering-report\recovered_renders\rotations_block1_vs_block6\S07_comic_s4242145_scramble_D_00001_.png,rotations_block1_vs_block6,S07_comic_s4242145_scramble_D_00001_.png,rotations_triangolo,S07_comic,4242145,scramble_D,603a5703565a74cfafb09144452b824e5e49b4bc4948386ae1ab4c786985c46a
C:\StabilityMatrix-win-x64\Data\Packages\ComfyUI\output\rotations_block1_vs_block6\S07_comic_s42_Block_1_neg_00001_.png,C:\Users\aless\Desktop\diffusion-models-weight-steering-report\recovered_renders\rotations_block1_vs_block6\S07_comic_s42_Block_1_neg_00001_.png,rotations_block1_vs_block6,S07_comic_s42_Block_1_neg_00001_.png,rotations_block1_vs_block6 + rotations_triangolo,S07_comic,42,Block_1_neg,b92dc3c0d65e5a9a7a97dd1b7e5a2206ff0c3103ee912ad90366206fbece61d1
C:\StabilityMatrix-win-x64\Data\Packages\ComfyUI\output\rotations_block1_vs_block6\S07_comic_s42_Block_1_pos_00001_.png,C:\Users\aless\Desktop\diffusion-models-weight-steering-report\recovered_renders\rotations_block1_vs_block6\S07_comic_s42_Block_1_pos_00001_.png,rotations_block1_vs_block6,S07_comic_s42_Block_1_pos_00001_.png,rotations_block1_vs_block6 + rotations_triangolo,S07_comic,42,Block_1_pos,f09e2feca8e881a134c44ab7dbe156df4dcea8e30df8c3b5990281b9be3bdd16
C:\StabilityMatrix-win-x64\Data\Packages\ComfyUI\output\rotations_block1_vs_block6\S07_comic_s42_Block_3_neg_00001_.png,C:\Users\aless\Desktop\diffusion-models-weight-steering-report\recovered_renders\rotations_block1_vs_block6\S07_comic_s42_Block_3_neg_00001_.png,rotations_block1_vs_block6,S07_comic_s42_Block_3_neg_00001_.png,rotations_triangolo,S07_comic,42,Block_3_neg,6b57c0461afcdc54f4f63df223b3f5c4f969a9ae4a9573762612349905a3a8f9
C:\StabilityMatrix-win-x64\Data\Packages\ComfyUI\output\rotations_block1_vs_block6\S07_comic_s42_Block_3_pos_00001_.png,C:\Users\aless\Desktop\diffusion-models-weight-steering-report\recovered_renders\rotations_block1_vs_block6\S07_comic_s42_Block_3_pos_00001_.png,rotations_block1_vs_block6,S07_comic_s42_Block_3_pos_00001_.png,rotations_triangolo,S07_comic,42,Block_3_pos,44f999bc5692774e9f32cf75ef619d59a9c778c29a065508e91179ff88dafd36
C:\StabilityMatrix-win-x64\Data\Packages\ComfyUI\output\rotations_block1_vs_block6\S07_comic_s42_Block_6_neg_00001_.png,C:\Users\aless\Desktop\diffusion-models-weight-steering-report\recovered_renders\rotations_block1_vs_block6\S07_comic_s42_Block_6_neg_00001_.png,rotations_block1_vs_block6,S07_comic_s42_Block_6_neg_00001_.png,rotations_block1_vs_block6 + rotations_triangolo,S07_comic,42,Block_6_neg,0c2f7ba4b2dc1608e15fae2dfc50a4103d9e16a27cf97ec3d63cf3d1c4343bdc
C:\StabilityMatrix-win-x64\Data\Packages\ComfyUI\output\rotations_block1_vs_block6\S07_comic_s42_Block_6_pos_00001_.png,C:\Users\aless\Desktop\diffusion-models-weight-steering-report\recovered_renders\rotations_block1_vs_block6\S07_comic_s42_Block_6_pos_00001_.png,rotations_block1_vs_block6,S07_comic_s42_Block_6_pos_00001_.png,rotations_block1_vs_block6 + rotations_triangolo,S07_comic,42,Block_6_pos,1547c2dcc74cdd2c940fa297aded1ce7e9e7b4009f6dc611c9edc517fffa1510
C:\StabilityMatrix-win-x64\Data\Packages\ComfyUI\output\rotations_block1_vs_block6\S07_comic_s42_baseline_00001_.png,C:\Users\aless\Desktop\diffusion-models-weight-steering-report\recovered_renders\rotations_block1_vs_block6\S07_comic_s42_baseline_00001_.png,rotations_block1_vs_block6,S07_comic_s42_baseline_00001_.png,rotations_block1_vs_block6 + rotations_triangolo,S07_comic,42,baseline,c90eb5319159faf02e1a7a2c52573178cc9a028266e919c69877bb780e1505c6
C:\StabilityMatrix-win-x64\Data\Packages\ComfyUI\output\rotations_block1_vs_block6\S07_comic_s42_scramble_A_00001_.png,C:\Users\aless\Desktop\diffusion-models-weight-steering-report\recovered_renders\rotations_block1_vs_block6\S07_comic_s42_scramble_A_00001_.png,rotations_block1_vs_block6,S07_comic_s42_scramble_A_00001_.png,rotations_block1_vs_block6 + rotations_triangolo,S07_comic,42,scramble_A,7ae264eb2bd81aee3774653eea74c99b5709c9867c4830ed9112cece9c2380eb
C:\StabilityMatrix-win-x64\Data\Packages\ComfyUI\output\rotations_block1_vs_block6\S07_comic_s42_scramble_B_00001_.png,C:\Users\aless\Desktop\diffusion-models-weight-steering-report\recovered_renders\rotations_block1_vs_block6\S07_comic_s42_scramble_B_00001_.png,rotations_block1_vs_block6,S07_comic_s42_scramble_B_00001_.png,rotations_block1_vs_block6 + rotations_triangolo,S07_comic,42,scramble_B,0a1d238b9996ee9f3e3bd2a511358fcb8d56d5b7da6bf1c27d0c5e185dc7816a
C:\StabilityMatrix-win-x64\Data\Packages\ComfyUI\output\rotations_block1_vs_block6\S07_comic_s42_scramble_C_00001_.png,C:\Users\aless\Desktop\diffusion-models-weight-steering-report\recovered_renders\rotations_block1_vs_block6\S07_comic_s42_scramble_C_00001_.png,rotations_block1_vs_block6,S07_comic_s42_scramble_C_00001_.png,rotations_triangolo,S07_comic,42,scramble_C,9a54f27b9bf540b8882b6529953683be0b5c26c37527f2b4f281003d0a15dc1a
C:\StabilityMatrix-win-x64\Data\Packages\ComfyUI\output\rotations_block1_vs_block6\S07_comic_s42_scramble_D_00001_.png,C:\Users\aless\Desktop\diffusion-models-weight-steering-report\recovered_renders\rotations_block1_vs_block6\S07_comic_s42_scramble_D_00001_.png,rotations_block1_vs_block6,S07_comic_s42_scramble_D_00001_.png,rotations_triangolo,S07_comic,42,scramble_D,cb3a6acdde14ab2be0dfdfbcb70be8808f125f8492f611b7311cb8cd053c063e
C:\StabilityMatrix-win-x64\Data\Packages\ComfyUI\output\rotations_block1_vs_block6\S08_papercraft_s1337_Block_1_neg_00001_.png,C:\Users\aless\Desktop\diffusion-models-weight-steering-report\recovered_renders\rotations_block1_vs_block6\S08_papercraft_s1337_Block_1_neg_00001_.png,rotations_block1_vs_block6,S08_papercraft_s1337_Block_1_neg_00001_.png,rotations_block1_vs_block6 + rotations_triangolo,S08_papercraft,1337,Block_1_neg,91354a192b8b362bbf46b61df2c9cb795bd0b1b3fc7fff67eba399e96cb7a9cc
C:\StabilityMatrix-win-x64\Data\Packages\ComfyUI\output\rotations_block1_vs_block6\S08_papercraft_s1337_Block_1_pos_00001_.png,C:\Users\aless\Desktop\diffusion-models-weight-steering-report\recovered_renders\rotations_block1_vs_block6\S08_papercraft_s1337_Block_1_pos_00001_.png,rotations_block1_vs_block6,S08_papercraft_s1337_Block_1_pos_00001_.png,rotations_block1_vs_block6 + rotations_triangolo,S08_papercraft,1337,Block_1_pos,4f5763fe73341573fa0d9c0573ad35d847ec1508b80e17a89b0aaabb9fbd6bab
C:\StabilityMatrix-win-x64\Data\Packages\ComfyUI\output\rotations_block1_vs_block6\S08_papercraft_s1337_Block_3_neg_00001_.png,C:\Users\aless\Desktop\diffusion-models-weight-steering-report\recovered_renders\rotations_block1_vs_block6\S08_papercraft_s1337_Block_3_neg_00001_.png,rotations_block1_vs_block6,S08_papercraft_s1337_Block_3_neg_00001_.png,rotations_triangolo,S08_papercraft,1337,Block_3_neg,483b74a1acc4dff0c2c32c2898a0e9c4af2746af0e23e37519778dfcc5a18eed
C:\StabilityMatrix-win-x64\Data\Packages\ComfyUI\output\rotations_block1_vs_block6\S08_papercraft_s1337_Block_3_pos_00001_.png,C:\Users\aless\Desktop\diffusion-models-weight-steering-report\recovered_renders\rotations_block1_vs_block6\S08_papercraft_s1337_Block_3_pos_00001_.png,rotations_block1_vs_block6,S08_papercraft_s1337_Block_3_pos_00001_.png,rotations_triangolo,S08_papercraft,1337,Block_3_pos,a2ffeb2515522ca0ef412afd28e91a88b47401afda9ffdb74a1bcdc089b16a88
C:\StabilityMatrix-win-x64\Data\Packages\ComfyUI\output\rotations_block1_vs_block6\S08_papercraft_s1337_Block_6_neg_00001_.png,C:\Users\aless\Desktop\diffusion-models-weight-steering-report\recovered_renders\rotations_block1_vs_block6\S08_papercraft_s1337_Block_6_neg_00001_.png,rotations_block1_vs_block6,S08_papercraft_s1337_Block_6_neg_00001_.png,rotations_block1_vs_block6 + rotations_triangolo,S08_papercraft,1337,Block_6_neg,876e8518bffd83b1f63934afadbe478d0456f5db33c6396adc0cd8052e2c2ca7
C:\StabilityMatrix-win-x64\Data\Packages\ComfyUI\output\rotations_block1_vs_block6\S08_papercraft_s1337_Block_6_pos_00001_.png,C:\Users\aless\Desktop\diffusion-models-weight-steering-report\recovered_renders\rotations_block1_vs_block6\S08_papercraft_s1337_Block_6_pos_00001_.png,rotations_block1_vs_block6,S08_papercraft_s1337_Block_6_pos_00001_.png,rotations_block1_vs_block6 + rotations_triangolo,S08_papercraft,1337,Block_6_pos,91c4bda7bd44e8931e2b4d0eb8527cb6c2e27605b4ec454f0bca66e3cdfbbb03
C:\StabilityMatrix-win-x64\Data\Packages\ComfyUI\output\rotations_block1_vs_block6\S08_papercraft_s1337_baseline_00001_.png,C:\Users\aless\Desktop\diffusion-models-weight-steering-report\recovered_renders\rotations_block1_vs_block6\S08_papercraft_s1337_baseline_00001_.png,rotations_block1_vs_block6,S08_papercraft_s1337_baseline_00001_.png,rotations_block1_vs_block6 + rotations_triangolo,S08_papercraft,1337,baseline,8686227c91f0f90212889b8981056537ed264c5906602ff1376938ec7b2f7949
C:\StabilityMatrix-win-x64\Data\Packages\ComfyUI\output\rotations_block1_vs_block6\S08_papercraft_s1337_scramble_A_00001_.png,C:\Users\aless\Desktop\diffusion-models-weight-steering-report\recovered_renders\rotations_block1_vs_block6\S08_papercraft_s1337_scramble_A_00001_.png,rotations_block1_vs_block6,S08_papercraft_s1337_scramble_A_00001_.png,rotations_block1_vs_block6 + rotations_triangolo,S08_papercraft,1337,scramble_A,1dbfc7bac115eac61ece47b094224b8ec4bf47d6b2d32ca6aa40fdbb2ba3167b
C:\StabilityMatrix-win-x64\Data\Packages\ComfyUI\output\rotations_block1_vs_block6\S08_papercraft_s1337_scramble_B_00001_.png,C:\Users\aless\Desktop\diffusion-models-weight-steering-report\recovered_renders\rotations_block1_vs_block6\S08_papercraft_s1337_scramble_B_00001_.png,rotations_block1_vs_block6,S08_papercraft_s1337_scramble_B_00001_.png,rotations_block1_vs_block6 + rotations_triangolo,S08_papercraft,1337,scramble_B,51753831aa86bd540d6eaddf3678fd47194c661d4cf767117e9777383d488fe0
C:\StabilityMatrix-win-x64\Data\Packages\ComfyUI\output\rotations_block1_vs_block6\S08_papercraft_s1337_scramble_C_00001_.png,C:\Users\aless\Desktop\diffusion-models-weight-steering-report\recovered_renders\rotations_block1_vs_block6\S08_papercraft_s1337_scramble_C_00001_.png,rotations_block1_vs_block6,S08_papercraft_s1337_scramble_C_00001_.png,rotations_triangolo,S08_papercraft,1337,scramble_C,b2e94e290743e2f98be22faca456e0878de3db34fca1220f5d0581dcb8975d74
C:\StabilityMatrix-win-x64\Data\Packages\ComfyUI\output\rotations_block1_vs_block6\S08_papercraft_s1337_scramble_D_00001_.png,C:\Users\aless\Desktop\diffusion-models-weight-steering-report\recovered_renders\rotations_block1_vs_block6\S08_papercraft_s1337_scramble_D_00001_.png,rotations_block1_vs_block6,S08_papercraft_s1337_scramble_D_00001_.png,rotations_triangolo,S08_papercraft,1337,scramble_D,620bb79163c66e51d0e2806c8b55a7e16826660eed91c6d897d65c814b714209
C:\StabilityMatrix-win-x64\Data\Packages\ComfyUI\output\rotations_block1_vs_block6\S08_papercraft_s4242145_Block_1_neg_00001_.png,C:\Users\aless\Desktop\diffusion-models-weight-steering-report\recovered_renders\rotations_block1_vs_block6\S08_papercraft_s4242145_Block_1_neg_00001_.png,rotations_block1_vs_block6,S08_papercraft_s4242145_Block_1_neg_00001_.png,rotations_block1_vs_block6 + rotations_triangolo,S08_papercraft,4242145,Block_1_neg,62708c2b4490cb112b53e59d5dc9a7ed3af2d3537d6ef4320f65cd58c6a1395d
C:\StabilityMatrix-win-x64\Data\Packages\ComfyUI\output\rotations_block1_vs_block6\S08_papercraft_s4242145_Block_1_pos_00001_.png,C:\Users\aless\Desktop\diffusion-models-weight-steering-report\recovered_renders\rotations_block1_vs_block6\S08_papercraft_s4242145_Block_1_pos_00001_.png,rotations_block1_vs_block6,S08_papercraft_s4242145_Block_1_pos_00001_.png,rotations_block1_vs_block6 + rotations_triangolo,S08_papercraft,4242145,Block_1_pos,35b4a6f23c09375dcf094e1c469e1afe8012a9f8802fe464abaa57f9b7548b5b
C:\StabilityMatrix-win-x64\Data\Packages\ComfyUI\output\rotations_block1_vs_block6\S08_papercraft_s4242145_Block_3_neg_00001_.png,C:\Users\aless\Desktop\diffusion-models-weight-steering-report\recovered_renders\rotations_block1_vs_block6\S08_papercraft_s4242145_Block_3_neg_00001_.png,rotations_block1_vs_block6,S08_papercraft_s4242145_Block_3_neg_00001_.png,rotations_triangolo,S08_papercraft,4242145,Block_3_neg,4c6de347b22b1f1fa7af908a4d7c9751595cf2eeaa90ac8d21a258e3ecfb09b5
C:\StabilityMatrix-win-x64\Data\Packages\ComfyUI\output\rotations_block1_vs_block6\S08_papercraft_s4242145_Block_3_pos_00001_.png,C:\Users\aless\Desktop\diffusion-models-weight-steering-report\recovered_renders\rotations_block1_vs_block6\S08_papercraft_s4242145_Block_3_pos_00001_.png,rotations_block1_vs_block6,S08_papercraft_s4242145_Block_3_pos_00001_.png,rotations_triangolo,S08_papercraft,4242145,Block_3_pos,e4572686935d6f4e0821e2df0c2a735eea3f0c848e981b5702b5baeaf1a127cb
C:\StabilityMatrix-win-x64\Data\Packages\ComfyUI\output\rotations_block1_vs_block6\S08_papercraft_s4242145_Block_6_neg_00001_.png,C:\Users\aless\Desktop\diffusion-models-weight-steering-report\recovered_renders\rotations_block1_vs_block6\S08_papercraft_s4242145_Block_6_neg_00001_.png,rotations_block1_vs_block6,S08_papercraft_s4242145_Block_6_neg_00001_.png,rotations_block1_vs_block6 + rotations_triangolo,S08_papercraft,4242145,Block_6_neg,377e84604a5f0267820260df62764ee393d096656cf2ad766d84d6df9f205390
C:\StabilityMatrix-win-x64\Data\Packages\ComfyUI\output\rotations_block1_vs_block6\S08_papercraft_s4242145_Block_6_pos_00001_.png,C:\Users\aless\Desktop\diffusion-models-weight-steering-report\recovered_renders\rotations_block1_vs_block6\S08_papercraft_s4242145_Block_6_pos_00001_.png,rotations_block1_vs_block6,S08_papercraft_s4242145_Block_6_pos_00001_.png,rotations_block1_vs_block6 + rotations_triangolo,S08_papercraft,4242145,Block_6_pos,d4aa4646844ef05f561caf6d372ca3d3bd3c5e00800e16d74dd4d06ea69223cb
C:\StabilityMatrix-win-x64\Data\Packages\ComfyUI\output\rotations_block1_vs_block6\S08_papercraft_s4242145_baseline_00001_.png,C:\Users\aless\Desktop\diffusion-models-weight-steering-report\recovered_renders\rotations_block1_vs_block6\S08_papercraft_s4242145_baseline_00001_.png,rotations_block1_vs_block6,S08_papercraft_s4242145_baseline_00001_.png,rotations_block1_vs_block6 + rotations_triangolo,S08_papercraft,4242145,baseline,80281cab2ef3beb2dcba853f8ee15ea97b2ee8d02ea099de23067facfe48044d
C:\StabilityMatrix-win-x64\Data\Packages\ComfyUI\output\rotations_block1_vs_block6\S08_papercraft_s4242145_scramble_A_00001_.png,C:\Users\aless\Desktop\diffusion-models-weight-steering-report\recovered_renders\rotations_block1_vs_block6\S08_papercraft_s4242145_scramble_A_00001_.png,rotations_block1_vs_block6,S08_papercraft_s4242145_scramble_A_00001_.png,rotations_block1_vs_block6 + rotations_triangolo,S08_papercraft,4242145,scramble_A,d046ba269806f853292845f014ac53eef53d674f21058b59d3749610eb268474
C:\StabilityMatrix-win-x64\Data\Packages\ComfyUI\output\rotations_block1_vs_block6\S08_papercraft_s4242145_scramble_B_00001_.png,C:\Users\aless\Desktop\diffusion-models-weight-steering-report\recovered_renders\rotations_block1_vs_block6\S08_papercraft_s4242145_scramble_B_00001_.png,rotations_block1_vs_block6,S08_papercraft_s4242145_scramble_B_00001_.png,rotations_block1_vs_block6 + rotations_triangolo,S08_papercraft,4242145,scramble_B,f25d79e019f09ef5fb5fe9249d5daf7e4de939f46cbec61c7463ccd889dcabb0
C:\StabilityMatrix-win-x64\Data\Packages\ComfyUI\output\rotations_block1_vs_block6\S08_papercraft_s4242145_scramble_C_00001_.png,C:\Users\aless\Desktop\diffusion-models-weight-steering-report\recovered_renders\rotations_block1_vs_block6\S08_papercraft_s4242145_scramble_C_00001_.png,rotations_block1_vs_block6,S08_papercraft_s4242145_scramble_C_00001_.png,rotations_triangolo,S08_papercraft,4242145,scramble_C,960801cbb68080c44a722648d0cc676a626fb39badd3b9e2e866db8483304f6d
C:\StabilityMatrix-win-x64\Data\Packages\ComfyUI\output\rotations_block1_vs_block6\S08_papercraft_s4242145_scramble_D_00001_.png,C:\Users\aless\Desktop\diffusion-models-weight-steering-report\recovered_renders\rotations_block1_vs_block6\S08_papercraft_s4242145_scramble_D_00001_.png,rotations_block1_vs_block6,S08_papercraft_s4242145_scramble_D_00001_.png,rotations_triangolo,S08_papercraft,4242145,scramble_D,f344403605a20eb95c9232cb5e011a7b7c499301d5f64aa2eb12770c1e1e0d60
C:\StabilityMatrix-win-x64\Data\Packages\ComfyUI\output\rotations_block1_vs_block6\S08_papercraft_s42_Block_1_neg_00001_.png,C:\Users\aless\Desktop\diffusion-models-weight-steering-report\recovered_renders\rotations_block1_vs_block6\S08_papercraft_s42_Block_1_neg_00001_.png,rotations_block1_vs_block6,S08_papercraft_s42_Block_1_neg_00001_.png,rotations_block1_vs_block6 + rotations_triangolo,S08_papercraft,42,Block_1_neg,4872b8b49861f0c41bc07aa0e629f8c9eb7cb961bd8b8afcf1eea0e56231a167
C:\StabilityMatrix-win-x64\Data\Packages\ComfyUI\output\rotations_block1_vs_block6\S08_papercraft_s42_Block_1_pos_00001_.png,C:\Users\aless\Desktop\diffusion-models-weight-steering-report\recovered_renders\rotations_block1_vs_block6\S08_papercraft_s42_Block_1_pos_00001_.png,rotations_block1_vs_block6,S08_papercraft_s42_Block_1_pos_00001_.png,rotations_block1_vs_block6 + rotations_triangolo,S08_papercraft,42,Block_1_pos,a856d96ce939acd95e6a360df68fb3f8d83d53241f26f93767f52c5e5fb39de2
C:\StabilityMatrix-win-x64\Data\Packages\ComfyUI\output\rotations_block1_vs_block6\S08_papercraft_s42_Block_3_neg_00001_.png,C:\Users\aless\Desktop\diffusion-models-weight-steering-report\recovered_renders\rotations_block1_vs_block6\S08_papercraft_s42_Block_3_neg_00001_.png,rotations_block1_vs_block6,S08_papercraft_s42_Block_3_neg_00001_.png,rotations_triangolo,S08_papercraft,42,Block_3_neg,01c716b1a861676f17729122492ca6098aa3b6e3945407c05ecb95f1a94fee27
C:\StabilityMatrix-win-x64\Data\Packages\ComfyUI\output\rotations_block1_vs_block6\S08_papercraft_s42_Block_3_pos_00001_.png,C:\Users\aless\Desktop\diffusion-models-weight-steering-report\recovered_renders\rotations_block1_vs_block6\S08_papercraft_s42_Block_3_pos_00001_.png,rotations_block1_vs_block6,S08_papercraft_s42_Block_3_pos_00001_.png,rotations_triangolo,S08_papercraft,42,Block_3_pos,da66d8506b65fa78deba04ad0f568336d4144b0b99127032a16795b3b3281d3e
C:\StabilityMatrix-win-x64\Data\Packages\ComfyUI\output\rotations_block1_vs_block6\S08_papercraft_s42_Block_6_neg_00001_.png,C:\Users\aless\Desktop\diffusion-models-weight-steering-report\recovered_renders\rotations_block1_vs_block6\S08_papercraft_s42_Block_6_neg_00001_.png,rotations_block1_vs_block6,S08_papercraft_s42_Block_6_neg_00001_.png,rotations_block1_vs_block6 + rotations_triangolo,S08_papercraft,42,Block_6_neg,7b4cf40cb88cb791bb25c2176cc5e4b995537154e178af9bd65713e10bcaa145
C:\StabilityMatrix-win-x64\Data\Packages\ComfyUI\output\rotations_block1_vs_block6\S08_papercraft_s42_Block_6_pos_00001_.png,C:\Users\aless\Desktop\diffusion-models-weight-steering-report\recovered_renders\rotations_block1_vs_block6\S08_papercraft_s42_Block_6_pos_00001_.png,rotations_block1_vs_block6,S08_papercraft_s42_Block_6_pos_00001_.png,rotations_block1_vs_block6 + rotations_triangolo,S08_papercraft,42,Block_6_pos,358bbf119bc8bd0cffb5b1aa5b7e1dd936dd1cafdcdaf4de6d469cd61e49fd7d
C:\StabilityMatrix-win-x64\Data\Packages\ComfyUI\output\rotations_block1_vs_block6\S08_papercraft_s42_baseline_00001_.png,C:\Users\aless\Desktop\diffusion-models-weight-steering-report\recovered_renders\rotations_block1_vs_block6\S08_papercraft_s42_baseline_00001_.png,rotations_block1_vs_block6,S08_papercraft_s42_baseline_00001_.png,rotations_block1_vs_block6 + rotations_triangolo,S08_papercraft,42,baseline,61bdf6a78ded63b64f99f5fa170a95393495e7ddd733ada2bf664a20adc96917
C:\StabilityMatrix-win-x64\Data\Packages\ComfyUI\output\rotations_block1_vs_block6\S08_papercraft_s42_scramble_A_00001_.png,C:\Users\aless\Desktop\diffusion-models-weight-steering-report\recovered_renders\rotations_block1_vs_block6\S08_papercraft_s42_scramble_A_00001_.png,rotations_block1_vs_block6,S08_papercraft_s42_scramble_A_00001_.png,rotations_block1_vs_block6 + rotations_triangolo,S08_papercraft,42,scramble_A,25b9d822ac757f6df17491eb12a10e7efff842d5a41bd35ae92fc63d31fc7294
C:\StabilityMatrix-win-x64\Data\Packages\ComfyUI\output\rotations_block1_vs_block6\S08_papercraft_s42_scramble_B_00001_.png,C:\Users\aless\Desktop\diffusion-models-weight-steering-report\recovered_renders\rotations_block1_vs_block6\S08_papercraft_s42_scramble_B_00001_.png,rotations_block1_vs_block6,S08_papercraft_s42_scramble_B_00001_.png,rotations_block1_vs_block6 + rotations_triangolo,S08_papercraft,42,scramble_B,39ad882a08e6a07d94ec7213feba77e844091bf72f463eeeae8e65fc05b7304c
C:\StabilityMatrix-win-x64\Data\Packages\ComfyUI\output\rotations_block1_vs_block6\S08_papercraft_s42_scramble_C_00001_.png,C:\Users\aless\Desktop\diffusion-models-weight-steering-report\recovered_renders\rotations_block1_vs_block6\S08_papercraft_s42_scramble_C_00001_.png,rotations_block1_vs_block6,S08_papercraft_s42_scramble_C_00001_.png,rotations_triangolo,S08_papercraft,42,scramble_C,92315001b2c04ff6089df3fc4851ae08f448600e931583c229a67ffe00d703ef
C:\StabilityMatrix-win-x64\Data\Packages\ComfyUI\output\rotations_block1_vs_block6\S08_papercraft_s42_scramble_D_00001_.png,C:\Users\aless\Desktop\diffusion-models-weight-steering-report\recovered_renders\rotations_block1_vs_block6\S08_papercraft_s42_scramble_D_00001_.png,rotations_block1_vs_block6,S08_papercraft_s42_scramble_D_00001_.png,rotations_triangolo,S08_papercraft,42,scramble_D,c199f666b37d6451e998c28e4c9d75b1c59dab802ca8809f60a60424e57a4c5a
C:\StabilityMatrix-win-x64\Data\Packages\ComfyUI\output\rotations_block1_vs_block6\S09_fresco_s1337_Block_1_neg_00001_.png,C:\Users\aless\Desktop\diffusion-models-weight-steering-report\recovered_renders\rotations_block1_vs_block6\S09_fresco_s1337_Block_1_neg_00001_.png,rotations_block1_vs_block6,S09_fresco_s1337_Block_1_neg_00001_.png,rotations_block1_vs_block6 + rotations_triangolo,S09_fresco,1337,Block_1_neg,188c00361bc5088a882f2abeb0a0a811c44ce09d468cd03dfbc266260a38eed7
C:\StabilityMatrix-win-x64\Data\Packages\ComfyUI\output\rotations_block1_vs_block6\S09_fresco_s1337_Block_1_pos_00001_.png,C:\Users\aless\Desktop\diffusion-models-weight-steering-report\recovered_renders\rotations_block1_vs_block6\S09_fresco_s1337_Block_1_pos_00001_.png,rotations_block1_vs_block6,S09_fresco_s1337_Block_1_pos_00001_.png,rotations_block1_vs_block6 + rotations_triangolo,S09_fresco,1337,Block_1_pos,09dec8637f7c4b39a5477cbed014421e983f2fd22f40a8ee88fb543e6b2d33d3
C:\StabilityMatrix-win-x64\Data\Packages\ComfyUI\output\rotations_block1_vs_block6\S09_fresco_s1337_Block_3_neg_00001_.png,C:\Users\aless\Desktop\diffusion-models-weight-steering-report\recovered_renders\rotations_block1_vs_block6\S09_fresco_s1337_Block_3_neg_00001_.png,rotations_block1_vs_block6,S09_fresco_s1337_Block_3_neg_00001_.png,rotations_triangolo,S09_fresco,1337,Block_3_neg,cb709cf4d918446a904520268a25f11a0f9e10b60b919260f3ed3157e82f3238
C:\StabilityMatrix-win-x64\Data\Packages\ComfyUI\output\rotations_block1_vs_block6\S09_fresco_s1337_Block_3_pos_00001_.png,C:\Users\aless\Desktop\diffusion-models-weight-steering-report\recovered_renders\rotations_block1_vs_block6\S09_fresco_s1337_Block_3_pos_00001_.png,rotations_block1_vs_block6,S09_fresco_s1337_Block_3_pos_00001_.png,rotations_triangolo,S09_fresco,1337,Block_3_pos,d7c5c74c6d2c639f35d47283e55f74691a9da6420bdc3e932e5c3fe7a86ea03f
C:\StabilityMatrix-win-x64\Data\Packages\ComfyUI\output\rotations_block1_vs_block6\S09_fresco_s1337_Block_6_neg_00001_.png,C:\Users\aless\Desktop\diffusion-models-weight-steering-report\recovered_renders\rotations_block1_vs_block6\S09_fresco_s1337_Block_6_neg_00001_.png,rotations_block1_vs_block6,S09_fresco_s1337_Block_6_neg_00001_.png,rotations_block1_vs_block6 + rotations_triangolo,S09_fresco,1337,Block_6_neg,a25ac4227599660c5fc0e778e0fecb77cc8960309119fa0b91935c680a9097be
C:\StabilityMatrix-win-x64\Data\Packages\ComfyUI\output\rotations_block1_vs_block6\S09_fresco_s1337_Block_6_pos_00001_.png,C:\Users\aless\Desktop\diffusion-models-weight-steering-report\recovered_renders\rotations_block1_vs_block6\S09_fresco_s1337_Block_6_pos_00001_.png,rotations_block1_vs_block6,S09_fresco_s1337_Block_6_pos_00001_.png,rotations_block1_vs_block6 + rotations_triangolo,S09_fresco,1337,Block_6_pos,4af5c4c8924e60987dce485545921c2469ef66b8de14ae7cbe34678f616b7f42
C:\StabilityMatrix-win-x64\Data\Packages\ComfyUI\output\rotations_block1_vs_block6\S09_fresco_s1337_baseline_00001_.png,C:\Users\aless\Desktop\diffusion-models-weight-steering-report\recovered_renders\rotations_block1_vs_block6\S09_fresco_s1337_baseline_00001_.png,rotations_block1_vs_block6,S09_fresco_s1337_baseline_00001_.png,rotations_block1_vs_block6 + rotations_triangolo,S09_fresco,1337,baseline,85be539f7e6560103f26087781e85eea35a0a6e7673469318c549823f8bb6dbc
C:\StabilityMatrix-win-x64\Data\Packages\ComfyUI\output\rotations_block1_vs_block6\S09_fresco_s1337_scramble_A_00001_.png,C:\Users\aless\Desktop\diffusion-models-weight-steering-report\recovered_renders\rotations_block1_vs_block6\S09_fresco_s1337_scramble_A_00001_.png,rotations_block1_vs_block6,S09_fresco_s1337_scramble_A_00001_.png,rotations_block1_vs_block6 + rotations_triangolo,S09_fresco,1337,scramble_A,0cc806da7c2a71b470068340021b2a9935664932aba42aca95edb2c37e832783
C:\StabilityMatrix-win-x64\Data\Packages\ComfyUI\output\rotations_block1_vs_block6\S09_fresco_s1337_scramble_B_00001_.png,C:\Users\aless\Desktop\diffusion-models-weight-steering-report\recovered_renders\rotations_block1_vs_block6\S09_fresco_s1337_scramble_B_00001_.png,rotations_block1_vs_block6,S09_fresco_s1337_scramble_B_00001_.png,rotations_block1_vs_block6 + rotations_triangolo,S09_fresco,1337,scramble_B,6e499e6d8008e5161cdb65730b75bf5d8e07d672174798a03d66a3c9531db43e
C:\StabilityMatrix-win-x64\Data\Packages\ComfyUI\output\rotations_block1_vs_block6\S09_fresco_s1337_scramble_C_00001_.png,C:\Users\aless\Desktop\diffusion-models-weight-steering-report\recovered_renders\rotations_block1_vs_block6\S09_fresco_s1337_scramble_C_00001_.png,rotations_block1_vs_block6,S09_fresco_s1337_scramble_C_00001_.png,rotations_triangolo,S09_fresco,1337,scramble_C,dbd7d3c0dbb687dd2204695f87bd6b1f984504d37904af5f39b979be444c1b08
C:\StabilityMatrix-win-x64\Data\Packages\ComfyUI\output\rotations_block1_vs_block6\S09_fresco_s1337_scramble_D_00001_.png,C:\Users\aless\Desktop\diffusion-models-weight-steering-report\recovered_renders\rotations_block1_vs_block6\S09_fresco_s1337_scramble_D_00001_.png,rotations_block1_vs_block6,S09_fresco_s1337_scramble_D_00001_.png,rotations_triangolo,S09_fresco,1337,scramble_D,b9edf02356a251b60099b2e477e354f9e6e4bfd11f9c25a8809f04417a9ffa01
C:\StabilityMatrix-win-x64\Data\Packages\ComfyUI\output\rotations_block1_vs_block6\S09_fresco_s4242145_Block_1_neg_00001_.png,C:\Users\aless\Desktop\diffusion-models-weight-steering-report\recovered_renders\rotations_block1_vs_block6\S09_fresco_s4242145_Block_1_neg_00001_.png,rotations_block1_vs_block6,S09_fresco_s4242145_Block_1_neg_00001_.png,rotations_block1_vs_block6 + rotations_triangolo,S09_fresco,4242145,Block_1_neg,8191f337455b394edb0cd6df7e3a2e9723ed1bc4e36bc1b591cf606e7bb13bec
C:\StabilityMatrix-win-x64\Data\Packages\ComfyUI\output\rotations_block1_vs_block6\S09_fresco_s4242145_Block_1_pos_00001_.png,C:\Users\aless\Desktop\diffusion-models-weight-steering-report\recovered_renders\rotations_block1_vs_block6\S09_fresco_s4242145_Block_1_pos_00001_.png,rotations_block1_vs_block6,S09_fresco_s4242145_Block_1_pos_00001_.png,rotations_block1_vs_block6 + rotations_triangolo,S09_fresco,4242145,Block_1_pos,f9bfb0901f383429bea53b7d17e395ea49b5a9dd975575f7f6e8beedd0da614a
C:\StabilityMatrix-win-x64\Data\Packages\ComfyUI\output\rotations_block1_vs_block6\S09_fresco_s4242145_Block_3_neg_00001_.png,C:\Users\aless\Desktop\diffusion-models-weight-steering-report\recovered_renders\rotations_block1_vs_block6\S09_fresco_s4242145_Block_3_neg_00001_.png,rotations_block1_vs_block6,S09_fresco_s4242145_Block_3_neg_00001_.png,rotations_triangolo,S09_fresco,4242145,Block_3_neg,0575f5bfd9630f489eda36037d1eb2a60efd47c2a719d07bdea3bed7ed173593
C:\StabilityMatrix-win-x64\Data\Packages\ComfyUI\output\rotations_block1_vs_block6\S09_fresco_s4242145_Block_3_pos_00001_.png,C:\Users\aless\Desktop\diffusion-models-weight-steering-report\recovered_renders\rotations_block1_vs_block6\S09_fresco_s4242145_Block_3_pos_00001_.png,rotations_block1_vs_block6,S09_fresco_s4242145_Block_3_pos_00001_.png,rotations_triangolo,S09_fresco,4242145,Block_3_pos,bcd8b0e513e0e3e69e52badbd715aae6d766b86219e30974d13bb899f3131f75
C:\StabilityMatrix-win-x64\Data\Packages\ComfyUI\output\rotations_block1_vs_block6\S09_fresco_s4242145_Block_6_neg_00001_.png,C:\Users\aless\Desktop\diffusion-models-weight-steering-report\recovered_renders\rotations_block1_vs_block6\S09_fresco_s4242145_Block_6_neg_00001_.png,rotations_block1_vs_block6,S09_fresco_s4242145_Block_6_neg_00001_.png,rotations_block1_vs_block6 + rotations_triangolo,S09_fresco,4242145,Block_6_neg,c7e4b5cf796bd3b10efc56e28abf165887a00a7269821c2429640d252037845a
C:\StabilityMatrix-win-x64\Data\Packages\ComfyUI\output\rotations_block1_vs_block6\S09_fresco_s4242145_Block_6_pos_00001_.png,C:\Users\aless\Desktop\diffusion-models-weight-steering-report\recovered_renders\rotations_block1_vs_block6\S09_fresco_s4242145_Block_6_pos_00001_.png,rotations_block1_vs_block6,S09_fresco_s4242145_Block_6_pos_00001_.png,rotations_block1_vs_block6 + rotations_triangolo,S09_fresco,4242145,Block_6_pos,554dc3656678693b12b3c4dfa638a6e0d59e827f524bdfd6a5d53c6bb7d8a0b4
C:\StabilityMatrix-win-x64\Data\Packages\ComfyUI\output\rotations_block1_vs_block6\S09_fresco_s4242145_baseline_00001_.png,C:\Users\aless\Desktop\diffusion-models-weight-steering-report\recovered_renders\rotations_block1_vs_block6\S09_fresco_s4242145_baseline_00001_.png,rotations_block1_vs_block6,S09_fresco_s4242145_baseline_00001_.png,rotations_block1_vs_block6 + rotations_triangolo,S09_fresco,4242145,baseline,b13f8f6dced00d6db6b4a27a892155f2fbd0cd0ff836ce3d3871ed8a93c4966a
C:\StabilityMatrix-win-x64\Data\Packages\ComfyUI\output\rotations_block1_vs_block6\S09_fresco_s4242145_scramble_A_00001_.png,C:\Users\aless\Desktop\diffusion-models-weight-steering-report\recovered_renders\rotations_block1_vs_block6\S09_fresco_s4242145_scramble_A_00001_.png,rotations_block1_vs_block6,S09_fresco_s4242145_scramble_A_00001_.png,rotations_block1_vs_block6 + rotations_triangolo,S09_fresco,4242145,scramble_A,43277dea98ab43919388f98f13ba42948e3c78622389d03ec7ea468160dbe73e
C:\StabilityMatrix-win-x64\Data\Packages\ComfyUI\output\rotations_block1_vs_block6\S09_fresco_s4242145_scramble_B_00001_.png,C:\Users\aless\Desktop\diffusion-models-weight-steering-report\recovered_renders\rotations_block1_vs_block6\S09_fresco_s4242145_scramble_B_00001_.png,rotations_block1_vs_block6,S09_fresco_s4242145_scramble_B_00001_.png,rotations_block1_vs_block6 + rotations_triangolo,S09_fresco,4242145,scramble_B,461af226ae3c2166875dc090bc257c74abc990746ac88b91f630014f0193acbd
C:\StabilityMatrix-win-x64\Data\Packages\ComfyUI\output\rotations_block1_vs_block6\S09_fresco_s4242145_scramble_C_00001_.png,C:\Users\aless\Desktop\diffusion-models-weight-steering-report\recovered_renders\rotations_block1_vs_block6\S09_fresco_s4242145_scramble_C_00001_.png,rotations_block1_vs_block6,S09_fresco_s4242145_scramble_C_00001_.png,rotations_triangolo,S09_fresco,4242145,scramble_C,102c2464cecf39b028df55ba33c4ff88089161248f8958292cc4db19b551d911
C:\StabilityMatrix-win-x64\Data\Packages\ComfyUI\output\rotations_block1_vs_block6\S09_fresco_s4242145_scramble_D_00001_.png,C:\Users\aless\Desktop\diffusion-models-weight-steering-report\recovered_renders\rotations_block1_vs_block6\S09_fresco_s4242145_scramble_D_00001_.png,rotations_block1_vs_block6,S09_fresco_s4242145_scramble_D_00001_.png,rotations_triangolo,S09_fresco,4242145,scramble_D,e108913efe7a31ec811fbcf619c6fefd95d56bbd8b9377cfcf1ceab82e4ec37b
C:\StabilityMatrix-win-x64\Data\Packages\ComfyUI\output\rotations_block1_vs_block6\S09_fresco_s42_Block_1_neg_00001_.png,C:\Users\aless\Desktop\diffusion-models-weight-steering-report\recovered_renders\rotations_block1_vs_block6\S09_fresco_s42_Block_1_neg_00001_.png,rotations_block1_vs_block6,S09_fresco_s42_Block_1_neg_00001_.png,rotations_block1_vs_block6 + rotations_triangolo,S09_fresco,42,Block_1_neg,f926872928c2b78d0918b654d384b7998eb0250bf8e667f1851bdb9b9b79aa72
C:\StabilityMatrix-win-x64\Data\Packages\ComfyUI\output\rotations_block1_vs_block6\S09_fresco_s42_Block_1_pos_00001_.png,C:\Users\aless\Desktop\diffusion-models-weight-steering-report\recovered_renders\rotations_block1_vs_block6\S09_fresco_s42_Block_1_pos_00001_.png,rotations_block1_vs_block6,S09_fresco_s42_Block_1_pos_00001_.png,rotations_block1_vs_block6 + rotations_triangolo,S09_fresco,42,Block_1_pos,917f4422b00651075a0139bd7f7d5973e7dc1477bb97c7435b162e0c65bf135d
C:\StabilityMatrix-win-x64\Data\Packages\ComfyUI\output\rotations_block1_vs_block6\S09_fresco_s42_Block_3_neg_00001_.png,C:\Users\aless\Desktop\diffusion-models-weight-steering-report\recovered_renders\rotations_block1_vs_block6\S09_fresco_s42_Block_3_neg_00001_.png,rotations_block1_vs_block6,S09_fresco_s42_Block_3_neg_00001_.png,rotations_triangolo,S09_fresco,42,Block_3_neg,ea5b8a29989c45c12256a734a58dd102a0a1961e1d973236a00ebe8f1fe7e471
C:\StabilityMatrix-win-x64\Data\Packages\ComfyUI\output\rotations_block1_vs_block6\S09_fresco_s42_Block_3_pos_00001_.png,C:\Users\aless\Desktop\diffusion-models-weight-steering-report\recovered_renders\rotations_block1_vs_block6\S09_fresco_s42_Block_3_pos_00001_.png,rotations_block1_vs_block6,S09_fresco_s42_Block_3_pos_00001_.png,rotations_triangolo,S09_fresco,42,Block_3_pos,75aa9f39e24f634a5a94397401f239607f21f80cca10da4a7b65d6932ae8bc21
C:\StabilityMatrix-win-x64\Data\Packages\ComfyUI\output\rotations_block1_vs_block6\S09_fresco_s42_Block_6_neg_00001_.png,C:\Users\aless\Desktop\diffusion-models-weight-steering-report\recovered_renders\rotations_block1_vs_block6\S09_fresco_s42_Block_6_neg_00001_.png,rotations_block1_vs_block6,S09_fresco_s42_Block_6_neg_00001_.png,rotations_block1_vs_block6 + rotations_triangolo,S09_fresco,42,Block_6_neg,54b006348f44422bab21a14932066c1e9eb9700156721d67fbf302e6830b5a1d
C:\StabilityMatrix-win-x64\Data\Packages\ComfyUI\output\rotations_block1_vs_block6\S09_fresco_s42_Block_6_pos_00001_.png,C:\Users\aless\Desktop\diffusion-models-weight-steering-report\recovered_renders\rotations_block1_vs_block6\S09_fresco_s42_Block_6_pos_00001_.png,rotations_block1_vs_block6,S09_fresco_s42_Block_6_pos_00001_.png,rotations_block1_vs_block6 + rotations_triangolo,S09_fresco,42,Block_6_pos,52e9d759eb677f62d2a760edf518c18ae77d4408b46dc2c487e240b03b2e1003
C:\StabilityMatrix-win-x64\Data\Packages\ComfyUI\output\rotations_block1_vs_block6\S09_fresco_s42_baseline_00001_.png,C:\Users\aless\Desktop\diffusion-models-weight-steering-report\recovered_renders\rotations_block1_vs_block6\S09_fresco_s42_baseline_00001_.png,rotations_block1_vs_block6,S09_fresco_s42_baseline_00001_.png,rotations_block1_vs_block6 + rotations_triangolo,S09_fresco,42,baseline,a4eb6fd3d26f730ddf471439fb8c838a449bae45471ecf89ca4bc8c628bd6db4
C:\StabilityMatrix-win-x64\Data\Packages\ComfyUI\output\rotations_block1_vs_block6\S09_fresco_s42_scramble_A_00001_.png,C:\Users\aless\Desktop\diffusion-models-weight-steering-report\recovered_renders\rotations_block1_vs_block6\S09_fresco_s42_scramble_A_00001_.png,rotations_block1_vs_block6,S09_fresco_s42_scramble_A_00001_.png,rotations_block1_vs_block6 + rotations_triangolo,S09_fresco,42,scramble_A,8674c21f01170ab0b9561cb93ad3831b10996d73943b0c147097aeaf184c4cb7
C:\StabilityMatrix-win-x64\Data\Packages\ComfyUI\output\rotations_block1_vs_block6\S09_fresco_s42_scramble_B_00001_.png,C:\Users\aless\Desktop\diffusion-models-weight-steering-report\recovered_renders\rotations_block1_vs_block6\S09_fresco_s42_scramble_B_00001_.png,rotations_block1_vs_block6,S09_fresco_s42_scramble_B_00001_.png,rotations_block1_vs_block6 + rotations_triangolo,S09_fresco,42,scramble_B,182f9019543cd2d5e9b47894e84ab2a75728baa85a642e6dece6be218c75f7b9
C:\StabilityMatrix-win-x64\Data\Packages\ComfyUI\output\rotations_block1_vs_block6\S09_fresco_s42_scramble_C_00001_.png,C:\Users\aless\Desktop\diffusion-models-weight-steering-report\recovered_renders\rotations_block1_vs_block6\S09_fresco_s42_scramble_C_00001_.png,rotations_block1_vs_block6,S09_fresco_s42_scramble_C_00001_.png,rotations_triangolo,S09_fresco,42,scramble_C,9a79a199e47bf70b66829ff3426612dd939274629c4480aa35b6b7c4135c22df
C:\StabilityMatrix-win-x64\Data\Packages\ComfyUI\output\rotations_block1_vs_block6\S09_fresco_s42_scramble_D_00001_.png,C:\Users\aless\Desktop\diffusion-models-weight-steering-report\recovered_renders\rotations_block1_vs_block6\S09_fresco_s42_scramble_D_00001_.png,rotations_block1_vs_block6,S09_fresco_s42_scramble_D_00001_.png,rotations_triangolo,S09_fresco,42,scramble_D,bdd5e7bb471ca4cea649ecbe0991acd6fb94d98e2865de37c056dcd294e6aa0b
C:\StabilityMatrix-win-x64\Data\Packages\ComfyUI\output\rotations_block1_vs_block6\S10_synthwave_s1337_Block_1_neg_00001_.png,C:\Users\aless\Desktop\diffusion-models-weight-steering-report\recovered_renders\rotations_block1_vs_block6\S10_synthwave_s1337_Block_1_neg_00001_.png,rotations_block1_vs_block6,S10_synthwave_s1337_Block_1_neg_00001_.png,rotations_block1_vs_block6 + rotations_triangolo,S10_synthwave,1337,Block_1_neg,e80f1f3350b947ae29b7c9c00fe5606aaaeca3e5d26cfb285a4276caf3167164
C:\StabilityMatrix-win-x64\Data\Packages\ComfyUI\output\rotations_block1_vs_block6\S10_synthwave_s1337_Block_1_pos_00001_.png,C:\Users\aless\Desktop\diffusion-models-weight-steering-report\recovered_renders\rotations_block1_vs_block6\S10_synthwave_s1337_Block_1_pos_00001_.png,rotations_block1_vs_block6,S10_synthwave_s1337_Block_1_pos_00001_.png,rotations_block1_vs_block6 + rotations_triangolo,S10_synthwave,1337,Block_1_pos,298fec117a2c64749f18086a03628ac6feaf1ad5e53d3ce882635f0a8db68f57
C:\StabilityMatrix-win-x64\Data\Packages\ComfyUI\output\rotations_block1_vs_block6\S10_synthwave_s1337_Block_3_neg_00001_.png,C:\Users\aless\Desktop\diffusion-models-weight-steering-report\recovered_renders\rotations_block1_vs_block6\S10_synthwave_s1337_Block_3_neg_00001_.png,rotations_block1_vs_block6,S10_synthwave_s1337_Block_3_neg_00001_.png,rotations_triangolo,S10_synthwave,1337,Block_3_neg,1aaaeaf76313f25307a4ba0af32afb67670cf63014b3ef173dabbc15a7cce723
C:\StabilityMatrix-win-x64\Data\Packages\ComfyUI\output\rotations_block1_vs_block6\S10_synthwave_s1337_Block_3_pos_00001_.png,C:\Users\aless\Desktop\diffusion-models-weight-steering-report\recovered_renders\rotations_block1_vs_block6\S10_synthwave_s1337_Block_3_pos_00001_.png,rotations_block1_vs_block6,S10_synthwave_s1337_Block_3_pos_00001_.png,rotations_triangolo,S10_synthwave,1337,Block_3_pos,78ded528a13655f4d46225fcafc1f494f2b30ca67ee6f582841ea2d3ab26a7f0
C:\StabilityMatrix-win-x64\Data\Packages\ComfyUI\output\rotations_block1_vs_block6\S10_synthwave_s1337_Block_6_neg_00001_.png,C:\Users\aless\Desktop\diffusion-models-weight-steering-report\recovered_renders\rotations_block1_vs_block6\S10_synthwave_s1337_Block_6_neg_00001_.png,rotations_block1_vs_block6,S10_synthwave_s1337_Block_6_neg_00001_.png,rotations_block1_vs_block6 + rotations_triangolo,S10_synthwave,1337,Block_6_neg,27eff01e4c6a35c6179dcdcf5feb5c1d60c9754418ff9141e4f808c27fca2fd2
C:\StabilityMatrix-win-x64\Data\Packages\ComfyUI\output\rotations_block1_vs_block6\S10_synthwave_s1337_Block_6_pos_00001_.png,C:\Users\aless\Desktop\diffusion-models-weight-steering-report\recovered_renders\rotations_block1_vs_block6\S10_synthwave_s1337_Block_6_pos_00001_.png,rotations_block1_vs_block6,S10_synthwave_s1337_Block_6_pos_00001_.png,rotations_block1_vs_block6 + rotations_triangolo,S10_synthwave,1337,Block_6_pos,8aadea6dd4809a84a1f2d9232bb945bb26170ea74fadda408930b1b645c616dc
C:\StabilityMatrix-win-x64\Data\Packages\ComfyUI\output\rotations_block1_vs_block6\S10_synthwave_s1337_baseline_00001_.png,C:\Users\aless\Desktop\diffusion-models-weight-steering-report\recovered_renders\rotations_block1_vs_block6\S10_synthwave_s1337_baseline_00001_.png,rotations_block1_vs_block6,S10_synthwave_s1337_baseline_00001_.png,rotations_block1_vs_block6 + rotations_triangolo,S10_synthwave,1337,baseline,eb8fc3964d57e6432b912949d9a298b9582e2a1d93dd161cdf06bb6538fbccda
C:\StabilityMatrix-win-x64\Data\Packages\ComfyUI\output\rotations_block1_vs_block6\S10_synthwave_s1337_scramble_A_00001_.png,C:\Users\aless\Desktop\diffusion-models-weight-steering-report\recovered_renders\rotations_block1_vs_block6\S10_synthwave_s1337_scramble_A_00001_.png,rotations_block1_vs_block6,S10_synthwave_s1337_scramble_A_00001_.png,rotations_block1_vs_block6 + rotations_triangolo,S10_synthwave,1337,scramble_A,70bb7d638eb54c8a13bc920c9e564ec9c0c75a697193ad537e63b7cff9f3beaf
C:\StabilityMatrix-win-x64\Data\Packages\ComfyUI\output\rotations_block1_vs_block6\S10_synthwave_s1337_scramble_B_00001_.png,C:\Users\aless\Desktop\diffusion-models-weight-steering-report\recovered_renders\rotations_block1_vs_block6\S10_synthwave_s1337_scramble_B_00001_.png,rotations_block1_vs_block6,S10_synthwave_s1337_scramble_B_00001_.png,rotations_block1_vs_block6 + rotations_triangolo,S10_synthwave,1337,scramble_B,8a7c87b464f0c1321f7e8d9198c294ec965516501a267f8c7a1bcac4cddd1b73
C:\StabilityMatrix-win-x64\Data\Packages\ComfyUI\output\rotations_block1_vs_block6\S10_synthwave_s1337_scramble_C_00001_.png,C:\Users\aless\Desktop\diffusion-models-weight-steering-report\recovered_renders\rotations_block1_vs_block6\S10_synthwave_s1337_scramble_C_00001_.png,rotations_block1_vs_block6,S10_synthwave_s1337_scramble_C_00001_.png,rotations_triangolo,S10_synthwave,1337,scramble_C,4d21a4af851a4e5d09cc97c4cc3b04982444c5dda75c0db1e593fb4011473cea
C:\StabilityMatrix-win-x64\Data\Packages\ComfyUI\output\rotations_block1_vs_block6\S10_synthwave_s1337_scramble_D_00001_.png,C:\Users\aless\Desktop\diffusion-models-weight-steering-report\recovered_renders\rotations_block1_vs_block6\S10_synthwave_s1337_scramble_D_00001_.png,rotations_block1_vs_block6,S10_synthwave_s1337_scramble_D_00001_.png,rotations_triangolo,S10_synthwave,1337,scramble_D,1030ed682a8cd2128a8bee9cf354245c8fd5e863201ff84445ab77afb80c42d7
C:\StabilityMatrix-win-x64\Data\Packages\ComfyUI\output\rotations_block1_vs_block6\S10_synthwave_s4242145_Block_1_neg_00001_.png,C:\Users\aless\Desktop\diffusion-models-weight-steering-report\recovered_renders\rotations_block1_vs_block6\S10_synthwave_s4242145_Block_1_neg_00001_.png,rotations_block1_vs_block6,S10_synthwave_s4242145_Block_1_neg_00001_.png,rotations_block1_vs_block6 + rotations_triangolo,S10_synthwave,4242145,Block_1_neg,d10503a0013d429702a18e2f6b72759bde50876d246c439ab4d78af5fee09659
C:\StabilityMatrix-win-x64\Data\Packages\ComfyUI\output\rotations_block1_vs_block6\S10_synthwave_s4242145_Block_1_pos_00001_.png,C:\Users\aless\Desktop\diffusion-models-weight-steering-report\recovered_renders\rotations_block1_vs_block6\S10_synthwave_s4242145_Block_1_pos_00001_.png,rotations_block1_vs_block6,S10_synthwave_s4242145_Block_1_pos_00001_.png,rotations_block1_vs_block6 + rotations_triangolo,S10_synthwave,4242145,Block_1_pos,aff2200d05ef7ff83b3d71e26bc982342f37a0a7df4b0115d144ea594f1d0c7b
C:\StabilityMatrix-win-x64\Data\Packages\ComfyUI\output\rotations_block1_vs_block6\S10_synthwave_s4242145_Block_3_neg_00001_.png,C:\Users\aless\Desktop\diffusion-models-weight-steering-report\recovered_renders\rotations_block1_vs_block6\S10_synthwave_s4242145_Block_3_neg_00001_.png,rotations_block1_vs_block6,S10_synthwave_s4242145_Block_3_neg_00001_.png,rotations_triangolo,S10_synthwave,4242145,Block_3_neg,c50adc730f60913caece7e15b45ae034d1ce1f02f24fe87e9a4d2635f0d4906b
C:\StabilityMatrix-win-x64\Data\Packages\ComfyUI\output\rotations_block1_vs_block6\S10_synthwave_s4242145_Block_3_pos_00001_.png,C:\Users\aless\Desktop\diffusion-models-weight-steering-report\recovered_renders\rotations_block1_vs_block6\S10_synthwave_s4242145_Block_3_pos_00001_.png,rotations_block1_vs_block6,S10_synthwave_s4242145_Block_3_pos_00001_.png,rotations_triangolo,S10_synthwave,4242145,Block_3_pos,5926e7b1a0f3713c4da9d231379b732457a31c3c6f6bbfbc2beb9ea671a13c2c
C:\StabilityMatrix-win-x64\Data\Packages\ComfyUI\output\rotations_block1_vs_block6\S10_synthwave_s4242145_Block_6_neg_00001_.png,C:\Users\aless\Desktop\diffusion-models-weight-steering-report\recovered_renders\rotations_block1_vs_block6\S10_synthwave_s4242145_Block_6_neg_00001_.png,rotations_block1_vs_block6,S10_synthwave_s4242145_Block_6_neg_00001_.png,rotations_block1_vs_block6 + rotations_triangolo,S10_synthwave,4242145,Block_6_neg,f7327a881a2e1a8e0012f27fa3692bb35f10df33c585e3f102a0d6e3a57a5bf5
C:\StabilityMatrix-win-x64\Data\Packages\ComfyUI\output\rotations_block1_vs_block6\S10_synthwave_s4242145_Block_6_pos_00001_.png,C:\Users\aless\Desktop\diffusion-models-weight-steering-report\recovered_renders\rotations_block1_vs_block6\S10_synthwave_s4242145_Block_6_pos_00001_.png,rotations_block1_vs_block6,S10_synthwave_s4242145_Block_6_pos_00001_.png,rotations_block1_vs_block6 + rotations_triangolo,S10_synthwave,4242145,Block_6_pos,5e21161e147c209f12625dd428a4061f46718ee8628477a388a35650a6fdaef6
C:\StabilityMatrix-win-x64\Data\Packages\ComfyUI\output\rotations_block1_vs_block6\S10_synthwave_s4242145_baseline_00001_.png,C:\Users\aless\Desktop\diffusion-models-weight-steering-report\recovered_renders\rotations_block1_vs_block6\S10_synthwave_s4242145_baseline_00001_.png,rotations_block1_vs_block6,S10_synthwave_s4242145_baseline_00001_.png,rotations_block1_vs_block6 + rotations_triangolo,S10_synthwave,4242145,baseline,a0360a7a40c27d98de5ddc42c111527e77c33f4a150803505c55d91266b20007
C:\StabilityMatrix-win-x64\Data\Packages\ComfyUI\output\rotations_block1_vs_block6\S10_synthwave_s4242145_scramble_A_00001_.png,C:\Users\aless\Desktop\diffusion-models-weight-steering-report\recovered_renders\rotations_block1_vs_block6\S10_synthwave_s4242145_scramble_A_00001_.png,rotations_block1_vs_block6,S10_synthwave_s4242145_scramble_A_00001_.png,rotations_block1_vs_block6 + rotations_triangolo,S10_synthwave,4242145,scramble_A,143a37132f4f0986acd39e91107a4bcf56640a4434372eeca0bc5a3d67d32dc8
C:\StabilityMatrix-win-x64\Data\Packages\ComfyUI\output\rotations_block1_vs_block6\S10_synthwave_s4242145_scramble_B_00001_.png,C:\Users\aless\Desktop\diffusion-models-weight-steering-report\recovered_renders\rotations_block1_vs_block6\S10_synthwave_s4242145_scramble_B_00001_.png,rotations_block1_vs_block6,S10_synthwave_s4242145_scramble_B_00001_.png,rotations_block1_vs_block6 + rotations_triangolo,S10_synthwave,4242145,scramble_B,776d92d8b0c540dc5a0555acc9be81920c6cb466614cc26761a36da34d659226
C:\StabilityMatrix-win-x64\Data\Packages\ComfyUI\output\rotations_block1_vs_block6\S10_synthwave_s4242145_scramble_C_00001_.png,C:\Users\aless\Desktop\diffusion-models-weight-steering-report\recovered_renders\rotations_block1_vs_block6\S10_synthwave_s4242145_scramble_C_00001_.png,rotations_block1_vs_block6,S10_synthwave_s4242145_scramble_C_00001_.png,rotations_triangolo,S10_synthwave,4242145,scramble_C,975c81342d046edc0c637dc0e7ba6a9b1c9c336f6c47cb292fbbd8930fec656c
C:\StabilityMatrix-win-x64\Data\Packages\ComfyUI\output\rotations_block1_vs_block6\S10_synthwave_s4242145_scramble_D_00001_.png,C:\Users\aless\Desktop\diffusion-models-weight-steering-report\recovered_renders\rotations_block1_vs_block6\S10_synthwave_s4242145_scramble_D_00001_.png,rotations_block1_vs_block6,S10_synthwave_s4242145_scramble_D_00001_.png,rotations_triangolo,S10_synthwave,4242145,scramble_D,4fed4c95b499f789501e7355eca50bf73c3db83990e09524963edc7480168cfa
C:\StabilityMatrix-win-x64\Data\Packages\ComfyUI\output\rotations_block1_vs_block6\S10_synthwave_s42_Block_1_neg_00001_.png,C:\Users\aless\Desktop\diffusion-models-weight-steering-report\recovered_renders\rotations_block1_vs_block6\S10_synthwave_s42_Block_1_neg_00001_.png,rotations_block1_vs_block6,S10_synthwave_s42_Block_1_neg_00001_.png,rotations_block1_vs_block6 + rotations_triangolo,S10_synthwave,42,Block_1_neg,ea04414e204eb7d4154a4fea292fcee188d372b80eb63eadefa770b89ebe217b
C:\StabilityMatrix-win-x64\Data\Packages\ComfyUI\output\rotations_block1_vs_block6\S10_synthwave_s42_Block_1_pos_00001_.png,C:\Users\aless\Desktop\diffusion-models-weight-steering-report\recovered_renders\rotations_block1_vs_block6\S10_synthwave_s42_Block_1_pos_00001_.png,rotations_block1_vs_block6,S10_synthwave_s42_Block_1_pos_00001_.png,rotations_block1_vs_block6 + rotations_triangolo,S10_synthwave,42,Block_1_pos,b2fe6cdace426ff89eaca138594a1ea3a5b1ea8831d106972f3d3a3a9f8b5b1c
C:\StabilityMatrix-win-x64\Data\Packages\ComfyUI\output\rotations_block1_vs_block6\S10_synthwave_s42_Block_3_neg_00001_.png,C:\Users\aless\Desktop\diffusion-models-weight-steering-report\recovered_renders\rotations_block1_vs_block6\S10_synthwave_s42_Block_3_neg_00001_.png,rotations_block1_vs_block6,S10_synthwave_s42_Block_3_neg_00001_.png,rotations_triangolo,S10_synthwave,42,Block_3_neg,d5eb61708bd2d8a9a0653e1a920a3f0e70db04c751b440ef71aa75dd1a3d7e0c
C:\StabilityMatrix-win-x64\Data\Packages\ComfyUI\output\rotations_block1_vs_block6\S10_synthwave_s42_Block_3_pos_00001_.png,C:\Users\aless\Desktop\diffusion-models-weight-steering-report\recovered_renders\rotations_block1_vs_block6\S10_synthwave_s42_Block_3_pos_00001_.png,rotations_block1_vs_block6,S10_synthwave_s42_Block_3_pos_00001_.png,rotations_triangolo,S10_synthwave,42,Block_3_pos,dadefdbbde249add18705b001d4adaa67ee1d20c03804f556b06286c939993fd
C:\StabilityMatrix-win-x64\Data\Packages\ComfyUI\output\rotations_block1_vs_block6\S10_synthwave_s42_Block_6_neg_00001_.png,C:\Users\aless\Desktop\diffusion-models-weight-steering-report\recovered_renders\rotations_block1_vs_block6\S10_synthwave_s42_Block_6_neg_00001_.png,rotations_block1_vs_block6,S10_synthwave_s42_Block_6_neg_00001_.png,rotations_block1_vs_block6 + rotations_triangolo,S10_synthwave,42,Block_6_neg,edbd59eeb81ea25a8b3a8267a1d1ddab9c016dd641b57e68416c40dae511a830
C:\StabilityMatrix-win-x64\Data\Packages\ComfyUI\output\rotations_block1_vs_block6\S10_synthwave_s42_Block_6_pos_00001_.png,C:\Users\aless\Desktop\diffusion-models-weight-steering-report\recovered_renders\rotations_block1_vs_block6\S10_synthwave_s42_Block_6_pos_00001_.png,rotations_block1_vs_block6,S10_synthwave_s42_Block_6_pos_00001_.png,rotations_block1_vs_block6 + rotations_triangolo,S10_synthwave,42,Block_6_pos,be4fd497e8434fc7b96559c865e520ba1477c9702d70afed4a340f28e5980527
C:\StabilityMatrix-win-x64\Data\Packages\ComfyUI\output\rotations_block1_vs_block6\S10_synthwave_s42_baseline_00001_.png,C:\Users\aless\Desktop\diffusion-models-weight-steering-report\recovered_renders\rotations_block1_vs_block6\S10_synthwave_s42_baseline_00001_.png,rotations_block1_vs_block6,S10_synthwave_s42_baseline_00001_.png,rotations_block1_vs_block6 + rotations_triangolo,S10_synthwave,42,baseline,8edb07bb6cc27357d0de6fa642c64026a8547b95324ba1640e791434dca6f40c
C:\StabilityMatrix-win-x64\Data\Packages\ComfyUI\output\rotations_block1_vs_block6\S10_synthwave_s42_scramble_A_00001_.png,C:\Users\aless\Desktop\diffusion-models-weight-steering-report\recovered_renders\rotations_block1_vs_block6\S10_synthwave_s42_scramble_A_00001_.png,rotations_block1_vs_block6,S10_synthwave_s42_scramble_A_00001_.png,rotations_block1_vs_block6 + rotations_triangolo,S10_synthwave,42,scramble_A,743f19c5306e475737e1b4cfe39287affd15b0637c69ed3ef9ab735ec7cf913e
C:\StabilityMatrix-win-x64\Data\Packages\ComfyUI\output\rotations_block1_vs_block6\S10_synthwave_s42_scramble_B_00001_.png,C:\Users\aless\Desktop\diffusion-models-weight-steering-report\recovered_renders\rotations_block1_vs_block6\S10_synthwave_s42_scramble_B_00001_.png,rotations_block1_vs_block6,S10_synthwave_s42_scramble_B_00001_.png,rotations_block1_vs_block6 + rotations_triangolo,S10_synthwave,42,scramble_B,d2d305cd54ed299af59ea86263a79fce0dccf88adef9ecace87ec6e4cfe7c03d
C:\StabilityMatrix-win-x64\Data\Packages\ComfyUI\output\rotations_block1_vs_block6\S10_synthwave_s42_scramble_C_00001_.png,C:\Users\aless\Desktop\diffusion-models-weight-steering-report\recovered_renders\rotations_block1_vs_block6\S10_synthwave_s42_scramble_C_00001_.png,rotations_block1_vs_block6,S10_synthwave_s42_scramble_C_00001_.png,rotations_triangolo,S10_synthwave,42,scramble_C,ab86a9e2aaf12061da023177c89bfb1ee4def0627e6b5cf53c3622e298fe8c10
C:\StabilityMatrix-win-x64\Data\Packages\ComfyUI\output\rotations_block1_vs_block6\S10_synthwave_s42_scramble_D_00001_.png,C:\Users\aless\Desktop\diffusion-models-weight-steering-report\recovered_renders\rotations_block1_vs_block6\S10_synthwave_s42_scramble_D_00001_.png,rotations_block1_vs_block6,S10_synthwave_s42_scramble_D_00001_.png,rotations_triangolo,S10_synthwave,42,scramble_D,3b6c7aa860c8d1e36a84a2f3a53bd912f5dc8740eb199c24e0a31f93c1a86bb6
