bench,file,coherence,band0,band1,band2,band3,band4,variance,chroma,hue_deg
benchmark_mappa--renders,A01_Block_1neg_0.050_krea2_seed1337_00001_.png,0.630572,0.00151236,0.00174074,0.00188484,0.00202890,0.00264151,0.143811,0.24040,16.61
benchmark_mappa--renders,A01_Block_1neg_0.050_krea2_seed42_00001_.png,0.637573,0.00145374,0.00180251,0.00202031,0.00202778,0.00232339,0.142865,0.27035,11.18
benchmark_mappa--renders,A01_Block_1neg_0.050_krea2_seed777_00001_.png,0.645788,0.00168901,0.00201207,0.00204145,0.00205874,0.00255277,0.145279,0.23894,5.37
benchmark_mappa--renders,A01_Block_1pos_0.020_krea2_seed1337_00001_.png,0.629350,0.00134065,0.00151475,0.00154796,0.00178524,0.00249995,0.143651,0.22558,10.12
benchmark_mappa--renders,A01_Block_1pos_0.020_krea2_seed42_00001_.png,0.638735,0.00147984,0.00161677,0.00167593,0.00177427,0.00220084,0.139712,0.25193,5.67
benchmark_mappa--renders,A01_Block_1pos_0.020_krea2_seed777_00001_.png,0.642267,0.00147459,0.00173358,0.00180798,0.00191213,0.00255914,0.142842,0.25929,9.07
benchmark_mappa--renders,A01_Block_1pos_0.035_krea2_seed1337_00001_.png,0.624065,0.00147228,0.00156457,0.00159217,0.00175458,0.00248079,0.141502,0.23736,10.09
benchmark_mappa--renders,A01_Block_1pos_0.035_krea2_seed42_00001_.png,0.624177,0.00140483,0.00152161,0.00156233,0.00165066,0.00206982,0.140073,0.24236,358.72
benchmark_mappa--renders,A01_Block_1pos_0.035_krea2_seed777_00001_.png,0.640890,0.00143667,0.00169507,0.00178716,0.00191683,0.00257714,0.141909,0.26838,7.33
benchmark_mappa--renders,A01_Block_1pos_0.050_krea2_seed1337_00001_.png,0.607962,0.00139447,0.00149918,0.00155508,0.00174833,0.00252996,0.143306,0.23368,12.90
benchmark_mappa--renders,A01_Block_1pos_0.050_krea2_seed42_00001_.png,0.624680,0.00138402,0.00152896,0.00156587,0.00164525,0.00209366,0.140770,0.24569,355.98
benchmark_mappa--renders,A01_Block_1pos_0.050_krea2_seed777_00001_.png,0.631054,0.00143144,0.00164632,0.00168892,0.00183134,0.00253972,0.141750,0.26609,359.39
benchmark_mappa--renders,A01_Block_1pos_0.080_krea2_seed1337_00001_.png,0.627864,0.00135367,0.00157487,0.00172821,0.00196211,0.00273711,0.140795,0.24095,12.76
benchmark_mappa--renders,A01_Block_1pos_0.080_krea2_seed42_00001_.png,0.629718,0.00125444,0.00132367,0.00135654,0.00153175,0.00215150,0.139147,0.27670,11.57
benchmark_mappa--renders,A01_Block_1pos_0.080_krea2_seed777_00001_.png,0.610259,0.00140576,0.00157815,0.00161572,0.00182160,0.00255792,0.141908,0.22610,341.14
benchmark_mappa--renders,A01_Block_1pos_0.120_krea2_seed1337_00001_.png,0.625958,0.00138039,0.00154782,0.00157948,0.00182156,0.00268528,0.135610,0.23193,13.41
benchmark_mappa--renders,A01_Block_1pos_0.120_krea2_seed42_00001_.png,0.588488,0.00104909,0.00108899,0.00112185,0.00136611,0.00198696,0.146826,0.22463,7.31
benchmark_mappa--renders,A01_Block_1pos_0.120_krea2_seed777_00001_.png,0.618400,0.00128220,0.00140374,0.00141752,0.00171760,0.00267377,0.145969,0.21318,331.17
benchmark_mappa--renders,A01_Block_1pos_0.200_krea2_seed1337_00001_.png,0.580145,0.00125680,0.00101130,0.00105607,0.00146284,0.00238348,0.155650,0.21760,1.20
benchmark_mappa--renders,A01_Block_1pos_0.200_krea2_seed42_00001_.png,0.587150,0.00129210,0.00113236,0.00117084,0.00152709,0.00220814,0.152988,0.24710,12.86
benchmark_mappa--renders,A01_Block_1pos_0.200_krea2_seed777_00001_.png,0.611461,0.00116332,0.00096249,0.00105677,0.00153308,0.00262811,0.143507,0.20584,6.51
benchmark_mappa--renders,A01_Block_6neg_0.050_krea2_seed1337_00001_.png,0.562578,0.00129363,0.00140222,0.00152527,0.00180820,0.00261529,0.148881,0.19111,341.88
benchmark_mappa--renders,A01_Block_6neg_0.050_krea2_seed42_00001_.png,0.584964,0.00134202,0.00140402,0.00145463,0.00165345,0.00218235,0.149124,0.23870,350.80
benchmark_mappa--renders,A01_Block_6neg_0.050_krea2_seed777_00001_.png,0.584677,0.00140786,0.00153199,0.00153031,0.00173216,0.00243597,0.148483,0.20187,346.94
benchmark_mappa--renders,A01_Block_6pos_0.020_krea2_seed1337_00001_.png,0.638477,0.00148039,0.00169392,0.00174500,0.00188238,0.00258766,0.142099,0.20764,11.24
benchmark_mappa--renders,A01_Block_6pos_0.020_krea2_seed42_00001_.png,0.648707,0.00141522,0.00165668,0.00177679,0.00183052,0.00216939,0.137537,0.25042,8.36
benchmark_mappa--renders,A01_Block_6pos_0.020_krea2_seed777_00001_.png,0.652856,0.00162077,0.00191878,0.00193767,0.00197128,0.00250921,0.138501,0.23839,13.35
benchmark_mappa--renders,A01_Block_6pos_0.035_krea2_seed1337_00001_.png,0.640876,0.00146094,0.00170444,0.00181341,0.00194962,0.00253684,0.140324,0.22469,15.60
benchmark_mappa--renders,A01_Block_6pos_0.035_krea2_seed42_00001_.png,0.651523,0.00147036,0.00169184,0.00178230,0.00180902,0.00213794,0.135109,0.24573,13.44
benchmark_mappa--renders,A01_Block_6pos_0.035_krea2_seed777_00001_.png,0.655467,0.00166665,0.00196045,0.00191952,0.00188579,0.00238803,0.135528,0.23262,15.26
benchmark_mappa--renders,A01_Block_6pos_0.050_krea2_seed1337_00001_.png,0.639337,0.00149181,0.00174246,0.00182710,0.00189025,0.00240293,0.135176,0.22150,12.35
benchmark_mappa--renders,A01_Block_6pos_0.050_krea2_seed42_00001_.png,0.649856,0.00159117,0.00183769,0.00191887,0.00192592,0.00224695,0.132847,0.24104,11.83
benchmark_mappa--renders,A01_Block_6pos_0.050_krea2_seed777_00001_.png,0.654205,0.00167281,0.00199692,0.00198704,0.00193434,0.00241018,0.131523,0.22691,18.10
benchmark_mappa--renders,A01_Block_6pos_0.080_krea2_seed1337_00001_.png,0.633073,0.00154535,0.00180650,0.00190654,0.00192109,0.00243443,0.128616,0.21842,16.73
benchmark_mappa--renders,A01_Block_6pos_0.080_krea2_seed42_00001_.png,0.646138,0.00156221,0.00178342,0.00184753,0.00186394,0.00222033,0.125929,0.23879,8.64
benchmark_mappa--renders,A01_Block_6pos_0.080_krea2_seed777_00001_.png,0.660154,0.00166614,0.00201287,0.00203815,0.00194032,0.00238132,0.125829,0.22927,17.59
benchmark_mappa--renders,A01_Block_6pos_0.120_krea2_seed1337_00001_.png,0.649380,0.00158579,0.00192052,0.00200444,0.00187082,0.00225902,0.117436,0.22431,15.67
benchmark_mappa--renders,A01_Block_6pos_0.120_krea2_seed42_00001_.png,0.641876,0.00153006,0.00182022,0.00196271,0.00188198,0.00211330,0.116364,0.24283,11.46
benchmark_mappa--renders,A01_Block_6pos_0.120_krea2_seed777_00001_.png,0.659859,0.00165132,0.00211843,0.00218708,0.00193511,0.00217765,0.118619,0.23535,17.60
benchmark_mappa--renders,A01_Block_6pos_0.200_krea2_seed1337_00001_.png,0.642373,0.00138569,0.00192093,0.00218591,0.00189418,0.00203868,0.096051,0.24366,17.88
benchmark_mappa--renders,A01_Block_6pos_0.200_krea2_seed42_00001_.png,0.640052,0.00132944,0.00189458,0.00222818,0.00190778,0.00193292,0.091012,0.24764,19.80
benchmark_mappa--renders,A01_Block_6pos_0.200_krea2_seed777_00001_.png,0.627148,0.00137149,0.00189617,0.00207719,0.00179588,0.00190743,0.095409,0.24181,20.39
benchmark_mappa--renders,A01_baseline_krea2_seed1337_00001_.png,0.628098,0.00145440,0.00162886,0.00171688,0.00191895,0.00265514,0.145259,0.24966,17.54
benchmark_mappa--renders,A01_baseline_krea2_seed42_00001_.png,0.638963,0.00140337,0.00163015,0.00179722,0.00185618,0.00220482,0.140308,0.24496,5.31
benchmark_mappa--renders,A01_baseline_krea2_seed777_00001_.png,0.643350,0.00154485,0.00174587,0.00175695,0.00185864,0.00244702,0.142875,0.25783,3.92
benchmark_mappa--renders,P01_Block_1neg_0.020_krea2_seed1337_00001_.png,0.611450,0.00138950,0.00142405,0.00130661,0.00111445,0.00114818,0.041835,0.29320,5.20
benchmark_mappa--renders,P01_Block_1neg_0.020_krea2_seed42_00001_.png,0.612774,0.00142212,0.00131329,0.00117684,0.00101780,0.00111123,0.038763,0.31232,4.45
benchmark_mappa--renders,P01_Block_1neg_0.020_krea2_seed777_00001_.png,0.606496,0.00137289,0.00143375,0.00130556,0.00114709,0.00123190,0.040677,0.31850,10.51
benchmark_mappa--renders,P01_Block_1neg_0.035_krea2_seed1337_00001_.png,0.607717,0.00140424,0.00144843,0.00137617,0.00121222,0.00122420,0.042268,0.28854,4.77
benchmark_mappa--renders,P01_Block_1neg_0.035_krea2_seed42_00001_.png,0.611624,0.00144569,0.00134208,0.00120353,0.00101616,0.00105615,0.039231,0.31212,5.07
benchmark_mappa--renders,P01_Block_1neg_0.035_krea2_seed777_00001_.png,0.601596,0.00137422,0.00143557,0.00129003,0.00113008,0.00121832,0.040871,0.32307,10.67
benchmark_mappa--renders,P01_Block_1neg_0.050_krea2_seed1337_00001_.png,0.606275,0.00139904,0.00144134,0.00135575,0.00116559,0.00118151,0.041831,0.31129,5.96
benchmark_mappa--renders,P01_Block_1neg_0.050_krea2_seed42_00001_.png,0.623557,0.00150592,0.00141484,0.00127785,0.00110920,0.00111800,0.040110,0.32017,7.79
benchmark_mappa--renders,P01_Block_1neg_0.050_krea2_seed777_00001_.png,0.610730,0.00138814,0.00148943,0.00135928,0.00112224,0.00115306,0.040159,0.31316,9.47
benchmark_mappa--renders,P01_Block_1neg_0.080_krea2_seed1337_00001_.png,0.616302,0.00149982,0.00149491,0.00140881,0.00128485,0.00131080,0.042946,0.31331,5.22
benchmark_mappa--renders,P01_Block_1neg_0.080_krea2_seed42_00001_.png,0.608107,0.00157915,0.00153601,0.00137083,0.00116923,0.00114946,0.040724,0.34904,7.04
benchmark_mappa--renders,P01_Block_1neg_0.080_krea2_seed777_00001_.png,0.610860,0.00145478,0.00150205,0.00134700,0.00118464,0.00123331,0.041226,0.33046,6.04
benchmark_mappa--renders,P01_Block_1neg_0.120_krea2_seed1337_00001_.png,0.619492,0.00160927,0.00170970,0.00159433,0.00129498,0.00123546,0.043187,0.33404,2.50
benchmark_mappa--renders,P01_Block_1neg_0.120_krea2_seed42_00001_.png,0.605378,0.00164877,0.00166188,0.00146177,0.00122107,0.00120404,0.042418,0.37161,8.07
benchmark_mappa--renders,P01_Block_1neg_0.120_krea2_seed777_00001_.png,0.607384,0.00151582,0.00171506,0.00152961,0.00123806,0.00131835,0.042886,0.35828,2.95
benchmark_mappa--renders,P01_Block_1neg_0.200_krea2_seed1337_00001_.png,0.623399,0.00164783,0.00201688,0.00184242,0.00137321,0.00123969,0.041692,0.34717,8.42
benchmark_mappa--renders,P01_Block_1neg_0.200_krea2_seed42_00001_.png,0.621122,0.00170057,0.00194623,0.00168916,0.00132751,0.00121597,0.042446,0.39563,11.24
benchmark_mappa--renders,P01_Block_1neg_0.200_krea2_seed777_00001_.png,0.609550,0.00155395,0.00178882,0.00158617,0.00123642,0.00117996,0.039257,0.36732,2.61
benchmark_mappa--renders,P01_Block_1pos_0.020_krea2_seed1337_00001_.png,0.610927,0.00129058,0.00129228,0.00118691,0.00102527,0.00106663,0.039292,0.27441,357.13
benchmark_mappa--renders,P01_Block_1pos_0.020_krea2_seed42_00001_.png,0.611035,0.00133618,0.00120933,0.00109738,0.00096761,0.00102688,0.036823,0.29668,10.56
benchmark_mappa--renders,P01_Block_1pos_0.020_krea2_seed777_00001_.png,0.599202,0.00130751,0.00131724,0.00116223,0.00105034,0.00114552,0.039539,0.28994,7.64
benchmark_mappa--renders,P01_Block_1pos_0.035_krea2_seed1337_00001_.png,0.610820,0.00127057,0.00125892,0.00113994,0.00099184,0.00104618,0.037556,0.26633,359.70
benchmark_mappa--renders,P01_Block_1pos_0.035_krea2_seed42_00001_.png,0.599001,0.00132764,0.00118481,0.00105890,0.00095240,0.00102382,0.036861,0.28591,9.55
benchmark_mappa--renders,P01_Block_1pos_0.035_krea2_seed777_00001_.png,0.593595,0.00132197,0.00131760,0.00113471,0.00100207,0.00108605,0.039712,0.28689,7.90
benchmark_mappa--renders,P01_Block_1pos_0.050_krea2_seed1337_00001_.png,0.600378,0.00126391,0.00123026,0.00110045,0.00096376,0.00102606,0.036919,0.26968,1.99
benchmark_mappa--renders,P01_Block_1pos_0.050_krea2_seed42_00001_.png,0.592778,0.00128588,0.00113261,0.00098323,0.00089007,0.00099276,0.036044,0.28366,10.87
benchmark_mappa--renders,P01_Block_1pos_0.050_krea2_seed777_00001_.png,0.590563,0.00126213,0.00123341,0.00107269,0.00095354,0.00105759,0.038221,0.28624,8.16
benchmark_mappa--renders,P01_Block_1pos_0.080_krea2_seed1337_00001_.png,0.597920,0.00119175,0.00111826,0.00098119,0.00090647,0.00100478,0.035757,0.26888,9.29
benchmark_mappa--renders,P01_Block_1pos_0.080_krea2_seed42_00001_.png,0.592387,0.00123347,0.00106056,0.00093105,0.00086562,0.00095769,0.034504,0.26692,9.13
benchmark_mappa--renders,P01_Block_1pos_0.080_krea2_seed777_00001_.png,0.598333,0.00119694,0.00109213,0.00094071,0.00086210,0.00096348,0.036406,0.28292,6.20
benchmark_mappa--renders,P01_Block_1pos_0.120_krea2_seed1337_00001_.png,0.591070,0.00111482,0.00097875,0.00086866,0.00079835,0.00090792,0.034104,0.27130,6.59
benchmark_mappa--renders,P01_Block_1pos_0.120_krea2_seed42_00001_.png,0.581248,0.00119160,0.00096228,0.00081942,0.00077788,0.00086720,0.032689,0.25619,9.73
benchmark_mappa--renders,P01_Block_1pos_0.120_krea2_seed777_00001_.png,0.593797,0.00118510,0.00104717,0.00087072,0.00083195,0.00099523,0.034012,0.29254,13.95
benchmark_mappa--renders,P01_Block_1pos_0.200_krea2_seed1337_00001_.png,0.582409,0.00094191,0.00074426,0.00066470,0.00066615,0.00085120,0.030364,0.26835,13.78
benchmark_mappa--renders,P01_Block_1pos_0.200_krea2_seed42_00001_.png,0.595915,0.00097184,0.00072442,0.00059841,0.00058246,0.00071971,0.027987,0.26597,7.42
benchmark_mappa--renders,P01_Block_1pos_0.200_krea2_seed777_00001_.png,0.597768,0.00106442,0.00080719,0.00069224,0.00069232,0.00085900,0.030326,0.26015,6.52
benchmark_mappa--renders,P01_Block_2neg_0.020_krea2_seed1337_00001_.png,0.613128,0.00134456,0.00135171,0.00126083,0.00109760,0.00111155,0.039830,0.27713,0.25
benchmark_mappa--renders,P01_Block_2neg_0.020_krea2_seed42_00001_.png,0.609211,0.00140133,0.00126864,0.00113675,0.00102854,0.00107661,0.038407,0.29507,7.18
benchmark_mappa--renders,P01_Block_2neg_0.020_krea2_seed777_00001_.png,0.597916,0.00130829,0.00135290,0.00120372,0.00104628,0.00111999,0.039113,0.29637,6.88
benchmark_mappa--renders,P01_Block_2neg_0.035_krea2_seed1337_00001_.png,0.604344,0.00134126,0.00136009,0.00122472,0.00108585,0.00115175,0.040926,0.28074,4.65
benchmark_mappa--renders,P01_Block_2neg_0.035_krea2_seed42_00001_.png,0.606581,0.00137728,0.00123590,0.00107177,0.00091738,0.00100082,0.037392,0.29392,5.46
benchmark_mappa--renders,P01_Block_2neg_0.035_krea2_seed777_00001_.png,0.597175,0.00132480,0.00140720,0.00127256,0.00111080,0.00117210,0.040454,0.29670,6.10
benchmark_mappa--renders,P01_Block_2neg_0.050_krea2_seed1337_00001_.png,0.608386,0.00132578,0.00134492,0.00123846,0.00106212,0.00110272,0.039568,0.28353,3.70
benchmark_mappa--renders,P01_Block_2neg_0.050_krea2_seed42_00001_.png,0.599201,0.00132331,0.00123751,0.00108063,0.00092196,0.00101490,0.037004,0.29321,3.37
benchmark_mappa--renders,P01_Block_2neg_0.050_krea2_seed777_00001_.png,0.597146,0.00132633,0.00140229,0.00129171,0.00116670,0.00121945,0.041055,0.29493,5.01
benchmark_mappa--renders,P01_Block_2neg_0.080_krea2_seed1337_00001_.png,0.597058,0.00129070,0.00134346,0.00120153,0.00105690,0.00107588,0.039488,0.27789,6.32
benchmark_mappa--renders,P01_Block_2neg_0.080_krea2_seed42_00001_.png,0.599373,0.00129846,0.00123628,0.00108339,0.00095918,0.00098489,0.036834,0.29638,3.56
benchmark_mappa--renders,P01_Block_2neg_0.080_krea2_seed777_00001_.png,0.598837,0.00132145,0.00141584,0.00128335,0.00116469,0.00119374,0.041138,0.30055,4.90
benchmark_mappa--renders,P01_Block_2neg_0.120_krea2_seed1337_00001_.png,0.600258,0.00131598,0.00130721,0.00116411,0.00099891,0.00102050,0.039000,0.29235,359.24
benchmark_mappa--renders,P01_Block_2neg_0.120_krea2_seed42_00001_.png,0.598148,0.00126086,0.00121665,0.00106771,0.00095820,0.00104494,0.036755,0.29419,0.91
benchmark_mappa--renders,P01_Block_2neg_0.120_krea2_seed777_00001_.png,0.595077,0.00133833,0.00133338,0.00123984,0.00109786,0.00113349,0.040528,0.30689,2.95
benchmark_mappa--renders,P01_Block_2neg_0.200_krea2_seed1337_00001_.png,0.607509,0.00132107,0.00131401,0.00117382,0.00107339,0.00113261,0.038941,0.28876,356.52
benchmark_mappa--renders,P01_Block_2neg_0.200_krea2_seed42_00001_.png,0.624144,0.00128431,0.00119618,0.00107928,0.00103588,0.00111378,0.038147,0.29963,2.82
benchmark_mappa--renders,P01_Block_2neg_0.200_krea2_seed777_00001_.png,0.612284,0.00125608,0.00131736,0.00115938,0.00100631,0.00095539,0.038754,0.29905,357.86
benchmark_mappa--renders,P01_Block_2pos_0.020_krea2_seed1337_00001_.png,0.613796,0.00136749,0.00131685,0.00121115,0.00107776,0.00110644,0.039811,0.28584,2.25
benchmark_mappa--renders,P01_Block_2pos_0.020_krea2_seed42_00001_.png,0.610078,0.00139540,0.00128099,0.00115946,0.00103687,0.00112136,0.038821,0.30594,9.11
benchmark_mappa--renders,P01_Block_2pos_0.020_krea2_seed777_00001_.png,0.609614,0.00136643,0.00141543,0.00124551,0.00109430,0.00115502,0.039045,0.30743,8.98
benchmark_mappa--renders,P01_Block_2pos_0.035_krea2_seed1337_00001_.png,0.611398,0.00135838,0.00131388,0.00119901,0.00105649,0.00111904,0.039554,0.28426,4.89
benchmark_mappa--renders,P01_Block_2pos_0.035_krea2_seed42_00001_.png,0.611916,0.00138722,0.00127597,0.00113909,0.00101756,0.00106289,0.037671,0.30049,8.44
benchmark_mappa--renders,P01_Block_2pos_0.035_krea2_seed777_00001_.png,0.610894,0.00132075,0.00139173,0.00126601,0.00108364,0.00117135,0.038762,0.31479,8.89
benchmark_mappa--renders,P01_Block_2pos_0.050_krea2_seed1337_00001_.png,0.610464,0.00137413,0.00132628,0.00123796,0.00110096,0.00113181,0.039638,0.28892,4.08
benchmark_mappa--renders,P01_Block_2pos_0.050_krea2_seed42_00001_.png,0.597974,0.00136168,0.00120506,0.00102727,0.00089563,0.00096687,0.036284,0.32757,12.42
benchmark_mappa--renders,P01_Block_2pos_0.050_krea2_seed777_00001_.png,0.614537,0.00130139,0.00133682,0.00123008,0.00107115,0.00111203,0.038359,0.30147,8.52
benchmark_mappa--renders,P01_Block_2pos_0.080_krea2_seed1337_00001_.png,0.613031,0.00133225,0.00129634,0.00118222,0.00105367,0.00110953,0.038333,0.28810,3.68
benchmark_mappa--renders,P01_Block_2pos_0.080_krea2_seed42_00001_.png,0.597045,0.00139284,0.00124593,0.00106859,0.00095604,0.00098206,0.036263,0.31972,14.54
benchmark_mappa--renders,P01_Block_2pos_0.080_krea2_seed777_00001_.png,0.606590,0.00136858,0.00135092,0.00121175,0.00100677,0.00105494,0.037572,0.31255,10.62
benchmark_mappa--renders,P01_Block_2pos_0.120_krea2_seed1337_00001_.png,0.619170,0.00135115,0.00129763,0.00121976,0.00109678,0.00111404,0.037480,0.30054,6.89
benchmark_mappa--renders,P01_Block_2pos_0.120_krea2_seed42_00001_.png,0.596863,0.00141403,0.00128961,0.00113342,0.00094930,0.00097032,0.036706,0.31321,10.62
benchmark_mappa--renders,P01_Block_2pos_0.120_krea2_seed777_00001_.png,0.613693,0.00138642,0.00139341,0.00131748,0.00110657,0.00113648,0.039930,0.30665,11.68
benchmark_mappa--renders,P01_Block_2pos_0.200_krea2_seed1337_00001_.png,0.638939,0.00140436,0.00131060,0.00119375,0.00103004,0.00111414,0.037889,0.30170,6.85
benchmark_mappa--renders,P01_Block_2pos_0.200_krea2_seed42_00001_.png,0.629987,0.00139499,0.00135891,0.00124198,0.00102623,0.00105627,0.037391,0.31966,9.68
benchmark_mappa--renders,P01_Block_2pos_0.200_krea2_seed777_00001_.png,0.622947,0.00134270,0.00133253,0.00123983,0.00111384,0.00111460,0.040585,0.32224,19.04
benchmark_mappa--renders,P01_Block_3neg_0.020_krea2_seed1337_00001_.png,0.610196,0.00129683,0.00130265,0.00119351,0.00102918,0.00106830,0.038603,0.28906,359.01
benchmark_mappa--renders,P01_Block_3neg_0.020_krea2_seed42_00001_.png,0.607828,0.00134863,0.00125895,0.00110974,0.00095472,0.00105621,0.037091,0.30255,7.06
benchmark_mappa--renders,P01_Block_3neg_0.020_krea2_seed777_00001_.png,0.602989,0.00131497,0.00138298,0.00123455,0.00109899,0.00114248,0.039196,0.28956,6.13
benchmark_mappa--renders,P01_Block_3neg_0.035_krea2_seed1337_00001_.png,0.600088,0.00127163,0.00131070,0.00120675,0.00100888,0.00105343,0.037657,0.28000,5.00
benchmark_mappa--renders,P01_Block_3neg_0.035_krea2_seed42_00001_.png,0.608413,0.00136680,0.00129701,0.00115622,0.00100040,0.00112153,0.037600,0.29182,6.97
benchmark_mappa--renders,P01_Block_3neg_0.035_krea2_seed777_00001_.png,0.609376,0.00130937,0.00135893,0.00123137,0.00107551,0.00109871,0.038830,0.29288,5.62
benchmark_mappa--renders,P01_Block_3neg_0.050_krea2_seed1337_00001_.png,0.592934,0.00132988,0.00129505,0.00121691,0.00105308,0.00113740,0.038704,0.29982,7.57
benchmark_mappa--renders,P01_Block_3neg_0.050_krea2_seed42_00001_.png,0.613000,0.00135581,0.00128941,0.00115796,0.00097916,0.00107197,0.036873,0.29372,6.45
benchmark_mappa--renders,P01_Block_3neg_0.050_krea2_seed777_00001_.png,0.599229,0.00127411,0.00133819,0.00124674,0.00110722,0.00111049,0.038050,0.29128,3.69
benchmark_mappa--renders,P01_Block_3neg_0.080_krea2_seed1337_00001_.png,0.594419,0.00127172,0.00132329,0.00125548,0.00105822,0.00106489,0.037259,0.28476,1.61
benchmark_mappa--renders,P01_Block_3neg_0.080_krea2_seed42_00001_.png,0.603141,0.00129386,0.00122981,0.00115531,0.00099703,0.00108906,0.035297,0.32273,0.96
benchmark_mappa--renders,P01_Block_3neg_0.080_krea2_seed777_00001_.png,0.605466,0.00127403,0.00138611,0.00129695,0.00111244,0.00114662,0.038714,0.29517,2.42
benchmark_mappa--renders,P01_Block_3neg_0.120_krea2_seed1337_00001_.png,0.594288,0.00132504,0.00135908,0.00131956,0.00112240,0.00110591,0.037207,0.29390,0.55
benchmark_mappa--renders,P01_Block_3neg_0.120_krea2_seed42_00001_.png,0.604295,0.00129618,0.00127758,0.00119230,0.00098218,0.00104273,0.034141,0.33050,5.50
benchmark_mappa--renders,P01_Block_3neg_0.120_krea2_seed777_00001_.png,0.596787,0.00132122,0.00137947,0.00132009,0.00113233,0.00119397,0.036615,0.30218,1.33
benchmark_mappa--renders,P01_Block_3neg_0.200_krea2_seed1337_00001_.png,0.601105,0.00128618,0.00135879,0.00134777,0.00115647,0.00129684,0.037187,0.33863,6.44
benchmark_mappa--renders,P01_Block_3neg_0.200_krea2_seed42_00001_.png,0.606146,0.00127509,0.00122146,0.00112334,0.00098570,0.00108442,0.031859,0.36741,17.66
benchmark_mappa--renders,P01_Block_3neg_0.200_krea2_seed777_00001_.png,0.618573,0.00126588,0.00135037,0.00138773,0.00117195,0.00113421,0.033523,0.33825,358.39
benchmark_mappa--renders,P01_Block_3pos_0.020_krea2_seed1337_00001_.png,0.606056,0.00137623,0.00133920,0.00121083,0.00108107,0.00116708,0.041298,0.28359,5.10
benchmark_mappa--renders,P01_Block_3pos_0.020_krea2_seed42_00001_.png,0.601991,0.00136888,0.00121741,0.00107244,0.00095166,0.00106964,0.037800,0.29655,6.36
benchmark_mappa--renders,P01_Block_3pos_0.020_krea2_seed777_00001_.png,0.602947,0.00130459,0.00136043,0.00123728,0.00108760,0.00114064,0.039331,0.30024,5.02
benchmark_mappa--renders,P01_Block_3pos_0.035_krea2_seed1337_00001_.png,0.611279,0.00136579,0.00133448,0.00120848,0.00105341,0.00111708,0.040807,0.29035,4.09
benchmark_mappa--renders,P01_Block_3pos_0.035_krea2_seed42_00001_.png,0.607549,0.00138356,0.00124272,0.00107473,0.00096604,0.00109619,0.037769,0.30657,4.29
benchmark_mappa--renders,P01_Block_3pos_0.035_krea2_seed777_00001_.png,0.607378,0.00134497,0.00136051,0.00114601,0.00103423,0.00115541,0.038132,0.31190,9.23
benchmark_mappa--renders,P01_Block_3pos_0.050_krea2_seed1337_00001_.png,0.620773,0.00137958,0.00133068,0.00119079,0.00103156,0.00108404,0.039407,0.30210,7.77
benchmark_mappa--renders,P01_Block_3pos_0.050_krea2_seed42_00001_.png,0.604783,0.00139959,0.00126887,0.00110376,0.00097941,0.00109765,0.038382,0.32330,7.24
benchmark_mappa--renders,P01_Block_3pos_0.050_krea2_seed777_00001_.png,0.604439,0.00133229,0.00128205,0.00109408,0.00097659,0.00107269,0.037823,0.31350,3.84
benchmark_mappa--renders,P01_Block_3pos_0.080_krea2_seed1337_00001_.png,0.620974,0.00151517,0.00143869,0.00124587,0.00108591,0.00116945,0.041134,0.31628,10.02
benchmark_mappa--renders,P01_Block_3pos_0.080_krea2_seed42_00001_.png,0.618664,0.00145772,0.00130501,0.00111628,0.00103024,0.00120500,0.037895,0.33339,3.38
benchmark_mappa--renders,P01_Block_3pos_0.080_krea2_seed777_00001_.png,0.606677,0.00139658,0.00125521,0.00106809,0.00094255,0.00104713,0.037029,0.32090,2.02
benchmark_mappa--renders,P01_Block_3pos_0.120_krea2_seed1337_00001_.png,0.623542,0.00154313,0.00150900,0.00129675,0.00108687,0.00121794,0.041354,0.34164,5.73
benchmark_mappa--renders,P01_Block_3pos_0.120_krea2_seed42_00001_.png,0.636543,0.00157562,0.00137146,0.00113294,0.00102096,0.00116911,0.039011,0.35570,356.19
benchmark_mappa--renders,P01_Block_3pos_0.120_krea2_seed777_00001_.png,0.641513,0.00156998,0.00141617,0.00116588,0.00106400,0.00120490,0.038654,0.35364,0.84
benchmark_mappa--renders,P01_Block_3pos_0.200_krea2_seed1337_00001_.png,0.623623,0.00150637,0.00138593,0.00109081,0.00100315,0.00114499,0.039424,0.36379,356.44
benchmark_mappa--renders,P01_Block_3pos_0.200_krea2_seed42_00001_.png,0.642340,0.00160289,0.00121793,0.00093025,0.00093209,0.00119161,0.036314,0.42432,355.80
benchmark_mappa--renders,P01_Block_3pos_0.200_krea2_seed777_00001_.png,0.635651,0.00157805,0.00149282,0.00117735,0.00102942,0.00112724,0.038545,0.36279,354.55
benchmark_mappa--renders,P01_Block_4neg_0.020_krea2_seed1337_00001_.png,0.614670,0.00133228,0.00136040,0.00123861,0.00104741,0.00111651,0.039546,0.27433,7.89
benchmark_mappa--renders,P01_Block_4neg_0.020_krea2_seed42_00001_.png,0.606426,0.00134580,0.00123700,0.00106984,0.00096106,0.00107212,0.036901,0.30404,11.85
benchmark_mappa--renders,P01_Block_4neg_0.020_krea2_seed777_00001_.png,0.605372,0.00135998,0.00144241,0.00127030,0.00112935,0.00122749,0.040567,0.29770,10.77
benchmark_mappa--renders,P01_Block_4neg_0.035_krea2_seed1337_00001_.png,0.615124,0.00133678,0.00134161,0.00122548,0.00105315,0.00110656,0.039577,0.27794,12.22
benchmark_mappa--renders,P01_Block_4neg_0.035_krea2_seed42_00001_.png,0.603640,0.00134018,0.00121493,0.00106667,0.00094660,0.00103264,0.036583,0.29265,10.92
benchmark_mappa--renders,P01_Block_4neg_0.035_krea2_seed777_00001_.png,0.603455,0.00136725,0.00144647,0.00126594,0.00112541,0.00123647,0.040768,0.30104,15.95
benchmark_mappa--renders,P01_Block_4neg_0.050_krea2_seed1337_00001_.png,0.610422,0.00131891,0.00132034,0.00119325,0.00102911,0.00111763,0.039294,0.27945,14.44
benchmark_mappa--renders,P01_Block_4neg_0.050_krea2_seed42_00001_.png,0.608326,0.00134131,0.00128305,0.00110152,0.00097761,0.00106330,0.037610,0.30778,17.18
benchmark_mappa--renders,P01_Block_4neg_0.050_krea2_seed777_00001_.png,0.601207,0.00133258,0.00139295,0.00122322,0.00111195,0.00124055,0.040235,0.30245,14.26
benchmark_mappa--renders,P01_Block_4neg_0.080_krea2_seed1337_00001_.png,0.621021,0.00132111,0.00135106,0.00121418,0.00104370,0.00114015,0.039784,0.28118,18.72
benchmark_mappa--renders,P01_Block_4neg_0.080_krea2_seed42_00001_.png,0.598417,0.00135270,0.00130185,0.00111093,0.00098882,0.00104618,0.039057,0.33935,21.80
benchmark_mappa--renders,P01_Block_4neg_0.080_krea2_seed777_00001_.png,0.614205,0.00132227,0.00138767,0.00122512,0.00109205,0.00121307,0.039543,0.32186,18.30
benchmark_mappa--renders,P01_Block_4neg_0.120_krea2_seed1337_00001_.png,0.616756,0.00138874,0.00145576,0.00128128,0.00109171,0.00120239,0.042534,0.31214,19.62
benchmark_mappa--renders,P01_Block_4neg_0.120_krea2_seed42_00001_.png,0.596259,0.00133364,0.00136440,0.00119329,0.00103918,0.00109421,0.039945,0.37078,20.38
benchmark_mappa--renders,P01_Block_4neg_0.120_krea2_seed777_00001_.png,0.602335,0.00138324,0.00146577,0.00130406,0.00114109,0.00128391,0.040779,0.34178,20.83
benchmark_mappa--renders,P01_Block_4neg_0.200_krea2_seed1337_00001_.png,0.630539,0.00154149,0.00170520,0.00157638,0.00132298,0.00136197,0.047314,0.38463,12.85
benchmark_mappa--renders,P01_Block_4neg_0.200_krea2_seed42_00001_.png,0.625177,0.00153067,0.00156409,0.00132430,0.00112402,0.00121854,0.042464,0.36662,17.91
benchmark_mappa--renders,P01_Block_4neg_0.200_krea2_seed777_00001_.png,0.602037,0.00150726,0.00157918,0.00141010,0.00121577,0.00141292,0.043713,0.37582,17.87
benchmark_mappa--renders,P01_Block_4pos_0.020_krea2_seed1337_00001_.png,0.605579,0.00135913,0.00136462,0.00126607,0.00110976,0.00112948,0.040580,0.29813,351.74
benchmark_mappa--renders,P01_Block_4pos_0.020_krea2_seed42_00001_.png,0.604571,0.00138222,0.00124523,0.00107637,0.00096180,0.00104701,0.037312,0.29502,2.96
benchmark_mappa--renders,P01_Block_4pos_0.020_krea2_seed777_00001_.png,0.594182,0.00128593,0.00128817,0.00117558,0.00104832,0.00109169,0.039407,0.29866,0.88
benchmark_mappa--renders,P01_Block_4pos_0.035_krea2_seed1337_00001_.png,0.600730,0.00138876,0.00134952,0.00126214,0.00109470,0.00108920,0.039639,0.29982,348.34
benchmark_mappa--renders,P01_Block_4pos_0.035_krea2_seed42_00001_.png,0.591243,0.00138852,0.00121697,0.00102348,0.00089655,0.00097708,0.036661,0.30377,355.55
benchmark_mappa--renders,P01_Block_4pos_0.035_krea2_seed777_00001_.png,0.586052,0.00133238,0.00135130,0.00119266,0.00101500,0.00103786,0.039057,0.30012,357.83
benchmark_mappa--renders,P01_Block_4pos_0.050_krea2_seed1337_00001_.png,0.595023,0.00139400,0.00136525,0.00128371,0.00108431,0.00110282,0.039715,0.29846,341.59
benchmark_mappa--renders,P01_Block_4pos_0.050_krea2_seed42_00001_.png,0.583863,0.00138504,0.00123065,0.00105093,0.00091444,0.00099847,0.036462,0.30545,355.39
benchmark_mappa--renders,P01_Block_4pos_0.050_krea2_seed777_00001_.png,0.583595,0.00134806,0.00133551,0.00114447,0.00097777,0.00101227,0.037537,0.30952,354.65
benchmark_mappa--renders,P01_Block_4pos_0.080_krea2_seed1337_00001_.png,0.580011,0.00140470,0.00129602,0.00121074,0.00104258,0.00113122,0.039488,0.31843,326.53
benchmark_mappa--renders,P01_Block_4pos_0.080_krea2_seed42_00001_.png,0.565095,0.00137931,0.00118003,0.00102387,0.00092925,0.00101371,0.034878,0.32481,330.16
benchmark_mappa--renders,P01_Block_4pos_0.080_krea2_seed777_00001_.png,0.563339,0.00137749,0.00124529,0.00108385,0.00093847,0.00098282,0.036305,0.33845,320.73
benchmark_mappa--renders,P01_Block_4pos_0.120_krea2_seed1337_00001_.png,0.584516,0.00144689,0.00137257,0.00124771,0.00116117,0.00128697,0.041912,0.33154,332.27
benchmark_mappa--renders,P01_Block_4pos_0.120_krea2_seed42_00001_.png,0.547037,0.00130456,0.00111577,0.00099307,0.00096505,0.00104333,0.037053,0.36460,319.02
benchmark_mappa--renders,P01_Block_4pos_0.120_krea2_seed777_00001_.png,0.578991,0.00133447,0.00118954,0.00108218,0.00098084,0.00107243,0.038637,0.37477,300.98
benchmark_mappa--renders,P01_Block_4pos_0.200_krea2_seed1337_00001_.png,0.580551,0.00114229,0.00119125,0.00118727,0.00115229,0.00139687,0.040457,0.37481,359.85
benchmark_mappa--renders,P01_Block_4pos_0.200_krea2_seed42_00001_.png,0.569022,0.00097498,0.00088535,0.00083220,0.00090798,0.00112550,0.037265,0.35135,2.00
benchmark_mappa--renders,P01_Block_4pos_0.200_krea2_seed777_00001_.png,0.593518,0.00110691,0.00115933,0.00117497,0.00112969,0.00122201,0.038398,0.34955,359.38
benchmark_mappa--renders,P01_Block_5neg_0.020_krea2_seed1337_00001_.png,0.614778,0.00134375,0.00129162,0.00117447,0.00102299,0.00105630,0.038298,0.27984,358.05
benchmark_mappa--renders,P01_Block_5neg_0.020_krea2_seed42_00001_.png,0.610981,0.00137502,0.00122627,0.00106670,0.00092688,0.00105355,0.036906,0.29224,4.65
benchmark_mappa--renders,P01_Block_5neg_0.020_krea2_seed777_00001_.png,0.602252,0.00131930,0.00131322,0.00117295,0.00104765,0.00109291,0.038952,0.29632,6.90
benchmark_mappa--renders,P01_Block_5neg_0.035_krea2_seed1337_00001_.png,0.613079,0.00134845,0.00125623,0.00113286,0.00098455,0.00101905,0.037359,0.28412,355.24
benchmark_mappa--renders,P01_Block_5neg_0.035_krea2_seed42_00001_.png,0.608095,0.00137380,0.00120374,0.00102420,0.00091164,0.00099647,0.036162,0.28736,1.34
benchmark_mappa--renders,P01_Block_5neg_0.035_krea2_seed777_00001_.png,0.605178,0.00128986,0.00129206,0.00110342,0.00098165,0.00102952,0.037878,0.29387,3.54
benchmark_mappa--renders,P01_Block_5neg_0.050_krea2_seed1337_00001_.png,0.610506,0.00136873,0.00125888,0.00110143,0.00097854,0.00104935,0.037578,0.28300,353.84
benchmark_mappa--renders,P01_Block_5neg_0.050_krea2_seed42_00001_.png,0.622209,0.00138141,0.00119262,0.00099865,0.00089897,0.00099810,0.035899,0.29698,357.30
benchmark_mappa--renders,P01_Block_5neg_0.050_krea2_seed777_00001_.png,0.616665,0.00133410,0.00129798,0.00112989,0.00099507,0.00103988,0.037830,0.28672,3.37
benchmark_mappa--renders,P01_Block_5neg_0.080_krea2_seed1337_00001_.png,0.608684,0.00143678,0.00127759,0.00111617,0.00098489,0.00107741,0.038243,0.29028,347.44
benchmark_mappa--renders,P01_Block_5neg_0.080_krea2_seed42_00001_.png,0.617468,0.00138747,0.00117760,0.00097608,0.00086765,0.00094705,0.034271,0.29919,0.05
benchmark_mappa--renders,P01_Block_5neg_0.080_krea2_seed777_00001_.png,0.611956,0.00134236,0.00120202,0.00103575,0.00088367,0.00092671,0.036674,0.29736,358.34
benchmark_mappa--renders,P01_Block_5neg_0.120_krea2_seed1337_00001_.png,0.612833,0.00150301,0.00132141,0.00111579,0.00099054,0.00110182,0.038389,0.31819,343.06
benchmark_mappa--renders,P01_Block_5neg_0.120_krea2_seed42_00001_.png,0.619866,0.00140777,0.00116386,0.00094460,0.00085443,0.00094396,0.033270,0.31362,350.17
benchmark_mappa--renders,P01_Block_5neg_0.120_krea2_seed777_00001_.png,0.624020,0.00137622,0.00123924,0.00105771,0.00094297,0.00101998,0.035574,0.32124,347.90
benchmark_mappa--renders,P01_Block_5neg_0.200_krea2_seed1337_00001_.png,0.643860,0.00137358,0.00117044,0.00099505,0.00095167,0.00114957,0.035409,0.29186,357.03
benchmark_mappa--renders,P01_Block_5neg_0.200_krea2_seed42_00001_.png,0.632962,0.00130707,0.00105661,0.00085205,0.00086919,0.00103150,0.032475,0.32047,356.06
benchmark_mappa--renders,P01_Block_5neg_0.200_krea2_seed777_00001_.png,0.612949,0.00141976,0.00127547,0.00105168,0.00097502,0.00110195,0.037191,0.30374,356.63
benchmark_mappa--renders,P01_Block_5pos_0.020_krea2_seed1337_00001_.png,0.612112,0.00138190,0.00142500,0.00133489,0.00113933,0.00118372,0.042586,0.28749,4.55
benchmark_mappa--renders,P01_Block_5pos_0.020_krea2_seed42_00001_.png,0.608724,0.00141565,0.00128321,0.00110335,0.00093890,0.00106445,0.038092,0.30015,8.40
benchmark_mappa--renders,P01_Block_5pos_0.020_krea2_seed777_00001_.png,0.604190,0.00130561,0.00140011,0.00129301,0.00117942,0.00122936,0.040412,0.31366,9.99
benchmark_mappa--renders,P01_Block_5pos_0.035_krea2_seed1337_00001_.png,0.605704,0.00133847,0.00139103,0.00130321,0.00114769,0.00120014,0.042669,0.29893,7.00
benchmark_mappa--renders,P01_Block_5pos_0.035_krea2_seed42_00001_.png,0.607314,0.00137593,0.00134277,0.00121248,0.00103656,0.00113195,0.039154,0.31327,9.38
benchmark_mappa--renders,P01_Block_5pos_0.035_krea2_seed777_00001_.png,0.601075,0.00130890,0.00146346,0.00137775,0.00119548,0.00127092,0.042171,0.31330,8.37
benchmark_mappa--renders,P01_Block_5pos_0.050_krea2_seed1337_00001_.png,0.599512,0.00133475,0.00143733,0.00137686,0.00118406,0.00120801,0.043823,0.30667,11.12
benchmark_mappa--renders,P01_Block_5pos_0.050_krea2_seed42_00001_.png,0.606631,0.00138488,0.00136773,0.00125539,0.00105695,0.00112256,0.040957,0.32460,3.96
benchmark_mappa--renders,P01_Block_5pos_0.050_krea2_seed777_00001_.png,0.595665,0.00132778,0.00153450,0.00146879,0.00126525,0.00133999,0.044632,0.32771,11.26
benchmark_mappa--renders,P01_Block_5pos_0.080_krea2_seed1337_00001_.png,0.597861,0.00132153,0.00149205,0.00146628,0.00127974,0.00135843,0.046415,0.31829,14.94
benchmark_mappa--renders,P01_Block_5pos_0.080_krea2_seed42_00001_.png,0.606698,0.00140084,0.00151886,0.00144700,0.00125137,0.00133660,0.044359,0.34780,9.96
benchmark_mappa--renders,P01_Block_5pos_0.080_krea2_seed777_00001_.png,0.594042,0.00128580,0.00151522,0.00150487,0.00130384,0.00135161,0.045227,0.35200,11.94
benchmark_mappa--renders,P01_Block_5pos_0.120_krea2_seed1337_00001_.png,0.597362,0.00127168,0.00157648,0.00167044,0.00140744,0.00143080,0.049372,0.33375,16.97
benchmark_mappa--renders,P01_Block_5pos_0.120_krea2_seed42_00001_.png,0.614819,0.00131417,0.00150950,0.00149706,0.00127155,0.00132109,0.043871,0.34710,15.31
benchmark_mappa--renders,P01_Block_5pos_0.120_krea2_seed777_00001_.png,0.588142,0.00122750,0.00151185,0.00161204,0.00139389,0.00144774,0.046367,0.37713,10.58
benchmark_mappa--renders,P01_Block_5pos_0.200_krea2_seed1337_00001_.png,0.567093,0.00106570,0.00131905,0.00157680,0.00140680,0.00147980,0.049520,0.37818,27.06
benchmark_mappa--renders,P01_Block_5pos_0.200_krea2_seed42_00001_.png,0.567948,0.00100278,0.00122131,0.00133673,0.00114324,0.00121833,0.040835,0.36678,24.01
benchmark_mappa--renders,P01_Block_5pos_0.200_krea2_seed777_00001_.png,0.561954,0.00098956,0.00129403,0.00161629,0.00137147,0.00133003,0.046886,0.38869,11.60
benchmark_mappa--renders,P01_Block_6neg_0.020_krea2_seed1337_00001_.png,0.605813,0.00127352,0.00126399,0.00119101,0.00105316,0.00111563,0.040591,0.28538,354.89
benchmark_mappa--renders,P01_Block_6neg_0.020_krea2_seed42_00001_.png,0.607447,0.00132372,0.00121187,0.00108065,0.00096170,0.00110397,0.038439,0.29731,3.90
benchmark_mappa--renders,P01_Block_6neg_0.020_krea2_seed777_00001_.png,0.599366,0.00123542,0.00125505,0.00112631,0.00104213,0.00117866,0.040072,0.29718,3.61
benchmark_mappa--renders,P01_Block_6neg_0.035_krea2_seed1337_00001_.png,0.597190,0.00119255,0.00118540,0.00113616,0.00104617,0.00113973,0.040645,0.29019,352.81
benchmark_mappa--renders,P01_Block_6neg_0.035_krea2_seed42_00001_.png,0.591221,0.00119627,0.00112195,0.00103111,0.00093827,0.00109695,0.038218,0.30801,352.97
benchmark_mappa--renders,P01_Block_6neg_0.035_krea2_seed777_00001_.png,0.587926,0.00116174,0.00119627,0.00109725,0.00102872,0.00113445,0.039871,0.30482,358.86
benchmark_mappa--renders,P01_Block_6neg_0.050_krea2_seed1337_00001_.png,0.591432,0.00115212,0.00113052,0.00105351,0.00097770,0.00112596,0.040342,0.31255,346.06
benchmark_mappa--renders,P01_Block_6neg_0.050_krea2_seed42_00001_.png,0.591363,0.00119184,0.00108415,0.00099062,0.00092260,0.00110049,0.037833,0.33463,349.01
benchmark_mappa--renders,P01_Block_6neg_0.050_krea2_seed777_00001_.png,0.584389,0.00110325,0.00113565,0.00104324,0.00096444,0.00108123,0.039273,0.33233,351.09
benchmark_mappa--renders,P01_Block_6neg_0.080_krea2_seed1337_00001_.png,0.565526,0.00100262,0.00094062,0.00090479,0.00090075,0.00109715,0.038929,0.30984,349.05
benchmark_mappa--renders,P01_Block_6neg_0.080_krea2_seed42_00001_.png,0.569656,0.00103027,0.00095059,0.00090637,0.00087152,0.00105795,0.037102,0.31362,349.60
benchmark_mappa--renders,P01_Block_6neg_0.080_krea2_seed777_00001_.png,0.573308,0.00096162,0.00099368,0.00095576,0.00091086,0.00107023,0.039012,0.32061,352.58
benchmark_mappa--renders,P01_Block_6neg_0.120_krea2_seed1337_00001_.png,0.544421,0.00083989,0.00071159,0.00075740,0.00081003,0.00105250,0.037911,0.29182,352.96
benchmark_mappa--renders,P01_Block_6neg_0.120_krea2_seed42_00001_.png,0.536455,0.00088624,0.00072976,0.00074422,0.00077188,0.00102563,0.035305,0.30835,350.07
benchmark_mappa--renders,P01_Block_6neg_0.120_krea2_seed777_00001_.png,0.537623,0.00081343,0.00076282,0.00077733,0.00078634,0.00101299,0.037056,0.31733,353.46
benchmark_mappa--renders,P01_Block_6neg_0.200_krea2_seed1337_00001_.png,0.457961,0.00072909,0.00041103,0.00045286,0.00060872,0.00097306,0.032816,0.32611,352.56
benchmark_mappa--renders,P01_Block_6neg_0.200_krea2_seed42_00001_.png,0.430761,0.00071166,0.00036544,0.00041106,0.00056454,0.00089161,0.032327,0.34331,352.42
benchmark_mappa--renders,P01_Block_6neg_0.200_krea2_seed777_00001_.png,0.461428,0.00069057,0.00044533,0.00049184,0.00061528,0.00097645,0.034187,0.33588,349.54
benchmark_mappa--renders,P01_Block_6pos_0.020_krea2_seed1337_00001_.png,0.612953,0.00142226,0.00144265,0.00134002,0.00115920,0.00114936,0.041274,0.28220,6.70
benchmark_mappa--renders,P01_Block_6pos_0.020_krea2_seed42_00001_.png,0.617893,0.00144329,0.00131914,0.00116145,0.00100032,0.00106474,0.037260,0.29729,10.54
benchmark_mappa--renders,P01_Block_6pos_0.020_krea2_seed777_00001_.png,0.609722,0.00137463,0.00137980,0.00122597,0.00108575,0.00112280,0.039442,0.30105,11.99
benchmark_mappa--renders,P01_Block_6pos_0.035_krea2_seed1337_00001_.png,0.617145,0.00144231,0.00148489,0.00134901,0.00113079,0.00109662,0.039747,0.28007,6.40
benchmark_mappa--renders,P01_Block_6pos_0.035_krea2_seed42_00001_.png,0.619121,0.00150141,0.00138980,0.00123077,0.00104216,0.00107246,0.038388,0.30239,12.92
benchmark_mappa--renders,P01_Block_6pos_0.035_krea2_seed777_00001_.png,0.610125,0.00141481,0.00144297,0.00128470,0.00111054,0.00110601,0.039489,0.29798,12.53
benchmark_mappa--renders,P01_Block_6pos_0.050_krea2_seed1337_00001_.png,0.619938,0.00148536,0.00153180,0.00138712,0.00113900,0.00112134,0.039757,0.29162,8.36
benchmark_mappa--renders,P01_Block_6pos_0.050_krea2_seed42_00001_.png,0.632213,0.00155518,0.00146455,0.00130324,0.00107852,0.00107699,0.037864,0.30722,13.77
benchmark_mappa--renders,P01_Block_6pos_0.050_krea2_seed777_00001_.png,0.613756,0.00147942,0.00153894,0.00137324,0.00115105,0.00113686,0.039472,0.30212,15.65
benchmark_mappa--renders,P01_Block_6pos_0.080_krea2_seed1337_00001_.png,0.621895,0.00153303,0.00161290,0.00144920,0.00116270,0.00111234,0.039256,0.28911,10.49
benchmark_mappa--renders,P01_Block_6pos_0.080_krea2_seed42_00001_.png,0.613877,0.00158978,0.00146757,0.00125956,0.00103422,0.00108145,0.037346,0.31015,12.41
benchmark_mappa--renders,P01_Block_6pos_0.080_krea2_seed777_00001_.png,0.616953,0.00156566,0.00157380,0.00139618,0.00114263,0.00111825,0.038786,0.32449,22.58
benchmark_mappa--renders,P01_Block_6pos_0.120_krea2_seed1337_00001_.png,0.616949,0.00154026,0.00166570,0.00150439,0.00115670,0.00106827,0.036997,0.29433,12.27
benchmark_mappa--renders,P01_Block_6pos_0.120_krea2_seed42_00001_.png,0.624984,0.00164439,0.00166267,0.00154782,0.00122374,0.00114509,0.038832,0.32204,22.85
benchmark_mappa--renders,P01_Block_6pos_0.120_krea2_seed777_00001_.png,0.607749,0.00160181,0.00170587,0.00149385,0.00116242,0.00112034,0.038551,0.33497,25.41
benchmark_mappa--renders,P01_Block_6pos_0.200_krea2_seed1337_00001_.png,0.568160,0.00152078,0.00184325,0.00183507,0.00130388,0.00111562,0.036464,0.31339,20.55
benchmark_mappa--renders,P01_Block_6pos_0.200_krea2_seed42_00001_.png,0.565310,0.00161634,0.00174795,0.00170025,0.00123835,0.00112335,0.036938,0.31538,22.98
benchmark_mappa--renders,P01_Block_6pos_0.200_krea2_seed777_00001_.png,0.566375,0.00155171,0.00179013,0.00175783,0.00131355,0.00110033,0.037396,0.32986,28.15
benchmark_mappa--renders,P01_Projectionneg_0.050_krea2_seed1337_00001_.png,0.608708,0.00127219,0.00126365,0.00115828,0.00099935,0.00099562,0.036509,0.27800,14.48
benchmark_mappa--renders,P01_Projectionneg_0.050_krea2_seed42_00001_.png,0.604122,0.00134399,0.00119354,0.00102781,0.00087328,0.00094677,0.034007,0.31169,21.83
benchmark_mappa--renders,P01_Projectionneg_0.050_krea2_seed777_00001_.png,0.608952,0.00129575,0.00129509,0.00117154,0.00101898,0.00103435,0.036378,0.32074,22.66
benchmark_mappa--renders,P01_Projectionpos_0.050_krea2_seed1337_00001_.png,0.606932,0.00136830,0.00136606,0.00126241,0.00114625,0.00121557,0.043447,0.31223,339.99
benchmark_mappa--renders,P01_Projectionpos_0.050_krea2_seed42_00001_.png,0.608388,0.00141540,0.00136898,0.00125356,0.00108585,0.00118502,0.042003,0.31873,344.09
benchmark_mappa--renders,P01_Projectionpos_0.050_krea2_seed777_00001_.png,0.601541,0.00134845,0.00145083,0.00130547,0.00116971,0.00125292,0.043591,0.30426,354.16
benchmark_mappa--renders,P01_Text_Fusionneg_0.050_krea2_seed1337_00001_.png,0.610570,0.00128441,0.00129244,0.00119652,0.00105475,0.00110192,0.039914,0.28140,359.82
benchmark_mappa--renders,P01_Text_Fusionneg_0.050_krea2_seed42_00001_.png,0.614651,0.00137762,0.00127714,0.00115648,0.00105168,0.00106957,0.037647,0.30244,10.23
benchmark_mappa--renders,P01_Text_Fusionneg_0.050_krea2_seed777_00001_.png,0.610809,0.00130481,0.00136430,0.00130115,0.00108153,0.00110001,0.039734,0.30465,6.51
benchmark_mappa--renders,P01_Text_Fusionpos_0.050_krea2_seed1337_00001_.png,0.602462,0.00136856,0.00133804,0.00120047,0.00108881,0.00115257,0.039783,0.27852,1.80
benchmark_mappa--renders,P01_Text_Fusionpos_0.050_krea2_seed42_00001_.png,0.602253,0.00138198,0.00123823,0.00108388,0.00092427,0.00103209,0.036880,0.30057,6.83
benchmark_mappa--renders,P01_Text_Fusionpos_0.050_krea2_seed777_00001_.png,0.596784,0.00139050,0.00141116,0.00130825,0.00115395,0.00117170,0.041344,0.30847,8.67
benchmark_mappa--renders,P01_Time_Embedneg_0.050_krea2_seed1337_00001_.png,0.595103,0.00116308,0.00108143,0.00101085,0.00092812,0.00105574,0.036962,0.30996,6.38
benchmark_mappa--renders,P01_Time_Embedneg_0.050_krea2_seed42_00001_.png,0.589179,0.00120428,0.00110346,0.00101648,0.00089892,0.00100065,0.037268,0.32580,7.59
benchmark_mappa--renders,P01_Time_Embedneg_0.050_krea2_seed777_00001_.png,0.595624,0.00118636,0.00115070,0.00105809,0.00097941,0.00112321,0.038282,0.31300,10.74
benchmark_mappa--renders,P01_Time_Embedpos_0.050_krea2_seed1337_00001_.png,0.596933,0.00133627,0.00132683,0.00113557,0.00099847,0.00105768,0.037027,0.30297,8.52
benchmark_mappa--renders,P01_Time_Embedpos_0.050_krea2_seed42_00001_.png,0.580990,0.00147546,0.00134960,0.00116595,0.00106677,0.00111653,0.038171,0.31403,11.43
benchmark_mappa--renders,P01_Time_Embedpos_0.050_krea2_seed777_00001_.png,0.602595,0.00145615,0.00149679,0.00130491,0.00113600,0.00115528,0.037332,0.30723,12.84
benchmark_mappa--renders,P01_baseline_krea2_seed1337_00001_.png,0.608051,0.00135584,0.00135978,0.00127237,0.00108709,0.00112506,0.041111,0.27738,359.87
benchmark_mappa--renders,P01_baseline_krea2_seed42_00001_.png,0.609777,0.00138619,0.00127346,0.00111635,0.00098000,0.00106241,0.037438,0.30339,8.41
benchmark_mappa--renders,P01_baseline_krea2_seed777_00001_.png,0.606382,0.00132885,0.00136471,0.00124358,0.00113446,0.00121329,0.040051,0.30190,9.88
benchmark_mappa--renders,P02_Block_1neg_0.020_krea2_seed1337_00001_.png,0.643283,0.00311781,0.00308635,0.00258189,0.00245570,0.00233282,0.084952,0.25512,54.59
benchmark_mappa--renders,P02_Block_1neg_0.020_krea2_seed42_00001_.png,0.626576,0.00289012,0.00299509,0.00251535,0.00225758,0.00222208,0.082214,0.25955,51.23
benchmark_mappa--renders,P02_Block_1neg_0.020_krea2_seed777_00001_.png,0.641457,0.00301917,0.00281890,0.00233965,0.00199281,0.00190960,0.083394,0.24421,55.47
benchmark_mappa--renders,P02_Block_1neg_0.035_krea2_seed1337_00001_.png,0.643196,0.00308000,0.00313796,0.00262827,0.00252962,0.00235090,0.085161,0.25717,52.13
benchmark_mappa--renders,P02_Block_1neg_0.035_krea2_seed42_00001_.png,0.634685,0.00297120,0.00329531,0.00273380,0.00231953,0.00229693,0.084321,0.26644,52.04
benchmark_mappa--renders,P02_Block_1neg_0.035_krea2_seed777_00001_.png,0.638875,0.00302096,0.00299123,0.00249829,0.00232400,0.00223163,0.082999,0.26156,49.09
benchmark_mappa--renders,P02_Block_1neg_0.050_krea2_seed1337_00001_.png,0.651847,0.00311325,0.00325750,0.00277298,0.00259515,0.00238126,0.086445,0.26061,55.23
benchmark_mappa--renders,P02_Block_1neg_0.050_krea2_seed42_00001_.png,0.639501,0.00303077,0.00340319,0.00281797,0.00240353,0.00235953,0.086342,0.25980,50.91
benchmark_mappa--renders,P02_Block_1neg_0.050_krea2_seed777_00001_.png,0.644888,0.00310845,0.00309245,0.00261088,0.00231730,0.00216134,0.083808,0.26337,50.00
benchmark_mappa--renders,P02_Block_1neg_0.080_krea2_seed1337_00001_.png,0.640793,0.00309199,0.00315784,0.00273682,0.00255605,0.00246083,0.086278,0.25877,51.55
benchmark_mappa--renders,P02_Block_1neg_0.080_krea2_seed42_00001_.png,0.642559,0.00310593,0.00347074,0.00289655,0.00246522,0.00248023,0.088972,0.28597,48.37
benchmark_mappa--renders,P02_Block_1neg_0.080_krea2_seed777_00001_.png,0.640052,0.00308041,0.00333404,0.00282595,0.00229972,0.00212135,0.084400,0.27944,49.92
benchmark_mappa--renders,P02_Block_1neg_0.120_krea2_seed1337_00001_.png,0.649742,0.00310512,0.00338532,0.00288531,0.00268299,0.00243455,0.090361,0.28992,51.32
benchmark_mappa--renders,P02_Block_1neg_0.120_krea2_seed42_00001_.png,0.640656,0.00318283,0.00370940,0.00309478,0.00247307,0.00246756,0.091795,0.29535,46.53
benchmark_mappa--renders,P02_Block_1neg_0.120_krea2_seed777_00001_.png,0.643810,0.00311184,0.00348964,0.00289536,0.00230908,0.00204817,0.087158,0.28679,52.27
benchmark_mappa--renders,P02_Block_1neg_0.200_krea2_seed1337_00001_.png,0.652816,0.00281252,0.00377768,0.00355877,0.00279231,0.00235918,0.095480,0.31647,49.78
benchmark_mappa--renders,P02_Block_1neg_0.200_krea2_seed42_00001_.png,0.650658,0.00306467,0.00429282,0.00380517,0.00273044,0.00259877,0.095065,0.32708,43.38
benchmark_mappa--renders,P02_Block_1neg_0.200_krea2_seed777_00001_.png,0.658076,0.00338458,0.00453076,0.00397497,0.00285902,0.00240300,0.094630,0.32127,46.90
benchmark_mappa--renders,P02_Block_1pos_0.020_krea2_seed1337_00001_.png,0.635222,0.00293903,0.00294662,0.00237688,0.00226057,0.00224422,0.080637,0.24336,52.82
benchmark_mappa--renders,P02_Block_1pos_0.020_krea2_seed42_00001_.png,0.630411,0.00283391,0.00273038,0.00213863,0.00196827,0.00207456,0.076951,0.24582,55.05
benchmark_mappa--renders,P02_Block_1pos_0.020_krea2_seed777_00001_.png,0.623240,0.00294582,0.00259475,0.00215421,0.00204858,0.00197160,0.080972,0.24018,52.96
benchmark_mappa--renders,P02_Block_1pos_0.035_krea2_seed1337_00001_.png,0.634321,0.00287052,0.00279643,0.00225678,0.00219346,0.00217138,0.080171,0.24221,51.51
benchmark_mappa--renders,P02_Block_1pos_0.035_krea2_seed42_00001_.png,0.638702,0.00294045,0.00289669,0.00233895,0.00204270,0.00212178,0.078884,0.24396,54.69
benchmark_mappa--renders,P02_Block_1pos_0.035_krea2_seed777_00001_.png,0.649206,0.00290325,0.00270644,0.00220086,0.00209896,0.00215546,0.079890,0.23884,55.63
benchmark_mappa--renders,P02_Block_1pos_0.050_krea2_seed1337_00001_.png,0.644696,0.00274083,0.00270479,0.00228360,0.00225550,0.00225439,0.078967,0.23048,57.94
benchmark_mappa--renders,P02_Block_1pos_0.050_krea2_seed42_00001_.png,0.648533,0.00286596,0.00269716,0.00209896,0.00198905,0.00204310,0.075494,0.23889,50.74
benchmark_mappa--renders,P02_Block_1pos_0.050_krea2_seed777_00001_.png,0.648866,0.00293977,0.00269038,0.00217636,0.00195857,0.00196521,0.078517,0.23329,53.15
benchmark_mappa--renders,P02_Block_1pos_0.080_krea2_seed1337_00001_.png,0.637870,0.00265319,0.00251038,0.00207718,0.00213222,0.00225469,0.075102,0.22960,54.02
benchmark_mappa--renders,P02_Block_1pos_0.080_krea2_seed42_00001_.png,0.646472,0.00273943,0.00235284,0.00191399,0.00197614,0.00199586,0.071866,0.23171,51.15
benchmark_mappa--renders,P02_Block_1pos_0.080_krea2_seed777_00001_.png,0.656603,0.00288139,0.00271825,0.00211310,0.00187206,0.00191646,0.075133,0.23007,52.21
benchmark_mappa--renders,P02_Block_1pos_0.120_krea2_seed1337_00001_.png,0.630759,0.00246765,0.00220894,0.00177558,0.00192707,0.00209814,0.071877,0.21206,56.01
benchmark_mappa--renders,P02_Block_1pos_0.120_krea2_seed42_00001_.png,0.643132,0.00259586,0.00216192,0.00172587,0.00181881,0.00204638,0.072697,0.22333,54.32
benchmark_mappa--renders,P02_Block_1pos_0.120_krea2_seed777_00001_.png,0.650518,0.00271174,0.00241143,0.00186431,0.00177810,0.00185885,0.072280,0.21485,53.71
benchmark_mappa--renders,P02_Block_1pos_0.200_krea2_seed1337_00001_.png,0.643618,0.00250831,0.00182347,0.00147089,0.00166081,0.00171390,0.067075,0.20993,53.76
benchmark_mappa--renders,P02_Block_1pos_0.200_krea2_seed42_00001_.png,0.626558,0.00253902,0.00186969,0.00137897,0.00147824,0.00180302,0.065683,0.21586,49.33
benchmark_mappa--renders,P02_Block_1pos_0.200_krea2_seed777_00001_.png,0.650549,0.00265071,0.00192054,0.00152423,0.00159548,0.00177152,0.070042,0.21300,53.41
benchmark_mappa--renders,P02_Block_2neg_0.020_krea2_seed1337_00001_.png,0.640794,0.00306450,0.00304840,0.00252330,0.00244730,0.00242057,0.083786,0.24275,58.42
benchmark_mappa--renders,P02_Block_2neg_0.020_krea2_seed42_00001_.png,0.633276,0.00274829,0.00272803,0.00228973,0.00216288,0.00214283,0.079848,0.25274,53.55
benchmark_mappa--renders,P02_Block_2neg_0.020_krea2_seed777_00001_.png,0.632469,0.00294711,0.00264615,0.00219861,0.00194464,0.00192482,0.082417,0.24985,52.89
benchmark_mappa--renders,P02_Block_2neg_0.035_krea2_seed1337_00001_.png,0.647577,0.00286881,0.00287074,0.00240894,0.00234097,0.00229604,0.081996,0.25025,58.65
benchmark_mappa--renders,P02_Block_2neg_0.035_krea2_seed42_00001_.png,0.643593,0.00294225,0.00294144,0.00259338,0.00247204,0.00237230,0.080044,0.26105,49.76
benchmark_mappa--renders,P02_Block_2neg_0.035_krea2_seed777_00001_.png,0.643884,0.00307513,0.00282825,0.00231115,0.00197850,0.00187710,0.082282,0.24734,55.72
benchmark_mappa--renders,P02_Block_2neg_0.050_krea2_seed1337_00001_.png,0.651779,0.00287074,0.00299403,0.00250567,0.00246430,0.00244239,0.081888,0.23908,60.30
benchmark_mappa--renders,P02_Block_2neg_0.050_krea2_seed42_00001_.png,0.647663,0.00300341,0.00299552,0.00250510,0.00245213,0.00238186,0.079219,0.24443,56.35
benchmark_mappa--renders,P02_Block_2neg_0.050_krea2_seed777_00001_.png,0.637321,0.00298199,0.00276391,0.00222259,0.00200818,0.00202627,0.082250,0.24189,56.87
benchmark_mappa--renders,P02_Block_2neg_0.080_krea2_seed1337_00001_.png,0.621273,0.00268931,0.00276144,0.00233372,0.00223904,0.00205695,0.081992,0.22434,58.84
benchmark_mappa--renders,P02_Block_2neg_0.080_krea2_seed42_00001_.png,0.653457,0.00286289,0.00293180,0.00243158,0.00234558,0.00223802,0.078267,0.24947,53.86
benchmark_mappa--renders,P02_Block_2neg_0.080_krea2_seed777_00001_.png,0.638982,0.00292669,0.00295568,0.00233239,0.00211884,0.00203164,0.082533,0.24568,59.84
benchmark_mappa--renders,P02_Block_2neg_0.120_krea2_seed1337_00001_.png,0.621322,0.00274898,0.00284215,0.00233361,0.00219027,0.00208215,0.082937,0.22329,56.52
benchmark_mappa--renders,P02_Block_2neg_0.120_krea2_seed42_00001_.png,0.645939,0.00287172,0.00279799,0.00228736,0.00219757,0.00221796,0.077250,0.24009,56.60
benchmark_mappa--renders,P02_Block_2neg_0.120_krea2_seed777_00001_.png,0.637651,0.00278111,0.00285620,0.00245802,0.00220447,0.00214255,0.080228,0.23279,51.98
benchmark_mappa--renders,P02_Block_2neg_0.200_krea2_seed1337_00001_.png,0.624467,0.00258518,0.00273208,0.00231678,0.00219855,0.00217960,0.085916,0.23665,55.55
benchmark_mappa--renders,P02_Block_2neg_0.200_krea2_seed42_00001_.png,0.624691,0.00267852,0.00284618,0.00222034,0.00172404,0.00170666,0.080558,0.24437,58.96
benchmark_mappa--renders,P02_Block_2neg_0.200_krea2_seed777_00001_.png,0.620596,0.00290191,0.00302726,0.00233435,0.00198497,0.00211764,0.081638,0.24328,57.35
benchmark_mappa--renders,P02_Block_2pos_0.020_krea2_seed1337_00001_.png,0.640719,0.00308550,0.00303355,0.00253179,0.00244963,0.00239802,0.082830,0.25639,50.19
benchmark_mappa--renders,P02_Block_2pos_0.020_krea2_seed42_00001_.png,0.625141,0.00284669,0.00288020,0.00242084,0.00214957,0.00217844,0.080994,0.25145,51.38
benchmark_mappa--renders,P02_Block_2pos_0.020_krea2_seed777_00001_.png,0.649131,0.00309922,0.00297477,0.00245377,0.00210406,0.00201214,0.081797,0.24769,58.02
benchmark_mappa--renders,P02_Block_2pos_0.035_krea2_seed1337_00001_.png,0.620671,0.00282910,0.00276387,0.00220847,0.00227472,0.00227517,0.083360,0.24273,51.94
benchmark_mappa--renders,P02_Block_2pos_0.035_krea2_seed42_00001_.png,0.631716,0.00296258,0.00306043,0.00243970,0.00221162,0.00226941,0.081087,0.24817,54.69
benchmark_mappa--renders,P02_Block_2pos_0.035_krea2_seed777_00001_.png,0.649463,0.00304545,0.00292827,0.00248328,0.00218708,0.00207476,0.080010,0.25398,56.99
benchmark_mappa--renders,P02_Block_2pos_0.050_krea2_seed1337_00001_.png,0.626130,0.00277031,0.00280026,0.00218345,0.00235685,0.00236446,0.085461,0.24783,49.32
benchmark_mappa--renders,P02_Block_2pos_0.050_krea2_seed42_00001_.png,0.630319,0.00280910,0.00287846,0.00229256,0.00211669,0.00220983,0.081806,0.25423,50.33
benchmark_mappa--renders,P02_Block_2pos_0.050_krea2_seed777_00001_.png,0.639054,0.00300090,0.00289230,0.00235435,0.00208491,0.00212279,0.079720,0.24990,56.04
benchmark_mappa--renders,P02_Block_2pos_0.080_krea2_seed1337_00001_.png,0.636300,0.00275243,0.00275469,0.00212429,0.00212617,0.00210287,0.081584,0.23855,55.18
benchmark_mappa--renders,P02_Block_2pos_0.080_krea2_seed42_00001_.png,0.637129,0.00292377,0.00297856,0.00243831,0.00221101,0.00231131,0.081266,0.25482,48.20
benchmark_mappa--renders,P02_Block_2pos_0.080_krea2_seed777_00001_.png,0.643779,0.00295878,0.00292324,0.00244656,0.00212505,0.00206464,0.081336,0.24825,54.44
benchmark_mappa--renders,P02_Block_2pos_0.120_krea2_seed1337_00001_.png,0.630439,0.00276063,0.00265051,0.00197105,0.00190338,0.00204431,0.080014,0.25174,50.01
benchmark_mappa--renders,P02_Block_2pos_0.120_krea2_seed42_00001_.png,0.632982,0.00286452,0.00277431,0.00220832,0.00198489,0.00210773,0.081113,0.25475,49.77
benchmark_mappa--renders,P02_Block_2pos_0.120_krea2_seed777_00001_.png,0.652011,0.00308763,0.00311074,0.00262765,0.00208683,0.00202244,0.080532,0.24897,52.84
benchmark_mappa--renders,P02_Block_2pos_0.200_krea2_seed1337_00001_.png,0.620149,0.00290260,0.00280018,0.00219618,0.00197176,0.00201832,0.081813,0.22950,47.59
benchmark_mappa--renders,P02_Block_2pos_0.200_krea2_seed42_00001_.png,0.636149,0.00304814,0.00260564,0.00210929,0.00214222,0.00203866,0.078916,0.26849,43.83
benchmark_mappa--renders,P02_Block_2pos_0.200_krea2_seed777_00001_.png,0.637705,0.00310505,0.00288358,0.00226538,0.00191489,0.00212673,0.082228,0.24081,53.90
benchmark_mappa--renders,P02_Block_3neg_0.020_krea2_seed1337_00001_.png,0.630511,0.00291696,0.00294184,0.00245395,0.00236557,0.00239934,0.082538,0.24469,50.41
benchmark_mappa--renders,P02_Block_3neg_0.020_krea2_seed42_00001_.png,0.627160,0.00277595,0.00291917,0.00249990,0.00215942,0.00212370,0.080513,0.25889,51.07
benchmark_mappa--renders,P02_Block_3neg_0.020_krea2_seed777_00001_.png,0.626081,0.00302186,0.00282714,0.00242612,0.00217474,0.00213993,0.083101,0.25386,51.47
benchmark_mappa--renders,P02_Block_3neg_0.035_krea2_seed1337_00001_.png,0.639022,0.00289670,0.00293962,0.00251847,0.00247948,0.00240201,0.083936,0.24412,54.13
benchmark_mappa--renders,P02_Block_3neg_0.035_krea2_seed42_00001_.png,0.634408,0.00280365,0.00302884,0.00261631,0.00217732,0.00210563,0.078869,0.25383,52.98
benchmark_mappa--renders,P02_Block_3neg_0.035_krea2_seed777_00001_.png,0.625699,0.00296700,0.00287320,0.00233535,0.00220850,0.00224161,0.086537,0.24409,52.57
benchmark_mappa--renders,P02_Block_3neg_0.050_krea2_seed1337_00001_.png,0.625622,0.00278701,0.00281764,0.00238273,0.00241235,0.00236783,0.084339,0.23611,53.55
benchmark_mappa--renders,P02_Block_3neg_0.050_krea2_seed42_00001_.png,0.633101,0.00275976,0.00288332,0.00244689,0.00218526,0.00213192,0.079482,0.25057,52.71
benchmark_mappa--renders,P02_Block_3neg_0.050_krea2_seed777_00001_.png,0.602414,0.00272122,0.00292696,0.00242803,0.00208550,0.00213091,0.088100,0.23576,48.47
benchmark_mappa--renders,P02_Block_3neg_0.080_krea2_seed1337_00001_.png,0.616692,0.00268578,0.00276833,0.00243798,0.00249644,0.00261094,0.084530,0.24271,47.91
benchmark_mappa--renders,P02_Block_3neg_0.080_krea2_seed42_00001_.png,0.623377,0.00270853,0.00289619,0.00251369,0.00219292,0.00234237,0.081337,0.25130,51.59
benchmark_mappa--renders,P02_Block_3neg_0.080_krea2_seed777_00001_.png,0.606268,0.00272928,0.00285871,0.00235533,0.00202219,0.00208294,0.086408,0.23277,53.97
benchmark_mappa--renders,P02_Block_3neg_0.120_krea2_seed1337_00001_.png,0.609167,0.00272671,0.00294032,0.00254993,0.00243556,0.00248602,0.085716,0.22921,50.74
benchmark_mappa--renders,P02_Block_3neg_0.120_krea2_seed42_00001_.png,0.611319,0.00282532,0.00310236,0.00274780,0.00241103,0.00250286,0.085230,0.24221,55.53
benchmark_mappa--renders,P02_Block_3neg_0.120_krea2_seed777_00001_.png,0.610563,0.00273496,0.00278867,0.00239328,0.00205427,0.00212399,0.085894,0.23938,50.29
benchmark_mappa--renders,P02_Block_3neg_0.200_krea2_seed1337_00001_.png,0.614149,0.00250976,0.00323321,0.00348114,0.00319668,0.00355219,0.092913,0.24391,51.04
benchmark_mappa--renders,P02_Block_3neg_0.200_krea2_seed42_00001_.png,0.616677,0.00257527,0.00292314,0.00307087,0.00271416,0.00279250,0.093070,0.27568,49.69
benchmark_mappa--renders,P02_Block_3neg_0.200_krea2_seed777_00001_.png,0.611574,0.00293373,0.00327109,0.00315843,0.00310530,0.00320503,0.094502,0.22458,45.08
benchmark_mappa--renders,P02_Block_3pos_0.020_krea2_seed1337_00001_.png,0.638425,0.00299721,0.00290324,0.00236634,0.00230369,0.00223548,0.082988,0.23624,54.85
benchmark_mappa--renders,P02_Block_3pos_0.020_krea2_seed42_00001_.png,0.636383,0.00286799,0.00284785,0.00232428,0.00212443,0.00225079,0.080823,0.24880,53.30
benchmark_mappa--renders,P02_Block_3pos_0.020_krea2_seed777_00001_.png,0.633617,0.00305535,0.00269846,0.00224075,0.00204176,0.00196467,0.083167,0.24678,53.06
benchmark_mappa--renders,P02_Block_3pos_0.035_krea2_seed1337_00001_.png,0.632968,0.00314191,0.00292923,0.00235707,0.00237268,0.00222456,0.082703,0.23572,58.20
benchmark_mappa--renders,P02_Block_3pos_0.035_krea2_seed42_00001_.png,0.625758,0.00292847,0.00285567,0.00227978,0.00204378,0.00212580,0.079010,0.25998,48.45
benchmark_mappa--renders,P02_Block_3pos_0.035_krea2_seed777_00001_.png,0.637157,0.00321957,0.00307010,0.00252379,0.00208659,0.00204185,0.081554,0.24162,53.83
benchmark_mappa--renders,P02_Block_3pos_0.050_krea2_seed1337_00001_.png,0.630489,0.00315672,0.00289053,0.00233461,0.00232277,0.00223643,0.083071,0.24122,55.01
benchmark_mappa--renders,P02_Block_3pos_0.050_krea2_seed42_00001_.png,0.633123,0.00304263,0.00289870,0.00237468,0.00208511,0.00216854,0.080457,0.24887,55.72
benchmark_mappa--renders,P02_Block_3pos_0.050_krea2_seed777_00001_.png,0.640726,0.00308010,0.00291395,0.00240692,0.00210579,0.00207652,0.080489,0.24149,53.01
benchmark_mappa--renders,P02_Block_3pos_0.080_krea2_seed1337_00001_.png,0.626378,0.00319139,0.00285428,0.00226785,0.00233017,0.00230838,0.084417,0.24621,55.58
benchmark_mappa--renders,P02_Block_3pos_0.080_krea2_seed42_00001_.png,0.636432,0.00337019,0.00309752,0.00237697,0.00204600,0.00204752,0.078657,0.25659,54.48
benchmark_mappa--renders,P02_Block_3pos_0.080_krea2_seed777_00001_.png,0.638345,0.00329981,0.00296875,0.00241229,0.00219072,0.00213492,0.081484,0.24891,54.53
benchmark_mappa--renders,P02_Block_3pos_0.120_krea2_seed1337_00001_.png,0.612172,0.00332951,0.00294722,0.00228507,0.00235068,0.00237170,0.083770,0.24388,54.37
benchmark_mappa--renders,P02_Block_3pos_0.120_krea2_seed42_00001_.png,0.632676,0.00352545,0.00320000,0.00243989,0.00207326,0.00203971,0.080083,0.26465,53.18
benchmark_mappa--renders,P02_Block_3pos_0.120_krea2_seed777_00001_.png,0.639916,0.00340815,0.00303185,0.00245187,0.00218180,0.00220112,0.080740,0.25465,50.12
benchmark_mappa--renders,P02_Block_3pos_0.200_krea2_seed1337_00001_.png,0.613356,0.00347649,0.00308543,0.00233308,0.00249433,0.00267502,0.092043,0.26012,60.81
benchmark_mappa--renders,P02_Block_3pos_0.200_krea2_seed42_00001_.png,0.619885,0.00372734,0.00314033,0.00243595,0.00189057,0.00198030,0.089670,0.25988,65.54
benchmark_mappa--renders,P02_Block_3pos_0.200_krea2_seed777_00001_.png,0.634103,0.00371811,0.00315417,0.00228628,0.00207706,0.00225868,0.093334,0.29131,56.42
benchmark_mappa--renders,P02_Block_4neg_0.020_krea2_seed1337_00001_.png,0.646816,0.00305894,0.00292164,0.00246431,0.00235177,0.00228030,0.080068,0.23686,56.88
benchmark_mappa--renders,P02_Block_4neg_0.020_krea2_seed42_00001_.png,0.633096,0.00283078,0.00287212,0.00230945,0.00202497,0.00205127,0.079035,0.25049,52.51
benchmark_mappa--renders,P02_Block_4neg_0.020_krea2_seed777_00001_.png,0.634331,0.00292672,0.00272673,0.00221255,0.00196661,0.00182477,0.080462,0.24236,53.15
benchmark_mappa--renders,P02_Block_4neg_0.035_krea2_seed1337_00001_.png,0.644681,0.00298949,0.00291111,0.00242422,0.00234933,0.00228044,0.079916,0.23594,53.80
benchmark_mappa--renders,P02_Block_4neg_0.035_krea2_seed42_00001_.png,0.639855,0.00283129,0.00288218,0.00230968,0.00204184,0.00208886,0.077183,0.24533,55.97
benchmark_mappa--renders,P02_Block_4neg_0.035_krea2_seed777_00001_.png,0.639834,0.00289266,0.00263909,0.00203512,0.00181629,0.00182254,0.077350,0.23753,53.60
benchmark_mappa--renders,P02_Block_4neg_0.050_krea2_seed1337_00001_.png,0.637319,0.00297451,0.00287752,0.00237200,0.00224527,0.00218047,0.078819,0.23788,52.84
benchmark_mappa--renders,P02_Block_4neg_0.050_krea2_seed42_00001_.png,0.646024,0.00286267,0.00287279,0.00231201,0.00197882,0.00204366,0.076566,0.23979,55.38
benchmark_mappa--renders,P02_Block_4neg_0.050_krea2_seed777_00001_.png,0.636878,0.00279960,0.00264879,0.00208689,0.00184176,0.00193787,0.078632,0.24498,49.80
benchmark_mappa--renders,P02_Block_4neg_0.080_krea2_seed1337_00001_.png,0.643417,0.00270499,0.00278116,0.00227013,0.00221186,0.00210970,0.078719,0.23482,56.98
benchmark_mappa--renders,P02_Block_4neg_0.080_krea2_seed42_00001_.png,0.632019,0.00282322,0.00288304,0.00226187,0.00192185,0.00211826,0.075687,0.24162,54.29
benchmark_mappa--renders,P02_Block_4neg_0.080_krea2_seed777_00001_.png,0.632183,0.00279980,0.00264568,0.00200433,0.00178002,0.00185475,0.079024,0.24367,52.17
benchmark_mappa--renders,P02_Block_4neg_0.120_krea2_seed1337_00001_.png,0.643307,0.00285138,0.00288839,0.00238522,0.00230830,0.00222508,0.078253,0.24695,54.09
benchmark_mappa--renders,P02_Block_4neg_0.120_krea2_seed42_00001_.png,0.626566,0.00273101,0.00290719,0.00233620,0.00207026,0.00224109,0.077503,0.25275,49.26
benchmark_mappa--renders,P02_Block_4neg_0.120_krea2_seed777_00001_.png,0.629235,0.00285781,0.00265864,0.00207011,0.00185340,0.00196856,0.080094,0.25726,51.58
benchmark_mappa--renders,P02_Block_4neg_0.200_krea2_seed1337_00001_.png,0.628920,0.00296764,0.00337340,0.00277661,0.00226220,0.00235906,0.083538,0.26580,50.72
benchmark_mappa--renders,P02_Block_4neg_0.200_krea2_seed42_00001_.png,0.623119,0.00288653,0.00331646,0.00277883,0.00232217,0.00237018,0.081476,0.27683,49.95
benchmark_mappa--renders,P02_Block_4neg_0.200_krea2_seed777_00001_.png,0.634555,0.00299683,0.00329636,0.00263191,0.00205555,0.00204702,0.084105,0.26306,54.61
benchmark_mappa--renders,P02_Block_4pos_0.020_krea2_seed1337_00001_.png,0.639343,0.00311746,0.00311970,0.00258055,0.00257387,0.00253510,0.086013,0.25297,56.88
benchmark_mappa--renders,P02_Block_4pos_0.020_krea2_seed42_00001_.png,0.630113,0.00282870,0.00301286,0.00249425,0.00221988,0.00219951,0.082541,0.26278,48.84
benchmark_mappa--renders,P02_Block_4pos_0.020_krea2_seed777_00001_.png,0.626512,0.00308020,0.00270643,0.00223552,0.00202571,0.00198929,0.084172,0.24713,52.90
benchmark_mappa--renders,P02_Block_4pos_0.035_krea2_seed1337_00001_.png,0.643369,0.00316081,0.00313075,0.00274854,0.00271530,0.00257431,0.086783,0.25061,53.55
benchmark_mappa--renders,P02_Block_4pos_0.035_krea2_seed42_00001_.png,0.627312,0.00278525,0.00301385,0.00252599,0.00228891,0.00228036,0.082980,0.26525,49.41
benchmark_mappa--renders,P02_Block_4pos_0.035_krea2_seed777_00001_.png,0.632296,0.00313318,0.00286390,0.00234205,0.00210646,0.00209075,0.086705,0.26158,51.62
benchmark_mappa--renders,P02_Block_4pos_0.050_krea2_seed1337_00001_.png,0.641474,0.00312667,0.00316125,0.00268843,0.00263312,0.00248377,0.087108,0.26391,46.64
benchmark_mappa--renders,P02_Block_4pos_0.050_krea2_seed42_00001_.png,0.632557,0.00285733,0.00314806,0.00266482,0.00238456,0.00232918,0.084927,0.26393,47.86
benchmark_mappa--renders,P02_Block_4pos_0.050_krea2_seed777_00001_.png,0.623958,0.00311551,0.00285354,0.00233865,0.00216447,0.00213054,0.086163,0.25593,51.26
benchmark_mappa--renders,P02_Block_4pos_0.080_krea2_seed1337_00001_.png,0.640780,0.00292223,0.00307706,0.00274761,0.00280387,0.00283628,0.089705,0.25712,55.97
benchmark_mappa--renders,P02_Block_4pos_0.080_krea2_seed42_00001_.png,0.629005,0.00285556,0.00312803,0.00273250,0.00262681,0.00271399,0.087431,0.26014,50.81
benchmark_mappa--renders,P02_Block_4pos_0.080_krea2_seed777_00001_.png,0.639758,0.00315275,0.00314563,0.00263294,0.00233306,0.00226400,0.089461,0.26329,53.88
benchmark_mappa--renders,P02_Block_4pos_0.120_krea2_seed1337_00001_.png,0.620059,0.00274806,0.00305106,0.00307802,0.00314585,0.00290780,0.097518,0.26951,48.88
benchmark_mappa--renders,P02_Block_4pos_0.120_krea2_seed42_00001_.png,0.622755,0.00280215,0.00316012,0.00280880,0.00276733,0.00294282,0.093444,0.28549,50.11
benchmark_mappa--renders,P02_Block_4pos_0.120_krea2_seed777_00001_.png,0.641539,0.00311148,0.00296392,0.00254339,0.00280708,0.00302918,0.096326,0.26572,56.84
benchmark_mappa--renders,P02_Block_4pos_0.200_krea2_seed1337_00001_.png,0.647262,0.00205060,0.00244890,0.00255214,0.00270178,0.00269800,0.102944,0.28195,55.81
benchmark_mappa--renders,P02_Block_4pos_0.200_krea2_seed42_00001_.png,0.645167,0.00208751,0.00261412,0.00291029,0.00241404,0.00260517,0.093169,0.29170,54.71
benchmark_mappa--renders,P02_Block_4pos_0.200_krea2_seed777_00001_.png,0.625926,0.00191055,0.00228114,0.00251936,0.00233124,0.00243790,0.103719,0.26570,49.98
benchmark_mappa--renders,P02_Block_5neg_0.020_krea2_seed1337_00001_.png,0.648197,0.00307344,0.00305016,0.00251677,0.00244478,0.00238383,0.083884,0.24153,54.24
benchmark_mappa--renders,P02_Block_5neg_0.020_krea2_seed42_00001_.png,0.627114,0.00294448,0.00292569,0.00237147,0.00208791,0.00212016,0.081296,0.25322,52.34
benchmark_mappa--renders,P02_Block_5neg_0.020_krea2_seed777_00001_.png,0.639636,0.00297732,0.00266720,0.00220370,0.00191121,0.00189813,0.080620,0.24594,55.48
benchmark_mappa--renders,P02_Block_5neg_0.035_krea2_seed1337_00001_.png,0.645119,0.00309485,0.00297022,0.00254301,0.00256022,0.00234977,0.083684,0.23997,57.98
benchmark_mappa--renders,P02_Block_5neg_0.035_krea2_seed42_00001_.png,0.624415,0.00296206,0.00294592,0.00238845,0.00220064,0.00221133,0.082028,0.25171,51.11
benchmark_mappa--renders,P02_Block_5neg_0.035_krea2_seed777_00001_.png,0.649587,0.00303997,0.00272999,0.00223435,0.00202671,0.00200984,0.081824,0.24677,58.32
benchmark_mappa--renders,P02_Block_5neg_0.050_krea2_seed1337_00001_.png,0.643228,0.00308171,0.00289858,0.00236386,0.00246190,0.00232028,0.081634,0.24149,57.16
benchmark_mappa--renders,P02_Block_5neg_0.050_krea2_seed42_00001_.png,0.630426,0.00303756,0.00290467,0.00231019,0.00222067,0.00221514,0.081033,0.25081,54.39
benchmark_mappa--renders,P02_Block_5neg_0.050_krea2_seed777_00001_.png,0.648092,0.00303853,0.00270580,0.00222645,0.00201649,0.00207914,0.082511,0.23736,59.65
benchmark_mappa--renders,P02_Block_5neg_0.080_krea2_seed1337_00001_.png,0.644482,0.00314591,0.00285397,0.00235672,0.00254325,0.00244515,0.082062,0.24828,57.61
benchmark_mappa--renders,P02_Block_5neg_0.080_krea2_seed42_00001_.png,0.641590,0.00310679,0.00292932,0.00227586,0.00223575,0.00222511,0.080327,0.24634,55.58
benchmark_mappa--renders,P02_Block_5neg_0.080_krea2_seed777_00001_.png,0.645978,0.00324423,0.00280963,0.00219068,0.00203713,0.00210002,0.082555,0.23628,59.28
benchmark_mappa--renders,P02_Block_5neg_0.120_krea2_seed1337_00001_.png,0.644911,0.00336979,0.00285930,0.00228085,0.00268452,0.00291961,0.083158,0.25533,55.28
benchmark_mappa--renders,P02_Block_5neg_0.120_krea2_seed42_00001_.png,0.648055,0.00329743,0.00304997,0.00240914,0.00234577,0.00237071,0.080743,0.25276,59.84
benchmark_mappa--renders,P02_Block_5neg_0.120_krea2_seed777_00001_.png,0.655815,0.00330027,0.00284274,0.00229984,0.00208972,0.00209779,0.083011,0.24809,56.80
benchmark_mappa--renders,P02_Block_5neg_0.200_krea2_seed1337_00001_.png,0.651347,0.00322915,0.00297638,0.00222099,0.00259395,0.00282258,0.084323,0.30159,54.06
benchmark_mappa--renders,P02_Block_5neg_0.200_krea2_seed42_00001_.png,0.656835,0.00343755,0.00301153,0.00234644,0.00238497,0.00246751,0.080999,0.29909,54.96
benchmark_mappa--renders,P02_Block_5neg_0.200_krea2_seed777_00001_.png,0.664634,0.00325551,0.00280360,0.00221796,0.00206386,0.00217265,0.082183,0.28636,56.80
benchmark_mappa--renders,P02_Block_5pos_0.020_krea2_seed1337_00001_.png,0.640891,0.00311039,0.00315527,0.00259113,0.00256058,0.00250220,0.083924,0.25809,53.56
benchmark_mappa--renders,P02_Block_5pos_0.020_krea2_seed42_00001_.png,0.630786,0.00277310,0.00287978,0.00240233,0.00201785,0.00203437,0.080666,0.25442,53.17
benchmark_mappa--renders,P02_Block_5pos_0.020_krea2_seed777_00001_.png,0.631270,0.00297872,0.00268684,0.00219619,0.00195418,0.00189171,0.082588,0.24705,55.89
benchmark_mappa--renders,P02_Block_5pos_0.035_krea2_seed1337_00001_.png,0.639012,0.00296052,0.00307720,0.00263794,0.00263327,0.00261929,0.084991,0.26133,53.62
benchmark_mappa--renders,P02_Block_5pos_0.035_krea2_seed42_00001_.png,0.635760,0.00273165,0.00293271,0.00245693,0.00198371,0.00204609,0.080430,0.26333,51.30
benchmark_mappa--renders,P02_Block_5pos_0.035_krea2_seed777_00001_.png,0.635255,0.00298851,0.00306539,0.00266245,0.00232352,0.00217710,0.083206,0.26464,50.50
benchmark_mappa--renders,P02_Block_5pos_0.050_krea2_seed1337_00001_.png,0.640698,0.00297270,0.00316345,0.00271161,0.00247966,0.00241014,0.085774,0.26313,53.36
benchmark_mappa--renders,P02_Block_5pos_0.050_krea2_seed42_00001_.png,0.634351,0.00266605,0.00288301,0.00247199,0.00207012,0.00216212,0.083648,0.26955,50.14
benchmark_mappa--renders,P02_Block_5pos_0.050_krea2_seed777_00001_.png,0.639498,0.00296769,0.00308721,0.00275187,0.00240544,0.00225433,0.086627,0.26040,50.39
benchmark_mappa--renders,P02_Block_5pos_0.080_krea2_seed1337_00001_.png,0.645493,0.00281738,0.00331201,0.00285208,0.00249820,0.00244210,0.086261,0.26190,57.13
benchmark_mappa--renders,P02_Block_5pos_0.080_krea2_seed42_00001_.png,0.637842,0.00258389,0.00307799,0.00274784,0.00233521,0.00228197,0.085791,0.29353,49.30
benchmark_mappa--renders,P02_Block_5pos_0.080_krea2_seed777_00001_.png,0.644772,0.00286161,0.00307778,0.00274723,0.00217166,0.00209486,0.088411,0.27088,49.54
benchmark_mappa--renders,P02_Block_5pos_0.120_krea2_seed1337_00001_.png,0.631885,0.00242558,0.00317281,0.00303873,0.00238541,0.00226733,0.090057,0.26095,55.48
benchmark_mappa--renders,P02_Block_5pos_0.120_krea2_seed42_00001_.png,0.642622,0.00232535,0.00303475,0.00300667,0.00244789,0.00232257,0.089232,0.30612,46.69
benchmark_mappa--renders,P02_Block_5pos_0.120_krea2_seed777_00001_.png,0.641144,0.00263860,0.00309956,0.00308488,0.00240309,0.00220790,0.091131,0.26471,47.91
benchmark_mappa--renders,P02_Block_5pos_0.200_krea2_seed1337_00001_.png,0.605415,0.00186970,0.00270050,0.00311000,0.00235885,0.00203780,0.087750,0.28887,47.68
benchmark_mappa--renders,P02_Block_5pos_0.200_krea2_seed42_00001_.png,0.628710,0.00186701,0.00266504,0.00331339,0.00240625,0.00236258,0.087547,0.30839,45.74
benchmark_mappa--renders,P02_Block_5pos_0.200_krea2_seed777_00001_.png,0.623084,0.00200021,0.00275184,0.00309328,0.00254648,0.00222813,0.091066,0.30139,47.33
benchmark_mappa--renders,P02_Block_6neg_0.020_krea2_seed1337_00001_.png,0.645128,0.00306792,0.00303877,0.00244601,0.00245867,0.00243858,0.084692,0.25291,55.01
benchmark_mappa--renders,P02_Block_6neg_0.020_krea2_seed42_00001_.png,0.626450,0.00280814,0.00282410,0.00233931,0.00213394,0.00216164,0.083286,0.25657,52.04
benchmark_mappa--renders,P02_Block_6neg_0.020_krea2_seed777_00001_.png,0.627776,0.00308280,0.00271737,0.00223693,0.00200436,0.00195984,0.083862,0.25539,53.70
benchmark_mappa--renders,P02_Block_6neg_0.035_krea2_seed1337_00001_.png,0.641862,0.00299206,0.00298639,0.00243756,0.00240165,0.00239075,0.086055,0.26017,53.19
benchmark_mappa--renders,P02_Block_6neg_0.035_krea2_seed42_00001_.png,0.633358,0.00282568,0.00285427,0.00231779,0.00215820,0.00221636,0.085392,0.25927,53.78
benchmark_mappa--renders,P02_Block_6neg_0.035_krea2_seed777_00001_.png,0.629713,0.00298871,0.00264420,0.00221510,0.00204667,0.00202501,0.086897,0.25469,52.59
benchmark_mappa--renders,P02_Block_6neg_0.050_krea2_seed1337_00001_.png,0.634844,0.00291642,0.00291526,0.00249531,0.00255249,0.00255022,0.087460,0.25397,55.62
benchmark_mappa--renders,P02_Block_6neg_0.050_krea2_seed42_00001_.png,0.635859,0.00282482,0.00281700,0.00227494,0.00221283,0.00228870,0.085204,0.26078,54.27
benchmark_mappa--renders,P02_Block_6neg_0.050_krea2_seed777_00001_.png,0.619680,0.00296583,0.00264287,0.00213481,0.00199414,0.00206130,0.088661,0.25413,54.49
benchmark_mappa--renders,P02_Block_6neg_0.080_krea2_seed1337_00001_.png,0.625261,0.00274791,0.00261730,0.00237329,0.00260635,0.00264439,0.091522,0.26484,51.90
benchmark_mappa--renders,P02_Block_6neg_0.080_krea2_seed42_00001_.png,0.632101,0.00282226,0.00271956,0.00223353,0.00211854,0.00227103,0.088623,0.27177,51.85
benchmark_mappa--renders,P02_Block_6neg_0.080_krea2_seed777_00001_.png,0.618289,0.00285142,0.00250246,0.00209617,0.00199314,0.00213529,0.091906,0.26012,51.12
benchmark_mappa--renders,P02_Block_6neg_0.120_krea2_seed1337_00001_.png,0.618289,0.00275052,0.00246827,0.00220606,0.00242733,0.00256372,0.095826,0.29134,52.61
benchmark_mappa--renders,P02_Block_6neg_0.120_krea2_seed42_00001_.png,0.622277,0.00275890,0.00249825,0.00205284,0.00213065,0.00250504,0.093115,0.29002,49.92
benchmark_mappa--renders,P02_Block_6neg_0.120_krea2_seed777_00001_.png,0.606382,0.00277545,0.00227633,0.00199832,0.00207960,0.00233945,0.100183,0.29258,45.02
benchmark_mappa--renders,P02_Block_6neg_0.200_krea2_seed1337_00001_.png,0.544798,0.00274615,0.00173432,0.00156938,0.00189629,0.00226579,0.110966,0.33405,51.86
benchmark_mappa--renders,P02_Block_6neg_0.200_krea2_seed42_00001_.png,0.553319,0.00309389,0.00187767,0.00154495,0.00184437,0.00250738,0.105353,0.33097,51.77
benchmark_mappa--renders,P02_Block_6neg_0.200_krea2_seed777_00001_.png,0.526976,0.00287002,0.00154013,0.00134583,0.00167166,0.00218077,0.112083,0.31429,43.94
benchmark_mappa--renders,P02_Block_6pos_0.020_krea2_seed1337_00001_.png,0.647992,0.00312204,0.00309261,0.00257437,0.00245466,0.00240665,0.082191,0.24385,52.17
benchmark_mappa--renders,P02_Block_6pos_0.020_krea2_seed42_00001_.png,0.627600,0.00286987,0.00289312,0.00237917,0.00199985,0.00203139,0.078654,0.24991,51.86
benchmark_mappa--renders,P02_Block_6pos_0.020_krea2_seed777_00001_.png,0.640763,0.00302164,0.00271616,0.00234942,0.00203303,0.00188057,0.078557,0.24821,54.38
benchmark_mappa--renders,P02_Block_6pos_0.035_krea2_seed1337_00001_.png,0.649055,0.00306516,0.00305931,0.00248614,0.00229345,0.00212511,0.078506,0.24460,56.17
benchmark_mappa--renders,P02_Block_6pos_0.035_krea2_seed42_00001_.png,0.632182,0.00277713,0.00284915,0.00242698,0.00209772,0.00212645,0.078266,0.25597,51.09
benchmark_mappa--renders,P02_Block_6pos_0.035_krea2_seed777_00001_.png,0.645800,0.00313882,0.00290732,0.00230918,0.00205719,0.00187965,0.076404,0.24442,53.14
benchmark_mappa--renders,P02_Block_6pos_0.050_krea2_seed1337_00001_.png,0.649968,0.00313661,0.00322830,0.00265150,0.00243835,0.00228701,0.077938,0.24654,55.53
benchmark_mappa--renders,P02_Block_6pos_0.050_krea2_seed42_00001_.png,0.637434,0.00275698,0.00289412,0.00248503,0.00217531,0.00213873,0.077906,0.24907,52.32
benchmark_mappa--renders,P02_Block_6pos_0.050_krea2_seed777_00001_.png,0.647030,0.00312469,0.00304012,0.00247807,0.00213817,0.00201846,0.076445,0.25516,53.69
benchmark_mappa--renders,P02_Block_6pos_0.080_krea2_seed1337_00001_.png,0.649324,0.00307520,0.00310962,0.00260434,0.00233023,0.00215915,0.076328,0.24663,52.90
benchmark_mappa--renders,P02_Block_6pos_0.080_krea2_seed42_00001_.png,0.633393,0.00273489,0.00280808,0.00239313,0.00209006,0.00200817,0.074518,0.25214,52.14
benchmark_mappa--renders,P02_Block_6pos_0.080_krea2_seed777_00001_.png,0.650337,0.00288980,0.00300470,0.00254349,0.00208754,0.00193796,0.073972,0.24459,54.44
benchmark_mappa--renders,P02_Block_6pos_0.120_krea2_seed1337_00001_.png,0.649001,0.00286636,0.00316429,0.00279154,0.00240471,0.00213579,0.072278,0.25039,56.24
benchmark_mappa--renders,P02_Block_6pos_0.120_krea2_seed42_00001_.png,0.632369,0.00268022,0.00279945,0.00239307,0.00202574,0.00190108,0.069249,0.25181,51.04
benchmark_mappa--renders,P02_Block_6pos_0.120_krea2_seed777_00001_.png,0.643566,0.00277517,0.00299152,0.00261307,0.00206013,0.00185473,0.070783,0.24525,57.41
benchmark_mappa--renders,P02_Block_6pos_0.200_krea2_seed1337_00001_.png,0.590507,0.00226723,0.00278277,0.00269078,0.00205415,0.00175250,0.061484,0.25694,57.19
benchmark_mappa--renders,P02_Block_6pos_0.200_krea2_seed42_00001_.png,0.576349,0.00209346,0.00250160,0.00238504,0.00189998,0.00170770,0.059932,0.25615,48.17
benchmark_mappa--renders,P02_Block_6pos_0.200_krea2_seed777_00001_.png,0.598837,0.00238733,0.00270566,0.00256311,0.00192990,0.00158054,0.060327,0.25428,52.44
benchmark_mappa--renders,P02_Projectionneg_0.050_krea2_seed1337_00001_.png,0.647479,0.00273972,0.00277805,0.00238102,0.00229330,0.00216021,0.076187,0.24886,56.98
benchmark_mappa--renders,P02_Projectionneg_0.050_krea2_seed42_00001_.png,0.638409,0.00259981,0.00261334,0.00214320,0.00188501,0.00189868,0.071250,0.25607,56.63
benchmark_mappa--renders,P02_Projectionneg_0.050_krea2_seed777_00001_.png,0.638794,0.00267587,0.00258663,0.00214318,0.00191408,0.00180940,0.071976,0.25609,56.52
benchmark_mappa--renders,P02_Projectionpos_0.050_krea2_seed1337_00001_.png,0.644962,0.00350033,0.00346179,0.00282496,0.00263266,0.00253632,0.092231,0.24629,55.37
benchmark_mappa--renders,P02_Projectionpos_0.050_krea2_seed42_00001_.png,0.624313,0.00314094,0.00322092,0.00259422,0.00243215,0.00242806,0.089833,0.26328,47.44
benchmark_mappa--renders,P02_Projectionpos_0.050_krea2_seed777_00001_.png,0.635180,0.00336591,0.00307805,0.00255869,0.00234449,0.00227555,0.091623,0.23976,52.09
benchmark_mappa--renders,P02_Text_Fusionneg_0.050_krea2_seed1337_00001_.png,0.634704,0.00293837,0.00300685,0.00242964,0.00228955,0.00224303,0.082853,0.24104,49.15
benchmark_mappa--renders,P02_Text_Fusionneg_0.050_krea2_seed42_00001_.png,0.635103,0.00285191,0.00285855,0.00238346,0.00215776,0.00217334,0.079700,0.25379,47.17
benchmark_mappa--renders,P02_Text_Fusionneg_0.050_krea2_seed777_00001_.png,0.640084,0.00284211,0.00264649,0.00222617,0.00193722,0.00192611,0.081494,0.24809,48.48
benchmark_mappa--renders,P02_Text_Fusionpos_0.050_krea2_seed1337_00001_.png,0.644794,0.00298540,0.00298947,0.00252463,0.00245442,0.00240440,0.084970,0.24563,55.81
benchmark_mappa--renders,P02_Text_Fusionpos_0.050_krea2_seed42_00001_.png,0.633564,0.00288276,0.00299998,0.00247945,0.00220968,0.00234104,0.081969,0.24661,53.61
benchmark_mappa--renders,P02_Text_Fusionpos_0.050_krea2_seed777_00001_.png,0.658469,0.00316641,0.00324419,0.00259924,0.00212546,0.00218666,0.083679,0.24621,57.31
benchmark_mappa--renders,P02_Time_Embedneg_0.050_krea2_seed1337_00001_.png,0.652157,0.00278397,0.00283486,0.00238650,0.00242524,0.00248627,0.083744,0.25881,56.49
benchmark_mappa--renders,P02_Time_Embedneg_0.050_krea2_seed42_00001_.png,0.643654,0.00277539,0.00281353,0.00225684,0.00210872,0.00208401,0.081543,0.25416,59.51
benchmark_mappa--renders,P02_Time_Embedneg_0.050_krea2_seed777_00001_.png,0.639246,0.00276896,0.00259896,0.00216080,0.00199430,0.00204171,0.085772,0.25149,55.16
benchmark_mappa--renders,P02_Time_Embedpos_0.050_krea2_seed1337_00001_.png,0.641803,0.00298916,0.00313562,0.00253644,0.00251292,0.00235583,0.079293,0.26126,51.30
benchmark_mappa--renders,P02_Time_Embedpos_0.050_krea2_seed42_00001_.png,0.628773,0.00287513,0.00299403,0.00243350,0.00217757,0.00212941,0.075063,0.26954,50.25
benchmark_mappa--renders,P02_Time_Embedpos_0.050_krea2_seed777_00001_.png,0.634447,0.00307295,0.00321991,0.00269870,0.00223101,0.00204620,0.077151,0.26093,55.71
benchmark_mappa--renders,P02_baseline_krea2_seed1337_00001_.png,0.649338,0.00313771,0.00310817,0.00259215,0.00249423,0.00240912,0.083785,0.24703,55.04
benchmark_mappa--renders,P02_baseline_krea2_seed42_00001_.png,0.629271,0.00283840,0.00288420,0.00228515,0.00203293,0.00208098,0.081299,0.25603,51.59
benchmark_mappa--renders,P02_baseline_krea2_seed777_00001_.png,0.637254,0.00304679,0.00268839,0.00215102,0.00184940,0.00184474,0.079712,0.24358,54.35
benchmark_profondita/renders,P01_blk00pos_0.200_krea2_seed1337_00001_.png,0.560381,0.00087825,0.00067367,0.00059268,0.00063851,0.00080096,0.029795,0.29056,6.59
benchmark_profondita/renders,P01_blk00pos_0.200_krea2_seed42_00001_.png,0.557255,0.00085544,0.00064101,0.00056234,0.00058465,0.00073806,0.027548,0.27721,0.99
benchmark_profondita/renders,P01_blk00pos_0.200_krea2_seed777_00001_.png,0.574840,0.00091885,0.00070921,0.00060639,0.00062276,0.00078758,0.030690,0.26315,344.52
benchmark_profondita/renders,P01_blk01pos_0.200_krea2_seed1337_00001_.png,0.614590,0.00151672,0.00145978,0.00130754,0.00113956,0.00113647,0.041732,0.31885,8.47
benchmark_profondita/renders,P01_blk01pos_0.200_krea2_seed42_00001_.png,0.628636,0.00155531,0.00140196,0.00123722,0.00106671,0.00110967,0.039013,0.35048,18.95
benchmark_profondita/renders,P01_blk01pos_0.200_krea2_seed777_00001_.png,0.636569,0.00151795,0.00148464,0.00128639,0.00113000,0.00115152,0.039569,0.32232,7.66
benchmark_profondita/renders,P01_blk02pos_0.200_krea2_seed1337_00001_.png,0.601788,0.00133237,0.00137475,0.00123849,0.00106036,0.00107495,0.038208,0.28730,4.56
benchmark_profondita/renders,P01_blk02pos_0.200_krea2_seed42_00001_.png,0.609513,0.00134826,0.00125360,0.00107980,0.00093478,0.00094382,0.035723,0.28942,4.36
benchmark_profondita/renders,P01_blk02pos_0.200_krea2_seed777_00001_.png,0.615399,0.00129878,0.00133495,0.00121832,0.00107521,0.00111060,0.038260,0.29546,2.99
benchmark_profondita/renders,P01_blk03pos_0.200_krea2_seed1337_00001_.png,0.601133,0.00116921,0.00120831,0.00113016,0.00100167,0.00101827,0.036971,0.27741,1.25
benchmark_profondita/renders,P01_blk03pos_0.200_krea2_seed42_00001_.png,0.601250,0.00127635,0.00123608,0.00111138,0.00097486,0.00105379,0.035455,0.28914,7.95
benchmark_profondita/renders,P01_blk03pos_0.200_krea2_seed777_00001_.png,0.595240,0.00118480,0.00121308,0.00108848,0.00099032,0.00104622,0.035696,0.30092,8.36
benchmark_profondita/renders,P01_blk04pos_0.200_krea2_seed1337_00001_.png,0.598616,0.00133200,0.00133362,0.00120933,0.00105614,0.00109619,0.040631,0.28763,5.90
benchmark_profondita/renders,P01_blk04pos_0.200_krea2_seed42_00001_.png,0.598062,0.00133708,0.00123766,0.00108127,0.00089904,0.00095107,0.037822,0.30211,9.22
benchmark_profondita/renders,P01_blk04pos_0.200_krea2_seed777_00001_.png,0.577573,0.00131928,0.00129063,0.00116126,0.00101949,0.00110265,0.041531,0.30276,9.57
benchmark_profondita/renders,P01_blk05pos_0.200_krea2_seed1337_00001_.png,0.615843,0.00137641,0.00142534,0.00127025,0.00111252,0.00123223,0.039680,0.28507,2.21
benchmark_profondita/renders,P01_blk05pos_0.200_krea2_seed42_00001_.png,0.616703,0.00153042,0.00140369,0.00120607,0.00103378,0.00115541,0.039518,0.28862,2.90
benchmark_profondita/renders,P01_blk05pos_0.200_krea2_seed777_00001_.png,0.622400,0.00143619,0.00146663,0.00124671,0.00108526,0.00116671,0.040179,0.27967,2.98
benchmark_profondita/renders,P01_blk06pos_0.200_krea2_seed1337_00001_.png,0.610956,0.00141094,0.00132661,0.00117780,0.00098112,0.00099641,0.038248,0.29433,358.41
benchmark_profondita/renders,P01_blk06pos_0.200_krea2_seed42_00001_.png,0.600310,0.00146555,0.00127768,0.00110505,0.00093316,0.00099607,0.038123,0.34362,17.80
benchmark_profondita/renders,P01_blk06pos_0.200_krea2_seed777_00001_.png,0.601313,0.00140838,0.00134988,0.00120291,0.00097914,0.00099644,0.037015,0.32261,358.00
benchmark_profondita/renders,P01_blk07pos_0.200_krea2_seed1337_00001_.png,0.616036,0.00133919,0.00136057,0.00127510,0.00109637,0.00119503,0.040505,0.30942,356.96
benchmark_profondita/renders,P01_blk07pos_0.200_krea2_seed42_00001_.png,0.613725,0.00142131,0.00140613,0.00130759,0.00107128,0.00112992,0.039917,0.33198,359.03
benchmark_profondita/renders,P01_blk07pos_0.200_krea2_seed777_00001_.png,0.628904,0.00142804,0.00149071,0.00137184,0.00113503,0.00116212,0.041575,0.31940,357.80
benchmark_profondita/renders,P01_blk08pos_0.200_krea2_seed1337_00001_.png,0.599209,0.00128217,0.00118932,0.00111530,0.00103286,0.00108639,0.037817,0.28433,5.57
benchmark_profondita/renders,P01_blk08pos_0.200_krea2_seed42_00001_.png,0.595026,0.00130279,0.00119842,0.00111212,0.00100760,0.00105082,0.036055,0.33053,22.30
benchmark_profondita/renders,P01_blk08pos_0.200_krea2_seed777_00001_.png,0.598929,0.00133657,0.00132343,0.00123137,0.00107094,0.00104850,0.039548,0.30879,13.44
benchmark_profondita/renders,P01_blk09pos_0.200_krea2_seed1337_00001_.png,0.596237,0.00119623,0.00119703,0.00105779,0.00093227,0.00107681,0.035287,0.28723,5.62
benchmark_profondita/renders,P01_blk09pos_0.200_krea2_seed42_00001_.png,0.588551,0.00120971,0.00111921,0.00098933,0.00089607,0.00096573,0.033818,0.32097,11.65
benchmark_profondita/renders,P01_blk09pos_0.200_krea2_seed777_00001_.png,0.618962,0.00123131,0.00127935,0.00114974,0.00098977,0.00107292,0.034641,0.30544,7.06
benchmark_profondita/renders,P01_blk10pos_0.200_krea2_seed1337_00001_.png,0.639287,0.00143681,0.00156208,0.00131859,0.00104881,0.00109026,0.039837,0.33377,352.08
benchmark_profondita/renders,P01_blk10pos_0.200_krea2_seed42_00001_.png,0.651284,0.00139740,0.00144813,0.00114582,0.00089843,0.00101347,0.035671,0.33112,355.92
benchmark_profondita/renders,P01_blk10pos_0.200_krea2_seed777_00001_.png,0.646463,0.00139129,0.00150531,0.00117837,0.00089255,0.00102396,0.037199,0.33569,358.05
benchmark_profondita/renders,P01_blk11pos_0.200_krea2_seed1337_00001_.png,0.628452,0.00130213,0.00123389,0.00109893,0.00098445,0.00112618,0.035806,0.30517,358.81
benchmark_profondita/renders,P01_blk11pos_0.200_krea2_seed42_00001_.png,0.622743,0.00132713,0.00111199,0.00094514,0.00089207,0.00108489,0.033662,0.35065,11.35
benchmark_profondita/renders,P01_blk11pos_0.200_krea2_seed777_00001_.png,0.610381,0.00127054,0.00123736,0.00108046,0.00091738,0.00105434,0.036332,0.31987,8.17
benchmark_profondita/renders,P01_blk12pos_0.200_krea2_seed1337_00001_.png,0.620911,0.00138005,0.00124328,0.00108766,0.00100130,0.00107686,0.035457,0.31420,7.00
benchmark_profondita/renders,P01_blk12pos_0.200_krea2_seed42_00001_.png,0.599178,0.00138124,0.00110968,0.00091964,0.00086537,0.00096597,0.033398,0.38171,24.67
benchmark_profondita/renders,P01_blk12pos_0.200_krea2_seed777_00001_.png,0.595608,0.00141220,0.00121854,0.00100945,0.00090632,0.00103325,0.037221,0.35396,10.83
benchmark_profondita/renders,P01_blk13pos_0.200_krea2_seed1337_00001_.png,0.593029,0.00131775,0.00121476,0.00110243,0.00096911,0.00105232,0.036835,0.30402,11.68
benchmark_profondita/renders,P01_blk13pos_0.200_krea2_seed42_00001_.png,0.573376,0.00131961,0.00111377,0.00100402,0.00091599,0.00099382,0.035073,0.32213,14.77
benchmark_profondita/renders,P01_blk13pos_0.200_krea2_seed777_00001_.png,0.583450,0.00145081,0.00136038,0.00115809,0.00100810,0.00104667,0.040300,0.31221,6.61
benchmark_profondita/renders,P01_blk14pos_0.200_krea2_seed1337_00001_.png,0.592996,0.00156925,0.00134796,0.00115334,0.00108044,0.00116375,0.039193,0.33280,14.35
benchmark_profondita/renders,P01_blk14pos_0.200_krea2_seed42_00001_.png,0.572708,0.00157766,0.00122438,0.00103396,0.00099582,0.00105431,0.037816,0.34033,5.91
benchmark_profondita/renders,P01_blk14pos_0.200_krea2_seed777_00001_.png,0.584598,0.00158366,0.00135723,0.00116234,0.00111014,0.00125279,0.037935,0.40462,23.35
benchmark_profondita/renders,P01_blk15pos_0.200_krea2_seed1337_00001_.png,0.596819,0.00140474,0.00137917,0.00122692,0.00110431,0.00121739,0.038683,0.31005,347.91
benchmark_profondita/renders,P01_blk15pos_0.200_krea2_seed42_00001_.png,0.614659,0.00142473,0.00131031,0.00115215,0.00100727,0.00116718,0.038097,0.35333,336.53
benchmark_profondita/renders,P01_blk15pos_0.200_krea2_seed777_00001_.png,0.604749,0.00156029,0.00152671,0.00132317,0.00120823,0.00124399,0.043015,0.32783,352.20
benchmark_profondita/renders,P01_blk16pos_0.200_krea2_seed1337_00001_.png,0.633984,0.00159369,0.00160863,0.00144209,0.00119957,0.00129679,0.041037,0.36208,291.14
benchmark_profondita/renders,P01_blk16pos_0.200_krea2_seed42_00001_.png,0.631163,0.00152405,0.00128983,0.00106676,0.00098557,0.00122263,0.036621,0.34209,333.02
benchmark_profondita/renders,P01_blk16pos_0.200_krea2_seed777_00001_.png,0.610180,0.00155746,0.00148173,0.00123837,0.00105945,0.00124005,0.040731,0.36782,311.52
benchmark_profondita/renders,P01_blk17pos_0.200_krea2_seed1337_00001_.png,0.564937,0.00107410,0.00097957,0.00088154,0.00073370,0.00079892,0.030565,0.28333,353.19
benchmark_profondita/renders,P01_blk17pos_0.200_krea2_seed42_00001_.png,0.565959,0.00111693,0.00095210,0.00081955,0.00072514,0.00079684,0.030871,0.28560,359.93
benchmark_profondita/renders,P01_blk17pos_0.200_krea2_seed777_00001_.png,0.562576,0.00112829,0.00102619,0.00091240,0.00080298,0.00085308,0.031262,0.28968,353.91
benchmark_profondita/renders,P01_blk18pos_0.200_krea2_seed1337_00001_.png,0.616891,0.00110087,0.00113955,0.00107073,0.00093011,0.00097513,0.036129,0.28006,354.95
benchmark_profondita/renders,P01_blk18pos_0.200_krea2_seed42_00001_.png,0.590855,0.00102103,0.00106027,0.00097067,0.00083519,0.00080610,0.031506,0.29134,341.48
benchmark_profondita/renders,P01_blk18pos_0.200_krea2_seed777_00001_.png,0.590231,0.00106855,0.00116177,0.00109950,0.00098399,0.00099032,0.037243,0.29097,344.46
benchmark_profondita/renders,P01_blk19pos_0.200_krea2_seed1337_00001_.png,0.597403,0.00132856,0.00133793,0.00123789,0.00100784,0.00117723,0.037975,0.32755,349.75
benchmark_profondita/renders,P01_blk19pos_0.200_krea2_seed42_00001_.png,0.585979,0.00121855,0.00110926,0.00100609,0.00092753,0.00108437,0.035432,0.35911,350.99
benchmark_profondita/renders,P01_blk19pos_0.200_krea2_seed777_00001_.png,0.580214,0.00130856,0.00129566,0.00106773,0.00091562,0.00102409,0.036723,0.34726,349.75
benchmark_profondita/renders,P01_blk20pos_0.200_krea2_seed1337_00001_.png,0.611852,0.00134737,0.00151524,0.00145644,0.00123306,0.00134201,0.044814,0.32763,18.27
benchmark_profondita/renders,P01_blk20pos_0.200_krea2_seed42_00001_.png,0.621851,0.00141882,0.00156297,0.00141486,0.00115766,0.00127090,0.042346,0.31141,13.70
benchmark_profondita/renders,P01_blk20pos_0.200_krea2_seed777_00001_.png,0.610947,0.00142474,0.00160359,0.00149741,0.00126162,0.00135897,0.044786,0.32378,11.33
benchmark_profondita/renders,P01_blk21pos_0.200_krea2_seed1337_00001_.png,0.607752,0.00147965,0.00154526,0.00152518,0.00124527,0.00127649,0.046041,0.35302,15.33
benchmark_profondita/renders,P01_blk21pos_0.200_krea2_seed42_00001_.png,0.629911,0.00154853,0.00158105,0.00148355,0.00120114,0.00118732,0.042185,0.36306,19.93
benchmark_profondita/renders,P01_blk21pos_0.200_krea2_seed777_00001_.png,0.606054,0.00135565,0.00149286,0.00153876,0.00125635,0.00124129,0.040792,0.36620,10.49
benchmark_profondita/renders,P01_blk22pos_0.200_krea2_seed1337_00001_.png,0.561832,0.00106482,0.00135873,0.00142512,0.00118809,0.00114657,0.043632,0.32033,2.61
benchmark_profondita/renders,P01_blk22pos_0.200_krea2_seed42_00001_.png,0.582535,0.00116930,0.00135618,0.00136099,0.00118273,0.00121011,0.042549,0.31652,0.49
benchmark_profondita/renders,P01_blk22pos_0.200_krea2_seed777_00001_.png,0.566326,0.00108562,0.00136654,0.00139209,0.00119418,0.00124378,0.044549,0.31393,357.41
benchmark_profondita/renders,P01_blk23pos_0.200_krea2_seed1337_00001_.png,0.565097,0.00089044,0.00090438,0.00088050,0.00089888,0.00104582,0.035409,0.25876,9.98
benchmark_profondita/renders,P01_blk23pos_0.200_krea2_seed42_00001_.png,0.567690,0.00105252,0.00097713,0.00091512,0.00089371,0.00110987,0.034820,0.28753,12.31
benchmark_profondita/renders,P01_blk23pos_0.200_krea2_seed777_00001_.png,0.561384,0.00097964,0.00103885,0.00099124,0.00093714,0.00109210,0.036744,0.27435,9.74
benchmark_profondita/renders,P01_blk24pos_0.200_krea2_seed1337_00001_.png,0.597319,0.00119495,0.00124364,0.00116536,0.00109644,0.00119849,0.040983,0.33812,357.65
benchmark_profondita/renders,P01_blk24pos_0.200_krea2_seed42_00001_.png,0.607012,0.00130923,0.00121556,0.00107109,0.00097579,0.00113848,0.038071,0.35342,7.34
benchmark_profondita/renders,P01_blk24pos_0.200_krea2_seed777_00001_.png,0.589815,0.00132569,0.00125430,0.00110382,0.00106269,0.00121553,0.041345,0.36864,5.86
benchmark_profondita/renders,P01_blk25pos_0.200_krea2_seed1337_00001_.png,0.565275,0.00097571,0.00088263,0.00084741,0.00084275,0.00102433,0.034653,0.32014,2.72
benchmark_profondita/renders,P01_blk25pos_0.200_krea2_seed42_00001_.png,0.562044,0.00101182,0.00081782,0.00073621,0.00074818,0.00096119,0.033564,0.33081,12.87
benchmark_profondita/renders,P01_blk25pos_0.200_krea2_seed777_00001_.png,0.564516,0.00096912,0.00093455,0.00088657,0.00085364,0.00101919,0.034386,0.32541,7.13
benchmark_profondita/renders,P01_blk26pos_0.200_krea2_seed1337_00001_.png,0.532701,0.00101888,0.00118171,0.00119088,0.00108965,0.00118911,0.032881,0.32059,31.76
benchmark_profondita/renders,P01_blk26pos_0.200_krea2_seed42_00001_.png,0.532181,0.00098229,0.00108381,0.00115068,0.00106160,0.00115012,0.033407,0.33230,28.17
benchmark_profondita/renders,P01_blk26pos_0.200_krea2_seed777_00001_.png,0.537235,0.00112138,0.00127304,0.00124909,0.00108460,0.00118572,0.034093,0.34173,29.98
benchmark_profondita/renders,P01_blk27pos_0.200_krea2_seed1337_00001_.png,0.620628,0.00179173,0.00242507,0.00268324,0.00177472,0.00110522,0.040331,0.31352,28.78
benchmark_profondita/renders,P01_blk27pos_0.200_krea2_seed42_00001_.png,0.624696,0.00179541,0.00233765,0.00251967,0.00159291,0.00103288,0.037861,0.32520,26.14
benchmark_profondita/renders,P01_blk27pos_0.200_krea2_seed777_00001_.png,0.621519,0.00177143,0.00247608,0.00268197,0.00170627,0.00108368,0.040817,0.32265,26.58
benchmark_profondita/renders,P02_blk00pos_0.200_krea2_seed1337_00001_.png,0.648907,0.00249869,0.00217299,0.00172776,0.00191104,0.00208325,0.068239,0.22126,52.26
benchmark_profondita/renders,P02_blk00pos_0.200_krea2_seed42_00001_.png,0.645061,0.00263787,0.00213102,0.00168597,0.00180260,0.00201892,0.066661,0.22150,54.05
benchmark_profondita/renders,P02_blk00pos_0.200_krea2_seed777_00001_.png,0.627461,0.00256479,0.00217274,0.00168852,0.00169530,0.00194742,0.073195,0.22332,46.96
benchmark_profondita/renders,P02_blk01pos_0.200_krea2_seed1337_00001_.png,0.656965,0.00312194,0.00314198,0.00258532,0.00240611,0.00234328,0.080095,0.24128,52.12
benchmark_profondita/renders,P02_blk01pos_0.200_krea2_seed42_00001_.png,0.663341,0.00301552,0.00290308,0.00237131,0.00216381,0.00226497,0.077885,0.23491,51.10
benchmark_profondita/renders,P02_blk01pos_0.200_krea2_seed777_00001_.png,0.669300,0.00327304,0.00319184,0.00262196,0.00232174,0.00232000,0.083097,0.24642,49.33
benchmark_profondita/renders,P02_blk02pos_0.200_krea2_seed1337_00001_.png,0.630651,0.00272254,0.00273350,0.00210979,0.00218382,0.00230443,0.080882,0.22313,58.46
benchmark_profondita/renders,P02_blk02pos_0.200_krea2_seed42_00001_.png,0.653053,0.00273081,0.00290409,0.00235252,0.00215860,0.00220589,0.081488,0.23481,56.38
benchmark_profondita/renders,P02_blk02pos_0.200_krea2_seed777_00001_.png,0.630655,0.00280509,0.00287289,0.00214850,0.00203371,0.00208162,0.086249,0.22235,56.24
benchmark_profondita/renders,P02_blk03pos_0.200_krea2_seed1337_00001_.png,0.634648,0.00270401,0.00275878,0.00224368,0.00192493,0.00187069,0.081137,0.22422,56.57
benchmark_profondita/renders,P02_blk03pos_0.200_krea2_seed42_00001_.png,0.629408,0.00299241,0.00276393,0.00214684,0.00188222,0.00186388,0.080308,0.23765,51.96
benchmark_profondita/renders,P02_blk03pos_0.200_krea2_seed777_00001_.png,0.658051,0.00305674,0.00296248,0.00232352,0.00198917,0.00200284,0.082102,0.24348,49.44
benchmark_profondita/renders,P02_blk04pos_0.200_krea2_seed1337_00001_.png,0.651693,0.00295730,0.00292715,0.00246007,0.00229749,0.00229275,0.076242,0.24777,52.40
benchmark_profondita/renders,P02_blk04pos_0.200_krea2_seed42_00001_.png,0.655198,0.00288610,0.00274205,0.00227235,0.00212483,0.00226546,0.075460,0.24799,53.85
benchmark_profondita/renders,P02_blk04pos_0.200_krea2_seed777_00001_.png,0.630842,0.00296347,0.00274822,0.00237572,0.00222721,0.00232259,0.082168,0.24611,51.81
benchmark_profondita/renders,P02_blk05pos_0.200_krea2_seed1337_00001_.png,0.628070,0.00281653,0.00275257,0.00224757,0.00239691,0.00244536,0.080978,0.22796,51.28
benchmark_profondita/renders,P02_blk05pos_0.200_krea2_seed42_00001_.png,0.626135,0.00299675,0.00291322,0.00233216,0.00218579,0.00220771,0.079060,0.24604,48.63
benchmark_profondita/renders,P02_blk05pos_0.200_krea2_seed777_00001_.png,0.628466,0.00313306,0.00314893,0.00252544,0.00206751,0.00194059,0.078927,0.23242,49.83
benchmark_profondita/renders,P02_blk06pos_0.200_krea2_seed1337_00001_.png,0.631223,0.00285914,0.00275266,0.00221242,0.00216654,0.00234374,0.081705,0.24211,52.98
benchmark_profondita/renders,P02_blk06pos_0.200_krea2_seed42_00001_.png,0.635609,0.00308798,0.00302947,0.00243046,0.00208348,0.00211504,0.079841,0.25217,55.22
benchmark_profondita/renders,P02_blk06pos_0.200_krea2_seed777_00001_.png,0.636093,0.00309410,0.00289776,0.00232211,0.00201709,0.00195112,0.080070,0.23982,51.30
benchmark_profondita/renders,P02_blk07pos_0.200_krea2_seed1337_00001_.png,0.659070,0.00297502,0.00312564,0.00264296,0.00261284,0.00258380,0.080413,0.25443,51.20
benchmark_profondita/renders,P02_blk07pos_0.200_krea2_seed42_00001_.png,0.634845,0.00301759,0.00295763,0.00249280,0.00223722,0.00228155,0.085950,0.23778,47.12
benchmark_profondita/renders,P02_blk07pos_0.200_krea2_seed777_00001_.png,0.649931,0.00290366,0.00306122,0.00257805,0.00206948,0.00203064,0.084083,0.23008,49.04
benchmark_profondita/renders,P02_blk08pos_0.200_krea2_seed1337_00001_.png,0.611424,0.00260078,0.00265316,0.00218496,0.00205285,0.00222204,0.086782,0.24084,49.34
benchmark_profondita/renders,P02_blk08pos_0.200_krea2_seed42_00001_.png,0.642441,0.00300641,0.00269403,0.00210497,0.00202085,0.00218889,0.081208,0.24349,51.68
benchmark_profondita/renders,P02_blk08pos_0.200_krea2_seed777_00001_.png,0.616254,0.00270818,0.00260330,0.00206834,0.00191383,0.00194263,0.082231,0.23060,52.52
benchmark_profondita/renders,P02_blk09pos_0.200_krea2_seed1337_00001_.png,0.647688,0.00294511,0.00293461,0.00242833,0.00231170,0.00238826,0.080838,0.25779,49.95
benchmark_profondita/renders,P02_blk09pos_0.200_krea2_seed42_00001_.png,0.636504,0.00299569,0.00306359,0.00244886,0.00219899,0.00234146,0.083404,0.26269,49.56
benchmark_profondita/renders,P02_blk09pos_0.200_krea2_seed777_00001_.png,0.639836,0.00304782,0.00297290,0.00224655,0.00187756,0.00195661,0.079600,0.24892,49.39
benchmark_profondita/renders,P02_blk10pos_0.200_krea2_seed1337_00001_.png,0.635682,0.00274129,0.00277595,0.00238573,0.00252357,0.00261197,0.079502,0.25019,59.69
benchmark_profondita/renders,P02_blk10pos_0.200_krea2_seed42_00001_.png,0.630406,0.00269920,0.00304285,0.00248501,0.00235682,0.00248686,0.079545,0.25870,55.50
benchmark_profondita/renders,P02_blk10pos_0.200_krea2_seed777_00001_.png,0.634403,0.00273745,0.00296357,0.00248664,0.00235299,0.00235145,0.080809,0.25569,56.05
benchmark_profondita/renders,P02_blk11pos_0.200_krea2_seed1337_00001_.png,0.623882,0.00262043,0.00271899,0.00228741,0.00212481,0.00216445,0.082047,0.24170,51.70
benchmark_profondita/renders,P02_blk11pos_0.200_krea2_seed42_00001_.png,0.625338,0.00261379,0.00270069,0.00210573,0.00172608,0.00184782,0.082108,0.23346,56.56
benchmark_profondita/renders,P02_blk11pos_0.200_krea2_seed777_00001_.png,0.627606,0.00270020,0.00250385,0.00190670,0.00179713,0.00202896,0.084439,0.23344,53.71
benchmark_profondita/renders,P02_blk12pos_0.200_krea2_seed1337_00001_.png,0.642243,0.00341511,0.00289780,0.00210606,0.00197856,0.00207273,0.080708,0.26917,58.03
benchmark_profondita/renders,P02_blk12pos_0.200_krea2_seed42_00001_.png,0.627910,0.00347888,0.00316412,0.00239211,0.00205261,0.00205869,0.085498,0.28508,53.47
benchmark_profondita/renders,P02_blk12pos_0.200_krea2_seed777_00001_.png,0.628331,0.00347811,0.00308975,0.00244373,0.00203682,0.00196094,0.082508,0.28350,52.22
benchmark_profondita/renders,P02_blk13pos_0.200_krea2_seed1337_00001_.png,0.617392,0.00309565,0.00287258,0.00251447,0.00291559,0.00273768,0.085758,0.24835,54.39
benchmark_profondita/renders,P02_blk13pos_0.200_krea2_seed42_00001_.png,0.625347,0.00342426,0.00299812,0.00245567,0.00200680,0.00183123,0.079030,0.27451,52.85
benchmark_profondita/renders,P02_blk13pos_0.200_krea2_seed777_00001_.png,0.623210,0.00339950,0.00292075,0.00241768,0.00205782,0.00202670,0.081998,0.26147,53.39
benchmark_profondita/renders,P02_blk14pos_0.200_krea2_seed1337_00001_.png,0.644295,0.00321963,0.00295242,0.00240724,0.00216136,0.00228687,0.083331,0.25736,54.43
benchmark_profondita/renders,P02_blk14pos_0.200_krea2_seed42_00001_.png,0.658023,0.00355536,0.00299863,0.00238061,0.00208084,0.00209760,0.078428,0.26893,50.68
benchmark_profondita/renders,P02_blk14pos_0.200_krea2_seed777_00001_.png,0.663062,0.00359608,0.00306422,0.00258895,0.00223770,0.00208962,0.080131,0.26516,47.74
benchmark_profondita/renders,P02_blk15pos_0.200_krea2_seed1337_00001_.png,0.651684,0.00322407,0.00323457,0.00302276,0.00320780,0.00316175,0.093791,0.26554,48.43
benchmark_profondita/renders,P02_blk15pos_0.200_krea2_seed42_00001_.png,0.649463,0.00328150,0.00331526,0.00289382,0.00298149,0.00311745,0.092094,0.26025,45.03
benchmark_profondita/renders,P02_blk15pos_0.200_krea2_seed777_00001_.png,0.652006,0.00330189,0.00326039,0.00280828,0.00259875,0.00256261,0.091572,0.25877,53.80
benchmark_profondita/renders,P02_blk16pos_0.200_krea2_seed1337_00001_.png,0.640557,0.00325153,0.00353394,0.00304434,0.00265654,0.00263814,0.085516,0.27930,69.71
benchmark_profondita/renders,P02_blk16pos_0.200_krea2_seed42_00001_.png,0.642950,0.00353101,0.00358372,0.00286390,0.00268100,0.00282958,0.085431,0.28728,62.88
benchmark_profondita/renders,P02_blk16pos_0.200_krea2_seed777_00001_.png,0.634175,0.00339258,0.00313996,0.00264343,0.00244754,0.00244840,0.091414,0.28352,72.16
benchmark_profondita/renders,P02_blk17pos_0.200_krea2_seed1337_00001_.png,0.640670,0.00235603,0.00238878,0.00198464,0.00204264,0.00210146,0.077125,0.24827,60.31
benchmark_profondita/renders,P02_blk17pos_0.200_krea2_seed42_00001_.png,0.659925,0.00264221,0.00265807,0.00222498,0.00194230,0.00192889,0.076914,0.25109,55.56
benchmark_profondita/renders,P02_blk17pos_0.200_krea2_seed777_00001_.png,0.655084,0.00259989,0.00280990,0.00238800,0.00209521,0.00215781,0.080164,0.25200,53.69
benchmark_profondita/renders,P02_blk18pos_0.200_krea2_seed1337_00001_.png,0.622978,0.00233806,0.00276991,0.00223187,0.00201274,0.00230079,0.071378,0.24768,61.97
benchmark_profondita/renders,P02_blk18pos_0.200_krea2_seed42_00001_.png,0.617885,0.00226716,0.00275774,0.00243498,0.00192200,0.00186644,0.072479,0.25271,58.86
benchmark_profondita/renders,P02_blk18pos_0.200_krea2_seed777_00001_.png,0.634121,0.00251180,0.00296367,0.00235247,0.00179199,0.00184328,0.074750,0.24997,59.54
benchmark_profondita/renders,P02_blk19pos_0.200_krea2_seed1337_00001_.png,0.593013,0.00246684,0.00263136,0.00229773,0.00248128,0.00255292,0.096892,0.24285,52.52
benchmark_profondita/renders,P02_blk19pos_0.200_krea2_seed42_00001_.png,0.597556,0.00274017,0.00283017,0.00241143,0.00229119,0.00251337,0.094370,0.24647,50.85
benchmark_profondita/renders,P02_blk19pos_0.200_krea2_seed777_00001_.png,0.609178,0.00284237,0.00269848,0.00230613,0.00229669,0.00236060,0.093622,0.22877,59.41
benchmark_profondita/renders,P02_blk20pos_0.200_krea2_seed1337_00001_.png,0.621621,0.00253016,0.00276067,0.00239068,0.00210653,0.00223380,0.087169,0.25555,59.60
benchmark_profondita/renders,P02_blk20pos_0.200_krea2_seed42_00001_.png,0.633017,0.00239575,0.00282795,0.00237783,0.00208156,0.00214071,0.079552,0.25617,54.01
benchmark_profondita/renders,P02_blk20pos_0.200_krea2_seed777_00001_.png,0.640015,0.00256987,0.00276523,0.00247901,0.00208681,0.00202212,0.085752,0.24680,55.73
benchmark_profondita/renders,P02_blk21pos_0.200_krea2_seed1337_00001_.png,0.657154,0.00315653,0.00347434,0.00320088,0.00287230,0.00302776,0.089994,0.27252,51.87
benchmark_profondita/renders,P02_blk21pos_0.200_krea2_seed42_00001_.png,0.633847,0.00275519,0.00312567,0.00297263,0.00245128,0.00250818,0.092093,0.27757,51.33
benchmark_profondita/renders,P02_blk21pos_0.200_krea2_seed777_00001_.png,0.643785,0.00305107,0.00315789,0.00301102,0.00237748,0.00228103,0.092138,0.27731,48.85
benchmark_profondita/renders,P02_blk22pos_0.200_krea2_seed1337_00001_.png,0.650738,0.00254721,0.00330076,0.00331187,0.00286630,0.00251231,0.093980,0.28578,56.57
benchmark_profondita/renders,P02_blk22pos_0.200_krea2_seed42_00001_.png,0.637904,0.00244834,0.00321425,0.00309847,0.00262660,0.00264496,0.095306,0.28955,48.72
benchmark_profondita/renders,P02_blk22pos_0.200_krea2_seed777_00001_.png,0.638453,0.00259505,0.00322304,0.00308119,0.00259507,0.00246285,0.092668,0.28771,48.83
benchmark_profondita/renders,P02_blk23pos_0.200_krea2_seed1337_00001_.png,0.620710,0.00230374,0.00238276,0.00217430,0.00222991,0.00228420,0.077945,0.22331,45.20
benchmark_profondita/renders,P02_blk23pos_0.200_krea2_seed42_00001_.png,0.618600,0.00223279,0.00234812,0.00202536,0.00184637,0.00194803,0.074723,0.24917,44.55
benchmark_profondita/renders,P02_blk23pos_0.200_krea2_seed777_00001_.png,0.619362,0.00237244,0.00224570,0.00195529,0.00191067,0.00192611,0.079247,0.23618,43.25
benchmark_profondita/renders,P02_blk24pos_0.200_krea2_seed1337_00001_.png,0.638547,0.00274399,0.00271167,0.00234999,0.00247533,0.00249824,0.088177,0.27104,57.87
benchmark_profondita/renders,P02_blk24pos_0.200_krea2_seed42_00001_.png,0.618379,0.00240911,0.00240688,0.00214570,0.00208719,0.00217199,0.086383,0.27254,52.24
benchmark_profondita/renders,P02_blk24pos_0.200_krea2_seed777_00001_.png,0.624689,0.00259598,0.00263050,0.00229220,0.00220552,0.00219062,0.086828,0.25570,59.59
benchmark_profondita/renders,P02_blk25pos_0.200_krea2_seed1337_00001_.png,0.613466,0.00248888,0.00227725,0.00186815,0.00204628,0.00223534,0.078712,0.28374,57.05
benchmark_profondita/renders,P02_blk25pos_0.200_krea2_seed42_00001_.png,0.611321,0.00228343,0.00214050,0.00181126,0.00177482,0.00199213,0.077986,0.29537,54.93
benchmark_profondita/renders,P02_blk25pos_0.200_krea2_seed777_00001_.png,0.615143,0.00248075,0.00216933,0.00190887,0.00188568,0.00204998,0.078816,0.29419,52.35
benchmark_profondita/renders,P02_blk26pos_0.200_krea2_seed1337_00001_.png,0.563812,0.00160323,0.00171862,0.00168063,0.00165609,0.00167536,0.057959,0.28966,56.12
benchmark_profondita/renders,P02_blk26pos_0.200_krea2_seed42_00001_.png,0.566905,0.00154514,0.00173031,0.00174400,0.00175088,0.00191628,0.058917,0.28829,53.99
benchmark_profondita/renders,P02_blk26pos_0.200_krea2_seed777_00001_.png,0.551777,0.00162700,0.00172161,0.00170681,0.00158995,0.00159983,0.058548,0.28353,54.23
benchmark_profondita/renders,P02_blk27pos_0.200_krea2_seed1337_00001_.png,0.654271,0.00267780,0.00360763,0.00380354,0.00268965,0.00173461,0.062109,0.26583,52.08
benchmark_profondita/renders,P02_blk27pos_0.200_krea2_seed42_00001_.png,0.650978,0.00254923,0.00352750,0.00359215,0.00233262,0.00163457,0.059806,0.26599,50.55
benchmark_profondita/renders,P02_blk27pos_0.200_krea2_seed777_00001_.png,0.653874,0.00268782,0.00369572,0.00381690,0.00244721,0.00163828,0.062484,0.26253,53.33
benchmark_profondita_neg/renders,P01_blk00neg_0.200_krea2_seed1337_00001_.png,0.628696,0.00172414,0.00205765,0.00202497,0.00154029,0.00146417,0.048997,0.38892,10.26
benchmark_profondita_neg/renders,P01_blk00neg_0.200_krea2_seed42_00001_.png,0.628066,0.00180020,0.00186776,0.00168864,0.00143815,0.00137868,0.045837,0.39360,8.57
benchmark_profondita_neg/renders,P01_blk00neg_0.200_krea2_seed777_00001_.png,0.644674,0.00168111,0.00208450,0.00204591,0.00152512,0.00147905,0.049164,0.39036,6.81
benchmark_profondita_neg/renders,P01_blk01neg_0.200_krea2_seed1337_00001_.png,0.586269,0.00125248,0.00127013,0.00119144,0.00103119,0.00109878,0.039623,0.28262,4.07
benchmark_profondita_neg/renders,P01_blk01neg_0.200_krea2_seed42_00001_.png,0.584153,0.00122390,0.00117786,0.00101592,0.00087897,0.00095293,0.035519,0.28871,355.88
benchmark_profondita_neg/renders,P01_blk01neg_0.200_krea2_seed777_00001_.png,0.589459,0.00121680,0.00128170,0.00116248,0.00096828,0.00100602,0.037680,0.28600,359.47
benchmark_profondita_neg/renders,P01_blk02neg_0.200_krea2_seed1337_00001_.png,0.612312,0.00135572,0.00137653,0.00124750,0.00113108,0.00124715,0.040479,0.30610,7.33
benchmark_profondita_neg/renders,P01_blk02neg_0.200_krea2_seed42_00001_.png,0.602501,0.00137630,0.00128053,0.00113040,0.00100513,0.00112051,0.038722,0.30981,10.85
benchmark_profondita_neg/renders,P01_blk02neg_0.200_krea2_seed777_00001_.png,0.602948,0.00137323,0.00141312,0.00123496,0.00108545,0.00123410,0.040386,0.30528,5.25
benchmark_profondita_neg/renders,P01_blk03neg_0.200_krea2_seed1337_00001_.png,0.614973,0.00135444,0.00131497,0.00116513,0.00104600,0.00111710,0.039869,0.29310,3.07
benchmark_profondita_neg/renders,P01_blk03neg_0.200_krea2_seed42_00001_.png,0.604538,0.00136575,0.00120957,0.00106423,0.00090798,0.00096767,0.035720,0.30968,3.06
benchmark_profondita_neg/renders,P01_blk03neg_0.200_krea2_seed777_00001_.png,0.598149,0.00133413,0.00138416,0.00126601,0.00111014,0.00119982,0.041869,0.30592,5.35
benchmark_profondita_neg/renders,P01_blk04neg_0.200_krea2_seed1337_00001_.png,0.625651,0.00139934,0.00135058,0.00118873,0.00102631,0.00108240,0.039577,0.28328,359.69
benchmark_profondita_neg/renders,P01_blk04neg_0.200_krea2_seed42_00001_.png,0.596523,0.00139936,0.00123887,0.00102143,0.00089558,0.00096568,0.035693,0.30693,4.24
benchmark_profondita_neg/renders,P01_blk04neg_0.200_krea2_seed777_00001_.png,0.611294,0.00129493,0.00130219,0.00111889,0.00095537,0.00099619,0.035935,0.30278,359.12
benchmark_profondita_neg/renders,P01_blk05neg_0.200_krea2_seed1337_00001_.png,0.601376,0.00130493,0.00132580,0.00124205,0.00106309,0.00113163,0.038883,0.29037,7.98
benchmark_profondita_neg/renders,P01_blk05neg_0.200_krea2_seed42_00001_.png,0.589290,0.00133534,0.00121860,0.00110225,0.00095370,0.00099234,0.036964,0.30591,6.00
benchmark_profondita_neg/renders,P01_blk05neg_0.200_krea2_seed777_00001_.png,0.606975,0.00122506,0.00127797,0.00119235,0.00107643,0.00112091,0.039043,0.30551,7.08
benchmark_profondita_neg/renders,P01_blk06neg_0.200_krea2_seed1337_00001_.png,0.610560,0.00122158,0.00124172,0.00113293,0.00098313,0.00103977,0.037090,0.28546,358.25
benchmark_profondita_neg/renders,P01_blk06neg_0.200_krea2_seed42_00001_.png,0.611888,0.00127562,0.00123917,0.00110474,0.00100017,0.00110639,0.035983,0.30413,3.25
benchmark_profondita_neg/renders,P01_blk06neg_0.200_krea2_seed777_00001_.png,0.603456,0.00124059,0.00129249,0.00119431,0.00107341,0.00109020,0.039253,0.29736,5.63
benchmark_profondita_neg/renders,P01_blk07neg_0.200_krea2_seed1337_00001_.png,0.609313,0.00134047,0.00130715,0.00115515,0.00102176,0.00107298,0.038915,0.28515,7.30
benchmark_profondita_neg/renders,P01_blk07neg_0.200_krea2_seed42_00001_.png,0.600283,0.00131598,0.00121926,0.00107262,0.00098988,0.00105261,0.037514,0.28499,8.91
benchmark_profondita_neg/renders,P01_blk07neg_0.200_krea2_seed777_00001_.png,0.599731,0.00130648,0.00135141,0.00121170,0.00106932,0.00111654,0.039220,0.27793,5.34
benchmark_profondita_neg/renders,P01_blk08neg_0.200_krea2_seed1337_00001_.png,0.601596,0.00131903,0.00143253,0.00127735,0.00110359,0.00119716,0.039889,0.29374,359.05
benchmark_profondita_neg/renders,P01_blk08neg_0.200_krea2_seed42_00001_.png,0.593828,0.00135191,0.00128622,0.00115768,0.00097432,0.00104437,0.037377,0.32162,3.47
benchmark_profondita_neg/renders,P01_blk08neg_0.200_krea2_seed777_00001_.png,0.605305,0.00131870,0.00138212,0.00121346,0.00104661,0.00106848,0.037549,0.30073,354.49
benchmark_profondita_neg/renders,P01_blk09neg_0.200_krea2_seed1337_00001_.png,0.617053,0.00135407,0.00132438,0.00121528,0.00106089,0.00112076,0.039520,0.27761,2.10
benchmark_profondita_neg/renders,P01_blk09neg_0.200_krea2_seed42_00001_.png,0.607049,0.00136283,0.00127847,0.00111763,0.00095389,0.00102756,0.038353,0.28400,1.42
benchmark_profondita_neg/renders,P01_blk09neg_0.200_krea2_seed777_00001_.png,0.593846,0.00135777,0.00134797,0.00122012,0.00110314,0.00117216,0.041103,0.28749,5.05
benchmark_profondita_neg/renders,P01_blk10neg_0.200_krea2_seed1337_00001_.png,0.587555,0.00123062,0.00123004,0.00110269,0.00095548,0.00104109,0.033996,0.31841,13.12
benchmark_profondita_neg/renders,P01_blk10neg_0.200_krea2_seed42_00001_.png,0.603031,0.00137810,0.00135537,0.00115368,0.00099517,0.00108890,0.036141,0.33463,19.71
benchmark_profondita_neg/renders,P01_blk10neg_0.200_krea2_seed777_00001_.png,0.602611,0.00120892,0.00124555,0.00107516,0.00092191,0.00102829,0.032658,0.31107,15.63
benchmark_profondita_neg/renders,P01_blk11neg_0.200_krea2_seed1337_00001_.png,0.589649,0.00143500,0.00152482,0.00142289,0.00126910,0.00126553,0.044659,0.30995,8.75
benchmark_profondita_neg/renders,P01_blk11neg_0.200_krea2_seed42_00001_.png,0.590426,0.00146796,0.00139933,0.00125019,0.00109446,0.00108889,0.040739,0.32874,8.39
benchmark_profondita_neg/renders,P01_blk11neg_0.200_krea2_seed777_00001_.png,0.577389,0.00146908,0.00155538,0.00141575,0.00123240,0.00127950,0.043841,0.31501,5.71
benchmark_profondita_neg/renders,P01_blk12neg_0.200_krea2_seed1337_00001_.png,0.607055,0.00128021,0.00129787,0.00122503,0.00106157,0.00107074,0.036794,0.28551,6.60
benchmark_profondita_neg/renders,P01_blk12neg_0.200_krea2_seed42_00001_.png,0.615103,0.00126932,0.00126093,0.00117939,0.00096475,0.00093238,0.035152,0.28751,4.19
benchmark_profondita_neg/renders,P01_blk12neg_0.200_krea2_seed777_00001_.png,0.610407,0.00128395,0.00136918,0.00124998,0.00106389,0.00110968,0.038100,0.29808,6.87
benchmark_profondita_neg/renders,P01_blk13neg_0.200_krea2_seed1337_00001_.png,0.611041,0.00132012,0.00126947,0.00113106,0.00099234,0.00109405,0.037995,0.28065,1.06
benchmark_profondita_neg/renders,P01_blk13neg_0.200_krea2_seed42_00001_.png,0.611661,0.00133676,0.00126074,0.00115979,0.00101884,0.00116963,0.037173,0.29918,4.72
benchmark_profondita_neg/renders,P01_blk13neg_0.200_krea2_seed777_00001_.png,0.627684,0.00137645,0.00141864,0.00128493,0.00111623,0.00125184,0.038547,0.31289,4.10
benchmark_profondita_neg/renders,P01_blk14neg_0.200_krea2_seed1337_00001_.png,0.607098,0.00126198,0.00130026,0.00121296,0.00099955,0.00104199,0.038018,0.27383,359.98
benchmark_profondita_neg/renders,P01_blk14neg_0.200_krea2_seed42_00001_.png,0.621289,0.00131618,0.00129480,0.00119085,0.00099721,0.00102285,0.038588,0.29117,351.91
benchmark_profondita_neg/renders,P01_blk14neg_0.200_krea2_seed777_00001_.png,0.600114,0.00130230,0.00140531,0.00126607,0.00101092,0.00098603,0.040474,0.28944,353.19
benchmark_profondita_neg/renders,P01_blk15neg_0.200_krea2_seed1337_00001_.png,0.607753,0.00117157,0.00122374,0.00112304,0.00095291,0.00098249,0.036376,0.28561,5.05
benchmark_profondita_neg/renders,P01_blk15neg_0.200_krea2_seed42_00001_.png,0.605172,0.00121275,0.00115793,0.00102426,0.00085657,0.00088015,0.034082,0.30819,3.38
benchmark_profondita_neg/renders,P01_blk15neg_0.200_krea2_seed777_00001_.png,0.617205,0.00119945,0.00121079,0.00107930,0.00093430,0.00101481,0.034678,0.29839,2.44
benchmark_profondita_neg/renders,P01_blk16neg_0.200_krea2_seed1337_00001_.png,0.586900,0.00114125,0.00116733,0.00101681,0.00086778,0.00092065,0.034475,0.26747,5.19
benchmark_profondita_neg/renders,P01_blk16neg_0.200_krea2_seed42_00001_.png,0.598594,0.00113839,0.00115871,0.00101197,0.00083706,0.00089448,0.033255,0.29506,2.24
benchmark_profondita_neg/renders,P01_blk16neg_0.200_krea2_seed777_00001_.png,0.596105,0.00111634,0.00120269,0.00104681,0.00086630,0.00086956,0.033643,0.27633,7.33
benchmark_profondita_neg/renders,P01_blk17neg_0.200_krea2_seed1337_00001_.png,0.613637,0.00163894,0.00157131,0.00136986,0.00119570,0.00126675,0.042749,0.30785,358.51
benchmark_profondita_neg/renders,P01_blk17neg_0.200_krea2_seed42_00001_.png,0.623056,0.00172916,0.00145739,0.00126173,0.00115133,0.00131504,0.042142,0.34003,8.23
benchmark_profondita_neg/renders,P01_blk17neg_0.200_krea2_seed777_00001_.png,0.633519,0.00166836,0.00157232,0.00129501,0.00113017,0.00122589,0.039702,0.32517,5.79
benchmark_profondita_neg/renders,P01_blk18neg_0.200_krea2_seed1337_00001_.png,0.600071,0.00143447,0.00148442,0.00136369,0.00122717,0.00137657,0.043020,0.31436,12.88
benchmark_profondita_neg/renders,P01_blk18neg_0.200_krea2_seed42_00001_.png,0.617133,0.00149633,0.00139073,0.00129070,0.00121479,0.00133553,0.040540,0.33611,16.93
benchmark_profondita_neg/renders,P01_blk18neg_0.200_krea2_seed777_00001_.png,0.610514,0.00150487,0.00156449,0.00144161,0.00122474,0.00136100,0.042767,0.34068,11.19
benchmark_profondita_neg/renders,P01_blk19neg_0.200_krea2_seed1337_00001_.png,0.612565,0.00121211,0.00115991,0.00105801,0.00093741,0.00103395,0.036786,0.29290,20.26
benchmark_profondita_neg/renders,P01_blk19neg_0.200_krea2_seed42_00001_.png,0.612894,0.00128922,0.00110088,0.00094380,0.00084946,0.00096876,0.034675,0.31818,23.30
benchmark_profondita_neg/renders,P01_blk19neg_0.200_krea2_seed777_00001_.png,0.604902,0.00125376,0.00119727,0.00103940,0.00095062,0.00102757,0.036525,0.32255,27.60
benchmark_profondita_neg/renders,P01_blk20neg_0.200_krea2_seed1337_00001_.png,0.606334,0.00134327,0.00113741,0.00099444,0.00087806,0.00094620,0.033809,0.27965,358.19
benchmark_profondita_neg/renders,P01_blk20neg_0.200_krea2_seed42_00001_.png,0.604814,0.00135920,0.00108215,0.00093287,0.00081761,0.00084409,0.032229,0.29426,352.50
benchmark_profondita_neg/renders,P01_blk20neg_0.200_krea2_seed777_00001_.png,0.607639,0.00134444,0.00112538,0.00100113,0.00090138,0.00093365,0.033579,0.29125,359.95
benchmark_profondita_neg/renders,P01_blk21neg_0.200_krea2_seed1337_00001_.png,0.611391,0.00124855,0.00120477,0.00111017,0.00096155,0.00108617,0.036888,0.28099,354.99
benchmark_profondita_neg/renders,P01_blk21neg_0.200_krea2_seed42_00001_.png,0.604943,0.00129226,0.00121501,0.00106938,0.00096639,0.00109714,0.037661,0.30456,6.29
benchmark_profondita_neg/renders,P01_blk21neg_0.200_krea2_seed777_00001_.png,0.597576,0.00129542,0.00126259,0.00104059,0.00092453,0.00100565,0.036934,0.30757,3.03
benchmark_profondita_neg/renders,P01_blk22neg_0.200_krea2_seed1337_00001_.png,0.604689,0.00131146,0.00126576,0.00114799,0.00103778,0.00116128,0.039170,0.27509,3.71
benchmark_profondita_neg/renders,P01_blk22neg_0.200_krea2_seed42_00001_.png,0.627397,0.00139017,0.00123007,0.00107069,0.00095998,0.00112319,0.037114,0.27917,8.92
benchmark_profondita_neg/renders,P01_blk22neg_0.200_krea2_seed777_00001_.png,0.617722,0.00138291,0.00137869,0.00119299,0.00106726,0.00121614,0.039936,0.28885,4.61
benchmark_profondita_neg/renders,P01_blk23neg_0.200_krea2_seed1337_00001_.png,0.609058,0.00144659,0.00149180,0.00138561,0.00116834,0.00121500,0.043851,0.32713,352.69
benchmark_profondita_neg/renders,P01_blk23neg_0.200_krea2_seed42_00001_.png,0.606098,0.00148016,0.00145084,0.00131742,0.00113678,0.00113686,0.041622,0.34197,354.07
benchmark_profondita_neg/renders,P01_blk23neg_0.200_krea2_seed777_00001_.png,0.605680,0.00140693,0.00150830,0.00136033,0.00120403,0.00124508,0.043271,0.34113,358.77
benchmark_profondita_neg/renders,P01_blk24neg_0.200_krea2_seed1337_00001_.png,0.612435,0.00129004,0.00137828,0.00135618,0.00117508,0.00114193,0.038996,0.27535,8.24
benchmark_profondita_neg/renders,P01_blk24neg_0.200_krea2_seed42_00001_.png,0.614847,0.00126207,0.00124469,0.00112947,0.00095084,0.00100845,0.034436,0.29032,10.12
benchmark_profondita_neg/renders,P01_blk24neg_0.200_krea2_seed777_00001_.png,0.604880,0.00122285,0.00134501,0.00133954,0.00112462,0.00111206,0.037376,0.30091,9.79
benchmark_profondita_neg/renders,P01_blk25neg_0.200_krea2_seed1337_00001_.png,0.591722,0.00129182,0.00134178,0.00130626,0.00120649,0.00129828,0.045077,0.33592,358.88
benchmark_profondita_neg/renders,P01_blk25neg_0.200_krea2_seed42_00001_.png,0.594038,0.00140204,0.00137077,0.00127728,0.00112867,0.00119852,0.043193,0.34030,1.93
benchmark_profondita_neg/renders,P01_blk25neg_0.200_krea2_seed777_00001_.png,0.591812,0.00129259,0.00139726,0.00131833,0.00121480,0.00130280,0.044997,0.34796,2.65
benchmark_profondita_neg/renders,P01_blk26neg_0.200_krea2_seed1337_00001_.png,0.607572,0.00129628,0.00130399,0.00115523,0.00101243,0.00107538,0.037580,0.27668,16.92
benchmark_profondita_neg/renders,P01_blk26neg_0.200_krea2_seed42_00001_.png,0.618968,0.00130247,0.00119932,0.00100505,0.00088063,0.00099607,0.034448,0.28916,20.22
benchmark_profondita_neg/renders,P01_blk26neg_0.200_krea2_seed777_00001_.png,0.615523,0.00134133,0.00143308,0.00124666,0.00097076,0.00101405,0.037422,0.28396,16.30
benchmark_profondita_neg/renders,P01_blk27neg_0.200_krea2_seed1337_00001_.png,0.471196,0.00080027,0.00041938,0.00049744,0.00068056,0.00105625,0.036130,0.36459,342.33
benchmark_profondita_neg/renders,P01_blk27neg_0.200_krea2_seed42_00001_.png,0.449563,0.00091663,0.00045292,0.00051963,0.00069440,0.00098844,0.035168,0.35659,339.55
benchmark_profondita_neg/renders,P01_blk27neg_0.200_krea2_seed777_00001_.png,0.474183,0.00083617,0.00050119,0.00054761,0.00068833,0.00104350,0.036036,0.36258,341.37
benchmark_profondita_neg/renders,P02_blk00neg_0.200_krea2_seed1337_00001_.png,0.649656,0.00294247,0.00346854,0.00302065,0.00252222,0.00224127,0.092268,0.28596,53.85
benchmark_profondita_neg/renders,P02_blk00neg_0.200_krea2_seed42_00001_.png,0.649024,0.00319898,0.00367415,0.00315216,0.00242821,0.00237953,0.093455,0.29996,48.86
benchmark_profondita_neg/renders,P02_blk00neg_0.200_krea2_seed777_00001_.png,0.657778,0.00331949,0.00380429,0.00337737,0.00261235,0.00223527,0.093098,0.29227,53.06
benchmark_profondita_neg/renders,P02_blk01neg_0.200_krea2_seed1337_00001_.png,0.616319,0.00283715,0.00277855,0.00226724,0.00228327,0.00228504,0.084687,0.23197,54.65
benchmark_profondita_neg/renders,P02_blk01neg_0.200_krea2_seed42_00001_.png,0.627194,0.00283486,0.00288044,0.00221881,0.00201019,0.00202936,0.080796,0.23442,57.38
benchmark_profondita_neg/renders,P02_blk01neg_0.200_krea2_seed777_00001_.png,0.629088,0.00303701,0.00278346,0.00226564,0.00195639,0.00192662,0.081676,0.24342,50.71
benchmark_profondita_neg/renders,P02_blk02neg_0.200_krea2_seed1337_00001_.png,0.636843,0.00293701,0.00296548,0.00245210,0.00241140,0.00230300,0.082943,0.26304,51.05
benchmark_profondita_neg/renders,P02_blk02neg_0.200_krea2_seed42_00001_.png,0.636970,0.00289084,0.00297607,0.00255770,0.00227295,0.00222616,0.081310,0.26050,53.53
benchmark_profondita_neg/renders,P02_blk02neg_0.200_krea2_seed777_00001_.png,0.657068,0.00308649,0.00309479,0.00252564,0.00216188,0.00213216,0.080303,0.24695,50.30
benchmark_profondita_neg/renders,P02_blk03neg_0.200_krea2_seed1337_00001_.png,0.652806,0.00309080,0.00305634,0.00245055,0.00248497,0.00237456,0.081871,0.25166,55.91
benchmark_profondita_neg/renders,P02_blk03neg_0.200_krea2_seed42_00001_.png,0.637472,0.00280801,0.00283307,0.00242334,0.00219736,0.00224792,0.079868,0.26554,54.87
benchmark_profondita_neg/renders,P02_blk03neg_0.200_krea2_seed777_00001_.png,0.638530,0.00301894,0.00284336,0.00232806,0.00219112,0.00209685,0.079273,0.26475,51.76
benchmark_profondita_neg/renders,P02_blk04neg_0.200_krea2_seed1337_00001_.png,0.642983,0.00295972,0.00296591,0.00258385,0.00255633,0.00224182,0.083529,0.25386,54.62
benchmark_profondita_neg/renders,P02_blk04neg_0.200_krea2_seed42_00001_.png,0.632224,0.00309828,0.00316269,0.00248339,0.00219273,0.00222693,0.081000,0.25034,55.82
benchmark_profondita_neg/renders,P02_blk04neg_0.200_krea2_seed777_00001_.png,0.631503,0.00305649,0.00285887,0.00230223,0.00185900,0.00171127,0.083134,0.24109,57.25
benchmark_profondita_neg/renders,P02_blk05neg_0.200_krea2_seed1337_00001_.png,0.641071,0.00281721,0.00291101,0.00247568,0.00219656,0.00211772,0.085435,0.26781,54.13
benchmark_profondita_neg/renders,P02_blk05neg_0.200_krea2_seed42_00001_.png,0.651071,0.00299669,0.00295422,0.00236178,0.00229058,0.00237912,0.081047,0.25864,52.94
benchmark_profondita_neg/renders,P02_blk05neg_0.200_krea2_seed777_00001_.png,0.656355,0.00302663,0.00299330,0.00233387,0.00195858,0.00204044,0.084214,0.24704,57.45
benchmark_profondita_neg/renders,P02_blk06neg_0.200_krea2_seed1337_00001_.png,0.648310,0.00294320,0.00309927,0.00276495,0.00263786,0.00270758,0.083968,0.24066,54.54
benchmark_profondita_neg/renders,P02_blk06neg_0.200_krea2_seed42_00001_.png,0.643858,0.00294293,0.00283739,0.00239263,0.00239869,0.00242894,0.079909,0.25199,53.26
benchmark_profondita_neg/renders,P02_blk06neg_0.200_krea2_seed777_00001_.png,0.640480,0.00288676,0.00279837,0.00226711,0.00191597,0.00193085,0.080911,0.23789,54.21
benchmark_profondita_neg/renders,P02_blk07neg_0.200_krea2_seed1337_00001_.png,0.644230,0.00285136,0.00289528,0.00222835,0.00221287,0.00241947,0.077688,0.24193,58.85
benchmark_profondita_neg/renders,P02_blk07neg_0.200_krea2_seed42_00001_.png,0.630950,0.00297915,0.00305684,0.00242372,0.00204298,0.00211953,0.081014,0.25052,55.58
benchmark_profondita_neg/renders,P02_blk07neg_0.200_krea2_seed777_00001_.png,0.647871,0.00308541,0.00298892,0.00241815,0.00206288,0.00228946,0.081764,0.24499,53.31
benchmark_profondita_neg/renders,P02_blk08neg_0.200_krea2_seed1337_00001_.png,0.644108,0.00295131,0.00314383,0.00248536,0.00240456,0.00236102,0.081009,0.24600,55.01
benchmark_profondita_neg/renders,P02_blk08neg_0.200_krea2_seed42_00001_.png,0.648988,0.00297619,0.00295935,0.00248197,0.00237150,0.00234078,0.080464,0.24209,51.95
benchmark_profondita_neg/renders,P02_blk08neg_0.200_krea2_seed777_00001_.png,0.635670,0.00312285,0.00311136,0.00261425,0.00218795,0.00204427,0.083368,0.23127,54.00
benchmark_profondita_neg/renders,P02_blk09neg_0.200_krea2_seed1337_00001_.png,0.639360,0.00292679,0.00296506,0.00241616,0.00221495,0.00207253,0.082243,0.24436,49.65
benchmark_profondita_neg/renders,P02_blk09neg_0.200_krea2_seed42_00001_.png,0.643479,0.00293157,0.00295872,0.00239729,0.00216196,0.00224177,0.077639,0.25047,45.04
benchmark_profondita_neg/renders,P02_blk09neg_0.200_krea2_seed777_00001_.png,0.654293,0.00312680,0.00312101,0.00251571,0.00214076,0.00220893,0.080519,0.22663,51.88
benchmark_profondita_neg/renders,P02_blk10neg_0.200_krea2_seed1337_00001_.png,0.625359,0.00277775,0.00308956,0.00264161,0.00244980,0.00238154,0.082566,0.23101,53.93
benchmark_profondita_neg/renders,P02_blk10neg_0.200_krea2_seed42_00001_.png,0.634004,0.00290970,0.00291202,0.00251534,0.00222403,0.00229637,0.082511,0.23711,56.51
benchmark_profondita_neg/renders,P02_blk10neg_0.200_krea2_seed777_00001_.png,0.618837,0.00283616,0.00297091,0.00241453,0.00208610,0.00211548,0.087996,0.23482,51.88
benchmark_profondita_neg/renders,P02_blk11neg_0.200_krea2_seed1337_00001_.png,0.639939,0.00321181,0.00318184,0.00281238,0.00275655,0.00284269,0.089120,0.27662,49.24
benchmark_profondita_neg/renders,P02_blk11neg_0.200_krea2_seed42_00001_.png,0.646346,0.00338832,0.00327208,0.00288562,0.00281208,0.00268120,0.088425,0.27521,45.16
benchmark_profondita_neg/renders,P02_blk11neg_0.200_krea2_seed777_00001_.png,0.648381,0.00321775,0.00324334,0.00261600,0.00221475,0.00218626,0.084299,0.25090,48.79
benchmark_profondita_neg/renders,P02_blk12neg_0.200_krea2_seed1337_00001_.png,0.658008,0.00259595,0.00310140,0.00271675,0.00258501,0.00257680,0.082996,0.23483,53.37
benchmark_profondita_neg/renders,P02_blk12neg_0.200_krea2_seed42_00001_.png,0.648827,0.00266733,0.00300826,0.00257164,0.00219793,0.00225052,0.079387,0.23378,54.39
benchmark_profondita_neg/renders,P02_blk12neg_0.200_krea2_seed777_00001_.png,0.654025,0.00269465,0.00299535,0.00252845,0.00224078,0.00242950,0.080927,0.23204,57.94
benchmark_profondita_neg/renders,P02_blk13neg_0.200_krea2_seed1337_00001_.png,0.639864,0.00248252,0.00245815,0.00212932,0.00214087,0.00224920,0.079136,0.24683,55.22
benchmark_profondita_neg/renders,P02_blk13neg_0.200_krea2_seed42_00001_.png,0.624313,0.00238908,0.00240970,0.00206279,0.00198877,0.00220724,0.081028,0.25019,51.67
benchmark_profondita_neg/renders,P02_blk13neg_0.200_krea2_seed777_00001_.png,0.647705,0.00264829,0.00264528,0.00227065,0.00204990,0.00199765,0.079549,0.25472,50.64
benchmark_profondita_neg/renders,P02_blk14neg_0.200_krea2_seed1337_00001_.png,0.613717,0.00268079,0.00268878,0.00227127,0.00252258,0.00249317,0.082732,0.23945,52.73
benchmark_profondita_neg/renders,P02_blk14neg_0.200_krea2_seed42_00001_.png,0.629083,0.00266584,0.00278111,0.00244645,0.00223986,0.00222790,0.080476,0.24459,51.46
benchmark_profondita_neg/renders,P02_blk14neg_0.200_krea2_seed777_00001_.png,0.615242,0.00291811,0.00280903,0.00229318,0.00212059,0.00217271,0.085918,0.24563,51.50
benchmark_profondita_neg/renders,P02_blk15neg_0.200_krea2_seed1337_00001_.png,0.634165,0.00254471,0.00254551,0.00203776,0.00198347,0.00195984,0.072215,0.22380,62.57
benchmark_profondita_neg/renders,P02_blk15neg_0.200_krea2_seed42_00001_.png,0.632308,0.00247954,0.00252270,0.00200061,0.00171636,0.00178233,0.071923,0.23478,54.49
benchmark_profondita_neg/renders,P02_blk15neg_0.200_krea2_seed777_00001_.png,0.634312,0.00253595,0.00242627,0.00191272,0.00170911,0.00172125,0.077501,0.22816,56.32
benchmark_profondita_neg/renders,P02_blk16neg_0.200_krea2_seed1337_00001_.png,0.638835,0.00249425,0.00257347,0.00210802,0.00208545,0.00205933,0.075690,0.21948,55.67
benchmark_profondita_neg/renders,P02_blk16neg_0.200_krea2_seed42_00001_.png,0.630423,0.00229986,0.00240583,0.00197741,0.00190580,0.00200270,0.076719,0.22826,51.87
benchmark_profondita_neg/renders,P02_blk16neg_0.200_krea2_seed777_00001_.png,0.625728,0.00245787,0.00249520,0.00207911,0.00183268,0.00185611,0.075544,0.21732,52.39
benchmark_profondita_neg/renders,P02_blk17neg_0.200_krea2_seed1337_00001_.png,0.642893,0.00317632,0.00322860,0.00269449,0.00238766,0.00229219,0.082249,0.24628,56.29
benchmark_profondita_neg/renders,P02_blk17neg_0.200_krea2_seed42_00001_.png,0.638614,0.00325458,0.00334535,0.00267429,0.00224577,0.00218237,0.084042,0.25192,56.70
benchmark_profondita_neg/renders,P02_blk17neg_0.200_krea2_seed777_00001_.png,0.643945,0.00353237,0.00326922,0.00277076,0.00244957,0.00221166,0.084363,0.24666,56.29
benchmark_profondita_neg/renders,P02_blk18neg_0.200_krea2_seed1337_00001_.png,0.646851,0.00318698,0.00326125,0.00293558,0.00299708,0.00292106,0.090452,0.23562,54.08
benchmark_profondita_neg/renders,P02_blk18neg_0.200_krea2_seed42_00001_.png,0.641210,0.00302634,0.00329312,0.00284894,0.00279569,0.00283147,0.089497,0.25916,49.12
benchmark_profondita_neg/renders,P02_blk18neg_0.200_krea2_seed777_00001_.png,0.644725,0.00314821,0.00309906,0.00265000,0.00250147,0.00255727,0.090138,0.23076,52.75
benchmark_profondita_neg/renders,P02_blk19neg_0.200_krea2_seed1337_00001_.png,0.643615,0.00270072,0.00269992,0.00224649,0.00214191,0.00210931,0.073209,0.26298,52.93
benchmark_profondita_neg/renders,P02_blk19neg_0.200_krea2_seed42_00001_.png,0.641376,0.00269758,0.00275032,0.00234922,0.00206885,0.00210766,0.072467,0.26462,55.34
benchmark_profondita_neg/renders,P02_blk19neg_0.200_krea2_seed777_00001_.png,0.662656,0.00273651,0.00291607,0.00238439,0.00196847,0.00213749,0.077152,0.25987,51.79
benchmark_profondita_neg/renders,P02_blk20neg_0.200_krea2_seed1337_00001_.png,0.641345,0.00320687,0.00291555,0.00250329,0.00254135,0.00249891,0.083969,0.23052,51.74
benchmark_profondita_neg/renders,P02_blk20neg_0.200_krea2_seed42_00001_.png,0.622035,0.00323310,0.00306724,0.00246166,0.00230198,0.00231434,0.082181,0.24240,48.58
benchmark_profondita_neg/renders,P02_blk20neg_0.200_krea2_seed777_00001_.png,0.647882,0.00324305,0.00281265,0.00231404,0.00204679,0.00203551,0.084931,0.24077,51.67
benchmark_profondita_neg/renders,P02_blk21neg_0.200_krea2_seed1337_00001_.png,0.628609,0.00267547,0.00260151,0.00210563,0.00251131,0.00271235,0.083780,0.24671,58.23
benchmark_profondita_neg/renders,P02_blk21neg_0.200_krea2_seed42_00001_.png,0.628421,0.00270502,0.00276229,0.00224383,0.00226092,0.00226243,0.080379,0.26333,55.91
benchmark_profondita_neg/renders,P02_blk21neg_0.200_krea2_seed777_00001_.png,0.631580,0.00280170,0.00254027,0.00210688,0.00194871,0.00202556,0.082520,0.25245,58.56
benchmark_profondita_neg/renders,P02_blk22neg_0.200_krea2_seed1337_00001_.png,0.654795,0.00281296,0.00276182,0.00235665,0.00247513,0.00258570,0.081791,0.24392,56.52
benchmark_profondita_neg/renders,P02_blk22neg_0.200_krea2_seed42_00001_.png,0.636590,0.00282703,0.00290094,0.00241565,0.00226035,0.00229750,0.079049,0.23483,56.71
benchmark_profondita_neg/renders,P02_blk22neg_0.200_krea2_seed777_00001_.png,0.644774,0.00297908,0.00265598,0.00225104,0.00213516,0.00225226,0.080368,0.23841,57.19
benchmark_profondita_neg/renders,P02_blk23neg_0.200_krea2_seed1337_00001_.png,0.648390,0.00318584,0.00324555,0.00267273,0.00246185,0.00229675,0.087344,0.27405,56.42
benchmark_profondita_neg/renders,P02_blk23neg_0.200_krea2_seed42_00001_.png,0.640866,0.00302167,0.00322510,0.00272311,0.00250184,0.00244114,0.087001,0.27905,55.53
benchmark_profondita_neg/renders,P02_blk23neg_0.200_krea2_seed777_00001_.png,0.649557,0.00318748,0.00311085,0.00266013,0.00224955,0.00218174,0.088500,0.25962,65.89
benchmark_profondita_neg/renders,P02_blk24neg_0.200_krea2_seed1337_00001_.png,0.649237,0.00285967,0.00305034,0.00271437,0.00256390,0.00248569,0.082459,0.24492,48.98
benchmark_profondita_neg/renders,P02_blk24neg_0.200_krea2_seed42_00001_.png,0.645857,0.00283482,0.00313383,0.00269400,0.00235907,0.00241067,0.081271,0.24882,53.22
benchmark_profondita_neg/renders,P02_blk24neg_0.200_krea2_seed777_00001_.png,0.636989,0.00289109,0.00305330,0.00256573,0.00208253,0.00202789,0.082129,0.24291,49.17
benchmark_profondita_neg/renders,P02_blk25neg_0.200_krea2_seed1337_00001_.png,0.639803,0.00305748,0.00324092,0.00298878,0.00305125,0.00291536,0.091130,0.26506,45.22
benchmark_profondita_neg/renders,P02_blk25neg_0.200_krea2_seed42_00001_.png,0.622860,0.00270956,0.00291656,0.00258133,0.00245732,0.00246004,0.089140,0.28034,45.38
benchmark_profondita_neg/renders,P02_blk25neg_0.200_krea2_seed777_00001_.png,0.625756,0.00301286,0.00290165,0.00247613,0.00221002,0.00213409,0.091670,0.25837,48.41
benchmark_profondita_neg/renders,P02_blk26neg_0.200_krea2_seed1337_00001_.png,0.650427,0.00336399,0.00339950,0.00267646,0.00233497,0.00218470,0.080993,0.25355,58.68
benchmark_profondita_neg/renders,P02_blk26neg_0.200_krea2_seed42_00001_.png,0.657647,0.00319853,0.00323151,0.00251368,0.00209722,0.00205684,0.078578,0.26784,55.53
benchmark_profondita_neg/renders,P02_blk26neg_0.200_krea2_seed777_00001_.png,0.660257,0.00330952,0.00316490,0.00267374,0.00220452,0.00203857,0.079674,0.26092,55.15
benchmark_profondita_neg/renders,P02_blk27neg_0.200_krea2_seed1337_00001_.png,0.547965,0.00246740,0.00143052,0.00136629,0.00192306,0.00245982,0.096516,0.33788,52.60
benchmark_profondita_neg/renders,P02_blk27neg_0.200_krea2_seed42_00001_.png,0.552910,0.00259529,0.00149389,0.00137322,0.00179567,0.00232399,0.094893,0.31889,56.43
benchmark_profondita_neg/renders,P02_blk27neg_0.200_krea2_seed777_00001_.png,0.516639,0.00244057,0.00123348,0.00116557,0.00157910,0.00206947,0.098213,0.33075,46.77
benchmark_rectified_masks/renders,P01_B4B6_anti_neg_seed1337_00001_.png,0.442259,0.00086504,0.00044189,0.00048114,0.00069529,0.00118847,0.037401,0.37983,356.96
benchmark_rectified_masks/renders,P01_B4B6_anti_neg_seed42_00001_.png,0.422084,0.00085120,0.00041541,0.00044347,0.00062521,0.00103503,0.036973,0.39256,354.27
benchmark_rectified_masks/renders,P01_B4B6_anti_neg_seed777_00001_.png,0.438708,0.00087786,0.00044305,0.00047503,0.00064926,0.00108799,0.037889,0.39718,355.78
benchmark_rectified_masks/renders,P01_B4B6_anti_pos_seed1337_00001_.png,0.593859,0.00183432,0.00221538,0.00202348,0.00141557,0.00120905,0.040649,0.35825,28.44
benchmark_rectified_masks/renders,P01_B4B6_anti_pos_seed42_00001_.png,0.599136,0.00185147,0.00208617,0.00192030,0.00144297,0.00128365,0.041377,0.37459,27.19
benchmark_rectified_masks/renders,P01_B4B6_anti_pos_seed777_00001_.png,0.593683,0.00193456,0.00219700,0.00190015,0.00139501,0.00128545,0.045845,0.39060,32.78
benchmark_rectified_masks/renders,P01_B4B6_mask_neg_seed1337_00001_.png,0.456799,0.00053040,0.00062512,0.00070885,0.00073201,0.00079979,0.022184,0.26132,25.72
benchmark_rectified_masks/renders,P01_B4B6_mask_neg_seed42_00001_.png,0.445905,0.00059046,0.00063416,0.00068358,0.00061256,0.00062944,0.019557,0.26115,18.70
benchmark_rectified_masks/renders,P01_B4B6_mask_neg_seed777_00001_.png,0.443933,0.00062447,0.00066490,0.00070113,0.00066036,0.00070523,0.020318,0.24503,18.86
benchmark_rectified_masks/renders,P01_B4B6_mask_pos_seed1337_00001_.png,0.635062,0.00171582,0.00260292,0.00316903,0.00195818,0.00113571,0.037253,0.32652,28.70
benchmark_rectified_masks/renders,P01_B4B6_mask_pos_seed42_00001_.png,0.629005,0.00177557,0.00254724,0.00298119,0.00185605,0.00109568,0.037907,0.32870,29.64
benchmark_rectified_masks/renders,P01_B4B6_mask_pos_seed777_00001_.png,0.640698,0.00184504,0.00272129,0.00321455,0.00196480,0.00114509,0.039399,0.33425,28.78
benchmark_rectified_masks/renders,P01_B4_anti_neg_seed1337_00001_.png,0.597093,0.00133618,0.00134340,0.00124951,0.00113202,0.00129952,0.040863,0.30782,14.48
benchmark_rectified_masks/renders,P01_B4_anti_neg_seed42_00001_.png,0.590174,0.00129418,0.00124435,0.00111919,0.00103681,0.00109558,0.039329,0.32873,13.35
benchmark_rectified_masks/renders,P01_B4_anti_neg_seed777_00001_.png,0.592481,0.00139175,0.00146137,0.00136390,0.00119030,0.00136127,0.042179,0.31804,9.71
benchmark_rectified_masks/renders,P01_B4_anti_pos_seed1337_00001_.png,0.596641,0.00115885,0.00114786,0.00101996,0.00095378,0.00102692,0.031979,0.32820,342.04
benchmark_rectified_masks/renders,P01_B4_anti_pos_seed42_00001_.png,0.582750,0.00114835,0.00103322,0.00090138,0.00082889,0.00094153,0.031316,0.32447,353.00
benchmark_rectified_masks/renders,P01_B4_anti_pos_seed777_00001_.png,0.565188,0.00120267,0.00119375,0.00102238,0.00090442,0.00095912,0.036057,0.33577,345.86
benchmark_rectified_masks/renders,P01_B4_mask_neg_seed1337_00001_.png,0.588401,0.00096763,0.00111944,0.00111549,0.00092793,0.00098026,0.039736,0.30278,0.96
benchmark_rectified_masks/renders,P01_B4_mask_neg_seed42_00001_.png,0.595051,0.00093491,0.00104284,0.00098846,0.00082536,0.00083810,0.032712,0.29949,354.24
benchmark_rectified_masks/renders,P01_B4_mask_neg_seed777_00001_.png,0.601777,0.00097774,0.00119961,0.00115380,0.00090952,0.00092008,0.036615,0.31248,354.76
benchmark_rectified_masks/renders,P01_B4_mask_pos_seed1337_00001_.png,0.617675,0.00137769,0.00140229,0.00127598,0.00112733,0.00131751,0.038860,0.34833,346.65
benchmark_rectified_masks/renders,P01_B4_mask_pos_seed42_00001_.png,0.631228,0.00142239,0.00134607,0.00122572,0.00109148,0.00119979,0.037268,0.37728,344.69
benchmark_rectified_masks/renders,P01_B4_mask_pos_seed777_00001_.png,0.607823,0.00131941,0.00133161,0.00118877,0.00101926,0.00109066,0.036514,0.38118,350.56
benchmark_rectified_masks/renders,P01_B6_anti_neg_seed1337_00001_.png,0.447190,0.00077685,0.00038518,0.00043351,0.00060055,0.00099859,0.033469,0.36927,341.89
benchmark_rectified_masks/renders,P01_B6_anti_neg_seed42_00001_.png,0.425249,0.00083735,0.00039804,0.00042710,0.00058995,0.00089401,0.033917,0.37570,335.00
benchmark_rectified_masks/renders,P01_B6_anti_neg_seed777_00001_.png,0.455053,0.00079513,0.00044252,0.00048163,0.00058984,0.00093254,0.034507,0.37676,337.73
benchmark_rectified_masks/renders,P01_B6_anti_pos_seed1337_00001_.png,0.604116,0.00203245,0.00228926,0.00220141,0.00174496,0.00146727,0.048261,0.37587,30.01
benchmark_rectified_masks/renders,P01_B6_anti_pos_seed42_00001_.png,0.603959,0.00212105,0.00212744,0.00195153,0.00155188,0.00142354,0.045293,0.38272,26.41
benchmark_rectified_masks/renders,P01_B6_anti_pos_seed777_00001_.png,0.615155,0.00201705,0.00235638,0.00224990,0.00165640,0.00144317,0.045384,0.38572,27.96
benchmark_rectified_masks/renders,P01_B6_mask_neg_seed1337_00001_.png,0.457580,0.00059506,0.00068754,0.00075704,0.00077381,0.00091900,0.024038,0.27749,30.96
benchmark_rectified_masks/renders,P01_B6_mask_neg_seed42_00001_.png,0.454559,0.00061557,0.00068209,0.00075200,0.00075230,0.00084792,0.024445,0.29008,28.72
benchmark_rectified_masks/renders,P01_B6_mask_neg_seed777_00001_.png,0.452343,0.00063995,0.00074019,0.00080272,0.00079090,0.00083302,0.024359,0.27479,29.66
benchmark_rectified_masks/renders,P01_B6_mask_pos_seed1337_00001_.png,0.618946,0.00155358,0.00236044,0.00301261,0.00199263,0.00113909,0.038430,0.33705,28.97
benchmark_rectified_masks/renders,P01_B6_mask_pos_seed42_00001_.png,0.616821,0.00155948,0.00228701,0.00280752,0.00181485,0.00106972,0.036998,0.33796,27.81
benchmark_rectified_masks/renders,P01_B6_mask_pos_seed777_00001_.png,0.611331,0.00161535,0.00250858,0.00301782,0.00187956,0.00110170,0.038446,0.33749,27.32
benchmark_rectified_masks/renders,P02_B4B6_anti_neg_seed1337_00001_.png,0.522105,0.00325542,0.00160230,0.00139208,0.00161131,0.00202271,0.115637,0.29709,55.43
benchmark_rectified_masks/renders,P02_B4B6_anti_neg_seed42_00001_.png,0.519538,0.00313523,0.00160803,0.00129116,0.00146180,0.00193867,0.114277,0.30182,51.92
benchmark_rectified_masks/renders,P02_B4B6_anti_neg_seed777_00001_.png,0.510492,0.00304927,0.00143713,0.00120669,0.00154884,0.00202364,0.120152,0.31344,48.04
benchmark_rectified_masks/renders,P02_B4B6_anti_pos_seed1337_00001_.png,0.657284,0.00307242,0.00315800,0.00279640,0.00263772,0.00279452,0.077577,0.30950,52.20
benchmark_rectified_masks/renders,P02_B4B6_anti_pos_seed42_00001_.png,0.693403,0.00296914,0.00337461,0.00290757,0.00220515,0.00214789,0.074466,0.33169,48.00
benchmark_rectified_masks/renders,P02_B4B6_anti_pos_seed777_00001_.png,0.676203,0.00321886,0.00341245,0.00286500,0.00231448,0.00220973,0.072673,0.29722,53.42
benchmark_rectified_masks/renders,P02_B4B6_mask_neg_seed1337_00001_.png,0.472798,0.00076849,0.00082915,0.00085894,0.00088843,0.00095652,0.044373,0.24839,55.85
benchmark_rectified_masks/renders,P02_B4B6_mask_neg_seed42_00001_.png,0.464976,0.00068542,0.00075284,0.00082219,0.00080728,0.00084941,0.038277,0.26444,51.62
benchmark_rectified_masks/renders,P02_B4B6_mask_neg_seed777_00001_.png,0.464768,0.00083930,0.00090669,0.00094498,0.00088760,0.00095927,0.040512,0.25381,52.28
benchmark_rectified_masks/renders,P02_B4B6_mask_pos_seed1337_00001_.png,0.668179,0.00265316,0.00414693,0.00476505,0.00333933,0.00208196,0.065993,0.28014,59.50
benchmark_rectified_masks/renders,P02_B4B6_mask_pos_seed42_00001_.png,0.672835,0.00263767,0.00381755,0.00442662,0.00311485,0.00213267,0.062424,0.27763,57.03
benchmark_rectified_masks/renders,P02_B4B6_mask_pos_seed777_00001_.png,0.677135,0.00272131,0.00392796,0.00454524,0.00306760,0.00194973,0.064103,0.28534,56.05
benchmark_rectified_masks/renders,P02_B4_anti_neg_seed1337_00001_.png,0.619004,0.00284847,0.00263168,0.00233359,0.00225535,0.00230051,0.085480,0.21464,56.41
benchmark_rectified_masks/renders,P02_B4_anti_neg_seed42_00001_.png,0.624595,0.00285277,0.00272921,0.00232117,0.00202419,0.00214298,0.084028,0.24101,52.19
benchmark_rectified_masks/renders,P02_B4_anti_neg_seed777_00001_.png,0.629752,0.00303622,0.00270024,0.00228215,0.00206785,0.00208899,0.087124,0.22804,52.65
benchmark_rectified_masks/renders,P02_B4_anti_pos_seed1337_00001_.png,0.622374,0.00277403,0.00264040,0.00227631,0.00255759,0.00322209,0.084335,0.25172,59.21
benchmark_rectified_masks/renders,P02_B4_anti_pos_seed42_00001_.png,0.631413,0.00271034,0.00283464,0.00256380,0.00239179,0.00254654,0.084295,0.25008,59.18
benchmark_rectified_masks/renders,P02_B4_anti_pos_seed777_00001_.png,0.625880,0.00273398,0.00270503,0.00229711,0.00201382,0.00215971,0.081892,0.26005,72.95
benchmark_rectified_masks/renders,P02_B4_mask_neg_seed1337_00001_.png,0.614545,0.00189384,0.00227593,0.00184050,0.00161894,0.00173429,0.070068,0.26162,64.62
benchmark_rectified_masks/renders,P02_B4_mask_neg_seed42_00001_.png,0.617708,0.00200132,0.00236005,0.00193174,0.00153681,0.00160855,0.070460,0.27355,59.07
benchmark_rectified_masks/renders,P02_B4_mask_neg_seed777_00001_.png,0.617673,0.00205290,0.00248688,0.00201343,0.00167504,0.00177684,0.071626,0.27165,57.77
benchmark_rectified_masks/renders,P02_B4_mask_pos_seed1337_00001_.png,0.649480,0.00323493,0.00340829,0.00298367,0.00311118,0.00305713,0.094045,0.27125,51.73
benchmark_rectified_masks/renders,P02_B4_mask_pos_seed42_00001_.png,0.643528,0.00301327,0.00310315,0.00265569,0.00278935,0.00309899,0.092171,0.26748,49.89
benchmark_rectified_masks/renders,P02_B4_mask_pos_seed777_00001_.png,0.652238,0.00324490,0.00332918,0.00287053,0.00284171,0.00293224,0.091852,0.27467,47.96
benchmark_rectified_masks/renders,P02_B6_anti_neg_seed1337_00001_.png,0.554005,0.00301222,0.00168739,0.00149195,0.00203734,0.00265571,0.109846,0.34342,58.40
benchmark_rectified_masks/renders,P02_B6_anti_neg_seed42_00001_.png,0.549630,0.00307501,0.00170473,0.00140929,0.00183477,0.00241139,0.111050,0.33452,58.64
benchmark_rectified_masks/renders,P02_B6_anti_neg_seed777_00001_.png,0.529026,0.00276964,0.00165438,0.00144000,0.00179180,0.00227952,0.113289,0.32730,53.82
benchmark_rectified_masks/renders,P02_B6_anti_pos_seed1337_00001_.png,0.656537,0.00321999,0.00379031,0.00331943,0.00270139,0.00248377,0.076583,0.31535,49.66
benchmark_rectified_masks/renders,P02_B6_anti_pos_seed42_00001_.png,0.660621,0.00311052,0.00350259,0.00302537,0.00239355,0.00225980,0.072499,0.31619,48.58
benchmark_rectified_masks/renders,P02_B6_anti_pos_seed777_00001_.png,0.657767,0.00323336,0.00373710,0.00335152,0.00251247,0.00211616,0.075181,0.32030,46.86
benchmark_rectified_masks/renders,P02_B6_mask_neg_seed1337_00001_.png,0.476292,0.00087051,0.00094082,0.00101481,0.00121328,0.00140035,0.047475,0.25455,53.49
benchmark_rectified_masks/renders,P02_B6_mask_neg_seed42_00001_.png,0.478042,0.00085577,0.00096605,0.00108184,0.00116283,0.00132511,0.045551,0.26467,50.77
benchmark_rectified_masks/renders,P02_B6_mask_neg_seed777_00001_.png,0.473979,0.00089754,0.00102009,0.00109936,0.00109589,0.00117706,0.043545,0.25624,51.37
benchmark_rectified_masks/renders,P02_B6_mask_pos_seed1337_00001_.png,0.655855,0.00232366,0.00338725,0.00384963,0.00262629,0.00149003,0.053559,0.27351,54.37
benchmark_rectified_masks/renders,P02_B6_mask_pos_seed42_00001_.png,0.649523,0.00232293,0.00335510,0.00379262,0.00246717,0.00146560,0.052604,0.26765,53.64
benchmark_rectified_masks/renders,P02_B6_mask_pos_seed777_00001_.png,0.650655,0.00239730,0.00345133,0.00398081,0.00261932,0.00154881,0.054636,0.28261,53.98
benchmark_blk16_ladder/renders,P01_blk16neg_0.020_krea2_seed1337_00001_.png,0.611538,0.00129862,0.00129985,0.00121891,0.00102248,0.00107558,0.039637,0.27416,2.17
benchmark_blk16_ladder/renders,P01_blk16neg_0.020_krea2_seed42_00001_.png,0.617395,0.00135207,0.00127313,0.00112900,0.00097314,0.00103078,0.037288,0.28892,8.51
benchmark_blk16_ladder/renders,P01_blk16neg_0.020_krea2_seed777_00001_.png,0.601468,0.00130062,0.00132454,0.00116277,0.00105369,0.00113727,0.039295,0.29129,8.08
benchmark_blk16_ladder/renders,P01_blk16neg_0.035_krea2_seed1337_00001_.png,0.607451,0.00125528,0.00127723,0.00119156,0.00102928,0.00105383,0.039045,0.27228,0.03
benchmark_blk16_ladder/renders,P01_blk16neg_0.035_krea2_seed42_00001_.png,0.610668,0.00134055,0.00127211,0.00110404,0.00092131,0.00100274,0.036585,0.29548,7.57
benchmark_blk16_ladder/renders,P01_blk16neg_0.035_krea2_seed777_00001_.png,0.598518,0.00126870,0.00131220,0.00117048,0.00104733,0.00111425,0.038892,0.28933,9.00
benchmark_blk16_ladder/renders,P01_blk16neg_0.050_krea2_seed1337_00001_.png,0.605472,0.00122826,0.00123893,0.00112454,0.00096967,0.00104822,0.038092,0.27000,359.11
benchmark_blk16_ladder/renders,P01_blk16neg_0.050_krea2_seed42_00001_.png,0.608176,0.00128173,0.00123517,0.00109196,0.00095158,0.00100361,0.036547,0.28725,7.07
benchmark_blk16_ladder/renders,P01_blk16neg_0.050_krea2_seed777_00001_.png,0.600570,0.00127847,0.00136409,0.00118732,0.00103741,0.00112659,0.038815,0.28918,8.20
benchmark_blk16_ladder/renders,P01_blk16neg_0.080_krea2_seed1337_00001_.png,0.611073,0.00121573,0.00122523,0.00110436,0.00096382,0.00100034,0.036490,0.27060,0.95
benchmark_blk16_ladder/renders,P01_blk16neg_0.080_krea2_seed42_00001_.png,0.602065,0.00124242,0.00123398,0.00108631,0.00092306,0.00097724,0.035749,0.29223,6.19
benchmark_blk16_ladder/renders,P01_blk16neg_0.080_krea2_seed777_00001_.png,0.600565,0.00123431,0.00128390,0.00111792,0.00099298,0.00108506,0.037063,0.28255,8.66
benchmark_blk16_ladder/renders,P01_blk16neg_0.120_krea2_seed1337_00001_.png,0.602821,0.00119713,0.00122814,0.00112501,0.00097123,0.00102176,0.036344,0.26715,1.95
benchmark_blk16_ladder/renders,P01_blk16neg_0.120_krea2_seed42_00001_.png,0.604944,0.00119755,0.00122727,0.00108688,0.00089872,0.00096001,0.035194,0.28753,4.62
benchmark_blk16_ladder/renders,P01_blk16neg_0.120_krea2_seed777_00001_.png,0.597508,0.00115295,0.00120008,0.00102526,0.00087248,0.00089334,0.035464,0.28525,7.05
benchmark_blk16_ladder/renders,P01_blk16neg_0.200_krea2_seed1337_00001_.png,0.586900,0.00114125,0.00116733,0.00101681,0.00086778,0.00092065,0.034475,0.26747,5.19
benchmark_blk16_ladder/renders,P01_blk16neg_0.200_krea2_seed42_00001_.png,0.598594,0.00113839,0.00115871,0.00101197,0.00083706,0.00089448,0.033255,0.29506,2.24
benchmark_blk16_ladder/renders,P01_blk16neg_0.200_krea2_seed777_00001_.png,0.596105,0.00111634,0.00120269,0.00104681,0.00086630,0.00086956,0.033643,0.27633,7.33
benchmark_blk16_ladder/renders,P01_blk16pos_0.020_krea2_seed1337_00001_.png,0.609059,0.00139399,0.00135303,0.00125340,0.00111312,0.00116225,0.041098,0.28849,0.50
benchmark_blk16_ladder/renders,P01_blk16pos_0.020_krea2_seed42_00001_.png,0.606395,0.00145299,0.00128234,0.00113725,0.00099913,0.00110030,0.038234,0.30758,7.62
benchmark_blk16_ladder/renders,P01_blk16pos_0.020_krea2_seed777_00001_.png,0.603462,0.00134558,0.00142460,0.00132232,0.00114894,0.00117252,0.040341,0.31092,9.16
benchmark_blk16_ladder/renders,P01_blk16pos_0.035_krea2_seed1337_00001_.png,0.613396,0.00143200,0.00138529,0.00130277,0.00112932,0.00113115,0.040878,0.29441,358.29
benchmark_blk16_ladder/renders,P01_blk16pos_0.035_krea2_seed42_00001_.png,0.612758,0.00147379,0.00130847,0.00114956,0.00102997,0.00112677,0.039239,0.31683,6.63
benchmark_blk16_ladder/renders,P01_blk16pos_0.035_krea2_seed777_00001_.png,0.616630,0.00137730,0.00141406,0.00130338,0.00117821,0.00121010,0.040872,0.31259,8.68
benchmark_blk16_ladder/renders,P01_blk16pos_0.050_krea2_seed1337_00001_.png,0.611325,0.00141884,0.00137765,0.00129469,0.00113790,0.00117546,0.041486,0.30774,352.48
benchmark_blk16_ladder/renders,P01_blk16pos_0.050_krea2_seed42_00001_.png,0.608804,0.00151889,0.00133817,0.00119770,0.00107228,0.00116446,0.039962,0.31444,7.34
benchmark_blk16_ladder/renders,P01_blk16pos_0.050_krea2_seed777_00001_.png,0.608000,0.00147896,0.00141578,0.00126433,0.00116839,0.00122447,0.041164,0.31796,6.66
benchmark_blk16_ladder/renders,P01_blk16pos_0.080_krea2_seed1337_00001_.png,0.610631,0.00150796,0.00144494,0.00133409,0.00116855,0.00119470,0.041366,0.32146,344.06
benchmark_blk16_ladder/renders,P01_blk16pos_0.080_krea2_seed42_00001_.png,0.602416,0.00155350,0.00131712,0.00116839,0.00106124,0.00115032,0.039320,0.32446,359.82
benchmark_blk16_ladder/renders,P01_blk16pos_0.080_krea2_seed777_00001_.png,0.611826,0.00149766,0.00147684,0.00125797,0.00112012,0.00120576,0.041159,0.31428,4.43
benchmark_blk16_ladder/renders,P01_blk16pos_0.120_krea2_seed1337_00001_.png,0.611473,0.00155249,0.00149578,0.00132972,0.00113943,0.00119046,0.040846,0.33453,325.01
benchmark_blk16_ladder/renders,P01_blk16pos_0.120_krea2_seed42_00001_.png,0.607535,0.00162601,0.00133342,0.00114987,0.00103515,0.00122067,0.039098,0.33716,358.88
benchmark_blk16_ladder/renders,P01_blk16pos_0.120_krea2_seed777_00001_.png,0.604155,0.00149126,0.00146352,0.00129993,0.00116121,0.00130931,0.040662,0.32477,356.33
benchmark_blk16_ladder/renders,P01_blk16pos_0.200_krea2_seed1337_00001_.png,0.633984,0.00159369,0.00160863,0.00144209,0.00119957,0.00129679,0.041037,0.36208,291.14
benchmark_blk16_ladder/renders,P01_blk16pos_0.200_krea2_seed42_00001_.png,0.631163,0.00152405,0.00128983,0.00106676,0.00098557,0.00122263,0.036621,0.34209,333.02
benchmark_blk16_ladder/renders,P01_blk16pos_0.200_krea2_seed777_00001_.png,0.610180,0.00155746,0.00148173,0.00123837,0.00105945,0.00124005,0.040731,0.36782,311.52
benchmark_blk16_ladder/renders,P02_blk16neg_0.020_krea2_seed1337_00001_.png,0.647290,0.00299993,0.00305974,0.00245616,0.00235703,0.00235623,0.082828,0.24194,55.16
benchmark_blk16_ladder/renders,P02_blk16neg_0.020_krea2_seed42_00001_.png,0.629419,0.00280641,0.00279490,0.00222651,0.00202190,0.00207061,0.080241,0.25126,51.02
benchmark_blk16_ladder/renders,P02_blk16neg_0.020_krea2_seed777_00001_.png,0.633247,0.00290696,0.00279373,0.00231458,0.00205378,0.00197696,0.079810,0.25346,52.38
benchmark_blk16_ladder/renders,P02_blk16neg_0.035_krea2_seed1337_00001_.png,0.641532,0.00292529,0.00294063,0.00244254,0.00231997,0.00228414,0.080838,0.23989,56.19
benchmark_blk16_ladder/renders,P02_blk16neg_0.035_krea2_seed42_00001_.png,0.628712,0.00264797,0.00270130,0.00221081,0.00198750,0.00202867,0.079153,0.24688,50.36
benchmark_blk16_ladder/renders,P02_blk16neg_0.035_krea2_seed777_00001_.png,0.632369,0.00281479,0.00270032,0.00224375,0.00198624,0.00197729,0.079108,0.24365,51.82
benchmark_blk16_ladder/renders,P02_blk16neg_0.050_krea2_seed1337_00001_.png,0.644103,0.00278338,0.00291217,0.00229832,0.00227285,0.00222399,0.080514,0.23156,56.99
benchmark_blk16_ladder/renders,P02_blk16neg_0.050_krea2_seed42_00001_.png,0.630205,0.00265128,0.00272827,0.00224755,0.00197124,0.00199628,0.079169,0.24725,50.46
benchmark_blk16_ladder/renders,P02_blk16neg_0.050_krea2_seed777_00001_.png,0.632363,0.00267532,0.00261636,0.00222047,0.00197254,0.00192594,0.079215,0.23939,51.87
benchmark_blk16_ladder/renders,P02_blk16neg_0.080_krea2_seed1337_00001_.png,0.639918,0.00278858,0.00288940,0.00227126,0.00218479,0.00210862,0.078954,0.23044,58.54
benchmark_blk16_ladder/renders,P02_blk16neg_0.080_krea2_seed42_00001_.png,0.637735,0.00258291,0.00270639,0.00224564,0.00201150,0.00205285,0.078915,0.23556,54.21
benchmark_blk16_ladder/renders,P02_blk16neg_0.080_krea2_seed777_00001_.png,0.631064,0.00261545,0.00251282,0.00212813,0.00190860,0.00192920,0.078033,0.23112,53.74
benchmark_blk16_ladder/renders,P02_blk16neg_0.120_krea2_seed1337_00001_.png,0.639400,0.00263101,0.00280857,0.00220028,0.00207505,0.00201345,0.076961,0.22657,58.08
benchmark_blk16_ladder/renders,P02_blk16neg_0.120_krea2_seed42_00001_.png,0.638228,0.00244413,0.00256694,0.00213448,0.00201156,0.00202175,0.077761,0.23119,54.35
benchmark_blk16_ladder/renders,P02_blk16neg_0.120_krea2_seed777_00001_.png,0.632614,0.00260509,0.00258459,0.00212572,0.00194103,0.00198646,0.079827,0.22255,54.25
benchmark_blk16_ladder/renders,P02_blk16neg_0.200_krea2_seed1337_00001_.png,0.638835,0.00249425,0.00257347,0.00210802,0.00208545,0.00205933,0.075690,0.21948,55.67
benchmark_blk16_ladder/renders,P02_blk16neg_0.200_krea2_seed42_00001_.png,0.630423,0.00229986,0.00240583,0.00197741,0.00190580,0.00200270,0.076719,0.22826,51.87
benchmark_blk16_ladder/renders,P02_blk16neg_0.200_krea2_seed777_00001_.png,0.625728,0.00245787,0.00249520,0.00207911,0.00183268,0.00185611,0.075544,0.21732,52.39
benchmark_blk16_ladder/renders,P02_blk16pos_0.020_krea2_seed1337_00001_.png,0.641938,0.00315524,0.00314888,0.00251006,0.00248952,0.00244310,0.083806,0.25247,55.79
benchmark_blk16_ladder/renders,P02_blk16pos_0.020_krea2_seed42_00001_.png,0.623894,0.00284020,0.00287496,0.00236430,0.00204359,0.00215835,0.080555,0.26575,50.51
benchmark_blk16_ladder/renders,P02_blk16pos_0.020_krea2_seed777_00001_.png,0.626828,0.00306706,0.00269444,0.00217404,0.00202066,0.00199813,0.082250,0.24833,49.86
benchmark_blk16_ladder/renders,P02_blk16pos_0.035_krea2_seed1337_00001_.png,0.637977,0.00322763,0.00317431,0.00265804,0.00258714,0.00248520,0.084553,0.25511,52.33
benchmark_blk16_ladder/renders,P02_blk16pos_0.035_krea2_seed42_00001_.png,0.625456,0.00287610,0.00293128,0.00248141,0.00220980,0.00223161,0.079504,0.25959,51.06
benchmark_blk16_ladder/renders,P02_blk16pos_0.035_krea2_seed777_00001_.png,0.626433,0.00313736,0.00279380,0.00236067,0.00213181,0.00201620,0.083548,0.24718,49.41
benchmark_blk16_ladder/renders,P02_blk16pos_0.050_krea2_seed1337_00001_.png,0.635395,0.00322522,0.00312810,0.00262758,0.00259719,0.00255694,0.085187,0.25406,50.81
benchmark_blk16_ladder/renders,P02_blk16pos_0.050_krea2_seed42_00001_.png,0.629831,0.00292037,0.00291922,0.00242459,0.00224844,0.00224276,0.078923,0.27174,50.50
benchmark_blk16_ladder/renders,P02_blk16pos_0.050_krea2_seed777_00001_.png,0.626862,0.00320477,0.00289864,0.00242683,0.00219495,0.00209066,0.084074,0.24322,52.27
benchmark_blk16_ladder/renders,P02_blk16pos_0.080_krea2_seed1337_00001_.png,0.637235,0.00336817,0.00320656,0.00260955,0.00244873,0.00240316,0.083297,0.25534,51.37
benchmark_blk16_ladder/renders,P02_blk16pos_0.080_krea2_seed42_00001_.png,0.624866,0.00299851,0.00313604,0.00261159,0.00237797,0.00235624,0.081476,0.26994,49.39
benchmark_blk16_ladder/renders,P02_blk16pos_0.080_krea2_seed777_00001_.png,0.638320,0.00320762,0.00300711,0.00251138,0.00221350,0.00222476,0.086232,0.25786,49.26
benchmark_blk16_ladder/renders,P02_blk16pos_0.120_krea2_seed1337_00001_.png,0.645085,0.00318745,0.00336841,0.00297311,0.00284793,0.00271919,0.088123,0.25761,56.63
benchmark_blk16_ladder/renders,P02_blk16pos_0.120_krea2_seed42_00001_.png,0.634250,0.00314840,0.00323714,0.00283364,0.00264631,0.00272280,0.085276,0.25693,50.53
benchmark_blk16_ladder/renders,P02_blk16pos_0.120_krea2_seed777_00001_.png,0.643546,0.00329189,0.00315556,0.00267907,0.00228133,0.00223982,0.087380,0.24640,50.33
benchmark_blk16_ladder/renders,P02_blk16pos_0.200_krea2_seed1337_00001_.png,0.640557,0.00325153,0.00353394,0.00304434,0.00265654,0.00263814,0.085516,0.27930,69.71
benchmark_blk16_ladder/renders,P02_blk16pos_0.200_krea2_seed42_00001_.png,0.642950,0.00353101,0.00358372,0.00286390,0.00268100,0.00282958,0.085431,0.28728,62.88
benchmark_blk16_ladder/renders,P02_blk16pos_0.200_krea2_seed777_00001_.png,0.634175,0.00339258,0.00313996,0.00264343,0.00244754,0.00244840,0.091414,0.28352,72.16
benchmark_leaf_collapse/renders,BAN_B4neg_0.200_krea2_seed1337_00001_.png,0.241861,0.00002238,0.00002014,0.00003351,0.00006454,0.00011644,0.009034,0.09338,43.82
benchmark_leaf_collapse/renders,BAN_B4neg_0.200_krea2_seed42_00001_.png,0.297432,0.00001961,0.00002498,0.00004834,0.00010899,0.00020389,0.005199,0.09339,42.78
benchmark_leaf_collapse/renders,BAN_B4neg_0.200_krea2_seed777_00001_.png,0.228794,0.00003218,0.00002434,0.00003921,0.00008123,0.00014994,0.012311,0.10115,42.57
benchmark_leaf_collapse/renders,BAN_baseline_krea2_seed1337_00001_.png,0.237123,0.00002056,0.00001465,0.00002411,0.00004558,0.00009233,0.008042,0.08625,46.43
benchmark_leaf_collapse/renders,BAN_baseline_krea2_seed42_00001_.png,0.320497,0.00001459,0.00001753,0.00003668,0.00007394,0.00013441,0.003599,0.08115,43.22
benchmark_leaf_collapse/renders,BAN_baseline_krea2_seed777_00001_.png,0.242615,0.00001962,0.00001589,0.00002901,0.00005957,0.00012429,0.010703,0.11119,46.63
benchmark_leaf_collapse/renders,BAP_B4neg_0.200_krea2_seed1337_00001_.png,0.237624,0.00002140,0.00001985,0.00003491,0.00007201,0.00012678,0.009319,0.10380,43.85
benchmark_leaf_collapse/renders,BAP_B4neg_0.200_krea2_seed42_00001_.png,0.227896,0.00002670,0.00002155,0.00003478,0.00006452,0.00011944,0.006383,0.11493,46.37
benchmark_leaf_collapse/renders,BAP_B4neg_0.200_krea2_seed777_00001_.png,0.247227,0.00004247,0.00002732,0.00004342,0.00008958,0.00015027,0.014139,0.11299,44.08
benchmark_leaf_collapse/renders,BAP_baseline_krea2_seed1337_00001_.png,0.236198,0.00001740,0.00001272,0.00002243,0.00004412,0.00008335,0.007938,0.09637,47.81
benchmark_leaf_collapse/renders,BAP_baseline_krea2_seed42_00001_.png,0.315689,0.00001370,0.00001665,0.00003422,0.00007044,0.00012126,0.003596,0.09241,43.78
benchmark_leaf_collapse/renders,BAP_baseline_krea2_seed777_00001_.png,0.235521,0.00001931,0.00001762,0.00003190,0.00006475,0.00013211,0.010682,0.12007,46.75
benchmark_leaf_collapse/renders,BAU_B4neg_0.200_krea2_seed1337_00001_.png,0.314964,0.00006613,0.00007561,0.00014299,0.00027698,0.00056566,0.020690,0.03994,297.73
benchmark_leaf_collapse/renders,BAU_B4neg_0.200_krea2_seed42_00001_.png,0.331975,0.00005799,0.00007055,0.00013100,0.00026609,0.00053347,0.023629,0.04621,298.11
benchmark_leaf_collapse/renders,BAU_B4neg_0.200_krea2_seed777_00001_.png,0.328929,0.00007416,0.00008330,0.00015878,0.00036982,0.00068048,0.023289,0.05251,292.27
benchmark_leaf_collapse/renders,BAU_baseline_krea2_seed1337_00001_.png,0.328238,0.00004938,0.00005867,0.00013646,0.00031255,0.00065281,0.028739,0.05558,303.23
benchmark_leaf_collapse/renders,BAU_baseline_krea2_seed42_00001_.png,0.320107,0.00004844,0.00005124,0.00010283,0.00025162,0.00058702,0.025823,0.05472,305.67
benchmark_leaf_collapse/renders,BAU_baseline_krea2_seed777_00001_.png,0.334274,0.00004713,0.00005688,0.00012728,0.00030298,0.00067162,0.029275,0.05899,301.01
benchmark_leaf_collapse/renders,LN_B4neg_0.200_krea2_seed2001_00001_.png,0.328815,0.00028941,0.00010167,0.00009907,0.00017412,0.00029850,0.025469,0.00532,272.72
benchmark_leaf_collapse/renders,LN_B4neg_0.200_krea2_seed2002_00001_.png,0.244196,0.00018098,0.00012337,0.00013003,0.00022272,0.00039135,0.035601,0.07143,67.05
benchmark_leaf_collapse/renders,LN_B4neg_0.200_krea2_seed2003_00001_.png,0.335404,0.00041918,0.00014145,0.00010354,0.00016543,0.00032912,0.037935,0.00690,328.71
benchmark_leaf_collapse/renders,LN_B4neg_0.200_krea2_seed2004_00001_.png,0.318157,0.00028625,0.00012261,0.00010656,0.00016654,0.00030874,0.031224,0.04526,60.66
benchmark_leaf_collapse/renders,LN_B4neg_0.200_krea2_seed2005_00001_.png,0.320313,0.00023549,0.00008946,0.00008583,0.00015073,0.00025047,0.020568,0.00482,262.83
benchmark_leaf_collapse/renders,LN_B4neg_0.200_krea2_seed2006_00001_.png,0.313946,0.00022891,0.00010697,0.00009046,0.00013938,0.00027358,0.019870,0.00458,264.59
benchmark_leaf_collapse/renders,LN_B4neg_0.200_krea2_seed2007_00001_.png,0.272275,0.00027603,0.00015154,0.00012704,0.00020441,0.00037330,0.036235,0.10454,39.98
benchmark_leaf_collapse/renders,LN_B4neg_0.200_krea2_seed2008_00001_.png,0.210292,0.00017443,0.00010471,0.00011132,0.00017463,0.00031029,0.027634,0.01014,50.82
benchmark_leaf_collapse/renders,LN_B4neg_0.200_krea2_seed2009_00001_.png,0.300305,0.00021474,0.00010496,0.00009482,0.00015183,0.00027061,0.024969,0.06072,53.97
benchmark_leaf_collapse/renders,LN_B4neg_0.200_krea2_seed2010_00001_.png,0.219321,0.00014933,0.00008622,0.00009299,0.00016001,0.00028494,0.021015,0.05465,34.46
benchmark_leaf_collapse/renders,LN_B4neg_0.200_krea2_seed2011_00001_.png,0.219421,0.00022427,0.00013381,0.00013652,0.00020499,0.00034893,0.028485,0.01041,48.38
benchmark_leaf_collapse/renders,LN_B4neg_0.200_krea2_seed2012_00001_.png,0.266988,0.00017185,0.00011660,0.00011278,0.00017214,0.00029696,0.029069,0.06816,70.05
benchmark_leaf_collapse/renders,LN_B4neg_0.200_krea2_seed2013_00001_.png,0.314333,0.00021007,0.00007976,0.00006991,0.00010780,0.00019747,0.020206,0.00438,262.60
benchmark_leaf_collapse/renders,LN_B4neg_0.200_krea2_seed2014_00001_.png,0.311189,0.00016195,0.00006400,0.00006655,0.00010018,0.00016361,0.013311,0.00408,255.61
benchmark_leaf_collapse/renders,LN_B4neg_0.200_krea2_seed2015_00001_.png,0.313133,0.00020015,0.00009960,0.00008951,0.00014144,0.00025904,0.024566,0.03302,54.63
benchmark_leaf_collapse/renders,LN_B4neg_0.200_krea2_seed2016_00001_.png,0.204497,0.00010994,0.00010250,0.00013441,0.00022608,0.00039977,0.030196,0.06749,42.64
benchmark_leaf_collapse/renders,LN_B4neg_0.200_krea2_seed2017_00001_.png,0.321198,0.00019424,0.00008158,0.00007565,0.00012087,0.00019853,0.015432,0.00438,266.50
benchmark_leaf_collapse/renders,LN_B4neg_0.200_krea2_seed2018_00001_.png,0.245753,0.00021990,0.00013088,0.00012413,0.00021361,0.00039539,0.031986,0.08838,38.95
benchmark_leaf_collapse/renders,LN_B4neg_0.200_krea2_seed2019_00001_.png,0.310264,0.00034078,0.00019889,0.00015832,0.00023887,0.00046062,0.049243,0.13733,35.78
benchmark_leaf_collapse/renders,LN_B4neg_0.200_krea2_seed2020_00001_.png,0.294599,0.00018529,0.00010168,0.00010381,0.00016556,0.00029502,0.027556,0.06021,39.56
benchmark_leaf_collapse/renders,LN_baseline_krea2_seed2001_00001_.png,0.273147,0.00016412,0.00008243,0.00008718,0.00015822,0.00031193,0.032917,0.07579,32.66
benchmark_leaf_collapse/renders,LN_baseline_krea2_seed2002_00001_.png,0.277974,0.00013497,0.00007551,0.00009155,0.00017400,0.00033952,0.036673,0.07807,35.58
benchmark_leaf_collapse/renders,LN_baseline_krea2_seed2003_00001_.png,0.317835,0.00029744,0.00015246,0.00013689,0.00021699,0.00041142,0.051012,0.11122,39.59
benchmark_leaf_collapse/renders,LN_baseline_krea2_seed2004_00001_.png,0.317784,0.00033841,0.00017016,0.00013107,0.00020406,0.00039768,0.044291,0.10182,43.74
benchmark_leaf_collapse/renders,LN_baseline_krea2_seed2005_00001_.png,0.286338,0.00007336,0.00006104,0.00008933,0.00017136,0.00032859,0.031436,0.04767,32.21
benchmark_leaf_collapse/renders,LN_baseline_krea2_seed2006_00001_.png,0.296389,0.00015168,0.00009634,0.00010911,0.00018001,0.00032617,0.029837,0.05439,40.21
benchmark_leaf_collapse/renders,LN_baseline_krea2_seed2007_00001_.png,0.350464,0.00034440,0.00018416,0.00015336,0.00023285,0.00045604,0.057785,0.13428,50.20
benchmark_leaf_collapse/renders,LN_baseline_krea2_seed2008_00001_.png,0.274131,0.00012598,0.00008075,0.00009812,0.00018606,0.00036859,0.040663,0.08122,38.44
benchmark_leaf_collapse/renders,LN_baseline_krea2_seed2009_00001_.png,0.248280,0.00010842,0.00007003,0.00009165,0.00016704,0.00032502,0.033469,0.05963,34.71
benchmark_leaf_collapse/renders,LN_baseline_krea2_seed2010_00001_.png,0.285836,0.00014019,0.00007533,0.00008080,0.00014092,0.00027324,0.026222,0.05720,37.58
benchmark_leaf_collapse/renders,LN_baseline_krea2_seed2011_00001_.png,0.297375,0.00014060,0.00007950,0.00009412,0.00017676,0.00035532,0.035793,0.07103,38.42
benchmark_leaf_collapse/renders,LN_baseline_krea2_seed2012_00001_.png,0.289705,0.00014494,0.00009412,0.00010838,0.00018323,0.00034435,0.034879,0.07119,36.37
benchmark_leaf_collapse/renders,LN_baseline_krea2_seed2013_00001_.png,0.279141,0.00013246,0.00008699,0.00010267,0.00018153,0.00034891,0.034930,0.06688,39.68
benchmark_leaf_collapse/renders,LN_baseline_krea2_seed2014_00001_.png,0.275867,0.00007157,0.00006035,0.00008347,0.00014689,0.00028329,0.024012,0.05168,38.44
benchmark_leaf_collapse/renders,LN_baseline_krea2_seed2015_00001_.png,0.254297,0.00015621,0.00009050,0.00009822,0.00016101,0.00030935,0.032596,0.06152,31.48
benchmark_leaf_collapse/renders,LN_baseline_krea2_seed2016_00001_.png,0.223614,0.00009161,0.00007228,0.00010229,0.00017998,0.00033514,0.032796,0.06640,40.45
benchmark_leaf_collapse/renders,LN_baseline_krea2_seed2017_00001_.png,0.287624,0.00008580,0.00007492,0.00010428,0.00017975,0.00032107,0.031137,0.06169,34.28
benchmark_leaf_collapse/renders,LN_baseline_krea2_seed2018_00001_.png,0.281150,0.00014252,0.00008730,0.00009891,0.00017573,0.00033478,0.036379,0.06825,36.65
benchmark_leaf_collapse/renders,LN_baseline_krea2_seed2019_00001_.png,0.356546,0.00027926,0.00019784,0.00019003,0.00027546,0.00050980,0.065178,0.13136,34.51
benchmark_leaf_collapse/renders,LN_baseline_krea2_seed2020_00001_.png,0.277215,0.00007797,0.00005937,0.00008663,0.00017147,0.00033897,0.031847,0.04766,37.83
benchmark_leaf_collapse/renders,MUN_B4neg_0.200_krea2_seed1337_00001_.png,0.267429,0.00012645,0.00014170,0.00018858,0.00025460,0.00047575,0.034569,0.09289,30.69
benchmark_leaf_collapse/renders,MUN_B4neg_0.200_krea2_seed42_00001_.png,0.267830,0.00013463,0.00016132,0.00023527,0.00033405,0.00055433,0.037916,0.10701,29.83
benchmark_leaf_collapse/renders,MUN_B4neg_0.200_krea2_seed777_00001_.png,0.300819,0.00014983,0.00021673,0.00032318,0.00043653,0.00076301,0.048934,0.12091,26.12
benchmark_leaf_collapse/renders,MUN_baseline_krea2_seed1337_00001_.png,0.259650,0.00006923,0.00008326,0.00014109,0.00024874,0.00048745,0.026420,0.07924,26.95
benchmark_leaf_collapse/renders,MUN_baseline_krea2_seed42_00001_.png,0.275226,0.00008722,0.00010463,0.00016841,0.00027767,0.00055785,0.028583,0.09199,27.76
benchmark_leaf_collapse/renders,MUN_baseline_krea2_seed777_00001_.png,0.276420,0.00009010,0.00009568,0.00014499,0.00027233,0.00061419,0.037710,0.12320,26.84
benchmark_leaf_collapse/renders,MUP_B4neg_0.200_krea2_seed1337_00001_.png,0.252218,0.00009983,0.00013144,0.00018570,0.00027113,0.00044758,0.037840,0.10041,26.25
benchmark_leaf_collapse/renders,MUP_B4neg_0.200_krea2_seed42_00001_.png,0.309938,0.00006350,0.00009431,0.00013756,0.00023006,0.00043869,0.036961,0.10771,21.82
benchmark_leaf_collapse/renders,MUP_B4neg_0.200_krea2_seed777_00001_.png,0.308733,0.00015732,0.00022562,0.00035974,0.00053025,0.00086623,0.061108,0.17264,23.03
benchmark_leaf_collapse/renders,MUP_baseline_krea2_seed1337_00001_.png,0.276831,0.00008806,0.00008642,0.00010193,0.00013480,0.00024034,0.025109,0.07166,24.52
benchmark_leaf_collapse/renders,MUP_baseline_krea2_seed42_00001_.png,0.296419,0.00009260,0.00008464,0.00010307,0.00015468,0.00026703,0.028859,0.08052,23.71
benchmark_leaf_collapse/renders,MUP_baseline_krea2_seed777_00001_.png,0.314601,0.00016168,0.00015640,0.00018693,0.00026562,0.00043712,0.048000,0.14386,23.38
benchmark_leaf_collapse/renders,MUU_B4neg_0.200_krea2_seed1337_00001_.png,0.279537,0.00009742,0.00011594,0.00017655,0.00026962,0.00050408,0.044248,0.06209,333.33
benchmark_leaf_collapse/renders,MUU_B4neg_0.200_krea2_seed42_00001_.png,0.333571,0.00008485,0.00008135,0.00012266,0.00021518,0.00046768,0.044822,0.06096,328.08
benchmark_leaf_collapse/renders,MUU_B4neg_0.200_krea2_seed777_00001_.png,0.287978,0.00010833,0.00016305,0.00027354,0.00042302,0.00074528,0.058637,0.09023,314.70
benchmark_leaf_collapse/renders,MUU_baseline_krea2_seed1337_00001_.png,0.331081,0.00007987,0.00008775,0.00012820,0.00021690,0.00042166,0.036482,0.05326,336.83
benchmark_leaf_collapse/renders,MUU_baseline_krea2_seed42_00001_.png,0.322886,0.00007979,0.00007652,0.00010951,0.00020380,0.00046098,0.037392,0.04949,326.66
benchmark_leaf_collapse/renders,MUU_baseline_krea2_seed777_00001_.png,0.357743,0.00010493,0.00010461,0.00017421,0.00030287,0.00053323,0.047933,0.07031,333.53
benchmark_leaf_collapse/renders,PCN_B4neg_0.200_krea2_seed1337_00001_.png,0.366406,0.00021611,0.00039640,0.00079630,0.00129781,0.00199042,0.098750,0.20456,14.31
benchmark_leaf_collapse/renders,PCN_B4neg_0.200_krea2_seed42_00001_.png,0.316764,0.00010627,0.00014878,0.00027571,0.00051168,0.00091870,0.061266,0.10843,27.50
benchmark_leaf_collapse/renders,PCN_B4neg_0.200_krea2_seed777_00001_.png,0.385640,0.00033488,0.00049939,0.00092533,0.00149237,0.00240388,0.105252,0.23576,15.65
benchmark_leaf_collapse/renders,PCN_baseline_krea2_seed1337_00001_.png,0.346361,0.00013185,0.00025720,0.00055019,0.00097571,0.00156731,0.081732,0.18647,13.83
benchmark_leaf_collapse/renders,PCN_baseline_krea2_seed42_00001_.png,0.279028,0.00010543,0.00018097,0.00036569,0.00063687,0.00112347,0.061046,0.12284,13.32
benchmark_leaf_collapse/renders,PCN_baseline_krea2_seed777_00001_.png,0.366401,0.00015239,0.00027799,0.00060554,0.00110843,0.00185418,0.095809,0.22247,15.10
benchmark_leaf_collapse/renders,PCP_B4neg_0.200_krea2_seed1337_00001_.png,0.365489,0.00020969,0.00038929,0.00075287,0.00117941,0.00185337,0.100704,0.20738,14.08
benchmark_leaf_collapse/renders,PCP_B4neg_0.200_krea2_seed42_00001_.png,0.296501,0.00009204,0.00016524,0.00032444,0.00054442,0.00091563,0.065262,0.11939,15.64
benchmark_leaf_collapse/renders,PCP_B4neg_0.200_krea2_seed777_00001_.png,0.394888,0.00037935,0.00052828,0.00092835,0.00151707,0.00246735,0.108509,0.24527,15.20
benchmark_leaf_collapse/renders,PCP_baseline_krea2_seed1337_00001_.png,0.346977,0.00011698,0.00023610,0.00051906,0.00094475,0.00154531,0.085308,0.18151,13.42
benchmark_leaf_collapse/renders,PCP_baseline_krea2_seed42_00001_.png,0.281323,0.00010123,0.00018202,0.00036751,0.00065386,0.00113106,0.063499,0.12173,12.85
benchmark_leaf_collapse/renders,PCP_baseline_krea2_seed777_00001_.png,0.340731,0.00017883,0.00034238,0.00068942,0.00122751,0.00203549,0.107669,0.22115,13.87
benchmark_leaf_collapse/renders,PCU_B4neg_0.200_krea2_seed1337_00001_.png,0.344488,0.00028233,0.00040179,0.00070796,0.00129843,0.00235731,0.106982,0.14803,292.67
benchmark_leaf_collapse/renders,PCU_B4neg_0.200_krea2_seed42_00001_.png,0.341992,0.00014571,0.00018938,0.00032428,0.00059557,0.00120280,0.063574,0.06966,303.03
benchmark_leaf_collapse/renders,PCU_B4neg_0.200_krea2_seed777_00001_.png,0.399500,0.00027380,0.00049580,0.00090917,0.00143128,0.00252959,0.116846,0.18939,311.41
benchmark_leaf_collapse/renders,PCU_baseline_krea2_seed1337_00001_.png,0.335712,0.00019398,0.00027750,0.00053437,0.00101416,0.00188872,0.106043,0.15613,274.61
benchmark_leaf_collapse/renders,PCU_baseline_krea2_seed42_00001_.png,0.331163,0.00012137,0.00018308,0.00035217,0.00065049,0.00119372,0.071955,0.09131,273.55
benchmark_leaf_collapse/renders,PCU_baseline_krea2_seed777_00001_.png,0.339711,0.00019783,0.00027252,0.00050630,0.00093640,0.00179841,0.106009,0.15832,276.84
benchmark_leaf_collapse/renders,TON_B4neg_0.200_krea2_seed1337_00001_.png,0.287489,0.00004501,0.00006676,0.00012965,0.00025958,0.00049868,0.055655,0.19441,9.33
benchmark_leaf_collapse/renders,TON_B4neg_0.200_krea2_seed42_00001_.png,0.232015,0.00003516,0.00003185,0.00005465,0.00011767,0.00023300,0.038009,0.11989,13.51
benchmark_leaf_collapse/renders,TON_B4neg_0.200_krea2_seed777_00001_.png,0.297919,0.00004949,0.00006561,0.00011796,0.00024680,0.00046117,0.063673,0.20803,8.91
benchmark_leaf_collapse/renders,TON_baseline_krea2_seed1337_00001_.png,0.250669,0.00003792,0.00004679,0.00009884,0.00021818,0.00038603,0.050046,0.18626,11.14
benchmark_leaf_collapse/renders,TON_baseline_krea2_seed42_00001_.png,0.241513,0.00003332,0.00003979,0.00007176,0.00014782,0.00028644,0.034343,0.09677,17.19
benchmark_leaf_collapse/renders,TON_baseline_krea2_seed777_00001_.png,0.229493,0.00006792,0.00007294,0.00011719,0.00023688,0.00049972,0.057505,0.18319,14.95
benchmark_leaf_collapse/renders,TOP_B4neg_0.200_krea2_seed1337_00001_.png,0.269807,0.00004794,0.00005297,0.00009801,0.00018500,0.00036186,0.045618,0.14629,10.57
benchmark_leaf_collapse/renders,TOP_B4neg_0.200_krea2_seed42_00001_.png,0.228247,0.00001978,0.00000971,0.00001487,0.00003808,0.00010988,0.032665,0.12844,8.84
benchmark_leaf_collapse/renders,TOP_B4neg_0.200_krea2_seed777_00001_.png,0.294073,0.00005233,0.00006910,0.00012039,0.00023908,0.00040218,0.060667,0.21073,6.51
benchmark_leaf_collapse/renders,TOP_baseline_krea2_seed1337_00001_.png,0.227730,0.00001402,0.00000804,0.00001444,0.00004196,0.00011893,0.036513,0.14422,4.20
benchmark_leaf_collapse/renders,TOP_baseline_krea2_seed42_00001_.png,0.229111,0.00001683,0.00000839,0.00001413,0.00003864,0.00010965,0.030136,0.12106,5.21
benchmark_leaf_collapse/renders,TOP_baseline_krea2_seed777_00001_.png,0.247599,0.00002082,0.00001162,0.00001765,0.00004790,0.00013660,0.043874,0.19045,6.58
benchmark_leaf_collapse/renders,TOU_B4neg_0.200_krea2_seed1337_00001_.png,0.275107,0.00009046,0.00010081,0.00016610,0.00037103,0.00073394,0.079606,0.15585,311.00
benchmark_leaf_collapse/renders,TOU_B4neg_0.200_krea2_seed42_00001_.png,0.237954,0.00005915,0.00004645,0.00007863,0.00016305,0.00035079,0.051036,0.07647,320.20
benchmark_leaf_collapse/renders,TOU_B4neg_0.200_krea2_seed777_00001_.png,0.307878,0.00009956,0.00011998,0.00018268,0.00037572,0.00081738,0.086974,0.16910,314.90
benchmark_leaf_collapse/renders,TOU_baseline_krea2_seed1337_00001_.png,0.292218,0.00011089,0.00010490,0.00016927,0.00034497,0.00070677,0.080620,0.12362,336.76
benchmark_leaf_collapse/renders,TOU_baseline_krea2_seed42_00001_.png,0.294667,0.00004872,0.00005146,0.00009325,0.00017636,0.00032274,0.041773,0.05116,337.94
benchmark_leaf_collapse/renders,TOU_baseline_krea2_seed777_00001_.png,0.242701,0.00012267,0.00008977,0.00011924,0.00025436,0.00066110,0.085846,0.12722,338.07
benchmark_leaf_collapse/renders,W1_B4neg_0.200_krea2_seed1337_00001_.png,0.209695,0.00004966,0.00004258,0.00005784,0.00010424,0.00020296,0.016778,0.03692,35.95
benchmark_leaf_collapse/renders,W1_B4neg_0.200_krea2_seed42_00001_.png,0.199011,0.00005018,0.00004089,0.00006202,0.00013200,0.00028131,0.022369,0.04377,37.09
benchmark_leaf_collapse/renders,W1_B4neg_0.200_krea2_seed777_00001_.png,0.210742,0.00003382,0.00003671,0.00006767,0.00013287,0.00026266,0.021461,0.03281,42.60
benchmark_leaf_collapse/renders,W1_baseline_krea2_seed1337_00001_.png,0.206075,0.00004383,0.00002737,0.00003972,0.00007691,0.00016444,0.017938,0.04364,41.43
benchmark_leaf_collapse/renders,W1_baseline_krea2_seed42_00001_.png,0.217821,0.00004637,0.00003193,0.00004858,0.00010337,0.00023967,0.025740,0.05036,40.67
benchmark_leaf_collapse/renders,W1_baseline_krea2_seed777_00001_.png,0.210393,0.00004064,0.00002567,0.00003971,0.00008837,0.00020070,0.020424,0.04823,40.38
benchmark_leaf_collapse/renders,W2_B4neg_0.200_krea2_seed1337_00001_.png,0.265390,0.00007138,0.00012911,0.00022248,0.00035351,0.00062043,0.029541,0.09890,42.19
benchmark_leaf_collapse/renders,W2_B4neg_0.200_krea2_seed42_00001_.png,0.290374,0.00011086,0.00011515,0.00015748,0.00025078,0.00045172,0.035441,0.12278,36.60
benchmark_leaf_collapse/renders,W2_B4neg_0.200_krea2_seed777_00001_.png,0.274861,0.00014951,0.00014862,0.00020053,0.00031798,0.00064159,0.039903,0.14120,36.44
benchmark_leaf_collapse/renders,W2_baseline_krea2_seed1337_00001_.png,0.241713,0.00005787,0.00003960,0.00005854,0.00012207,0.00030699,0.026848,0.10785,36.40
benchmark_leaf_collapse/renders,W2_baseline_krea2_seed42_00001_.png,0.257716,0.00009695,0.00007469,0.00009235,0.00017495,0.00042100,0.034536,0.12006,34.68
benchmark_leaf_collapse/renders,W2_baseline_krea2_seed777_00001_.png,0.274480,0.00011694,0.00009802,0.00012465,0.00023357,0.00044898,0.034037,0.15655,43.40
benchmark_leaf_collapse/renders,W3_B4neg_0.200_krea2_seed1337_00001_.png,0.249604,0.00026791,0.00013127,0.00011120,0.00019793,0.00035750,0.031327,0.15675,28.39
benchmark_leaf_collapse/renders,W3_B4neg_0.200_krea2_seed42_00001_.png,0.231481,0.00022640,0.00012016,0.00010135,0.00017421,0.00033197,0.031068,0.16000,30.92
benchmark_leaf_collapse/renders,W3_B4neg_0.200_krea2_seed777_00001_.png,0.213168,0.00014100,0.00010521,0.00011967,0.00020876,0.00036755,0.032099,0.12373,21.90
benchmark_leaf_collapse/renders,W3_baseline_krea2_seed1337_00001_.png,0.294935,0.00038384,0.00018792,0.00012594,0.00018898,0.00036149,0.037200,0.15252,30.80
benchmark_leaf_collapse/renders,W3_baseline_krea2_seed42_00001_.png,0.239092,0.00014364,0.00008119,0.00007851,0.00013956,0.00027727,0.029746,0.14845,27.29
benchmark_leaf_collapse/renders,W3_baseline_krea2_seed777_00001_.png,0.248707,0.00022477,0.00011290,0.00009553,0.00016094,0.00031297,0.032816,0.13849,27.48
benchmark_leaf_collapse/renders,W4_B4neg_0.200_krea2_seed1337_00001_.png,0.345509,0.00003333,0.00005305,0.00012178,0.00026902,0.00058489,0.046952,0.16149,40.93
benchmark_leaf_collapse/renders,W4_B4neg_0.200_krea2_seed42_00001_.png,0.327641,0.00002027,0.00002822,0.00007816,0.00022199,0.00049922,0.046591,0.16681,41.13
benchmark_leaf_collapse/renders,W4_B4neg_0.200_krea2_seed777_00001_.png,0.393660,0.00003599,0.00004883,0.00009743,0.00021707,0.00053419,0.049783,0.22880,34.32
benchmark_leaf_collapse/renders,W4_baseline_krea2_seed1337_00001_.png,0.329798,0.00001928,0.00003064,0.00007582,0.00018344,0.00043940,0.042327,0.17902,43.82
benchmark_leaf_collapse/renders,W4_baseline_krea2_seed42_00001_.png,0.319061,0.00002137,0.00003388,0.00008731,0.00020512,0.00043512,0.045913,0.16739,44.47
benchmark_leaf_collapse/renders,W4_baseline_krea2_seed777_00001_.png,0.363773,0.00002351,0.00002692,0.00005195,0.00012245,0.00035839,0.044572,0.23202,40.62
benchmark_leaf_collapse/renders,W5_B4neg_0.200_krea2_seed1337_00001_.png,0.212451,0.00008005,0.00007724,0.00008992,0.00015838,0.00032868,0.030919,0.05355,40.11
benchmark_leaf_collapse/renders,W5_B4neg_0.200_krea2_seed42_00001_.png,0.246234,0.00006477,0.00007858,0.00011535,0.00020923,0.00043315,0.046317,0.09191,44.20
benchmark_leaf_collapse/renders,W5_B4neg_0.200_krea2_seed777_00001_.png,0.221812,0.00007166,0.00007527,0.00010835,0.00019946,0.00041148,0.040670,0.07040,42.01
benchmark_leaf_collapse/renders,W5_baseline_krea2_seed1337_00001_.png,0.237361,0.00007863,0.00005358,0.00007473,0.00014890,0.00031893,0.038985,0.06359,41.93
benchmark_leaf_collapse/renders,W5_baseline_krea2_seed42_00001_.png,0.246728,0.00006410,0.00004572,0.00006829,0.00014681,0.00032505,0.044682,0.07339,81.45
benchmark_leaf_collapse/renders,W5_baseline_krea2_seed777_00001_.png,0.252226,0.00006278,0.00004218,0.00006126,0.00013440,0.00030495,0.043606,0.06815,37.61
benchmark_colour_binding--renders,LG_Block_1neg_0.050_krea2_seed1337_00001_.png,0.230472,0.00005381,0.00004927,0.00007531,0.00013594,0.00024214,0.019984,0.05121,87.91
benchmark_colour_binding--renders,LG_Block_1neg_0.050_krea2_seed42_00001_.png,0.260048,0.00004790,0.00005084,0.00008952,0.00017268,0.00032464,0.030870,0.07048,87.67
benchmark_colour_binding--renders,LG_Block_1neg_0.050_krea2_seed777_00001_.png,0.307488,0.00003034,0.00002935,0.00004768,0.00010822,0.00024491,0.027713,0.05860,88.79
benchmark_colour_binding--renders,LG_Block_1neg_0.200_krea2_seed1337_00001_.png,0.338823,0.00004532,0.00005513,0.00007477,0.00012890,0.00026042,0.022375,0.06776,86.38
benchmark_colour_binding--renders,LG_Block_1neg_0.200_krea2_seed42_00001_.png,0.296144,0.00005314,0.00007653,0.00012462,0.00021515,0.00038421,0.032162,0.09070,84.92
benchmark_colour_binding--renders,LG_Block_1neg_0.200_krea2_seed777_00001_.png,0.320030,0.00004607,0.00005814,0.00007912,0.00013006,0.00025857,0.025513,0.07428,86.80
benchmark_colour_binding--renders,LG_Block_1pos_0.050_krea2_seed1337_00001_.png,0.265910,0.00004414,0.00003855,0.00006495,0.00012193,0.00022659,0.020266,0.04126,90.68
benchmark_colour_binding--renders,LG_Block_1pos_0.050_krea2_seed42_00001_.png,0.280503,0.00005335,0.00004941,0.00008290,0.00015818,0.00030060,0.031143,0.06540,88.68
benchmark_colour_binding--renders,LG_Block_1pos_0.050_krea2_seed777_00001_.png,0.295512,0.00003821,0.00002806,0.00004770,0.00010740,0.00024029,0.028121,0.05752,89.13
benchmark_colour_binding--renders,LG_Block_1pos_0.200_krea2_seed1337_00001_.png,0.262575,0.00005472,0.00003344,0.00005044,0.00009524,0.00018253,0.017175,0.04796,87.18
benchmark_colour_binding--renders,LG_Block_1pos_0.200_krea2_seed42_00001_.png,0.289749,0.00009591,0.00004276,0.00005400,0.00010161,0.00020507,0.023709,0.07900,82.79
benchmark_colour_binding--renders,LG_Block_1pos_0.200_krea2_seed777_00001_.png,0.269225,0.00006511,0.00004109,0.00005992,0.00011467,0.00022286,0.022938,0.05919,89.55
benchmark_colour_binding--renders,LG_Block_2neg_0.050_krea2_seed1337_00001_.png,0.228288,0.00004677,0.00004133,0.00006716,0.00012522,0.00023182,0.019796,0.04502,88.72
benchmark_colour_binding--renders,LG_Block_2neg_0.050_krea2_seed42_00001_.png,0.291576,0.00005312,0.00005281,0.00008518,0.00015788,0.00030129,0.031663,0.06504,89.22
benchmark_colour_binding--renders,LG_Block_2neg_0.050_krea2_seed777_00001_.png,0.273095,0.00003822,0.00003036,0.00004790,0.00010472,0.00024190,0.026862,0.05591,88.96
benchmark_colour_binding--renders,LG_Block_2neg_0.200_krea2_seed1337_00001_.png,0.312127,0.00005685,0.00005103,0.00007615,0.00013529,0.00025483,0.021097,0.04680,89.85
benchmark_colour_binding--renders,LG_Block_2neg_0.200_krea2_seed42_00001_.png,0.323356,0.00008245,0.00007461,0.00010860,0.00018238,0.00033331,0.032475,0.07455,87.59
benchmark_colour_binding--renders,LG_Block_2neg_0.200_krea2_seed777_00001_.png,0.305570,0.00006356,0.00006392,0.00009418,0.00017194,0.00031520,0.028794,0.05335,91.72
benchmark_colour_binding--renders,LG_Block_2pos_0.050_krea2_seed1337_00001_.png,0.267927,0.00004536,0.00004309,0.00007165,0.00012921,0.00023636,0.021034,0.04318,89.56
benchmark_colour_binding--renders,LG_Block_2pos_0.050_krea2_seed42_00001_.png,0.255891,0.00005264,0.00004973,0.00008716,0.00016816,0.00031460,0.030876,0.06870,88.13
benchmark_colour_binding--renders,LG_Block_2pos_0.050_krea2_seed777_00001_.png,0.315892,0.00003529,0.00002931,0.00004782,0.00011177,0.00025341,0.030674,0.06311,87.97
benchmark_colour_binding--renders,LG_Block_2pos_0.200_krea2_seed1337_00001_.png,0.326153,0.00004443,0.00003695,0.00005721,0.00012350,0.00026653,0.029983,0.06155,89.27
benchmark_colour_binding--renders,LG_Block_2pos_0.200_krea2_seed42_00001_.png,0.310101,0.00005155,0.00004873,0.00007726,0.00013900,0.00026957,0.031134,0.06544,85.64
benchmark_colour_binding--renders,LG_Block_2pos_0.200_krea2_seed777_00001_.png,0.313060,0.00004121,0.00003362,0.00005155,0.00011505,0.00026192,0.034595,0.06634,90.50
benchmark_colour_binding--renders,LG_Block_3neg_0.050_krea2_seed1337_00001_.png,0.271654,0.00003410,0.00003605,0.00006288,0.00011978,0.00022542,0.020437,0.04008,91.45
benchmark_colour_binding--renders,LG_Block_3neg_0.050_krea2_seed42_00001_.png,0.297765,0.00004466,0.00004898,0.00008282,0.00015521,0.00029565,0.031196,0.06316,89.24
benchmark_colour_binding--renders,LG_Block_3neg_0.050_krea2_seed777_00001_.png,0.293751,0.00003893,0.00004211,0.00007215,0.00014538,0.00027776,0.027584,0.05311,90.49
benchmark_colour_binding--renders,LG_Block_3neg_0.200_krea2_seed1337_00001_.png,0.306701,0.00002843,0.00003245,0.00005267,0.00009999,0.00020573,0.020142,0.03980,92.23
benchmark_colour_binding--renders,LG_Block_3neg_0.200_krea2_seed42_00001_.png,0.305332,0.00003798,0.00004232,0.00006584,0.00012659,0.00026132,0.029439,0.05762,91.75
benchmark_colour_binding--renders,LG_Block_3neg_0.200_krea2_seed777_00001_.png,0.284907,0.00003289,0.00003789,0.00006406,0.00012204,0.00023421,0.024231,0.04687,93.31
benchmark_colour_binding--renders,LG_Block_3pos_0.050_krea2_seed1337_00001_.png,0.240070,0.00005773,0.00004822,0.00007522,0.00013891,0.00025148,0.020698,0.05037,89.35
benchmark_colour_binding--renders,LG_Block_3pos_0.050_krea2_seed42_00001_.png,0.281200,0.00006074,0.00005666,0.00009395,0.00017511,0.00032766,0.032761,0.07175,87.82
benchmark_colour_binding--renders,LG_Block_3pos_0.050_krea2_seed777_00001_.png,0.242855,0.00003692,0.00003453,0.00005191,0.00011439,0.00025969,0.026572,0.06404,87.78
benchmark_colour_binding--renders,LG_Block_3pos_0.200_krea2_seed1337_00001_.png,0.327753,0.00006555,0.00005820,0.00008724,0.00016782,0.00033735,0.025816,0.06801,83.43
benchmark_colour_binding--renders,LG_Block_3pos_0.200_krea2_seed42_00001_.png,0.340232,0.00011972,0.00009972,0.00012978,0.00021171,0.00039454,0.039029,0.11089,81.76
benchmark_colour_binding--renders,LG_Block_3pos_0.200_krea2_seed777_00001_.png,0.224550,0.00005529,0.00005192,0.00009605,0.00020695,0.00038706,0.028085,0.07926,85.53
benchmark_colour_binding--renders,LG_Block_4neg_0.050_krea2_seed1337_00001_.png,0.206361,0.00006129,0.00005184,0.00007780,0.00013678,0.00024561,0.020507,0.04896,88.68
benchmark_colour_binding--renders,LG_Block_4neg_0.050_krea2_seed42_00001_.png,0.228472,0.00006254,0.00005774,0.00009626,0.00018397,0.00034200,0.031442,0.07306,86.94
benchmark_colour_binding--renders,LG_Block_4neg_0.050_krea2_seed777_00001_.png,0.278331,0.00003607,0.00002939,0.00004945,0.00011137,0.00025179,0.028204,0.05944,88.08
benchmark_colour_binding--renders,LG_Block_4neg_0.200_krea2_seed1337_00001_.png,0.231037,0.00004517,0.00005722,0.00008680,0.00014719,0.00028346,0.024861,0.05802,83.64
benchmark_colour_binding--renders,LG_Block_4neg_0.200_krea2_seed42_00001_.png,0.234622,0.00005070,0.00006061,0.00009658,0.00017854,0.00035627,0.037020,0.08626,84.51
benchmark_colour_binding--renders,LG_Block_4neg_0.200_krea2_seed777_00001_.png,0.218935,0.00003846,0.00004612,0.00008165,0.00016538,0.00034965,0.031887,0.07229,86.92
benchmark_colour_binding--renders,LG_Block_4pos_0.050_krea2_seed1337_00001_.png,0.255934,0.00004358,0.00004046,0.00006626,0.00012514,0.00023568,0.020804,0.04256,91.37
benchmark_colour_binding--renders,LG_Block_4pos_0.050_krea2_seed42_00001_.png,0.290438,0.00004684,0.00004890,0.00008259,0.00015347,0.00029012,0.031067,0.06439,89.86
benchmark_colour_binding--renders,LG_Block_4pos_0.050_krea2_seed777_00001_.png,0.312171,0.00003499,0.00003224,0.00005061,0.00010999,0.00024477,0.029640,0.05877,90.05
benchmark_colour_binding--renders,LG_Block_4pos_0.200_krea2_seed1337_00001_.png,0.319075,0.00002970,0.00003411,0.00005625,0.00011102,0.00023297,0.028218,0.06084,94.88
benchmark_colour_binding--renders,LG_Block_4pos_0.200_krea2_seed42_00001_.png,0.315483,0.00006218,0.00005917,0.00008223,0.00014993,0.00030198,0.034722,0.07546,91.38
benchmark_colour_binding--renders,LG_Block_4pos_0.200_krea2_seed777_00001_.png,0.324399,0.00002689,0.00003646,0.00006230,0.00012205,0.00027425,0.035359,0.07165,94.49
benchmark_colour_binding--renders,LG_Block_5neg_0.050_krea2_seed1337_00001_.png,0.285817,0.00004146,0.00003938,0.00006498,0.00012057,0.00022504,0.019697,0.04145,89.33
benchmark_colour_binding--renders,LG_Block_5neg_0.050_krea2_seed42_00001_.png,0.301206,0.00005549,0.00005497,0.00008583,0.00015574,0.00029219,0.030545,0.06812,87.54
benchmark_colour_binding--renders,LG_Block_5neg_0.050_krea2_seed777_00001_.png,0.300486,0.00003730,0.00003057,0.00004813,0.00010529,0.00023853,0.026929,0.05656,89.30
benchmark_colour_binding--renders,LG_Block_5neg_0.200_krea2_seed1337_00001_.png,0.278881,0.00005959,0.00004856,0.00007141,0.00012859,0.00023633,0.019081,0.05354,86.00
benchmark_colour_binding--renders,LG_Block_5neg_0.200_krea2_seed42_00001_.png,0.265646,0.00009860,0.00007312,0.00008327,0.00013559,0.00026259,0.031127,0.09925,83.24
benchmark_colour_binding--renders,LG_Block_5neg_0.200_krea2_seed777_00001_.png,0.246234,0.00006723,0.00006115,0.00008729,0.00016720,0.00031764,0.025432,0.07274,85.58
benchmark_colour_binding--renders,LG_Block_5pos_0.050_krea2_seed1337_00001_.png,0.207445,0.00005061,0.00004606,0.00007672,0.00014280,0.00025720,0.021708,0.05400,88.10
benchmark_colour_binding--renders,LG_Block_5pos_0.050_krea2_seed42_00001_.png,0.234309,0.00004536,0.00004506,0.00008522,0.00017024,0.00032770,0.033491,0.07611,88.03
benchmark_colour_binding--renders,LG_Block_5pos_0.050_krea2_seed777_00001_.png,0.291092,0.00003219,0.00002899,0.00004939,0.00011192,0.00025170,0.030111,0.06289,88.64
benchmark_colour_binding--renders,LG_Block_5pos_0.200_krea2_seed1337_00001_.png,0.195912,0.00003739,0.00003769,0.00007211,0.00015195,0.00030795,0.024537,0.06300,87.30
benchmark_colour_binding--renders,LG_Block_5pos_0.200_krea2_seed42_00001_.png,0.209428,0.00003933,0.00004241,0.00008033,0.00018090,0.00038556,0.036082,0.08986,84.01
benchmark_colour_binding--renders,LG_Block_5pos_0.200_krea2_seed777_00001_.png,0.199497,0.00003723,0.00004484,0.00008853,0.00018430,0.00035566,0.031003,0.07126,87.82
benchmark_colour_binding--renders,LG_Block_6neg_0.050_krea2_seed1337_00001_.png,0.272586,0.00003675,0.00003400,0.00006403,0.00012914,0.00024903,0.022432,0.04684,90.97
benchmark_colour_binding--renders,LG_Block_6neg_0.050_krea2_seed42_00001_.png,0.112302,0.00003992,0.00004143,0.00008253,0.00016972,0.00033435,0.035911,0.07540,88.58
benchmark_colour_binding--renders,LG_Block_6neg_0.050_krea2_seed777_00001_.png,0.292750,0.00002956,0.00002451,0.00004665,0.00011404,0.00026334,0.032361,0.06776,88.37
benchmark_colour_binding--renders,LG_Block_6neg_0.200_krea2_seed1337_00001_.png,0.331528,0.00001476,0.00001557,0.00003441,0.00009000,0.00022707,0.025917,0.06913,88.84
benchmark_colour_binding--renders,LG_Block_6neg_0.200_krea2_seed42_00001_.png,0.332406,0.00002081,0.00002490,0.00005613,0.00013185,0.00029625,0.038340,0.11270,87.63
benchmark_colour_binding--renders,LG_Block_6neg_0.200_krea2_seed777_00001_.png,0.336147,0.00001965,0.00002056,0.00004221,0.00011414,0.00028668,0.038295,0.09850,89.91
benchmark_colour_binding--renders,LG_Block_6pos_0.050_krea2_seed1337_00001_.png,0.279983,0.00006224,0.00005359,0.00007503,0.00012465,0.00021845,0.017987,0.04796,85.36
benchmark_colour_binding--renders,LG_Block_6pos_0.050_krea2_seed42_00001_.png,0.280997,0.00006368,0.00006386,0.00009416,0.00016039,0.00028818,0.026827,0.06546,84.67
benchmark_colour_binding--renders,LG_Block_6pos_0.050_krea2_seed777_00001_.png,0.298361,0.00003765,0.00003737,0.00005352,0.00010536,0.00022498,0.025123,0.05674,87.11
benchmark_colour_binding--renders,LG_Block_6pos_0.200_krea2_seed1337_00001_.png,0.459437,0.00020390,0.00038046,0.00052657,0.00020797,0.00014986,0.011141,0.07909,49.16
benchmark_colour_binding--renders,LG_Block_6pos_0.200_krea2_seed42_00001_.png,0.475520,0.00022118,0.00034290,0.00046350,0.00019054,0.00016845,0.014629,0.08596,59.03
benchmark_colour_binding--renders,LG_Block_6pos_0.200_krea2_seed777_00001_.png,0.463401,0.00025905,0.00033708,0.00040268,0.00022714,0.00015425,0.013104,0.08705,56.85
benchmark_colour_binding--renders,LG_baseline_krea2_seed1337_00001_.png,0.229232,0.00005327,0.00004465,0.00007025,0.00012736,0.00023453,0.020150,0.04666,89.21
benchmark_colour_binding--renders,LG_baseline_krea2_seed42_00001_.png,0.281565,0.00005313,0.00005026,0.00008631,0.00016515,0.00031233,0.031797,0.06529,89.18
benchmark_colour_binding--renders,LG_baseline_krea2_seed777_00001_.png,0.310889,0.00003364,0.00002911,0.00004852,0.00010982,0.00024678,0.028884,0.05919,88.87
benchmark_colour_binding--renders,LG_baseline_seed1337_00001_.png,0.229232,0.00005327,0.00004465,0.00007025,0.00012736,0.00023453,0.020150,0.04666,89.21
benchmark_colour_binding--renders,LG_baseline_seed4242145_00001_.png,0.267872,0.00008054,0.00006261,0.00008728,0.00015903,0.00030158,0.032053,0.06681,88.40
benchmark_colour_binding--renders,LG_baseline_seed42_00001_.png,0.281565,0.00005313,0.00005026,0.00008631,0.00016515,0.00031233,0.031797,0.06529,89.18
benchmark_colour_binding--renders,LG_baseline_seed777_00001_.png,0.310889,0.00003364,0.00002911,0.00004852,0.00010982,0.00024678,0.028884,0.05919,88.87
benchmark_colour_binding--renders,LG_baseline_seed9999_00001_.png,0.238573,0.00006912,0.00005673,0.00008832,0.00016816,0.00032286,0.030759,0.07173,88.13
benchmark_colour_binding--renders,LN_Block_1neg_0.050_krea2_seed1337_00001_.png,0.269838,0.00007266,0.00005977,0.00008595,0.00014970,0.00027581,0.023727,0.04669,36.28
benchmark_colour_binding--renders,LN_Block_1neg_0.050_krea2_seed42_00001_.png,0.313063,0.00011147,0.00009151,0.00012123,0.00020420,0.00038573,0.039188,0.06978,32.48
benchmark_colour_binding--renders,LN_Block_1neg_0.050_krea2_seed777_00001_.png,0.261248,0.00005561,0.00005184,0.00008728,0.00017475,0.00032397,0.029853,0.05584,34.92
benchmark_colour_binding--renders,LN_Block_1neg_0.200_krea2_seed1337_00001_.png,0.319523,0.00011235,0.00010575,0.00013732,0.00020715,0.00036165,0.026121,0.06927,21.65
benchmark_colour_binding--renders,LN_Block_1neg_0.200_krea2_seed42_00001_.png,0.307790,0.00011154,0.00010989,0.00013445,0.00019035,0.00033896,0.033345,0.07726,30.97
benchmark_colour_binding--renders,LN_Block_1neg_0.200_krea2_seed777_00001_.png,0.313983,0.00010158,0.00011699,0.00015693,0.00022164,0.00036330,0.031210,0.08192,29.90
benchmark_colour_binding--renders,LN_Block_1pos_0.050_krea2_seed1337_00001_.png,0.279403,0.00009165,0.00006193,0.00007987,0.00013880,0.00025815,0.022513,0.04796,39.25
benchmark_colour_binding--renders,LN_Block_1pos_0.050_krea2_seed42_00001_.png,0.289032,0.00015544,0.00008440,0.00009566,0.00016802,0.00032820,0.034921,0.05890,81.17
benchmark_colour_binding--renders,LN_Block_1pos_0.050_krea2_seed777_00001_.png,0.277088,0.00007343,0.00005596,0.00008625,0.00017578,0.00033610,0.031499,0.04938,34.81
benchmark_colour_binding--renders,LN_Block_1pos_0.200_krea2_seed1337_00001_.png,0.279542,0.00009643,0.00005001,0.00006286,0.00010752,0.00020152,0.017565,0.05509,48.58
benchmark_colour_binding--renders,LN_Block_1pos_0.200_krea2_seed42_00001_.png,0.271424,0.00017264,0.00005708,0.00005886,0.00010960,0.00021932,0.024461,0.10407,57.72
benchmark_colour_binding--renders,LN_Block_1pos_0.200_krea2_seed777_00001_.png,0.267068,0.00012053,0.00005178,0.00006103,0.00011189,0.00021979,0.020195,0.06891,54.01
benchmark_colour_binding--renders,LN_Block_2neg_0.050_krea2_seed1337_00001_.png,0.289831,0.00013247,0.00007549,0.00008146,0.00013682,0.00025856,0.022232,0.05028,39.83
benchmark_colour_binding--renders,LN_Block_2neg_0.050_krea2_seed42_00001_.png,0.315119,0.00015272,0.00009808,0.00011774,0.00020041,0.00038623,0.039815,0.06820,33.84
benchmark_colour_binding--renders,LN_Block_2neg_0.050_krea2_seed777_00001_.png,0.279601,0.00008800,0.00006321,0.00008818,0.00016722,0.00031164,0.030853,0.05363,32.56
benchmark_colour_binding--renders,LN_Block_2neg_0.200_krea2_seed1337_00001_.png,0.319019,0.00019038,0.00009504,0.00007931,0.00011400,0.00022092,0.019246,0.05055,49.77
benchmark_colour_binding--renders,LN_Block_2neg_0.200_krea2_seed42_00001_.png,0.322367,0.00031005,0.00016179,0.00011213,0.00014508,0.00028297,0.028857,0.07382,78.99
benchmark_colour_binding--renders,LN_Block_2neg_0.200_krea2_seed777_00001_.png,0.323015,0.00016276,0.00008754,0.00009330,0.00014563,0.00027005,0.026070,0.05178,83.67
benchmark_colour_binding--renders,LN_Block_2pos_0.050_krea2_seed1337_00001_.png,0.277850,0.00006435,0.00005445,0.00008274,0.00014773,0.00027487,0.024173,0.04508,34.22
benchmark_colour_binding--renders,LN_Block_2pos_0.050_krea2_seed42_00001_.png,0.308188,0.00013375,0.00008204,0.00009594,0.00016641,0.00032814,0.035666,0.05609,76.06
benchmark_colour_binding--renders,LN_Block_2pos_0.050_krea2_seed777_00001_.png,0.283455,0.00005831,0.00005009,0.00008403,0.00017187,0.00033195,0.032405,0.05470,35.20
benchmark_colour_binding--renders,LN_Block_2pos_0.200_krea2_seed1337_00001_.png,0.322497,0.00011611,0.00009353,0.00012396,0.00022253,0.00041403,0.042853,0.07846,33.41
benchmark_colour_binding--renders,LN_Block_2pos_0.200_krea2_seed42_00001_.png,0.329550,0.00011969,0.00007501,0.00008667,0.00015258,0.00030697,0.038282,0.09443,76.80
benchmark_colour_binding--renders,LN_Block_2pos_0.200_krea2_seed777_00001_.png,0.315327,0.00010106,0.00007758,0.00009851,0.00017178,0.00031896,0.034564,0.06683,82.51
benchmark_colour_binding--renders,LN_Block_3neg_0.050_krea2_seed1337_00001_.png,0.275640,0.00005688,0.00005366,0.00008024,0.00014365,0.00027030,0.023639,0.04060,37.95
benchmark_colour_binding--renders,LN_Block_3neg_0.050_krea2_seed42_00001_.png,0.308316,0.00010442,0.00007512,0.00010086,0.00018027,0.00034970,0.036145,0.05102,80.32
benchmark_colour_binding--renders,LN_Block_3neg_0.050_krea2_seed777_00001_.png,0.282430,0.00006175,0.00005547,0.00008658,0.00016374,0.00031640,0.030530,0.04278,84.13
benchmark_colour_binding--renders,LN_Block_3neg_0.200_krea2_seed1337_00001_.png,0.281380,0.00006193,0.00005271,0.00006655,0.00011389,0.00022536,0.021481,0.03432,85.00
benchmark_colour_binding--renders,LN_Block_3neg_0.200_krea2_seed42_00001_.png,0.309007,0.00013732,0.00010082,0.00009689,0.00014108,0.00027291,0.033076,0.05505,82.28
benchmark_colour_binding--renders,LN_Block_3neg_0.200_krea2_seed777_00001_.png,0.293589,0.00008151,0.00007384,0.00009341,0.00015853,0.00029629,0.030642,0.04481,89.45
benchmark_colour_binding--renders,LN_Block_3pos_0.050_krea2_seed1337_00001_.png,0.299588,0.00014927,0.00007991,0.00008220,0.00013861,0.00026179,0.022272,0.05798,38.10
benchmark_colour_binding--renders,LN_Block_3pos_0.050_krea2_seed42_00001_.png,0.320636,0.00029182,0.00016586,0.00013519,0.00017812,0.00033176,0.036116,0.09592,37.18
benchmark_colour_binding--renders,LN_Block_3pos_0.050_krea2_seed777_00001_.png,0.290724,0.00013313,0.00008946,0.00010543,0.00018023,0.00033094,0.031525,0.05854,32.02
benchmark_colour_binding--renders,LN_Block_3pos_0.200_krea2_seed1337_00001_.png,0.324576,0.00022711,0.00011208,0.00009724,0.00014283,0.00026264,0.021518,0.07007,37.70
benchmark_colour_binding--renders,LN_Block_3pos_0.200_krea2_seed42_00001_.png,0.334841,0.00039329,0.00018359,0.00013838,0.00018184,0.00035507,0.036441,0.12499,36.34
benchmark_colour_binding--renders,LN_Block_3pos_0.200_krea2_seed777_00001_.png,0.310050,0.00027179,0.00012919,0.00011443,0.00016615,0.00031287,0.027991,0.08518,36.37
benchmark_colour_binding--renders,LN_Block_4neg_0.050_krea2_seed1337_00001_.png,0.283103,0.00008378,0.00006378,0.00008813,0.00015276,0.00027278,0.022853,0.04653,35.64
benchmark_colour_binding--renders,LN_Block_4neg_0.050_krea2_seed42_00001_.png,0.314913,0.00021498,0.00012735,0.00011984,0.00018390,0.00034889,0.035571,0.08481,35.63
benchmark_colour_binding--renders,LN_Block_4neg_0.050_krea2_seed777_00001_.png,0.236295,0.00006557,0.00005423,0.00008967,0.00017955,0.00033495,0.029085,0.05216,34.55
benchmark_colour_binding--renders,LN_Block_4neg_0.200_krea2_seed1337_00001_.png,0.310104,0.00017119,0.00006326,0.00006257,0.00010732,0.00019793,0.015080,0.00434,256.96
benchmark_colour_binding--renders,LN_Block_4neg_0.200_krea2_seed42_00001_.png,0.327314,0.00027908,0.00013325,0.00011280,0.00017331,0.00032300,0.033190,0.09879,38.01
benchmark_colour_binding--renders,LN_Block_4neg_0.200_krea2_seed777_00001_.png,0.228769,0.00010751,0.00008779,0.00011219,0.00017880,0.00030873,0.024741,0.03954,79.82
benchmark_colour_binding--renders,LN_Block_4pos_0.050_krea2_seed1337_00001_.png,0.278321,0.00007293,0.00005676,0.00007585,0.00013498,0.00025717,0.023790,0.04675,36.63
benchmark_colour_binding--renders,LN_Block_4pos_0.050_krea2_seed42_00001_.png,0.306350,0.00012238,0.00008361,0.00010111,0.00017413,0.00033713,0.037088,0.05696,85.33
benchmark_colour_binding--renders,LN_Block_4pos_0.050_krea2_seed777_00001_.png,0.281981,0.00007610,0.00006555,0.00009634,0.00018413,0.00034231,0.033081,0.05280,87.10
benchmark_colour_binding--renders,LN_Block_4pos_0.200_krea2_seed1337_00001_.png,0.336818,0.00009352,0.00010238,0.00014449,0.00025029,0.00047472,0.046523,0.09896,92.18
benchmark_colour_binding--renders,LN_Block_4pos_0.200_krea2_seed42_00001_.png,0.334233,0.00008655,0.00009185,0.00013096,0.00022018,0.00040206,0.046129,0.10798,89.19
benchmark_colour_binding--renders,LN_Block_4pos_0.200_krea2_seed777_00001_.png,0.331550,0.00007155,0.00008832,0.00013051,0.00022062,0.00040747,0.040301,0.09079,92.21
benchmark_colour_binding--renders,LN_Block_5neg_0.050_krea2_seed1337_00001_.png,0.301216,0.00010553,0.00007156,0.00008266,0.00013629,0.00025146,0.021639,0.05151,40.29
benchmark_colour_binding--renders,LN_Block_5neg_0.050_krea2_seed42_00001_.png,0.312411,0.00017189,0.00010362,0.00010877,0.00017772,0.00034612,0.037044,0.07062,40.54
benchmark_colour_binding--renders,LN_Block_5neg_0.050_krea2_seed777_00001_.png,0.287284,0.00007633,0.00006124,0.00008992,0.00017305,0.00032316,0.030329,0.05712,33.23
benchmark_colour_binding--renders,LN_Block_5neg_0.200_krea2_seed1337_00001_.png,0.277515,0.00016772,0.00008457,0.00007605,0.00012046,0.00024234,0.021622,0.06177,42.88
benchmark_colour_binding--renders,LN_Block_5neg_0.200_krea2_seed42_00001_.png,0.288024,0.00024494,0.00012802,0.00009478,0.00013113,0.00026785,0.031800,0.12718,76.67
benchmark_colour_binding--renders,LN_Block_5neg_0.200_krea2_seed777_00001_.png,0.253620,0.00018541,0.00010050,0.00008745,0.00012764,0.00025135,0.025161,0.08630,77.61
benchmark_colour_binding--renders,LN_Block_5pos_0.050_krea2_seed1337_00001_.png,0.243641,0.00006657,0.00005343,0.00008018,0.00014883,0.00027855,0.024145,0.04579,37.40
benchmark_colour_binding--renders,LN_Block_5pos_0.050_krea2_seed42_00001_.png,0.276035,0.00009958,0.00007885,0.00011190,0.00020112,0.00038893,0.038338,0.05737,80.21
benchmark_colour_binding--renders,LN_Block_5pos_0.050_krea2_seed777_00001_.png,0.214302,0.00005205,0.00004984,0.00008774,0.00017586,0.00032744,0.030123,0.05585,37.81
benchmark_colour_binding--renders,LN_Block_5pos_0.200_krea2_seed1337_00001_.png,0.201335,0.00007737,0.00007795,0.00010741,0.00018631,0.00035417,0.027331,0.05844,49.47
benchmark_colour_binding--renders,LN_Block_5pos_0.200_krea2_seed42_00001_.png,0.215748,0.00008014,0.00008153,0.00012258,0.00023148,0.00044708,0.041260,0.08453,73.52
benchmark_colour_binding--renders,LN_Block_5pos_0.200_krea2_seed777_00001_.png,0.202225,0.00006067,0.00006572,0.00010544,0.00020194,0.00038552,0.033164,0.06812,50.54
benchmark_colour_binding--renders,LN_Block_6neg_0.050_krea2_seed1337_00001_.png,0.298770,0.00008789,0.00005856,0.00008105,0.00015023,0.00028588,0.025210,0.05416,40.98
benchmark_colour_binding--renders,LN_Block_6neg_0.050_krea2_seed42_00001_.png,0.141418,0.00013604,0.00008432,0.00010550,0.00018768,0.00036875,0.039988,0.06545,79.48
benchmark_colour_binding--renders,LN_Block_6neg_0.050_krea2_seed777_00001_.png,0.188049,0.00006380,0.00005034,0.00008610,0.00017833,0.00034299,0.033225,0.05660,36.09
benchmark_colour_binding--renders,LN_Block_6neg_0.200_krea2_seed1337_00001_.png,0.329555,0.00007609,0.00004720,0.00005799,0.00010977,0.00023017,0.022422,0.06605,52.26
benchmark_colour_binding--renders,LN_Block_6neg_0.200_krea2_seed42_00001_.png,0.332570,0.00010709,0.00006666,0.00007346,0.00013204,0.00028856,0.035623,0.11495,81.12
benchmark_colour_binding--renders,LN_Block_6neg_0.200_krea2_seed777_00001_.png,0.332247,0.00004576,0.00004112,0.00006781,0.00013964,0.00029341,0.031863,0.07625,67.12
benchmark_colour_binding--renders,LN_Block_6pos_0.050_krea2_seed1337_00001_.png,0.277546,0.00007120,0.00006356,0.00008580,0.00013860,0.00024441,0.020615,0.04434,36.60
benchmark_colour_binding--renders,LN_Block_6pos_0.050_krea2_seed42_00001_.png,0.289684,0.00011122,0.00009099,0.00011688,0.00018658,0.00034112,0.033097,0.06212,32.64
benchmark_colour_binding--renders,LN_Block_6pos_0.050_krea2_seed777_00001_.png,0.284434,0.00006511,0.00006181,0.00008786,0.00015843,0.00028202,0.025703,0.05401,34.74
benchmark_colour_binding--renders,LN_Block_6pos_0.200_krea2_seed1337_00001_.png,0.552043,0.00016880,0.00026855,0.00040062,0.00029217,0.00017400,0.012253,0.07856,30.19
benchmark_colour_binding--renders,LN_Block_6pos_0.200_krea2_seed42_00001_.png,0.544833,0.00023056,0.00033469,0.00050249,0.00030079,0.00021211,0.017531,0.09144,35.19
benchmark_colour_binding--renders,LN_Block_6pos_0.200_krea2_seed777_00001_.png,0.456601,0.00028028,0.00036052,0.00042190,0.00025118,0.00016395,0.014786,0.09431,36.83
benchmark_colour_binding--renders,LN_baseline_krea2_seed1337_00001_.png,0.287060,0.00007900,0.00005871,0.00007996,0.00014160,0.00026328,0.023061,0.04671,38.29
benchmark_colour_binding--renders,LN_baseline_krea2_seed42_00001_.png,0.309877,0.00010174,0.00007631,0.00010775,0.00019731,0.00038662,0.038969,0.06126,34.72
benchmark_colour_binding--renders,LN_baseline_krea2_seed777_00001_.png,0.271031,0.00006382,0.00005502,0.00009045,0.00018108,0.00033916,0.031242,0.05291,33.44
benchmark_colour_binding--renders,LN_baseline_seed1337_00001_.png,0.287060,0.00007900,0.00005871,0.00007996,0.00014160,0.00026328,0.023061,0.04671,38.29
benchmark_colour_binding--renders,LN_baseline_seed4242145_00001_.png,0.299053,0.00018244,0.00009702,0.00009884,0.00017217,0.00034567,0.037728,0.07805,34.20
benchmark_colour_binding--renders,LN_baseline_seed42_00001_.png,0.309877,0.00010174,0.00007631,0.00010775,0.00019731,0.00038662,0.038969,0.06126,34.72
benchmark_colour_binding--renders,LN_baseline_seed777_00001_.png,0.271031,0.00006382,0.00005502,0.00009045,0.00018108,0.00033916,0.031242,0.05291,33.44
benchmark_colour_binding--renders,LN_baseline_seed9999_00001_.png,0.296070,0.00014998,0.00007900,0.00008471,0.00014895,0.00028570,0.027060,0.05515,36.75
benchmark_colour_binding--renders,LP_Block_1neg_0.050_krea2_seed1337_00001_.png,0.277959,0.00016308,0.00008956,0.00010316,0.00019317,0.00038059,0.042871,0.06030,302.11
benchmark_colour_binding--renders,LP_Block_1neg_0.050_krea2_seed42_00001_.png,0.304056,0.00014126,0.00008206,0.00010307,0.00019361,0.00038067,0.040965,0.05317,314.65
benchmark_colour_binding--renders,LP_Block_1neg_0.050_krea2_seed777_00001_.png,0.284242,0.00015050,0.00008416,0.00009987,0.00017874,0.00034023,0.036484,0.04812,307.27
benchmark_colour_binding--renders,LP_Block_1neg_0.200_krea2_seed1337_00001_.png,0.321401,0.00016534,0.00013349,0.00015667,0.00023878,0.00043205,0.046237,0.07014,318.58
benchmark_colour_binding--renders,LP_Block_1neg_0.200_krea2_seed42_00001_.png,0.307728,0.00012775,0.00009727,0.00011636,0.00018642,0.00033085,0.034235,0.05960,315.69
benchmark_colour_binding--renders,LP_Block_1neg_0.200_krea2_seed777_00001_.png,0.309201,0.00010756,0.00009575,0.00011949,0.00018613,0.00032220,0.029816,0.05905,289.27
benchmark_colour_binding--renders,LP_Block_1pos_0.050_krea2_seed1337_00001_.png,0.304553,0.00027154,0.00010765,0.00010159,0.00018305,0.00036518,0.043075,0.07911,311.74
benchmark_colour_binding--renders,LP_Block_1pos_0.050_krea2_seed42_00001_.png,0.298760,0.00015496,0.00007021,0.00008856,0.00017438,0.00035128,0.039663,0.05949,309.35
benchmark_colour_binding--renders,LP_Block_1pos_0.050_krea2_seed777_00001_.png,0.293369,0.00024700,0.00010480,0.00009827,0.00016680,0.00032995,0.039945,0.07102,308.32
benchmark_colour_binding--renders,LP_Block_1pos_0.200_krea2_seed1337_00001_.png,0.282314,0.00033013,0.00011497,0.00011329,0.00018804,0.00036379,0.045693,0.11011,303.53
benchmark_colour_binding--renders,LP_Block_1pos_0.200_krea2_seed42_00001_.png,0.286820,0.00017705,0.00006697,0.00008143,0.00015504,0.00031413,0.036669,0.07252,306.33
benchmark_colour_binding--renders,LP_Block_1pos_0.200_krea2_seed777_00001_.png,0.293600,0.00030656,0.00011296,0.00008987,0.00014243,0.00028985,0.041046,0.09900,295.19
benchmark_colour_binding--renders,LP_Block_2neg_0.050_krea2_seed1337_00001_.png,0.326724,0.00029624,0.00012871,0.00011131,0.00018991,0.00037784,0.043465,0.07319,314.77
benchmark_colour_binding--renders,LP_Block_2neg_0.050_krea2_seed42_00001_.png,0.315086,0.00019906,0.00009470,0.00010627,0.00019066,0.00037053,0.039317,0.05769,310.36
benchmark_colour_binding--renders,LP_Block_2neg_0.050_krea2_seed777_00001_.png,0.304997,0.00020158,0.00009018,0.00008945,0.00015554,0.00030839,0.035341,0.05449,309.85
benchmark_colour_binding--renders,LP_Block_2neg_0.200_krea2_seed1337_00001_.png,0.329321,0.00036172,0.00014679,0.00011411,0.00018887,0.00037754,0.045421,0.07441,313.18
benchmark_colour_binding--renders,LP_Block_2neg_0.200_krea2_seed42_00001_.png,0.310899,0.00021952,0.00009006,0.00009331,0.00017547,0.00033604,0.029941,0.04714,307.18
benchmark_colour_binding--renders,LP_Block_2neg_0.200_krea2_seed777_00001_.png,0.322413,0.00026243,0.00011161,0.00010143,0.00015882,0.00029904,0.034339,0.05361,306.60
benchmark_colour_binding--renders,LP_Block_2pos_0.050_krea2_seed1337_00001_.png,0.288512,0.00019065,0.00008805,0.00009900,0.00019042,0.00037865,0.043279,0.06536,307.39
benchmark_colour_binding--renders,LP_Block_2pos_0.050_krea2_seed42_00001_.png,0.310725,0.00014203,0.00007662,0.00009612,0.00018490,0.00036242,0.040525,0.05703,313.82
benchmark_colour_binding--renders,LP_Block_2pos_0.050_krea2_seed777_00001_.png,0.313399,0.00025452,0.00011785,0.00011232,0.00019189,0.00036842,0.045141,0.06867,307.23
benchmark_colour_binding--renders,LP_Block_2pos_0.200_krea2_seed1337_00001_.png,0.312593,0.00017610,0.00008159,0.00008685,0.00017034,0.00034348,0.041807,0.07078,306.95
benchmark_colour_binding--renders,LP_Block_2pos_0.200_krea2_seed42_00001_.png,0.325166,0.00015901,0.00007668,0.00008917,0.00016495,0.00033027,0.039664,0.06533,308.43
benchmark_colour_binding--renders,LP_Block_2pos_0.200_krea2_seed777_00001_.png,0.343360,0.00025873,0.00011465,0.00010826,0.00019653,0.00037220,0.045070,0.07955,302.67
benchmark_colour_binding--renders,LP_Block_3neg_0.050_krea2_seed1337_00001_.png,0.283814,0.00015161,0.00007744,0.00009094,0.00018169,0.00036394,0.043167,0.06230,296.91
benchmark_colour_binding--renders,LP_Block_3neg_0.050_krea2_seed42_00001_.png,0.297941,0.00014017,0.00007123,0.00008847,0.00016764,0.00032295,0.037772,0.05127,304.53
benchmark_colour_binding--renders,LP_Block_3neg_0.050_krea2_seed777_00001_.png,0.298293,0.00022448,0.00011082,0.00010593,0.00018929,0.00036338,0.044692,0.06542,295.82
benchmark_colour_binding--renders,LP_Block_3neg_0.200_krea2_seed1337_00001_.png,0.332910,0.00012931,0.00007976,0.00009139,0.00017376,0.00034622,0.047437,0.07616,288.29
benchmark_colour_binding--renders,LP_Block_3neg_0.200_krea2_seed42_00001_.png,0.301525,0.00010600,0.00006851,0.00008053,0.00014447,0.00028795,0.034983,0.05047,298.18
benchmark_colour_binding--renders,LP_Block_3neg_0.200_krea2_seed777_00001_.png,0.309555,0.00014835,0.00009734,0.00010064,0.00016725,0.00032421,0.044487,0.06786,288.17
benchmark_colour_binding--renders,LP_Block_3pos_0.050_krea2_seed1337_00001_.png,0.342327,0.00027754,0.00012599,0.00012021,0.00020352,0.00040746,0.046039,0.08240,315.92
benchmark_colour_binding--renders,LP_Block_3pos_0.050_krea2_seed42_00001_.png,0.326784,0.00015922,0.00007817,0.00010031,0.00020092,0.00040172,0.043245,0.06634,313.49
benchmark_colour_binding--renders,LP_Block_3pos_0.050_krea2_seed777_00001_.png,0.323091,0.00019141,0.00008960,0.00010146,0.00017840,0.00035158,0.038149,0.06305,311.87
benchmark_colour_binding--renders,LP_Block_3pos_0.200_krea2_seed1337_00001_.png,0.340381,0.00038972,0.00019210,0.00018833,0.00027468,0.00050929,0.052482,0.10565,313.19
benchmark_colour_binding--renders,LP_Block_3pos_0.200_krea2_seed42_00001_.png,0.339093,0.00028016,0.00013700,0.00015412,0.00024709,0.00048706,0.047154,0.08949,313.12
benchmark_colour_binding--renders,LP_Block_3pos_0.200_krea2_seed777_00001_.png,0.319906,0.00027247,0.00013710,0.00014078,0.00021003,0.00041347,0.040018,0.07297,305.46
benchmark_colour_binding--renders,LP_Block_4neg_0.050_krea2_seed1337_00001_.png,0.329234,0.00027184,0.00012071,0.00010838,0.00018441,0.00036754,0.043338,0.07600,312.83
benchmark_colour_binding--renders,LP_Block_4neg_0.050_krea2_seed42_00001_.png,0.322187,0.00016340,0.00007817,0.00009320,0.00017969,0.00035581,0.039561,0.05761,310.81
benchmark_colour_binding--renders,LP_Block_4neg_0.050_krea2_seed777_00001_.png,0.319404,0.00018997,0.00009799,0.00010414,0.00017501,0.00033014,0.036784,0.05602,307.97
benchmark_colour_binding--renders,LP_Block_4neg_0.200_krea2_seed1337_00001_.png,0.336341,0.00032487,0.00013799,0.00010612,0.00017126,0.00034289,0.039070,0.07217,307.26
benchmark_colour_binding--renders,LP_Block_4neg_0.200_krea2_seed42_00001_.png,0.334872,0.00023970,0.00010081,0.00009599,0.00015698,0.00031026,0.034909,0.05465,307.23
benchmark_colour_binding--renders,LP_Block_4neg_0.200_krea2_seed777_00001_.png,0.325600,0.00030600,0.00012206,0.00010281,0.00016059,0.00030475,0.038086,0.06692,302.48
benchmark_colour_binding--renders,LP_Block_4pos_0.050_krea2_seed1337_00001_.png,0.291525,0.00016396,0.00008405,0.00009761,0.00019034,0.00038238,0.044351,0.06397,300.14
benchmark_colour_binding--renders,LP_Block_4pos_0.050_krea2_seed42_00001_.png,0.299022,0.00014015,0.00007402,0.00009176,0.00017572,0.00034681,0.039973,0.05552,309.61
benchmark_colour_binding--renders,LP_Block_4pos_0.050_krea2_seed777_00001_.png,0.294183,0.00013590,0.00008204,0.00010583,0.00018954,0.00036008,0.040645,0.05451,302.84
benchmark_colour_binding--renders,LP_Block_4pos_0.200_krea2_seed1337_00001_.png,0.318544,0.00006893,0.00008115,0.00014488,0.00027747,0.00049906,0.052726,0.07683,302.77
benchmark_colour_binding--renders,LP_Block_4pos_0.200_krea2_seed42_00001_.png,0.325193,0.00007520,0.00006750,0.00011110,0.00021212,0.00038944,0.042745,0.06714,310.93
benchmark_colour_binding--renders,LP_Block_4pos_0.200_krea2_seed777_00001_.png,0.332380,0.00007549,0.00008832,0.00014364,0.00026382,0.00047222,0.051129,0.07089,300.38
benchmark_colour_binding--renders,LP_Block_5neg_0.050_krea2_seed1337_00001_.png,0.324292,0.00026797,0.00012029,0.00010961,0.00018892,0.00038398,0.045398,0.08247,314.01
benchmark_colour_binding--renders,LP_Block_5neg_0.050_krea2_seed42_00001_.png,0.316462,0.00017626,0.00008094,0.00009348,0.00017774,0.00035894,0.040326,0.06397,312.67
benchmark_colour_binding--renders,LP_Block_5neg_0.050_krea2_seed777_00001_.png,0.314594,0.00023130,0.00010837,0.00010434,0.00018146,0.00035195,0.039604,0.06986,310.93
benchmark_colour_binding--renders,LP_Block_5neg_0.200_krea2_seed1337_00001_.png,0.330878,0.00060413,0.00030308,0.00020936,0.00023514,0.00043167,0.054915,0.13490,297.72
benchmark_colour_binding--renders,LP_Block_5neg_0.200_krea2_seed42_00001_.png,0.286739,0.00030137,0.00013713,0.00011833,0.00019604,0.00040609,0.045378,0.09332,311.25
benchmark_colour_binding--renders,LP_Block_5neg_0.200_krea2_seed777_00001_.png,0.296624,0.00045858,0.00019411,0.00013687,0.00018404,0.00036744,0.050212,0.11228,299.01
benchmark_colour_binding--renders,LP_Block_5pos_0.050_krea2_seed1337_00001_.png,0.256795,0.00016855,0.00008316,0.00009726,0.00019117,0.00038330,0.042527,0.05983,301.80
benchmark_colour_binding--renders,LP_Block_5pos_0.050_krea2_seed42_00001_.png,0.285421,0.00014088,0.00007724,0.00009716,0.00018196,0.00035512,0.038868,0.04943,309.53
benchmark_colour_binding--renders,LP_Block_5pos_0.050_krea2_seed777_00001_.png,0.282112,0.00015896,0.00008733,0.00009975,0.00018265,0.00035125,0.038428,0.05190,303.93
benchmark_colour_binding--renders,LP_Block_5pos_0.200_krea2_seed1337_00001_.png,0.228523,0.00012570,0.00010228,0.00013231,0.00023700,0.00045841,0.048732,0.06307,282.64
benchmark_colour_binding--renders,LP_Block_5pos_0.200_krea2_seed42_00001_.png,0.220357,0.00008100,0.00006999,0.00009938,0.00020296,0.00041652,0.043869,0.05281,296.65
benchmark_colour_binding--renders,LP_Block_5pos_0.200_krea2_seed777_00001_.png,0.220219,0.00009736,0.00009310,0.00013432,0.00024533,0.00045775,0.048852,0.06992,273.83
benchmark_colour_binding--renders,LP_Block_6neg_0.050_krea2_seed1337_00001_.png,0.198625,0.00021513,0.00008734,0.00010077,0.00019794,0.00041280,0.049870,0.08221,311.12
benchmark_colour_binding--renders,LP_Block_6neg_0.050_krea2_seed42_00001_.png,0.285135,0.00013730,0.00006462,0.00009679,0.00019868,0.00040714,0.046505,0.06612,307.75
benchmark_colour_binding--renders,LP_Block_6neg_0.050_krea2_seed777_00001_.png,0.216283,0.00017082,0.00008044,0.00010005,0.00019805,0.00040158,0.045844,0.06533,302.78
benchmark_colour_binding--renders,LP_Block_6neg_0.200_krea2_seed1337_00001_.png,0.327649,0.00011705,0.00007898,0.00010247,0.00021396,0.00049005,0.064600,0.14244,303.46
benchmark_colour_binding--renders,LP_Block_6neg_0.200_krea2_seed42_00001_.png,0.331026,0.00004710,0.00005075,0.00010578,0.00024707,0.00054421,0.063478,0.11494,301.66
benchmark_colour_binding--renders,LP_Block_6neg_0.200_krea2_seed777_00001_.png,0.330896,0.00012386,0.00008554,0.00010457,0.00020831,0.00047219,0.066555,0.14187,290.66
benchmark_colour_binding--renders,LP_Block_6pos_0.050_krea2_seed1337_00001_.png,0.299469,0.00018734,0.00010258,0.00010115,0.00017088,0.00032526,0.034725,0.06000,309.92
benchmark_colour_binding--renders,LP_Block_6pos_0.050_krea2_seed42_00001_.png,0.287721,0.00015487,0.00009105,0.00009955,0.00016663,0.00030594,0.033591,0.05001,317.44
benchmark_colour_binding--renders,LP_Block_6pos_0.050_krea2_seed777_00001_.png,0.286662,0.00017617,0.00010668,0.00010955,0.00016832,0.00029478,0.031360,0.05018,313.42
benchmark_colour_binding--renders,LP_Block_6pos_0.200_krea2_seed1337_00001_.png,0.461637,0.00020520,0.00033553,0.00048041,0.00026028,0.00021056,0.021320,0.08224,335.25
benchmark_colour_binding--renders,LP_Block_6pos_0.200_krea2_seed42_00001_.png,0.499642,0.00019679,0.00028861,0.00046913,0.00024734,0.00019518,0.020091,0.07259,342.43
benchmark_colour_binding--renders,LP_Block_6pos_0.200_krea2_seed777_00001_.png,0.439319,0.00023308,0.00033040,0.00038736,0.00023124,0.00018061,0.020310,0.07974,321.93
benchmark_colour_binding--renders,LP_baseline_krea2_seed1337_00001_.png,0.303775,0.00023138,0.00010688,0.00010420,0.00019220,0.00038027,0.042700,0.06734,313.12
benchmark_colour_binding--renders,LP_baseline_krea2_seed42_00001_.png,0.309765,0.00015266,0.00007510,0.00009411,0.00018014,0.00035701,0.039781,0.05523,310.69
benchmark_colour_binding--renders,LP_baseline_krea2_seed42_00002_.png,0.309765,0.00015266,0.00007510,0.00009411,0.00018014,0.00035701,0.039781,0.05523,310.69
benchmark_colour_binding--renders,LP_baseline_krea2_seed777_00001_.png,0.306484,0.00016919,0.00008872,0.00010538,0.00018458,0.00034953,0.039052,0.05618,307.92
benchmark_colour_binding--renders,LP_baseline_krea2_seed777_00002_.png,0.306484,0.00016919,0.00008872,0.00010538,0.00018458,0.00034953,0.039052,0.05618,307.92
benchmark_colour_binding--renders,LP_baseline_seed1337_00001_.png,0.303775,0.00023138,0.00010688,0.00010420,0.00019220,0.00038027,0.042700,0.06734,313.12
benchmark_colour_binding--renders,LP_baseline_seed4242145_00001_.png,0.268313,0.00014390,0.00007025,0.00008448,0.00015299,0.00029551,0.028264,0.04059,310.02
benchmark_colour_binding--renders,LP_baseline_seed42_00001_.png,0.309765,0.00015266,0.00007510,0.00009411,0.00018014,0.00035701,0.039781,0.05523,310.69
benchmark_colour_binding--renders,LP_baseline_seed777_00001_.png,0.306484,0.00016919,0.00008872,0.00010538,0.00018458,0.00034953,0.039052,0.05618,307.92
benchmark_colour_binding--renders,LP_baseline_seed9999_00001_.png,0.307056,0.00013198,0.00007799,0.00010140,0.00017685,0.00032943,0.032720,0.04322,298.10
benchmark_atlas_phase1--renders,S1_photo_Arthemy_Atlas_clip_only_draw1_seed1337_00001_.png,0.568396,0.00052225,0.00062252,0.00084246,0.00105750,0.00133942,0.047016,0.35803,72.61
benchmark_atlas_phase1--renders,S1_photo_Arthemy_Atlas_clip_only_draw1_seed42_00001_.png,0.551353,0.00061695,0.00066436,0.00084735,0.00106612,0.00130322,0.040047,0.36099,65.61
benchmark_atlas_phase1--renders,S1_photo_Arthemy_Atlas_clip_only_draw1_seed777_00001_.png,0.534536,0.00079915,0.00064624,0.00076965,0.00095915,0.00120800,0.043402,0.35113,71.72
benchmark_atlas_phase1--renders,S1_photo_Arthemy_Atlas_clip_only_draw2_seed1337_00001_.png,0.546942,0.00060343,0.00065143,0.00079251,0.00094838,0.00115692,0.041808,0.34316,71.20
benchmark_atlas_phase1--renders,S1_photo_Arthemy_Atlas_clip_only_draw2_seed42_00001_.png,0.547979,0.00077325,0.00070910,0.00090838,0.00111963,0.00143347,0.044903,0.37656,68.30
benchmark_atlas_phase1--renders,S1_photo_Arthemy_Atlas_clip_only_draw2_seed777_00001_.png,0.536430,0.00091453,0.00073079,0.00086855,0.00107811,0.00134319,0.046938,0.33789,73.19
benchmark_atlas_phase1--renders,S1_photo_Arthemy_Atlas_early_attn_draw1_seed1337_00001_.png,0.550417,0.00066031,0.00068036,0.00084267,0.00105214,0.00132563,0.047057,0.35101,75.76
benchmark_atlas_phase1--renders,S1_photo_Arthemy_Atlas_early_attn_draw1_seed42_00001_.png,0.540740,0.00083804,0.00070759,0.00086481,0.00109191,0.00145017,0.043656,0.35551,71.80
benchmark_atlas_phase1--renders,S1_photo_Arthemy_Atlas_early_attn_draw1_seed777_00001_.png,0.506161,0.00098985,0.00071819,0.00075423,0.00089005,0.00111163,0.042140,0.31088,70.30
benchmark_atlas_phase1--renders,S1_photo_Arthemy_Atlas_early_attn_draw2_seed1337_00001_.png,0.661465,0.00069127,0.00101860,0.00182216,0.00223020,0.00199246,0.053122,0.59191,113.60
benchmark_atlas_phase1--renders,S1_photo_Arthemy_Atlas_early_attn_draw2_seed42_00001_.png,0.663660,0.00076840,0.00106025,0.00192485,0.00253961,0.00229354,0.055155,0.57442,104.99
benchmark_atlas_phase1--renders,S1_photo_Arthemy_Atlas_early_attn_draw2_seed777_00001_.png,0.664016,0.00064870,0.00101844,0.00186533,0.00256795,0.00258215,0.058427,0.55551,113.77
benchmark_atlas_phase1--renders,S1_photo_Arthemy_Atlas_early_mid_attn_draw1_seed1337_00001_.png,0.567824,0.00065148,0.00073240,0.00092081,0.00120407,0.00145145,0.048836,0.36244,77.03
benchmark_atlas_phase1--renders,S1_photo_Arthemy_Atlas_early_mid_attn_draw1_seed42_00001_.png,0.540662,0.00077522,0.00071088,0.00084575,0.00104435,0.00129393,0.044809,0.37188,71.51
benchmark_atlas_phase1--renders,S1_photo_Arthemy_Atlas_early_mid_attn_draw1_seed777_00001_.png,0.531613,0.00089394,0.00078645,0.00089858,0.00100858,0.00123963,0.045093,0.35020,80.54
benchmark_atlas_phase1--renders,S1_photo_Arthemy_Atlas_early_mid_attn_draw2_seed1337_00001_.png,0.507742,0.00093240,0.00071882,0.00078862,0.00096931,0.00115884,0.048167,0.35750,72.05
benchmark_atlas_phase1--renders,S1_photo_Arthemy_Atlas_early_mid_attn_draw2_seed42_00001_.png,0.498259,0.00092409,0.00068518,0.00070181,0.00086198,0.00107799,0.039315,0.35820,66.56
benchmark_atlas_phase1--renders,S1_photo_Arthemy_Atlas_early_mid_attn_draw2_seed777_00001_.png,0.490827,0.00106730,0.00070472,0.00071869,0.00089498,0.00118060,0.046783,0.33968,67.38
benchmark_atlas_phase1--renders,S1_photo_Arthemy_Atlas_early_mid_mlp_draw1_seed1337_00001_.png,0.523844,0.00060880,0.00061853,0.00071982,0.00085833,0.00105247,0.042550,0.35249,71.24
benchmark_atlas_phase1--renders,S1_photo_Arthemy_Atlas_early_mid_mlp_draw1_seed42_00001_.png,0.530615,0.00078792,0.00068395,0.00083497,0.00105965,0.00145922,0.046575,0.36847,68.95
benchmark_atlas_phase1--renders,S1_photo_Arthemy_Atlas_early_mid_mlp_draw1_seed777_00001_.png,0.494643,0.00103819,0.00070328,0.00075359,0.00093184,0.00118537,0.046673,0.32295,70.10
benchmark_atlas_phase1--renders,S1_photo_Arthemy_Atlas_early_mid_mlp_draw2_seed1337_00001_.png,0.558689,0.00063524,0.00072252,0.00089614,0.00114846,0.00136493,0.048779,0.33492,76.33
benchmark_atlas_phase1--renders,S1_photo_Arthemy_Atlas_early_mid_mlp_draw2_seed42_00001_.png,0.556717,0.00082587,0.00074517,0.00097660,0.00121990,0.00159417,0.047355,0.36980,75.17
benchmark_atlas_phase1--renders,S1_photo_Arthemy_Atlas_early_mid_mlp_draw2_seed777_00001_.png,0.516628,0.00092055,0.00077237,0.00088395,0.00103920,0.00137606,0.049822,0.31607,83.97
benchmark_atlas_phase1--renders,S1_photo_Arthemy_Atlas_early_mlp_draw1_seed1337_00001_.png,0.493377,0.00069833,0.00048789,0.00059980,0.00084558,0.00128159,0.047453,0.35700,78.03
benchmark_atlas_phase1--renders,S1_photo_Arthemy_Atlas_early_mlp_draw1_seed42_00001_.png,0.455678,0.00077800,0.00045146,0.00054517,0.00077319,0.00117754,0.042613,0.38420,76.91
benchmark_atlas_phase1--renders,S1_photo_Arthemy_Atlas_early_mlp_draw1_seed777_00001_.png,0.457295,0.00092232,0.00056901,0.00065295,0.00084874,0.00126235,0.044806,0.31524,77.14
benchmark_atlas_phase1--renders,S1_photo_Arthemy_Atlas_early_mlp_draw2_seed1337_00001_.png,0.555692,0.00067017,0.00063312,0.00078785,0.00106586,0.00145944,0.050628,0.36772,82.48
benchmark_atlas_phase1--renders,S1_photo_Arthemy_Atlas_early_mlp_draw2_seed42_00001_.png,0.535634,0.00085812,0.00065660,0.00085853,0.00115671,0.00153814,0.048570,0.38995,75.36
benchmark_atlas_phase1--renders,S1_photo_Arthemy_Atlas_early_mlp_draw2_seed777_00001_.png,0.525138,0.00110800,0.00073003,0.00085833,0.00114230,0.00146921,0.051623,0.34295,82.91
benchmark_atlas_phase1--renders,S1_photo_Arthemy_Atlas_late_attn_draw1_seed1337_00001_.png,0.548486,0.00089201,0.00100185,0.00114924,0.00135737,0.00162221,0.059840,0.38068,70.39
benchmark_atlas_phase1--renders,S1_photo_Arthemy_Atlas_late_attn_draw1_seed42_00001_.png,0.542195,0.00096739,0.00095013,0.00109336,0.00134229,0.00174646,0.053809,0.39259,68.40
benchmark_atlas_phase1--renders,S1_photo_Arthemy_Atlas_late_attn_draw1_seed777_00001_.png,0.519218,0.00121194,0.00111708,0.00116680,0.00130560,0.00171532,0.057575,0.37110,71.63
benchmark_atlas_phase1--renders,S1_photo_Arthemy_Atlas_late_attn_draw2_seed1337_00001_.png,0.496878,0.00076778,0.00048859,0.00054628,0.00071360,0.00101346,0.042300,0.36627,68.56
benchmark_atlas_phase1--renders,S1_photo_Arthemy_Atlas_late_attn_draw2_seed42_00001_.png,0.481311,0.00096933,0.00053787,0.00056603,0.00072968,0.00101418,0.038902,0.34734,64.30
benchmark_atlas_phase1--renders,S1_photo_Arthemy_Atlas_late_attn_draw2_seed777_00001_.png,0.464161,0.00127605,0.00060670,0.00059597,0.00070415,0.00095581,0.039725,0.31752,69.58
benchmark_atlas_phase1--renders,S1_photo_Arthemy_Atlas_late_mid_attn_draw1_seed1337_00001_.png,0.547849,0.00065296,0.00067312,0.00081168,0.00100334,0.00121143,0.049871,0.34931,77.46
benchmark_atlas_phase1--renders,S1_photo_Arthemy_Atlas_late_mid_attn_draw1_seed42_00001_.png,0.557769,0.00076684,0.00072963,0.00089669,0.00113366,0.00151776,0.048050,0.37093,74.78
benchmark_atlas_phase1--renders,S1_photo_Arthemy_Atlas_late_mid_attn_draw1_seed777_00001_.png,0.536525,0.00098770,0.00079388,0.00086326,0.00103307,0.00137898,0.048739,0.33472,79.38
benchmark_atlas_phase1--renders,S1_photo_Arthemy_Atlas_late_mid_attn_draw2_seed1337_00001_.png,0.550950,0.00061830,0.00063821,0.00077896,0.00098703,0.00127338,0.051749,0.35719,78.71
benchmark_atlas_phase1--renders,S1_photo_Arthemy_Atlas_late_mid_attn_draw2_seed42_00001_.png,0.538729,0.00075911,0.00065459,0.00076460,0.00094565,0.00128505,0.045474,0.34964,75.27
benchmark_atlas_phase1--renders,S1_photo_Arthemy_Atlas_late_mid_attn_draw2_seed777_00001_.png,0.505133,0.00095856,0.00066543,0.00075641,0.00099121,0.00126933,0.046901,0.33208,84.89
benchmark_atlas_phase1--renders,S1_photo_Arthemy_Atlas_late_mid_mlp_draw1_seed1337_00001_.png,0.531627,0.00056305,0.00062859,0.00074362,0.00091419,0.00109818,0.043075,0.37344,72.92
benchmark_atlas_phase1--renders,S1_photo_Arthemy_Atlas_late_mid_mlp_draw1_seed42_00001_.png,0.527237,0.00070462,0.00065090,0.00076744,0.00096416,0.00120898,0.040581,0.37990,69.85
benchmark_atlas_phase1--renders,S1_photo_Arthemy_Atlas_late_mid_mlp_draw1_seed777_00001_.png,0.510848,0.00092239,0.00071923,0.00077609,0.00097081,0.00129475,0.043459,0.35083,74.60
benchmark_atlas_phase1--renders,S1_photo_Arthemy_Atlas_late_mid_mlp_draw2_seed1337_00001_.png,0.553606,0.00059173,0.00072440,0.00084126,0.00098686,0.00119921,0.045909,0.35026,81.05
benchmark_atlas_phase1--renders,S1_photo_Arthemy_Atlas_late_mid_mlp_draw2_seed42_00001_.png,0.548266,0.00070986,0.00076786,0.00087527,0.00108187,0.00143758,0.046484,0.36012,70.37
benchmark_atlas_phase1--renders,S1_photo_Arthemy_Atlas_late_mid_mlp_draw2_seed777_00001_.png,0.515482,0.00079246,0.00080437,0.00090220,0.00101775,0.00123476,0.045826,0.33072,81.09
benchmark_atlas_phase1--renders,S1_photo_Arthemy_Atlas_late_mlp_draw1_seed1337_00001_.png,0.477372,0.00054716,0.00043312,0.00054407,0.00082413,0.00109699,0.044316,0.40893,73.32
benchmark_atlas_phase1--renders,S1_photo_Arthemy_Atlas_late_mlp_draw1_seed42_00001_.png,0.465411,0.00083829,0.00047490,0.00056498,0.00085309,0.00127254,0.042989,0.42469,71.05
benchmark_atlas_phase1--renders,S1_photo_Arthemy_Atlas_late_mlp_draw1_seed777_00001_.png,0.439614,0.00112547,0.00055446,0.00056178,0.00075273,0.00109652,0.045586,0.38245,73.99
benchmark_atlas_phase1--renders,S1_photo_Arthemy_Atlas_late_mlp_draw2_seed1337_00001_.png,0.611555,0.00126820,0.00231070,0.00255069,0.00165083,0.00118036,0.045199,0.30538,63.41
benchmark_atlas_phase1--renders,S1_photo_Arthemy_Atlas_late_mlp_draw2_seed42_00001_.png,0.604276,0.00128757,0.00238334,0.00266129,0.00175047,0.00131857,0.044684,0.31654,57.53
benchmark_atlas_phase1--renders,S1_photo_Arthemy_Atlas_late_mlp_draw2_seed777_00001_.png,0.599680,0.00147147,0.00233259,0.00230671,0.00152156,0.00124551,0.043739,0.29915,60.64
benchmark_atlas_phase1--renders,S1_photo_Arthemy_Atlas_model_only_draw1_seed1337_00001_.png,0.466149,0.00093344,0.00047617,0.00053085,0.00073494,0.00111082,0.047272,0.40704,84.09
benchmark_atlas_phase1--renders,S1_photo_Arthemy_Atlas_model_only_draw1_seed42_00001_.png,0.462253,0.00113708,0.00048416,0.00053548,0.00072141,0.00110838,0.044382,0.43244,83.73
benchmark_atlas_phase1--renders,S1_photo_Arthemy_Atlas_model_only_draw1_seed777_00001_.png,0.434647,0.00125216,0.00047975,0.00051383,0.00073431,0.00114323,0.045664,0.37078,80.48
benchmark_atlas_phase1--renders,S1_photo_Arthemy_Atlas_model_only_draw2_seed1337_00001_.png,0.458478,0.00226991,0.00066182,0.00063751,0.00096869,0.00148324,0.055794,0.48973,88.79
benchmark_atlas_phase1--renders,S1_photo_Arthemy_Atlas_model_only_draw2_seed42_00001_.png,0.427247,0.00269662,0.00075302,0.00076058,0.00110682,0.00175324,0.065652,0.49534,97.75
benchmark_atlas_phase1--renders,S1_photo_Arthemy_Atlas_model_only_draw2_seed777_00001_.png,0.433132,0.00279017,0.00087300,0.00080326,0.00107102,0.00162260,0.065178,0.47139,98.97
benchmark_atlas_phase1--renders,S1_photo_Arthemy_Atlas_modulation_norm_draw1_seed1337_00001_.png,0.556046,0.00062110,0.00071274,0.00087630,0.00106889,0.00130799,0.046712,0.34647,74.56
benchmark_atlas_phase1--renders,S1_photo_Arthemy_Atlas_modulation_norm_draw1_seed42_00001_.png,0.544232,0.00081582,0.00072177,0.00087883,0.00109955,0.00143018,0.044533,0.36945,72.10
benchmark_atlas_phase1--renders,S1_photo_Arthemy_Atlas_modulation_norm_draw1_seed777_00001_.png,0.531676,0.00098132,0.00077051,0.00085908,0.00102593,0.00132176,0.044822,0.32825,76.72
benchmark_atlas_phase1--renders,S1_photo_Arthemy_Atlas_modulation_norm_draw2_seed1337_00001_.png,0.556046,0.00062110,0.00071274,0.00087630,0.00106889,0.00130799,0.046712,0.34647,74.56
benchmark_atlas_phase1--renders,S1_photo_Arthemy_Atlas_modulation_norm_draw2_seed42_00001_.png,0.544232,0.00081582,0.00072177,0.00087883,0.00109955,0.00143018,0.044533,0.36945,72.10
benchmark_atlas_phase1--renders,S1_photo_Arthemy_Atlas_modulation_norm_draw2_seed777_00001_.png,0.531676,0.00098132,0.00077051,0.00085908,0.00102593,0.00132176,0.044822,0.32825,76.72
benchmark_atlas_phase1--renders,S1_photo_Arthemy_Atlas_txtfusion_draw1_seed1337_00001_.png,0.558758,0.00055179,0.00065436,0.00083901,0.00101689,0.00121842,0.043306,0.36613,71.93
benchmark_atlas_phase1--renders,S1_photo_Arthemy_Atlas_txtfusion_draw1_seed42_00001_.png,0.543855,0.00062543,0.00067899,0.00084497,0.00098874,0.00123276,0.039810,0.36267,68.56
benchmark_atlas_phase1--renders,S1_photo_Arthemy_Atlas_txtfusion_draw1_seed777_00001_.png,0.535630,0.00093039,0.00076480,0.00090195,0.00103759,0.00130246,0.046628,0.35296,72.76
benchmark_atlas_phase1--renders,S1_photo_Arthemy_Atlas_txtfusion_draw2_seed1337_00001_.png,0.526045,0.00077235,0.00061796,0.00077036,0.00095204,0.00122530,0.048978,0.37930,83.76
benchmark_atlas_phase1--renders,S1_photo_Arthemy_Atlas_txtfusion_draw2_seed42_00001_.png,0.499047,0.00086902,0.00064721,0.00073070,0.00089721,0.00112811,0.045746,0.38462,78.66
benchmark_atlas_phase1--renders,S1_photo_Arthemy_Atlas_txtfusion_draw2_seed777_00001_.png,0.497155,0.00101803,0.00071299,0.00074041,0.00089106,0.00111924,0.047372,0.35754,82.69
benchmark_atlas_phase1--renders,S1_photo_Arthemy_Atlas_uniform_all_draw1_seed1337_00001_.png,0.481943,0.00080539,0.00050071,0.00060529,0.00086459,0.00120674,0.046760,0.40032,81.70
benchmark_atlas_phase1--renders,S1_photo_Arthemy_Atlas_uniform_all_draw1_seed42_00001_.png,0.476960,0.00106887,0.00054058,0.00062281,0.00087088,0.00126061,0.044960,0.41710,78.06
benchmark_atlas_phase1--renders,S1_photo_Arthemy_Atlas_uniform_all_draw1_seed777_00001_.png,0.455176,0.00104521,0.00048659,0.00051956,0.00071637,0.00110344,0.043146,0.36740,78.28
benchmark_atlas_phase1--renders,S1_photo_Arthemy_Atlas_uniform_all_draw2_seed1337_00001_.png,0.455466,0.00209502,0.00067014,0.00063592,0.00091537,0.00132358,0.056146,0.48222,90.29
benchmark_atlas_phase1--renders,S1_photo_Arthemy_Atlas_uniform_all_draw2_seed42_00001_.png,0.431397,0.00259403,0.00074492,0.00075443,0.00107243,0.00170870,0.063202,0.49810,98.31
benchmark_atlas_phase1--renders,S1_photo_Arthemy_Atlas_uniform_all_draw2_seed777_00001_.png,0.436823,0.00259523,0.00081829,0.00080164,0.00113520,0.00170332,0.064414,0.45730,95.74
benchmark_atlas_phase1--renders,S1_photo_baseline_seed1337_00001_.png,0.556046,0.00062110,0.00071274,0.00087630,0.00106889,0.00130799,0.046712,0.34647,74.56
benchmark_atlas_phase1--renders,S1_photo_baseline_seed42_00001_.png,0.544232,0.00081582,0.00072177,0.00087883,0.00109955,0.00143018,0.044533,0.36945,72.10
benchmark_atlas_phase1--renders,S1_photo_baseline_seed777_00001_.png,0.531676,0.00098132,0.00077051,0.00085908,0.00102593,0.00132176,0.044822,0.32825,76.72
benchmark_atlas_phase1--renders,S2_watercolor_Arthemy_Atlas_clip_only_draw1_seed1337_00001_.png,0.557286,0.00064013,0.00103811,0.00157268,0.00177036,0.00193061,0.057640,0.25505,77.60
benchmark_atlas_phase1--renders,S2_watercolor_Arthemy_Atlas_clip_only_draw1_seed42_00001_.png,0.532731,0.00090103,0.00105393,0.00139594,0.00160144,0.00186785,0.056248,0.24518,67.71
benchmark_atlas_phase1--renders,S2_watercolor_Arthemy_Atlas_clip_only_draw1_seed777_00001_.png,0.537434,0.00081141,0.00105196,0.00136860,0.00151247,0.00191500,0.057370,0.25117,72.15
benchmark_atlas_phase1--renders,S2_watercolor_Arthemy_Atlas_clip_only_draw2_seed1337_00001_.png,0.559843,0.00070426,0.00108121,0.00154428,0.00164079,0.00188841,0.058768,0.24729,76.22
benchmark_atlas_phase1--renders,S2_watercolor_Arthemy_Atlas_clip_only_draw2_seed42_00001_.png,0.504862,0.00091057,0.00101539,0.00129493,0.00140540,0.00165107,0.053144,0.24101,69.68
benchmark_atlas_phase1--renders,S2_watercolor_Arthemy_Atlas_clip_only_draw2_seed777_00001_.png,0.532618,0.00083658,0.00102049,0.00136172,0.00150281,0.00178332,0.053673,0.24381,72.89
benchmark_atlas_phase1--renders,S2_watercolor_Arthemy_Atlas_early_attn_draw1_seed1337_00001_.png,0.547317,0.00056709,0.00097891,0.00148710,0.00166429,0.00183756,0.056027,0.23693,73.58
benchmark_atlas_phase1--renders,S2_watercolor_Arthemy_Atlas_early_attn_draw1_seed42_00001_.png,0.517251,0.00066052,0.00095200,0.00132290,0.00145662,0.00163997,0.054849,0.23601,70.03
benchmark_atlas_phase1--renders,S2_watercolor_Arthemy_Atlas_early_attn_draw1_seed777_00001_.png,0.532200,0.00072698,0.00102376,0.00138585,0.00150508,0.00172031,0.053525,0.22959,72.21
benchmark_atlas_phase1--renders,S2_watercolor_Arthemy_Atlas_early_attn_draw2_seed1337_00001_.png,0.697033,0.00088280,0.00116194,0.00209142,0.00270021,0.00206821,0.055471,0.42617,126.49
benchmark_atlas_phase1--renders,S2_watercolor_Arthemy_Atlas_early_attn_draw2_seed42_00001_.png,0.684269,0.00111038,0.00119303,0.00173137,0.00223995,0.00168172,0.048006,0.41790,121.32
benchmark_atlas_phase1--renders,S2_watercolor_Arthemy_Atlas_early_attn_draw2_seed777_00001_.png,0.663422,0.00092581,0.00118936,0.00192712,0.00258283,0.00248713,0.062862,0.41673,138.75
benchmark_atlas_phase1--renders,S2_watercolor_Arthemy_Atlas_early_mid_attn_draw1_seed1337_00001_.png,0.544709,0.00069634,0.00110802,0.00163188,0.00181417,0.00201765,0.060258,0.25983,79.06
benchmark_atlas_phase1--renders,S2_watercolor_Arthemy_Atlas_early_mid_attn_draw1_seed42_00001_.png,0.540760,0.00085834,0.00114967,0.00154687,0.00163118,0.00191503,0.057481,0.25719,72.88
benchmark_atlas_phase1--renders,S2_watercolor_Arthemy_Atlas_early_mid_attn_draw1_seed777_00001_.png,0.536217,0.00079951,0.00118672,0.00168367,0.00185727,0.00214743,0.060790,0.26057,74.57
benchmark_atlas_phase1--renders,S2_watercolor_Arthemy_Atlas_early_mid_attn_draw2_seed1337_00001_.png,0.531860,0.00068125,0.00101968,0.00146996,0.00165596,0.00196793,0.058291,0.23656,85.79
benchmark_atlas_phase1--renders,S2_watercolor_Arthemy_Atlas_early_mid_attn_draw2_seed42_00001_.png,0.514759,0.00101716,0.00098517,0.00121029,0.00136968,0.00169938,0.052124,0.23397,71.36
benchmark_atlas_phase1--renders,S2_watercolor_Arthemy_Atlas_early_mid_attn_draw2_seed777_00001_.png,0.532212,0.00084332,0.00105521,0.00146326,0.00167494,0.00194121,0.054673,0.22608,74.82
benchmark_atlas_phase1--renders,S2_watercolor_Arthemy_Atlas_early_mid_mlp_draw1_seed1337_00001_.png,0.552673,0.00072627,0.00106917,0.00151107,0.00168295,0.00201472,0.056811,0.22844,75.20
benchmark_atlas_phase1--renders,S2_watercolor_Arthemy_Atlas_early_mid_mlp_draw1_seed42_00001_.png,0.507340,0.00091988,0.00092103,0.00113584,0.00132881,0.00170200,0.053713,0.23128,69.68
benchmark_atlas_phase1--renders,S2_watercolor_Arthemy_Atlas_early_mid_mlp_draw1_seed777_00001_.png,0.526609,0.00087564,0.00100301,0.00122144,0.00133267,0.00165005,0.053396,0.23353,71.45
benchmark_atlas_phase1--renders,S2_watercolor_Arthemy_Atlas_early_mid_mlp_draw2_seed1337_00001_.png,0.529917,0.00073914,0.00116941,0.00169805,0.00181838,0.00211051,0.061332,0.26766,77.46
benchmark_atlas_phase1--renders,S2_watercolor_Arthemy_Atlas_early_mid_mlp_draw2_seed42_00001_.png,0.511343,0.00082877,0.00112826,0.00159265,0.00173269,0.00204204,0.058973,0.25807,73.58
benchmark_atlas_phase1--renders,S2_watercolor_Arthemy_Atlas_early_mid_mlp_draw2_seed777_00001_.png,0.511503,0.00086365,0.00115407,0.00157243,0.00168663,0.00196869,0.058637,0.25746,74.94
benchmark_atlas_phase1--renders,S2_watercolor_Arthemy_Atlas_early_mlp_draw1_seed1337_00001_.png,0.473678,0.00031958,0.00054532,0.00096581,0.00132988,0.00184520,0.059883,0.24704,78.96
benchmark_atlas_phase1--renders,S2_watercolor_Arthemy_Atlas_early_mlp_draw1_seed42_00001_.png,0.445513,0.00047065,0.00056515,0.00086126,0.00111668,0.00154157,0.054500,0.26319,76.11
benchmark_atlas_phase1--renders,S2_watercolor_Arthemy_Atlas_early_mlp_draw1_seed777_00001_.png,0.468759,0.00045467,0.00062738,0.00099826,0.00133104,0.00177526,0.057006,0.25476,77.88
benchmark_atlas_phase1--renders,S2_watercolor_Arthemy_Atlas_early_mlp_draw2_seed1337_00001_.png,0.549457,0.00059425,0.00097063,0.00146576,0.00164843,0.00209577,0.065227,0.26191,81.16
benchmark_atlas_phase1--renders,S2_watercolor_Arthemy_Atlas_early_mlp_draw2_seed42_00001_.png,0.520083,0.00083386,0.00094518,0.00127139,0.00151862,0.00203031,0.059674,0.25705,75.16
benchmark_atlas_phase1--renders,S2_watercolor_Arthemy_Atlas_early_mlp_draw2_seed777_00001_.png,0.516631,0.00072858,0.00095281,0.00136257,0.00160610,0.00210045,0.059806,0.25973,79.19
benchmark_atlas_phase1--renders,S2_watercolor_Arthemy_Atlas_late_attn_draw1_seed1337_00001_.png,0.554442,0.00079309,0.00106214,0.00151327,0.00175878,0.00218482,0.063566,0.28605,74.06
benchmark_atlas_phase1--renders,S2_watercolor_Arthemy_Atlas_late_attn_draw1_seed42_00001_.png,0.517735,0.00094576,0.00100916,0.00133265,0.00160521,0.00199995,0.060716,0.28041,69.80
benchmark_atlas_phase1--renders,S2_watercolor_Arthemy_Atlas_late_attn_draw1_seed777_00001_.png,0.519671,0.00080932,0.00099992,0.00132958,0.00160898,0.00214380,0.060474,0.27543,74.46
benchmark_atlas_phase1--renders,S2_watercolor_Arthemy_Atlas_late_attn_draw2_seed1337_00001_.png,0.485995,0.00049504,0.00063648,0.00086123,0.00107003,0.00151686,0.051228,0.21119,75.87
benchmark_atlas_phase1--renders,S2_watercolor_Arthemy_Atlas_late_attn_draw2_seed42_00001_.png,0.462815,0.00064184,0.00064009,0.00078943,0.00093829,0.00143569,0.051222,0.21834,72.97
benchmark_atlas_phase1--renders,S2_watercolor_Arthemy_Atlas_late_attn_draw2_seed777_00001_.png,0.460132,0.00061632,0.00062028,0.00077596,0.00101790,0.00155516,0.050189,0.21698,74.16
benchmark_atlas_phase1--renders,S2_watercolor_Arthemy_Atlas_late_mid_attn_draw1_seed1337_00001_.png,0.543271,0.00070261,0.00108398,0.00153782,0.00175519,0.00205696,0.060519,0.24180,79.83
benchmark_atlas_phase1--renders,S2_watercolor_Arthemy_Atlas_late_mid_attn_draw1_seed42_00001_.png,0.524446,0.00084511,0.00103273,0.00137949,0.00156552,0.00194047,0.057058,0.24581,72.07
benchmark_atlas_phase1--renders,S2_watercolor_Arthemy_Atlas_late_mid_attn_draw1_seed777_00001_.png,0.515134,0.00087386,0.00113748,0.00153959,0.00169247,0.00206003,0.058771,0.24927,73.46
benchmark_atlas_phase1--renders,S2_watercolor_Arthemy_Atlas_late_mid_attn_draw2_seed1337_00001_.png,0.547491,0.00078046,0.00116527,0.00158770,0.00167965,0.00196387,0.056901,0.23817,74.94
benchmark_atlas_phase1--renders,S2_watercolor_Arthemy_Atlas_late_mid_attn_draw2_seed42_00001_.png,0.536340,0.00089838,0.00111951,0.00156344,0.00165582,0.00189535,0.055813,0.24282,68.81
benchmark_atlas_phase1--renders,S2_watercolor_Arthemy_Atlas_late_mid_attn_draw2_seed777_00001_.png,0.530028,0.00088099,0.00111173,0.00148903,0.00162610,0.00195665,0.058393,0.24257,74.42
benchmark_atlas_phase1--renders,S2_watercolor_Arthemy_Atlas_late_mid_mlp_draw1_seed1337_00001_.png,0.502458,0.00073906,0.00085729,0.00117811,0.00137629,0.00175584,0.053600,0.24689,76.93
benchmark_atlas_phase1--renders,S2_watercolor_Arthemy_Atlas_late_mid_mlp_draw1_seed42_00001_.png,0.498282,0.00078079,0.00087720,0.00114183,0.00136314,0.00167071,0.053862,0.25188,76.17
benchmark_atlas_phase1--renders,S2_watercolor_Arthemy_Atlas_late_mid_mlp_draw1_seed777_00001_.png,0.488264,0.00079409,0.00086570,0.00112716,0.00135851,0.00180530,0.053803,0.25674,76.25
benchmark_atlas_phase1--renders,S2_watercolor_Arthemy_Atlas_late_mid_mlp_draw2_seed1337_00001_.png,0.529076,0.00058066,0.00092885,0.00129692,0.00141608,0.00173619,0.052685,0.23955,75.87
benchmark_atlas_phase1--renders,S2_watercolor_Arthemy_Atlas_late_mid_mlp_draw2_seed42_00001_.png,0.472698,0.00078237,0.00094439,0.00113469,0.00112933,0.00140859,0.050731,0.25424,68.12
benchmark_atlas_phase1--renders,S2_watercolor_Arthemy_Atlas_late_mid_mlp_draw2_seed777_00001_.png,0.507045,0.00080463,0.00100255,0.00130267,0.00139140,0.00163983,0.052357,0.25089,72.63
benchmark_atlas_phase1--renders,S2_watercolor_Arthemy_Atlas_late_mlp_draw1_seed1337_00001_.png,0.479421,0.00031982,0.00051849,0.00083777,0.00118728,0.00178151,0.062122,0.25514,82.99
benchmark_atlas_phase1--renders,S2_watercolor_Arthemy_Atlas_late_mlp_draw1_seed42_00001_.png,0.440701,0.00043388,0.00049428,0.00069251,0.00097460,0.00147550,0.057330,0.25416,76.32
benchmark_atlas_phase1--renders,S2_watercolor_Arthemy_Atlas_late_mlp_draw1_seed777_00001_.png,0.439011,0.00042634,0.00052577,0.00076374,0.00107980,0.00165843,0.057938,0.25667,77.22
benchmark_atlas_phase1--renders,S2_watercolor_Arthemy_Atlas_late_mlp_draw2_seed1337_00001_.png,0.632554,0.00195762,0.00264273,0.00347447,0.00259032,0.00182230,0.056122,0.25396,64.43
benchmark_atlas_phase1--renders,S2_watercolor_Arthemy_Atlas_late_mlp_draw2_seed42_00001_.png,0.620376,0.00215621,0.00277274,0.00338293,0.00232656,0.00162426,0.053478,0.24929,58.99
benchmark_atlas_phase1--renders,S2_watercolor_Arthemy_Atlas_late_mlp_draw2_seed777_00001_.png,0.614279,0.00199929,0.00269803,0.00325774,0.00230939,0.00167234,0.052870,0.24209,63.13
benchmark_atlas_phase1--renders,S2_watercolor_Arthemy_Atlas_model_only_draw1_seed1337_00001_.png,0.470495,0.00055558,0.00065245,0.00096826,0.00129132,0.00181032,0.061912,0.28073,84.03
benchmark_atlas_phase1--renders,S2_watercolor_Arthemy_Atlas_model_only_draw1_seed42_00001_.png,0.459886,0.00065728,0.00061763,0.00083839,0.00112840,0.00164493,0.058927,0.27120,79.24
benchmark_atlas_phase1--renders,S2_watercolor_Arthemy_Atlas_model_only_draw1_seed777_00001_.png,0.451170,0.00066249,0.00061696,0.00080908,0.00107768,0.00157877,0.057534,0.27531,86.62
benchmark_atlas_phase1--renders,S2_watercolor_Arthemy_Atlas_model_only_draw2_seed1337_00001_.png,0.429813,0.00069958,0.00064744,0.00090409,0.00124209,0.00204724,0.072580,0.30356,94.37
benchmark_atlas_phase1--renders,S2_watercolor_Arthemy_Atlas_model_only_draw2_seed42_00001_.png,0.417864,0.00076941,0.00065295,0.00085859,0.00110821,0.00192844,0.071048,0.29004,89.67
benchmark_atlas_phase1--renders,S2_watercolor_Arthemy_Atlas_model_only_draw2_seed777_00001_.png,0.431766,0.00082948,0.00066968,0.00094781,0.00123858,0.00201439,0.069848,0.29075,95.74
benchmark_atlas_phase1--renders,S2_watercolor_Arthemy_Atlas_modulation_norm_draw1_seed1337_00001_.png,0.537520,0.00065891,0.00101519,0.00154642,0.00176560,0.00196517,0.058886,0.25135,81.10
benchmark_atlas_phase1--renders,S2_watercolor_Arthemy_Atlas_modulation_norm_draw1_seed42_00001_.png,0.522321,0.00082668,0.00099886,0.00136831,0.00148732,0.00174714,0.054972,0.24482,71.63
benchmark_atlas_phase1--renders,S2_watercolor_Arthemy_Atlas_modulation_norm_draw1_seed777_00001_.png,0.526492,0.00074788,0.00103994,0.00146711,0.00161822,0.00189922,0.055667,0.24188,75.20
benchmark_atlas_phase1--renders,S2_watercolor_Arthemy_Atlas_modulation_norm_draw2_seed1337_00001_.png,0.537520,0.00065891,0.00101519,0.00154642,0.00176560,0.00196517,0.058886,0.25135,81.10
benchmark_atlas_phase1--renders,S2_watercolor_Arthemy_Atlas_modulation_norm_draw2_seed42_00001_.png,0.522321,0.00082668,0.00099886,0.00136831,0.00148732,0.00174714,0.054972,0.24482,71.63
benchmark_atlas_phase1--renders,S2_watercolor_Arthemy_Atlas_modulation_norm_draw2_seed777_00001_.png,0.526492,0.00074788,0.00103994,0.00146711,0.00161822,0.00189922,0.055667,0.24188,75.20
benchmark_atlas_phase1--renders,S2_watercolor_Arthemy_Atlas_txtfusion_draw1_seed1337_00001_.png,0.541570,0.00064831,0.00107142,0.00155552,0.00165991,0.00194053,0.058598,0.23975,82.89
benchmark_atlas_phase1--renders,S2_watercolor_Arthemy_Atlas_txtfusion_draw1_seed42_00001_.png,0.526711,0.00085311,0.00104781,0.00134029,0.00144190,0.00176579,0.054968,0.24133,71.62
benchmark_atlas_phase1--renders,S2_watercolor_Arthemy_Atlas_txtfusion_draw1_seed777_00001_.png,0.546315,0.00083992,0.00117786,0.00158992,0.00167449,0.00189028,0.056229,0.23489,74.62
benchmark_atlas_phase1--renders,S2_watercolor_Arthemy_Atlas_txtfusion_draw2_seed1337_00001_.png,0.563115,0.00067242,0.00104850,0.00151958,0.00171334,0.00197665,0.059775,0.27464,82.41
benchmark_atlas_phase1--renders,S2_watercolor_Arthemy_Atlas_txtfusion_draw2_seed42_00001_.png,0.536537,0.00082581,0.00108020,0.00142074,0.00145777,0.00168100,0.051878,0.26163,70.76
benchmark_atlas_phase1--renders,S2_watercolor_Arthemy_Atlas_txtfusion_draw2_seed777_00001_.png,0.545475,0.00077914,0.00117221,0.00161431,0.00173512,0.00201567,0.058309,0.26242,82.53
benchmark_atlas_phase1--renders,S2_watercolor_Arthemy_Atlas_uniform_all_draw1_seed1337_00001_.png,0.478226,0.00054813,0.00069749,0.00105326,0.00142203,0.00185981,0.060538,0.27602,81.83
benchmark_atlas_phase1--renders,S2_watercolor_Arthemy_Atlas_uniform_all_draw1_seed42_00001_.png,0.470696,0.00064975,0.00061207,0.00086239,0.00118358,0.00169622,0.057359,0.27339,77.62
benchmark_atlas_phase1--renders,S2_watercolor_Arthemy_Atlas_uniform_all_draw1_seed777_00001_.png,0.455877,0.00066214,0.00060943,0.00081036,0.00109062,0.00157360,0.055663,0.26905,82.17
benchmark_atlas_phase1--renders,S2_watercolor_Arthemy_Atlas_uniform_all_draw2_seed1337_00001_.png,0.427075,0.00069555,0.00065997,0.00093295,0.00127329,0.00205138,0.071974,0.30628,91.88
benchmark_atlas_phase1--renders,S2_watercolor_Arthemy_Atlas_uniform_all_draw2_seed42_00001_.png,0.418586,0.00071096,0.00060152,0.00082421,0.00105893,0.00185472,0.071910,0.29433,88.99
benchmark_atlas_phase1--renders,S2_watercolor_Arthemy_Atlas_uniform_all_draw2_seed777_00001_.png,0.443243,0.00081345,0.00067893,0.00097460,0.00128204,0.00208285,0.069280,0.29212,93.98
benchmark_atlas_phase1--renders,S2_watercolor_baseline_seed1337_00001_.png,0.537520,0.00065891,0.00101519,0.00154642,0.00176560,0.00196517,0.058886,0.25135,81.10
benchmark_atlas_phase1--renders,S2_watercolor_baseline_seed42_00001_.png,0.522321,0.00082668,0.00099886,0.00136831,0.00148732,0.00174714,0.054972,0.24482,71.63
benchmark_atlas_phase1--renders,S2_watercolor_baseline_seed777_00001_.png,0.526492,0.00074788,0.00103994,0.00146711,0.00161822,0.00189922,0.055667,0.24188,75.20
benchmark_atlas_phase1--renders,S3_lowpoly_Arthemy_Atlas_clip_only_draw1_seed1337_00001_.png,0.635586,0.00044891,0.00072845,0.00115072,0.00155382,0.00187790,0.055655,0.48465,103.29
benchmark_atlas_phase1--renders,S3_lowpoly_Arthemy_Atlas_clip_only_draw1_seed42_00001_.png,0.648213,0.00044712,0.00067099,0.00111654,0.00155024,0.00203866,0.044765,0.47007,82.28
benchmark_atlas_phase1--renders,S3_lowpoly_Arthemy_Atlas_clip_only_draw1_seed777_00001_.png,0.624841,0.00053129,0.00076662,0.00127235,0.00175241,0.00207572,0.051949,0.42757,96.99
benchmark_atlas_phase1--renders,S3_lowpoly_Arthemy_Atlas_clip_only_draw2_seed1337_00001_.png,0.651000,0.00051662,0.00083103,0.00128466,0.00160149,0.00193455,0.052052,0.47929,105.81
benchmark_atlas_phase1--renders,S3_lowpoly_Arthemy_Atlas_clip_only_draw2_seed42_00001_.png,0.672222,0.00055213,0.00088615,0.00139300,0.00174352,0.00206113,0.046487,0.45408,76.28
benchmark_atlas_phase1--renders,S3_lowpoly_Arthemy_Atlas_clip_only_draw2_seed777_00001_.png,0.665847,0.00053391,0.00085582,0.00140310,0.00184550,0.00231661,0.053093,0.49043,98.15
benchmark_atlas_phase1--renders,S3_lowpoly_Arthemy_Atlas_early_attn_draw1_seed1337_00001_.png,0.639590,0.00047934,0.00082351,0.00130591,0.00165929,0.00199273,0.054255,0.47777,92.41
benchmark_atlas_phase1--renders,S3_lowpoly_Arthemy_Atlas_early_attn_draw1_seed42_00001_.png,0.651275,0.00047500,0.00075526,0.00120167,0.00161900,0.00199699,0.050164,0.44267,84.62
benchmark_atlas_phase1--renders,S3_lowpoly_Arthemy_Atlas_early_attn_draw1_seed777_00001_.png,0.638920,0.00048206,0.00079641,0.00134851,0.00186628,0.00228654,0.051768,0.47331,94.00
benchmark_atlas_phase1--renders,S3_lowpoly_Arthemy_Atlas_early_attn_draw2_seed1337_00001_.png,0.605043,0.00028541,0.00048463,0.00103156,0.00213607,0.00361017,0.064085,0.72815,87.24
benchmark_atlas_phase1--renders,S3_lowpoly_Arthemy_Atlas_early_attn_draw2_seed42_00001_.png,0.618474,0.00030417,0.00049778,0.00105787,0.00209472,0.00308405,0.051891,0.75488,87.72
benchmark_atlas_phase1--renders,S3_lowpoly_Arthemy_Atlas_early_attn_draw2_seed777_00001_.png,0.581882,0.00040326,0.00050401,0.00094251,0.00176301,0.00290234,0.050434,0.71709,97.71
benchmark_atlas_phase1--renders,S3_lowpoly_Arthemy_Atlas_early_mid_attn_draw1_seed1337_00001_.png,0.650453,0.00050766,0.00080463,0.00127370,0.00169478,0.00217697,0.054170,0.50598,96.22
benchmark_atlas_phase1--renders,S3_lowpoly_Arthemy_Atlas_early_mid_attn_draw1_seed42_00001_.png,0.651709,0.00039430,0.00070145,0.00123744,0.00173615,0.00220943,0.050045,0.49144,102.25
benchmark_atlas_phase1--renders,S3_lowpoly_Arthemy_Atlas_early_mid_attn_draw1_seed777_00001_.png,0.658332,0.00042362,0.00066330,0.00117833,0.00180274,0.00224486,0.050789,0.48363,100.77
benchmark_atlas_phase1--renders,S3_lowpoly_Arthemy_Atlas_early_mid_attn_draw2_seed1337_00001_.png,0.661981,0.00050706,0.00086012,0.00153789,0.00212814,0.00237538,0.060434,0.48768,87.01
benchmark_atlas_phase1--renders,S3_lowpoly_Arthemy_Atlas_early_mid_attn_draw2_seed42_00001_.png,0.671380,0.00056933,0.00083105,0.00134376,0.00180594,0.00215639,0.048744,0.46581,71.73
benchmark_atlas_phase1--renders,S3_lowpoly_Arthemy_Atlas_early_mid_attn_draw2_seed777_00001_.png,0.649564,0.00055113,0.00073964,0.00124430,0.00173274,0.00207917,0.048040,0.40897,82.41
benchmark_atlas_phase1--renders,S3_lowpoly_Arthemy_Atlas_early_mid_mlp_draw1_seed1337_00001_.png,0.666215,0.00041801,0.00079979,0.00140064,0.00191804,0.00240637,0.058312,0.52030,95.72
benchmark_atlas_phase1--renders,S3_lowpoly_Arthemy_Atlas_early_mid_mlp_draw1_seed42_00001_.png,0.654843,0.00045090,0.00070447,0.00121442,0.00173588,0.00222364,0.048057,0.50588,92.34
benchmark_atlas_phase1--renders,S3_lowpoly_Arthemy_Atlas_early_mid_mlp_draw1_seed777_00001_.png,0.664935,0.00056417,0.00074578,0.00125448,0.00182482,0.00228580,0.051965,0.43796,93.21
benchmark_atlas_phase1--renders,S3_lowpoly_Arthemy_Atlas_early_mid_mlp_draw2_seed1337_00001_.png,0.630361,0.00056910,0.00086233,0.00131631,0.00178566,0.00233740,0.055312,0.45003,92.01
benchmark_atlas_phase1--renders,S3_lowpoly_Arthemy_Atlas_early_mid_mlp_draw2_seed42_00001_.png,0.644189,0.00043544,0.00068653,0.00112694,0.00154410,0.00195526,0.044488,0.46593,83.16
benchmark_atlas_phase1--renders,S3_lowpoly_Arthemy_Atlas_early_mid_mlp_draw2_seed777_00001_.png,0.619617,0.00046935,0.00068686,0.00113459,0.00164717,0.00210394,0.049193,0.42646,79.52
benchmark_atlas_phase1--renders,S3_lowpoly_Arthemy_Atlas_early_mlp_draw1_seed1337_00001_.png,0.647418,0.00032889,0.00062827,0.00115886,0.00169401,0.00208304,0.058943,0.51835,105.08
benchmark_atlas_phase1--renders,S3_lowpoly_Arthemy_Atlas_early_mlp_draw1_seed42_00001_.png,0.615639,0.00033253,0.00058814,0.00106678,0.00164866,0.00204928,0.050536,0.52604,96.88
benchmark_atlas_phase1--renders,S3_lowpoly_Arthemy_Atlas_early_mlp_draw1_seed777_00001_.png,0.626373,0.00030507,0.00053222,0.00095483,0.00142028,0.00188119,0.048859,0.48497,108.72
benchmark_atlas_phase1--renders,S3_lowpoly_Arthemy_Atlas_early_mlp_draw2_seed1337_00001_.png,0.672672,0.00036386,0.00063472,0.00119096,0.00187942,0.00241097,0.057464,0.55756,103.82
benchmark_atlas_phase1--renders,S3_lowpoly_Arthemy_Atlas_early_mlp_draw2_seed42_00001_.png,0.634886,0.00034544,0.00060357,0.00112298,0.00179015,0.00237115,0.051358,0.53270,98.01
benchmark_atlas_phase1--renders,S3_lowpoly_Arthemy_Atlas_early_mlp_draw2_seed777_00001_.png,0.636547,0.00036582,0.00063529,0.00121238,0.00184142,0.00239598,0.054081,0.48768,102.26
benchmark_atlas_phase1--renders,S3_lowpoly_Arthemy_Atlas_late_attn_draw1_seed1337_00001_.png,0.653138,0.00054510,0.00083038,0.00139029,0.00189209,0.00249638,0.067692,0.55160,84.81
benchmark_atlas_phase1--renders,S3_lowpoly_Arthemy_Atlas_late_attn_draw1_seed42_00001_.png,0.655833,0.00043522,0.00070483,0.00124558,0.00184019,0.00250175,0.055479,0.55957,82.03
benchmark_atlas_phase1--renders,S3_lowpoly_Arthemy_Atlas_late_attn_draw1_seed777_00001_.png,0.664226,0.00047561,0.00074539,0.00129155,0.00190121,0.00254460,0.059680,0.52086,88.28
benchmark_atlas_phase1--renders,S3_lowpoly_Arthemy_Atlas_late_attn_draw2_seed1337_00001_.png,0.628754,0.00032668,0.00049968,0.00078479,0.00108320,0.00156576,0.045604,0.44271,97.95
benchmark_atlas_phase1--renders,S3_lowpoly_Arthemy_Atlas_late_attn_draw2_seed42_00001_.png,0.617908,0.00031847,0.00048144,0.00083106,0.00125256,0.00164816,0.037678,0.40264,92.90
benchmark_atlas_phase1--renders,S3_lowpoly_Arthemy_Atlas_late_attn_draw2_seed777_00001_.png,0.633599,0.00036714,0.00048543,0.00086174,0.00134624,0.00178366,0.042695,0.37264,102.90
benchmark_atlas_phase1--renders,S3_lowpoly_Arthemy_Atlas_late_mid_attn_draw1_seed1337_00001_.png,0.643364,0.00058134,0.00087041,0.00132156,0.00172001,0.00219582,0.057971,0.50592,97.94
benchmark_atlas_phase1--renders,S3_lowpoly_Arthemy_Atlas_late_mid_attn_draw1_seed42_00001_.png,0.654660,0.00056670,0.00077997,0.00116338,0.00157924,0.00194075,0.049144,0.51008,92.82
benchmark_atlas_phase1--renders,S3_lowpoly_Arthemy_Atlas_late_mid_attn_draw1_seed777_00001_.png,0.652025,0.00043642,0.00068785,0.00117721,0.00168565,0.00206663,0.048978,0.47814,105.77
benchmark_atlas_phase1--renders,S3_lowpoly_Arthemy_Atlas_late_mid_attn_draw2_seed1337_00001_.png,0.628613,0.00062330,0.00087614,0.00141099,0.00186045,0.00215560,0.058497,0.50178,97.88
benchmark_atlas_phase1--renders,S3_lowpoly_Arthemy_Atlas_late_mid_attn_draw2_seed42_00001_.png,0.638134,0.00048097,0.00066632,0.00106188,0.00154974,0.00200790,0.046205,0.47818,88.13
benchmark_atlas_phase1--renders,S3_lowpoly_Arthemy_Atlas_late_mid_attn_draw2_seed777_00001_.png,0.631128,0.00053176,0.00070904,0.00116702,0.00166847,0.00208103,0.051823,0.45573,103.17
benchmark_atlas_phase1--renders,S3_lowpoly_Arthemy_Atlas_late_mid_mlp_draw1_seed1337_00001_.png,0.617282,0.00048434,0.00072042,0.00121220,0.00176309,0.00224063,0.053055,0.48629,95.85
benchmark_atlas_phase1--renders,S3_lowpoly_Arthemy_Atlas_late_mid_mlp_draw1_seed42_00001_.png,0.616047,0.00041414,0.00060815,0.00101468,0.00146483,0.00188416,0.046833,0.47135,85.77
benchmark_atlas_phase1--renders,S3_lowpoly_Arthemy_Atlas_late_mid_mlp_draw1_seed777_00001_.png,0.609901,0.00042326,0.00061032,0.00109285,0.00172484,0.00212308,0.050620,0.47378,103.53
benchmark_atlas_phase1--renders,S3_lowpoly_Arthemy_Atlas_late_mid_mlp_draw2_seed1337_00001_.png,0.694585,0.00041862,0.00070587,0.00125471,0.00170227,0.00194854,0.046638,0.47881,96.81
benchmark_atlas_phase1--renders,S3_lowpoly_Arthemy_Atlas_late_mid_mlp_draw2_seed42_00001_.png,0.672659,0.00040261,0.00067826,0.00114604,0.00152224,0.00193747,0.044937,0.43285,95.98
benchmark_atlas_phase1--renders,S3_lowpoly_Arthemy_Atlas_late_mid_mlp_draw2_seed777_00001_.png,0.662887,0.00043668,0.00067719,0.00116999,0.00164289,0.00195269,0.044454,0.44711,105.25
benchmark_atlas_phase1--renders,S3_lowpoly_Arthemy_Atlas_late_mlp_draw1_seed1337_00001_.png,0.615628,0.00023532,0.00044055,0.00084932,0.00140698,0.00203402,0.059081,0.53620,98.43
benchmark_atlas_phase1--renders,S3_lowpoly_Arthemy_Atlas_late_mlp_draw1_seed42_00001_.png,0.598169,0.00017918,0.00035044,0.00071712,0.00131822,0.00212656,0.049472,0.50760,99.59
benchmark_atlas_phase1--renders,S3_lowpoly_Arthemy_Atlas_late_mlp_draw1_seed777_00001_.png,0.628848,0.00022882,0.00041428,0.00084017,0.00144177,0.00215047,0.049274,0.46040,104.14
benchmark_atlas_phase1--renders,S3_lowpoly_Arthemy_Atlas_late_mlp_draw2_seed1337_00001_.png,0.732160,0.00129396,0.00153809,0.00220195,0.00222049,0.00203906,0.046596,0.45617,63.16
benchmark_atlas_phase1--renders,S3_lowpoly_Arthemy_Atlas_late_mlp_draw2_seed42_00001_.png,0.727388,0.00130050,0.00152767,0.00218481,0.00213412,0.00175777,0.040981,0.42440,57.74
benchmark_atlas_phase1--renders,S3_lowpoly_Arthemy_Atlas_late_mlp_draw2_seed777_00001_.png,0.737303,0.00127951,0.00154926,0.00223801,0.00228524,0.00196776,0.043850,0.42990,57.90
benchmark_atlas_phase1--renders,S3_lowpoly_Arthemy_Atlas_model_only_draw1_seed1337_00001_.png,0.642760,0.00030286,0.00056627,0.00107767,0.00166526,0.00230625,0.062288,0.55095,108.69
benchmark_atlas_phase1--renders,S3_lowpoly_Arthemy_Atlas_model_only_draw1_seed42_00001_.png,0.624894,0.00031682,0.00056518,0.00112984,0.00189642,0.00271821,0.053479,0.57597,104.55
benchmark_atlas_phase1--renders,S3_lowpoly_Arthemy_Atlas_model_only_draw1_seed777_00001_.png,0.642586,0.00035025,0.00059492,0.00108656,0.00173317,0.00241690,0.054960,0.54783,105.09
benchmark_atlas_phase1--renders,S3_lowpoly_Arthemy_Atlas_model_only_draw2_seed1337_00001_.png,0.629689,0.00027120,0.00046228,0.00091530,0.00154584,0.00219972,0.057935,0.70241,126.17
benchmark_atlas_phase1--renders,S3_lowpoly_Arthemy_Atlas_model_only_draw2_seed42_00001_.png,0.645686,0.00034576,0.00056128,0.00107169,0.00183452,0.00259080,0.056521,0.79732,114.73
benchmark_atlas_phase1--renders,S3_lowpoly_Arthemy_Atlas_model_only_draw2_seed777_00001_.png,0.593899,0.00036515,0.00060409,0.00112486,0.00178328,0.00245828,0.059812,0.75673,121.38
benchmark_atlas_phase1--renders,S3_lowpoly_Arthemy_Atlas_modulation_norm_draw1_seed1337_00001_.png,0.644567,0.00050175,0.00080787,0.00135517,0.00181178,0.00231078,0.057828,0.49788,91.75
benchmark_atlas_phase1--renders,S3_lowpoly_Arthemy_Atlas_modulation_norm_draw1_seed42_00001_.png,0.640935,0.00042650,0.00070155,0.00122514,0.00176901,0.00226034,0.048582,0.47248,88.34
benchmark_atlas_phase1--renders,S3_lowpoly_Arthemy_Atlas_modulation_norm_draw1_seed777_00001_.png,0.647687,0.00047724,0.00074181,0.00121353,0.00173362,0.00224641,0.049562,0.44203,86.69
benchmark_atlas_phase1--renders,S3_lowpoly_Arthemy_Atlas_modulation_norm_draw2_seed1337_00001_.png,0.644567,0.00050175,0.00080787,0.00135517,0.00181178,0.00231078,0.057828,0.49788,91.75
benchmark_atlas_phase1--renders,S3_lowpoly_Arthemy_Atlas_modulation_norm_draw2_seed42_00001_.png,0.640935,0.00042650,0.00070155,0.00122514,0.00176901,0.00226034,0.048582,0.47248,88.34
benchmark_atlas_phase1--renders,S3_lowpoly_Arthemy_Atlas_modulation_norm_draw2_seed777_00001_.png,0.647687,0.00047724,0.00074181,0.00121353,0.00173362,0.00224641,0.049562,0.44203,86.69
benchmark_atlas_phase1--renders,S3_lowpoly_Arthemy_Atlas_txtfusion_draw1_seed1337_00001_.png,0.665684,0.00041019,0.00072332,0.00129337,0.00182710,0.00230124,0.053298,0.47891,100.37
benchmark_atlas_phase1--renders,S3_lowpoly_Arthemy_Atlas_txtfusion_draw1_seed42_00001_.png,0.649796,0.00038067,0.00065751,0.00121709,0.00180770,0.00224306,0.048916,0.49570,93.51
benchmark_atlas_phase1--renders,S3_lowpoly_Arthemy_Atlas_txtfusion_draw1_seed777_00001_.png,0.676413,0.00044639,0.00067595,0.00119334,0.00175612,0.00214198,0.048567,0.43832,96.05
benchmark_atlas_phase1--renders,S3_lowpoly_Arthemy_Atlas_txtfusion_draw2_seed1337_00001_.png,0.661864,0.00048499,0.00072910,0.00122861,0.00176652,0.00234359,0.053549,0.53781,91.26
benchmark_atlas_phase1--renders,S3_lowpoly_Arthemy_Atlas_txtfusion_draw2_seed42_00001_.png,0.659513,0.00055308,0.00078833,0.00127792,0.00171803,0.00215414,0.048519,0.52422,88.07
benchmark_atlas_phase1--renders,S3_lowpoly_Arthemy_Atlas_txtfusion_draw2_seed777_00001_.png,0.667354,0.00057016,0.00082397,0.00130273,0.00182771,0.00246214,0.056006,0.50403,86.56
benchmark_atlas_phase1--renders,S3_lowpoly_Arthemy_Atlas_uniform_all_draw1_seed1337_00001_.png,0.666038,0.00032624,0.00058682,0.00110828,0.00170077,0.00220498,0.060090,0.55682,108.07
benchmark_atlas_phase1--renders,S3_lowpoly_Arthemy_Atlas_uniform_all_draw1_seed42_00001_.png,0.625570,0.00029286,0.00050763,0.00098683,0.00158229,0.00217006,0.050470,0.55333,107.19
benchmark_atlas_phase1--renders,S3_lowpoly_Arthemy_Atlas_uniform_all_draw1_seed777_00001_.png,0.633672,0.00040694,0.00064506,0.00110215,0.00169534,0.00218540,0.054820,0.53623,106.23
benchmark_atlas_phase1--renders,S3_lowpoly_Arthemy_Atlas_uniform_all_draw2_seed1337_00001_.png,0.629068,0.00032372,0.00054563,0.00107025,0.00166938,0.00214624,0.055796,0.67216,130.33
benchmark_atlas_phase1--renders,S3_lowpoly_Arthemy_Atlas_uniform_all_draw2_seed42_00001_.png,0.629201,0.00034789,0.00056441,0.00103771,0.00172310,0.00238461,0.054889,0.77216,117.87
benchmark_atlas_phase1--renders,S3_lowpoly_Arthemy_Atlas_uniform_all_draw2_seed777_00001_.png,0.616918,0.00041547,0.00063599,0.00113282,0.00164445,0.00219350,0.059683,0.68633,129.93
benchmark_atlas_phase1--renders,S3_lowpoly_baseline_seed1337_00001_.png,0.644567,0.00050175,0.00080787,0.00135517,0.00181178,0.00231078,0.057828,0.49788,91.75
benchmark_atlas_phase1--renders,S3_lowpoly_baseline_seed42_00001_.png,0.640935,0.00042650,0.00070155,0.00122514,0.00176901,0.00226034,0.048582,0.47248,88.34
benchmark_atlas_phase1--renders,S3_lowpoly_baseline_seed777_00001_.png,0.647687,0.00047724,0.00074181,0.00121353,0.00173362,0.00224641,0.049562,0.44203,86.69
benchmark_atlas_phase1--renders,S4_claymation_Arthemy_Atlas_clip_only_draw1_seed1337_00001_.png,0.659986,0.00026464,0.00042038,0.00085797,0.00136330,0.00175950,0.044229,0.47556,70.43
benchmark_atlas_phase1--renders,S4_claymation_Arthemy_Atlas_clip_only_draw1_seed42_00001_.png,0.656498,0.00032097,0.00049496,0.00094021,0.00138311,0.00155652,0.040000,0.46326,64.54
benchmark_atlas_phase1--renders,S4_claymation_Arthemy_Atlas_clip_only_draw1_seed777_00001_.png,0.666099,0.00034311,0.00053683,0.00102167,0.00148313,0.00168563,0.041963,0.43554,74.06
benchmark_atlas_phase1--renders,S4_claymation_Arthemy_Atlas_clip_only_draw2_seed1337_00001_.png,0.687704,0.00026182,0.00042835,0.00091933,0.00156290,0.00181121,0.045906,0.52272,72.42
benchmark_atlas_phase1--renders,S4_claymation_Arthemy_Atlas_clip_only_draw2_seed42_00001_.png,0.677912,0.00027352,0.00042243,0.00085835,0.00140979,0.00175746,0.042396,0.52087,71.82
benchmark_atlas_phase1--renders,S4_claymation_Arthemy_Atlas_clip_only_draw2_seed777_00001_.png,0.683747,0.00026868,0.00042853,0.00089509,0.00146581,0.00191630,0.044786,0.48080,72.80
benchmark_atlas_phase1--renders,S4_claymation_Arthemy_Atlas_early_attn_draw1_seed1337_00001_.png,0.663431,0.00038973,0.00055186,0.00103352,0.00148729,0.00166128,0.046535,0.44279,71.86
benchmark_atlas_phase1--renders,S4_claymation_Arthemy_Atlas_early_attn_draw1_seed42_00001_.png,0.666534,0.00035257,0.00053985,0.00104200,0.00162105,0.00204452,0.048381,0.47523,66.60
benchmark_atlas_phase1--renders,S4_claymation_Arthemy_Atlas_early_attn_draw1_seed777_00001_.png,0.670112,0.00036612,0.00059576,0.00111541,0.00158370,0.00179872,0.046680,0.46431,70.53
benchmark_atlas_phase1--renders,S4_claymation_Arthemy_Atlas_early_attn_draw2_seed1337_00001_.png,0.706710,0.00026204,0.00045951,0.00104462,0.00193828,0.00258470,0.048579,0.65574,89.65
benchmark_atlas_phase1--renders,S4_claymation_Arthemy_Atlas_early_attn_draw2_seed42_00001_.png,0.731643,0.00031140,0.00053968,0.00120750,0.00234822,0.00328291,0.048078,0.66154,82.69
benchmark_atlas_phase1--renders,S4_claymation_Arthemy_Atlas_early_attn_draw2_seed777_00001_.png,0.700214,0.00031130,0.00052041,0.00112033,0.00205123,0.00273149,0.051925,0.62555,84.08
benchmark_atlas_phase1--renders,S4_claymation_Arthemy_Atlas_early_mid_attn_draw1_seed1337_00001_.png,0.658935,0.00026332,0.00040614,0.00085082,0.00138869,0.00161835,0.046035,0.47086,72.12
benchmark_atlas_phase1--renders,S4_claymation_Arthemy_Atlas_early_mid_attn_draw1_seed42_00001_.png,0.663978,0.00029345,0.00048728,0.00096645,0.00151151,0.00185711,0.043525,0.46908,69.42
benchmark_atlas_phase1--renders,S4_claymation_Arthemy_Atlas_early_mid_attn_draw1_seed777_00001_.png,0.655843,0.00032143,0.00051017,0.00100303,0.00150329,0.00178549,0.044051,0.46369,75.69
benchmark_atlas_phase1--renders,S4_claymation_Arthemy_Atlas_early_mid_attn_draw2_seed1337_00001_.png,0.665045,0.00031165,0.00049530,0.00099021,0.00160741,0.00176796,0.049050,0.48274,69.16
benchmark_atlas_phase1--renders,S4_claymation_Arthemy_Atlas_early_mid_attn_draw2_seed42_00001_.png,0.651466,0.00031892,0.00047907,0.00092628,0.00144267,0.00177597,0.045165,0.49395,65.48
benchmark_atlas_phase1--renders,S4_claymation_Arthemy_Atlas_early_mid_attn_draw2_seed777_00001_.png,0.652853,0.00031235,0.00048764,0.00095191,0.00144364,0.00169204,0.044002,0.44548,68.49
benchmark_atlas_phase1--renders,S4_claymation_Arthemy_Atlas_early_mid_mlp_draw1_seed1337_00001_.png,0.650318,0.00032015,0.00047331,0.00089286,0.00134495,0.00160528,0.046134,0.45819,78.07
benchmark_atlas_phase1--renders,S4_claymation_Arthemy_Atlas_early_mid_mlp_draw1_seed42_00001_.png,0.650563,0.00030135,0.00048966,0.00098563,0.00149462,0.00179077,0.045842,0.45480,74.36
benchmark_atlas_phase1--renders,S4_claymation_Arthemy_Atlas_early_mid_mlp_draw1_seed777_00001_.png,0.641272,0.00033069,0.00051994,0.00096707,0.00133736,0.00160004,0.045093,0.46053,76.77
benchmark_atlas_phase1--renders,S4_claymation_Arthemy_Atlas_early_mid_mlp_draw2_seed1337_00001_.png,0.657132,0.00028625,0.00045724,0.00090911,0.00140153,0.00159814,0.040403,0.49858,67.15
benchmark_atlas_phase1--renders,S4_claymation_Arthemy_Atlas_early_mid_mlp_draw2_seed42_00001_.png,0.646021,0.00028970,0.00049025,0.00093754,0.00140244,0.00178833,0.040735,0.50973,64.33
benchmark_atlas_phase1--renders,S4_claymation_Arthemy_Atlas_early_mid_mlp_draw2_seed777_00001_.png,0.645656,0.00035635,0.00055647,0.00104580,0.00151838,0.00180167,0.041180,0.46464,71.05
benchmark_atlas_phase1--renders,S4_claymation_Arthemy_Atlas_early_mlp_draw1_seed1337_00001_.png,0.623822,0.00026716,0.00036462,0.00068963,0.00114889,0.00154544,0.045192,0.49415,69.04
benchmark_atlas_phase1--renders,S4_claymation_Arthemy_Atlas_early_mlp_draw1_seed42_00001_.png,0.619840,0.00027540,0.00039386,0.00073261,0.00116735,0.00154377,0.042448,0.49892,68.77
benchmark_atlas_phase1--renders,S4_claymation_Arthemy_Atlas_early_mlp_draw1_seed777_00001_.png,0.620257,0.00029617,0.00043646,0.00084311,0.00132253,0.00175517,0.045803,0.48605,71.43
benchmark_atlas_phase1--renders,S4_claymation_Arthemy_Atlas_early_mlp_draw2_seed1337_00001_.png,0.643505,0.00025345,0.00037042,0.00071827,0.00120731,0.00164395,0.043975,0.50091,75.05
benchmark_atlas_phase1--renders,S4_claymation_Arthemy_Atlas_early_mlp_draw2_seed42_00001_.png,0.633782,0.00028253,0.00042716,0.00080424,0.00130702,0.00177410,0.043588,0.52159,72.82
benchmark_atlas_phase1--renders,S4_claymation_Arthemy_Atlas_early_mlp_draw2_seed777_00001_.png,0.637608,0.00029575,0.00042762,0.00083152,0.00132595,0.00175766,0.043490,0.51129,82.31
benchmark_atlas_phase1--renders,S4_claymation_Arthemy_Atlas_late_attn_draw1_seed1337_00001_.png,0.645164,0.00035850,0.00056602,0.00108535,0.00161813,0.00191112,0.051701,0.54833,68.72
benchmark_atlas_phase1--renders,S4_claymation_Arthemy_Atlas_late_attn_draw1_seed42_00001_.png,0.625719,0.00039183,0.00057589,0.00105830,0.00160026,0.00188620,0.047984,0.54180,65.60
benchmark_atlas_phase1--renders,S4_claymation_Arthemy_Atlas_late_attn_draw1_seed777_00001_.png,0.631773,0.00040810,0.00062829,0.00114380,0.00168263,0.00209014,0.051762,0.53592,74.95
benchmark_atlas_phase1--renders,S4_claymation_Arthemy_Atlas_late_attn_draw2_seed1337_00001_.png,0.618300,0.00029504,0.00036648,0.00066055,0.00104089,0.00133216,0.041468,0.42144,73.12
benchmark_atlas_phase1--renders,S4_claymation_Arthemy_Atlas_late_attn_draw2_seed42_00001_.png,0.611690,0.00034225,0.00042289,0.00071655,0.00103499,0.00127000,0.040013,0.42691,70.57
benchmark_atlas_phase1--renders,S4_claymation_Arthemy_Atlas_late_attn_draw2_seed777_00001_.png,0.616546,0.00037923,0.00048642,0.00079756,0.00110506,0.00146127,0.042511,0.40769,70.49
benchmark_atlas_phase1--renders,S4_claymation_Arthemy_Atlas_late_mid_attn_draw1_seed1337_00001_.png,0.661190,0.00033998,0.00058091,0.00112139,0.00159109,0.00183749,0.050772,0.51280,74.69
benchmark_atlas_phase1--renders,S4_claymation_Arthemy_Atlas_late_mid_attn_draw1_seed42_00001_.png,0.668737,0.00035480,0.00057431,0.00108563,0.00156152,0.00174318,0.046398,0.51410,74.21
benchmark_atlas_phase1--renders,S4_claymation_Arthemy_Atlas_late_mid_attn_draw1_seed777_00001_.png,0.655629,0.00036964,0.00058854,0.00111326,0.00161353,0.00187954,0.046970,0.50754,79.49
benchmark_atlas_phase1--renders,S4_claymation_Arthemy_Atlas_late_mid_attn_draw2_seed1337_00001_.png,0.663858,0.00029727,0.00045493,0.00090186,0.00142177,0.00164563,0.040374,0.52850,73.23
benchmark_atlas_phase1--renders,S4_claymation_Arthemy_Atlas_late_mid_attn_draw2_seed42_00001_.png,0.647034,0.00027616,0.00043261,0.00084670,0.00132174,0.00166590,0.041142,0.53085,71.11
benchmark_atlas_phase1--renders,S4_claymation_Arthemy_Atlas_late_mid_attn_draw2_seed777_00001_.png,0.660050,0.00033703,0.00050780,0.00100293,0.00148589,0.00172713,0.042564,0.53084,79.28
benchmark_atlas_phase1--renders,S4_claymation_Arthemy_Atlas_late_mid_mlp_draw1_seed1337_00001_.png,0.656215,0.00031378,0.00049863,0.00096414,0.00149918,0.00186779,0.046486,0.51363,79.54
benchmark_atlas_phase1--renders,S4_claymation_Arthemy_Atlas_late_mid_mlp_draw1_seed42_00001_.png,0.663778,0.00029656,0.00048195,0.00097359,0.00159719,0.00193779,0.045451,0.53658,73.74
benchmark_atlas_phase1--renders,S4_claymation_Arthemy_Atlas_late_mid_mlp_draw1_seed777_00001_.png,0.662081,0.00030908,0.00052557,0.00104674,0.00161681,0.00206034,0.046807,0.54749,76.41
benchmark_atlas_phase1--renders,S4_claymation_Arthemy_Atlas_late_mid_mlp_draw2_seed1337_00001_.png,0.640999,0.00027256,0.00042407,0.00084545,0.00132716,0.00165034,0.045643,0.43096,73.26
benchmark_atlas_phase1--renders,S4_claymation_Arthemy_Atlas_late_mid_mlp_draw2_seed42_00001_.png,0.656386,0.00030336,0.00047631,0.00093315,0.00149091,0.00191982,0.043034,0.44501,65.40
benchmark_atlas_phase1--renders,S4_claymation_Arthemy_Atlas_late_mid_mlp_draw2_seed777_00001_.png,0.652737,0.00034515,0.00053545,0.00096859,0.00150088,0.00198334,0.044036,0.41804,72.87
benchmark_atlas_phase1--renders,S4_claymation_Arthemy_Atlas_late_mlp_draw1_seed1337_00001_.png,0.624480,0.00019939,0.00028434,0.00060616,0.00107805,0.00149239,0.045497,0.50537,70.78
benchmark_atlas_phase1--renders,S4_claymation_Arthemy_Atlas_late_mlp_draw1_seed42_00001_.png,0.610064,0.00022188,0.00028977,0.00060264,0.00106194,0.00147346,0.041166,0.50158,69.53
benchmark_atlas_phase1--renders,S4_claymation_Arthemy_Atlas_late_mlp_draw1_seed777_00001_.png,0.618254,0.00021532,0.00030790,0.00067039,0.00117733,0.00168269,0.044193,0.48620,79.31
benchmark_atlas_phase1--renders,S4_claymation_Arthemy_Atlas_late_mlp_draw2_seed1337_00001_.png,0.684749,0.00063981,0.00123362,0.00221106,0.00223342,0.00177773,0.043470,0.40447,64.08
benchmark_atlas_phase1--renders,S4_claymation_Arthemy_Atlas_late_mlp_draw2_seed42_00001_.png,0.682539,0.00066192,0.00131474,0.00228503,0.00232050,0.00182310,0.042636,0.43678,60.29
benchmark_atlas_phase1--renders,S4_claymation_Arthemy_Atlas_late_mlp_draw2_seed777_00001_.png,0.688296,0.00073890,0.00140333,0.00238997,0.00233229,0.00182193,0.044701,0.41463,66.25
benchmark_atlas_phase1--renders,S4_claymation_Arthemy_Atlas_model_only_draw1_seed1337_00001_.png,0.615575,0.00029115,0.00035897,0.00067976,0.00115827,0.00158230,0.050488,0.51132,72.62
benchmark_atlas_phase1--renders,S4_claymation_Arthemy_Atlas_model_only_draw1_seed42_00001_.png,0.621615,0.00028966,0.00038016,0.00072894,0.00125420,0.00170953,0.043382,0.52830,69.70
benchmark_atlas_phase1--renders,S4_claymation_Arthemy_Atlas_model_only_draw1_seed777_00001_.png,0.626700,0.00027097,0.00037102,0.00078904,0.00130786,0.00168962,0.044965,0.52183,73.42
benchmark_atlas_phase1--renders,S4_claymation_Arthemy_Atlas_model_only_draw2_seed1337_00001_.png,0.601579,0.00029102,0.00038353,0.00072530,0.00118697,0.00163513,0.052214,0.64509,91.07
benchmark_atlas_phase1--renders,S4_claymation_Arthemy_Atlas_model_only_draw2_seed42_00001_.png,0.601612,0.00039378,0.00046295,0.00075554,0.00121674,0.00181804,0.047554,0.67691,84.05
benchmark_atlas_phase1--renders,S4_claymation_Arthemy_Atlas_model_only_draw2_seed777_00001_.png,0.575203,0.00040015,0.00041619,0.00070074,0.00117819,0.00170014,0.047447,0.66841,89.28
benchmark_atlas_phase1--renders,S4_claymation_Arthemy_Atlas_modulation_norm_draw1_seed1337_00001_.png,0.658626,0.00029105,0.00045158,0.00089095,0.00137771,0.00161293,0.044140,0.46602,74.58
benchmark_atlas_phase1--renders,S4_claymation_Arthemy_Atlas_modulation_norm_draw1_seed42_00001_.png,0.657228,0.00032462,0.00049975,0.00096220,0.00145696,0.00168180,0.042613,0.47026,69.51
benchmark_atlas_phase1--renders,S4_claymation_Arthemy_Atlas_modulation_norm_draw1_seed777_00001_.png,0.660854,0.00034119,0.00053118,0.00101342,0.00148189,0.00172913,0.043539,0.45741,76.97
benchmark_atlas_phase1--renders,S4_claymation_Arthemy_Atlas_modulation_norm_draw2_seed1337_00001_.png,0.658626,0.00029105,0.00045158,0.00089095,0.00137771,0.00161293,0.044140,0.46602,74.58
benchmark_atlas_phase1--renders,S4_claymation_Arthemy_Atlas_modulation_norm_draw2_seed42_00001_.png,0.657228,0.00032462,0.00049975,0.00096220,0.00145696,0.00168180,0.042613,0.47026,69.51
benchmark_atlas_phase1--renders,S4_claymation_Arthemy_Atlas_modulation_norm_draw2_seed777_00001_.png,0.660854,0.00034119,0.00053118,0.00101342,0.00148189,0.00172913,0.043539,0.45741,76.97
benchmark_atlas_phase1--renders,S4_claymation_Arthemy_Atlas_txtfusion_draw1_seed1337_00001_.png,0.644876,0.00035193,0.00049751,0.00089698,0.00134258,0.00147121,0.045450,0.42729,79.27
benchmark_atlas_phase1--renders,S4_claymation_Arthemy_Atlas_txtfusion_draw1_seed42_00001_.png,0.640494,0.00033417,0.00051658,0.00094065,0.00138120,0.00159952,0.041103,0.46530,72.06
benchmark_atlas_phase1--renders,S4_claymation_Arthemy_Atlas_txtfusion_draw1_seed777_00001_.png,0.653563,0.00036181,0.00056544,0.00104967,0.00144428,0.00163400,0.041692,0.42951,81.36
benchmark_atlas_phase1--renders,S4_claymation_Arthemy_Atlas_txtfusion_draw2_seed1337_00001_.png,0.633598,0.00033068,0.00047685,0.00083801,0.00123196,0.00153549,0.047289,0.47687,68.30
benchmark_atlas_phase1--renders,S4_claymation_Arthemy_Atlas_txtfusion_draw2_seed42_00001_.png,0.649258,0.00032113,0.00048721,0.00088592,0.00137712,0.00178488,0.044457,0.49687,68.38
benchmark_atlas_phase1--renders,S4_claymation_Arthemy_Atlas_txtfusion_draw2_seed777_00001_.png,0.628079,0.00036821,0.00058038,0.00100191,0.00140820,0.00171129,0.049453,0.44808,74.25
benchmark_atlas_phase1--renders,S4_claymation_Arthemy_Atlas_uniform_all_draw1_seed1337_00001_.png,0.622768,0.00029239,0.00038009,0.00073916,0.00122642,0.00159710,0.048748,0.51048,70.17
benchmark_atlas_phase1--renders,S4_claymation_Arthemy_Atlas_uniform_all_draw1_seed42_00001_.png,0.616722,0.00029705,0.00039096,0.00073893,0.00118736,0.00155484,0.041071,0.52836,67.09
benchmark_atlas_phase1--renders,S4_claymation_Arthemy_Atlas_uniform_all_draw1_seed777_00001_.png,0.639545,0.00030536,0.00041678,0.00080705,0.00125034,0.00158200,0.046702,0.50027,69.68
benchmark_atlas_phase1--renders,S4_claymation_Arthemy_Atlas_uniform_all_draw2_seed1337_00001_.png,0.620649,0.00027863,0.00038411,0.00074587,0.00118603,0.00163534,0.051531,0.64470,88.19
benchmark_atlas_phase1--renders,S4_claymation_Arthemy_Atlas_uniform_all_draw2_seed42_00001_.png,0.615053,0.00035677,0.00044643,0.00080026,0.00130560,0.00187508,0.047290,0.67310,82.89
benchmark_atlas_phase1--renders,S4_claymation_Arthemy_Atlas_uniform_all_draw2_seed777_00001_.png,0.612991,0.00032378,0.00043890,0.00080255,0.00129662,0.00174125,0.047973,0.66345,88.52
benchmark_atlas_phase1--renders,S4_claymation_baseline_seed1337_00001_.png,0.658626,0.00029105,0.00045158,0.00089095,0.00137771,0.00161293,0.044140,0.46602,74.58
benchmark_atlas_phase1--renders,S4_claymation_baseline_seed42_00001_.png,0.657228,0.00032462,0.00049975,0.00096220,0.00145696,0.00168180,0.042613,0.47026,69.51
benchmark_atlas_phase1--renders,S4_claymation_baseline_seed777_00001_.png,0.660854,0.00034119,0.00053118,0.00101342,0.00148189,0.00172913,0.043539,0.45741,76.97
benchmark_atlas_phase1--renders,S5_ukiyoe_Arthemy_Atlas_clip_only_draw1_seed1337_00001_.png,0.598661,0.00167911,0.00161436,0.00134930,0.00145772,0.00210403,0.047517,0.30159,121.08
benchmark_atlas_phase1--renders,S5_ukiyoe_Arthemy_Atlas_clip_only_draw1_seed42_00001_.png,0.599577,0.00159241,0.00133637,0.00111826,0.00111216,0.00148643,0.042784,0.28008,119.04
benchmark_atlas_phase1--renders,S5_ukiyoe_Arthemy_Atlas_clip_only_draw1_seed777_00001_.png,0.588011,0.00157910,0.00137178,0.00122221,0.00122311,0.00159758,0.045866,0.29302,132.90
benchmark_atlas_phase1--renders,S5_ukiyoe_Arthemy_Atlas_clip_only_draw2_seed1337_00001_.png,0.582408,0.00170922,0.00153703,0.00125394,0.00118482,0.00141520,0.039367,0.29332,135.35
benchmark_atlas_phase1--renders,S5_ukiyoe_Arthemy_Atlas_clip_only_draw2_seed42_00001_.png,0.598818,0.00168411,0.00148664,0.00118477,0.00111786,0.00139262,0.039748,0.27890,125.22
benchmark_atlas_phase1--renders,S5_ukiyoe_Arthemy_Atlas_clip_only_draw2_seed777_00001_.png,0.572329,0.00181860,0.00155308,0.00117833,0.00112322,0.00142441,0.040402,0.27808,138.77
benchmark_atlas_phase1--renders,S5_ukiyoe_Arthemy_Atlas_early_attn_draw1_seed1337_00001_.png,0.601480,0.00160923,0.00137678,0.00116149,0.00116537,0.00150626,0.038729,0.28546,111.45
benchmark_atlas_phase1--renders,S5_ukiyoe_Arthemy_Atlas_early_attn_draw1_seed42_00001_.png,0.589534,0.00166007,0.00123323,0.00095777,0.00092822,0.00124284,0.038289,0.26733,108.82
benchmark_atlas_phase1--renders,S5_ukiyoe_Arthemy_Atlas_early_attn_draw1_seed777_00001_.png,0.601979,0.00163578,0.00136285,0.00110848,0.00104638,0.00129769,0.040159,0.27440,115.16
benchmark_atlas_phase1--renders,S5_ukiyoe_Arthemy_Atlas_early_attn_draw2_seed1337_00001_.png,0.719877,0.00111955,0.00201100,0.00373442,0.00354425,0.00280221,0.064242,0.55780,137.11
benchmark_atlas_phase1--renders,S5_ukiyoe_Arthemy_Atlas_early_attn_draw2_seed42_00001_.png,0.729907,0.00156853,0.00234973,0.00284414,0.00280934,0.00275397,0.068062,0.51693,148.27
benchmark_atlas_phase1--renders,S5_ukiyoe_Arthemy_Atlas_early_attn_draw2_seed777_00001_.png,0.746207,0.00148228,0.00230849,0.00287691,0.00288784,0.00260359,0.061590,0.53531,151.97
benchmark_atlas_phase1--renders,S5_ukiyoe_Arthemy_Atlas_early_mid_attn_draw1_seed1337_00001_.png,0.627388,0.00171397,0.00148913,0.00126642,0.00126868,0.00153786,0.038813,0.30472,138.41
benchmark_atlas_phase1--renders,S5_ukiyoe_Arthemy_Atlas_early_mid_attn_draw1_seed42_00001_.png,0.609912,0.00173582,0.00138852,0.00105901,0.00095098,0.00117006,0.035792,0.29140,121.77
benchmark_atlas_phase1--renders,S5_ukiyoe_Arthemy_Atlas_early_mid_attn_draw1_seed777_00001_.png,0.599174,0.00196182,0.00165514,0.00135856,0.00113420,0.00124283,0.040207,0.31142,128.18
benchmark_atlas_phase1--renders,S5_ukiyoe_Arthemy_Atlas_early_mid_attn_draw2_seed1337_00001_.png,0.594428,0.00164944,0.00155735,0.00130487,0.00126222,0.00159455,0.041052,0.28016,94.68
benchmark_atlas_phase1--renders,S5_ukiyoe_Arthemy_Atlas_early_mid_attn_draw2_seed42_00001_.png,0.602677,0.00187028,0.00150710,0.00117318,0.00111609,0.00142646,0.040753,0.28735,92.34
benchmark_atlas_phase1--renders,S5_ukiyoe_Arthemy_Atlas_early_mid_attn_draw2_seed777_00001_.png,0.597936,0.00190075,0.00159077,0.00128216,0.00107993,0.00120936,0.037637,0.27979,95.95
benchmark_atlas_phase1--renders,S5_ukiyoe_Arthemy_Atlas_early_mid_mlp_draw1_seed1337_00001_.png,0.596207,0.00169402,0.00139809,0.00114038,0.00124004,0.00167017,0.041038,0.27316,110.77
benchmark_atlas_phase1--renders,S5_ukiyoe_Arthemy_Atlas_early_mid_mlp_draw1_seed42_00001_.png,0.592485,0.00172881,0.00144646,0.00112903,0.00096001,0.00107899,0.035899,0.27956,109.84
benchmark_atlas_phase1--renders,S5_ukiyoe_Arthemy_Atlas_early_mid_mlp_draw1_seed777_00001_.png,0.589202,0.00174201,0.00152174,0.00127297,0.00125523,0.00176734,0.045143,0.27180,116.84
benchmark_atlas_phase1--renders,S5_ukiyoe_Arthemy_Atlas_early_mid_mlp_draw2_seed1337_00001_.png,0.619190,0.00153743,0.00178153,0.00167404,0.00174768,0.00216430,0.048421,0.32223,115.64
benchmark_atlas_phase1--renders,S5_ukiyoe_Arthemy_Atlas_early_mid_mlp_draw2_seed42_00001_.png,0.599859,0.00159790,0.00141739,0.00125540,0.00131498,0.00180020,0.044832,0.28491,104.92
benchmark_atlas_phase1--renders,S5_ukiyoe_Arthemy_Atlas_early_mid_mlp_draw2_seed777_00001_.png,0.603698,0.00155540,0.00144997,0.00135209,0.00127147,0.00159278,0.045793,0.31424,135.07
benchmark_atlas_phase1--renders,S5_ukiyoe_Arthemy_Atlas_early_mlp_draw1_seed1337_00001_.png,0.576760,0.00126638,0.00100275,0.00089282,0.00103605,0.00157670,0.037360,0.30526,109.35
benchmark_atlas_phase1--renders,S5_ukiyoe_Arthemy_Atlas_early_mlp_draw1_seed42_00001_.png,0.564054,0.00121855,0.00099107,0.00090725,0.00105800,0.00160626,0.039505,0.29583,105.99
benchmark_atlas_phase1--renders,S5_ukiyoe_Arthemy_Atlas_early_mlp_draw1_seed777_00001_.png,0.573882,0.00131539,0.00111346,0.00101591,0.00110553,0.00167160,0.041622,0.28763,108.62
benchmark_atlas_phase1--renders,S5_ukiyoe_Arthemy_Atlas_early_mlp_draw2_seed1337_00001_.png,0.608625,0.00156260,0.00126977,0.00102652,0.00121215,0.00181715,0.040952,0.29660,125.77
benchmark_atlas_phase1--renders,S5_ukiyoe_Arthemy_Atlas_early_mlp_draw2_seed42_00001_.png,0.590296,0.00151118,0.00124336,0.00107118,0.00124313,0.00184526,0.044696,0.27943,114.90
benchmark_atlas_phase1--renders,S5_ukiyoe_Arthemy_Atlas_early_mlp_draw2_seed777_00001_.png,0.578229,0.00139900,0.00122750,0.00107473,0.00107740,0.00141586,0.043392,0.29420,136.01
benchmark_atlas_phase1--renders,S5_ukiyoe_Arthemy_Atlas_late_attn_draw1_seed1337_00001_.png,0.588606,0.00161401,0.00161489,0.00143966,0.00140225,0.00178864,0.048174,0.34596,113.31
benchmark_atlas_phase1--renders,S5_ukiyoe_Arthemy_Atlas_late_attn_draw1_seed42_00001_.png,0.571419,0.00158120,0.00147062,0.00125456,0.00118176,0.00145518,0.044419,0.33994,103.44
benchmark_atlas_phase1--renders,S5_ukiyoe_Arthemy_Atlas_late_attn_draw1_seed777_00001_.png,0.580147,0.00175053,0.00169822,0.00145940,0.00128968,0.00158998,0.048933,0.36604,115.93
benchmark_atlas_phase1--renders,S5_ukiyoe_Arthemy_Atlas_late_attn_draw2_seed1337_00001_.png,0.595985,0.00137525,0.00122565,0.00094578,0.00096842,0.00149458,0.037043,0.23911,104.05
benchmark_atlas_phase1--renders,S5_ukiyoe_Arthemy_Atlas_late_attn_draw2_seed42_00001_.png,0.592368,0.00144523,0.00111069,0.00090232,0.00103251,0.00158201,0.039409,0.24309,94.35
benchmark_atlas_phase1--renders,S5_ukiyoe_Arthemy_Atlas_late_attn_draw2_seed777_00001_.png,0.586591,0.00141075,0.00121871,0.00104539,0.00107590,0.00154029,0.042582,0.24070,104.17
benchmark_atlas_phase1--renders,S5_ukiyoe_Arthemy_Atlas_late_mid_attn_draw1_seed1337_00001_.png,0.604583,0.00150731,0.00166967,0.00153313,0.00151093,0.00212159,0.047117,0.31023,115.97
benchmark_atlas_phase1--renders,S5_ukiyoe_Arthemy_Atlas_late_mid_attn_draw1_seed42_00001_.png,0.602794,0.00174272,0.00155812,0.00135392,0.00131604,0.00154376,0.045953,0.29345,111.43
benchmark_atlas_phase1--renders,S5_ukiyoe_Arthemy_Atlas_late_mid_attn_draw1_seed777_00001_.png,0.599463,0.00156134,0.00168839,0.00151507,0.00147693,0.00203548,0.049182,0.31711,126.42
benchmark_atlas_phase1--renders,S5_ukiyoe_Arthemy_Atlas_late_mid_attn_draw2_seed1337_00001_.png,0.605183,0.00162596,0.00153125,0.00137372,0.00133432,0.00152462,0.039476,0.27633,115.88
benchmark_atlas_phase1--renders,S5_ukiyoe_Arthemy_Atlas_late_mid_attn_draw2_seed42_00001_.png,0.601487,0.00179331,0.00157322,0.00127105,0.00117485,0.00145128,0.040488,0.26644,93.40
benchmark_atlas_phase1--renders,S5_ukiyoe_Arthemy_Atlas_late_mid_attn_draw2_seed777_00001_.png,0.600241,0.00174091,0.00162234,0.00136655,0.00113599,0.00129141,0.041200,0.28625,106.67
benchmark_atlas_phase1--renders,S5_ukiyoe_Arthemy_Atlas_late_mid_mlp_draw1_seed1337_00001_.png,0.608437,0.00173710,0.00182442,0.00160298,0.00147660,0.00204550,0.047990,0.33833,126.33
benchmark_atlas_phase1--renders,S5_ukiyoe_Arthemy_Atlas_late_mid_mlp_draw1_seed42_00001_.png,0.604104,0.00180102,0.00160478,0.00135383,0.00126333,0.00160279,0.045640,0.31938,114.28
benchmark_atlas_phase1--renders,S5_ukiyoe_Arthemy_Atlas_late_mid_mlp_draw1_seed777_00001_.png,0.605702,0.00174868,0.00174331,0.00148346,0.00131210,0.00151701,0.046269,0.34393,129.52
benchmark_atlas_phase1--renders,S5_ukiyoe_Arthemy_Atlas_late_mid_mlp_draw2_seed1337_00001_.png,0.578763,0.00140436,0.00137687,0.00121866,0.00114830,0.00128190,0.036356,0.27789,115.75
benchmark_atlas_phase1--renders,S5_ukiyoe_Arthemy_Atlas_late_mid_mlp_draw2_seed42_00001_.png,0.584102,0.00135867,0.00115548,0.00099910,0.00093151,0.00104307,0.033057,0.26953,113.25
benchmark_atlas_phase1--renders,S5_ukiyoe_Arthemy_Atlas_late_mid_mlp_draw2_seed777_00001_.png,0.572963,0.00140343,0.00132605,0.00121794,0.00111767,0.00140398,0.039426,0.27888,115.91
benchmark_atlas_phase1--renders,S5_ukiyoe_Arthemy_Atlas_late_mlp_draw1_seed1337_00001_.png,0.562071,0.00134129,0.00107648,0.00103228,0.00131417,0.00192921,0.043027,0.29230,116.43
benchmark_atlas_phase1--renders,S5_ukiyoe_Arthemy_Atlas_late_mlp_draw1_seed42_00001_.png,0.546514,0.00130484,0.00086570,0.00079219,0.00094184,0.00135743,0.040566,0.28682,109.27
benchmark_atlas_phase1--renders,S5_ukiyoe_Arthemy_Atlas_late_mlp_draw1_seed777_00001_.png,0.530317,0.00116375,0.00089847,0.00086551,0.00098752,0.00137903,0.043538,0.29608,131.10
benchmark_atlas_phase1--renders,S5_ukiyoe_Arthemy_Atlas_late_mlp_draw2_seed1337_00001_.png,0.667472,0.00266158,0.00320505,0.00293628,0.00163211,0.00128843,0.043416,0.30066,95.36
benchmark_atlas_phase1--renders,S5_ukiyoe_Arthemy_Atlas_late_mlp_draw2_seed42_00001_.png,0.661367,0.00264300,0.00301773,0.00256838,0.00143528,0.00118173,0.043573,0.26038,87.47
benchmark_atlas_phase1--renders,S5_ukiyoe_Arthemy_Atlas_late_mlp_draw2_seed777_00001_.png,0.656283,0.00262076,0.00332903,0.00294852,0.00156904,0.00133516,0.046628,0.28686,104.54
benchmark_atlas_phase1--renders,S5_ukiyoe_Arthemy_Atlas_model_only_draw1_seed1337_00001_.png,0.575873,0.00170073,0.00148820,0.00136957,0.00147274,0.00200017,0.049660,0.34061,123.46
benchmark_atlas_phase1--renders,S5_ukiyoe_Arthemy_Atlas_model_only_draw1_seed42_00001_.png,0.577667,0.00160360,0.00126049,0.00105320,0.00100261,0.00124696,0.039387,0.32178,113.43
benchmark_atlas_phase1--renders,S5_ukiyoe_Arthemy_Atlas_model_only_draw1_seed777_00001_.png,0.574200,0.00173012,0.00125941,0.00106876,0.00117972,0.00175874,0.047315,0.33337,135.32
benchmark_atlas_phase1--renders,S5_ukiyoe_Arthemy_Atlas_model_only_draw2_seed1337_00001_.png,0.609321,0.00267976,0.00179637,0.00132702,0.00147035,0.00218215,0.059420,0.39724,148.36
benchmark_atlas_phase1--renders,S5_ukiyoe_Arthemy_Atlas_model_only_draw2_seed42_00001_.png,0.581549,0.00266035,0.00168657,0.00130272,0.00144503,0.00216167,0.059264,0.37203,135.18
benchmark_atlas_phase1--renders,S5_ukiyoe_Arthemy_Atlas_model_only_draw2_seed777_00001_.png,0.583345,0.00294003,0.00188408,0.00155635,0.00182534,0.00266874,0.064560,0.37913,147.22
benchmark_atlas_phase1--renders,S5_ukiyoe_Arthemy_Atlas_modulation_norm_draw1_seed1337_00001_.png,0.618403,0.00175783,0.00163878,0.00140816,0.00145358,0.00180960,0.045097,0.28050,115.22
benchmark_atlas_phase1--renders,S5_ukiyoe_Arthemy_Atlas_modulation_norm_draw1_seed42_00001_.png,0.600849,0.00170506,0.00138878,0.00113957,0.00107602,0.00134890,0.041264,0.26937,110.81
benchmark_atlas_phase1--renders,S5_ukiyoe_Arthemy_Atlas_modulation_norm_draw1_seed777_00001_.png,0.600561,0.00172920,0.00161949,0.00144699,0.00125660,0.00147652,0.045952,0.29012,123.48
benchmark_atlas_phase1--renders,S5_ukiyoe_Arthemy_Atlas_modulation_norm_draw2_seed1337_00001_.png,0.618403,0.00175783,0.00163878,0.00140816,0.00145358,0.00180960,0.045097,0.28050,115.22
benchmark_atlas_phase1--renders,S5_ukiyoe_Arthemy_Atlas_modulation_norm_draw2_seed42_00001_.png,0.600849,0.00170506,0.00138878,0.00113957,0.00107602,0.00134890,0.041264,0.26937,110.81
benchmark_atlas_phase1--renders,S5_ukiyoe_Arthemy_Atlas_modulation_norm_draw2_seed777_00001_.png,0.600561,0.00172920,0.00161949,0.00144699,0.00125660,0.00147652,0.045952,0.29012,123.48
benchmark_atlas_phase1--renders,S5_ukiyoe_Arthemy_Atlas_txtfusion_draw1_seed1337_00001_.png,0.599909,0.00157789,0.00161721,0.00148969,0.00146258,0.00188622,0.050213,0.31110,124.10
benchmark_atlas_phase1--renders,S5_ukiyoe_Arthemy_Atlas_txtfusion_draw1_seed42_00001_.png,0.590630,0.00155599,0.00136498,0.00120282,0.00116734,0.00154986,0.040942,0.28798,126.00
benchmark_atlas_phase1--renders,S5_ukiyoe_Arthemy_Atlas_txtfusion_draw1_seed777_00001_.png,0.591033,0.00157902,0.00147087,0.00129427,0.00116811,0.00145266,0.043095,0.30110,131.55
benchmark_atlas_phase1--renders,S5_ukiyoe_Arthemy_Atlas_txtfusion_draw2_seed1337_00001_.png,0.601774,0.00164551,0.00142394,0.00121831,0.00121878,0.00155530,0.039209,0.30391,114.61
benchmark_atlas_phase1--renders,S5_ukiyoe_Arthemy_Atlas_txtfusion_draw2_seed42_00001_.png,0.611230,0.00170408,0.00150767,0.00119850,0.00103106,0.00113656,0.032063,0.29856,108.78
benchmark_atlas_phase1--renders,S5_ukiyoe_Arthemy_Atlas_txtfusion_draw2_seed777_00001_.png,0.602924,0.00175074,0.00152259,0.00131614,0.00110813,0.00116776,0.035444,0.31992,118.14
benchmark_atlas_phase1--renders,S5_ukiyoe_Arthemy_Atlas_uniform_all_draw1_seed1337_00001_.png,0.576476,0.00169596,0.00139086,0.00128678,0.00142283,0.00196935,0.049073,0.34117,126.80
benchmark_atlas_phase1--renders,S5_ukiyoe_Arthemy_Atlas_uniform_all_draw1_seed42_00001_.png,0.574978,0.00162016,0.00124275,0.00106097,0.00112033,0.00155400,0.048252,0.31679,127.93
benchmark_atlas_phase1--renders,S5_ukiyoe_Arthemy_Atlas_uniform_all_draw1_seed777_00001_.png,0.581384,0.00191914,0.00136053,0.00121648,0.00134545,0.00205313,0.053859,0.32285,126.92
benchmark_atlas_phase1--renders,S5_ukiyoe_Arthemy_Atlas_uniform_all_draw2_seed1337_00001_.png,0.610336,0.00266787,0.00174805,0.00136053,0.00153654,0.00227416,0.060502,0.39270,154.83
benchmark_atlas_phase1--renders,S5_ukiyoe_Arthemy_Atlas_uniform_all_draw2_seed42_00001_.png,0.587120,0.00259541,0.00159486,0.00125110,0.00145783,0.00222335,0.061923,0.39143,143.63
benchmark_atlas_phase1--renders,S5_ukiyoe_Arthemy_Atlas_uniform_all_draw2_seed777_00001_.png,0.599824,0.00259180,0.00168904,0.00139928,0.00152719,0.00236989,0.068607,0.40275,168.11
benchmark_atlas_phase1--renders,S5_ukiyoe_baseline_seed1337_00001_.png,0.618403,0.00175783,0.00163878,0.00140816,0.00145358,0.00180960,0.045097,0.28050,115.22
benchmark_atlas_phase1--renders,S5_ukiyoe_baseline_seed42_00001_.png,0.600849,0.00170506,0.00138878,0.00113957,0.00107602,0.00134890,0.041264,0.26937,110.81
benchmark_atlas_phase1--renders,S5_ukiyoe_baseline_seed777_00001_.png,0.600561,0.00172920,0.00161949,0.00144699,0.00125660,0.00147652,0.045952,0.29012,123.48
benchmark_atlas_phase1--renders,S6_pixel_Arthemy_Atlas_clip_only_draw1_seed1337_00001_.png,0.540056,0.00084293,0.00117419,0.00165616,0.00169347,0.00180002,0.049412,0.43888,127.44
benchmark_atlas_phase1--renders,S6_pixel_Arthemy_Atlas_clip_only_draw1_seed42_00001_.png,0.527378,0.00089105,0.00124560,0.00182883,0.00195901,0.00196297,0.053657,0.46427,96.28
benchmark_atlas_phase1--renders,S6_pixel_Arthemy_Atlas_clip_only_draw1_seed777_00001_.png,0.532309,0.00090386,0.00120944,0.00182636,0.00175321,0.00163242,0.047900,0.41993,129.55
benchmark_atlas_phase1--renders,S6_pixel_Arthemy_Atlas_clip_only_draw2_seed1337_00001_.png,0.538593,0.00090599,0.00128711,0.00185004,0.00182246,0.00176831,0.050960,0.44941,123.22
benchmark_atlas_phase1--renders,S6_pixel_Arthemy_Atlas_clip_only_draw2_seed42_00001_.png,0.518454,0.00088661,0.00125606,0.00165143,0.00154727,0.00167093,0.048505,0.42973,77.21
benchmark_atlas_phase1--renders,S6_pixel_Arthemy_Atlas_clip_only_draw2_seed777_00001_.png,0.514542,0.00094227,0.00134256,0.00177992,0.00157488,0.00162840,0.050318,0.42112,112.23
benchmark_atlas_phase1--renders,S6_pixel_Arthemy_Atlas_early_attn_draw1_seed1337_00001_.png,0.533834,0.00082733,0.00114833,0.00167403,0.00171689,0.00167825,0.051697,0.41955,144.36
benchmark_atlas_phase1--renders,S6_pixel_Arthemy_Atlas_early_attn_draw1_seed42_00001_.png,0.513604,0.00085720,0.00121238,0.00151288,0.00147118,0.00155671,0.048481,0.44369,122.14
benchmark_atlas_phase1--renders,S6_pixel_Arthemy_Atlas_early_attn_draw1_seed777_00001_.png,0.530453,0.00088057,0.00124800,0.00175471,0.00167587,0.00170864,0.050617,0.46092,172.25
benchmark_atlas_phase1--renders,S6_pixel_Arthemy_Atlas_early_attn_draw2_seed1337_00001_.png,0.542359,0.00046974,0.00050226,0.00097961,0.00176278,0.00223158,0.055814,0.77056,156.02
benchmark_atlas_phase1--renders,S6_pixel_Arthemy_Atlas_early_attn_draw2_seed42_00001_.png,0.556960,0.00062144,0.00058765,0.00112349,0.00194640,0.00245214,0.049500,0.74735,134.79
benchmark_atlas_phase1--renders,S6_pixel_Arthemy_Atlas_early_attn_draw2_seed777_00001_.png,0.545382,0.00057419,0.00053916,0.00106185,0.00179516,0.00227239,0.059685,0.75208,147.25
benchmark_atlas_phase1--renders,S6_pixel_Arthemy_Atlas_early_mid_attn_draw1_seed1337_00001_.png,0.520779,0.00078823,0.00108718,0.00160056,0.00169361,0.00164715,0.049274,0.42366,134.67
benchmark_atlas_phase1--renders,S6_pixel_Arthemy_Atlas_early_mid_attn_draw1_seed42_00001_.png,0.510898,0.00079873,0.00108677,0.00151292,0.00163400,0.00175588,0.048218,0.42681,104.07
benchmark_atlas_phase1--renders,S6_pixel_Arthemy_Atlas_early_mid_attn_draw1_seed777_00001_.png,0.514797,0.00082542,0.00115892,0.00154998,0.00149430,0.00165201,0.049587,0.42851,139.46
benchmark_atlas_phase1--renders,S6_pixel_Arthemy_Atlas_early_mid_attn_draw2_seed1337_00001_.png,0.551120,0.00084106,0.00110694,0.00179442,0.00190465,0.00180081,0.051538,0.43820,133.84
benchmark_atlas_phase1--renders,S6_pixel_Arthemy_Atlas_early_mid_attn_draw2_seed42_00001_.png,0.529585,0.00076066,0.00103932,0.00156308,0.00151180,0.00150287,0.046074,0.43714,91.70
benchmark_atlas_phase1--renders,S6_pixel_Arthemy_Atlas_early_mid_attn_draw2_seed777_00001_.png,0.540968,0.00086191,0.00118896,0.00181323,0.00174698,0.00178902,0.049179,0.43631,114.73
benchmark_atlas_phase1--renders,S6_pixel_Arthemy_Atlas_early_mid_mlp_draw1_seed1337_00001_.png,0.543015,0.00069908,0.00095095,0.00149777,0.00164583,0.00167910,0.050936,0.43973,144.88
benchmark_atlas_phase1--renders,S6_pixel_Arthemy_Atlas_early_mid_mlp_draw1_seed42_00001_.png,0.521936,0.00077848,0.00105783,0.00150359,0.00159849,0.00167937,0.047652,0.44418,114.33
benchmark_atlas_phase1--renders,S6_pixel_Arthemy_Atlas_early_mid_mlp_draw1_seed777_00001_.png,0.537617,0.00077989,0.00110605,0.00163597,0.00165606,0.00171828,0.051433,0.44735,148.19
benchmark_atlas_phase1--renders,S6_pixel_Arthemy_Atlas_early_mid_mlp_draw2_seed1337_00001_.png,0.509152,0.00083738,0.00113755,0.00171074,0.00175537,0.00171011,0.051102,0.42152,139.31
benchmark_atlas_phase1--renders,S6_pixel_Arthemy_Atlas_early_mid_mlp_draw2_seed42_00001_.png,0.498593,0.00091956,0.00127185,0.00168295,0.00166842,0.00166475,0.049973,0.42302,104.89
benchmark_atlas_phase1--renders,S6_pixel_Arthemy_Atlas_early_mid_mlp_draw2_seed777_00001_.png,0.510635,0.00089251,0.00120670,0.00168036,0.00165403,0.00181583,0.050573,0.43641,147.77
benchmark_atlas_phase1--renders,S6_pixel_Arthemy_Atlas_early_mlp_draw1_seed1337_00001_.png,0.526849,0.00057966,0.00078080,0.00106342,0.00116437,0.00123374,0.040037,0.35368,113.91
benchmark_atlas_phase1--renders,S6_pixel_Arthemy_Atlas_early_mlp_draw1_seed42_00001_.png,0.523419,0.00056811,0.00073793,0.00100505,0.00111909,0.00134738,0.040238,0.36956,95.10
benchmark_atlas_phase1--renders,S6_pixel_Arthemy_Atlas_early_mlp_draw1_seed777_00001_.png,0.526010,0.00063752,0.00086891,0.00107998,0.00115806,0.00141837,0.042869,0.36459,113.00
benchmark_atlas_phase1--renders,S6_pixel_Arthemy_Atlas_early_mlp_draw2_seed1337_00001_.png,0.526917,0.00068788,0.00099608,0.00150431,0.00163212,0.00167804,0.049869,0.44848,148.31
benchmark_atlas_phase1--renders,S6_pixel_Arthemy_Atlas_early_mlp_draw2_seed42_00001_.png,0.509672,0.00066208,0.00094744,0.00139148,0.00153968,0.00165387,0.045173,0.47172,130.20
benchmark_atlas_phase1--renders,S6_pixel_Arthemy_Atlas_early_mlp_draw2_seed777_00001_.png,0.523052,0.00064748,0.00093423,0.00139064,0.00148127,0.00156440,0.046743,0.46587,165.81
benchmark_atlas_phase1--renders,S6_pixel_Arthemy_Atlas_late_attn_draw1_seed1337_00001_.png,0.556928,0.00073223,0.00103165,0.00169789,0.00195998,0.00205785,0.064063,0.52244,93.23
benchmark_atlas_phase1--renders,S6_pixel_Arthemy_Atlas_late_attn_draw1_seed42_00001_.png,0.522434,0.00080915,0.00111344,0.00165359,0.00187543,0.00215464,0.057880,0.51939,79.50
benchmark_atlas_phase1--renders,S6_pixel_Arthemy_Atlas_late_attn_draw1_seed777_00001_.png,0.551116,0.00074561,0.00102600,0.00166990,0.00179588,0.00207289,0.063099,0.54722,142.53
benchmark_atlas_phase1--renders,S6_pixel_Arthemy_Atlas_late_attn_draw2_seed1337_00001_.png,0.525711,0.00076882,0.00107720,0.00137193,0.00136029,0.00143235,0.046621,0.36920,129.21
benchmark_atlas_phase1--renders,S6_pixel_Arthemy_Atlas_late_attn_draw2_seed42_00001_.png,0.531301,0.00079374,0.00111083,0.00128573,0.00123607,0.00144557,0.045427,0.38515,117.43
benchmark_atlas_phase1--renders,S6_pixel_Arthemy_Atlas_late_attn_draw2_seed777_00001_.png,0.513596,0.00081139,0.00120054,0.00142366,0.00134314,0.00146514,0.046743,0.42887,160.33
benchmark_atlas_phase1--renders,S6_pixel_Arthemy_Atlas_late_mid_attn_draw1_seed1337_00001_.png,0.543255,0.00079561,0.00110491,0.00165440,0.00180973,0.00180721,0.053974,0.48007,154.95
benchmark_atlas_phase1--renders,S6_pixel_Arthemy_Atlas_late_mid_attn_draw1_seed42_00001_.png,0.514447,0.00089311,0.00125304,0.00172853,0.00173003,0.00186764,0.052000,0.48371,129.65
benchmark_atlas_phase1--renders,S6_pixel_Arthemy_Atlas_late_mid_attn_draw1_seed777_00001_.png,0.548700,0.00089382,0.00125159,0.00184247,0.00179854,0.00192048,0.056568,0.52113,178.60
benchmark_atlas_phase1--renders,S6_pixel_Arthemy_Atlas_late_mid_attn_draw2_seed1337_00001_.png,0.530060,0.00072689,0.00101812,0.00153367,0.00158448,0.00161774,0.051383,0.44119,132.54
benchmark_atlas_phase1--renders,S6_pixel_Arthemy_Atlas_late_mid_attn_draw2_seed42_00001_.png,0.512629,0.00084670,0.00118744,0.00165298,0.00172840,0.00182285,0.051095,0.49794,123.50
benchmark_atlas_phase1--renders,S6_pixel_Arthemy_Atlas_late_mid_attn_draw2_seed777_00001_.png,0.540663,0.00075185,0.00109673,0.00159110,0.00163310,0.00187520,0.052924,0.49143,168.18
benchmark_atlas_phase1--renders,S6_pixel_Arthemy_Atlas_late_mid_mlp_draw1_seed1337_00001_.png,0.561516,0.00069065,0.00098098,0.00164858,0.00192888,0.00190843,0.055526,0.49380,130.12
benchmark_atlas_phase1--renders,S6_pixel_Arthemy_Atlas_late_mid_mlp_draw1_seed42_00001_.png,0.537580,0.00073298,0.00104586,0.00164479,0.00190117,0.00210520,0.053061,0.49394,108.23
benchmark_atlas_phase1--renders,S6_pixel_Arthemy_Atlas_late_mid_mlp_draw1_seed777_00001_.png,0.560607,0.00080157,0.00111437,0.00187418,0.00192400,0.00206896,0.057342,0.53010,156.38
benchmark_atlas_phase1--renders,S6_pixel_Arthemy_Atlas_late_mid_mlp_draw2_seed1337_00001_.png,0.539662,0.00091385,0.00123902,0.00157158,0.00164102,0.00155563,0.046485,0.44381,138.11
benchmark_atlas_phase1--renders,S6_pixel_Arthemy_Atlas_late_mid_mlp_draw2_seed42_00001_.png,0.528841,0.00088417,0.00117591,0.00144223,0.00152674,0.00163668,0.046031,0.42358,107.29
benchmark_atlas_phase1--renders,S6_pixel_Arthemy_Atlas_late_mid_mlp_draw2_seed777_00001_.png,0.522560,0.00093732,0.00129021,0.00157631,0.00142387,0.00145044,0.047275,0.41096,147.96
benchmark_atlas_phase1--renders,S6_pixel_Arthemy_Atlas_late_mlp_draw1_seed1337_00001_.png,0.503647,0.00039961,0.00055636,0.00090532,0.00123228,0.00148836,0.047281,0.41295,131.53
benchmark_atlas_phase1--renders,S6_pixel_Arthemy_Atlas_late_mlp_draw1_seed42_00001_.png,0.480030,0.00051812,0.00068509,0.00098245,0.00129265,0.00175308,0.047321,0.43901,102.93
benchmark_atlas_phase1--renders,S6_pixel_Arthemy_Atlas_late_mlp_draw1_seed777_00001_.png,0.488132,0.00043520,0.00060964,0.00090529,0.00116989,0.00159148,0.050480,0.46831,149.43
benchmark_atlas_phase1--renders,S6_pixel_Arthemy_Atlas_late_mlp_draw2_seed1337_00001_.png,0.579478,0.00147618,0.00200379,0.00319087,0.00245394,0.00149878,0.050923,0.42272,84.60
benchmark_atlas_phase1--renders,S6_pixel_Arthemy_Atlas_late_mlp_draw2_seed42_00001_.png,0.564446,0.00167127,0.00238120,0.00352481,0.00257280,0.00188861,0.053425,0.44511,65.58
benchmark_atlas_phase1--renders,S6_pixel_Arthemy_Atlas_late_mlp_draw2_seed777_00001_.png,0.583024,0.00154011,0.00216821,0.00343738,0.00255454,0.00186770,0.055107,0.43034,192.90
benchmark_atlas_phase1--renders,S6_pixel_Arthemy_Atlas_model_only_draw1_seed1337_00001_.png,0.526972,0.00073049,0.00102657,0.00150377,0.00168442,0.00178086,0.053739,0.44080,139.49
benchmark_atlas_phase1--renders,S6_pixel_Arthemy_Atlas_model_only_draw1_seed42_00001_.png,0.499130,0.00066262,0.00089334,0.00133084,0.00157287,0.00174995,0.051821,0.43011,111.08
benchmark_atlas_phase1--renders,S6_pixel_Arthemy_Atlas_model_only_draw1_seed777_00001_.png,0.519148,0.00061596,0.00084382,0.00120185,0.00133303,0.00161432,0.050287,0.44290,148.31
benchmark_atlas_phase1--renders,S6_pixel_Arthemy_Atlas_model_only_draw2_seed1337_00001_.png,0.498565,0.00073644,0.00107696,0.00150597,0.00174096,0.00209940,0.068012,0.81260,168.43
benchmark_atlas_phase1--renders,S6_pixel_Arthemy_Atlas_model_only_draw2_seed42_00001_.png,0.486331,0.00087545,0.00103765,0.00143412,0.00194381,0.00263503,0.064011,0.81538,160.61
benchmark_atlas_phase1--renders,S6_pixel_Arthemy_Atlas_model_only_draw2_seed777_00001_.png,0.468789,0.00083754,0.00105461,0.00133925,0.00158189,0.00216407,0.073328,0.83079,175.73
benchmark_atlas_phase1--renders,S6_pixel_Arthemy_Atlas_modulation_norm_draw1_seed1337_00001_.png,0.534198,0.00080562,0.00109454,0.00167060,0.00177389,0.00177286,0.051691,0.43772,137.63
benchmark_atlas_phase1--renders,S6_pixel_Arthemy_Atlas_modulation_norm_draw1_seed42_00001_.png,0.509276,0.00083100,0.00115183,0.00156814,0.00167111,0.00178389,0.049135,0.43255,99.20
benchmark_atlas_phase1--renders,S6_pixel_Arthemy_Atlas_modulation_norm_draw1_seed777_00001_.png,0.529578,0.00085219,0.00120326,0.00173840,0.00169181,0.00182631,0.052783,0.46530,157.24
benchmark_atlas_phase1--renders,S6_pixel_Arthemy_Atlas_modulation_norm_draw2_seed1337_00001_.png,0.534198,0.00080562,0.00109454,0.00167060,0.00177389,0.00177286,0.051691,0.43772,137.63
benchmark_atlas_phase1--renders,S6_pixel_Arthemy_Atlas_modulation_norm_draw2_seed42_00001_.png,0.509276,0.00083100,0.00115183,0.00156814,0.00167111,0.00178389,0.049135,0.43255,99.20
benchmark_atlas_phase1--renders,S6_pixel_Arthemy_Atlas_modulation_norm_draw2_seed777_00001_.png,0.529578,0.00085219,0.00120326,0.00173840,0.00169181,0.00182631,0.052783,0.46530,157.24
benchmark_atlas_phase1--renders,S6_pixel_Arthemy_Atlas_txtfusion_draw1_seed1337_00001_.png,0.525875,0.00076368,0.00108470,0.00159013,0.00163366,0.00161028,0.051413,0.44780,158.42
benchmark_atlas_phase1--renders,S6_pixel_Arthemy_Atlas_txtfusion_draw1_seed42_00001_.png,0.518120,0.00081101,0.00113740,0.00153800,0.00149326,0.00151563,0.047341,0.46073,141.68
benchmark_atlas_phase1--renders,S6_pixel_Arthemy_Atlas_txtfusion_draw1_seed777_00001_.png,0.526553,0.00091711,0.00131422,0.00180529,0.00169704,0.00169990,0.050685,0.44814,169.72
benchmark_atlas_phase1--renders,S6_pixel_Arthemy_Atlas_txtfusion_draw2_seed1337_00001_.png,0.526644,0.00081250,0.00110497,0.00164494,0.00180328,0.00195891,0.054099,0.43525,103.07
benchmark_atlas_phase1--renders,S6_pixel_Arthemy_Atlas_txtfusion_draw2_seed42_00001_.png,0.499911,0.00070089,0.00092147,0.00135605,0.00156272,0.00179583,0.046822,0.46400,92.53
benchmark_atlas_phase1--renders,S6_pixel_Arthemy_Atlas_txtfusion_draw2_seed777_00001_.png,0.505393,0.00077084,0.00106143,0.00148595,0.00166442,0.00192877,0.050469,0.45910,111.77
benchmark_atlas_phase1--renders,S6_pixel_Arthemy_Atlas_uniform_all_draw1_seed1337_00001_.png,0.546101,0.00066469,0.00093919,0.00145151,0.00170976,0.00194321,0.055532,0.48338,139.99
benchmark_atlas_phase1--renders,S6_pixel_Arthemy_Atlas_uniform_all_draw1_seed42_00001_.png,0.511430,0.00067320,0.00094785,0.00137372,0.00163086,0.00188122,0.053311,0.49249,120.34
benchmark_atlas_phase1--renders,S6_pixel_Arthemy_Atlas_uniform_all_draw1_seed777_00001_.png,0.539475,0.00065098,0.00091050,0.00133738,0.00153020,0.00172956,0.052968,0.51379,155.57
benchmark_atlas_phase1--renders,S6_pixel_Arthemy_Atlas_uniform_all_draw2_seed1337_00001_.png,0.518093,0.00073694,0.00110444,0.00158279,0.00183940,0.00203323,0.069044,0.78770,169.26
benchmark_atlas_phase1--renders,S6_pixel_Arthemy_Atlas_uniform_all_draw2_seed42_00001_.png,0.501718,0.00070721,0.00100818,0.00149652,0.00204574,0.00248592,0.065768,0.80083,166.45
benchmark_atlas_phase1--renders,S6_pixel_Arthemy_Atlas_uniform_all_draw2_seed777_00001_.png,0.503609,0.00083723,0.00121218,0.00157176,0.00167486,0.00221282,0.068750,0.80982,174.72
benchmark_atlas_phase1--renders,S6_pixel_baseline_seed1337_00001_.png,0.534198,0.00080562,0.00109454,0.00167060,0.00177389,0.00177286,0.051691,0.43772,137.63
benchmark_atlas_phase1--renders,S6_pixel_baseline_seed42_00001_.png,0.509276,0.00083100,0.00115183,0.00156814,0.00167111,0.00178389,0.049135,0.43255,99.20
benchmark_atlas_phase1--renders,S6_pixel_baseline_seed777_00001_.png,0.529578,0.00085219,0.00120326,0.00173840,0.00169181,0.00182631,0.052783,0.46530,157.24
benchmark_atlas_phase1--renders,S7_glass_Arthemy_Atlas_clip_only_draw1_seed1337_00001_.png,0.723099,0.00082887,0.00141852,0.00229586,0.00247193,0.00242981,0.053845,0.51909,72.20
benchmark_atlas_phase1--renders,S7_glass_Arthemy_Atlas_clip_only_draw1_seed42_00001_.png,0.697057,0.00075128,0.00120148,0.00182694,0.00194036,0.00197123,0.052729,0.49341,57.77
benchmark_atlas_phase1--renders,S7_glass_Arthemy_Atlas_clip_only_draw1_seed777_00001_.png,0.703555,0.00088657,0.00139796,0.00211076,0.00209215,0.00207315,0.051719,0.47211,66.17
benchmark_atlas_phase1--renders,S7_glass_Arthemy_Atlas_clip_only_draw2_seed1337_00001_.png,0.703393,0.00083070,0.00118323,0.00190138,0.00210017,0.00222080,0.048807,0.44528,62.01
benchmark_atlas_phase1--renders,S7_glass_Arthemy_Atlas_clip_only_draw2_seed42_00001_.png,0.682910,0.00091202,0.00127083,0.00183003,0.00198044,0.00192228,0.049470,0.45977,56.10
benchmark_atlas_phase1--renders,S7_glass_Arthemy_Atlas_clip_only_draw2_seed777_00001_.png,0.691467,0.00090090,0.00126355,0.00195635,0.00224519,0.00228781,0.055697,0.44148,57.44
benchmark_atlas_phase1--renders,S7_glass_Arthemy_Atlas_early_attn_draw1_seed1337_00001_.png,0.721256,0.00072487,0.00134484,0.00234181,0.00249597,0.00242198,0.055723,0.50801,62.64
benchmark_atlas_phase1--renders,S7_glass_Arthemy_Atlas_early_attn_draw1_seed42_00001_.png,0.698160,0.00085963,0.00133250,0.00213554,0.00236514,0.00235558,0.056829,0.46545,58.59
benchmark_atlas_phase1--renders,S7_glass_Arthemy_Atlas_early_attn_draw1_seed777_00001_.png,0.717309,0.00076448,0.00132726,0.00227543,0.00246617,0.00240970,0.055513,0.46731,59.85
benchmark_atlas_phase1--renders,S7_glass_Arthemy_Atlas_early_attn_draw2_seed1337_00001_.png,0.764103,0.00088726,0.00181676,0.00352770,0.00389605,0.00320393,0.062465,0.68147,103.95
benchmark_atlas_phase1--renders,S7_glass_Arthemy_Atlas_early_attn_draw2_seed42_00001_.png,0.767376,0.00082123,0.00166451,0.00370733,0.00420176,0.00311922,0.063757,0.65439,93.28
benchmark_atlas_phase1--renders,S7_glass_Arthemy_Atlas_early_attn_draw2_seed777_00001_.png,0.769585,0.00091208,0.00173020,0.00314552,0.00314113,0.00244551,0.057601,0.64419,96.34
benchmark_atlas_phase1--renders,S7_glass_Arthemy_Atlas_early_mid_attn_draw1_seed1337_00001_.png,0.719324,0.00076950,0.00140930,0.00232836,0.00251481,0.00256900,0.060735,0.50856,63.26
benchmark_atlas_phase1--renders,S7_glass_Arthemy_Atlas_early_mid_attn_draw1_seed42_00001_.png,0.686055,0.00080154,0.00122159,0.00192329,0.00217465,0.00225790,0.056162,0.47072,57.47
benchmark_atlas_phase1--renders,S7_glass_Arthemy_Atlas_early_mid_attn_draw1_seed777_00001_.png,0.688258,0.00078871,0.00112300,0.00180254,0.00206402,0.00204430,0.053005,0.46280,63.03
benchmark_atlas_phase1--renders,S7_glass_Arthemy_Atlas_early_mid_attn_draw2_seed1337_00001_.png,0.732581,0.00081512,0.00138624,0.00239333,0.00243816,0.00220230,0.055748,0.47133,64.77
benchmark_atlas_phase1--renders,S7_glass_Arthemy_Atlas_early_mid_attn_draw2_seed42_00001_.png,0.690016,0.00098777,0.00138154,0.00215242,0.00238701,0.00232101,0.057308,0.43422,66.27
benchmark_atlas_phase1--renders,S7_glass_Arthemy_Atlas_early_mid_attn_draw2_seed777_00001_.png,0.689109,0.00097732,0.00134351,0.00218524,0.00246094,0.00237979,0.057376,0.43563,64.92
benchmark_atlas_phase1--renders,S7_glass_Arthemy_Atlas_early_mid_mlp_draw1_seed1337_00001_.png,0.725321,0.00085190,0.00143123,0.00227512,0.00233593,0.00222597,0.054063,0.49301,62.19
benchmark_atlas_phase1--renders,S7_glass_Arthemy_Atlas_early_mid_mlp_draw1_seed42_00001_.png,0.693230,0.00103921,0.00139774,0.00197657,0.00203261,0.00198525,0.051852,0.45568,61.47
benchmark_atlas_phase1--renders,S7_glass_Arthemy_Atlas_early_mid_mlp_draw1_seed777_00001_.png,0.688995,0.00099400,0.00141782,0.00212950,0.00226401,0.00217923,0.054645,0.42132,63.23
benchmark_atlas_phase1--renders,S7_glass_Arthemy_Atlas_early_mid_mlp_draw2_seed1337_00001_.png,0.714723,0.00072824,0.00127513,0.00210940,0.00229557,0.00238490,0.056093,0.45947,68.30
benchmark_atlas_phase1--renders,S7_glass_Arthemy_Atlas_early_mid_mlp_draw2_seed42_00001_.png,0.715945,0.00077139,0.00126522,0.00228466,0.00252610,0.00246541,0.055204,0.52659,53.21
benchmark_atlas_phase1--renders,S7_glass_Arthemy_Atlas_early_mid_mlp_draw2_seed777_00001_.png,0.712073,0.00083418,0.00133047,0.00224955,0.00246951,0.00246477,0.058227,0.47902,63.79
benchmark_atlas_phase1--renders,S7_glass_Arthemy_Atlas_early_mlp_draw1_seed1337_00001_.png,0.634571,0.00059777,0.00078523,0.00132341,0.00180883,0.00207985,0.050559,0.44291,66.75
benchmark_atlas_phase1--renders,S7_glass_Arthemy_Atlas_early_mlp_draw1_seed42_00001_.png,0.598037,0.00068986,0.00072680,0.00115893,0.00152437,0.00181970,0.048540,0.44397,63.71
benchmark_atlas_phase1--renders,S7_glass_Arthemy_Atlas_early_mlp_draw1_seed777_00001_.png,0.600547,0.00072804,0.00071568,0.00107110,0.00143546,0.00181671,0.046187,0.42508,68.08
benchmark_atlas_phase1--renders,S7_glass_Arthemy_Atlas_early_mlp_draw2_seed1337_00001_.png,0.703592,0.00089224,0.00129775,0.00191605,0.00204184,0.00204930,0.053507,0.44735,79.82
benchmark_atlas_phase1--renders,S7_glass_Arthemy_Atlas_early_mlp_draw2_seed42_00001_.png,0.665368,0.00099668,0.00120208,0.00158928,0.00173017,0.00185351,0.053892,0.41379,66.46
benchmark_atlas_phase1--renders,S7_glass_Arthemy_Atlas_early_mlp_draw2_seed777_00001_.png,0.663934,0.00102618,0.00120730,0.00158785,0.00172000,0.00188487,0.051344,0.39699,72.66
benchmark_atlas_phase1--renders,S7_glass_Arthemy_Atlas_late_attn_draw1_seed1337_00001_.png,0.679036,0.00087127,0.00130455,0.00212572,0.00252404,0.00287031,0.064820,0.55967,64.72
benchmark_atlas_phase1--renders,S7_glass_Arthemy_Atlas_late_attn_draw1_seed42_00001_.png,0.660969,0.00094743,0.00132940,0.00221544,0.00280904,0.00304664,0.064965,0.54158,59.87
benchmark_atlas_phase1--renders,S7_glass_Arthemy_Atlas_late_attn_draw1_seed777_00001_.png,0.647139,0.00091381,0.00119071,0.00188631,0.00244143,0.00274862,0.061272,0.53309,62.29
benchmark_atlas_phase1--renders,S7_glass_Arthemy_Atlas_late_attn_draw2_seed1337_00001_.png,0.644817,0.00065252,0.00092194,0.00126040,0.00136620,0.00167870,0.046229,0.38037,66.09
benchmark_atlas_phase1--renders,S7_glass_Arthemy_Atlas_late_attn_draw2_seed42_00001_.png,0.631888,0.00076034,0.00093372,0.00129659,0.00144491,0.00166725,0.047809,0.40542,59.23
benchmark_atlas_phase1--renders,S7_glass_Arthemy_Atlas_late_attn_draw2_seed777_00001_.png,0.645965,0.00077273,0.00095396,0.00128531,0.00150418,0.00177560,0.046318,0.38167,64.27
benchmark_atlas_phase1--renders,S7_glass_Arthemy_Atlas_late_mid_attn_draw1_seed1337_00001_.png,0.716503,0.00080891,0.00137180,0.00220085,0.00230755,0.00221964,0.058010,0.47717,72.42
benchmark_atlas_phase1--renders,S7_glass_Arthemy_Atlas_late_mid_attn_draw1_seed42_00001_.png,0.687176,0.00082600,0.00122889,0.00196949,0.00227801,0.00236169,0.057544,0.44367,63.60
benchmark_atlas_phase1--renders,S7_glass_Arthemy_Atlas_late_mid_attn_draw1_seed777_00001_.png,0.693429,0.00085195,0.00124916,0.00194599,0.00215051,0.00220911,0.054174,0.44477,68.51
benchmark_atlas_phase1--renders,S7_glass_Arthemy_Atlas_late_mid_attn_draw2_seed1337_00001_.png,0.725747,0.00077775,0.00138039,0.00224011,0.00235792,0.00236266,0.057605,0.44451,69.71
benchmark_atlas_phase1--renders,S7_glass_Arthemy_Atlas_late_mid_attn_draw2_seed42_00001_.png,0.720737,0.00082658,0.00140432,0.00245630,0.00260559,0.00245669,0.054870,0.46063,61.25
benchmark_atlas_phase1--renders,S7_glass_Arthemy_Atlas_late_mid_attn_draw2_seed777_00001_.png,0.712482,0.00079487,0.00129336,0.00212882,0.00227686,0.00220844,0.054358,0.45223,69.43
benchmark_atlas_phase1--renders,S7_glass_Arthemy_Atlas_late_mid_mlp_draw1_seed1337_00001_.png,0.704057,0.00082218,0.00130399,0.00217488,0.00229842,0.00219972,0.052388,0.49185,59.00
benchmark_atlas_phase1--renders,S7_glass_Arthemy_Atlas_late_mid_mlp_draw1_seed42_00001_.png,0.690073,0.00098536,0.00135592,0.00215698,0.00216439,0.00204116,0.051322,0.46903,55.45
benchmark_atlas_phase1--renders,S7_glass_Arthemy_Atlas_late_mid_mlp_draw1_seed777_00001_.png,0.689303,0.00087943,0.00125022,0.00191635,0.00200606,0.00196603,0.049105,0.45995,62.18
benchmark_atlas_phase1--renders,S7_glass_Arthemy_Atlas_late_mid_mlp_draw2_seed1337_00001_.png,0.683149,0.00075958,0.00117371,0.00185974,0.00214140,0.00229719,0.055577,0.41391,80.42
benchmark_atlas_phase1--renders,S7_glass_Arthemy_Atlas_late_mid_mlp_draw2_seed42_00001_.png,0.661394,0.00077549,0.00111601,0.00164812,0.00196274,0.00207291,0.055478,0.44423,65.86
benchmark_atlas_phase1--renders,S7_glass_Arthemy_Atlas_late_mid_mlp_draw2_seed777_00001_.png,0.660993,0.00081000,0.00109346,0.00167431,0.00201558,0.00215606,0.054489,0.40118,79.68
benchmark_atlas_phase1--renders,S7_glass_Arthemy_Atlas_late_mlp_draw1_seed1337_00001_.png,0.628932,0.00045039,0.00076782,0.00133373,0.00174479,0.00232879,0.055910,0.47738,74.93
benchmark_atlas_phase1--renders,S7_glass_Arthemy_Atlas_late_mlp_draw1_seed42_00001_.png,0.588414,0.00070245,0.00078813,0.00122851,0.00163890,0.00218658,0.053913,0.46175,60.40
benchmark_atlas_phase1--renders,S7_glass_Arthemy_Atlas_late_mlp_draw1_seed777_00001_.png,0.592879,0.00064593,0.00074734,0.00122597,0.00169209,0.00207140,0.052313,0.48369,70.08
benchmark_atlas_phase1--renders,S7_glass_Arthemy_Atlas_late_mlp_draw2_seed1337_00001_.png,0.768794,0.00169898,0.00284906,0.00429180,0.00304459,0.00188615,0.052722,0.43344,61.43
benchmark_atlas_phase1--renders,S7_glass_Arthemy_Atlas_late_mlp_draw2_seed42_00001_.png,0.763489,0.00175398,0.00268572,0.00392352,0.00285077,0.00181187,0.052299,0.44640,50.49
benchmark_atlas_phase1--renders,S7_glass_Arthemy_Atlas_late_mlp_draw2_seed777_00001_.png,0.755247,0.00160049,0.00275711,0.00390842,0.00276558,0.00188817,0.052234,0.45791,53.05
benchmark_atlas_phase1--renders,S7_glass_Arthemy_Atlas_model_only_draw1_seed1337_00001_.png,0.660792,0.00083328,0.00108348,0.00164311,0.00180272,0.00191842,0.049845,0.48043,73.31
benchmark_atlas_phase1--renders,S7_glass_Arthemy_Atlas_model_only_draw1_seed42_00001_.png,0.642316,0.00087832,0.00108489,0.00168288,0.00183305,0.00213131,0.057066,0.51183,64.22
benchmark_atlas_phase1--renders,S7_glass_Arthemy_Atlas_model_only_draw1_seed777_00001_.png,0.640604,0.00092173,0.00103978,0.00162810,0.00192854,0.00202378,0.053451,0.47615,64.55
benchmark_atlas_phase1--renders,S7_glass_Arthemy_Atlas_model_only_draw2_seed1337_00001_.png,0.705343,0.00108857,0.00151300,0.00189535,0.00181969,0.00197814,0.058386,0.57822,114.73
benchmark_atlas_phase1--renders,S7_glass_Arthemy_Atlas_model_only_draw2_seed42_00001_.png,0.649052,0.00135871,0.00120755,0.00152251,0.00156871,0.00186721,0.060176,0.56029,99.28
benchmark_atlas_phase1--renders,S7_glass_Arthemy_Atlas_model_only_draw2_seed777_00001_.png,0.673173,0.00136323,0.00126520,0.00139400,0.00155620,0.00192128,0.055734,0.57324,106.86
benchmark_atlas_phase1--renders,S7_glass_Arthemy_Atlas_modulation_norm_draw1_seed1337_00001_.png,0.720298,0.00076446,0.00135704,0.00218719,0.00227353,0.00223830,0.056012,0.48643,64.86
benchmark_atlas_phase1--renders,S7_glass_Arthemy_Atlas_modulation_norm_draw1_seed42_00001_.png,0.694842,0.00078914,0.00122281,0.00198766,0.00220263,0.00223802,0.056683,0.47761,57.13
benchmark_atlas_phase1--renders,S7_glass_Arthemy_Atlas_modulation_norm_draw1_seed777_00001_.png,0.690607,0.00073549,0.00118052,0.00196440,0.00224876,0.00216673,0.053604,0.45905,64.41
benchmark_atlas_phase1--renders,S7_glass_Arthemy_Atlas_modulation_norm_draw2_seed1337_00001_.png,0.720298,0.00076446,0.00135704,0.00218719,0.00227353,0.00223830,0.056012,0.48643,64.86
benchmark_atlas_phase1--renders,S7_glass_Arthemy_Atlas_modulation_norm_draw2_seed42_00001_.png,0.694842,0.00078914,0.00122281,0.00198766,0.00220263,0.00223802,0.056683,0.47761,57.13
benchmark_atlas_phase1--renders,S7_glass_Arthemy_Atlas_modulation_norm_draw2_seed777_00001_.png,0.690607,0.00073549,0.00118052,0.00196440,0.00224876,0.00216673,0.053604,0.45905,64.41
benchmark_atlas_phase1--renders,S7_glass_Arthemy_Atlas_txtfusion_draw1_seed1337_00001_.png,0.718479,0.00082134,0.00136457,0.00220723,0.00234847,0.00224610,0.053695,0.45375,62.40
benchmark_atlas_phase1--renders,S7_glass_Arthemy_Atlas_txtfusion_draw1_seed42_00001_.png,0.699985,0.00079795,0.00122600,0.00199381,0.00230781,0.00240759,0.055662,0.46962,59.35
benchmark_atlas_phase1--renders,S7_glass_Arthemy_Atlas_txtfusion_draw1_seed777_00001_.png,0.703011,0.00087359,0.00137011,0.00215350,0.00225646,0.00220514,0.052199,0.45992,62.68
benchmark_atlas_phase1--renders,S7_glass_Arthemy_Atlas_txtfusion_draw2_seed1337_00001_.png,0.696126,0.00080985,0.00127612,0.00198697,0.00216695,0.00234074,0.057487,0.52101,71.80
benchmark_atlas_phase1--renders,S7_glass_Arthemy_Atlas_txtfusion_draw2_seed42_00001_.png,0.671436,0.00086723,0.00114988,0.00168259,0.00190738,0.00199950,0.055455,0.50403,65.86
benchmark_atlas_phase1--renders,S7_glass_Arthemy_Atlas_txtfusion_draw2_seed777_00001_.png,0.699564,0.00102540,0.00158576,0.00223895,0.00224473,0.00235148,0.060576,0.48506,73.88
benchmark_atlas_phase1--renders,S7_glass_Arthemy_Atlas_uniform_all_draw1_seed1337_00001_.png,0.668599,0.00083826,0.00111904,0.00171241,0.00190035,0.00196222,0.049360,0.49450,72.29
benchmark_atlas_phase1--renders,S7_glass_Arthemy_Atlas_uniform_all_draw1_seed42_00001_.png,0.646462,0.00092717,0.00113636,0.00177798,0.00185679,0.00206296,0.055925,0.50430,66.66
benchmark_atlas_phase1--renders,S7_glass_Arthemy_Atlas_uniform_all_draw1_seed777_00001_.png,0.653009,0.00098812,0.00114150,0.00175695,0.00195846,0.00196232,0.052429,0.48280,68.14
benchmark_atlas_phase1--renders,S7_glass_Arthemy_Atlas_uniform_all_draw2_seed1337_00001_.png,0.711218,0.00105669,0.00149223,0.00180042,0.00171907,0.00188400,0.056104,0.53977,110.58
benchmark_atlas_phase1--renders,S7_glass_Arthemy_Atlas_uniform_all_draw2_seed42_00001_.png,0.671370,0.00109863,0.00119439,0.00144907,0.00157883,0.00186106,0.056916,0.54553,111.95
benchmark_atlas_phase1--renders,S7_glass_Arthemy_Atlas_uniform_all_draw2_seed777_00001_.png,0.673741,0.00136591,0.00130698,0.00138419,0.00150719,0.00185620,0.052738,0.53550,108.15
benchmark_atlas_phase1--renders,S7_glass_baseline_seed1337_00001_.png,0.720298,0.00076446,0.00135704,0.00218719,0.00227353,0.00223830,0.056012,0.48643,64.86
benchmark_atlas_phase1--renders,S7_glass_baseline_seed42_00001_.png,0.694842,0.00078914,0.00122281,0.00198766,0.00220263,0.00223802,0.056683,0.47761,57.13
benchmark_atlas_phase1--renders,S7_glass_baseline_seed777_00001_.png,0.690607,0.00073549,0.00118052,0.00196440,0.00224876,0.00216673,0.053604,0.45905,64.41
benchmark_atlas_phase1--renders,S8_charcoal_Arthemy_Atlas_clip_only_draw1_seed1337_00001_.png,0.565994,0.00149415,0.00170111,0.00254232,0.00290251,0.00314635,0.081614,0.13454,46.11
benchmark_atlas_phase1--renders,S8_charcoal_Arthemy_Atlas_clip_only_draw1_seed42_00001_.png,0.511589,0.00194427,0.00167368,0.00234912,0.00291466,0.00307100,0.072229,0.14460,42.26
benchmark_atlas_phase1--renders,S8_charcoal_Arthemy_Atlas_clip_only_draw1_seed777_00001_.png,0.545420,0.00187975,0.00179505,0.00264261,0.00329896,0.00331928,0.076988,0.12838,44.33
benchmark_atlas_phase1--renders,S8_charcoal_Arthemy_Atlas_clip_only_draw2_seed1337_00001_.png,0.557288,0.00203244,0.00195383,0.00283793,0.00319977,0.00328652,0.079723,0.13774,39.99
benchmark_atlas_phase1--renders,S8_charcoal_Arthemy_Atlas_clip_only_draw2_seed42_00001_.png,0.532847,0.00198432,0.00161955,0.00228799,0.00301372,0.00333471,0.070385,0.15987,38.31
benchmark_atlas_phase1--renders,S8_charcoal_Arthemy_Atlas_clip_only_draw2_seed777_00001_.png,0.549897,0.00196835,0.00189356,0.00268135,0.00328608,0.00334024,0.075549,0.15369,42.15
benchmark_atlas_phase1--renders,S8_charcoal_Arthemy_Atlas_early_attn_draw1_seed1337_00001_.png,0.546450,0.00176072,0.00204340,0.00296142,0.00304228,0.00302676,0.078085,0.10176,46.29
benchmark_atlas_phase1--renders,S8_charcoal_Arthemy_Atlas_early_attn_draw1_seed42_00001_.png,0.533769,0.00169774,0.00168896,0.00229411,0.00261738,0.00272521,0.070018,0.13967,46.23
benchmark_atlas_phase1--renders,S8_charcoal_Arthemy_Atlas_early_attn_draw1_seed777_00001_.png,0.543605,0.00197799,0.00210247,0.00291631,0.00337063,0.00341039,0.082224,0.10720,44.11
benchmark_atlas_phase1--renders,S8_charcoal_Arthemy_Atlas_early_attn_draw2_seed1337_00001_.png,0.695478,0.00326137,0.00419219,0.00789893,0.01168372,0.00845117,0.142081,0.33208,34.27
benchmark_atlas_phase1--renders,S8_charcoal_Arthemy_Atlas_early_attn_draw2_seed42_00001_.png,0.645665,0.00419316,0.00456032,0.00793154,0.01147310,0.00999493,0.149344,0.29946,34.92
benchmark_atlas_phase1--renders,S8_charcoal_Arthemy_Atlas_early_attn_draw2_seed777_00001_.png,0.692605,0.00388212,0.00460176,0.00784185,0.01105388,0.00849018,0.141894,0.28815,33.96
benchmark_atlas_phase1--renders,S8_charcoal_Arthemy_Atlas_early_mid_attn_draw1_seed1337_00001_.png,0.567572,0.00197892,0.00224953,0.00308057,0.00333172,0.00330261,0.088172,0.11795,45.16
benchmark_atlas_phase1--renders,S8_charcoal_Arthemy_Atlas_early_mid_attn_draw1_seed42_00001_.png,0.544051,0.00195365,0.00193749,0.00264946,0.00297863,0.00298050,0.077313,0.16615,41.12
benchmark_atlas_phase1--renders,S8_charcoal_Arthemy_Atlas_early_mid_attn_draw1_seed777_00001_.png,0.545690,0.00209834,0.00209949,0.00281701,0.00314114,0.00311229,0.080764,0.12473,40.73
benchmark_atlas_phase1--renders,S8_charcoal_Arthemy_Atlas_early_mid_attn_draw2_seed1337_00001_.png,0.576787,0.00224325,0.00256736,0.00335499,0.00380808,0.00387056,0.090073,0.09642,44.00
benchmark_atlas_phase1--renders,S8_charcoal_Arthemy_Atlas_early_mid_attn_draw2_seed42_00001_.png,0.550000,0.00231189,0.00233678,0.00308580,0.00354280,0.00388387,0.086480,0.11464,45.39
benchmark_atlas_phase1--renders,S8_charcoal_Arthemy_Atlas_early_mid_attn_draw2_seed777_00001_.png,0.569981,0.00273276,0.00268176,0.00348456,0.00413960,0.00412505,0.090676,0.08837,38.22
benchmark_atlas_phase1--renders,S8_charcoal_Arthemy_Atlas_early_mid_mlp_draw1_seed1337_00001_.png,0.571160,0.00213819,0.00246838,0.00372364,0.00415344,0.00424873,0.098770,0.11124,48.50
benchmark_atlas_phase1--renders,S8_charcoal_Arthemy_Atlas_early_mid_mlp_draw1_seed42_00001_.png,0.549386,0.00230560,0.00220732,0.00358900,0.00442835,0.00424331,0.093035,0.12394,46.07
benchmark_atlas_phase1--renders,S8_charcoal_Arthemy_Atlas_early_mid_mlp_draw1_seed777_00001_.png,0.566806,0.00257628,0.00248568,0.00351650,0.00406781,0.00388763,0.094418,0.10095,43.81
benchmark_atlas_phase1--renders,S8_charcoal_Arthemy_Atlas_early_mid_mlp_draw2_seed1337_00001_.png,0.533457,0.00204636,0.00208454,0.00288915,0.00343918,0.00373480,0.089956,0.11808,43.11
benchmark_atlas_phase1--renders,S8_charcoal_Arthemy_Atlas_early_mid_mlp_draw2_seed42_00001_.png,0.530449,0.00193089,0.00179567,0.00252054,0.00297365,0.00320893,0.076788,0.14671,38.57
benchmark_atlas_phase1--renders,S8_charcoal_Arthemy_Atlas_early_mid_mlp_draw2_seed777_00001_.png,0.530764,0.00205178,0.00196111,0.00260867,0.00309876,0.00315127,0.076149,0.11398,48.19
benchmark_atlas_phase1--renders,S8_charcoal_Arthemy_Atlas_early_mlp_draw1_seed1337_00001_.png,0.471277,0.00140929,0.00098100,0.00163949,0.00244389,0.00281272,0.075990,0.08972,41.05
benchmark_atlas_phase1--renders,S8_charcoal_Arthemy_Atlas_early_mlp_draw1_seed42_00001_.png,0.441862,0.00148710,0.00086592,0.00130165,0.00206617,0.00259810,0.065202,0.12116,40.57
benchmark_atlas_phase1--renders,S8_charcoal_Arthemy_Atlas_early_mlp_draw1_seed777_00001_.png,0.448970,0.00166343,0.00099811,0.00152463,0.00223492,0.00263512,0.065798,0.10274,42.45
benchmark_atlas_phase1--renders,S8_charcoal_Arthemy_Atlas_early_mlp_draw2_seed1337_00001_.png,0.557458,0.00205852,0.00200679,0.00288815,0.00332363,0.00339385,0.090713,0.12636,43.89
benchmark_atlas_phase1--renders,S8_charcoal_Arthemy_Atlas_early_mlp_draw2_seed42_00001_.png,0.514239,0.00247056,0.00170972,0.00246794,0.00327144,0.00351438,0.083617,0.12669,39.01
benchmark_atlas_phase1--renders,S8_charcoal_Arthemy_Atlas_early_mlp_draw2_seed777_00001_.png,0.536947,0.00258230,0.00206721,0.00278653,0.00334184,0.00362551,0.087614,0.09814,39.10
benchmark_atlas_phase1--renders,S8_charcoal_Arthemy_Atlas_late_attn_draw1_seed1337_00001_.png,0.492297,0.00205837,0.00243838,0.00320692,0.00373235,0.00418217,0.101436,0.14806,54.05
benchmark_atlas_phase1--renders,S8_charcoal_Arthemy_Atlas_late_attn_draw1_seed42_00001_.png,0.471110,0.00190754,0.00212472,0.00244803,0.00294762,0.00327340,0.081774,0.15616,51.04
benchmark_atlas_phase1--renders,S8_charcoal_Arthemy_Atlas_late_attn_draw1_seed777_00001_.png,0.471448,0.00215313,0.00239157,0.00283685,0.00342023,0.00386758,0.089992,0.13819,55.17
benchmark_atlas_phase1--renders,S8_charcoal_Arthemy_Atlas_late_attn_draw2_seed1337_00001_.png,0.470571,0.00187588,0.00135631,0.00171576,0.00189450,0.00237096,0.080557,0.09681,39.67
benchmark_atlas_phase1--renders,S8_charcoal_Arthemy_Atlas_late_attn_draw2_seed42_00001_.png,0.428475,0.00226396,0.00125989,0.00167987,0.00200490,0.00237851,0.074382,0.12958,35.30
benchmark_atlas_phase1--renders,S8_charcoal_Arthemy_Atlas_late_attn_draw2_seed777_00001_.png,0.460265,0.00230854,0.00154888,0.00193140,0.00223621,0.00264093,0.080499,0.09854,30.06
benchmark_atlas_phase1--renders,S8_charcoal_Arthemy_Atlas_late_mid_attn_draw1_seed1337_00001_.png,0.561062,0.00213167,0.00247782,0.00356093,0.00374688,0.00361147,0.090868,0.09848,51.95
benchmark_atlas_phase1--renders,S8_charcoal_Arthemy_Atlas_late_mid_attn_draw1_seed42_00001_.png,0.569816,0.00195567,0.00231426,0.00330888,0.00356575,0.00333197,0.082733,0.12380,47.46
benchmark_atlas_phase1--renders,S8_charcoal_Arthemy_Atlas_late_mid_attn_draw1_seed777_00001_.png,0.552824,0.00245731,0.00266234,0.00355162,0.00373410,0.00352300,0.090754,0.08649,43.50
benchmark_atlas_phase1--renders,S8_charcoal_Arthemy_Atlas_late_mid_attn_draw2_seed1337_00001_.png,0.558329,0.00239165,0.00280915,0.00408796,0.00420083,0.00365149,0.089547,0.09173,40.56
benchmark_atlas_phase1--renders,S8_charcoal_Arthemy_Atlas_late_mid_attn_draw2_seed42_00001_.png,0.549013,0.00235605,0.00224761,0.00336219,0.00379108,0.00355446,0.085062,0.11189,38.03
benchmark_atlas_phase1--renders,S8_charcoal_Arthemy_Atlas_late_mid_attn_draw2_seed777_00001_.png,0.547931,0.00253071,0.00249892,0.00357350,0.00374458,0.00366085,0.088837,0.08510,42.52
benchmark_atlas_phase1--renders,S8_charcoal_Arthemy_Atlas_late_mid_mlp_draw1_seed1337_00001_.png,0.526905,0.00227138,0.00234687,0.00281347,0.00309419,0.00309365,0.080489,0.07975,55.27
benchmark_atlas_phase1--renders,S8_charcoal_Arthemy_Atlas_late_mid_mlp_draw1_seed42_00001_.png,0.540628,0.00210776,0.00214308,0.00274554,0.00307729,0.00318630,0.077858,0.07826,50.45
benchmark_atlas_phase1--renders,S8_charcoal_Arthemy_Atlas_late_mid_mlp_draw1_seed777_00001_.png,0.539302,0.00238971,0.00246310,0.00305201,0.00316903,0.00298527,0.079311,0.07005,49.88
benchmark_atlas_phase1--renders,S8_charcoal_Arthemy_Atlas_late_mid_mlp_draw2_seed1337_00001_.png,0.585254,0.00137468,0.00183679,0.00288839,0.00310130,0.00307117,0.085275,0.13868,39.34
benchmark_atlas_phase1--renders,S8_charcoal_Arthemy_Atlas_late_mid_mlp_draw2_seed42_00001_.png,0.544782,0.00132142,0.00150100,0.00228037,0.00275628,0.00287449,0.072594,0.16319,39.23
benchmark_atlas_phase1--renders,S8_charcoal_Arthemy_Atlas_late_mid_mlp_draw2_seed777_00001_.png,0.549364,0.00157240,0.00172721,0.00254541,0.00291507,0.00295419,0.074885,0.14162,39.24
benchmark_atlas_phase1--renders,S8_charcoal_Arthemy_Atlas_late_mlp_draw1_seed1337_00001_.png,0.470232,0.00200623,0.00133462,0.00182958,0.00245272,0.00306958,0.091826,0.11698,58.25
benchmark_atlas_phase1--renders,S8_charcoal_Arthemy_Atlas_late_mlp_draw1_seed42_00001_.png,0.442485,0.00236189,0.00110920,0.00156649,0.00233531,0.00292621,0.079185,0.13497,46.77
benchmark_atlas_phase1--renders,S8_charcoal_Arthemy_Atlas_late_mlp_draw1_seed777_00001_.png,0.446270,0.00245811,0.00126855,0.00175642,0.00239195,0.00296941,0.081717,0.10509,47.76
benchmark_atlas_phase1--renders,S8_charcoal_Arthemy_Atlas_late_mlp_draw2_seed1337_00001_.png,0.607115,0.00317892,0.00551418,0.00760747,0.00523389,0.00320430,0.091182,0.16858,41.55
benchmark_atlas_phase1--renders,S8_charcoal_Arthemy_Atlas_late_mlp_draw2_seed42_00001_.png,0.589125,0.00318537,0.00560422,0.00726462,0.00474100,0.00285144,0.084941,0.18739,38.46
benchmark_atlas_phase1--renders,S8_charcoal_Arthemy_Atlas_late_mlp_draw2_seed777_00001_.png,0.599472,0.00326127,0.00580903,0.00733497,0.00515489,0.00308534,0.088005,0.18255,46.10
benchmark_atlas_phase1--renders,S8_charcoal_Arthemy_Atlas_model_only_draw1_seed1337_00001_.png,0.495457,0.00188804,0.00112612,0.00181647,0.00262671,0.00306177,0.084058,0.10189,64.36
benchmark_atlas_phase1--renders,S8_charcoal_Arthemy_Atlas_model_only_draw1_seed42_00001_.png,0.469970,0.00201954,0.00107752,0.00161622,0.00237834,0.00310427,0.075498,0.10876,51.19
benchmark_atlas_phase1--renders,S8_charcoal_Arthemy_Atlas_model_only_draw1_seed777_00001_.png,0.493865,0.00231509,0.00125751,0.00192318,0.00269245,0.00326870,0.081777,0.09059,62.43
benchmark_atlas_phase1--renders,S8_charcoal_Arthemy_Atlas_model_only_draw2_seed1337_00001_.png,0.473040,0.00605334,0.00220943,0.00302741,0.00446723,0.00611887,0.138460,0.11136,301.38
benchmark_atlas_phase1--renders,S8_charcoal_Arthemy_Atlas_model_only_draw2_seed42_00001_.png,0.415380,0.00672757,0.00172167,0.00232652,0.00354589,0.00529964,0.133883,0.10399,318.51
benchmark_atlas_phase1--renders,S8_charcoal_Arthemy_Atlas_model_only_draw2_seed777_00001_.png,0.455494,0.00634037,0.00205927,0.00263281,0.00394461,0.00547554,0.135016,0.10069,302.59
benchmark_atlas_phase1--renders,S8_charcoal_Arthemy_Atlas_modulation_norm_draw1_seed1337_00001_.png,0.560101,0.00193700,0.00235443,0.00353975,0.00382374,0.00357571,0.092566,0.11958,51.41
benchmark_atlas_phase1--renders,S8_charcoal_Arthemy_Atlas_modulation_norm_draw1_seed42_00001_.png,0.534386,0.00192992,0.00189716,0.00268603,0.00317286,0.00310967,0.077540,0.13861,45.68
benchmark_atlas_phase1--renders,S8_charcoal_Arthemy_Atlas_modulation_norm_draw1_seed777_00001_.png,0.550817,0.00218805,0.00220048,0.00305245,0.00347909,0.00333905,0.082806,0.11384,47.10
benchmark_atlas_phase1--renders,S8_charcoal_Arthemy_Atlas_modulation_norm_draw2_seed1337_00001_.png,0.560101,0.00193700,0.00235443,0.00353975,0.00382374,0.00357571,0.092566,0.11958,51.41
benchmark_atlas_phase1--renders,S8_charcoal_Arthemy_Atlas_modulation_norm_draw2_seed42_00001_.png,0.534386,0.00192992,0.00189716,0.00268603,0.00317286,0.00310967,0.077540,0.13861,45.68
benchmark_atlas_phase1--renders,S8_charcoal_Arthemy_Atlas_modulation_norm_draw2_seed777_00001_.png,0.550817,0.00218805,0.00220048,0.00305245,0.00347909,0.00333905,0.082806,0.11384,47.10
benchmark_atlas_phase1--renders,S8_charcoal_Arthemy_Atlas_txtfusion_draw1_seed1337_00001_.png,0.546168,0.00190008,0.00223887,0.00320530,0.00328825,0.00325819,0.086854,0.12387,45.37
benchmark_atlas_phase1--renders,S8_charcoal_Arthemy_Atlas_txtfusion_draw1_seed42_00001_.png,0.520942,0.00182742,0.00169313,0.00236592,0.00290462,0.00283267,0.068677,0.14980,42.88
benchmark_atlas_phase1--renders,S8_charcoal_Arthemy_Atlas_txtfusion_draw1_seed777_00001_.png,0.545111,0.00211253,0.00212842,0.00292964,0.00330527,0.00334652,0.078101,0.12285,44.57
benchmark_atlas_phase1--renders,S8_charcoal_Arthemy_Atlas_txtfusion_draw2_seed1337_00001_.png,0.569166,0.00207892,0.00216525,0.00259702,0.00258744,0.00282444,0.085007,0.15913,45.29
benchmark_atlas_phase1--renders,S8_charcoal_Arthemy_Atlas_txtfusion_draw2_seed42_00001_.png,0.548686,0.00199041,0.00176445,0.00226178,0.00266490,0.00289801,0.079926,0.19596,44.38
benchmark_atlas_phase1--renders,S8_charcoal_Arthemy_Atlas_txtfusion_draw2_seed777_00001_.png,0.536099,0.00222844,0.00204068,0.00242005,0.00254288,0.00283815,0.081930,0.13582,50.59
benchmark_atlas_phase1--renders,S8_charcoal_Arthemy_Atlas_uniform_all_draw1_seed1337_00001_.png,0.493149,0.00174870,0.00110656,0.00176114,0.00254009,0.00299852,0.081746,0.10333,60.77
benchmark_atlas_phase1--renders,S8_charcoal_Arthemy_Atlas_uniform_all_draw1_seed42_00001_.png,0.454281,0.00186399,0.00096623,0.00155654,0.00239599,0.00312524,0.075875,0.10419,50.76
benchmark_atlas_phase1--renders,S8_charcoal_Arthemy_Atlas_uniform_all_draw1_seed777_00001_.png,0.480381,0.00220102,0.00119972,0.00180131,0.00242092,0.00292346,0.078940,0.08964,52.22
benchmark_atlas_phase1--renders,S8_charcoal_Arthemy_Atlas_uniform_all_draw2_seed1337_00001_.png,0.446681,0.00573131,0.00195154,0.00271488,0.00403537,0.00571006,0.131175,0.10283,321.78
benchmark_atlas_phase1--renders,S8_charcoal_Arthemy_Atlas_uniform_all_draw2_seed42_00001_.png,0.397217,0.00669264,0.00160287,0.00217151,0.00350062,0.00520503,0.129041,0.10261,324.97
benchmark_atlas_phase1--renders,S8_charcoal_Arthemy_Atlas_uniform_all_draw2_seed777_00001_.png,0.451569,0.00634483,0.00204460,0.00262096,0.00379059,0.00533277,0.130004,0.09420,303.25
benchmark_atlas_phase1--renders,S8_charcoal_baseline_seed1337_00001_.png,0.560101,0.00193700,0.00235443,0.00353975,0.00382374,0.00357571,0.092566,0.11958,51.41
benchmark_atlas_phase1--renders,S8_charcoal_baseline_seed42_00001_.png,0.534386,0.00192992,0.00189716,0.00268603,0.00317286,0.00310967,0.077540,0.13861,45.68
benchmark_atlas_phase1--renders,S8_charcoal_baseline_seed777_00001_.png,0.550817,0.00218805,0.00220048,0.00305245,0.00347909,0.00333905,0.082806,0.11384,47.10
benchmark_atlas_phase1--renders,determinism_check_S1_photo_baseline_seed42_00001_.png,0.544232,0.00081582,0.00072177,0.00087883,0.00109955,0.00143018,0.044533,0.36945,72.10
benchmark_qkvo_atlas--renders,S1_photo_Arthemy_QKVO_normscales_all_neg_seed1337_00001_.png,0.556046,0.00062110,0.00071274,0.00087630,0.00106889,0.00130799,0.046712,0.34647,74.56
benchmark_qkvo_atlas--renders,S1_photo_Arthemy_QKVO_normscales_all_neg_seed42_00001_.png,0.544232,0.00081582,0.00072177,0.00087883,0.00109955,0.00143018,0.044533,0.36945,72.10
benchmark_qkvo_atlas--renders,S1_photo_Arthemy_QKVO_normscales_all_neg_seed777_00001_.png,0.531676,0.00098132,0.00077051,0.00085908,0.00102593,0.00132176,0.044822,0.32825,76.72
benchmark_qkvo_atlas--renders,S1_photo_Arthemy_QKVO_normscales_all_pos_seed1337_00001_.png,0.556046,0.00062110,0.00071274,0.00087630,0.00106889,0.00130799,0.046712,0.34647,74.56
benchmark_qkvo_atlas--renders,S1_photo_Arthemy_QKVO_normscales_all_pos_seed42_00001_.png,0.544232,0.00081582,0.00072177,0.00087883,0.00109955,0.00143018,0.044533,0.36945,72.10
benchmark_qkvo_atlas--renders,S1_photo_Arthemy_QKVO_normscales_all_pos_seed777_00001_.png,0.531676,0.00098132,0.00077051,0.00085908,0.00102593,0.00132176,0.044822,0.32825,76.72
benchmark_qkvo_atlas--renders,S1_photo_Arthemy_QKVO_wk_b1_neg_seed1337_00001_.png,0.550014,0.00061385,0.00069648,0.00085703,0.00105429,0.00131357,0.046702,0.34744,74.97
benchmark_qkvo_atlas--renders,S1_photo_Arthemy_QKVO_wk_b1_neg_seed42_00001_.png,0.546479,0.00082173,0.00072368,0.00088506,0.00113643,0.00144712,0.044403,0.36686,72.44
benchmark_qkvo_atlas--renders,S1_photo_Arthemy_QKVO_wk_b1_neg_seed777_00001_.png,0.527554,0.00100048,0.00076974,0.00085007,0.00102283,0.00132698,0.045180,0.32515,77.38
benchmark_qkvo_atlas--renders,S1_photo_Arthemy_QKVO_wk_b1_pos_seed1337_00001_.png,0.551217,0.00062917,0.00069981,0.00087594,0.00107504,0.00130103,0.046823,0.34676,74.90
benchmark_qkvo_atlas--renders,S1_photo_Arthemy_QKVO_wk_b1_pos_seed42_00001_.png,0.545636,0.00081400,0.00071891,0.00087450,0.00109693,0.00141481,0.044335,0.36920,72.55
benchmark_qkvo_atlas--renders,S1_photo_Arthemy_QKVO_wk_b1_pos_seed777_00001_.png,0.531643,0.00097121,0.00078035,0.00085361,0.00102255,0.00134024,0.045016,0.32908,77.55
benchmark_qkvo_atlas--renders,S1_photo_Arthemy_QKVO_wk_b6_neg_seed1337_00001_.png,0.560135,0.00063477,0.00072262,0.00089043,0.00109252,0.00134341,0.047196,0.34830,74.03
benchmark_qkvo_atlas--renders,S1_photo_Arthemy_QKVO_wk_b6_neg_seed42_00001_.png,0.540537,0.00080652,0.00072484,0.00088261,0.00108706,0.00139591,0.044385,0.36753,71.92
benchmark_qkvo_atlas--renders,S1_photo_Arthemy_QKVO_wk_b6_neg_seed777_00001_.png,0.531986,0.00096433,0.00077908,0.00087747,0.00103517,0.00131516,0.044906,0.32876,76.89
benchmark_qkvo_atlas--renders,S1_photo_Arthemy_QKVO_wk_b6_pos_seed1337_00001_.png,0.551377,0.00061874,0.00070037,0.00086854,0.00106764,0.00129658,0.046326,0.34687,74.93
benchmark_qkvo_atlas--renders,S1_photo_Arthemy_QKVO_wk_b6_pos_seed42_00001_.png,0.543128,0.00081508,0.00073800,0.00089921,0.00111743,0.00144185,0.044834,0.36990,72.48
benchmark_qkvo_atlas--renders,S1_photo_Arthemy_QKVO_wk_b6_pos_seed777_00001_.png,0.530969,0.00097193,0.00077018,0.00084642,0.00102111,0.00133056,0.044833,0.32690,77.16
benchmark_qkvo_atlas--renders,S1_photo_Arthemy_QKVO_wo_b1_neg_seed1337_00001_.png,0.538534,0.00057788,0.00065328,0.00078527,0.00091926,0.00111509,0.045348,0.34274,77.31
benchmark_qkvo_atlas--renders,S1_photo_Arthemy_QKVO_wo_b1_neg_seed42_00001_.png,0.524723,0.00084279,0.00074607,0.00087994,0.00108062,0.00139030,0.045230,0.37404,74.09
benchmark_qkvo_atlas--renders,S1_photo_Arthemy_QKVO_wo_b1_neg_seed777_00001_.png,0.513469,0.00100408,0.00080730,0.00090768,0.00108983,0.00135687,0.047687,0.34426,77.37
benchmark_qkvo_atlas--renders,S1_photo_Arthemy_QKVO_wo_b1_pos_seed1337_00001_.png,0.559649,0.00064274,0.00065979,0.00083643,0.00104356,0.00131984,0.047713,0.36102,76.36
benchmark_qkvo_atlas--renders,S1_photo_Arthemy_QKVO_wo_b1_pos_seed42_00001_.png,0.557524,0.00074576,0.00069944,0.00092048,0.00119935,0.00155134,0.047456,0.37483,71.92
benchmark_qkvo_atlas--renders,S1_photo_Arthemy_QKVO_wo_b1_pos_seed777_00001_.png,0.536971,0.00087208,0.00072204,0.00085218,0.00103801,0.00131050,0.045709,0.33574,75.62
benchmark_qkvo_atlas--renders,S1_photo_Arthemy_QKVO_wo_b6_neg_seed1337_00001_.png,0.542738,0.00055717,0.00065868,0.00081058,0.00101502,0.00126517,0.046633,0.34693,71.95
benchmark_qkvo_atlas--renders,S1_photo_Arthemy_QKVO_wo_b6_neg_seed42_00001_.png,0.533212,0.00076371,0.00066786,0.00083155,0.00104477,0.00138786,0.044058,0.36502,70.57
benchmark_qkvo_atlas--renders,S1_photo_Arthemy_QKVO_wo_b6_neg_seed777_00001_.png,0.513486,0.00094296,0.00072075,0.00080321,0.00095476,0.00124487,0.044223,0.33494,75.31
benchmark_qkvo_atlas--renders,S1_photo_Arthemy_QKVO_wo_b6_pos_seed1337_00001_.png,0.557276,0.00066145,0.00073677,0.00092452,0.00111520,0.00130717,0.045587,0.34020,76.09
benchmark_qkvo_atlas--renders,S1_photo_Arthemy_QKVO_wo_b6_pos_seed42_00001_.png,0.558048,0.00079115,0.00076383,0.00093931,0.00115841,0.00146972,0.043663,0.36672,72.76
benchmark_qkvo_atlas--renders,S1_photo_Arthemy_QKVO_wo_b6_pos_seed777_00001_.png,0.532085,0.00099216,0.00079161,0.00086176,0.00104631,0.00131900,0.044906,0.32275,78.64
benchmark_qkvo_atlas--renders,S1_photo_Arthemy_QKVO_wq_b1_neg_seed1337_00001_.png,0.551777,0.00061162,0.00070143,0.00086275,0.00106654,0.00129503,0.046706,0.34781,74.36
benchmark_qkvo_atlas--renders,S1_photo_Arthemy_QKVO_wq_b1_neg_seed42_00001_.png,0.542745,0.00078521,0.00070886,0.00087169,0.00108961,0.00140322,0.044197,0.37344,72.32
benchmark_qkvo_atlas--renders,S1_photo_Arthemy_QKVO_wq_b1_neg_seed777_00001_.png,0.527041,0.00096889,0.00077519,0.00085797,0.00105642,0.00137585,0.045770,0.33017,76.45
benchmark_qkvo_atlas--renders,S1_photo_Arthemy_QKVO_wq_b1_pos_seed1337_00001_.png,0.556823,0.00061690,0.00070746,0.00087818,0.00107125,0.00129015,0.046451,0.34858,74.68
benchmark_qkvo_atlas--renders,S1_photo_Arthemy_QKVO_wq_b1_pos_seed42_00001_.png,0.540728,0.00081298,0.00071216,0.00085604,0.00107179,0.00137865,0.043835,0.36984,72.18
benchmark_qkvo_atlas--renders,S1_photo_Arthemy_QKVO_wq_b1_pos_seed777_00001_.png,0.529632,0.00096234,0.00078263,0.00086405,0.00104965,0.00136135,0.045750,0.33061,77.25
benchmark_qkvo_atlas--renders,S1_photo_Arthemy_QKVO_wq_b6_neg_seed1337_00001_.png,0.559691,0.00063076,0.00072476,0.00089843,0.00110400,0.00134104,0.047270,0.34814,74.38
benchmark_qkvo_atlas--renders,S1_photo_Arthemy_QKVO_wq_b6_neg_seed42_00001_.png,0.542265,0.00081582,0.00070903,0.00087113,0.00110291,0.00141351,0.044540,0.36795,72.26
benchmark_qkvo_atlas--renders,S1_photo_Arthemy_QKVO_wq_b6_neg_seed777_00001_.png,0.530063,0.00098169,0.00077366,0.00085347,0.00103456,0.00134054,0.044996,0.32745,76.88
benchmark_qkvo_atlas--renders,S1_photo_Arthemy_QKVO_wq_b6_pos_seed1337_00001_.png,0.549134,0.00063813,0.00070204,0.00085567,0.00106059,0.00130116,0.046871,0.34754,74.74
benchmark_qkvo_atlas--renders,S1_photo_Arthemy_QKVO_wq_b6_pos_seed42_00001_.png,0.541620,0.00081331,0.00072508,0.00089047,0.00110391,0.00142692,0.044386,0.36948,72.29
benchmark_qkvo_atlas--renders,S1_photo_Arthemy_QKVO_wq_b6_pos_seed777_00001_.png,0.530612,0.00098110,0.00078128,0.00086088,0.00103033,0.00133564,0.045113,0.32695,76.96
benchmark_qkvo_atlas--renders,S1_photo_Arthemy_QKVO_wv_b1_neg_seed1337_00001_.png,0.536720,0.00056872,0.00066655,0.00080913,0.00094728,0.00114817,0.045923,0.34621,77.99
benchmark_qkvo_atlas--renders,S1_photo_Arthemy_QKVO_wv_b1_neg_seed42_00001_.png,0.525055,0.00082836,0.00074531,0.00088320,0.00108039,0.00137808,0.045130,0.37436,74.34
benchmark_qkvo_atlas--renders,S1_photo_Arthemy_QKVO_wv_b1_neg_seed777_00001_.png,0.513781,0.00105945,0.00084064,0.00090350,0.00108616,0.00133695,0.047839,0.34130,77.61
benchmark_qkvo_atlas--renders,S1_photo_Arthemy_QKVO_wv_b1_pos_seed1337_00001_.png,0.560081,0.00064552,0.00066615,0.00084589,0.00105897,0.00132847,0.047611,0.36192,76.19
benchmark_qkvo_atlas--renders,S1_photo_Arthemy_QKVO_wv_b1_pos_seed42_00001_.png,0.559137,0.00074904,0.00070468,0.00092982,0.00122455,0.00158238,0.047262,0.37587,71.54
benchmark_qkvo_atlas--renders,S1_photo_Arthemy_QKVO_wv_b1_pos_seed777_00001_.png,0.539117,0.00087809,0.00072793,0.00086291,0.00103100,0.00135090,0.045603,0.33494,76.84
benchmark_qkvo_atlas--renders,S1_photo_Arthemy_QKVO_wv_b6_neg_seed1337_00001_.png,0.553793,0.00056856,0.00066805,0.00082007,0.00101668,0.00124604,0.046830,0.34958,71.73
benchmark_qkvo_atlas--renders,S1_photo_Arthemy_QKVO_wv_b6_neg_seed42_00001_.png,0.525993,0.00078298,0.00067193,0.00083542,0.00102755,0.00134989,0.043658,0.36532,70.71
benchmark_qkvo_atlas--renders,S1_photo_Arthemy_QKVO_wv_b6_neg_seed777_00001_.png,0.514631,0.00094291,0.00071776,0.00079709,0.00095621,0.00122451,0.044018,0.33354,75.03
benchmark_qkvo_atlas--renders,S1_photo_Arthemy_QKVO_wv_b6_pos_seed1337_00001_.png,0.555401,0.00067008,0.00073678,0.00092018,0.00111769,0.00129805,0.045761,0.34006,75.45
benchmark_qkvo_atlas--renders,S1_photo_Arthemy_QKVO_wv_b6_pos_seed42_00001_.png,0.557561,0.00078955,0.00074744,0.00092870,0.00115615,0.00144253,0.043516,0.36585,73.22
benchmark_qkvo_atlas--renders,S1_photo_Arthemy_QKVO_wv_b6_pos_seed777_00001_.png,0.532990,0.00098281,0.00078327,0.00085821,0.00104149,0.00131410,0.044733,0.32149,78.90
benchmark_qkvo_atlas--renders,S2_watercolor_Arthemy_QKVO_normscales_all_neg_seed1337_00001_.png,0.537520,0.00065891,0.00101519,0.00154642,0.00176560,0.00196517,0.058886,0.25135,81.10
benchmark_qkvo_atlas--renders,S2_watercolor_Arthemy_QKVO_normscales_all_neg_seed42_00001_.png,0.522321,0.00082668,0.00099886,0.00136831,0.00148732,0.00174714,0.054972,0.24482,71.63
benchmark_qkvo_atlas--renders,S2_watercolor_Arthemy_QKVO_normscales_all_neg_seed777_00001_.png,0.526492,0.00074788,0.00103994,0.00146711,0.00161822,0.00189922,0.055667,0.24188,75.20
benchmark_qkvo_atlas--renders,S2_watercolor_Arthemy_QKVO_normscales_all_pos_seed1337_00001_.png,0.537520,0.00065891,0.00101519,0.00154642,0.00176560,0.00196517,0.058886,0.25135,81.10
benchmark_qkvo_atlas--renders,S2_watercolor_Arthemy_QKVO_normscales_all_pos_seed42_00001_.png,0.522321,0.00082668,0.00099886,0.00136831,0.00148732,0.00174714,0.054972,0.24482,71.63
benchmark_qkvo_atlas--renders,S2_watercolor_Arthemy_QKVO_normscales_all_pos_seed777_00001_.png,0.526492,0.00074788,0.00103994,0.00146711,0.00161822,0.00189922,0.055667,0.24188,75.20
benchmark_qkvo_atlas--renders,S2_watercolor_Arthemy_QKVO_wk_b1_neg_seed1337_00001_.png,0.535229,0.00066276,0.00103771,0.00156368,0.00175695,0.00193865,0.059597,0.24942,80.24
benchmark_qkvo_atlas--renders,S2_watercolor_Arthemy_QKVO_wk_b1_neg_seed42_00001_.png,0.524575,0.00082545,0.00101558,0.00138068,0.00148605,0.00170625,0.054974,0.24365,71.71
benchmark_qkvo_atlas--renders,S2_watercolor_Arthemy_QKVO_wk_b1_neg_seed777_00001_.png,0.523157,0.00074684,0.00102616,0.00143123,0.00157872,0.00184809,0.055575,0.24009,74.87
benchmark_qkvo_atlas--renders,S2_watercolor_Arthemy_QKVO_wk_b1_pos_seed1337_00001_.png,0.531720,0.00065728,0.00102073,0.00152931,0.00172664,0.00192323,0.058924,0.24826,80.86
benchmark_qkvo_atlas--renders,S2_watercolor_Arthemy_QKVO_wk_b1_pos_seed42_00001_.png,0.527613,0.00086775,0.00103475,0.00137734,0.00147536,0.00170586,0.054863,0.24392,71.54
benchmark_qkvo_atlas--renders,S2_watercolor_Arthemy_QKVO_wk_b1_pos_seed777_00001_.png,0.524100,0.00076142,0.00103895,0.00144678,0.00155927,0.00185068,0.055582,0.23844,74.97
benchmark_qkvo_atlas--renders,S2_watercolor_Arthemy_QKVO_wk_b6_neg_seed1337_00001_.png,0.536421,0.00067557,0.00103622,0.00154442,0.00173551,0.00191091,0.058765,0.25039,80.85
benchmark_qkvo_atlas--renders,S2_watercolor_Arthemy_QKVO_wk_b6_neg_seed42_00001_.png,0.521668,0.00083759,0.00100174,0.00137110,0.00150015,0.00172975,0.054995,0.24443,71.66
benchmark_qkvo_atlas--renders,S2_watercolor_Arthemy_QKVO_wk_b6_neg_seed777_00001_.png,0.523562,0.00075337,0.00104615,0.00144078,0.00154732,0.00189808,0.055828,0.24145,75.14
benchmark_qkvo_atlas--renders,S2_watercolor_Arthemy_QKVO_wk_b6_pos_seed1337_00001_.png,0.536851,0.00065949,0.00102826,0.00155945,0.00177079,0.00196010,0.059139,0.24939,80.76
benchmark_qkvo_atlas--renders,S2_watercolor_Arthemy_QKVO_wk_b6_pos_seed42_00001_.png,0.521786,0.00082054,0.00099230,0.00135358,0.00147889,0.00173557,0.054891,0.24530,71.66
benchmark_qkvo_atlas--renders,S2_watercolor_Arthemy_QKVO_wk_b6_pos_seed777_00001_.png,0.520340,0.00078487,0.00106560,0.00141624,0.00149122,0.00182851,0.055058,0.24372,74.13
benchmark_qkvo_atlas--renders,S2_watercolor_Arthemy_QKVO_wo_b1_neg_seed1337_00001_.png,0.558040,0.00069937,0.00112895,0.00167010,0.00183152,0.00210438,0.061662,0.24733,84.25
benchmark_qkvo_atlas--renders,S2_watercolor_Arthemy_QKVO_wo_b1_neg_seed42_00001_.png,0.520124,0.00085427,0.00105034,0.00135485,0.00142578,0.00168877,0.057091,0.24757,75.61
benchmark_qkvo_atlas--renders,S2_watercolor_Arthemy_QKVO_wo_b1_neg_seed777_00001_.png,0.532148,0.00079105,0.00111730,0.00154846,0.00164921,0.00189599,0.056384,0.24299,79.57
benchmark_qkvo_atlas--renders,S2_watercolor_Arthemy_QKVO_wo_b1_pos_seed1337_00001_.png,0.544486,0.00063644,0.00103473,0.00154783,0.00170325,0.00190592,0.058711,0.24247,77.39
benchmark_qkvo_atlas--renders,S2_watercolor_Arthemy_QKVO_wo_b1_pos_seed42_00001_.png,0.513080,0.00070201,0.00091540,0.00127232,0.00148989,0.00173675,0.055011,0.24246,71.32
benchmark_qkvo_atlas--renders,S2_watercolor_Arthemy_QKVO_wo_b1_pos_seed777_00001_.png,0.525077,0.00072412,0.00099988,0.00137783,0.00155750,0.00186710,0.055738,0.23627,72.88
benchmark_qkvo_atlas--renders,S2_watercolor_Arthemy_QKVO_wo_b6_neg_seed1337_00001_.png,0.498660,0.00056184,0.00087874,0.00135293,0.00156193,0.00181242,0.058248,0.24022,79.93
benchmark_qkvo_atlas--renders,S2_watercolor_Arthemy_QKVO_wo_b6_neg_seed42_00001_.png,0.482433,0.00072791,0.00087931,0.00118424,0.00131461,0.00161112,0.054531,0.24366,72.18
benchmark_qkvo_atlas--renders,S2_watercolor_Arthemy_QKVO_wo_b6_neg_seed777_00001_.png,0.493139,0.00066076,0.00089028,0.00122183,0.00136449,0.00174257,0.054139,0.24050,74.51
benchmark_qkvo_atlas--renders,S2_watercolor_Arthemy_QKVO_wo_b6_pos_seed1337_00001_.png,0.568242,0.00074990,0.00115489,0.00172726,0.00192947,0.00208105,0.058918,0.25188,79.97
benchmark_qkvo_atlas--renders,S2_watercolor_Arthemy_QKVO_wo_b6_pos_seed42_00001_.png,0.549299,0.00090921,0.00111290,0.00151416,0.00157768,0.00179997,0.054411,0.24453,70.37
benchmark_qkvo_atlas--renders,S2_watercolor_Arthemy_QKVO_wo_b6_pos_seed777_00001_.png,0.554284,0.00082834,0.00117074,0.00163403,0.00176311,0.00196650,0.056492,0.24275,74.09
benchmark_qkvo_atlas--renders,S2_watercolor_Arthemy_QKVO_wq_b1_neg_seed1337_00001_.png,0.536324,0.00067519,0.00104616,0.00158852,0.00180151,0.00197748,0.059395,0.24878,80.80
benchmark_qkvo_atlas--renders,S2_watercolor_Arthemy_QKVO_wq_b1_neg_seed42_00001_.png,0.519624,0.00082726,0.00098822,0.00135152,0.00144924,0.00174206,0.054836,0.24539,71.56
benchmark_qkvo_atlas--renders,S2_watercolor_Arthemy_QKVO_wq_b1_neg_seed777_00001_.png,0.519476,0.00075082,0.00105240,0.00144659,0.00154156,0.00184344,0.055606,0.24280,75.14
benchmark_qkvo_atlas--renders,S2_watercolor_Arthemy_QKVO_wq_b1_pos_seed1337_00001_.png,0.530555,0.00066120,0.00102508,0.00152910,0.00171275,0.00192816,0.059037,0.24766,80.41
benchmark_qkvo_atlas--renders,S2_watercolor_Arthemy_QKVO_wq_b1_pos_seed42_00001_.png,0.518899,0.00083652,0.00099278,0.00134536,0.00144539,0.00171434,0.054774,0.24534,71.77
benchmark_qkvo_atlas--renders,S2_watercolor_Arthemy_QKVO_wq_b1_pos_seed777_00001_.png,0.520044,0.00075048,0.00105250,0.00144026,0.00150452,0.00181907,0.054833,0.24261,74.90
benchmark_qkvo_atlas--renders,S2_watercolor_Arthemy_QKVO_wq_b6_neg_seed1337_00001_.png,0.533401,0.00067115,0.00102909,0.00156143,0.00176268,0.00194355,0.058958,0.25052,81.07
benchmark_qkvo_atlas--renders,S2_watercolor_Arthemy_QKVO_wq_b6_neg_seed42_00001_.png,0.521561,0.00084134,0.00101341,0.00139237,0.00151400,0.00172765,0.055078,0.24417,71.65
benchmark_qkvo_atlas--renders,S2_watercolor_Arthemy_QKVO_wq_b6_neg_seed777_00001_.png,0.524721,0.00075910,0.00105410,0.00147010,0.00160762,0.00191427,0.056066,0.24293,74.51
benchmark_qkvo_atlas--renders,S2_watercolor_Arthemy_QKVO_wq_b6_pos_seed1337_00001_.png,0.536167,0.00067045,0.00103752,0.00156340,0.00177272,0.00193616,0.059125,0.24942,81.01
benchmark_qkvo_atlas--renders,S2_watercolor_Arthemy_QKVO_wq_b6_pos_seed42_00001_.png,0.525428,0.00083559,0.00101576,0.00138417,0.00149721,0.00173759,0.055232,0.24499,71.92
benchmark_qkvo_atlas--renders,S2_watercolor_Arthemy_QKVO_wq_b6_pos_seed777_00001_.png,0.518381,0.00075489,0.00103927,0.00143328,0.00155485,0.00189151,0.055774,0.23971,74.66
benchmark_qkvo_atlas--renders,S2_watercolor_Arthemy_QKVO_wv_b1_neg_seed1337_00001_.png,0.554619,0.00068310,0.00109281,0.00161929,0.00179479,0.00207765,0.061464,0.24804,84.65
benchmark_qkvo_atlas--renders,S2_watercolor_Arthemy_QKVO_wv_b1_neg_seed42_00001_.png,0.518287,0.00084865,0.00101894,0.00131746,0.00139877,0.00167481,0.056812,0.24698,75.68
benchmark_qkvo_atlas--renders,S2_watercolor_Arthemy_QKVO_wv_b1_neg_seed777_00001_.png,0.537128,0.00084858,0.00116281,0.00157460,0.00168807,0.00190694,0.057231,0.24331,78.31
benchmark_qkvo_atlas--renders,S2_watercolor_Arthemy_QKVO_wv_b1_pos_seed1337_00001_.png,0.541877,0.00063338,0.00104193,0.00154267,0.00169549,0.00190398,0.058494,0.24071,77.19
benchmark_qkvo_atlas--renders,S2_watercolor_Arthemy_QKVO_wv_b1_pos_seed42_00001_.png,0.523136,0.00070504,0.00096518,0.00134908,0.00154893,0.00180252,0.055846,0.24495,71.12
benchmark_qkvo_atlas--renders,S2_watercolor_Arthemy_QKVO_wv_b1_pos_seed777_00001_.png,0.532686,0.00072977,0.00105272,0.00145361,0.00159392,0.00190047,0.055908,0.23676,73.67
benchmark_qkvo_atlas--renders,S2_watercolor_Arthemy_QKVO_wv_b6_neg_seed1337_00001_.png,0.498818,0.00057250,0.00088077,0.00133623,0.00155427,0.00178775,0.057817,0.24295,80.42
benchmark_qkvo_atlas--renders,S2_watercolor_Arthemy_QKVO_wv_b6_neg_seed42_00001_.png,0.486966,0.00072004,0.00086437,0.00118341,0.00131903,0.00161359,0.054297,0.24388,72.21
benchmark_qkvo_atlas--renders,S2_watercolor_Arthemy_QKVO_wv_b6_neg_seed777_00001_.png,0.492437,0.00065182,0.00088102,0.00124131,0.00141351,0.00173165,0.054083,0.24055,74.51
benchmark_qkvo_atlas--renders,S2_watercolor_Arthemy_QKVO_wv_b6_pos_seed1337_00001_.png,0.566422,0.00075229,0.00115912,0.00172060,0.00190754,0.00206673,0.058905,0.25128,79.23
benchmark_qkvo_atlas--renders,S2_watercolor_Arthemy_QKVO_wv_b6_pos_seed42_00001_.png,0.551903,0.00090730,0.00112046,0.00151447,0.00156365,0.00177241,0.054218,0.24374,69.82
benchmark_qkvo_atlas--renders,S2_watercolor_Arthemy_QKVO_wv_b6_pos_seed777_00001_.png,0.549578,0.00083862,0.00116843,0.00162783,0.00175129,0.00197187,0.056107,0.24198,73.98
benchmark_qkvo_atlas--renders,S3_lowpoly_Arthemy_QKVO_normscales_all_neg_seed1337_00001_.png,0.644567,0.00050175,0.00080787,0.00135517,0.00181178,0.00231078,0.057828,0.49788,91.75
benchmark_qkvo_atlas--renders,S3_lowpoly_Arthemy_QKVO_normscales_all_neg_seed42_00001_.png,0.640935,0.00042650,0.00070155,0.00122514,0.00176901,0.00226034,0.048582,0.47248,88.34
benchmark_qkvo_atlas--renders,S3_lowpoly_Arthemy_QKVO_normscales_all_neg_seed777_00001_.png,0.647687,0.00047724,0.00074181,0.00121353,0.00173362,0.00224641,0.049562,0.44203,86.69
benchmark_qkvo_atlas--renders,S3_lowpoly_Arthemy_QKVO_normscales_all_pos_seed1337_00001_.png,0.644567,0.00050175,0.00080787,0.00135517,0.00181178,0.00231078,0.057828,0.49788,91.75
benchmark_qkvo_atlas--renders,S3_lowpoly_Arthemy_QKVO_normscales_all_pos_seed42_00001_.png,0.640935,0.00042650,0.00070155,0.00122514,0.00176901,0.00226034,0.048582,0.47248,88.34
benchmark_qkvo_atlas--renders,S3_lowpoly_Arthemy_QKVO_normscales_all_pos_seed777_00001_.png,0.647687,0.00047724,0.00074181,0.00121353,0.00173362,0.00224641,0.049562,0.44203,86.69
benchmark_qkvo_atlas--renders,S3_lowpoly_Arthemy_QKVO_wk_b1_neg_seed1337_00001_.png,0.628518,0.00050893,0.00082452,0.00132481,0.00181387,0.00237090,0.060142,0.49998,92.19
benchmark_qkvo_atlas--renders,S3_lowpoly_Arthemy_QKVO_wk_b1_neg_seed42_00001_.png,0.646394,0.00044274,0.00073249,0.00127062,0.00184214,0.00231483,0.049432,0.48101,87.20
benchmark_qkvo_atlas--renders,S3_lowpoly_Arthemy_QKVO_wk_b1_neg_seed777_00001_.png,0.650365,0.00045989,0.00070178,0.00119922,0.00176883,0.00219352,0.048575,0.45449,88.76
benchmark_qkvo_atlas--renders,S3_lowpoly_Arthemy_QKVO_wk_b1_pos_seed1337_00001_.png,0.628749,0.00052738,0.00084738,0.00136897,0.00185118,0.00238151,0.058382,0.50023,92.87
benchmark_qkvo_atlas--renders,S3_lowpoly_Arthemy_QKVO_wk_b1_pos_seed42_00001_.png,0.647916,0.00045106,0.00075476,0.00126741,0.00173203,0.00217144,0.048624,0.47492,87.10
benchmark_qkvo_atlas--renders,S3_lowpoly_Arthemy_QKVO_wk_b1_pos_seed777_00001_.png,0.641811,0.00043153,0.00065126,0.00111448,0.00168530,0.00219065,0.048919,0.44029,91.31
benchmark_qkvo_atlas--renders,S3_lowpoly_Arthemy_QKVO_wk_b6_neg_seed1337_00001_.png,0.642804,0.00050291,0.00081971,0.00137124,0.00186177,0.00233375,0.057969,0.50133,92.99
benchmark_qkvo_atlas--renders,S3_lowpoly_Arthemy_QKVO_wk_b6_neg_seed42_00001_.png,0.642819,0.00042209,0.00070002,0.00122902,0.00176096,0.00215968,0.048037,0.46356,87.46
benchmark_qkvo_atlas--renders,S3_lowpoly_Arthemy_QKVO_wk_b6_neg_seed777_00001_.png,0.647412,0.00043149,0.00069686,0.00117972,0.00169173,0.00217178,0.049326,0.45341,90.92
benchmark_qkvo_atlas--renders,S3_lowpoly_Arthemy_QKVO_wk_b6_pos_seed1337_00001_.png,0.634865,0.00048879,0.00081545,0.00133862,0.00179731,0.00234368,0.058249,0.49966,90.85
benchmark_qkvo_atlas--renders,S3_lowpoly_Arthemy_QKVO_wk_b6_pos_seed42_00001_.png,0.643327,0.00040777,0.00068125,0.00120707,0.00176630,0.00223314,0.048427,0.47279,87.77
benchmark_qkvo_atlas--renders,S3_lowpoly_Arthemy_QKVO_wk_b6_pos_seed777_00001_.png,0.657029,0.00045275,0.00069158,0.00115629,0.00175213,0.00225119,0.048742,0.42770,89.63
benchmark_qkvo_atlas--renders,S3_lowpoly_Arthemy_QKVO_wo_b1_neg_seed1337_00001_.png,0.661625,0.00045577,0.00077086,0.00133521,0.00189244,0.00234622,0.058472,0.52203,99.30
benchmark_qkvo_atlas--renders,S3_lowpoly_Arthemy_QKVO_wo_b1_neg_seed42_00001_.png,0.656456,0.00037392,0.00059966,0.00109925,0.00177582,0.00227174,0.046922,0.49952,89.07
benchmark_qkvo_atlas--renders,S3_lowpoly_Arthemy_QKVO_wo_b1_neg_seed777_00001_.png,0.644132,0.00040409,0.00068278,0.00118405,0.00185102,0.00244718,0.047649,0.47544,104.47
benchmark_qkvo_atlas--renders,S3_lowpoly_Arthemy_QKVO_wo_b1_pos_seed1337_00001_.png,0.633609,0.00052743,0.00083242,0.00132023,0.00181457,0.00229488,0.059666,0.48829,89.87
benchmark_qkvo_atlas--renders,S3_lowpoly_Arthemy_QKVO_wo_b1_pos_seed42_00001_.png,0.647600,0.00051499,0.00077955,0.00125958,0.00166190,0.00199473,0.049513,0.47011,84.77
benchmark_qkvo_atlas--renders,S3_lowpoly_Arthemy_QKVO_wo_b1_pos_seed777_00001_.png,0.653954,0.00060635,0.00083311,0.00138282,0.00189253,0.00209953,0.050857,0.45295,88.26
benchmark_qkvo_atlas--renders,S3_lowpoly_Arthemy_QKVO_wo_b6_neg_seed1337_00001_.png,0.618323,0.00040988,0.00069991,0.00116266,0.00162519,0.00211501,0.055496,0.48244,95.61
benchmark_qkvo_atlas--renders,S3_lowpoly_Arthemy_QKVO_wo_b6_neg_seed42_00001_.png,0.636176,0.00034723,0.00057716,0.00104068,0.00154565,0.00197315,0.044912,0.45376,91.19
benchmark_qkvo_atlas--renders,S3_lowpoly_Arthemy_QKVO_wo_b6_neg_seed777_00001_.png,0.643511,0.00040871,0.00063786,0.00113641,0.00169515,0.00213621,0.047125,0.42676,94.26
benchmark_qkvo_atlas--renders,S3_lowpoly_Arthemy_QKVO_wo_b6_pos_seed1337_00001_.png,0.654675,0.00061111,0.00093626,0.00147920,0.00193581,0.00243176,0.059786,0.49470,90.03
benchmark_qkvo_atlas--renders,S3_lowpoly_Arthemy_QKVO_wo_b6_pos_seed42_00001_.png,0.666655,0.00052459,0.00083232,0.00138328,0.00183869,0.00220124,0.049156,0.47288,83.87
benchmark_qkvo_atlas--renders,S3_lowpoly_Arthemy_QKVO_wo_b6_pos_seed777_00001_.png,0.659752,0.00051710,0.00077918,0.00134733,0.00195631,0.00229189,0.050809,0.45432,89.74
benchmark_qkvo_atlas--renders,S3_lowpoly_Arthemy_QKVO_wq_b1_neg_seed1337_00001_.png,0.638521,0.00048846,0.00082466,0.00136656,0.00184917,0.00234869,0.058554,0.49739,93.66
benchmark_qkvo_atlas--renders,S3_lowpoly_Arthemy_QKVO_wq_b1_neg_seed42_00001_.png,0.646848,0.00042541,0.00071817,0.00124697,0.00178307,0.00225939,0.048697,0.47317,88.75
benchmark_qkvo_atlas--renders,S3_lowpoly_Arthemy_QKVO_wq_b1_neg_seed777_00001_.png,0.657147,0.00044078,0.00070475,0.00121655,0.00176227,0.00224103,0.049054,0.44307,90.12
benchmark_qkvo_atlas--renders,S3_lowpoly_Arthemy_QKVO_wq_b1_pos_seed1337_00001_.png,0.638185,0.00049825,0.00083959,0.00140533,0.00183632,0.00238152,0.058493,0.49992,91.28
benchmark_qkvo_atlas--renders,S3_lowpoly_Arthemy_QKVO_wq_b1_pos_seed42_00001_.png,0.650987,0.00042614,0.00071763,0.00128073,0.00181852,0.00227690,0.048909,0.47104,86.65
benchmark_qkvo_atlas--renders,S3_lowpoly_Arthemy_QKVO_wq_b1_pos_seed777_00001_.png,0.643879,0.00045503,0.00073115,0.00120800,0.00173234,0.00218973,0.049261,0.45299,90.75
benchmark_qkvo_atlas--renders,S3_lowpoly_Arthemy_QKVO_wq_b6_neg_seed1337_00001_.png,0.633052,0.00050537,0.00083250,0.00134708,0.00179667,0.00235187,0.057952,0.49667,91.39
benchmark_qkvo_atlas--renders,S3_lowpoly_Arthemy_QKVO_wq_b6_neg_seed42_00001_.png,0.649174,0.00043568,0.00072617,0.00124159,0.00177886,0.00226829,0.048932,0.46700,88.19
benchmark_qkvo_atlas--renders,S3_lowpoly_Arthemy_QKVO_wq_b6_neg_seed777_00001_.png,0.648759,0.00043968,0.00067027,0.00115669,0.00171883,0.00223245,0.048694,0.44283,91.51
benchmark_qkvo_atlas--renders,S3_lowpoly_Arthemy_QKVO_wq_b6_pos_seed1337_00001_.png,0.633356,0.00052334,0.00083817,0.00136918,0.00185881,0.00239375,0.058545,0.49311,93.82
benchmark_qkvo_atlas--renders,S3_lowpoly_Arthemy_QKVO_wq_b6_pos_seed42_00001_.png,0.639838,0.00042656,0.00069498,0.00120658,0.00175806,0.00223073,0.048806,0.47559,87.37
benchmark_qkvo_atlas--renders,S3_lowpoly_Arthemy_QKVO_wq_b6_pos_seed777_00001_.png,0.640020,0.00044227,0.00066951,0.00115125,0.00170721,0.00216270,0.049105,0.45169,94.15
benchmark_qkvo_atlas--renders,S3_lowpoly_Arthemy_QKVO_wv_b1_neg_seed1337_00001_.png,0.665546,0.00043479,0.00075945,0.00135447,0.00186714,0.00227685,0.057651,0.51636,100.60
benchmark_qkvo_atlas--renders,S3_lowpoly_Arthemy_QKVO_wv_b1_neg_seed42_00001_.png,0.648727,0.00039260,0.00062314,0.00112372,0.00177116,0.00234363,0.047447,0.49615,88.68
benchmark_qkvo_atlas--renders,S3_lowpoly_Arthemy_QKVO_wv_b1_neg_seed777_00001_.png,0.640357,0.00040048,0.00067832,0.00119898,0.00179470,0.00240472,0.048625,0.48417,106.21
benchmark_qkvo_atlas--renders,S3_lowpoly_Arthemy_QKVO_wv_b1_pos_seed1337_00001_.png,0.630850,0.00052583,0.00082938,0.00128391,0.00169092,0.00211293,0.058256,0.48971,89.91
benchmark_qkvo_atlas--renders,S3_lowpoly_Arthemy_QKVO_wv_b1_pos_seed42_00001_.png,0.663519,0.00050489,0.00077696,0.00129333,0.00168316,0.00197979,0.048104,0.46402,87.25
benchmark_qkvo_atlas--renders,S3_lowpoly_Arthemy_QKVO_wv_b1_pos_seed777_00001_.png,0.646878,0.00063170,0.00080780,0.00131429,0.00182573,0.00205870,0.050948,0.44340,93.76
benchmark_qkvo_atlas--renders,S3_lowpoly_Arthemy_QKVO_wv_b6_neg_seed1337_00001_.png,0.615869,0.00043064,0.00072671,0.00122077,0.00172359,0.00218029,0.055086,0.48879,96.61
benchmark_qkvo_atlas--renders,S3_lowpoly_Arthemy_QKVO_wv_b6_neg_seed42_00001_.png,0.637433,0.00034548,0.00060228,0.00109342,0.00162616,0.00211243,0.046394,0.45641,92.26
benchmark_qkvo_atlas--renders,S3_lowpoly_Arthemy_QKVO_wv_b6_neg_seed777_00001_.png,0.631399,0.00040818,0.00062771,0.00111350,0.00162600,0.00206201,0.047373,0.43777,96.26
benchmark_qkvo_atlas--renders,S3_lowpoly_Arthemy_QKVO_wv_b6_pos_seed1337_00001_.png,0.662270,0.00063687,0.00097090,0.00150975,0.00200782,0.00254827,0.059677,0.48978,89.38
benchmark_qkvo_atlas--renders,S3_lowpoly_Arthemy_QKVO_wv_b6_pos_seed42_00001_.png,0.664995,0.00051406,0.00083148,0.00135934,0.00181872,0.00222269,0.049941,0.47146,83.15
benchmark_qkvo_atlas--renders,S3_lowpoly_Arthemy_QKVO_wv_b6_pos_seed777_00001_.png,0.655436,0.00050698,0.00074292,0.00129674,0.00190109,0.00226857,0.050761,0.44697,91.29
benchmark_qkvo_atlas--renders,S4_claymation_Arthemy_QKVO_normscales_all_neg_seed1337_00001_.png,0.658626,0.00029105,0.00045158,0.00089095,0.00137771,0.00161293,0.044140,0.46602,74.58
benchmark_qkvo_atlas--renders,S4_claymation_Arthemy_QKVO_normscales_all_neg_seed42_00001_.png,0.657228,0.00032462,0.00049975,0.00096220,0.00145696,0.00168180,0.042613,0.47026,69.51
benchmark_qkvo_atlas--renders,S4_claymation_Arthemy_QKVO_normscales_all_neg_seed777_00001_.png,0.660854,0.00034119,0.00053118,0.00101342,0.00148189,0.00172913,0.043539,0.45741,76.97
benchmark_qkvo_atlas--renders,S4_claymation_Arthemy_QKVO_normscales_all_pos_seed1337_00001_.png,0.658626,0.00029105,0.00045158,0.00089095,0.00137771,0.00161293,0.044140,0.46602,74.58
benchmark_qkvo_atlas--renders,S4_claymation_Arthemy_QKVO_normscales_all_pos_seed42_00001_.png,0.657228,0.00032462,0.00049975,0.00096220,0.00145696,0.00168180,0.042613,0.47026,69.51
benchmark_qkvo_atlas--renders,S4_claymation_Arthemy_QKVO_normscales_all_pos_seed777_00001_.png,0.660854,0.00034119,0.00053118,0.00101342,0.00148189,0.00172913,0.043539,0.45741,76.97
benchmark_qkvo_atlas--renders,S4_claymation_Arthemy_QKVO_wk_b1_neg_seed1337_00001_.png,0.658780,0.00030406,0.00047163,0.00092769,0.00141850,0.00162782,0.044345,0.46967,73.18
benchmark_qkvo_atlas--renders,S4_claymation_Arthemy_QKVO_wk_b1_neg_seed42_00001_.png,0.658204,0.00032375,0.00050288,0.00096843,0.00144587,0.00165005,0.042468,0.47178,70.06
benchmark_qkvo_atlas--renders,S4_claymation_Arthemy_QKVO_wk_b1_neg_seed777_00001_.png,0.657030,0.00033799,0.00052752,0.00100028,0.00147354,0.00172076,0.043714,0.45553,78.39
benchmark_qkvo_atlas--renders,S4_claymation_Arthemy_QKVO_wk_b1_pos_seed1337_00001_.png,0.646991,0.00030894,0.00047164,0.00088833,0.00134686,0.00162075,0.044188,0.47317,73.56
benchmark_qkvo_atlas--renders,S4_claymation_Arthemy_QKVO_wk_b1_pos_seed42_00001_.png,0.658538,0.00032059,0.00049626,0.00096850,0.00146780,0.00169563,0.042639,0.46660,70.31
benchmark_qkvo_atlas--renders,S4_claymation_Arthemy_QKVO_wk_b1_pos_seed777_00001_.png,0.659930,0.00034066,0.00052360,0.00100751,0.00149123,0.00169483,0.043297,0.45456,77.78
benchmark_qkvo_atlas--renders,S4_claymation_Arthemy_QKVO_wk_b6_neg_seed1337_00001_.png,0.649360,0.00030634,0.00046565,0.00088765,0.00134747,0.00161193,0.044491,0.46961,74.41
benchmark_qkvo_atlas--renders,S4_claymation_Arthemy_QKVO_wk_b6_neg_seed42_00001_.png,0.660500,0.00032386,0.00050488,0.00096436,0.00145676,0.00173383,0.043165,0.46733,71.09
benchmark_qkvo_atlas--renders,S4_claymation_Arthemy_QKVO_wk_b6_neg_seed777_00001_.png,0.662167,0.00033913,0.00053476,0.00102483,0.00151634,0.00176641,0.044291,0.45165,77.01
benchmark_qkvo_atlas--renders,S4_claymation_Arthemy_QKVO_wk_b6_pos_seed1337_00001_.png,0.649110,0.00030081,0.00046925,0.00089601,0.00136582,0.00160297,0.044583,0.46943,73.67
benchmark_qkvo_atlas--renders,S4_claymation_Arthemy_QKVO_wk_b6_pos_seed42_00001_.png,0.660076,0.00032205,0.00049564,0.00095933,0.00143691,0.00167592,0.042351,0.46983,70.48
benchmark_qkvo_atlas--renders,S4_claymation_Arthemy_QKVO_wk_b6_pos_seed777_00001_.png,0.655910,0.00033915,0.00052115,0.00098278,0.00143883,0.00168762,0.043016,0.45944,77.36
benchmark_qkvo_atlas--renders,S4_claymation_Arthemy_QKVO_wo_b1_neg_seed1337_00001_.png,0.649563,0.00030151,0.00047928,0.00092228,0.00139277,0.00162379,0.044450,0.48707,74.75
benchmark_qkvo_atlas--renders,S4_claymation_Arthemy_QKVO_wo_b1_neg_seed42_00001_.png,0.645054,0.00030338,0.00047903,0.00089564,0.00129217,0.00156382,0.041174,0.48489,72.68
benchmark_qkvo_atlas--renders,S4_claymation_Arthemy_QKVO_wo_b1_neg_seed777_00001_.png,0.652988,0.00030664,0.00050603,0.00099871,0.00151878,0.00188174,0.044417,0.45436,82.07
benchmark_qkvo_atlas--renders,S4_claymation_Arthemy_QKVO_wo_b1_pos_seed1337_00001_.png,0.672350,0.00034522,0.00052131,0.00102201,0.00155842,0.00173670,0.047877,0.48321,72.69
benchmark_qkvo_atlas--renders,S4_claymation_Arthemy_QKVO_wo_b1_pos_seed42_00001_.png,0.670259,0.00030768,0.00049809,0.00102422,0.00163213,0.00202029,0.044531,0.49467,65.40
benchmark_qkvo_atlas--renders,S4_claymation_Arthemy_QKVO_wo_b1_pos_seed777_00001_.png,0.664263,0.00038196,0.00058133,0.00106903,0.00155901,0.00190163,0.046390,0.48839,73.74
benchmark_qkvo_atlas--renders,S4_claymation_Arthemy_QKVO_wo_b6_neg_seed1337_00001_.png,0.649661,0.00027415,0.00042265,0.00083097,0.00128403,0.00156593,0.043268,0.47198,72.76
benchmark_qkvo_atlas--renders,S4_claymation_Arthemy_QKVO_wo_b6_neg_seed42_00001_.png,0.648199,0.00030306,0.00049187,0.00092932,0.00136828,0.00159700,0.041151,0.47469,68.88
benchmark_qkvo_atlas--renders,S4_claymation_Arthemy_QKVO_wo_b6_neg_seed777_00001_.png,0.639915,0.00031033,0.00047368,0.00090008,0.00134335,0.00161745,0.042270,0.44981,77.57
benchmark_qkvo_atlas--renders,S4_claymation_Arthemy_QKVO_wo_b6_pos_seed1337_00001_.png,0.656838,0.00033724,0.00051102,0.00095350,0.00144037,0.00168462,0.045929,0.46600,74.13
benchmark_qkvo_atlas--renders,S4_claymation_Arthemy_QKVO_wo_b6_pos_seed42_00001_.png,0.661020,0.00035160,0.00054837,0.00105551,0.00158521,0.00178134,0.043403,0.47047,70.97
benchmark_qkvo_atlas--renders,S4_claymation_Arthemy_QKVO_wo_b6_pos_seed777_00001_.png,0.667408,0.00036841,0.00057560,0.00108163,0.00157340,0.00180743,0.043312,0.46494,79.03
benchmark_qkvo_atlas--renders,S4_claymation_Arthemy_QKVO_wq_b1_neg_seed1337_00001_.png,0.654974,0.00029958,0.00046041,0.00090120,0.00139089,0.00165637,0.044371,0.47179,73.88
benchmark_qkvo_atlas--renders,S4_claymation_Arthemy_QKVO_wq_b1_neg_seed42_00001_.png,0.655755,0.00031594,0.00049304,0.00095457,0.00143664,0.00162385,0.042140,0.47463,69.75
benchmark_qkvo_atlas--renders,S4_claymation_Arthemy_QKVO_wq_b1_neg_seed777_00001_.png,0.662553,0.00032721,0.00053173,0.00103206,0.00151345,0.00177627,0.044177,0.45195,77.23
benchmark_qkvo_atlas--renders,S4_claymation_Arthemy_QKVO_wq_b1_pos_seed1337_00001_.png,0.655218,0.00029180,0.00045121,0.00089395,0.00139828,0.00167334,0.044301,0.47164,72.77
benchmark_qkvo_atlas--renders,S4_claymation_Arthemy_QKVO_wq_b1_pos_seed42_00001_.png,0.655217,0.00032775,0.00050306,0.00097166,0.00146977,0.00169517,0.042870,0.47288,69.46
benchmark_qkvo_atlas--renders,S4_claymation_Arthemy_QKVO_wq_b1_pos_seed777_00001_.png,0.663019,0.00034221,0.00054214,0.00102858,0.00151968,0.00177739,0.043911,0.45785,76.14
benchmark_qkvo_atlas--renders,S4_claymation_Arthemy_QKVO_wq_b6_neg_seed1337_00001_.png,0.653261,0.00030008,0.00046092,0.00088326,0.00135001,0.00159954,0.044028,0.46654,73.08
benchmark_qkvo_atlas--renders,S4_claymation_Arthemy_QKVO_wq_b6_neg_seed42_00001_.png,0.657709,0.00032554,0.00051127,0.00097687,0.00145079,0.00171931,0.043215,0.47650,70.29
benchmark_qkvo_atlas--renders,S4_claymation_Arthemy_QKVO_wq_b6_neg_seed777_00001_.png,0.658404,0.00034377,0.00053691,0.00103568,0.00152436,0.00176057,0.044162,0.45462,76.62
benchmark_qkvo_atlas--renders,S4_claymation_Arthemy_QKVO_wq_b6_pos_seed1337_00001_.png,0.654981,0.00029600,0.00045663,0.00088715,0.00136922,0.00162290,0.044192,0.46649,73.10
benchmark_qkvo_atlas--renders,S4_claymation_Arthemy_QKVO_wq_b6_pos_seed42_00001_.png,0.658862,0.00033478,0.00052092,0.00100097,0.00148000,0.00170803,0.043247,0.47397,70.41
benchmark_qkvo_atlas--renders,S4_claymation_Arthemy_QKVO_wq_b6_pos_seed777_00001_.png,0.658114,0.00034353,0.00054618,0.00105062,0.00153882,0.00172181,0.043655,0.45630,77.00
benchmark_qkvo_atlas--renders,S4_claymation_Arthemy_QKVO_wv_b1_neg_seed1337_00001_.png,0.651331,0.00030711,0.00047946,0.00093113,0.00141323,0.00163183,0.044675,0.48385,74.34
benchmark_qkvo_atlas--renders,S4_claymation_Arthemy_QKVO_wv_b1_neg_seed42_00001_.png,0.644566,0.00029949,0.00048041,0.00089696,0.00132859,0.00161667,0.041879,0.48281,72.99
benchmark_qkvo_atlas--renders,S4_claymation_Arthemy_QKVO_wv_b1_neg_seed777_00001_.png,0.650500,0.00032038,0.00050989,0.00099142,0.00148931,0.00184830,0.044764,0.45897,80.20
benchmark_qkvo_atlas--renders,S4_claymation_Arthemy_QKVO_wv_b1_pos_seed1337_00001_.png,0.665491,0.00033720,0.00050752,0.00097583,0.00147449,0.00179032,0.047912,0.49166,72.01
benchmark_qkvo_atlas--renders,S4_claymation_Arthemy_QKVO_wv_b1_pos_seed42_00001_.png,0.668232,0.00030403,0.00049992,0.00103564,0.00164932,0.00205937,0.046265,0.49766,65.26
benchmark_qkvo_atlas--renders,S4_claymation_Arthemy_QKVO_wv_b1_pos_seed777_00001_.png,0.662501,0.00037849,0.00056842,0.00104617,0.00158112,0.00188979,0.046582,0.49274,75.42
benchmark_qkvo_atlas--renders,S4_claymation_Arthemy_QKVO_wv_b6_neg_seed1337_00001_.png,0.651731,0.00028097,0.00044170,0.00086854,0.00129892,0.00153069,0.043588,0.47046,73.58
benchmark_qkvo_atlas--renders,S4_claymation_Arthemy_QKVO_wv_b6_neg_seed42_00001_.png,0.644510,0.00030398,0.00047943,0.00089175,0.00132180,0.00153665,0.040932,0.48164,67.59
benchmark_qkvo_atlas--renders,S4_claymation_Arthemy_QKVO_wv_b6_neg_seed777_00001_.png,0.637271,0.00031941,0.00048305,0.00090076,0.00132864,0.00159053,0.042881,0.45059,75.32
benchmark_qkvo_atlas--renders,S4_claymation_Arthemy_QKVO_wv_b6_pos_seed1337_00001_.png,0.657314,0.00031646,0.00050221,0.00098294,0.00147479,0.00175077,0.045760,0.47173,72.53
benchmark_qkvo_atlas--renders,S4_claymation_Arthemy_QKVO_wv_b6_pos_seed42_00001_.png,0.662752,0.00033468,0.00051475,0.00099341,0.00154275,0.00183596,0.043035,0.46292,72.23
benchmark_qkvo_atlas--renders,S4_claymation_Arthemy_QKVO_wv_b6_pos_seed777_00001_.png,0.672161,0.00038104,0.00056859,0.00107538,0.00156373,0.00177752,0.043043,0.46455,79.23
benchmark_qkvo_atlas--renders,S5_ukiyoe_Arthemy_QKVO_normscales_all_neg_seed1337_00001_.png,0.618403,0.00175783,0.00163878,0.00140816,0.00145358,0.00180960,0.045097,0.28050,115.22
benchmark_qkvo_atlas--renders,S5_ukiyoe_Arthemy_QKVO_normscales_all_neg_seed42_00001_.png,0.600849,0.00170506,0.00138878,0.00113957,0.00107602,0.00134890,0.041264,0.26937,110.81
benchmark_qkvo_atlas--renders,S5_ukiyoe_Arthemy_QKVO_normscales_all_neg_seed777_00001_.png,0.600561,0.00172920,0.00161949,0.00144699,0.00125660,0.00147652,0.045952,0.29012,123.48
benchmark_qkvo_atlas--renders,S5_ukiyoe_Arthemy_QKVO_normscales_all_pos_seed1337_00001_.png,0.618403,0.00175783,0.00163878,0.00140816,0.00145358,0.00180960,0.045097,0.28050,115.22
benchmark_qkvo_atlas--renders,S5_ukiyoe_Arthemy_QKVO_normscales_all_pos_seed42_00001_.png,0.600849,0.00170506,0.00138878,0.00113957,0.00107602,0.00134890,0.041264,0.26937,110.81
benchmark_qkvo_atlas--renders,S5_ukiyoe_Arthemy_QKVO_normscales_all_pos_seed777_00001_.png,0.600561,0.00172920,0.00161949,0.00144699,0.00125660,0.00147652,0.045952,0.29012,123.48
benchmark_qkvo_atlas--renders,S5_ukiyoe_Arthemy_QKVO_wk_b1_neg_seed1337_00001_.png,0.608324,0.00173627,0.00159149,0.00140039,0.00139611,0.00168739,0.043940,0.29251,120.05
benchmark_qkvo_atlas--renders,S5_ukiyoe_Arthemy_QKVO_wk_b1_neg_seed42_00001_.png,0.600462,0.00171315,0.00140763,0.00116096,0.00110699,0.00135730,0.041436,0.26776,112.79
benchmark_qkvo_atlas--renders,S5_ukiyoe_Arthemy_QKVO_wk_b1_neg_seed777_00001_.png,0.603110,0.00178766,0.00162653,0.00141889,0.00126768,0.00149600,0.045947,0.28989,124.50
benchmark_qkvo_atlas--renders,S5_ukiyoe_Arthemy_QKVO_wk_b1_pos_seed1337_00001_.png,0.599988,0.00175126,0.00148309,0.00120713,0.00117830,0.00143363,0.040183,0.29161,121.54
benchmark_qkvo_atlas--renders,S5_ukiyoe_Arthemy_QKVO_wk_b1_pos_seed42_00001_.png,0.600620,0.00168453,0.00137872,0.00113671,0.00106578,0.00133451,0.041180,0.27041,113.33
benchmark_qkvo_atlas--renders,S5_ukiyoe_Arthemy_QKVO_wk_b1_pos_seed777_00001_.png,0.598050,0.00172289,0.00159858,0.00137003,0.00122245,0.00147751,0.046219,0.28966,126.72
benchmark_qkvo_atlas--renders,S5_ukiyoe_Arthemy_QKVO_wk_b6_neg_seed1337_00001_.png,0.615269,0.00176751,0.00160821,0.00138306,0.00141942,0.00172753,0.044365,0.28400,116.89
benchmark_qkvo_atlas--renders,S5_ukiyoe_Arthemy_QKVO_wk_b6_neg_seed42_00001_.png,0.596589,0.00171909,0.00137378,0.00111249,0.00107095,0.00135559,0.041563,0.27023,110.69
benchmark_qkvo_atlas--renders,S5_ukiyoe_Arthemy_QKVO_wk_b6_neg_seed777_00001_.png,0.601107,0.00174132,0.00164152,0.00144248,0.00126124,0.00149829,0.045946,0.29134,124.55
benchmark_qkvo_atlas--renders,S5_ukiyoe_Arthemy_QKVO_wk_b6_pos_seed1337_00001_.png,0.612922,0.00180774,0.00158208,0.00134498,0.00141687,0.00183938,0.043450,0.28354,116.79
benchmark_qkvo_atlas--renders,S5_ukiyoe_Arthemy_QKVO_wk_b6_pos_seed42_00001_.png,0.600861,0.00170281,0.00133981,0.00111194,0.00106828,0.00134224,0.041191,0.27117,111.02
benchmark_qkvo_atlas--renders,S5_ukiyoe_Arthemy_QKVO_wk_b6_pos_seed777_00001_.png,0.602004,0.00174139,0.00163465,0.00144284,0.00127138,0.00151732,0.046004,0.28989,124.84
benchmark_qkvo_atlas--renders,S5_ukiyoe_Arthemy_QKVO_wo_b1_neg_seed1337_00001_.png,0.617979,0.00167848,0.00170622,0.00148708,0.00145803,0.00203646,0.047722,0.30425,123.36
benchmark_qkvo_atlas--renders,S5_ukiyoe_Arthemy_QKVO_wo_b1_neg_seed42_00001_.png,0.608193,0.00179815,0.00160953,0.00136978,0.00123694,0.00158560,0.045185,0.28820,118.31
benchmark_qkvo_atlas--renders,S5_ukiyoe_Arthemy_QKVO_wo_b1_neg_seed777_00001_.png,0.605190,0.00159993,0.00153626,0.00134720,0.00117232,0.00146225,0.046869,0.29237,134.96
benchmark_qkvo_atlas--renders,S5_ukiyoe_Arthemy_QKVO_wo_b1_pos_seed1337_00001_.png,0.608958,0.00171406,0.00150349,0.00130442,0.00137509,0.00173718,0.043457,0.28548,117.65
benchmark_qkvo_atlas--renders,S5_ukiyoe_Arthemy_QKVO_wo_b1_pos_seed42_00001_.png,0.602866,0.00171435,0.00130496,0.00103274,0.00094407,0.00112091,0.033250,0.28687,115.11
benchmark_qkvo_atlas--renders,S5_ukiyoe_Arthemy_QKVO_wo_b1_pos_seed777_00001_.png,0.600063,0.00164819,0.00144014,0.00118965,0.00114757,0.00153916,0.042945,0.30123,128.17
benchmark_qkvo_atlas--renders,S5_ukiyoe_Arthemy_QKVO_wo_b6_neg_seed1337_00001_.png,0.617670,0.00156295,0.00146304,0.00124440,0.00126396,0.00156914,0.039991,0.27505,113.53
benchmark_qkvo_atlas--renders,S5_ukiyoe_Arthemy_QKVO_wo_b6_neg_seed42_00001_.png,0.594017,0.00154575,0.00129719,0.00104365,0.00098740,0.00123165,0.039434,0.26418,111.09
benchmark_qkvo_atlas--renders,S5_ukiyoe_Arthemy_QKVO_wo_b6_neg_seed777_00001_.png,0.587665,0.00153691,0.00148405,0.00127150,0.00105747,0.00127673,0.043172,0.28455,121.72
benchmark_qkvo_atlas--renders,S5_ukiyoe_Arthemy_QKVO_wo_b6_pos_seed1337_00001_.png,0.622660,0.00196905,0.00171025,0.00149396,0.00156555,0.00197191,0.046514,0.29679,123.07
benchmark_qkvo_atlas--renders,S5_ukiyoe_Arthemy_QKVO_wo_b6_pos_seed42_00001_.png,0.611014,0.00181043,0.00140356,0.00121776,0.00116264,0.00145096,0.042949,0.27816,115.06
benchmark_qkvo_atlas--renders,S5_ukiyoe_Arthemy_QKVO_wo_b6_pos_seed777_00001_.png,0.611676,0.00187857,0.00173193,0.00154329,0.00134765,0.00162443,0.048672,0.28667,124.46
benchmark_qkvo_atlas--renders,S5_ukiyoe_Arthemy_QKVO_wq_b1_neg_seed1337_00001_.png,0.615159,0.00174735,0.00157940,0.00135593,0.00147134,0.00181258,0.044649,0.27752,114.44
benchmark_qkvo_atlas--renders,S5_ukiyoe_Arthemy_QKVO_wq_b1_neg_seed42_00001_.png,0.601965,0.00171198,0.00135974,0.00115019,0.00110152,0.00136771,0.041632,0.27168,110.40
benchmark_qkvo_atlas--renders,S5_ukiyoe_Arthemy_QKVO_wq_b1_neg_seed777_00001_.png,0.599352,0.00170898,0.00162544,0.00142600,0.00122687,0.00147315,0.046317,0.29088,125.00
benchmark_qkvo_atlas--renders,S5_ukiyoe_Arthemy_QKVO_wq_b1_pos_seed1337_00001_.png,0.609052,0.00178464,0.00161198,0.00133975,0.00133079,0.00158482,0.042511,0.28640,119.56
benchmark_qkvo_atlas--renders,S5_ukiyoe_Arthemy_QKVO_wq_b1_pos_seed42_00001_.png,0.602243,0.00174245,0.00140102,0.00113049,0.00107205,0.00132758,0.040981,0.26994,111.63
benchmark_qkvo_atlas--renders,S5_ukiyoe_Arthemy_QKVO_wq_b1_pos_seed777_00001_.png,0.601325,0.00176665,0.00164932,0.00142470,0.00123192,0.00146714,0.046109,0.28764,124.14
benchmark_qkvo_atlas--renders,S5_ukiyoe_Arthemy_QKVO_wq_b6_neg_seed1337_00001_.png,0.606439,0.00180366,0.00162202,0.00136376,0.00139058,0.00166969,0.043873,0.29026,117.99
benchmark_qkvo_atlas--renders,S5_ukiyoe_Arthemy_QKVO_wq_b6_neg_seed42_00001_.png,0.599907,0.00170812,0.00137278,0.00114544,0.00107830,0.00133715,0.041233,0.27172,111.52
benchmark_qkvo_atlas--renders,S5_ukiyoe_Arthemy_QKVO_wq_b6_neg_seed777_00001_.png,0.598601,0.00171766,0.00162536,0.00144726,0.00124526,0.00147944,0.046163,0.28936,125.44
benchmark_qkvo_atlas--renders,S5_ukiyoe_Arthemy_QKVO_wq_b6_pos_seed1337_00001_.png,0.619459,0.00176816,0.00164795,0.00139828,0.00146486,0.00189339,0.044556,0.28616,117.23
benchmark_qkvo_atlas--renders,S5_ukiyoe_Arthemy_QKVO_wq_b6_pos_seed42_00001_.png,0.601019,0.00172899,0.00136436,0.00113340,0.00107068,0.00134218,0.041267,0.27323,111.77
benchmark_qkvo_atlas--renders,S5_ukiyoe_Arthemy_QKVO_wq_b6_pos_seed777_00001_.png,0.604552,0.00176453,0.00161415,0.00142154,0.00124227,0.00148377,0.046056,0.28954,124.34
benchmark_qkvo_atlas--renders,S5_ukiyoe_Arthemy_QKVO_wv_b1_neg_seed1337_00001_.png,0.617064,0.00166525,0.00165590,0.00143276,0.00141059,0.00200752,0.047107,0.30078,122.94
benchmark_qkvo_atlas--renders,S5_ukiyoe_Arthemy_QKVO_wv_b1_neg_seed42_00001_.png,0.609607,0.00175048,0.00157003,0.00135419,0.00120553,0.00154703,0.044850,0.28767,118.40
benchmark_qkvo_atlas--renders,S5_ukiyoe_Arthemy_QKVO_wv_b1_neg_seed777_00001_.png,0.610010,0.00162454,0.00153902,0.00137003,0.00121198,0.00154111,0.047873,0.29389,136.81
benchmark_qkvo_atlas--renders,S5_ukiyoe_Arthemy_QKVO_wv_b1_pos_seed1337_00001_.png,0.613995,0.00171607,0.00148800,0.00128485,0.00135107,0.00172134,0.041816,0.28796,118.50
benchmark_qkvo_atlas--renders,S5_ukiyoe_Arthemy_QKVO_wv_b1_pos_seed42_00001_.png,0.599895,0.00169627,0.00127786,0.00102898,0.00094305,0.00116781,0.033407,0.28763,113.22
benchmark_qkvo_atlas--renders,S5_ukiyoe_Arthemy_QKVO_wv_b1_pos_seed777_00001_.png,0.599779,0.00166834,0.00143763,0.00119055,0.00117602,0.00155238,0.044664,0.29946,128.98
benchmark_qkvo_atlas--renders,S5_ukiyoe_Arthemy_QKVO_wv_b6_neg_seed1337_00001_.png,0.614574,0.00158449,0.00154820,0.00128781,0.00129064,0.00160415,0.041093,0.27603,111.90
benchmark_qkvo_atlas--renders,S5_ukiyoe_Arthemy_QKVO_wv_b6_neg_seed42_00001_.png,0.595064,0.00155313,0.00131123,0.00105614,0.00099156,0.00123994,0.039287,0.26436,109.20
benchmark_qkvo_atlas--renders,S5_ukiyoe_Arthemy_QKVO_wv_b6_neg_seed777_00001_.png,0.591054,0.00156233,0.00150837,0.00129880,0.00106273,0.00127202,0.042678,0.28621,122.04
benchmark_qkvo_atlas--renders,S5_ukiyoe_Arthemy_QKVO_wv_b6_pos_seed1337_00001_.png,0.608099,0.00186604,0.00160042,0.00136663,0.00133058,0.00159256,0.042807,0.30396,125.83
benchmark_qkvo_atlas--renders,S5_ukiyoe_Arthemy_QKVO_wv_b6_pos_seed42_00001_.png,0.610907,0.00183604,0.00144179,0.00124228,0.00118772,0.00146755,0.042940,0.27949,115.91
benchmark_qkvo_atlas--renders,S5_ukiyoe_Arthemy_QKVO_wv_b6_pos_seed777_00001_.png,0.611979,0.00190314,0.00173166,0.00151226,0.00134932,0.00160844,0.048757,0.29234,126.55
benchmark_qkvo_atlas--renders,S6_pixel_Arthemy_QKVO_normscales_all_neg_seed1337_00001_.png,0.534198,0.00080562,0.00109454,0.00167060,0.00177389,0.00177286,0.051691,0.43772,137.63
benchmark_qkvo_atlas--renders,S6_pixel_Arthemy_QKVO_normscales_all_neg_seed42_00001_.png,0.509276,0.00083100,0.00115183,0.00156814,0.00167111,0.00178389,0.049135,0.43255,99.20
benchmark_qkvo_atlas--renders,S6_pixel_Arthemy_QKVO_normscales_all_neg_seed777_00001_.png,0.529578,0.00085219,0.00120326,0.00173840,0.00169181,0.00182631,0.052783,0.46530,157.24
benchmark_qkvo_atlas--renders,S6_pixel_Arthemy_QKVO_normscales_all_pos_seed1337_00001_.png,0.534198,0.00080562,0.00109454,0.00167060,0.00177389,0.00177286,0.051691,0.43772,137.63
benchmark_qkvo_atlas--renders,S6_pixel_Arthemy_QKVO_normscales_all_pos_seed42_00001_.png,0.509276,0.00083100,0.00115183,0.00156814,0.00167111,0.00178389,0.049135,0.43255,99.20
benchmark_qkvo_atlas--renders,S6_pixel_Arthemy_QKVO_normscales_all_pos_seed777_00001_.png,0.529578,0.00085219,0.00120326,0.00173840,0.00169181,0.00182631,0.052783,0.46530,157.24
benchmark_qkvo_atlas--renders,S6_pixel_Arthemy_QKVO_wk_b1_neg_seed1337_00001_.png,0.528798,0.00083190,0.00114165,0.00170557,0.00176076,0.00175310,0.051334,0.44245,142.35
benchmark_qkvo_atlas--renders,S6_pixel_Arthemy_QKVO_wk_b1_neg_seed42_00001_.png,0.501614,0.00080946,0.00110089,0.00150709,0.00159439,0.00171696,0.048962,0.43592,99.72
benchmark_qkvo_atlas--renders,S6_pixel_Arthemy_QKVO_wk_b1_neg_seed777_00001_.png,0.533845,0.00086262,0.00123251,0.00181300,0.00176732,0.00185416,0.053074,0.46342,155.79
benchmark_qkvo_atlas--renders,S6_pixel_Arthemy_QKVO_wk_b1_pos_seed1337_00001_.png,0.528791,0.00082340,0.00112641,0.00171507,0.00180768,0.00176858,0.052281,0.43739,138.20
benchmark_qkvo_atlas--renders,S6_pixel_Arthemy_QKVO_wk_b1_pos_seed42_00001_.png,0.508232,0.00080625,0.00111021,0.00151474,0.00159718,0.00174330,0.049483,0.43600,98.12
benchmark_qkvo_atlas--renders,S6_pixel_Arthemy_QKVO_wk_b1_pos_seed777_00001_.png,0.541020,0.00084042,0.00118813,0.00176946,0.00174152,0.00182864,0.053797,0.46894,159.64
benchmark_qkvo_atlas--renders,S6_pixel_Arthemy_QKVO_wk_b6_neg_seed1337_00001_.png,0.531065,0.00081536,0.00111321,0.00169768,0.00176684,0.00177433,0.051400,0.43868,138.01
benchmark_qkvo_atlas--renders,S6_pixel_Arthemy_QKVO_wk_b6_neg_seed42_00001_.png,0.509015,0.00083442,0.00115248,0.00156693,0.00163967,0.00177193,0.048770,0.43580,97.51
benchmark_qkvo_atlas--renders,S6_pixel_Arthemy_QKVO_wk_b6_neg_seed777_00001_.png,0.532014,0.00085209,0.00121521,0.00179650,0.00174539,0.00188845,0.054275,0.47287,159.77
benchmark_qkvo_atlas--renders,S6_pixel_Arthemy_QKVO_wk_b6_pos_seed1337_00001_.png,0.533197,0.00082115,0.00111499,0.00169257,0.00180105,0.00181483,0.051474,0.43371,136.46
benchmark_qkvo_atlas--renders,S6_pixel_Arthemy_QKVO_wk_b6_pos_seed42_00001_.png,0.508550,0.00083355,0.00115396,0.00157303,0.00164454,0.00177681,0.050001,0.43139,99.14
benchmark_qkvo_atlas--renders,S6_pixel_Arthemy_QKVO_wk_b6_pos_seed777_00001_.png,0.536252,0.00087477,0.00123324,0.00181863,0.00176289,0.00190505,0.053803,0.47013,160.52
benchmark_qkvo_atlas--renders,S6_pixel_Arthemy_QKVO_wo_b1_neg_seed1337_00001_.png,0.522451,0.00072081,0.00099972,0.00155691,0.00156079,0.00155570,0.048633,0.43969,135.47
benchmark_qkvo_atlas--renders,S6_pixel_Arthemy_QKVO_wo_b1_neg_seed42_00001_.png,0.516801,0.00076943,0.00106265,0.00161484,0.00173370,0.00180854,0.046464,0.46380,108.38
benchmark_qkvo_atlas--renders,S6_pixel_Arthemy_QKVO_wo_b1_neg_seed777_00001_.png,0.528191,0.00080725,0.00115540,0.00173589,0.00168748,0.00179547,0.050791,0.46435,146.89
benchmark_qkvo_atlas--renders,S6_pixel_Arthemy_QKVO_wo_b1_pos_seed1337_00001_.png,0.534800,0.00079970,0.00112947,0.00168794,0.00177252,0.00174950,0.055393,0.44863,145.82
benchmark_qkvo_atlas--renders,S6_pixel_Arthemy_QKVO_wo_b1_pos_seed42_00001_.png,0.510329,0.00080097,0.00110462,0.00150801,0.00160260,0.00167177,0.049613,0.46460,124.21
benchmark_qkvo_atlas--renders,S6_pixel_Arthemy_QKVO_wo_b1_pos_seed777_00001_.png,0.544385,0.00081432,0.00114774,0.00170421,0.00173080,0.00176922,0.055919,0.47734,170.90
benchmark_qkvo_atlas--renders,S6_pixel_Arthemy_QKVO_wo_b6_neg_seed1337_00001_.png,0.522605,0.00072504,0.00100740,0.00150292,0.00159506,0.00155084,0.048092,0.40251,127.78
benchmark_qkvo_atlas--renders,S6_pixel_Arthemy_QKVO_wo_b6_neg_seed42_00001_.png,0.495356,0.00073891,0.00101622,0.00137746,0.00146533,0.00164425,0.046092,0.40881,99.54
benchmark_qkvo_atlas--renders,S6_pixel_Arthemy_QKVO_wo_b6_neg_seed777_00001_.png,0.518477,0.00076578,0.00109732,0.00162849,0.00161037,0.00174790,0.051563,0.44133,154.12
benchmark_qkvo_atlas--renders,S6_pixel_Arthemy_QKVO_wo_b6_pos_seed1337_00001_.png,0.545951,0.00086588,0.00117951,0.00183890,0.00195364,0.00187766,0.054109,0.47383,141.27
benchmark_qkvo_atlas--renders,S6_pixel_Arthemy_QKVO_wo_b6_pos_seed42_00001_.png,0.523719,0.00092861,0.00126896,0.00176633,0.00188691,0.00192212,0.052890,0.47342,101.30
benchmark_qkvo_atlas--renders,S6_pixel_Arthemy_QKVO_wo_b6_pos_seed777_00001_.png,0.547941,0.00090124,0.00130034,0.00194221,0.00190444,0.00199091,0.056889,0.49472,162.38
benchmark_qkvo_atlas--renders,S6_pixel_Arthemy_QKVO_wq_b1_neg_seed1337_00001_.png,0.529642,0.00081751,0.00112513,0.00168862,0.00178084,0.00176044,0.050603,0.43788,136.54
benchmark_qkvo_atlas--renders,S6_pixel_Arthemy_QKVO_wq_b1_neg_seed42_00001_.png,0.507616,0.00082959,0.00114098,0.00159165,0.00166541,0.00178704,0.049606,0.43548,98.81
benchmark_qkvo_atlas--renders,S6_pixel_Arthemy_QKVO_wq_b1_neg_seed777_00001_.png,0.534004,0.00086127,0.00123277,0.00180935,0.00173033,0.00184409,0.053727,0.47326,160.97
benchmark_qkvo_atlas--renders,S6_pixel_Arthemy_QKVO_wq_b1_pos_seed1337_00001_.png,0.536302,0.00081145,0.00110619,0.00169223,0.00172927,0.00176215,0.050813,0.44107,136.79
benchmark_qkvo_atlas--renders,S6_pixel_Arthemy_QKVO_wq_b1_pos_seed42_00001_.png,0.506986,0.00083596,0.00114672,0.00157451,0.00163964,0.00178678,0.049803,0.43126,98.07
benchmark_qkvo_atlas--renders,S6_pixel_Arthemy_QKVO_wq_b1_pos_seed777_00001_.png,0.535118,0.00083853,0.00119045,0.00176753,0.00170008,0.00178468,0.052858,0.46625,158.31
benchmark_qkvo_atlas--renders,S6_pixel_Arthemy_QKVO_wq_b6_neg_seed1337_00001_.png,0.529700,0.00079476,0.00107980,0.00163887,0.00166026,0.00167493,0.050125,0.43558,134.55
benchmark_qkvo_atlas--renders,S6_pixel_Arthemy_QKVO_wq_b6_neg_seed42_00001_.png,0.508459,0.00082200,0.00114188,0.00157081,0.00167182,0.00181336,0.049067,0.43739,98.73
benchmark_qkvo_atlas--renders,S6_pixel_Arthemy_QKVO_wq_b6_neg_seed777_00001_.png,0.533785,0.00087228,0.00121994,0.00180726,0.00176924,0.00187610,0.053630,0.46955,158.25
benchmark_qkvo_atlas--renders,S6_pixel_Arthemy_QKVO_wq_b6_pos_seed1337_00001_.png,0.534574,0.00079349,0.00108513,0.00166089,0.00175962,0.00176446,0.051311,0.43537,137.14
benchmark_qkvo_atlas--renders,S6_pixel_Arthemy_QKVO_wq_b6_pos_seed42_00001_.png,0.509260,0.00083294,0.00114364,0.00158169,0.00162905,0.00177482,0.049602,0.42941,96.42
benchmark_qkvo_atlas--renders,S6_pixel_Arthemy_QKVO_wq_b6_pos_seed777_00001_.png,0.538296,0.00086317,0.00122488,0.00182858,0.00178698,0.00189597,0.053995,0.46512,160.03
benchmark_qkvo_atlas--renders,S6_pixel_Arthemy_QKVO_wv_b1_neg_seed1337_00001_.png,0.526409,0.00072670,0.00099231,0.00158053,0.00163208,0.00160651,0.048524,0.44422,136.49
benchmark_qkvo_atlas--renders,S6_pixel_Arthemy_QKVO_wv_b1_neg_seed42_00001_.png,0.515541,0.00078683,0.00108974,0.00165294,0.00175492,0.00181845,0.046882,0.46173,105.72
benchmark_qkvo_atlas--renders,S6_pixel_Arthemy_QKVO_wv_b1_neg_seed777_00001_.png,0.527331,0.00081773,0.00117097,0.00176216,0.00165100,0.00174056,0.050058,0.45609,148.61
benchmark_qkvo_atlas--renders,S6_pixel_Arthemy_QKVO_wv_b1_pos_seed1337_00001_.png,0.538722,0.00081157,0.00115030,0.00172348,0.00177691,0.00173126,0.055224,0.46034,149.66
benchmark_qkvo_atlas--renders,S6_pixel_Arthemy_QKVO_wv_b1_pos_seed42_00001_.png,0.513057,0.00082014,0.00111564,0.00152007,0.00161865,0.00169861,0.050427,0.47387,126.58
benchmark_qkvo_atlas--renders,S6_pixel_Arthemy_QKVO_wv_b1_pos_seed777_00001_.png,0.543879,0.00079594,0.00111229,0.00167392,0.00169360,0.00169205,0.055820,0.46822,171.86
benchmark_qkvo_atlas--renders,S6_pixel_Arthemy_QKVO_wv_b6_neg_seed1337_00001_.png,0.522172,0.00073412,0.00102794,0.00151520,0.00155308,0.00149883,0.047503,0.40256,126.03
benchmark_qkvo_atlas--renders,S6_pixel_Arthemy_QKVO_wv_b6_neg_seed42_00001_.png,0.494645,0.00074692,0.00104354,0.00143360,0.00151009,0.00165867,0.047053,0.41311,102.83
benchmark_qkvo_atlas--renders,S6_pixel_Arthemy_QKVO_wv_b6_neg_seed777_00001_.png,0.514638,0.00079891,0.00114873,0.00168063,0.00162459,0.00178370,0.051382,0.43701,153.77
benchmark_qkvo_atlas--renders,S6_pixel_Arthemy_QKVO_wv_b6_pos_seed1337_00001_.png,0.544243,0.00085799,0.00118573,0.00182293,0.00190533,0.00187561,0.053889,0.47002,139.40
benchmark_qkvo_atlas--renders,S6_pixel_Arthemy_QKVO_wv_b6_pos_seed42_00001_.png,0.521298,0.00091903,0.00127327,0.00174799,0.00185698,0.00192506,0.052638,0.47382,103.89
benchmark_qkvo_atlas--renders,S6_pixel_Arthemy_QKVO_wv_b6_pos_seed777_00001_.png,0.550043,0.00090353,0.00129396,0.00194846,0.00190145,0.00197113,0.055162,0.49156,161.03
benchmark_qkvo_atlas--renders,S7_glass_Arthemy_QKVO_normscales_all_neg_seed1337_00001_.png,0.720298,0.00076446,0.00135704,0.00218719,0.00227353,0.00223830,0.056012,0.48643,64.86
benchmark_qkvo_atlas--renders,S7_glass_Arthemy_QKVO_normscales_all_neg_seed42_00001_.png,0.694842,0.00078914,0.00122281,0.00198766,0.00220263,0.00223802,0.056683,0.47761,57.13
benchmark_qkvo_atlas--renders,S7_glass_Arthemy_QKVO_normscales_all_neg_seed777_00001_.png,0.690607,0.00073549,0.00118052,0.00196440,0.00224876,0.00216673,0.053604,0.45905,64.41
benchmark_qkvo_atlas--renders,S7_glass_Arthemy_QKVO_normscales_all_pos_seed1337_00001_.png,0.720298,0.00076446,0.00135704,0.00218719,0.00227353,0.00223830,0.056012,0.48643,64.86
benchmark_qkvo_atlas--renders,S7_glass_Arthemy_QKVO_normscales_all_pos_seed42_00001_.png,0.694842,0.00078914,0.00122281,0.00198766,0.00220263,0.00223802,0.056683,0.47761,57.13
benchmark_qkvo_atlas--renders,S7_glass_Arthemy_QKVO_normscales_all_pos_seed777_00001_.png,0.690607,0.00073549,0.00118052,0.00196440,0.00224876,0.00216673,0.053604,0.45905,64.41
benchmark_qkvo_atlas--renders,S7_glass_Arthemy_QKVO_wk_b1_neg_seed1337_00001_.png,0.721382,0.00078344,0.00141047,0.00226166,0.00235647,0.00232242,0.056134,0.48654,64.46
benchmark_qkvo_atlas--renders,S7_glass_Arthemy_QKVO_wk_b1_neg_seed42_00001_.png,0.691171,0.00079279,0.00124376,0.00203892,0.00228033,0.00231072,0.057255,0.46890,57.81
benchmark_qkvo_atlas--renders,S7_glass_Arthemy_QKVO_wk_b1_neg_seed777_00001_.png,0.689995,0.00075256,0.00121578,0.00198404,0.00224719,0.00219125,0.053609,0.46509,64.37
benchmark_qkvo_atlas--renders,S7_glass_Arthemy_QKVO_wk_b1_pos_seed1337_00001_.png,0.718293,0.00078023,0.00138290,0.00219277,0.00225430,0.00225595,0.056591,0.48397,66.67
benchmark_qkvo_atlas--renders,S7_glass_Arthemy_QKVO_wk_b1_pos_seed42_00001_.png,0.691048,0.00077179,0.00118654,0.00196240,0.00222593,0.00232547,0.056491,0.46881,57.11
benchmark_qkvo_atlas--renders,S7_glass_Arthemy_QKVO_wk_b1_pos_seed777_00001_.png,0.687162,0.00071780,0.00118522,0.00196874,0.00221953,0.00218921,0.053962,0.46305,64.24
benchmark_qkvo_atlas--renders,S7_glass_Arthemy_QKVO_wk_b6_neg_seed1337_00001_.png,0.720552,0.00077692,0.00139718,0.00225180,0.00239481,0.00232858,0.056663,0.48984,65.93
benchmark_qkvo_atlas--renders,S7_glass_Arthemy_QKVO_wk_b6_neg_seed42_00001_.png,0.694158,0.00077775,0.00123141,0.00203806,0.00229458,0.00232867,0.056703,0.47547,56.28
benchmark_qkvo_atlas--renders,S7_glass_Arthemy_QKVO_wk_b6_neg_seed777_00001_.png,0.691009,0.00072944,0.00119915,0.00198169,0.00225037,0.00212976,0.053492,0.45938,65.24
benchmark_qkvo_atlas--renders,S7_glass_Arthemy_QKVO_wk_b6_pos_seed1337_00001_.png,0.719079,0.00076170,0.00134012,0.00216127,0.00224579,0.00221158,0.055584,0.48148,66.79
benchmark_qkvo_atlas--renders,S7_glass_Arthemy_QKVO_wk_b6_pos_seed42_00001_.png,0.689997,0.00076505,0.00123453,0.00200414,0.00218263,0.00226031,0.056131,0.45961,57.34
benchmark_qkvo_atlas--renders,S7_glass_Arthemy_QKVO_wk_b6_pos_seed777_00001_.png,0.690584,0.00073761,0.00118875,0.00198613,0.00226639,0.00218247,0.053757,0.46437,64.25
benchmark_qkvo_atlas--renders,S7_glass_Arthemy_QKVO_wo_b1_neg_seed1337_00001_.png,0.716978,0.00095899,0.00156011,0.00245736,0.00245488,0.00229466,0.057371,0.44663,71.23
benchmark_qkvo_atlas--renders,S7_glass_Arthemy_QKVO_wo_b1_neg_seed42_00001_.png,0.704863,0.00093164,0.00137648,0.00214269,0.00231059,0.00232121,0.054661,0.46716,62.27
benchmark_qkvo_atlas--renders,S7_glass_Arthemy_QKVO_wo_b1_neg_seed777_00001_.png,0.706682,0.00092053,0.00140689,0.00225879,0.00247934,0.00236728,0.056906,0.45930,66.16
benchmark_qkvo_atlas--renders,S7_glass_Arthemy_QKVO_wo_b1_pos_seed1337_00001_.png,0.714570,0.00070233,0.00137749,0.00226115,0.00244762,0.00249067,0.058293,0.49618,63.85
benchmark_qkvo_atlas--renders,S7_glass_Arthemy_QKVO_wo_b1_pos_seed42_00001_.png,0.699650,0.00065791,0.00115855,0.00208058,0.00242209,0.00244275,0.057449,0.49194,54.41
benchmark_qkvo_atlas--renders,S7_glass_Arthemy_QKVO_wo_b1_pos_seed777_00001_.png,0.688091,0.00070064,0.00115715,0.00188441,0.00206029,0.00215610,0.054009,0.46684,64.81
benchmark_qkvo_atlas--renders,S7_glass_Arthemy_QKVO_wo_b6_neg_seed1337_00001_.png,0.700344,0.00067238,0.00124557,0.00206149,0.00218101,0.00220170,0.054054,0.47230,68.32
benchmark_qkvo_atlas--renders,S7_glass_Arthemy_QKVO_wo_b6_neg_seed42_00001_.png,0.664010,0.00068606,0.00108800,0.00176353,0.00202582,0.00224308,0.054969,0.45225,62.15
benchmark_qkvo_atlas--renders,S7_glass_Arthemy_QKVO_wo_b6_neg_seed777_00001_.png,0.666255,0.00068186,0.00106570,0.00175840,0.00204247,0.00203697,0.052543,0.45408,70.14
benchmark_qkvo_atlas--renders,S7_glass_Arthemy_QKVO_wo_b6_pos_seed1337_00001_.png,0.741102,0.00086297,0.00152643,0.00246250,0.00262452,0.00258190,0.058390,0.49953,63.14
benchmark_qkvo_atlas--renders,S7_glass_Arthemy_QKVO_wo_b6_pos_seed42_00001_.png,0.702823,0.00079871,0.00129721,0.00215150,0.00241795,0.00226117,0.055528,0.47020,54.16
benchmark_qkvo_atlas--renders,S7_glass_Arthemy_QKVO_wo_b6_pos_seed777_00001_.png,0.709798,0.00082387,0.00134214,0.00221428,0.00246053,0.00230888,0.054453,0.46174,63.86
benchmark_qkvo_atlas--renders,S7_glass_Arthemy_QKVO_wq_b1_neg_seed1337_00001_.png,0.724060,0.00075755,0.00138883,0.00224199,0.00231901,0.00231125,0.056623,0.49208,65.43
benchmark_qkvo_atlas--renders,S7_glass_Arthemy_QKVO_wq_b1_neg_seed42_00001_.png,0.694679,0.00078285,0.00122983,0.00197073,0.00218097,0.00219572,0.055522,0.46908,57.67
benchmark_qkvo_atlas--renders,S7_glass_Arthemy_QKVO_wq_b1_neg_seed777_00001_.png,0.691809,0.00073304,0.00119906,0.00201391,0.00227780,0.00218182,0.053695,0.46233,64.89
benchmark_qkvo_atlas--renders,S7_glass_Arthemy_QKVO_wq_b1_pos_seed1337_00001_.png,0.721937,0.00077140,0.00139179,0.00225489,0.00234800,0.00230637,0.056922,0.48608,65.83
benchmark_qkvo_atlas--renders,S7_glass_Arthemy_QKVO_wq_b1_pos_seed42_00001_.png,0.686309,0.00077409,0.00121314,0.00200092,0.00224585,0.00229187,0.056599,0.46077,57.38
benchmark_qkvo_atlas--renders,S7_glass_Arthemy_QKVO_wq_b1_pos_seed777_00001_.png,0.687454,0.00073887,0.00118881,0.00196227,0.00223170,0.00216672,0.053301,0.46216,64.06
benchmark_qkvo_atlas--renders,S7_glass_Arthemy_QKVO_wq_b6_neg_seed1337_00001_.png,0.721698,0.00076221,0.00137801,0.00221722,0.00229854,0.00226251,0.056259,0.48317,66.07
benchmark_qkvo_atlas--renders,S7_glass_Arthemy_QKVO_wq_b6_neg_seed42_00001_.png,0.692229,0.00081709,0.00128017,0.00208335,0.00226076,0.00230828,0.057094,0.46414,57.86
benchmark_qkvo_atlas--renders,S7_glass_Arthemy_QKVO_wq_b6_neg_seed777_00001_.png,0.694259,0.00073878,0.00122404,0.00201648,0.00225469,0.00212271,0.053370,0.46375,65.41
benchmark_qkvo_atlas--renders,S7_glass_Arthemy_QKVO_wq_b6_pos_seed1337_00001_.png,0.720373,0.00075077,0.00135415,0.00220686,0.00235550,0.00235555,0.056494,0.49243,66.69
benchmark_qkvo_atlas--renders,S7_glass_Arthemy_QKVO_wq_b6_pos_seed42_00001_.png,0.690965,0.00076806,0.00123174,0.00201607,0.00221190,0.00227225,0.056200,0.47049,56.85
benchmark_qkvo_atlas--renders,S7_glass_Arthemy_QKVO_wq_b6_pos_seed777_00001_.png,0.690821,0.00072882,0.00114435,0.00194436,0.00225892,0.00216541,0.053953,0.45969,64.93
benchmark_qkvo_atlas--renders,S7_glass_Arthemy_QKVO_wv_b1_neg_seed1337_00001_.png,0.717446,0.00095322,0.00155441,0.00248474,0.00251709,0.00237428,0.058328,0.45200,70.28
benchmark_qkvo_atlas--renders,S7_glass_Arthemy_QKVO_wv_b1_neg_seed42_00001_.png,0.704368,0.00100635,0.00143669,0.00221088,0.00229134,0.00220561,0.053976,0.47418,65.77
benchmark_qkvo_atlas--renders,S7_glass_Arthemy_QKVO_wv_b1_neg_seed777_00001_.png,0.708345,0.00094036,0.00145287,0.00228574,0.00245344,0.00228454,0.056913,0.46052,66.59
benchmark_qkvo_atlas--renders,S7_glass_Arthemy_QKVO_wv_b1_pos_seed1337_00001_.png,0.716610,0.00070262,0.00134472,0.00224771,0.00244600,0.00247141,0.058348,0.50143,62.06
benchmark_qkvo_atlas--renders,S7_glass_Arthemy_QKVO_wv_b1_pos_seed42_00001_.png,0.698635,0.00063365,0.00111238,0.00198490,0.00228973,0.00237514,0.055870,0.49879,53.94
benchmark_qkvo_atlas--renders,S7_glass_Arthemy_QKVO_wv_b1_pos_seed777_00001_.png,0.683180,0.00067146,0.00111699,0.00184899,0.00202267,0.00214739,0.053627,0.46313,66.68
benchmark_qkvo_atlas--renders,S7_glass_Arthemy_QKVO_wv_b6_neg_seed1337_00001_.png,0.698983,0.00063952,0.00118412,0.00201468,0.00216110,0.00221187,0.053716,0.46803,69.62
benchmark_qkvo_atlas--renders,S7_glass_Arthemy_QKVO_wv_b6_neg_seed42_00001_.png,0.672672,0.00068334,0.00106786,0.00177891,0.00205141,0.00227631,0.054987,0.46214,61.28
benchmark_qkvo_atlas--renders,S7_glass_Arthemy_QKVO_wv_b6_neg_seed777_00001_.png,0.669671,0.00068630,0.00107869,0.00176372,0.00202258,0.00198685,0.052561,0.45579,70.63
benchmark_qkvo_atlas--renders,S7_glass_Arthemy_QKVO_wv_b6_pos_seed1337_00001_.png,0.735879,0.00087058,0.00152913,0.00241256,0.00255060,0.00251433,0.058069,0.49413,63.87
benchmark_qkvo_atlas--renders,S7_glass_Arthemy_QKVO_wv_b6_pos_seed42_00001_.png,0.703772,0.00082550,0.00132885,0.00214710,0.00237915,0.00231065,0.056081,0.46418,55.39
benchmark_qkvo_atlas--renders,S7_glass_Arthemy_QKVO_wv_b6_pos_seed777_00001_.png,0.711096,0.00081724,0.00132825,0.00219075,0.00241781,0.00230454,0.055191,0.45817,63.76
benchmark_qkvo_atlas--renders,S8_charcoal_Arthemy_QKVO_normscales_all_neg_seed1337_00001_.png,0.560101,0.00193700,0.00235443,0.00353975,0.00382374,0.00357571,0.092566,0.11958,51.41
benchmark_qkvo_atlas--renders,S8_charcoal_Arthemy_QKVO_normscales_all_neg_seed42_00001_.png,0.534386,0.00192992,0.00189716,0.00268603,0.00317286,0.00310967,0.077540,0.13861,45.68
benchmark_qkvo_atlas--renders,S8_charcoal_Arthemy_QKVO_normscales_all_neg_seed777_00001_.png,0.550817,0.00218805,0.00220048,0.00305245,0.00347909,0.00333905,0.082806,0.11384,47.10
benchmark_qkvo_atlas--renders,S8_charcoal_Arthemy_QKVO_normscales_all_pos_seed1337_00001_.png,0.560101,0.00193700,0.00235443,0.00353975,0.00382374,0.00357571,0.092566,0.11958,51.41
benchmark_qkvo_atlas--renders,S8_charcoal_Arthemy_QKVO_normscales_all_pos_seed42_00001_.png,0.534386,0.00192992,0.00189716,0.00268603,0.00317286,0.00310967,0.077540,0.13861,45.68
benchmark_qkvo_atlas--renders,S8_charcoal_Arthemy_QKVO_normscales_all_pos_seed777_00001_.png,0.550817,0.00218805,0.00220048,0.00305245,0.00347909,0.00333905,0.082806,0.11384,47.10
benchmark_qkvo_atlas--renders,S8_charcoal_Arthemy_QKVO_wk_b1_neg_seed1337_00001_.png,0.565076,0.00193274,0.00232683,0.00354188,0.00384556,0.00356930,0.092427,0.12151,51.19
benchmark_qkvo_atlas--renders,S8_charcoal_Arthemy_QKVO_wk_b1_neg_seed42_00001_.png,0.537248,0.00194028,0.00193417,0.00272192,0.00313114,0.00309036,0.077939,0.14119,46.23
benchmark_qkvo_atlas--renders,S8_charcoal_Arthemy_QKVO_wk_b1_neg_seed777_00001_.png,0.547186,0.00224180,0.00222875,0.00305405,0.00344563,0.00332348,0.082711,0.11501,47.63
benchmark_qkvo_atlas--renders,S8_charcoal_Arthemy_QKVO_wk_b1_pos_seed1337_00001_.png,0.559308,0.00192743,0.00231218,0.00349704,0.00386988,0.00361015,0.092986,0.12188,50.02
benchmark_qkvo_atlas--renders,S8_charcoal_Arthemy_QKVO_wk_b1_pos_seed42_00001_.png,0.538509,0.00195320,0.00192820,0.00270774,0.00315561,0.00309581,0.077989,0.13973,46.09
benchmark_qkvo_atlas--renders,S8_charcoal_Arthemy_QKVO_wk_b1_pos_seed777_00001_.png,0.553954,0.00217630,0.00226748,0.00309370,0.00348391,0.00337580,0.083446,0.11403,47.31
benchmark_qkvo_atlas--renders,S8_charcoal_Arthemy_QKVO_wk_b6_neg_seed1337_00001_.png,0.563094,0.00193655,0.00230913,0.00353294,0.00389034,0.00361678,0.092740,0.12167,51.77
benchmark_qkvo_atlas--renders,S8_charcoal_Arthemy_QKVO_wk_b6_neg_seed42_00001_.png,0.534758,0.00195073,0.00191939,0.00272941,0.00319263,0.00312963,0.078335,0.13973,46.95
benchmark_qkvo_atlas--renders,S8_charcoal_Arthemy_QKVO_wk_b6_neg_seed777_00001_.png,0.552510,0.00217592,0.00226116,0.00313451,0.00355024,0.00342715,0.083818,0.11587,47.77
benchmark_qkvo_atlas--renders,S8_charcoal_Arthemy_QKVO_wk_b6_pos_seed1337_00001_.png,0.564320,0.00195789,0.00231046,0.00353220,0.00384905,0.00353577,0.092471,0.12152,51.91
benchmark_qkvo_atlas--renders,S8_charcoal_Arthemy_QKVO_wk_b6_pos_seed42_00001_.png,0.537155,0.00196086,0.00189537,0.00271069,0.00321031,0.00315111,0.077692,0.14353,46.34
benchmark_qkvo_atlas--renders,S8_charcoal_Arthemy_QKVO_wk_b6_pos_seed777_00001_.png,0.557376,0.00222722,0.00229452,0.00314980,0.00351265,0.00333776,0.082983,0.11625,47.07
benchmark_qkvo_atlas--renders,S8_charcoal_Arthemy_QKVO_wo_b1_neg_seed1337_00001_.png,0.570000,0.00215846,0.00264126,0.00350877,0.00360072,0.00336176,0.091211,0.11504,47.43
benchmark_qkvo_atlas--renders,S8_charcoal_Arthemy_QKVO_wo_b1_neg_seed42_00001_.png,0.553714,0.00219782,0.00237494,0.00308682,0.00332348,0.00329069,0.083404,0.14004,43.62
benchmark_qkvo_atlas--renders,S8_charcoal_Arthemy_QKVO_wo_b1_neg_seed777_00001_.png,0.546476,0.00245046,0.00264318,0.00327883,0.00353643,0.00344875,0.086883,0.11435,47.59
benchmark_qkvo_atlas--renders,S8_charcoal_Arthemy_QKVO_wo_b1_pos_seed1337_00001_.png,0.570235,0.00195637,0.00240847,0.00373903,0.00411576,0.00399916,0.090210,0.11965,48.25
benchmark_qkvo_atlas--renders,S8_charcoal_Arthemy_QKVO_wo_b1_pos_seed42_00001_.png,0.534359,0.00168367,0.00170719,0.00240866,0.00284948,0.00284383,0.073723,0.14393,46.22
benchmark_qkvo_atlas--renders,S8_charcoal_Arthemy_QKVO_wo_b1_pos_seed777_00001_.png,0.549886,0.00210684,0.00206640,0.00303099,0.00347814,0.00359107,0.086850,0.12045,46.94
benchmark_qkvo_atlas--renders,S8_charcoal_Arthemy_QKVO_wo_b6_neg_seed1337_00001_.png,0.522567,0.00199087,0.00211745,0.00319293,0.00352733,0.00348017,0.091202,0.11944,52.33
benchmark_qkvo_atlas--renders,S8_charcoal_Arthemy_QKVO_wo_b6_neg_seed42_00001_.png,0.494310,0.00201678,0.00173390,0.00245710,0.00302744,0.00308524,0.077618,0.13410,47.89
benchmark_qkvo_atlas--renders,S8_charcoal_Arthemy_QKVO_wo_b6_neg_seed777_00001_.png,0.513040,0.00227791,0.00207904,0.00292143,0.00333386,0.00328817,0.082386,0.11504,47.26
benchmark_qkvo_atlas--renders,S8_charcoal_Arthemy_QKVO_wo_b6_pos_seed1337_00001_.png,0.592958,0.00190173,0.00250732,0.00376149,0.00403128,0.00366605,0.091448,0.12794,49.37
benchmark_qkvo_atlas--renders,S8_charcoal_Arthemy_QKVO_wo_b6_pos_seed42_00001_.png,0.574120,0.00184191,0.00205048,0.00296229,0.00343856,0.00321037,0.076697,0.14450,45.90
benchmark_qkvo_atlas--renders,S8_charcoal_Arthemy_QKVO_wo_b6_pos_seed777_00001_.png,0.592601,0.00213367,0.00242943,0.00331381,0.00359033,0.00330266,0.081144,0.11966,47.10
benchmark_qkvo_atlas--renders,S8_charcoal_Arthemy_QKVO_wq_b1_neg_seed1337_00001_.png,0.560248,0.00197939,0.00234245,0.00351924,0.00380455,0.00354915,0.092324,0.12211,51.20
benchmark_qkvo_atlas--renders,S8_charcoal_Arthemy_QKVO_wq_b1_neg_seed42_00001_.png,0.533841,0.00192331,0.00189310,0.00272225,0.00320945,0.00315028,0.078192,0.13551,46.80
benchmark_qkvo_atlas--renders,S8_charcoal_Arthemy_QKVO_wq_b1_neg_seed777_00001_.png,0.543961,0.00222742,0.00215322,0.00299962,0.00340884,0.00327534,0.081550,0.11431,46.29
benchmark_qkvo_atlas--renders,S8_charcoal_Arthemy_QKVO_wq_b1_pos_seed1337_00001_.png,0.558882,0.00195480,0.00223959,0.00340284,0.00382970,0.00357163,0.092026,0.12168,50.13
benchmark_qkvo_atlas--renders,S8_charcoal_Arthemy_QKVO_wq_b1_pos_seed42_00001_.png,0.534994,0.00193089,0.00189544,0.00268273,0.00315847,0.00312822,0.077853,0.13935,45.65
benchmark_qkvo_atlas--renders,S8_charcoal_Arthemy_QKVO_wq_b1_pos_seed777_00001_.png,0.554492,0.00218616,0.00225924,0.00312196,0.00349641,0.00338673,0.083539,0.11503,46.63
benchmark_qkvo_atlas--renders,S8_charcoal_Arthemy_QKVO_wq_b6_neg_seed1337_00001_.png,0.563886,0.00191946,0.00231826,0.00351818,0.00385486,0.00361777,0.092542,0.12265,51.42
benchmark_qkvo_atlas--renders,S8_charcoal_Arthemy_QKVO_wq_b6_neg_seed42_00001_.png,0.536723,0.00193235,0.00192098,0.00273776,0.00319720,0.00313774,0.078204,0.13882,45.75
benchmark_qkvo_atlas--renders,S8_charcoal_Arthemy_QKVO_wq_b6_neg_seed777_00001_.png,0.551742,0.00220870,0.00227153,0.00310096,0.00346352,0.00335877,0.082958,0.11543,46.96
benchmark_qkvo_atlas--renders,S8_charcoal_Arthemy_QKVO_wq_b6_pos_seed1337_00001_.png,0.560259,0.00193773,0.00226255,0.00349564,0.00385636,0.00357213,0.091985,0.12121,51.38
benchmark_qkvo_atlas--renders,S8_charcoal_Arthemy_QKVO_wq_b6_pos_seed42_00001_.png,0.533848,0.00195085,0.00187702,0.00268767,0.00318750,0.00313832,0.077728,0.13852,46.97
benchmark_qkvo_atlas--renders,S8_charcoal_Arthemy_QKVO_wq_b6_pos_seed777_00001_.png,0.552904,0.00219642,0.00221648,0.00311873,0.00354821,0.00338552,0.083170,0.11699,47.26
benchmark_qkvo_atlas--renders,S8_charcoal_Arthemy_QKVO_wv_b1_neg_seed1337_00001_.png,0.572318,0.00216938,0.00261456,0.00354563,0.00358940,0.00328486,0.091592,0.11587,46.24
benchmark_qkvo_atlas--renders,S8_charcoal_Arthemy_QKVO_wv_b1_neg_seed42_00001_.png,0.551945,0.00217146,0.00232043,0.00304578,0.00333347,0.00328559,0.083707,0.14038,43.67
benchmark_qkvo_atlas--renders,S8_charcoal_Arthemy_QKVO_wv_b1_neg_seed777_00001_.png,0.547097,0.00242400,0.00266533,0.00331876,0.00351333,0.00340069,0.086694,0.11356,47.86
benchmark_qkvo_atlas--renders,S8_charcoal_Arthemy_QKVO_wv_b1_pos_seed1337_00001_.png,0.570651,0.00199288,0.00243350,0.00377666,0.00428877,0.00430043,0.091694,0.12356,45.35
benchmark_qkvo_atlas--renders,S8_charcoal_Arthemy_QKVO_wv_b1_pos_seed42_00001_.png,0.532240,0.00168540,0.00171667,0.00238994,0.00285009,0.00287945,0.073497,0.14295,46.22
benchmark_qkvo_atlas--renders,S8_charcoal_Arthemy_QKVO_wv_b1_pos_seed777_00001_.png,0.555075,0.00210967,0.00213971,0.00313873,0.00353427,0.00367267,0.088195,0.12230,46.84
benchmark_qkvo_atlas--renders,S8_charcoal_Arthemy_QKVO_wv_b6_neg_seed1337_00001_.png,0.525897,0.00198810,0.00210753,0.00320420,0.00359719,0.00354836,0.091174,0.12150,52.19
benchmark_qkvo_atlas--renders,S8_charcoal_Arthemy_QKVO_wv_b6_neg_seed42_00001_.png,0.495349,0.00203384,0.00173866,0.00245976,0.00303109,0.00309071,0.077407,0.13506,47.90
benchmark_qkvo_atlas--renders,S8_charcoal_Arthemy_QKVO_wv_b6_neg_seed777_00001_.png,0.518303,0.00229053,0.00211207,0.00296003,0.00330454,0.00327179,0.082956,0.11392,47.35
benchmark_qkvo_atlas--renders,S8_charcoal_Arthemy_QKVO_wv_b6_pos_seed1337_00001_.png,0.594204,0.00186680,0.00251911,0.00378321,0.00398877,0.00365666,0.091669,0.12794,48.74
benchmark_qkvo_atlas--renders,S8_charcoal_Arthemy_QKVO_wv_b6_pos_seed42_00001_.png,0.573524,0.00181725,0.00207331,0.00289312,0.00327637,0.00311456,0.075325,0.14333,46.47
benchmark_qkvo_atlas--renders,S8_charcoal_Arthemy_QKVO_wv_b6_pos_seed777_00001_.png,0.592139,0.00211233,0.00244093,0.00338083,0.00365232,0.00336058,0.081747,0.12204,48.05
benchmark_qkvo_atlas--renders,determinism_check_S1_photo_baseline_seed42_00001_.png,0.544232,0.00081582,0.00072177,0.00087883,0.00109955,0.00143018,0.044533,0.36945,72.10
benchmark_stage4_preset/renders,F1_blockshuf_neg_seed1337_00001_.png,0.581275,0.00109955,0.00144931,0.00173845,0.00177544,0.00225967,0.105816,0.36654,359.12
benchmark_stage4_preset/renders,F1_blockshuf_neg_seed4242145_00001_.png,0.540031,0.00089252,0.00105814,0.00130402,0.00146460,0.00207275,0.090880,0.29807,0.82
benchmark_stage4_preset/renders,F1_blockshuf_neg_seed42_00001_.png,0.609723,0.00110346,0.00140091,0.00188192,0.00182985,0.00249533,0.095158,0.38868,355.56
benchmark_stage4_preset/renders,F1_blockshuf_neg_seed777_00001_.png,0.607255,0.00104037,0.00127462,0.00142904,0.00149579,0.00209656,0.107126,0.33541,357.76
benchmark_stage4_preset/renders,F1_blockshuf_neg_seed9999_00001_.png,0.552008,0.00113647,0.00153289,0.00177586,0.00187320,0.00242706,0.091324,0.32529,358.19
benchmark_stage4_preset/renders,F1_blockshuf_pos_seed1337_00001_.png,0.550235,0.00076535,0.00122610,0.00210415,0.00251050,0.00332400,0.102914,0.42919,6.88
benchmark_stage4_preset/renders,F1_blockshuf_pos_seed4242145_00001_.png,0.569533,0.00077229,0.00117568,0.00180710,0.00215438,0.00271214,0.083332,0.33843,354.28
benchmark_stage4_preset/renders,F1_blockshuf_pos_seed42_00001_.png,0.513744,0.00059231,0.00097149,0.00187424,0.00329939,0.00578184,0.168743,0.32174,358.20
benchmark_stage4_preset/renders,F1_blockshuf_pos_seed777_00001_.png,0.503280,0.00056664,0.00086279,0.00146795,0.00181540,0.00247338,0.127354,0.27029,354.02
benchmark_stage4_preset/renders,F1_blockshuf_pos_seed9999_00001_.png,0.524766,0.00078241,0.00123447,0.00210341,0.00312345,0.00518275,0.167633,0.28524,358.87
benchmark_stage4_preset/renders,F1_preset_half_seed1337_00001_.png,0.554202,0.00078343,0.00117582,0.00193215,0.00217038,0.00260463,0.098964,0.33839,1.02
benchmark_stage4_preset/renders,F1_preset_half_seed4242145_00001_.png,0.532689,0.00060615,0.00094345,0.00151846,0.00164739,0.00188178,0.085599,0.26509,356.41
benchmark_stage4_preset/renders,F1_preset_half_seed42_00001_.png,0.538829,0.00081843,0.00117802,0.00176609,0.00193875,0.00241697,0.081087,0.33584,3.59
benchmark_stage4_preset/renders,F1_preset_half_seed777_00001_.png,0.523935,0.00054901,0.00084586,0.00148621,0.00188670,0.00239639,0.098255,0.26663,355.23
benchmark_stage4_preset/renders,F1_preset_half_seed9999_00001_.png,0.527227,0.00089967,0.00132303,0.00205938,0.00297282,0.00454250,0.150520,0.26609,357.29
benchmark_stage4_preset/renders,F1_preset_neg_seed1337_00001_.png,0.634992,0.00126567,0.00165290,0.00196615,0.00184378,0.00209677,0.101766,0.41847,4.86
benchmark_stage4_preset/renders,F1_preset_neg_seed4242145_00001_.png,0.627406,0.00105049,0.00135777,0.00141677,0.00129155,0.00162335,0.075163,0.44399,3.56
benchmark_stage4_preset/renders,F1_preset_neg_seed42_00001_.png,0.629369,0.00119180,0.00152664,0.00182011,0.00152253,0.00206870,0.088467,0.42355,4.53
benchmark_stage4_preset/renders,F1_preset_neg_seed777_00001_.png,0.652959,0.00120485,0.00156520,0.00169310,0.00168019,0.00209702,0.096176,0.41583,5.52
benchmark_stage4_preset/renders,F1_preset_neg_seed9999_00001_.png,0.597919,0.00119126,0.00159150,0.00177390,0.00186357,0.00249030,0.119451,0.40422,2.82
benchmark_stage4_preset/renders,F1_preset_pos_seed1337_00001_.png,0.493305,0.00067519,0.00107520,0.00176433,0.00212590,0.00262620,0.100104,0.31466,1.31
benchmark_stage4_preset/renders,F1_preset_pos_seed4242145_00001_.png,0.485976,0.00049548,0.00078905,0.00137847,0.00164431,0.00184049,0.080531,0.25314,355.09
benchmark_stage4_preset/renders,F1_preset_pos_seed42_00001_.png,0.477453,0.00063636,0.00097851,0.00168017,0.00227481,0.00265083,0.075610,0.26042,358.78
benchmark_stage4_preset/renders,F1_preset_pos_seed777_00001_.png,0.457524,0.00046495,0.00073661,0.00131340,0.00162379,0.00246745,0.113365,0.22314,354.20
benchmark_stage4_preset/renders,F1_preset_pos_seed9999_00001_.png,0.497045,0.00053213,0.00086460,0.00160458,0.00285519,0.00496700,0.162176,0.25024,358.99
benchmark_stage4_preset/renders,F1_rand_neg_seed1337_00001_.png,0.583868,0.00080091,0.00113287,0.00162558,0.00174290,0.00203042,0.093523,0.37117,6.39
benchmark_stage4_preset/renders,F1_rand_neg_seed4242145_00001_.png,0.561013,0.00074027,0.00104465,0.00138226,0.00132319,0.00176507,0.081871,0.36910,356.21
benchmark_stage4_preset/renders,F1_rand_neg_seed42_00001_.png,0.542085,0.00087988,0.00121022,0.00172202,0.00184329,0.00227719,0.086651,0.38677,358.56
benchmark_stage4_preset/renders,F1_rand_neg_seed777_00001_.png,0.541514,0.00070923,0.00096229,0.00117073,0.00130943,0.00166055,0.096914,0.32257,356.69
benchmark_stage4_preset/renders,F1_rand_neg_seed9999_00001_.png,0.588777,0.00069699,0.00098175,0.00140373,0.00160999,0.00198114,0.057370,0.44525,7.82
benchmark_stage4_preset/renders,F1_rand_pos_seed1337_00001_.png,0.611165,0.00115941,0.00141123,0.00209005,0.00248717,0.00344622,0.104050,0.31478,359.82
benchmark_stage4_preset/renders,F1_rand_pos_seed4242145_00001_.png,0.581546,0.00103935,0.00137223,0.00219556,0.00241801,0.00287738,0.091729,0.27060,358.07
benchmark_stage4_preset/renders,F1_rand_pos_seed42_00001_.png,0.583860,0.00097367,0.00114177,0.00166895,0.00239753,0.00319887,0.088947,0.31860,357.27
benchmark_stage4_preset/renders,F1_rand_pos_seed777_00001_.png,0.558093,0.00105036,0.00129189,0.00212891,0.00281441,0.00305184,0.109963,0.24861,356.78
benchmark_stage4_preset/renders,F1_rand_pos_seed9999_00001_.png,0.554448,0.00109645,0.00154013,0.00256096,0.00303655,0.00311615,0.097820,0.28657,359.44
benchmark_stage4_preset/renders,F2_blockshuf_neg_seed1337_00001_.png,0.521423,0.00101391,0.00121345,0.00132959,0.00173257,0.00160409,0.095005,0.17013,175.65
benchmark_stage4_preset/renders,F2_blockshuf_neg_seed4242145_00001_.png,0.558577,0.00126059,0.00134806,0.00149167,0.00180082,0.00180300,0.087771,0.21021,170.91
benchmark_stage4_preset/renders,F2_blockshuf_neg_seed42_00001_.png,0.519237,0.00111124,0.00129815,0.00140951,0.00181591,0.00180712,0.095881,0.15299,170.64
benchmark_stage4_preset/renders,F2_blockshuf_neg_seed777_00001_.png,0.524180,0.00130187,0.00146191,0.00146929,0.00181378,0.00188711,0.094563,0.16310,168.93
benchmark_stage4_preset/renders,F2_blockshuf_neg_seed9999_00001_.png,0.520564,0.00128695,0.00137605,0.00134438,0.00167998,0.00163114,0.092559,0.21083,181.78
benchmark_stage4_preset/renders,F2_blockshuf_pos_seed1337_00001_.png,0.565191,0.00087547,0.00138194,0.00222869,0.00243564,0.00260802,0.100422,0.24381,154.59
benchmark_stage4_preset/renders,F2_blockshuf_pos_seed4242145_00001_.png,0.554887,0.00101828,0.00163771,0.00240299,0.00269261,0.00237905,0.110229,0.17951,170.80
benchmark_stage4_preset/renders,F2_blockshuf_pos_seed42_00001_.png,0.522497,0.00083000,0.00131744,0.00190775,0.00228673,0.00230050,0.089030,0.18260,164.16
benchmark_stage4_preset/renders,F2_blockshuf_pos_seed777_00001_.png,0.569568,0.00070101,0.00108023,0.00156476,0.00237817,0.00264879,0.109257,0.20863,171.66
benchmark_stage4_preset/renders,F2_blockshuf_pos_seed9999_00001_.png,0.548981,0.00094929,0.00144049,0.00203946,0.00263058,0.00249029,0.107221,0.19593,167.49
benchmark_stage4_preset/renders,F2_preset_half_seed1337_00001_.png,0.578656,0.00079688,0.00118146,0.00156187,0.00172318,0.00190036,0.077299,0.22017,165.42
benchmark_stage4_preset/renders,F2_preset_half_seed4242145_00001_.png,0.536703,0.00086789,0.00117277,0.00141442,0.00170010,0.00162541,0.088813,0.16909,172.65
benchmark_stage4_preset/renders,F2_preset_half_seed42_00001_.png,0.530405,0.00070933,0.00090932,0.00102692,0.00126419,0.00137002,0.077695,0.17113,169.02
benchmark_stage4_preset/renders,F2_preset_half_seed777_00001_.png,0.534656,0.00067079,0.00090655,0.00108570,0.00145399,0.00145442,0.104905,0.22380,179.22
benchmark_stage4_preset/renders,F2_preset_half_seed9999_00001_.png,0.544013,0.00079404,0.00102564,0.00130194,0.00186868,0.00195257,0.102400,0.18931,170.88
benchmark_stage4_preset/renders,F2_preset_neg_seed1337_00001_.png,0.587209,0.00123069,0.00142846,0.00167992,0.00196193,0.00193144,0.087793,0.16653,168.52
benchmark_stage4_preset/renders,F2_preset_neg_seed4242145_00001_.png,0.566869,0.00125851,0.00157714,0.00183683,0.00210444,0.00214214,0.086394,0.13254,164.92
benchmark_stage4_preset/renders,F2_preset_neg_seed42_00001_.png,0.536541,0.00115929,0.00147540,0.00162628,0.00188005,0.00188940,0.092486,0.19349,126.51
benchmark_stage4_preset/renders,F2_preset_neg_seed777_00001_.png,0.539683,0.00216242,0.00160166,0.00156442,0.00175206,0.00173961,0.092404,0.15723,164.26
benchmark_stage4_preset/renders,F2_preset_neg_seed9999_00001_.png,0.538234,0.00136605,0.00196673,0.00221078,0.00232265,0.00248505,0.093923,0.23097,173.78
benchmark_stage4_preset/renders,F2_preset_pos_seed1337_00001_.png,0.538453,0.00084136,0.00123393,0.00169499,0.00189775,0.00211022,0.089724,0.22368,169.39
benchmark_stage4_preset/renders,F2_preset_pos_seed4242145_00001_.png,0.515316,0.00078277,0.00106781,0.00139392,0.00192871,0.00207650,0.098944,0.21159,173.47
benchmark_stage4_preset/renders,F2_preset_pos_seed42_00001_.png,0.513191,0.00076287,0.00104910,0.00127519,0.00137078,0.00143624,0.082877,0.19761,165.19
benchmark_stage4_preset/renders,F2_preset_pos_seed777_00001_.png,0.529945,0.00063513,0.00088864,0.00106409,0.00133806,0.00126931,0.098565,0.21028,168.10
benchmark_stage4_preset/renders,F2_preset_pos_seed9999_00001_.png,0.517803,0.00092176,0.00138919,0.00200287,0.00257010,0.00254741,0.102453,0.16540,162.95
benchmark_stage4_preset/renders,F2_rand_neg_seed1337_00001_.png,0.492234,0.00081292,0.00117840,0.00135592,0.00148575,0.00164291,0.073307,0.18525,134.43
benchmark_stage4_preset/renders,F2_rand_neg_seed4242145_00001_.png,0.501644,0.00089593,0.00121185,0.00150115,0.00157506,0.00162169,0.084974,0.15613,147.92
benchmark_stage4_preset/renders,F2_rand_neg_seed42_00001_.png,0.482488,0.00071647,0.00105016,0.00130376,0.00155264,0.00172878,0.082491,0.18272,143.52
benchmark_stage4_preset/renders,F2_rand_neg_seed777_00001_.png,0.489529,0.00070262,0.00098853,0.00112725,0.00144793,0.00156463,0.093390,0.19399,117.83
benchmark_stage4_preset/renders,F2_rand_neg_seed9999_00001_.png,0.488163,0.00073808,0.00113215,0.00131073,0.00146561,0.00163131,0.083471,0.19812,119.41
benchmark_stage4_preset/renders,F2_rand_pos_seed1337_00001_.png,0.539973,0.00147726,0.00192362,0.00272875,0.00303015,0.00294657,0.112749,0.30436,184.21
benchmark_stage4_preset/renders,F2_rand_pos_seed4242145_00001_.png,0.525215,0.00148285,0.00185052,0.00253089,0.00332283,0.00292177,0.113513,0.26087,186.64
benchmark_stage4_preset/renders,F2_rand_pos_seed42_00001_.png,0.510587,0.00136662,0.00194064,0.00230261,0.00233692,0.00225846,0.111417,0.25589,183.46
benchmark_stage4_preset/renders,F2_rand_pos_seed777_00001_.png,0.511193,0.00135120,0.00164359,0.00240617,0.00335666,0.00316001,0.120291,0.30195,185.77
benchmark_stage4_preset/renders,F2_rand_pos_seed9999_00001_.png,0.532332,0.00146588,0.00192212,0.00247855,0.00292204,0.00285065,0.116288,0.25715,186.09
benchmark_stage4_preset/renders,F3_blockshuf_neg_seed1337_00001_.png,0.571768,0.00190002,0.00269954,0.00349262,0.00337835,0.00326020,0.129947,0.29180,310.24
benchmark_stage4_preset/renders,F3_blockshuf_neg_seed4242145_00001_.png,0.539393,0.00124198,0.00159995,0.00234657,0.00266072,0.00247564,0.107775,0.31317,301.87
benchmark_stage4_preset/renders,F3_blockshuf_neg_seed42_00001_.png,0.557002,0.00146602,0.00197813,0.00252597,0.00234693,0.00233540,0.124171,0.26945,266.28
benchmark_stage4_preset/renders,F3_blockshuf_neg_seed777_00001_.png,0.544533,0.00127020,0.00164392,0.00268163,0.00273777,0.00232271,0.117662,0.28795,319.68
benchmark_stage4_preset/renders,F3_blockshuf_neg_seed9999_00001_.png,0.585355,0.00139247,0.00194739,0.00283279,0.00291641,0.00274506,0.104978,0.34403,284.02
benchmark_stage4_preset/renders,F3_blockshuf_pos_seed1337_00001_.png,0.570290,0.00119098,0.00198794,0.00334638,0.00336050,0.00294928,0.104669,0.52096,16.12
benchmark_stage4_preset/renders,F3_blockshuf_pos_seed4242145_00001_.png,0.571048,0.00120394,0.00186307,0.00334170,0.00381706,0.00315861,0.102163,0.54114,14.71
benchmark_stage4_preset/renders,F3_blockshuf_pos_seed42_00001_.png,0.576431,0.00117608,0.00187900,0.00342863,0.00400028,0.00348206,0.105566,0.51029,16.68
benchmark_stage4_preset/renders,F3_blockshuf_pos_seed777_00001_.png,0.550583,0.00125287,0.00197583,0.00343934,0.00349025,0.00295193,0.104725,0.50899,15.96
benchmark_stage4_preset/renders,F3_blockshuf_pos_seed9999_00001_.png,0.577410,0.00095512,0.00152579,0.00243073,0.00266419,0.00226672,0.122979,0.39367,329.47
benchmark_stage4_preset/renders,F3_preset_half_seed1337_00001_.png,0.602922,0.00111991,0.00178474,0.00298738,0.00308381,0.00266989,0.102673,0.41461,14.99
benchmark_stage4_preset/renders,F3_preset_half_seed4242145_00001_.png,0.600126,0.00108929,0.00178973,0.00302739,0.00324599,0.00281657,0.106233,0.50340,14.48
benchmark_stage4_preset/renders,F3_preset_half_seed42_00001_.png,0.582392,0.00096575,0.00157299,0.00293484,0.00365471,0.00331767,0.108227,0.46052,14.74
benchmark_stage4_preset/renders,F3_preset_half_seed777_00001_.png,0.590623,0.00112563,0.00174099,0.00325586,0.00343287,0.00244185,0.104894,0.49276,15.14
benchmark_stage4_preset/renders,F3_preset_half_seed9999_00001_.png,0.590441,0.00082560,0.00168823,0.00362922,0.00442121,0.00367353,0.124312,0.35475,329.27
benchmark_stage4_preset/renders,F3_preset_neg_seed1337_00001_.png,0.584718,0.00118452,0.00165330,0.00215601,0.00199831,0.00178673,0.117533,0.30361,347.98
benchmark_stage4_preset/renders,F3_preset_neg_seed4242145_00001_.png,0.576619,0.00149964,0.00228965,0.00335033,0.00339254,0.00309811,0.116700,0.31342,312.81
benchmark_stage4_preset/renders,F3_preset_neg_seed42_00001_.png,0.563693,0.00145472,0.00198602,0.00271949,0.00264587,0.00233262,0.125462,0.27648,302.87
benchmark_stage4_preset/renders,F3_preset_neg_seed777_00001_.png,0.565396,0.00126126,0.00172550,0.00208100,0.00195199,0.00190923,0.116454,0.31654,327.89
benchmark_stage4_preset/renders,F3_preset_neg_seed9999_00001_.png,0.592044,0.00141088,0.00202529,0.00293473,0.00295461,0.00270172,0.117111,0.33185,265.55
benchmark_stage4_preset/renders,F3_preset_pos_seed1337_00001_.png,0.577206,0.00076854,0.00130389,0.00235458,0.00261772,0.00235689,0.106539,0.40113,10.73
benchmark_stage4_preset/renders,F3_preset_pos_seed4242145_00001_.png,0.589152,0.00095048,0.00155440,0.00294640,0.00364144,0.00328173,0.102033,0.53888,14.96
benchmark_stage4_preset/renders,F3_preset_pos_seed42_00001_.png,0.578775,0.00083816,0.00138495,0.00281197,0.00418132,0.00377754,0.103769,0.54127,15.42
benchmark_stage4_preset/renders,F3_preset_pos_seed777_00001_.png,0.586462,0.00108770,0.00164897,0.00303530,0.00347978,0.00301305,0.101160,0.55608,13.54
benchmark_stage4_preset/renders,F3_preset_pos_seed9999_00001_.png,0.591805,0.00064485,0.00153897,0.00362425,0.00541000,0.00449027,0.127548,0.40409,330.95
benchmark_stage4_preset/renders,F3_rand_neg_seed1337_00001_.png,0.544585,0.00072327,0.00116916,0.00188045,0.00176135,0.00172676,0.106331,0.32627,340.99
benchmark_stage4_preset/renders,F3_rand_neg_seed4242145_00001_.png,0.557602,0.00073462,0.00120454,0.00202198,0.00225018,0.00217070,0.103683,0.33826,4.11
benchmark_stage4_preset/renders,F3_rand_neg_seed42_00001_.png,0.538864,0.00086451,0.00138117,0.00221001,0.00222128,0.00201165,0.107497,0.34748,7.45
benchmark_stage4_preset/renders,F3_rand_neg_seed777_00001_.png,0.556595,0.00098951,0.00154958,0.00244423,0.00240602,0.00214590,0.105902,0.39000,11.44
benchmark_stage4_preset/renders,F3_rand_neg_seed9999_00001_.png,0.556822,0.00074266,0.00121155,0.00193127,0.00241589,0.00240222,0.100381,0.37909,339.46
benchmark_stage4_preset/renders,F3_rand_pos_seed1337_00001_.png,0.597062,0.00170217,0.00233279,0.00300168,0.00254811,0.00233928,0.102771,0.47970,14.35
benchmark_stage4_preset/renders,F3_rand_pos_seed4242145_00001_.png,0.594803,0.00229068,0.00304893,0.00451965,0.00400144,0.00318333,0.113685,0.44354,11.08
benchmark_stage4_preset/renders,F3_rand_pos_seed42_00001_.png,0.582180,0.00246604,0.00311193,0.00440837,0.00379816,0.00317405,0.111727,0.45215,16.50
benchmark_stage4_preset/renders,F3_rand_pos_seed777_00001_.png,0.563242,0.00243001,0.00275182,0.00397062,0.00389876,0.00312712,0.114014,0.46949,15.41
benchmark_stage4_preset/renders,F3_rand_pos_seed9999_00001_.png,0.591176,0.00169572,0.00226372,0.00343150,0.00336481,0.00283244,0.124431,0.40575,343.52
benchmark_stage4_preset/renders,F4_blockshuf_neg_seed1337_00001_.png,0.593776,0.00150327,0.00195909,0.00228161,0.00270579,0.00288764,0.077175,0.26920,204.46
benchmark_stage4_preset/renders,F4_blockshuf_neg_seed4242145_00001_.png,0.581964,0.00145435,0.00194045,0.00249856,0.00251718,0.00248773,0.105211,0.27820,207.54
benchmark_stage4_preset/renders,F4_blockshuf_neg_seed42_00001_.png,0.585080,0.00131331,0.00154216,0.00161395,0.00171792,0.00183848,0.077027,0.28762,205.85
benchmark_stage4_preset/renders,F4_blockshuf_neg_seed777_00001_.png,0.541387,0.00164912,0.00206430,0.00232767,0.00242750,0.00262502,0.095819,0.24145,203.73
benchmark_stage4_preset/renders,F4_blockshuf_neg_seed9999_00001_.png,0.586292,0.00180372,0.00239328,0.00260947,0.00266124,0.00295961,0.076562,0.30967,219.15
benchmark_stage4_preset/renders,F4_blockshuf_pos_seed1337_00001_.png,0.587620,0.00106011,0.00151738,0.00196507,0.00201100,0.00178495,0.077700,0.23806,210.44
benchmark_stage4_preset/renders,F4_blockshuf_pos_seed4242145_00001_.png,0.605755,0.00083968,0.00121193,0.00179095,0.00213652,0.00226751,0.094957,0.23682,213.35
benchmark_stage4_preset/renders,F4_blockshuf_pos_seed42_00001_.png,0.573626,0.00094129,0.00135839,0.00206117,0.00235905,0.00242718,0.089640,0.20877,212.16
benchmark_stage4_preset/renders,F4_blockshuf_pos_seed777_00001_.png,0.608963,0.00093108,0.00138505,0.00204596,0.00230342,0.00211773,0.084573,0.24463,205.47
benchmark_stage4_preset/renders,F4_blockshuf_pos_seed9999_00001_.png,0.622745,0.00097105,0.00154530,0.00219518,0.00229139,0.00216155,0.073374,0.24680,209.03
benchmark_stage4_preset/renders,F4_preset_half_seed1337_00001_.png,0.557870,0.00092930,0.00136862,0.00178177,0.00182711,0.00190140,0.080955,0.25283,205.93
benchmark_stage4_preset/renders,F4_preset_half_seed4242145_00001_.png,0.574992,0.00101303,0.00146144,0.00205798,0.00221391,0.00221277,0.096392,0.22538,214.31
benchmark_stage4_preset/renders,F4_preset_half_seed42_00001_.png,0.544329,0.00098208,0.00139707,0.00166236,0.00173437,0.00192856,0.093216,0.19487,211.27
benchmark_stage4_preset/renders,F4_preset_half_seed777_00001_.png,0.548033,0.00106424,0.00153745,0.00211097,0.00214488,0.00205181,0.095669,0.23761,209.57
benchmark_stage4_preset/renders,F4_preset_half_seed9999_00001_.png,0.559337,0.00100263,0.00145926,0.00210473,0.00238326,0.00226558,0.071312,0.21024,209.92
benchmark_stage4_preset/renders,F4_preset_neg_seed1337_00001_.png,0.627289,0.00152106,0.00200732,0.00225858,0.00224049,0.00242408,0.090846,0.20815,210.45
benchmark_stage4_preset/renders,F4_preset_neg_seed4242145_00001_.png,0.607652,0.00124109,0.00166267,0.00182332,0.00182133,0.00206833,0.094164,0.20950,210.63
benchmark_stage4_preset/renders,F4_preset_neg_seed42_00001_.png,0.605718,0.00124129,0.00166364,0.00200338,0.00203953,0.00215003,0.089160,0.18120,212.86
benchmark_stage4_preset/renders,F4_preset_neg_seed777_00001_.png,0.589679,0.00156566,0.00214158,0.00236912,0.00226815,0.00210290,0.077961,0.20123,195.48
benchmark_stage4_preset/renders,F4_preset_neg_seed9999_00001_.png,0.628569,0.00138649,0.00198546,0.00223000,0.00222707,0.00226647,0.068258,0.20801,203.40
benchmark_stage4_preset/renders,F4_preset_pos_seed1337_00001_.png,0.577142,0.00098403,0.00147295,0.00193670,0.00212998,0.00206575,0.088102,0.24781,210.62
benchmark_stage4_preset/renders,F4_preset_pos_seed4242145_00001_.png,0.583671,0.00092270,0.00137144,0.00225112,0.00269572,0.00255107,0.095059,0.25444,209.98
benchmark_stage4_preset/renders,F4_preset_pos_seed42_00001_.png,0.527018,0.00088994,0.00137430,0.00199534,0.00229721,0.00241364,0.097103,0.18146,210.68
benchmark_stage4_preset/renders,F4_preset_pos_seed777_00001_.png,0.553602,0.00081718,0.00117850,0.00148448,0.00168270,0.00183950,0.086405,0.23966,205.90
benchmark_stage4_preset/renders,F4_preset_pos_seed9999_00001_.png,0.582980,0.00091695,0.00148747,0.00229160,0.00264636,0.00266995,0.079819,0.23265,207.35
benchmark_stage4_preset/renders,F4_rand_neg_seed1337_00001_.png,0.544419,0.00099578,0.00151268,0.00195789,0.00201588,0.00203371,0.080195,0.26536,205.70
benchmark_stage4_preset/renders,F4_rand_neg_seed4242145_00001_.png,0.548961,0.00099803,0.00140730,0.00198385,0.00209446,0.00197792,0.085264,0.26686,208.17
benchmark_stage4_preset/renders,F4_rand_neg_seed42_00001_.png,0.539646,0.00087092,0.00132568,0.00190126,0.00222051,0.00240894,0.088897,0.22808,201.11
benchmark_stage4_preset/renders,F4_rand_neg_seed777_00001_.png,0.508702,0.00097490,0.00147982,0.00215311,0.00230266,0.00235899,0.091988,0.25054,198.32
benchmark_stage4_preset/renders,F4_rand_neg_seed9999_00001_.png,0.520488,0.00105060,0.00160442,0.00225488,0.00256159,0.00261557,0.062493,0.28929,207.28
benchmark_stage4_preset/renders,F4_rand_pos_seed1337_00001_.png,0.592556,0.00160969,0.00187558,0.00206381,0.00203963,0.00204835,0.075441,0.24050,216.53
benchmark_stage4_preset/renders,F4_rand_pos_seed4242145_00001_.png,0.561242,0.00157186,0.00169938,0.00172460,0.00182759,0.00198575,0.094244,0.25946,217.03
benchmark_stage4_preset/renders,F4_rand_pos_seed42_00001_.png,0.546003,0.00158842,0.00192386,0.00226092,0.00209770,0.00221543,0.100372,0.21428,212.72
benchmark_stage4_preset/renders,F4_rand_pos_seed777_00001_.png,0.576311,0.00149651,0.00189719,0.00211822,0.00188038,0.00205121,0.090229,0.22613,213.61
benchmark_stage4_preset/renders,F4_rand_pos_seed9999_00001_.png,0.554107,0.00151745,0.00176144,0.00180208,0.00180862,0.00213712,0.071034,0.24382,218.43
benchmark_stage5/renders,G1_baseline_seed101_00001_.png,0.565240,0.00075249,0.00102873,0.00122599,0.00149008,0.00270636,0.109403,0.39477,210.65
benchmark_stage5/renders,G1_baseline_seed102_00001_.png,0.532875,0.00070337,0.00093353,0.00115819,0.00138289,0.00195087,0.115377,0.34464,208.34
benchmark_stage5/renders,G1_baseline_seed103_00001_.png,0.573797,0.00087486,0.00121937,0.00160319,0.00193409,0.00294560,0.092135,0.26662,184.39
benchmark_stage5/renders,G1_baseline_seed104_00001_.png,0.563802,0.00077836,0.00112994,0.00139065,0.00142549,0.00186536,0.103911,0.36411,219.13
benchmark_stage5/renders,G1_baseline_seed105_00001_.png,0.575956,0.00077852,0.00100930,0.00128337,0.00152829,0.00211967,0.102581,0.24284,186.18
benchmark_stage5/renders,G1_baseline_seed106_00001_.png,0.571925,0.00082147,0.00110865,0.00140518,0.00181390,0.00245087,0.117681,0.23231,176.88
benchmark_stage5/renders,G1_baseline_seed107_00001_.png,0.577479,0.00084643,0.00114849,0.00143603,0.00159488,0.00220167,0.103602,0.24584,184.59
benchmark_stage5/renders,G1_baseline_seed108_00001_.png,0.583880,0.00085334,0.00117339,0.00151804,0.00174921,0.00232550,0.094952,0.24922,181.28
benchmark_stage5/renders,G1_baseline_seed109_00001_.png,0.551279,0.00079293,0.00105485,0.00134111,0.00166817,0.00207427,0.113647,0.21801,179.15
benchmark_stage5/renders,G1_baseline_seed110_00001_.png,0.511974,0.00065897,0.00088238,0.00118118,0.00156805,0.00232015,0.124602,0.27408,191.98
benchmark_stage5/renders,G1_baseline_seed1337_00001_.png,0.552230,0.00073522,0.00093336,0.00117512,0.00156527,0.00228603,0.105115,0.26642,185.59
benchmark_stage5/renders,G1_baseline_seed4242145_00001_.png,0.575552,0.00078885,0.00097880,0.00115907,0.00147000,0.00217268,0.117323,0.40426,109.28
benchmark_stage5/renders,G1_baseline_seed42_00001_.png,0.576642,0.00084221,0.00115990,0.00162994,0.00216783,0.00316231,0.114832,0.34391,116.70
benchmark_stage5/renders,G1_baseline_seed777_00001_.png,0.535199,0.00075249,0.00110102,0.00136812,0.00163388,0.00244825,0.114649,0.38168,134.81
benchmark_stage5/renders,G1_baseline_seed9999_00001_.png,0.583175,0.00083819,0.00109564,0.00139866,0.00161897,0.00237068,0.087960,0.29399,190.49
benchmark_stage5/renders,G1_blockshuf_neg_seed1337_00001_.png,0.532247,0.00092892,0.00127332,0.00158844,0.00203499,0.00304982,0.114076,0.26231,191.69
benchmark_stage5/renders,G1_blockshuf_neg_seed4242145_00001_.png,0.554848,0.00074655,0.00098248,0.00117916,0.00154813,0.00226511,0.117308,0.40988,238.26
benchmark_stage5/renders,G1_blockshuf_neg_seed42_00001_.png,0.568257,0.00092605,0.00118160,0.00146122,0.00167290,0.00238859,0.110452,0.25603,191.30
benchmark_stage5/renders,G1_blockshuf_neg_seed777_00001_.png,0.522433,0.00085829,0.00100547,0.00122693,0.00157387,0.00207570,0.108250,0.29676,195.73
benchmark_stage5/renders,G1_blockshuf_neg_seed9999_00001_.png,0.550606,0.00084668,0.00109231,0.00138797,0.00158894,0.00198721,0.087009,0.30885,193.62
benchmark_stage5/renders,G1_blockshuf_pos_seed1337_00001_.png,0.511772,0.00065476,0.00089994,0.00130388,0.00164650,0.00224101,0.113738,0.25982,180.67
benchmark_stage5/renders,G1_blockshuf_pos_seed4242145_00001_.png,0.524393,0.00069641,0.00095745,0.00136443,0.00173606,0.00265844,0.107076,0.30824,182.10
benchmark_stage5/renders,G1_blockshuf_pos_seed42_00001_.png,0.570243,0.00080441,0.00111232,0.00173834,0.00221651,0.00317156,0.105346,0.31582,169.66
benchmark_stage5/renders,G1_blockshuf_pos_seed777_00001_.png,0.538253,0.00067769,0.00093948,0.00128697,0.00166575,0.00229338,0.119375,0.32992,188.09
benchmark_stage5/renders,G1_blockshuf_pos_seed9999_00001_.png,0.546373,0.00075560,0.00103419,0.00153394,0.00197768,0.00258628,0.086517,0.31416,184.64
benchmark_stage5/renders,G1_preset_half_seed1337_00001_.png,0.522584,0.00054879,0.00077880,0.00106927,0.00141729,0.00216401,0.108545,0.25056,185.37
benchmark_stage5/renders,G1_preset_half_seed4242145_00001_.png,0.556336,0.00061187,0.00082737,0.00108242,0.00134850,0.00202404,0.110391,0.34331,192.01
benchmark_stage5/renders,G1_preset_half_seed42_00001_.png,0.562675,0.00080529,0.00112984,0.00160288,0.00207908,0.00320239,0.109010,0.28652,184.00
benchmark_stage5/renders,G1_preset_half_seed777_00001_.png,0.553655,0.00067216,0.00101164,0.00123771,0.00145515,0.00220792,0.113124,0.37321,149.39
benchmark_stage5/renders,G1_preset_half_seed9999_00001_.png,0.576063,0.00074780,0.00100271,0.00126966,0.00148707,0.00230252,0.085796,0.29278,189.54
benchmark_stage5/renders,G1_preset_neg_seed1337_00001_.png,0.589965,0.00112519,0.00146131,0.00169232,0.00201616,0.00289746,0.110215,0.27599,186.60
benchmark_stage5/renders,G1_preset_neg_seed4242145_00001_.png,0.596106,0.00092766,0.00131305,0.00148934,0.00158732,0.00237575,0.114499,0.24444,174.97
benchmark_stage5/renders,G1_preset_neg_seed42_00001_.png,0.582801,0.00095333,0.00129370,0.00163195,0.00205112,0.00323200,0.109034,0.26797,179.21
benchmark_stage5/renders,G1_preset_neg_seed777_00001_.png,0.582306,0.00083284,0.00109261,0.00123545,0.00142217,0.00203428,0.108833,0.28213,180.12
benchmark_stage5/renders,G1_preset_neg_seed9999_00001_.png,0.613867,0.00095119,0.00132319,0.00157694,0.00168066,0.00244596,0.092722,0.32273,189.62
benchmark_stage5/renders,G1_preset_pos_seed1337_00001_.png,0.525646,0.00059762,0.00088504,0.00134152,0.00181313,0.00272528,0.110868,0.26420,179.22
benchmark_stage5/renders,G1_preset_pos_seed4242145_00001_.png,0.509846,0.00046681,0.00067167,0.00102870,0.00128412,0.00196459,0.102068,0.33307,170.68
benchmark_stage5/renders,G1_preset_pos_seed42_00001_.png,0.554467,0.00059185,0.00087730,0.00139434,0.00194380,0.00317295,0.106169,0.32088,177.78
benchmark_stage5/renders,G1_preset_pos_seed777_00001_.png,0.547905,0.00058546,0.00087593,0.00130866,0.00144447,0.00215337,0.104896,0.29638,189.35
benchmark_stage5/renders,G1_preset_pos_seed9999_00001_.png,0.523228,0.00066838,0.00096075,0.00149448,0.00199132,0.00280754,0.095262,0.29697,189.09
benchmark_stage5/renders,G1_rand_neg_seed1337_00001_.png,0.522382,0.00063696,0.00093273,0.00129016,0.00164863,0.00220028,0.095619,0.29066,176.34
benchmark_stage5/renders,G1_rand_neg_seed4242145_00001_.png,0.524296,0.00058000,0.00086768,0.00104631,0.00129667,0.00216151,0.105493,0.33225,168.76
benchmark_stage5/renders,G1_rand_neg_seed42_00001_.png,0.511359,0.00073636,0.00100046,0.00135903,0.00157014,0.00227341,0.096003,0.24009,168.25
benchmark_stage5/renders,G1_rand_neg_seed777_00001_.png,0.524905,0.00066362,0.00092916,0.00119631,0.00134581,0.00190099,0.101768,0.39115,151.34
benchmark_stage5/renders,G1_rand_neg_seed9999_00001_.png,0.526306,0.00061935,0.00090297,0.00123133,0.00155382,0.00210529,0.078011,0.24730,174.06
benchmark_stage5/renders,G1_rand_pos_seed1337_00001_.png,0.542909,0.00099891,0.00136015,0.00191087,0.00229029,0.00316325,0.124031,0.33706,194.80
benchmark_stage5/renders,G1_rand_pos_seed4242145_00001_.png,0.554750,0.00116347,0.00147328,0.00184674,0.00201142,0.00267906,0.120080,0.25155,186.73
benchmark_stage5/renders,G1_rand_pos_seed42_00001_.png,0.585159,0.00110330,0.00135572,0.00198514,0.00258463,0.00394749,0.117612,0.30241,188.89
benchmark_stage5/renders,G1_rand_pos_seed777_00001_.png,0.550297,0.00114095,0.00148718,0.00194930,0.00212732,0.00283086,0.123849,0.23791,182.32
benchmark_stage5/renders,G1_rand_pos_seed9999_00001_.png,0.536023,0.00117377,0.00132521,0.00166812,0.00186464,0.00223458,0.112324,0.20605,185.03
benchmark_stage5/renders,G2_baseline_seed101_00001_.png,0.532908,0.00102934,0.00141251,0.00217177,0.00262597,0.00283432,0.127574,0.37677,41.47
benchmark_stage5/renders,G2_baseline_seed102_00001_.png,0.509466,0.00092370,0.00130961,0.00209519,0.00252856,0.00268281,0.126375,0.36498,45.85
benchmark_stage5/renders,G2_baseline_seed103_00001_.png,0.541203,0.00114526,0.00164219,0.00256556,0.00311320,0.00357938,0.141262,0.37109,42.97
benchmark_stage5/renders,G2_baseline_seed104_00001_.png,0.565083,0.00103261,0.00151493,0.00237186,0.00309872,0.00332137,0.112885,0.40779,44.85
benchmark_stage5/renders,G2_baseline_seed105_00001_.png,0.513537,0.00098644,0.00144334,0.00248832,0.00309272,0.00329491,0.129746,0.37624,45.24
benchmark_stage5/renders,G2_baseline_seed106_00001_.png,0.509380,0.00107639,0.00151185,0.00239246,0.00283325,0.00277734,0.140413,0.35705,43.59
benchmark_stage5/renders,G2_baseline_seed107_00001_.png,0.497191,0.00095519,0.00146430,0.00245481,0.00302558,0.00292032,0.139002,0.33708,45.60
benchmark_stage5/renders,G2_baseline_seed108_00001_.png,0.508738,0.00094647,0.00139047,0.00227337,0.00289024,0.00315133,0.130458,0.37580,44.98
benchmark_stage5/renders,G2_baseline_seed109_00001_.png,0.485354,0.00100593,0.00146907,0.00230591,0.00292729,0.00321999,0.132839,0.33104,47.30
benchmark_stage5/renders,G2_baseline_seed110_00001_.png,0.519667,0.00100741,0.00141616,0.00227029,0.00288864,0.00286661,0.137268,0.36669,42.20
benchmark_stage5/renders,G2_baseline_seed1337_00001_.png,0.520267,0.00101399,0.00150145,0.00250790,0.00305039,0.00330652,0.130713,0.39763,47.83
benchmark_stage5/renders,G2_baseline_seed4242145_00001_.png,0.506946,0.00101572,0.00143402,0.00239940,0.00322935,0.00359571,0.111207,0.39377,48.32
benchmark_stage5/renders,G2_baseline_seed42_00001_.png,0.497583,0.00095624,0.00143173,0.00245060,0.00329013,0.00343973,0.132887,0.34259,47.79
benchmark_stage5/renders,G2_baseline_seed777_00001_.png,0.483727,0.00087314,0.00129932,0.00228334,0.00304341,0.00344203,0.119620,0.38709,49.27
benchmark_stage5/renders,G2_baseline_seed9999_00001_.png,0.537933,0.00113272,0.00158672,0.00250534,0.00289145,0.00309166,0.144610,0.33363,44.83
benchmark_stage5/renders,G2_blockshuf_neg_seed1337_00001_.png,0.515613,0.00120387,0.00187703,0.00292353,0.00332486,0.00378349,0.144547,0.34612,47.60
benchmark_stage5/renders,G2_blockshuf_neg_seed4242145_00001_.png,0.542953,0.00147459,0.00224275,0.00308994,0.00316841,0.00367971,0.121225,0.44627,25.31
benchmark_stage5/renders,G2_blockshuf_neg_seed42_00001_.png,0.513783,0.00126021,0.00198433,0.00303604,0.00369670,0.00418600,0.131091,0.34740,44.98
benchmark_stage5/renders,G2_blockshuf_neg_seed777_00001_.png,0.537129,0.00133802,0.00196944,0.00279225,0.00327309,0.00359083,0.125547,0.36411,47.87
benchmark_stage5/renders,G2_blockshuf_neg_seed9999_00001_.png,0.518561,0.00146432,0.00198795,0.00267879,0.00284304,0.00303012,0.140393,0.32871,35.97
benchmark_stage5/renders,G2_blockshuf_pos_seed1337_00001_.png,0.532615,0.00084810,0.00132129,0.00226151,0.00325253,0.00360717,0.127752,0.43312,44.81
benchmark_stage5/renders,G2_blockshuf_pos_seed4242145_00001_.png,0.539607,0.00090064,0.00133970,0.00217722,0.00295875,0.00357545,0.114826,0.39179,51.05
benchmark_stage5/renders,G2_blockshuf_pos_seed42_00001_.png,0.529318,0.00092540,0.00135268,0.00240490,0.00317413,0.00328626,0.131362,0.39063,47.64
benchmark_stage5/renders,G2_blockshuf_pos_seed777_00001_.png,0.517331,0.00092003,0.00140998,0.00255465,0.00354406,0.00380776,0.122467,0.35713,52.86
benchmark_stage5/renders,G2_blockshuf_pos_seed9999_00001_.png,0.522262,0.00083484,0.00123059,0.00203565,0.00261893,0.00290255,0.148000,0.34114,48.03
benchmark_stage5/renders,G2_preset_half_seed1337_00001_.png,0.517668,0.00098749,0.00157919,0.00283668,0.00379591,0.00398480,0.133198,0.34146,50.93
benchmark_stage5/renders,G2_preset_half_seed4242145_00001_.png,0.526351,0.00096010,0.00148476,0.00266228,0.00401509,0.00427473,0.114752,0.37541,52.65
benchmark_stage5/renders,G2_preset_half_seed42_00001_.png,0.505618,0.00088153,0.00131566,0.00230389,0.00320721,0.00344570,0.129311,0.39164,47.24
benchmark_stage5/renders,G2_preset_half_seed777_00001_.png,0.492916,0.00086218,0.00131189,0.00232652,0.00344613,0.00386416,0.121050,0.36090,52.35
benchmark_stage5/renders,G2_preset_half_seed9999_00001_.png,0.475155,0.00092988,0.00142946,0.00240918,0.00315816,0.00337769,0.140450,0.34041,45.29
benchmark_stage5/renders,G2_preset_neg_seed1337_00001_.png,0.551457,0.00125623,0.00186798,0.00263971,0.00265167,0.00311158,0.126668,0.35388,48.87
benchmark_stage5/renders,G2_preset_neg_seed4242145_00001_.png,0.561781,0.00148442,0.00208955,0.00291873,0.00324511,0.00361215,0.113180,0.39280,48.63
benchmark_stage5/renders,G2_preset_neg_seed42_00001_.png,0.526942,0.00112613,0.00162082,0.00231861,0.00268557,0.00304586,0.125461,0.33281,47.70
benchmark_stage5/renders,G2_preset_neg_seed777_00001_.png,0.553594,0.00134633,0.00183345,0.00257375,0.00293349,0.00322161,0.111418,0.37923,48.72
benchmark_stage5/renders,G2_preset_neg_seed9999_00001_.png,0.561274,0.00139061,0.00179281,0.00224751,0.00234521,0.00285369,0.138033,0.33673,43.10
benchmark_stage5/renders,G2_preset_pos_seed1337_00001_.png,0.500481,0.00086820,0.00144524,0.00264542,0.00386340,0.00427661,0.130009,0.36327,52.13
benchmark_stage5/renders,G2_preset_pos_seed4242145_00001_.png,0.537560,0.00095369,0.00152403,0.00278987,0.00390048,0.00393272,0.116023,0.37549,55.20
benchmark_stage5/renders,G2_preset_pos_seed42_00001_.png,0.520632,0.00078159,0.00130747,0.00243646,0.00350968,0.00377939,0.134004,0.38164,53.76
benchmark_stage5/renders,G2_preset_pos_seed777_00001_.png,0.508932,0.00076807,0.00125755,0.00242482,0.00366185,0.00372913,0.119954,0.39359,54.69
benchmark_stage5/renders,G2_preset_pos_seed9999_00001_.png,0.489048,0.00084360,0.00140269,0.00240437,0.00322625,0.00367339,0.145861,0.31655,52.45
benchmark_stage5/renders,G2_rand_neg_seed1337_00001_.png,0.501039,0.00081928,0.00136323,0.00220615,0.00259795,0.00311008,0.130550,0.42586,45.78
benchmark_stage5/renders,G2_rand_neg_seed4242145_00001_.png,0.521974,0.00084272,0.00131183,0.00190682,0.00261822,0.00329583,0.109057,0.42487,44.30
benchmark_stage5/renders,G2_rand_neg_seed42_00001_.png,0.510898,0.00082008,0.00129611,0.00213192,0.00281174,0.00326847,0.111393,0.39814,44.31
benchmark_stage5/renders,G2_rand_neg_seed777_00001_.png,0.501088,0.00094834,0.00136805,0.00196868,0.00255195,0.00335336,0.114880,0.37377,42.62
benchmark_stage5/renders,G2_rand_neg_seed9999_00001_.png,0.517350,0.00077977,0.00102432,0.00145203,0.00187132,0.00226332,0.121801,0.36632,43.29
benchmark_stage5/renders,G2_rand_pos_seed1337_00001_.png,0.514859,0.00157755,0.00221565,0.00372965,0.00441045,0.00460334,0.144538,0.29401,54.09
benchmark_stage5/renders,G2_rand_pos_seed4242145_00001_.png,0.579514,0.00171460,0.00251340,0.00436957,0.00480115,0.00418380,0.121752,0.36751,51.63
benchmark_stage5/renders,G2_rand_pos_seed42_00001_.png,0.526130,0.00131440,0.00187616,0.00334048,0.00457213,0.00467483,0.139153,0.38227,47.05
benchmark_stage5/renders,G2_rand_pos_seed777_00001_.png,0.511262,0.00143566,0.00205283,0.00355080,0.00397771,0.00352561,0.127838,0.35473,49.57
benchmark_stage5/renders,G2_rand_pos_seed9999_00001_.png,0.461397,0.00159475,0.00223779,0.00343647,0.00328767,0.00369878,0.159906,0.27941,51.20
benchmark_stage5/renders,G3_baseline_seed101_00001_.png,0.616788,0.00112346,0.00124279,0.00141764,0.00164359,0.00211001,0.086687,0.20106,28.63
benchmark_stage5/renders,G3_baseline_seed102_00001_.png,0.626976,0.00109610,0.00130314,0.00159182,0.00183196,0.00200251,0.087649,0.21962,27.71
benchmark_stage5/renders,G3_baseline_seed103_00001_.png,0.645319,0.00122514,0.00146778,0.00177939,0.00204811,0.00213357,0.086120,0.21917,36.98
benchmark_stage5/renders,G3_baseline_seed104_00001_.png,0.634109,0.00117260,0.00134722,0.00164981,0.00182796,0.00197566,0.081619,0.20064,31.10
benchmark_stage5/renders,G3_baseline_seed105_00001_.png,0.609002,0.00113504,0.00132510,0.00161216,0.00184763,0.00226256,0.092773,0.20318,30.22
benchmark_stage5/renders,G3_baseline_seed106_00001_.png,0.611714,0.00120220,0.00141938,0.00166382,0.00173606,0.00204845,0.094617,0.19298,28.48
benchmark_stage5/renders,G3_baseline_seed107_00001_.png,0.593371,0.00109362,0.00130106,0.00162189,0.00182480,0.00204520,0.096535,0.20062,25.00
benchmark_stage5/renders,G3_baseline_seed108_00001_.png,0.622089,0.00106016,0.00120034,0.00145709,0.00162455,0.00184735,0.087044,0.19485,29.45
benchmark_stage5/renders,G3_baseline_seed109_00001_.png,0.593764,0.00116896,0.00132035,0.00153078,0.00178707,0.00206070,0.093308,0.20068,36.77
benchmark_stage5/renders,G3_baseline_seed110_00001_.png,0.589739,0.00116227,0.00138489,0.00162154,0.00180264,0.00219711,0.090778,0.19555,27.92
benchmark_stage5/renders,G3_baseline_seed1337_00001_.png,0.621273,0.00111429,0.00133005,0.00168754,0.00202635,0.00204252,0.081488,0.20430,37.18
benchmark_stage5/renders,G3_baseline_seed4242145_00001_.png,0.614587,0.00115845,0.00135741,0.00161133,0.00170458,0.00208171,0.088348,0.21099,25.15
benchmark_stage5/renders,G3_baseline_seed42_00001_.png,0.598592,0.00115556,0.00135119,0.00166399,0.00192245,0.00223711,0.095675,0.20857,27.69
benchmark_stage5/renders,G3_baseline_seed777_00001_.png,0.616461,0.00116427,0.00133754,0.00164260,0.00181467,0.00209671,0.091766,0.17947,33.24
benchmark_stage5/renders,G3_baseline_seed9999_00001_.png,0.623016,0.00115825,0.00140661,0.00175662,0.00197350,0.00217342,0.085434,0.19838,27.55
benchmark_stage5/renders,G3_blockshuf_neg_seed1337_00001_.png,0.640502,0.00154787,0.00152478,0.00177503,0.00190103,0.00234552,0.082302,0.20391,23.91
benchmark_stage5/renders,G3_blockshuf_neg_seed4242145_00001_.png,0.624400,0.00137386,0.00148055,0.00170865,0.00185841,0.00230564,0.080257,0.25263,25.53
benchmark_stage5/renders,G3_blockshuf_neg_seed42_00001_.png,0.611582,0.00153049,0.00160563,0.00165303,0.00183220,0.00222251,0.089012,0.23025,28.22
benchmark_stage5/renders,G3_blockshuf_neg_seed777_00001_.png,0.603025,0.00155513,0.00164952,0.00172726,0.00177579,0.00226004,0.092382,0.18997,37.27
benchmark_stage5/renders,G3_blockshuf_neg_seed9999_00001_.png,0.637718,0.00151508,0.00152656,0.00157869,0.00172059,0.00221518,0.078561,0.23429,24.27
benchmark_stage5/renders,G3_blockshuf_pos_seed1337_00001_.png,0.607076,0.00096875,0.00132171,0.00168063,0.00200319,0.00220372,0.091876,0.20750,52.80
benchmark_stage5/renders,G3_blockshuf_pos_seed4242145_00001_.png,0.616671,0.00102041,0.00134211,0.00168298,0.00199626,0.00219094,0.090565,0.21892,69.14
benchmark_stage5/renders,G3_blockshuf_pos_seed42_00001_.png,0.595375,0.00102869,0.00129453,0.00154342,0.00177479,0.00230749,0.093540,0.20728,59.59
benchmark_stage5/renders,G3_blockshuf_pos_seed777_00001_.png,0.620560,0.00100577,0.00130053,0.00163651,0.00179992,0.00220856,0.097712,0.20348,106.42
benchmark_stage5/renders,G3_blockshuf_pos_seed9999_00001_.png,0.621293,0.00108754,0.00141614,0.00174949,0.00191770,0.00220445,0.095094,0.21155,119.99
benchmark_stage5/renders,G3_preset_half_seed1337_00001_.png,0.615939,0.00091532,0.00120278,0.00167261,0.00203618,0.00231439,0.086104,0.19569,32.74
benchmark_stage5/renders,G3_preset_half_seed4242145_00001_.png,0.633855,0.00096680,0.00122565,0.00158834,0.00184496,0.00214788,0.085379,0.20166,32.01
benchmark_stage5/renders,G3_preset_half_seed42_00001_.png,0.586387,0.00097348,0.00118123,0.00155615,0.00190857,0.00220385,0.087835,0.20299,30.54
benchmark_stage5/renders,G3_preset_half_seed777_00001_.png,0.598988,0.00095034,0.00124425,0.00167407,0.00190972,0.00221824,0.095381,0.16839,41.38
benchmark_stage5/renders,G3_preset_half_seed9999_00001_.png,0.609157,0.00095759,0.00126115,0.00164682,0.00181919,0.00208219,0.092378,0.19446,20.58
benchmark_stage5/renders,G3_preset_neg_seed1337_00001_.png,0.629376,0.00144640,0.00164057,0.00187151,0.00184363,0.00225407,0.091257,0.21293,26.59
benchmark_stage5/renders,G3_preset_neg_seed4242145_00001_.png,0.626855,0.00136097,0.00156010,0.00181303,0.00198328,0.00220298,0.089343,0.23392,26.90
benchmark_stage5/renders,G3_preset_neg_seed42_00001_.png,0.638353,0.00146111,0.00162691,0.00191333,0.00199151,0.00234676,0.089451,0.26495,30.49
benchmark_stage5/renders,G3_preset_neg_seed777_00001_.png,0.619881,0.00139053,0.00159789,0.00181270,0.00179247,0.00222147,0.096963,0.23129,27.43
benchmark_stage5/renders,G3_preset_neg_seed9999_00001_.png,0.648393,0.00156688,0.00179278,0.00208027,0.00203441,0.00219026,0.087568,0.23057,28.33
benchmark_stage5/renders,G3_preset_pos_seed1337_00001_.png,0.582450,0.00078730,0.00107775,0.00158292,0.00205444,0.00242487,0.085644,0.19551,36.52
benchmark_stage5/renders,G3_preset_pos_seed4242145_00001_.png,0.612033,0.00071763,0.00101629,0.00146722,0.00184251,0.00231465,0.085538,0.19956,36.63
benchmark_stage5/renders,G3_preset_pos_seed42_00001_.png,0.594338,0.00079844,0.00108292,0.00156923,0.00186054,0.00217515,0.087227,0.19218,33.60
benchmark_stage5/renders,G3_preset_pos_seed777_00001_.png,0.591375,0.00078727,0.00108537,0.00160615,0.00191780,0.00220389,0.094445,0.18204,47.46
benchmark_stage5/renders,G3_preset_pos_seed9999_00001_.png,0.621507,0.00085364,0.00118340,0.00163704,0.00196061,0.00213509,0.084646,0.19818,29.69
benchmark_stage5/renders,G3_rand_neg_seed1337_00001_.png,0.564077,0.00091323,0.00112104,0.00139279,0.00178357,0.00200247,0.078938,0.24939,47.23
benchmark_stage5/renders,G3_rand_neg_seed4242145_00001_.png,0.617301,0.00098794,0.00120683,0.00147447,0.00164036,0.00197992,0.070129,0.26147,37.32
benchmark_stage5/renders,G3_rand_neg_seed42_00001_.png,0.558291,0.00099513,0.00125481,0.00157057,0.00193202,0.00236471,0.078596,0.24468,38.23
benchmark_stage5/renders,G3_rand_neg_seed777_00001_.png,0.576024,0.00104679,0.00115690,0.00138481,0.00152879,0.00195114,0.087850,0.22441,45.45
benchmark_stage5/renders,G3_rand_neg_seed9999_00001_.png,0.593772,0.00106363,0.00124298,0.00143762,0.00171153,0.00211474,0.072061,0.23689,38.73
benchmark_stage5/renders,G3_rand_pos_seed1337_00001_.png,0.625423,0.00146258,0.00166594,0.00190505,0.00197162,0.00224365,0.093856,0.22482,18.60
benchmark_stage5/renders,G3_rand_pos_seed4242145_00001_.png,0.620909,0.00137984,0.00156047,0.00167269,0.00172608,0.00220910,0.091956,0.22861,14.07
benchmark_stage5/renders,G3_rand_pos_seed42_00001_.png,0.592230,0.00136683,0.00151467,0.00180740,0.00200732,0.00229108,0.102189,0.22035,21.57
benchmark_stage5/renders,G3_rand_pos_seed777_00001_.png,0.604412,0.00150875,0.00175553,0.00215431,0.00224391,0.00255411,0.102183,0.22146,15.23
benchmark_stage5/renders,G3_rand_pos_seed9999_00001_.png,0.625445,0.00141764,0.00162316,0.00185675,0.00201566,0.00228931,0.097510,0.24038,23.38
benchmark_stage5/renders,G4_baseline_seed101_00001_.png,0.621208,0.00114514,0.00168081,0.00233229,0.00189933,0.00172405,0.127354,0.36901,31.98
benchmark_stage5/renders,G4_baseline_seed102_00001_.png,0.628505,0.00113620,0.00170675,0.00247990,0.00219787,0.00201126,0.107609,0.41426,38.68
benchmark_stage5/renders,G4_baseline_seed103_00001_.png,0.630090,0.00108936,0.00159221,0.00248550,0.00239035,0.00210612,0.102173,0.42873,36.33
benchmark_stage5/renders,G4_baseline_seed104_00001_.png,0.656926,0.00103760,0.00154217,0.00235754,0.00221515,0.00187367,0.104868,0.42817,36.78
benchmark_stage5/renders,G4_baseline_seed105_00001_.png,0.637383,0.00110373,0.00159922,0.00238405,0.00215611,0.00177804,0.107874,0.43109,34.03
benchmark_stage5/renders,G4_baseline_seed106_00001_.png,0.603184,0.00095447,0.00144385,0.00217019,0.00196344,0.00180879,0.123594,0.40496,37.72
benchmark_stage5/renders,G4_baseline_seed107_00001_.png,0.632321,0.00120810,0.00176579,0.00241903,0.00212644,0.00192713,0.116283,0.35593,38.32
benchmark_stage5/renders,G4_baseline_seed108_00001_.png,0.625427,0.00122018,0.00172324,0.00238616,0.00199622,0.00177244,0.112912,0.43261,37.84
benchmark_stage5/renders,G4_baseline_seed109_00001_.png,0.625182,0.00135581,0.00201274,0.00280015,0.00241660,0.00200506,0.116542,0.40230,39.54
benchmark_stage5/renders,G4_baseline_seed110_00001_.png,0.621713,0.00110798,0.00169937,0.00251793,0.00234984,0.00192722,0.120216,0.40627,39.97
benchmark_stage5/renders,G4_baseline_seed1337_00001_.png,0.639811,0.00133172,0.00198576,0.00261809,0.00214939,0.00187719,0.112428,0.36376,41.84
benchmark_stage5/renders,G4_baseline_seed4242145_00001_.png,0.646219,0.00130366,0.00197378,0.00269274,0.00201900,0.00162976,0.114891,0.40051,36.59
benchmark_stage5/renders,G4_baseline_seed42_00001_.png,0.630248,0.00120762,0.00176844,0.00256016,0.00219749,0.00185228,0.108590,0.44045,39.42
benchmark_stage5/renders,G4_baseline_seed777_00001_.png,0.629906,0.00111374,0.00165542,0.00250161,0.00223301,0.00178495,0.112421,0.39400,35.60
benchmark_stage5/renders,G4_baseline_seed9999_00001_.png,0.636847,0.00111095,0.00161679,0.00237937,0.00192466,0.00156536,0.125949,0.36610,34.79
benchmark_stage5/renders,G4_blockshuf_neg_seed1337_00001_.png,0.635112,0.00131145,0.00198898,0.00245819,0.00214173,0.00200768,0.119485,0.36818,35.55
benchmark_stage5/renders,G4_blockshuf_neg_seed4242145_00001_.png,0.663538,0.00124046,0.00188354,0.00223885,0.00174131,0.00160382,0.118717,0.33518,35.12
benchmark_stage5/renders,G4_blockshuf_neg_seed42_00001_.png,0.644980,0.00136466,0.00198753,0.00276062,0.00255225,0.00198484,0.096431,0.42386,36.76
benchmark_stage5/renders,G4_blockshuf_neg_seed777_00001_.png,0.642164,0.00117539,0.00157129,0.00176573,0.00144645,0.00134040,0.113772,0.33964,37.57
benchmark_stage5/renders,G4_blockshuf_neg_seed9999_00001_.png,0.636971,0.00122429,0.00176944,0.00226783,0.00189866,0.00175438,0.124823,0.31594,37.26
benchmark_stage5/renders,G4_blockshuf_pos_seed1337_00001_.png,0.631060,0.00107900,0.00172677,0.00285628,0.00282596,0.00238649,0.118138,0.40170,36.44
benchmark_stage5/renders,G4_blockshuf_pos_seed4242145_00001_.png,0.649115,0.00106860,0.00169911,0.00320115,0.00310464,0.00241881,0.128056,0.36922,32.20
benchmark_stage5/renders,G4_blockshuf_pos_seed42_00001_.png,0.619377,0.00089770,0.00139068,0.00263635,0.00274709,0.00201262,0.122567,0.40584,38.44
benchmark_stage5/renders,G4_blockshuf_pos_seed777_00001_.png,0.619664,0.00095156,0.00151407,0.00249069,0.00246693,0.00207081,0.120715,0.36098,38.80
benchmark_stage5/renders,G4_blockshuf_pos_seed9999_00001_.png,0.594103,0.00109684,0.00171817,0.00252977,0.00217819,0.00173560,0.129700,0.31328,40.33
benchmark_stage5/renders,G4_preset_half_seed1337_00001_.png,0.613002,0.00087375,0.00133842,0.00253846,0.00285775,0.00225965,0.106416,0.46485,39.49
benchmark_stage5/renders,G4_preset_half_seed4242145_00001_.png,0.609056,0.00099791,0.00153265,0.00257312,0.00221322,0.00175028,0.113289,0.43253,36.03
benchmark_stage5/renders,G4_preset_half_seed42_00001_.png,0.596887,0.00072816,0.00115751,0.00208014,0.00213892,0.00179630,0.111061,0.45415,35.89
benchmark_stage5/renders,G4_preset_half_seed777_00001_.png,0.592317,0.00084946,0.00132488,0.00248591,0.00279605,0.00195090,0.120923,0.43091,36.79
benchmark_stage5/renders,G4_preset_half_seed9999_00001_.png,0.580057,0.00100168,0.00147544,0.00258614,0.00274545,0.00205515,0.121702,0.38861,37.21
benchmark_stage5/renders,G4_preset_neg_seed1337_00001_.png,0.672594,0.00166338,0.00263622,0.00316525,0.00256280,0.00228899,0.110995,0.36388,36.30
benchmark_stage5/renders,G4_preset_neg_seed4242145_00001_.png,0.706770,0.00166285,0.00248894,0.00305411,0.00238574,0.00196959,0.111128,0.34206,38.00
benchmark_stage5/renders,G4_preset_neg_seed42_00001_.png,0.681334,0.00184662,0.00272876,0.00316362,0.00258140,0.00220975,0.104412,0.36808,38.36
benchmark_stage5/renders,G4_preset_neg_seed777_00001_.png,0.687096,0.00204593,0.00272028,0.00278269,0.00211128,0.00174913,0.114854,0.33550,37.05
benchmark_stage5/renders,G4_preset_neg_seed9999_00001_.png,0.668695,0.00178441,0.00255277,0.00279586,0.00204711,0.00181439,0.125058,0.31472,38.97
benchmark_stage5/renders,G4_preset_pos_seed1337_00001_.png,0.632782,0.00088316,0.00154989,0.00300010,0.00333581,0.00243183,0.096626,0.46766,36.01
benchmark_stage5/renders,G4_preset_pos_seed4242145_00001_.png,0.662964,0.00102685,0.00165092,0.00324298,0.00365379,0.00285865,0.101844,0.43198,34.57
benchmark_stage5/renders,G4_preset_pos_seed42_00001_.png,0.612103,0.00070472,0.00112363,0.00208826,0.00251969,0.00241644,0.108569,0.46762,37.67
benchmark_stage5/renders,G4_preset_pos_seed777_00001_.png,0.646711,0.00093078,0.00154105,0.00289576,0.00326486,0.00271458,0.112048,0.42213,37.03
benchmark_stage5/renders,G4_preset_pos_seed9999_00001_.png,0.603376,0.00106177,0.00170669,0.00310073,0.00330174,0.00247059,0.129777,0.36820,36.77
benchmark_stage5/renders,G4_rand_neg_seed1337_00001_.png,0.597822,0.00101879,0.00163066,0.00257501,0.00243438,0.00230626,0.101638,0.35812,35.23
benchmark_stage5/renders,G4_rand_neg_seed4242145_00001_.png,0.617227,0.00137828,0.00209877,0.00280112,0.00231637,0.00209231,0.108065,0.37523,38.64
benchmark_stage5/renders,G4_rand_neg_seed42_00001_.png,0.602007,0.00103110,0.00162704,0.00259560,0.00239664,0.00203782,0.114138,0.39572,35.25
benchmark_stage5/renders,G4_rand_neg_seed777_00001_.png,0.597970,0.00118269,0.00176361,0.00250438,0.00245857,0.00213320,0.109157,0.33911,30.34
benchmark_stage5/renders,G4_rand_neg_seed9999_00001_.png,0.599083,0.00094665,0.00130749,0.00178914,0.00169805,0.00168226,0.116018,0.33442,35.00
benchmark_stage5/renders,G4_rand_pos_seed1337_00001_.png,0.671275,0.00160776,0.00234304,0.00416330,0.00456311,0.00357582,0.116327,0.35852,35.98
benchmark_stage5/renders,G4_rand_pos_seed4242145_00001_.png,0.638696,0.00168080,0.00251527,0.00442251,0.00430585,0.00304610,0.128812,0.32272,34.54
benchmark_stage5/renders,G4_rand_pos_seed42_00001_.png,0.676150,0.00151533,0.00230055,0.00416787,0.00468013,0.00347281,0.116919,0.40676,33.57
benchmark_stage5/renders,G4_rand_pos_seed777_00001_.png,0.631276,0.00170066,0.00231180,0.00355334,0.00348851,0.00278950,0.128728,0.34605,36.47
benchmark_stage5/renders,G4_rand_pos_seed9999_00001_.png,0.597838,0.00156026,0.00229183,0.00360584,0.00355213,0.00293882,0.137135,0.33803,31.28
benchmark_stage5/renders,G5_baseline_seed101_00001_.png,0.677432,0.00126443,0.00182081,0.00218978,0.00183407,0.00186089,0.080867,0.37323,336.87
benchmark_stage5/renders,G5_baseline_seed102_00001_.png,0.669042,0.00129442,0.00195333,0.00247728,0.00209086,0.00202095,0.083932,0.35776,346.47
benchmark_stage5/renders,G5_baseline_seed103_00001_.png,0.702489,0.00135491,0.00196159,0.00226897,0.00195208,0.00230433,0.065314,0.42136,358.45
benchmark_stage5/renders,G5_baseline_seed104_00001_.png,0.678780,0.00103868,0.00148185,0.00172375,0.00154541,0.00158497,0.069078,0.31859,334.16
benchmark_stage5/renders,G5_baseline_seed105_00001_.png,0.679020,0.00125081,0.00179513,0.00207275,0.00169840,0.00176310,0.062046,0.39213,359.08
benchmark_stage5/renders,G5_baseline_seed106_00001_.png,0.706029,0.00122479,0.00174254,0.00215280,0.00176197,0.00164486,0.067490,0.37961,348.54
benchmark_stage5/renders,G5_baseline_seed107_00001_.png,0.651630,0.00116391,0.00174122,0.00218993,0.00189907,0.00193617,0.087512,0.27546,281.55
benchmark_stage5/renders,G5_baseline_seed108_00001_.png,0.697206,0.00129982,0.00182320,0.00202852,0.00160665,0.00168276,0.076404,0.36895,349.40
benchmark_stage5/renders,G5_baseline_seed109_00001_.png,0.667738,0.00144743,0.00193973,0.00222202,0.00199851,0.00207798,0.089108,0.36317,352.30
benchmark_stage5/renders,G5_baseline_seed110_00001_.png,0.651325,0.00128103,0.00183737,0.00232293,0.00196617,0.00194861,0.079975,0.38475,349.42
benchmark_stage5/renders,G5_baseline_seed1337_00001_.png,0.687180,0.00138496,0.00191368,0.00217682,0.00186721,0.00182808,0.080250,0.36337,358.73
benchmark_stage5/renders,G5_baseline_seed4242145_00001_.png,0.667965,0.00131975,0.00172723,0.00176000,0.00165582,0.00182643,0.063266,0.39176,355.27
benchmark_stage5/renders,G5_baseline_seed42_00001_.png,0.709069,0.00134901,0.00194217,0.00240557,0.00195641,0.00207586,0.066038,0.40322,357.57
benchmark_stage5/renders,G5_baseline_seed777_00001_.png,0.669174,0.00129801,0.00181857,0.00201463,0.00156039,0.00178400,0.085845,0.34280,338.85
benchmark_stage5/renders,G5_baseline_seed9999_00001_.png,0.668992,0.00113943,0.00164638,0.00198624,0.00168308,0.00163084,0.061818,0.36188,345.55
benchmark_stage5/renders,G5_blockshuf_neg_seed1337_00001_.png,0.646454,0.00174342,0.00183199,0.00158680,0.00151668,0.00154198,0.072789,0.28203,309.91
benchmark_stage5/renders,G5_blockshuf_neg_seed4242145_00001_.png,0.666970,0.00170158,0.00188183,0.00163727,0.00153566,0.00157680,0.057020,0.36918,358.58
benchmark_stage5/renders,G5_blockshuf_neg_seed42_00001_.png,0.624844,0.00171458,0.00205890,0.00208154,0.00200072,0.00226747,0.078767,0.37155,4.27
benchmark_stage5/renders,G5_blockshuf_neg_seed777_00001_.png,0.612804,0.00178100,0.00223680,0.00211328,0.00166391,0.00197321,0.090438,0.33704,357.01
benchmark_stage5/renders,G5_blockshuf_neg_seed9999_00001_.png,0.661286,0.00175499,0.00215003,0.00211464,0.00193711,0.00186401,0.064317,0.20674,271.79
benchmark_stage5/renders,G5_blockshuf_pos_seed1337_00001_.png,0.655659,0.00112482,0.00167382,0.00192714,0.00183031,0.00226028,0.081539,0.41562,357.46
benchmark_stage5/renders,G5_blockshuf_pos_seed4242145_00001_.png,0.680233,0.00116692,0.00167173,0.00204985,0.00182822,0.00204466,0.073223,0.41015,352.09
benchmark_stage5/renders,G5_blockshuf_pos_seed42_00001_.png,0.662342,0.00128464,0.00181995,0.00227581,0.00206128,0.00232791,0.085435,0.39144,356.34
benchmark_stage5/renders,G5_blockshuf_pos_seed777_00001_.png,0.677012,0.00118313,0.00173587,0.00218683,0.00211383,0.00241438,0.077913,0.44544,358.33
benchmark_stage5/renders,G5_blockshuf_pos_seed9999_00001_.png,0.653350,0.00122507,0.00170988,0.00216681,0.00186760,0.00200441,0.081462,0.35951,349.49
benchmark_stage5/renders,G5_preset_half_seed1337_00001_.png,0.679771,0.00111596,0.00166520,0.00198477,0.00169819,0.00191302,0.077291,0.35567,352.58
benchmark_stage5/renders,G5_preset_half_seed4242145_00001_.png,0.671464,0.00110154,0.00156697,0.00176247,0.00159974,0.00170671,0.068827,0.37182,345.51
benchmark_stage5/renders,G5_preset_half_seed42_00001_.png,0.672170,0.00112101,0.00158836,0.00203096,0.00192809,0.00201939,0.067563,0.36777,352.12
benchmark_stage5/renders,G5_preset_half_seed777_00001_.png,0.688946,0.00122942,0.00184478,0.00222906,0.00169034,0.00199257,0.081037,0.34045,327.06
benchmark_stage5/renders,G5_preset_half_seed9999_00001_.png,0.655439,0.00100960,0.00148191,0.00164225,0.00141224,0.00162360,0.061581,0.31677,333.99
benchmark_stage5/renders,G5_preset_neg_seed1337_00001_.png,0.622131,0.00174488,0.00245966,0.00248032,0.00191734,0.00191868,0.075307,0.41762,10.25
benchmark_stage5/renders,G5_preset_neg_seed4242145_00001_.png,0.644533,0.00155474,0.00221490,0.00267795,0.00221154,0.00197868,0.068968,0.45492,8.78
benchmark_stage5/renders,G5_preset_neg_seed42_00001_.png,0.631029,0.00170139,0.00253373,0.00282015,0.00219797,0.00218425,0.079086,0.41908,11.46
benchmark_stage5/renders,G5_preset_neg_seed777_00001_.png,0.623197,0.00175476,0.00243767,0.00251019,0.00190445,0.00197181,0.090187,0.42531,7.02
benchmark_stage5/renders,G5_preset_neg_seed9999_00001_.png,0.633240,0.00155884,0.00213643,0.00224947,0.00204060,0.00214351,0.069207,0.42025,9.14
benchmark_stage5/renders,G5_preset_pos_seed1337_00001_.png,0.704182,0.00083662,0.00130240,0.00201855,0.00208848,0.00207915,0.079677,0.32391,313.64
benchmark_stage5/renders,G5_preset_pos_seed4242145_00001_.png,0.691765,0.00090513,0.00136587,0.00167368,0.00167414,0.00188714,0.070710,0.35140,315.61
benchmark_stage5/renders,G5_preset_pos_seed42_00001_.png,0.661014,0.00102452,0.00160901,0.00219266,0.00186751,0.00199102,0.072314,0.35921,341.84
benchmark_stage5/renders,G5_preset_pos_seed777_00001_.png,0.690209,0.00087755,0.00133355,0.00183408,0.00197466,0.00216773,0.076611,0.30793,302.96
benchmark_stage5/renders,G5_preset_pos_seed9999_00001_.png,0.705244,0.00086122,0.00130195,0.00178749,0.00191526,0.00213594,0.062000,0.26708,293.52
benchmark_stage5/renders,G5_rand_neg_seed1337_00001_.png,0.597265,0.00090064,0.00137552,0.00178647,0.00173000,0.00197939,0.074597,0.36487,3.16
benchmark_stage5/renders,G5_rand_neg_seed4242145_00001_.png,0.625769,0.00103142,0.00161652,0.00211458,0.00209437,0.00222313,0.065129,0.41423,7.56
benchmark_stage5/renders,G5_rand_neg_seed42_00001_.png,0.628643,0.00104222,0.00161194,0.00208173,0.00197680,0.00224466,0.069090,0.36969,359.07
benchmark_stage5/renders,G5_rand_neg_seed777_00001_.png,0.599153,0.00099212,0.00150446,0.00190596,0.00193902,0.00216435,0.077953,0.35855,359.89
benchmark_stage5/renders,G5_rand_neg_seed9999_00001_.png,0.600384,0.00101257,0.00145457,0.00170829,0.00161836,0.00173666,0.066383,0.35486,353.27
benchmark_stage5/renders,G5_rand_pos_seed1337_00001_.png,0.691723,0.00190703,0.00230265,0.00231464,0.00184330,0.00207780,0.089348,0.41685,351.68
benchmark_stage5/renders,G5_rand_pos_seed4242145_00001_.png,0.696584,0.00187204,0.00200991,0.00205988,0.00200081,0.00210564,0.079866,0.43797,349.08
benchmark_stage5/renders,G5_rand_pos_seed42_00001_.png,0.662738,0.00187139,0.00211708,0.00234030,0.00189873,0.00188028,0.094909,0.40383,354.11
benchmark_stage5/renders,G5_rand_pos_seed777_00001_.png,0.645248,0.00219459,0.00244682,0.00248305,0.00174129,0.00185449,0.100345,0.38482,347.65
benchmark_stage5/renders,G5_rand_pos_seed9999_00001_.png,0.697958,0.00186650,0.00211484,0.00215312,0.00196448,0.00201855,0.081278,0.42357,342.83
benchmark_stage5/renders,G6_baseline_seed101_00001_.png,0.506400,0.00047445,0.00069233,0.00120897,0.00191724,0.00210086,0.150281,0.16944,258.40
benchmark_stage5/renders,G6_baseline_seed102_00001_.png,0.527902,0.00055309,0.00081882,0.00121939,0.00170606,0.00189853,0.129047,0.20744,263.72
benchmark_stage5/renders,G6_baseline_seed103_00001_.png,0.545356,0.00058253,0.00082052,0.00122237,0.00166703,0.00173471,0.133466,0.20117,257.67
benchmark_stage5/renders,G6_baseline_seed104_00001_.png,0.518840,0.00052367,0.00070705,0.00110156,0.00161810,0.00177409,0.111850,0.17581,252.07
benchmark_stage5/renders,G6_baseline_seed105_00001_.png,0.553714,0.00058267,0.00076379,0.00108151,0.00157361,0.00172990,0.128677,0.16698,256.68
benchmark_stage5/renders,G6_baseline_seed106_00001_.png,0.526929,0.00057383,0.00079108,0.00123440,0.00170289,0.00167839,0.142528,0.16552,250.27
benchmark_stage5/renders,G6_baseline_seed107_00001_.png,0.528855,0.00050259,0.00067278,0.00100154,0.00140311,0.00154964,0.109205,0.19953,257.95
benchmark_stage5/renders,G6_baseline_seed108_00001_.png,0.530014,0.00057191,0.00085080,0.00129737,0.00198661,0.00217892,0.130486,0.18009,243.25
benchmark_stage5/renders,G6_baseline_seed109_00001_.png,0.532014,0.00059935,0.00085041,0.00115045,0.00157462,0.00177470,0.126755,0.18863,251.29
benchmark_stage5/renders,G6_baseline_seed110_00001_.png,0.536752,0.00050711,0.00071654,0.00103109,0.00151352,0.00179660,0.122993,0.16621,253.56
benchmark_stage5/renders,G6_baseline_seed1337_00001_.png,0.551623,0.00060304,0.00086533,0.00122552,0.00166484,0.00177715,0.134380,0.18113,255.58
benchmark_stage5/renders,G6_baseline_seed4242145_00001_.png,0.531857,0.00058895,0.00091180,0.00141000,0.00193382,0.00212421,0.125593,0.17514,248.49
benchmark_stage5/renders,G6_baseline_seed42_00001_.png,0.507965,0.00052282,0.00077371,0.00121256,0.00186312,0.00185242,0.154442,0.14081,248.90
benchmark_stage5/renders,G6_baseline_seed777_00001_.png,0.553509,0.00063305,0.00090418,0.00141266,0.00190643,0.00206074,0.132896,0.18850,256.17
benchmark_stage5/renders,G6_baseline_seed9999_00001_.png,0.512741,0.00056503,0.00082885,0.00118981,0.00178380,0.00192367,0.149583,0.17123,255.43
benchmark_stage5/renders,G6_blockshuf_neg_seed1337_00001_.png,0.513616,0.00066996,0.00089766,0.00128298,0.00176580,0.00201877,0.135573,0.15065,246.91
benchmark_stage5/renders,G6_blockshuf_neg_seed4242145_00001_.png,0.524723,0.00069533,0.00102491,0.00145915,0.00192950,0.00202198,0.119236,0.16139,246.28
benchmark_stage5/renders,G6_blockshuf_neg_seed42_00001_.png,0.479602,0.00053531,0.00079828,0.00121078,0.00178181,0.00198840,0.146315,0.11314,251.06
benchmark_stage5/renders,G6_blockshuf_neg_seed777_00001_.png,0.536315,0.00071384,0.00101200,0.00144551,0.00190804,0.00209052,0.122193,0.16340,253.39
benchmark_stage5/renders,G6_blockshuf_neg_seed9999_00001_.png,0.476261,0.00055181,0.00079633,0.00111764,0.00138827,0.00159042,0.149028,0.12154,253.65
benchmark_stage5/renders,G6_blockshuf_pos_seed1337_00001_.png,0.554619,0.00049497,0.00071341,0.00122686,0.00174174,0.00181723,0.143505,0.18220,266.55
benchmark_stage5/renders,G6_blockshuf_pos_seed4242145_00001_.png,0.543718,0.00036032,0.00058161,0.00101523,0.00162532,0.00193853,0.130506,0.21886,280.68
benchmark_stage5/renders,G6_blockshuf_pos_seed42_00001_.png,0.534582,0.00042181,0.00065717,0.00115548,0.00177083,0.00190586,0.153203,0.17807,264.52
benchmark_stage5/renders,G6_blockshuf_pos_seed777_00001_.png,0.562535,0.00052677,0.00075596,0.00125631,0.00182976,0.00189393,0.145844,0.23622,283.39
benchmark_stage5/renders,G6_blockshuf_pos_seed9999_00001_.png,0.544688,0.00048959,0.00068649,0.00114566,0.00169703,0.00180895,0.153012,0.19890,263.06
benchmark_stage5/renders,G6_preset_half_seed1337_00001_.png,0.545364,0.00047519,0.00070052,0.00099089,0.00127793,0.00137551,0.131318,0.18621,256.30
benchmark_stage5/renders,G6_preset_half_seed4242145_00001_.png,0.537219,0.00046935,0.00074969,0.00130986,0.00199352,0.00210045,0.128105,0.20290,253.81
benchmark_stage5/renders,G6_preset_half_seed42_00001_.png,0.501592,0.00046821,0.00071453,0.00125909,0.00193660,0.00188909,0.157639,0.15379,250.80
benchmark_stage5/renders,G6_preset_half_seed777_00001_.png,0.530927,0.00058788,0.00081732,0.00128818,0.00177059,0.00187137,0.136333,0.19054,262.08
benchmark_stage5/renders,G6_preset_half_seed9999_00001_.png,0.496287,0.00054376,0.00081266,0.00129163,0.00173980,0.00179955,0.153265,0.17228,252.89
benchmark_stage5/renders,G6_preset_neg_seed1337_00001_.png,0.569112,0.00056435,0.00066341,0.00088331,0.00119487,0.00150724,0.135993,0.16809,262.76
benchmark_stage5/renders,G6_preset_neg_seed4242145_00001_.png,0.552161,0.00086071,0.00120362,0.00158371,0.00188539,0.00208231,0.130787,0.14789,265.08
benchmark_stage5/renders,G6_preset_neg_seed42_00001_.png,0.499134,0.00064911,0.00091322,0.00124685,0.00173621,0.00176933,0.152456,0.10220,264.46
benchmark_stage5/renders,G6_preset_neg_seed777_00001_.png,0.563235,0.00061763,0.00078803,0.00102729,0.00139508,0.00179038,0.134847,0.20713,264.65
benchmark_stage5/renders,G6_preset_neg_seed9999_00001_.png,0.530271,0.00055962,0.00073093,0.00103413,0.00128427,0.00137715,0.159882,0.17647,261.20
benchmark_stage5/renders,G6_preset_pos_seed1337_00001_.png,0.522412,0.00046202,0.00073783,0.00123867,0.00181716,0.00183300,0.134590,0.16715,260.99
benchmark_stage5/renders,G6_preset_pos_seed4242145_00001_.png,0.503330,0.00051290,0.00076069,0.00118098,0.00161197,0.00191685,0.149783,0.17695,263.79
benchmark_stage5/renders,G6_preset_pos_seed42_00001_.png,0.486048,0.00044518,0.00069062,0.00117467,0.00170045,0.00170746,0.156837,0.15888,261.32
benchmark_stage5/renders,G6_preset_pos_seed777_00001_.png,0.510787,0.00053298,0.00082973,0.00138504,0.00193285,0.00201541,0.140411,0.18379,270.63
benchmark_stage5/renders,G6_preset_pos_seed9999_00001_.png,0.426993,0.00044383,0.00064830,0.00113915,0.00149432,0.00154071,0.156352,0.17629,269.69
benchmark_stage5/renders,G6_rand_neg_seed1337_00001_.png,0.515925,0.00040092,0.00061669,0.00092700,0.00127158,0.00146392,0.125808,0.17504,263.15
benchmark_stage5/renders,G6_rand_neg_seed4242145_00001_.png,0.526929,0.00051575,0.00083623,0.00134064,0.00177083,0.00178653,0.121992,0.20602,265.14
benchmark_stage5/renders,G6_rand_neg_seed42_00001_.png,0.461725,0.00047690,0.00078598,0.00124096,0.00178559,0.00176376,0.152195,0.12487,275.04
benchmark_stage5/renders,G6_rand_neg_seed777_00001_.png,0.509240,0.00056671,0.00086815,0.00130180,0.00152634,0.00160662,0.136378,0.16466,274.86
benchmark_stage5/renders,G6_rand_neg_seed9999_00001_.png,0.511987,0.00045563,0.00068385,0.00103015,0.00133191,0.00131733,0.135939,0.19463,282.13
benchmark_stage5/renders,G6_rand_pos_seed1337_00001_.png,0.506531,0.00063064,0.00086490,0.00133958,0.00195819,0.00195681,0.136703,0.21358,253.43
benchmark_stage5/renders,G6_rand_pos_seed4242145_00001_.png,0.502531,0.00065416,0.00083527,0.00136414,0.00207728,0.00226507,0.125696,0.18227,248.43
benchmark_stage5/renders,G6_rand_pos_seed42_00001_.png,0.461728,0.00065975,0.00091251,0.00144117,0.00204444,0.00206175,0.150524,0.15838,254.05
benchmark_stage5/renders,G6_rand_pos_seed777_00001_.png,0.526928,0.00070686,0.00088641,0.00135473,0.00192498,0.00213171,0.127942,0.19831,245.57
benchmark_stage5/renders,G6_rand_pos_seed9999_00001_.png,0.465392,0.00066809,0.00085871,0.00130041,0.00173376,0.00176506,0.146045,0.16723,255.40
benchmark_stage7/renders,I01_blockshuf_neg_seed1337_00001_.png,0.555925,0.00277752,0.00289631,0.00266283,0.00252388,0.00306957,0.094862,0.28337,186.42
benchmark_stage7/renders,I01_blockshuf_neg_seed4242145_00001_.png,0.584402,0.00290146,0.00312172,0.00273324,0.00256144,0.00320948,0.094851,0.28874,195.24
benchmark_stage7/renders,I01_blockshuf_neg_seed42_00001_.png,0.561153,0.00297178,0.00300395,0.00249912,0.00239336,0.00292145,0.078658,0.35370,186.75
benchmark_stage7/renders,I01_blockshuf_neg_seed777_00001_.png,0.595188,0.00295042,0.00325072,0.00274744,0.00247031,0.00306671,0.080455,0.31716,203.70
benchmark_stage7/renders,I01_blockshuf_neg_seed9999_00001_.png,0.610322,0.00291023,0.00294397,0.00293312,0.00289258,0.00363880,0.091258,0.28771,223.75
benchmark_stage7/renders,I01_blockshuf_pos_seed1337_00001_.png,0.565308,0.00230690,0.00313795,0.00288341,0.00269367,0.00326214,0.108928,0.23474,218.70
benchmark_stage7/renders,I01_blockshuf_pos_seed4242145_00001_.png,0.592692,0.00230825,0.00312500,0.00279881,0.00256624,0.00300808,0.100330,0.25765,226.88
benchmark_stage7/renders,I01_blockshuf_pos_seed42_00001_.png,0.581730,0.00238847,0.00317606,0.00287002,0.00260605,0.00318504,0.097456,0.25670,233.23
benchmark_stage7/renders,I01_blockshuf_pos_seed777_00001_.png,0.590146,0.00243635,0.00342578,0.00318641,0.00278346,0.00328347,0.100215,0.24643,259.53
benchmark_stage7/renders,I01_blockshuf_pos_seed9999_00001_.png,0.571877,0.00238226,0.00327213,0.00292305,0.00247817,0.00290010,0.103169,0.24550,231.52
benchmark_stage7/renders,I01_preset_neg_seed1337_00001_.png,0.582679,0.00225084,0.00279434,0.00264657,0.00220910,0.00245816,0.091039,0.27148,167.28
benchmark_stage7/renders,I01_preset_neg_seed4242145_00001_.png,0.599572,0.00251371,0.00292587,0.00249605,0.00223148,0.00274413,0.088670,0.27325,239.62
benchmark_stage7/renders,I01_preset_neg_seed42_00001_.png,0.596921,0.00252438,0.00291010,0.00265008,0.00223000,0.00266386,0.076070,0.30737,244.25
benchmark_stage7/renders,I01_preset_neg_seed777_00001_.png,0.602273,0.00227761,0.00292179,0.00291771,0.00237868,0.00260251,0.081038,0.28466,222.46
benchmark_stage7/renders,I01_preset_neg_seed9999_00001_.png,0.610871,0.00262993,0.00289465,0.00268883,0.00231728,0.00274465,0.078463,0.25752,233.72
benchmark_stage7/renders,I01_preset_pos_seed1337_00001_.png,0.568629,0.00239505,0.00308975,0.00311553,0.00296007,0.00338119,0.099448,0.24589,307.60
benchmark_stage7/renders,I01_preset_pos_seed4242145_00001_.png,0.621837,0.00262295,0.00325543,0.00293284,0.00281425,0.00341391,0.101545,0.24887,273.92
benchmark_stage7/renders,I01_preset_pos_seed42_00001_.png,0.563335,0.00262615,0.00310049,0.00283492,0.00275089,0.00354026,0.102960,0.24907,218.53
benchmark_stage7/renders,I01_preset_pos_seed777_00001_.png,0.585447,0.00275225,0.00343821,0.00338402,0.00310227,0.00351126,0.100424,0.25024,263.62
benchmark_stage7/renders,I01_preset_pos_seed9999_00001_.png,0.574435,0.00253912,0.00314000,0.00299332,0.00284294,0.00352342,0.103306,0.24125,235.20
benchmark_stage7/renders,I01_rand_neg_seed1337_00001_.png,0.568375,0.00230232,0.00273328,0.00260929,0.00253574,0.00305265,0.087580,0.26442,269.95
benchmark_stage7/renders,I01_rand_neg_seed4242145_00001_.png,0.612029,0.00233699,0.00307729,0.00277608,0.00258361,0.00317576,0.088767,0.25887,354.20
benchmark_stage7/renders,I01_rand_neg_seed42_00001_.png,0.565213,0.00231964,0.00258792,0.00230975,0.00225854,0.00286703,0.078037,0.30847,224.41
benchmark_stage7/renders,I01_rand_neg_seed777_00001_.png,0.581529,0.00229430,0.00271862,0.00255864,0.00245646,0.00293349,0.078536,0.26619,254.14
benchmark_stage7/renders,I01_rand_neg_seed9999_00001_.png,0.603279,0.00249017,0.00291058,0.00283873,0.00279632,0.00323907,0.094404,0.23874,4.30
benchmark_stage7/renders,I01_rand_pos_seed1337_00001_.png,0.575788,0.00261189,0.00306612,0.00287954,0.00260745,0.00304767,0.097660,0.25359,223.63
benchmark_stage7/renders,I01_rand_pos_seed4242145_00001_.png,0.578616,0.00302149,0.00357190,0.00311863,0.00261268,0.00317214,0.094418,0.24974,218.49
benchmark_stage7/renders,I01_rand_pos_seed42_00001_.png,0.591478,0.00276794,0.00325665,0.00299834,0.00260124,0.00306733,0.091465,0.27575,220.28
benchmark_stage7/renders,I01_rand_pos_seed777_00001_.png,0.605830,0.00295762,0.00336434,0.00334801,0.00301829,0.00326949,0.096807,0.24926,237.91
benchmark_stage7/renders,I01_rand_pos_seed9999_00001_.png,0.594577,0.00284683,0.00333296,0.00310054,0.00261935,0.00313700,0.100894,0.22485,235.82
benchmark_stage7/renders,I02_blockshuf_neg_seed1337_00001_.png,0.663205,0.00231095,0.00258143,0.00236133,0.00187656,0.00216439,0.072175,0.21213,57.76
benchmark_stage7/renders,I02_blockshuf_neg_seed4242145_00001_.png,0.674592,0.00231917,0.00253919,0.00226352,0.00202008,0.00249525,0.082011,0.23603,27.33
benchmark_stage7/renders,I02_blockshuf_neg_seed42_00001_.png,0.668405,0.00250758,0.00251715,0.00233072,0.00192204,0.00228719,0.079240,0.31379,29.51
benchmark_stage7/renders,I02_blockshuf_neg_seed777_00001_.png,0.678772,0.00246505,0.00291541,0.00266867,0.00197295,0.00242620,0.085859,0.21568,45.96
benchmark_stage7/renders,I02_blockshuf_neg_seed9999_00001_.png,0.676768,0.00228477,0.00260720,0.00246490,0.00200050,0.00242660,0.076021,0.19821,49.14
benchmark_stage7/renders,I02_blockshuf_pos_seed1337_00001_.png,0.644798,0.00166334,0.00226146,0.00283243,0.00212137,0.00241721,0.075491,0.21689,47.14
benchmark_stage7/renders,I02_blockshuf_pos_seed4242145_00001_.png,0.652713,0.00174387,0.00233214,0.00280778,0.00246405,0.00294660,0.085686,0.20204,44.63
benchmark_stage7/renders,I02_blockshuf_pos_seed42_00001_.png,0.634186,0.00162723,0.00214058,0.00235028,0.00202150,0.00233579,0.074768,0.22905,51.19
benchmark_stage7/renders,I02_blockshuf_pos_seed777_00001_.png,0.656289,0.00174397,0.00247477,0.00291508,0.00215654,0.00219424,0.079568,0.22088,46.83
benchmark_stage7/renders,I02_blockshuf_pos_seed9999_00001_.png,0.635328,0.00183575,0.00242328,0.00258954,0.00205779,0.00235958,0.084152,0.24816,25.31
benchmark_stage7/renders,I02_preset_neg_seed1337_00001_.png,0.670853,0.00226721,0.00248323,0.00238042,0.00197734,0.00243272,0.079836,0.22763,55.59
benchmark_stage7/renders,I02_preset_neg_seed4242145_00001_.png,0.692683,0.00210203,0.00252182,0.00244216,0.00198924,0.00230291,0.079438,0.22430,55.68
benchmark_stage7/renders,I02_preset_neg_seed42_00001_.png,0.682083,0.00220237,0.00244274,0.00228517,0.00189216,0.00228442,0.078162,0.22413,47.47
benchmark_stage7/renders,I02_preset_neg_seed777_00001_.png,0.666896,0.00240023,0.00268117,0.00231920,0.00189045,0.00231020,0.078402,0.21098,50.72
benchmark_stage7/renders,I02_preset_neg_seed9999_00001_.png,0.671240,0.00231417,0.00254273,0.00230251,0.00192725,0.00226989,0.077725,0.23747,44.57
benchmark_stage7/renders,I02_preset_pos_seed1337_00001_.png,0.639580,0.00155157,0.00206744,0.00251041,0.00188201,0.00218566,0.076192,0.24028,34.02
benchmark_stage7/renders,I02_preset_pos_seed4242145_00001_.png,0.630935,0.00157956,0.00215648,0.00254249,0.00228608,0.00292221,0.082630,0.23919,31.26
benchmark_stage7/renders,I02_preset_pos_seed42_00001_.png,0.652954,0.00179389,0.00224080,0.00240177,0.00193799,0.00230538,0.072851,0.23466,55.68
benchmark_stage7/renders,I02_preset_pos_seed777_00001_.png,0.672638,0.00182578,0.00245526,0.00295797,0.00215649,0.00235567,0.080460,0.24300,33.01
benchmark_stage7/renders,I02_preset_pos_seed9999_00001_.png,0.641712,0.00176254,0.00236192,0.00261505,0.00210314,0.00241288,0.088955,0.27034,34.55
benchmark_stage7/renders,I02_rand_neg_seed1337_00001_.png,0.627035,0.00164249,0.00193283,0.00181870,0.00156772,0.00188258,0.070883,0.27225,40.70
benchmark_stage7/renders,I02_rand_neg_seed4242145_00001_.png,0.649499,0.00163574,0.00213964,0.00215240,0.00185115,0.00229095,0.069393,0.25031,41.17
benchmark_stage7/renders,I02_rand_neg_seed42_00001_.png,0.626351,0.00187376,0.00217729,0.00200134,0.00179663,0.00238617,0.076512,0.27329,40.75
benchmark_stage7/renders,I02_rand_neg_seed777_00001_.png,0.642853,0.00173427,0.00229162,0.00235217,0.00192438,0.00245477,0.078186,0.19783,37.85
benchmark_stage7/renders,I02_rand_neg_seed9999_00001_.png,0.632631,0.00167752,0.00227424,0.00237027,0.00197804,0.00243545,0.082159,0.31312,34.83
benchmark_stage7/renders,I02_rand_pos_seed1337_00001_.png,0.665788,0.00236018,0.00263912,0.00263646,0.00192174,0.00209551,0.076932,0.19058,33.89
benchmark_stage7/renders,I02_rand_pos_seed4242145_00001_.png,0.678527,0.00213979,0.00257972,0.00274679,0.00237252,0.00303384,0.091981,0.19955,24.20
benchmark_stage7/renders,I02_rand_pos_seed42_00001_.png,0.670531,0.00225386,0.00238639,0.00233016,0.00203930,0.00264477,0.077266,0.20157,60.81
benchmark_stage7/renders,I02_rand_pos_seed777_00001_.png,0.697733,0.00264708,0.00305317,0.00326237,0.00261377,0.00262702,0.085620,0.22796,33.95
benchmark_stage7/renders,I02_rand_pos_seed9999_00001_.png,0.681015,0.00241619,0.00285379,0.00284830,0.00220168,0.00236651,0.087881,0.25399,29.66
benchmark_stage7/renders,I05_blockshuf_neg_seed1337_00001_.png,0.618175,0.00197744,0.00212150,0.00216372,0.00210741,0.00237298,0.083728,0.36508,351.79
benchmark_stage7/renders,I05_blockshuf_neg_seed4242145_00001_.png,0.612394,0.00213938,0.00204114,0.00216057,0.00208883,0.00228110,0.071414,0.30362,350.15
benchmark_stage7/renders,I05_blockshuf_neg_seed42_00001_.png,0.566374,0.00195820,0.00205395,0.00210964,0.00221110,0.00270397,0.093892,0.30593,5.76
benchmark_stage7/renders,I05_blockshuf_neg_seed777_00001_.png,0.613850,0.00215234,0.00224380,0.00212511,0.00207055,0.00230040,0.084686,0.31970,2.97
benchmark_stage7/renders,I05_blockshuf_neg_seed9999_00001_.png,0.583552,0.00225788,0.00245204,0.00265041,0.00261887,0.00308448,0.115108,0.25772,5.39
benchmark_stage7/renders,I05_blockshuf_pos_seed1337_00001_.png,0.585636,0.00120145,0.00165461,0.00205874,0.00206199,0.00214604,0.094532,0.32609,351.01
benchmark_stage7/renders,I05_blockshuf_pos_seed4242145_00001_.png,0.609894,0.00121906,0.00161943,0.00197555,0.00209681,0.00242147,0.078792,0.33506,351.22
benchmark_stage7/renders,I05_blockshuf_pos_seed42_00001_.png,0.582661,0.00120005,0.00157518,0.00185745,0.00173686,0.00168860,0.064513,0.34775,1.57
benchmark_stage7/renders,I05_blockshuf_pos_seed777_00001_.png,0.601513,0.00114641,0.00159639,0.00191286,0.00194961,0.00226575,0.101510,0.35293,355.32
benchmark_stage7/renders,I05_blockshuf_pos_seed9999_00001_.png,0.631610,0.00134868,0.00175150,0.00207377,0.00211823,0.00232500,0.083931,0.37759,341.40
benchmark_stage7/renders,I05_preset_neg_seed1337_00001_.png,0.610793,0.00143589,0.00194253,0.00222751,0.00203659,0.00232842,0.100480,0.33602,353.49
benchmark_stage7/renders,I05_preset_neg_seed4242145_00001_.png,0.602374,0.00132701,0.00153565,0.00166986,0.00154259,0.00164377,0.050372,0.34754,349.21
benchmark_stage7/renders,I05_preset_neg_seed42_00001_.png,0.561935,0.00131844,0.00163807,0.00166665,0.00150215,0.00173276,0.064640,0.31018,14.35
benchmark_stage7/renders,I05_preset_neg_seed777_00001_.png,0.607886,0.00153821,0.00186139,0.00184106,0.00186415,0.00229412,0.107054,0.29348,2.49
benchmark_stage7/renders,I05_preset_neg_seed9999_00001_.png,0.597032,0.00153872,0.00195799,0.00208053,0.00205769,0.00243704,0.129140,0.29907,340.13
benchmark_stage7/renders,I05_preset_pos_seed1337_00001_.png,0.616752,0.00149063,0.00178762,0.00219765,0.00244477,0.00282215,0.100055,0.33964,357.82
benchmark_stage7/renders,I05_preset_pos_seed4242145_00001_.png,0.635193,0.00125187,0.00153332,0.00171581,0.00183512,0.00226676,0.085240,0.36276,352.70
benchmark_stage7/renders,I05_preset_pos_seed42_00001_.png,0.591993,0.00143025,0.00162305,0.00176985,0.00193869,0.00238051,0.080920,0.34001,354.35
benchmark_stage7/renders,I05_preset_pos_seed777_00001_.png,0.615898,0.00124158,0.00159837,0.00169510,0.00173936,0.00223721,0.068166,0.33479,356.25
benchmark_stage7/renders,I05_preset_pos_seed9999_00001_.png,0.648479,0.00142794,0.00175372,0.00193438,0.00203582,0.00228207,0.087350,0.37357,353.15
benchmark_stage7/renders,I05_rand_neg_seed1337_00001_.png,0.576861,0.00129696,0.00161472,0.00169561,0.00164854,0.00191687,0.062352,0.42756,26.02
benchmark_stage7/renders,I05_rand_neg_seed4242145_00001_.png,0.615957,0.00123579,0.00155716,0.00167257,0.00170369,0.00208774,0.053479,0.33079,351.08
benchmark_stage7/renders,I05_rand_neg_seed42_00001_.png,0.528602,0.00124752,0.00138624,0.00139977,0.00143186,0.00164130,0.054883,0.28586,37.37
benchmark_stage7/renders,I05_rand_neg_seed777_00001_.png,0.562621,0.00132513,0.00158395,0.00163841,0.00170823,0.00211626,0.055008,0.34761,31.11
benchmark_stage7/renders,I05_rand_neg_seed9999_00001_.png,0.597213,0.00132411,0.00161096,0.00171229,0.00168124,0.00203273,0.065125,0.35285,19.26
benchmark_stage7/renders,I05_rand_pos_seed1337_00001_.png,0.648455,0.00147260,0.00184052,0.00245283,0.00263539,0.00283722,0.093350,0.37529,347.04
benchmark_stage7/renders,I05_rand_pos_seed4242145_00001_.png,0.646437,0.00143382,0.00154245,0.00199273,0.00234125,0.00269468,0.084665,0.38818,350.65
benchmark_stage7/renders,I05_rand_pos_seed42_00001_.png,0.632213,0.00172963,0.00198827,0.00218692,0.00242618,0.00286006,0.081458,0.41052,356.46
benchmark_stage7/renders,I05_rand_pos_seed777_00001_.png,0.617253,0.00163370,0.00200147,0.00239375,0.00230373,0.00246699,0.079584,0.39350,4.92
benchmark_stage7/renders,I05_rand_pos_seed9999_00001_.png,0.662123,0.00189620,0.00207574,0.00244909,0.00270659,0.00286608,0.102627,0.35295,343.96
benchmark_stage7/renders,I06_blockshuf_neg_seed1337_00001_.png,0.537928,0.00232865,0.00254863,0.00229664,0.00206502,0.00237584,0.084975,0.29105,18.15
benchmark_stage7/renders,I06_blockshuf_neg_seed4242145_00001_.png,0.600721,0.00276301,0.00318230,0.00285395,0.00234851,0.00266757,0.089616,0.24362,40.93
benchmark_stage7/renders,I06_blockshuf_neg_seed42_00001_.png,0.580195,0.00262059,0.00281049,0.00249547,0.00211360,0.00246267,0.076401,0.29285,36.78
benchmark_stage7/renders,I06_blockshuf_neg_seed777_00001_.png,0.610722,0.00279180,0.00354606,0.00307208,0.00228992,0.00298745,0.093076,0.29911,355.33
benchmark_stage7/renders,I06_blockshuf_neg_seed9999_00001_.png,0.594370,0.00241567,0.00272244,0.00237833,0.00209614,0.00251192,0.114006,0.19969,23.73
benchmark_stage7/renders,I06_blockshuf_pos_seed1337_00001_.png,0.605564,0.00190458,0.00266325,0.00290787,0.00250104,0.00306811,0.112400,0.22827,27.56
benchmark_stage7/renders,I06_blockshuf_pos_seed4242145_00001_.png,0.579493,0.00184171,0.00263313,0.00264694,0.00214027,0.00278550,0.119108,0.17601,24.21
benchmark_stage7/renders,I06_blockshuf_pos_seed42_00001_.png,0.576640,0.00219500,0.00291714,0.00285652,0.00247783,0.00304228,0.085562,0.25792,14.65
benchmark_stage7/renders,I06_blockshuf_pos_seed777_00001_.png,0.570337,0.00218710,0.00318095,0.00286263,0.00237163,0.00307238,0.093134,0.28166,22.12
benchmark_stage7/renders,I06_blockshuf_pos_seed9999_00001_.png,0.589897,0.00202031,0.00293538,0.00293369,0.00237046,0.00294930,0.122832,0.19557,23.87
benchmark_stage7/renders,I06_preset_neg_seed1337_00001_.png,0.595655,0.00221871,0.00272330,0.00252551,0.00191917,0.00227615,0.092293,0.27219,8.13
benchmark_stage7/renders,I06_preset_neg_seed4242145_00001_.png,0.634359,0.00254442,0.00325578,0.00284250,0.00194255,0.00218682,0.078003,0.23428,335.70
benchmark_stage7/renders,I06_preset_neg_seed42_00001_.png,0.609503,0.00241435,0.00266277,0.00235764,0.00181465,0.00203025,0.078527,0.24069,17.63
benchmark_stage7/renders,I06_preset_neg_seed777_00001_.png,0.608224,0.00217956,0.00275703,0.00268452,0.00192814,0.00245974,0.083411,0.26927,355.63
benchmark_stage7/renders,I06_preset_neg_seed9999_00001_.png,0.618275,0.00220705,0.00254212,0.00231982,0.00180101,0.00241196,0.108743,0.20046,24.04
benchmark_stage7/renders,I06_preset_pos_seed1337_00001_.png,0.539409,0.00166190,0.00233180,0.00262385,0.00215589,0.00260358,0.097077,0.27220,30.36
benchmark_stage7/renders,I06_preset_pos_seed4242145_00001_.png,0.566878,0.00202955,0.00265628,0.00248526,0.00192771,0.00240698,0.083258,0.28503,30.44
benchmark_stage7/renders,I06_preset_pos_seed42_00001_.png,0.566119,0.00214492,0.00279756,0.00286589,0.00232136,0.00286477,0.082848,0.29691,27.30
benchmark_stage7/renders,I06_preset_pos_seed777_00001_.png,0.563520,0.00205200,0.00280280,0.00292595,0.00242447,0.00310002,0.100205,0.24499,23.51
benchmark_stage7/renders,I06_preset_pos_seed9999_00001_.png,0.541613,0.00191467,0.00253799,0.00244595,0.00207698,0.00275815,0.121053,0.23199,20.10
benchmark_stage7/renders,I06_rand_neg_seed1337_00001_.png,0.557264,0.00176125,0.00229408,0.00245925,0.00196916,0.00225606,0.086324,0.21792,22.43
benchmark_stage7/renders,I06_rand_neg_seed4242145_00001_.png,0.596551,0.00200034,0.00251474,0.00260016,0.00205257,0.00230280,0.078632,0.21901,22.48
benchmark_stage7/renders,I06_rand_neg_seed42_00001_.png,0.550938,0.00206290,0.00258097,0.00259739,0.00209404,0.00267825,0.080561,0.29175,21.68
benchmark_stage7/renders,I06_rand_neg_seed777_00001_.png,0.576941,0.00187415,0.00247499,0.00262307,0.00198524,0.00235428,0.076377,0.26440,11.10
benchmark_stage7/renders,I06_rand_neg_seed9999_00001_.png,0.574028,0.00163025,0.00211978,0.00221647,0.00184817,0.00249789,0.111421,0.22767,25.93
benchmark_stage7/renders,I06_rand_pos_seed1337_00001_.png,0.567062,0.00231997,0.00275469,0.00278768,0.00226528,0.00255068,0.100747,0.23204,4.45
benchmark_stage7/renders,I06_rand_pos_seed4242145_00001_.png,0.635663,0.00291120,0.00346961,0.00318533,0.00241226,0.00264895,0.093232,0.31404,246.60
benchmark_stage7/renders,I06_rand_pos_seed42_00001_.png,0.575255,0.00279006,0.00312920,0.00264153,0.00204602,0.00232559,0.076270,0.30136,12.16
benchmark_stage7/renders,I06_rand_pos_seed777_00001_.png,0.607126,0.00331694,0.00414977,0.00381420,0.00274088,0.00295714,0.096036,0.36637,13.18
benchmark_stage7/renders,I06_rand_pos_seed9999_00001_.png,0.537655,0.00267518,0.00308536,0.00258780,0.00199766,0.00241610,0.107910,0.22615,21.11
benchmark_stage7/renders,I07_blockshuf_neg_seed1337_00001_.png,0.624803,0.00207839,0.00190442,0.00173814,0.00166051,0.00191753,0.070561,0.26123,26.27
benchmark_stage7/renders,I07_blockshuf_neg_seed4242145_00001_.png,0.637799,0.00223506,0.00185897,0.00186046,0.00202016,0.00214271,0.063523,0.25705,27.81
benchmark_stage7/renders,I07_blockshuf_neg_seed42_00001_.png,0.578168,0.00193282,0.00172619,0.00157827,0.00165816,0.00221322,0.064782,0.29005,25.48
benchmark_stage7/renders,I07_blockshuf_neg_seed777_00001_.png,0.578639,0.00183182,0.00172797,0.00157805,0.00176658,0.00228289,0.109362,0.23767,31.59
benchmark_stage7/renders,I07_blockshuf_neg_seed9999_00001_.png,0.599106,0.00198768,0.00176505,0.00155726,0.00157901,0.00203649,0.104711,0.23041,27.32
benchmark_stage7/renders,I07_blockshuf_pos_seed1337_00001_.png,0.528732,0.00129362,0.00164700,0.00198446,0.00204288,0.00221393,0.115623,0.18565,22.36
benchmark_stage7/renders,I07_blockshuf_pos_seed4242145_00001_.png,0.571603,0.00144385,0.00165247,0.00174947,0.00173571,0.00188934,0.067641,0.27833,24.24
benchmark_stage7/renders,I07_blockshuf_pos_seed42_00001_.png,0.531965,0.00122204,0.00145951,0.00174763,0.00196198,0.00227072,0.112530,0.19142,16.02
benchmark_stage7/renders,I07_blockshuf_pos_seed777_00001_.png,0.535349,0.00147372,0.00173554,0.00185585,0.00194799,0.00224885,0.113149,0.20526,23.66
benchmark_stage7/renders,I07_blockshuf_pos_seed9999_00001_.png,0.550117,0.00142597,0.00172140,0.00207120,0.00218889,0.00243295,0.117353,0.19627,23.07
benchmark_stage7/renders,I07_preset_neg_seed1337_00001_.png,0.610360,0.00178561,0.00191541,0.00183723,0.00169273,0.00190948,0.068832,0.30083,26.40
benchmark_stage7/renders,I07_preset_neg_seed4242145_00001_.png,0.625176,0.00186164,0.00180005,0.00158690,0.00158859,0.00178684,0.054412,0.28375,16.96
benchmark_stage7/renders,I07_preset_neg_seed42_00001_.png,0.588905,0.00192228,0.00188136,0.00178961,0.00156379,0.00168748,0.057140,0.33656,19.39
benchmark_stage7/renders,I07_preset_neg_seed777_00001_.png,0.585871,0.00179709,0.00197088,0.00190988,0.00186493,0.00227496,0.114915,0.24719,25.33
benchmark_stage7/renders,I07_preset_neg_seed9999_00001_.png,0.590281,0.00165618,0.00179158,0.00180886,0.00177166,0.00211733,0.124328,0.21724,23.29
benchmark_stage7/renders,I07_preset_pos_seed1337_00001_.png,0.514339,0.00126204,0.00149761,0.00174706,0.00184876,0.00215170,0.105217,0.27549,28.81
benchmark_stage7/renders,I07_preset_pos_seed4242145_00001_.png,0.575192,0.00141732,0.00161638,0.00174069,0.00183919,0.00181901,0.066063,0.26820,24.07
benchmark_stage7/renders,I07_preset_pos_seed42_00001_.png,0.541123,0.00138585,0.00152607,0.00168147,0.00180338,0.00236093,0.096354,0.27000,28.95
benchmark_stage7/renders,I07_preset_pos_seed777_00001_.png,0.511489,0.00147590,0.00167886,0.00193163,0.00194745,0.00221136,0.091816,0.20079,24.38
benchmark_stage7/renders,I07_preset_pos_seed9999_00001_.png,0.530406,0.00142653,0.00166098,0.00199345,0.00213529,0.00231023,0.109510,0.24288,31.33
benchmark_stage7/renders,I07_rand_neg_seed1337_00001_.png,0.550252,0.00133686,0.00133651,0.00130116,0.00130955,0.00150716,0.079615,0.26868,25.50
benchmark_stage7/renders,I07_rand_neg_seed4242145_00001_.png,0.585877,0.00160887,0.00167432,0.00174876,0.00179578,0.00187139,0.054931,0.28211,24.08
benchmark_stage7/renders,I07_rand_neg_seed42_00001_.png,0.556158,0.00151645,0.00161000,0.00157195,0.00154939,0.00171554,0.058558,0.33550,20.48
benchmark_stage7/renders,I07_rand_neg_seed777_00001_.png,0.540705,0.00147265,0.00162092,0.00174910,0.00182261,0.00228339,0.104175,0.25406,24.98
benchmark_stage7/renders,I07_rand_neg_seed9999_00001_.png,0.555871,0.00144472,0.00153854,0.00155370,0.00150160,0.00173012,0.100904,0.24945,20.86
benchmark_stage7/renders,I07_rand_pos_seed1337_00001_.png,0.548134,0.00175215,0.00168057,0.00166933,0.00188318,0.00229123,0.118317,0.22962,20.20
benchmark_stage7/renders,I07_rand_pos_seed4242145_00001_.png,0.587868,0.00184550,0.00172118,0.00183384,0.00200863,0.00226807,0.072243,0.24018,21.40
benchmark_stage7/renders,I07_rand_pos_seed42_00001_.png,0.554472,0.00167221,0.00144436,0.00149424,0.00178947,0.00212202,0.095981,0.27422,17.20
benchmark_stage7/renders,I07_rand_pos_seed777_00001_.png,0.565786,0.00194085,0.00195244,0.00213340,0.00228589,0.00253518,0.122347,0.23132,26.89
benchmark_stage7/renders,I07_rand_pos_seed9999_00001_.png,0.566575,0.00186069,0.00179032,0.00192542,0.00210470,0.00253681,0.127037,0.22211,17.49
benchmark_stage7/renders,I09_blockshuf_neg_seed1337_00001_.png,0.615646,0.00194347,0.00243206,0.00233387,0.00236306,0.00311570,0.093213,0.37142,17.49
benchmark_stage7/renders,I09_blockshuf_neg_seed4242145_00001_.png,0.627481,0.00253023,0.00292966,0.00277361,0.00327673,0.00430953,0.105091,0.35015,19.46
benchmark_stage7/renders,I09_blockshuf_neg_seed42_00001_.png,0.588237,0.00204507,0.00254211,0.00268841,0.00259789,0.00314995,0.091835,0.36621,18.25
benchmark_stage7/renders,I09_blockshuf_neg_seed777_00001_.png,0.583006,0.00218445,0.00270149,0.00277196,0.00291510,0.00392158,0.114643,0.35242,16.58
benchmark_stage7/renders,I09_blockshuf_neg_seed9999_00001_.png,0.585187,0.00210521,0.00314858,0.00375383,0.00383495,0.00461361,0.149567,0.28483,13.99
benchmark_stage7/renders,I09_blockshuf_pos_seed1337_00001_.png,0.666225,0.00128408,0.00185530,0.00235290,0.00219325,0.00219959,0.056020,0.42482,22.46
benchmark_stage7/renders,I09_blockshuf_pos_seed4242145_00001_.png,0.635789,0.00169749,0.00249075,0.00338083,0.00313846,0.00286142,0.077552,0.41551,21.63
benchmark_stage7/renders,I09_blockshuf_pos_seed42_00001_.png,0.658716,0.00156627,0.00234623,0.00315702,0.00319952,0.00318591,0.075947,0.49268,16.52
benchmark_stage7/renders,I09_blockshuf_pos_seed777_00001_.png,0.657700,0.00175492,0.00258245,0.00338203,0.00310749,0.00346271,0.085891,0.42624,22.57
benchmark_stage7/renders,I09_blockshuf_pos_seed9999_00001_.png,0.619452,0.00137832,0.00205168,0.00288634,0.00291877,0.00331497,0.124984,0.34564,20.57
benchmark_stage7/renders,I09_preset_neg_seed1337_00001_.png,0.653303,0.00191014,0.00255569,0.00312517,0.00273596,0.00263242,0.072926,0.38057,20.34
benchmark_stage7/renders,I09_preset_neg_seed4242145_00001_.png,0.694777,0.00222964,0.00281319,0.00272227,0.00252383,0.00343155,0.074304,0.43285,16.82
benchmark_stage7/renders,I09_preset_neg_seed42_00001_.png,0.614947,0.00184233,0.00225794,0.00248829,0.00236858,0.00272589,0.097901,0.33309,18.79
benchmark_stage7/renders,I09_preset_neg_seed777_00001_.png,0.629295,0.00181054,0.00239591,0.00265486,0.00246258,0.00339626,0.114571,0.37442,16.48
benchmark_stage7/renders,I09_preset_neg_seed9999_00001_.png,0.619891,0.00194673,0.00265353,0.00329944,0.00312707,0.00386623,0.127736,0.32867,17.44
benchmark_stage7/renders,I09_preset_pos_seed1337_00001_.png,0.607523,0.00125510,0.00195692,0.00284726,0.00304781,0.00325838,0.085936,0.45890,25.03
benchmark_stage7/renders,I09_preset_pos_seed4242145_00001_.png,0.593829,0.00150417,0.00203986,0.00242726,0.00259948,0.00322715,0.098882,0.41625,18.61
benchmark_stage7/renders,I09_preset_pos_seed42_00001_.png,0.584131,0.00156954,0.00229961,0.00270350,0.00280341,0.00359298,0.112649,0.36477,20.01
benchmark_stage7/renders,I09_preset_pos_seed777_00001_.png,0.591990,0.00147896,0.00228304,0.00300321,0.00287274,0.00330082,0.114717,0.36978,18.50
benchmark_stage7/renders,I09_preset_pos_seed9999_00001_.png,0.592432,0.00151056,0.00220948,0.00263062,0.00274425,0.00335141,0.138012,0.33096,13.84
benchmark_stage7/renders,I09_rand_neg_seed1337_00001_.png,0.597286,0.00137351,0.00211630,0.00246911,0.00235263,0.00260661,0.064542,0.38700,19.66
benchmark_stage7/renders,I09_rand_neg_seed4242145_00001_.png,0.614367,0.00132084,0.00197321,0.00244833,0.00236441,0.00261122,0.061347,0.41237,23.57
benchmark_stage7/renders,I09_rand_neg_seed42_00001_.png,0.608516,0.00127957,0.00171849,0.00217756,0.00212874,0.00220403,0.053988,0.43342,22.01
benchmark_stage7/renders,I09_rand_neg_seed777_00001_.png,0.607190,0.00131147,0.00194946,0.00232671,0.00220459,0.00244575,0.055749,0.39632,19.15
benchmark_stage7/renders,I09_rand_neg_seed9999_00001_.png,0.632401,0.00140667,0.00200675,0.00252446,0.00272143,0.00362333,0.111672,0.35625,18.53
benchmark_stage7/renders,I09_rand_pos_seed1337_00001_.png,0.648531,0.00242144,0.00341327,0.00405083,0.00384592,0.00467256,0.125647,0.36288,17.64
benchmark_stage7/renders,I09_rand_pos_seed4242145_00001_.png,0.644637,0.00236140,0.00309052,0.00412485,0.00445661,0.00493983,0.124582,0.33954,16.32
benchmark_stage7/renders,I09_rand_pos_seed42_00001_.png,0.630721,0.00218290,0.00279587,0.00328967,0.00334730,0.00416874,0.123136,0.34487,14.05
benchmark_stage7/renders,I09_rand_pos_seed777_00001_.png,0.616106,0.00240122,0.00328148,0.00427890,0.00431404,0.00458206,0.138257,0.33017,17.44
benchmark_stage7/renders,I09_rand_pos_seed9999_00001_.png,0.515040,0.00192386,0.00269380,0.00380073,0.00438369,0.00517192,0.161431,0.26283,14.48
benchmark_stage7/renders,I10_blockshuf_neg_seed1337_00001_.png,0.620165,0.00155295,0.00168685,0.00180796,0.00169238,0.00167464,0.042719,0.36966,59.18
benchmark_stage7/renders,I10_blockshuf_neg_seed4242145_00001_.png,0.646007,0.00216872,0.00213737,0.00213915,0.00185569,0.00158584,0.039739,0.30634,66.65
benchmark_stage7/renders,I10_blockshuf_neg_seed42_00001_.png,0.644787,0.00166293,0.00186576,0.00207908,0.00215946,0.00225191,0.044553,0.35552,54.07
benchmark_stage7/renders,I10_blockshuf_neg_seed777_00001_.png,0.639233,0.00191148,0.00188636,0.00182586,0.00168388,0.00158209,0.042677,0.34180,78.23
benchmark_stage7/renders,I10_blockshuf_neg_seed9999_00001_.png,0.647072,0.00183139,0.00187956,0.00186564,0.00179817,0.00168597,0.039111,0.29638,63.14
benchmark_stage7/renders,I10_blockshuf_pos_seed1337_00001_.png,0.622482,0.00149840,0.00179333,0.00207398,0.00198228,0.00191947,0.042101,0.32527,49.67
benchmark_stage7/renders,I10_blockshuf_pos_seed4242145_00001_.png,0.637143,0.00172869,0.00236907,0.00277658,0.00239305,0.00212625,0.048572,0.31991,52.96
benchmark_stage7/renders,I10_blockshuf_pos_seed42_00001_.png,0.587763,0.00169754,0.00190924,0.00200460,0.00190486,0.00183564,0.043365,0.32159,47.64
benchmark_stage7/renders,I10_blockshuf_pos_seed777_00001_.png,0.618857,0.00166643,0.00200329,0.00215914,0.00188282,0.00179387,0.042674,0.33969,50.08
benchmark_stage7/renders,I10_blockshuf_pos_seed9999_00001_.png,0.587646,0.00153978,0.00185091,0.00189038,0.00162063,0.00163195,0.044655,0.30298,50.26
benchmark_stage7/renders,I10_preset_neg_seed1337_00001_.png,0.609616,0.00150993,0.00180893,0.00177071,0.00148831,0.00127256,0.036314,0.37161,61.04
benchmark_stage7/renders,I10_preset_neg_seed4242145_00001_.png,0.665202,0.00206229,0.00248054,0.00242019,0.00201366,0.00182120,0.046577,0.34764,58.98
benchmark_stage7/renders,I10_preset_neg_seed42_00001_.png,0.672920,0.00169916,0.00207883,0.00226278,0.00206073,0.00184034,0.048020,0.35119,59.99
benchmark_stage7/renders,I10_preset_neg_seed777_00001_.png,0.634997,0.00187470,0.00198978,0.00192542,0.00174598,0.00153873,0.040387,0.33863,66.34
benchmark_stage7/renders,I10_preset_neg_seed9999_00001_.png,0.663200,0.00207583,0.00253393,0.00260231,0.00201682,0.00164459,0.044872,0.31791,55.99
benchmark_stage7/renders,I10_preset_pos_seed1337_00001_.png,0.601277,0.00116159,0.00151066,0.00188464,0.00192437,0.00184791,0.041913,0.37991,48.49
benchmark_stage7/renders,I10_preset_pos_seed4242145_00001_.png,0.636932,0.00154439,0.00202240,0.00225305,0.00222092,0.00229107,0.055118,0.36154,45.95
benchmark_stage7/renders,I10_preset_pos_seed42_00001_.png,0.591282,0.00135914,0.00163279,0.00179347,0.00170081,0.00165006,0.034998,0.37641,54.84
benchmark_stage7/renders,I10_preset_pos_seed777_00001_.png,0.607687,0.00142469,0.00169467,0.00182899,0.00176994,0.00185525,0.044241,0.37454,46.59
benchmark_stage7/renders,I10_preset_pos_seed9999_00001_.png,0.592703,0.00159624,0.00174456,0.00172122,0.00157422,0.00158901,0.046608,0.34537,44.05
benchmark_stage7/renders,I10_rand_neg_seed1337_00001_.png,0.641115,0.00175981,0.00208794,0.00216838,0.00218309,0.00220211,0.048599,0.34074,52.41
benchmark_stage7/renders,I10_rand_neg_seed4242145_00001_.png,0.663572,0.00176052,0.00212575,0.00217948,0.00206740,0.00215110,0.048808,0.36132,49.84
benchmark_stage7/renders,I10_rand_neg_seed42_00001_.png,0.601821,0.00163339,0.00172519,0.00172609,0.00170810,0.00170824,0.039621,0.35463,58.39
benchmark_stage7/renders,I10_rand_neg_seed777_00001_.png,0.630939,0.00167725,0.00199833,0.00212527,0.00202398,0.00202451,0.045977,0.34280,58.20
benchmark_stage7/renders,I10_rand_neg_seed9999_00001_.png,0.659195,0.00191498,0.00224693,0.00219086,0.00213453,0.00226317,0.049781,0.35000,49.71
benchmark_stage7/renders,I10_rand_pos_seed1337_00001_.png,0.652745,0.00201793,0.00226904,0.00245536,0.00216588,0.00201343,0.051013,0.34452,43.94
benchmark_stage7/renders,I10_rand_pos_seed4242145_00001_.png,0.631095,0.00199671,0.00209523,0.00231987,0.00211408,0.00180166,0.048925,0.32570,43.22
benchmark_stage7/renders,I10_rand_pos_seed42_00001_.png,0.603070,0.00181067,0.00203989,0.00216112,0.00180665,0.00145033,0.047402,0.33663,56.45
benchmark_stage7/renders,I10_rand_pos_seed777_00001_.png,0.624140,0.00186484,0.00197226,0.00217107,0.00202047,0.00158419,0.040329,0.32805,51.47
benchmark_stage7/renders,I10_rand_pos_seed9999_00001_.png,0.623003,0.00176325,0.00204767,0.00231686,0.00194524,0.00150816,0.045278,0.31052,46.43
benchmark_stage7/renders,I11_blockshuf_neg_seed1337_00001_.png,0.687870,0.00219231,0.00260060,0.00276996,0.00244541,0.00242005,0.060457,0.39672,18.87
benchmark_stage7/renders,I11_blockshuf_neg_seed4242145_00001_.png,0.702035,0.00238741,0.00253232,0.00278241,0.00258956,0.00271759,0.065478,0.41486,19.88
benchmark_stage7/renders,I11_blockshuf_neg_seed42_00001_.png,0.665051,0.00242188,0.00303530,0.00322847,0.00279035,0.00255068,0.069145,0.39181,20.87
benchmark_stage7/renders,I11_blockshuf_neg_seed777_00001_.png,0.679626,0.00253405,0.00290465,0.00292235,0.00260722,0.00271609,0.070661,0.41247,22.63
benchmark_stage7/renders,I11_blockshuf_neg_seed9999_00001_.png,0.688341,0.00232561,0.00290572,0.00316430,0.00297560,0.00285349,0.071072,0.42204,19.17
benchmark_stage7/renders,I11_blockshuf_pos_seed1337_00001_.png,0.648171,0.00174456,0.00249232,0.00308771,0.00265323,0.00259715,0.061891,0.38130,22.45
benchmark_stage7/renders,I11_blockshuf_pos_seed4242145_00001_.png,0.687431,0.00193157,0.00270373,0.00361636,0.00333682,0.00309688,0.066667,0.41493,22.95
benchmark_stage7/renders,I11_blockshuf_pos_seed42_00001_.png,0.669432,0.00192722,0.00263940,0.00310633,0.00280275,0.00253280,0.059578,0.41818,24.38
benchmark_stage7/renders,I11_blockshuf_pos_seed777_00001_.png,0.651134,0.00167890,0.00246835,0.00327413,0.00307456,0.00285539,0.065589,0.38931,18.95
benchmark_stage7/renders,I11_blockshuf_pos_seed9999_00001_.png,0.638618,0.00182179,0.00247873,0.00305589,0.00277578,0.00273272,0.062522,0.38355,21.54
benchmark_stage7/renders,I11_preset_neg_seed1337_00001_.png,0.700466,0.00220001,0.00284333,0.00313659,0.00260900,0.00251164,0.063305,0.40731,15.52
benchmark_stage7/renders,I11_preset_neg_seed4242145_00001_.png,0.721591,0.00245680,0.00320539,0.00324199,0.00254422,0.00231282,0.058576,0.41626,18.59
benchmark_stage7/renders,I11_preset_neg_seed42_00001_.png,0.671084,0.00274231,0.00315191,0.00306393,0.00263739,0.00240662,0.063281,0.38842,19.47
benchmark_stage7/renders,I11_preset_neg_seed777_00001_.png,0.708611,0.00242389,0.00332000,0.00308513,0.00222894,0.00215115,0.061444,0.39173,16.96
benchmark_stage7/renders,I11_preset_neg_seed9999_00001_.png,0.710544,0.00269631,0.00306470,0.00296157,0.00235246,0.00238420,0.063367,0.39074,17.43
benchmark_stage7/renders,I11_preset_pos_seed1337_00001_.png,0.657516,0.00178022,0.00228664,0.00277003,0.00269743,0.00245683,0.055359,0.43063,23.36
benchmark_stage7/renders,I11_preset_pos_seed4242145_00001_.png,0.704739,0.00198303,0.00259814,0.00309621,0.00289505,0.00270989,0.061472,0.46912,25.54
benchmark_stage7/renders,I11_preset_pos_seed42_00001_.png,0.671693,0.00182428,0.00258249,0.00325011,0.00307635,0.00302914,0.066057,0.45251,25.08
benchmark_stage7/renders,I11_preset_pos_seed777_00001_.png,0.670506,0.00190113,0.00253634,0.00314069,0.00292481,0.00269706,0.061756,0.42484,24.11
benchmark_stage7/renders,I11_preset_pos_seed9999_00001_.png,0.661228,0.00189658,0.00260597,0.00320195,0.00287710,0.00288328,0.068511,0.43706,24.33
benchmark_stage7/renders,I11_rand_neg_seed1337_00001_.png,0.671669,0.00168111,0.00228097,0.00258513,0.00227649,0.00222953,0.053355,0.39615,21.67
benchmark_stage7/renders,I11_rand_neg_seed4242145_00001_.png,0.672734,0.00147532,0.00213405,0.00255551,0.00250769,0.00261283,0.055705,0.44168,22.13
benchmark_stage7/renders,I11_rand_neg_seed42_00001_.png,0.674946,0.00156873,0.00236824,0.00295528,0.00276550,0.00300955,0.062408,0.45319,26.77
benchmark_stage7/renders,I11_rand_neg_seed777_00001_.png,0.656274,0.00161901,0.00230044,0.00260936,0.00244256,0.00249696,0.061501,0.39874,22.71
benchmark_stage7/renders,I11_rand_neg_seed9999_00001_.png,0.655459,0.00162536,0.00234800,0.00262006,0.00246154,0.00278414,0.065961,0.39425,22.94
benchmark_stage7/renders,I11_rand_pos_seed1337_00001_.png,0.662839,0.00247856,0.00292348,0.00331068,0.00316495,0.00285194,0.062296,0.40680,16.45
benchmark_stage7/renders,I11_rand_pos_seed4242145_00001_.png,0.705696,0.00281008,0.00304821,0.00329728,0.00290719,0.00285500,0.064389,0.42963,16.84
benchmark_stage7/renders,I11_rand_pos_seed42_00001_.png,0.689724,0.00272945,0.00323531,0.00365994,0.00323100,0.00302228,0.071699,0.43829,15.09
benchmark_stage7/renders,I11_rand_pos_seed777_00001_.png,0.697327,0.00282128,0.00329171,0.00363667,0.00311104,0.00301626,0.065853,0.39855,16.07
benchmark_stage7/renders,I11_rand_pos_seed9999_00001_.png,0.698124,0.00265269,0.00333091,0.00395096,0.00345619,0.00313974,0.070525,0.40899,16.08
benchmark_stage7/renders,I12_blockshuf_neg_seed1337_00001_.png,0.737182,0.00206027,0.00201795,0.00207722,0.00224406,0.00296663,0.062630,0.27015,276.02
benchmark_stage7/renders,I12_blockshuf_neg_seed4242145_00001_.png,0.730142,0.00211825,0.00214898,0.00227113,0.00242391,0.00319459,0.065957,0.27140,246.03
benchmark_stage7/renders,I12_blockshuf_neg_seed42_00001_.png,0.738729,0.00204976,0.00196304,0.00210109,0.00250146,0.00305335,0.059450,0.26790,348.91
benchmark_stage7/renders,I12_blockshuf_neg_seed777_00001_.png,0.742438,0.00203793,0.00213233,0.00224929,0.00242665,0.00313073,0.064888,0.30521,324.93
benchmark_stage7/renders,I12_blockshuf_neg_seed9999_00001_.png,0.721915,0.00189012,0.00205808,0.00199768,0.00218817,0.00297864,0.064533,0.30815,248.84
benchmark_stage7/renders,I12_blockshuf_pos_seed1337_00001_.png,0.598747,0.00137637,0.00188473,0.00223814,0.00215936,0.00236532,0.061129,0.21374,224.66
benchmark_stage7/renders,I12_blockshuf_pos_seed4242145_00001_.png,0.637478,0.00139738,0.00198739,0.00212879,0.00217721,0.00254279,0.055761,0.23643,218.98
benchmark_stage7/renders,I12_blockshuf_pos_seed42_00001_.png,0.633060,0.00136436,0.00185862,0.00195935,0.00203705,0.00242612,0.054653,0.23386,226.97
benchmark_stage7/renders,I12_blockshuf_pos_seed777_00001_.png,0.621721,0.00163191,0.00222634,0.00250854,0.00240746,0.00289239,0.141244,0.16153,224.50
benchmark_stage7/renders,I12_blockshuf_pos_seed9999_00001_.png,0.633902,0.00143129,0.00203451,0.00231297,0.00228491,0.00265397,0.137930,0.15040,220.94
benchmark_stage7/renders,I12_preset_neg_seed1337_00001_.png,0.731931,0.00221376,0.00259380,0.00243706,0.00215496,0.00231681,0.055170,0.27296,250.70
benchmark_stage7/renders,I12_preset_neg_seed4242145_00001_.png,0.737643,0.00220278,0.00256831,0.00251845,0.00237083,0.00267367,0.058995,0.28489,235.13
benchmark_stage7/renders,I12_preset_neg_seed42_00001_.png,0.718087,0.00192859,0.00205243,0.00193799,0.00193101,0.00240471,0.052326,0.25017,239.57
benchmark_stage7/renders,I12_preset_neg_seed777_00001_.png,0.719421,0.00197179,0.00233952,0.00211838,0.00194861,0.00241178,0.052263,0.28015,236.20
benchmark_stage7/renders,I12_preset_neg_seed9999_00001_.png,0.726949,0.00193292,0.00225598,0.00222951,0.00202234,0.00237654,0.056545,0.28439,239.75
benchmark_stage7/renders,I12_preset_pos_seed1337_00001_.png,0.650467,0.00149777,0.00200593,0.00231842,0.00253437,0.00305516,0.067716,0.24123,244.13
benchmark_stage7/renders,I12_preset_pos_seed4242145_00001_.png,0.605268,0.00126506,0.00172774,0.00208081,0.00230298,0.00291467,0.059263,0.25025,226.59
benchmark_stage7/renders,I12_preset_pos_seed42_00001_.png,0.596601,0.00122313,0.00171905,0.00201790,0.00216991,0.00261262,0.058272,0.25849,236.13
benchmark_stage7/renders,I12_preset_pos_seed777_00001_.png,0.583676,0.00139439,0.00182840,0.00208215,0.00208444,0.00259023,0.063042,0.20614,238.32
benchmark_stage7/renders,I12_preset_pos_seed9999_00001_.png,0.632929,0.00155309,0.00211707,0.00224949,0.00230680,0.00282333,0.079287,0.21778,256.73
benchmark_stage7/renders,I12_rand_neg_seed1337_00001_.png,0.691612,0.00160564,0.00201727,0.00223289,0.00234998,0.00315657,0.061325,0.23972,221.26
benchmark_stage7/renders,I12_rand_neg_seed4242145_00001_.png,0.689897,0.00143749,0.00182756,0.00194301,0.00193824,0.00254118,0.053392,0.24916,227.55
benchmark_stage7/renders,I12_rand_neg_seed42_00001_.png,0.674716,0.00136275,0.00175453,0.00190074,0.00206377,0.00281047,0.055930,0.26327,245.62
benchmark_stage7/renders,I12_rand_neg_seed777_00001_.png,0.677228,0.00161500,0.00202592,0.00215128,0.00205353,0.00233746,0.055614,0.26004,227.32
benchmark_stage7/renders,I12_rand_neg_seed9999_00001_.png,0.680994,0.00163114,0.00199494,0.00211469,0.00215043,0.00263281,0.058537,0.23666,239.62
benchmark_stage7/renders,I12_rand_pos_seed1337_00001_.png,0.722137,0.00213581,0.00239775,0.00245601,0.00237782,0.00293091,0.060583,0.21555,239.01
benchmark_stage7/renders,I12_rand_pos_seed4242145_00001_.png,0.731031,0.00215386,0.00261256,0.00281389,0.00264831,0.00275362,0.060791,0.25455,228.62
benchmark_stage7/renders,I12_rand_pos_seed42_00001_.png,0.706993,0.00200414,0.00227380,0.00253995,0.00231460,0.00265768,0.057464,0.22642,203.27
benchmark_stage7/renders,I12_rand_pos_seed777_00001_.png,0.629407,0.00192043,0.00211052,0.00210583,0.00188900,0.00226956,0.054040,0.24443,219.03
benchmark_stage7/renders,I12_rand_pos_seed9999_00001_.png,0.694901,0.00209436,0.00237038,0.00254430,0.00236877,0.00238876,0.064540,0.23429,222.51
benchmark_stage7/renders,I16_blockshuf_neg_seed1337_00001_.png,0.618674,0.00236765,0.00294686,0.00298597,0.00254959,0.00245281,0.073071,0.37140,36.60
benchmark_stage7/renders,I16_blockshuf_neg_seed4242145_00001_.png,0.602315,0.00244141,0.00317467,0.00266119,0.00238278,0.00258704,0.082215,0.38859,36.04
benchmark_stage7/renders,I16_blockshuf_neg_seed42_00001_.png,0.600194,0.00273762,0.00334878,0.00303498,0.00295100,0.00309710,0.093381,0.37535,38.59
benchmark_stage7/renders,I16_blockshuf_neg_seed777_00001_.png,0.583858,0.00268538,0.00358489,0.00361197,0.00345007,0.00346742,0.102900,0.32692,43.31
benchmark_stage7/renders,I16_blockshuf_neg_seed9999_00001_.png,0.549963,0.00211574,0.00293388,0.00308684,0.00265545,0.00278433,0.102197,0.34158,33.59
benchmark_stage7/renders,I16_blockshuf_pos_seed1337_00001_.png,0.632500,0.00157322,0.00242354,0.00294548,0.00273145,0.00250487,0.093675,0.39985,29.15
benchmark_stage7/renders,I16_blockshuf_pos_seed4242145_00001_.png,0.601087,0.00152994,0.00241321,0.00319786,0.00285122,0.00288706,0.091707,0.41595,42.14
benchmark_stage7/renders,I16_blockshuf_pos_seed42_00001_.png,0.557433,0.00143338,0.00198304,0.00241773,0.00221143,0.00217353,0.076166,0.37332,43.32
benchmark_stage7/renders,I16_blockshuf_pos_seed777_00001_.png,0.586280,0.00164796,0.00251015,0.00277897,0.00264512,0.00288579,0.094109,0.38743,39.04
benchmark_stage7/renders,I16_blockshuf_pos_seed9999_00001_.png,0.579632,0.00133107,0.00191578,0.00229215,0.00211159,0.00227501,0.110284,0.34374,36.66
benchmark_stage7/renders,I16_preset_neg_seed1337_00001_.png,0.641713,0.00207846,0.00235092,0.00235939,0.00201951,0.00193576,0.067931,0.37144,33.19
benchmark_stage7/renders,I16_preset_neg_seed4242145_00001_.png,0.626098,0.00185730,0.00213459,0.00198767,0.00180913,0.00201597,0.075175,0.37234,33.01
benchmark_stage7/renders,I16_preset_neg_seed42_00001_.png,0.595692,0.00201579,0.00231817,0.00236087,0.00231618,0.00226337,0.081804,0.35929,34.66
benchmark_stage7/renders,I16_preset_neg_seed777_00001_.png,0.610907,0.00183666,0.00217423,0.00237840,0.00200935,0.00201829,0.078847,0.36619,37.76
benchmark_stage7/renders,I16_preset_neg_seed9999_00001_.png,0.579137,0.00207826,0.00264874,0.00276681,0.00245072,0.00253328,0.091742,0.33196,37.41
benchmark_stage7/renders,I16_preset_pos_seed1337_00001_.png,0.589760,0.00149714,0.00220727,0.00286837,0.00286816,0.00314164,0.102781,0.44192,36.60
benchmark_stage7/renders,I16_preset_pos_seed4242145_00001_.png,0.599887,0.00154577,0.00234202,0.00309048,0.00300975,0.00314182,0.090589,0.44660,35.24
benchmark_stage7/renders,I16_preset_pos_seed42_00001_.png,0.593572,0.00140739,0.00224699,0.00302451,0.00298006,0.00299609,0.085520,0.47879,37.98
benchmark_stage7/renders,I16_preset_pos_seed777_00001_.png,0.574416,0.00166055,0.00234468,0.00300927,0.00310013,0.00318199,0.094919,0.40010,42.54
benchmark_stage7/renders,I16_preset_pos_seed9999_00001_.png,0.551502,0.00136839,0.00220935,0.00279749,0.00266011,0.00259915,0.107105,0.38251,39.50
benchmark_stage7/renders,I16_rand_neg_seed1337_00001_.png,0.582625,0.00148921,0.00206127,0.00227880,0.00207780,0.00212739,0.068761,0.39978,41.29
benchmark_stage7/renders,I16_rand_neg_seed4242145_00001_.png,0.558161,0.00138516,0.00192458,0.00231784,0.00215950,0.00228652,0.079078,0.37093,39.23
benchmark_stage7/renders,I16_rand_neg_seed42_00001_.png,0.556900,0.00125146,0.00174157,0.00204348,0.00191515,0.00211346,0.077114,0.39766,37.26
benchmark_stage7/renders,I16_rand_neg_seed777_00001_.png,0.537653,0.00130630,0.00174856,0.00206101,0.00196203,0.00213207,0.082545,0.34516,41.96
benchmark_stage7/renders,I16_rand_neg_seed9999_00001_.png,0.559201,0.00128941,0.00177071,0.00217122,0.00209917,0.00217135,0.084652,0.33709,37.66
benchmark_stage7/renders,I16_rand_pos_seed1337_00001_.png,0.594661,0.00220604,0.00259247,0.00299021,0.00304990,0.00307148,0.104302,0.44855,10.25
benchmark_stage7/renders,I16_rand_pos_seed4242145_00001_.png,0.629647,0.00204426,0.00276747,0.00356418,0.00310603,0.00299828,0.104259,0.47384,26.51
benchmark_stage7/renders,I16_rand_pos_seed42_00001_.png,0.634552,0.00256598,0.00316536,0.00366803,0.00317528,0.00306069,0.097279,0.42347,32.70
benchmark_stage7/renders,I16_rand_pos_seed777_00001_.png,0.554323,0.00204848,0.00259364,0.00289500,0.00274046,0.00282623,0.091616,0.35813,34.11
benchmark_stage7/renders,I16_rand_pos_seed9999_00001_.png,0.557523,0.00183998,0.00225322,0.00243374,0.00227781,0.00243235,0.092826,0.32981,29.20
benchmark_stage7/renders,I17_blockshuf_neg_seed1337_00001_.png,0.569374,0.00139021,0.00149912,0.00135713,0.00126224,0.00154858,0.053466,0.22275,14.01
benchmark_stage7/renders,I17_blockshuf_neg_seed4242145_00001_.png,0.555345,0.00120685,0.00128141,0.00117903,0.00103722,0.00132704,0.042903,0.23337,356.19
benchmark_stage7/renders,I17_blockshuf_neg_seed42_00001_.png,0.555945,0.00127116,0.00132282,0.00117231,0.00116162,0.00151519,0.051747,0.21737,11.33
benchmark_stage7/renders,I17_blockshuf_neg_seed777_00001_.png,0.590399,0.00153435,0.00157725,0.00141606,0.00138996,0.00166678,0.050999,0.21379,6.17
benchmark_stage7/renders,I17_blockshuf_neg_seed9999_00001_.png,0.561953,0.00129487,0.00157322,0.00147569,0.00138244,0.00167979,0.050758,0.20042,357.07
benchmark_stage7/renders,I17_blockshuf_pos_seed1337_00001_.png,0.556692,0.00110336,0.00132810,0.00158384,0.00161659,0.00195542,0.066137,0.23335,10.48
benchmark_stage7/renders,I17_blockshuf_pos_seed4242145_00001_.png,0.582319,0.00106582,0.00137625,0.00157997,0.00146721,0.00180227,0.076618,0.24478,356.45
benchmark_stage7/renders,I17_blockshuf_pos_seed42_00001_.png,0.536253,0.00110373,0.00138706,0.00144008,0.00136041,0.00158606,0.075661,0.21902,353.12
benchmark_stage7/renders,I17_blockshuf_pos_seed777_00001_.png,0.560311,0.00117119,0.00146242,0.00166737,0.00157745,0.00187484,0.061210,0.22896,355.59
benchmark_stage7/renders,I17_blockshuf_pos_seed9999_00001_.png,0.512049,0.00110794,0.00122520,0.00133345,0.00139145,0.00165380,0.075296,0.19197,3.59
benchmark_stage7/renders,I17_preset_neg_seed1337_00001_.png,0.561343,0.00134774,0.00156050,0.00149947,0.00133240,0.00156904,0.048290,0.24224,354.98
benchmark_stage7/renders,I17_preset_neg_seed4242145_00001_.png,0.589394,0.00122441,0.00140230,0.00136818,0.00116798,0.00138435,0.044403,0.25077,336.47
benchmark_stage7/renders,I17_preset_neg_seed42_00001_.png,0.574886,0.00141634,0.00160409,0.00134626,0.00118362,0.00144635,0.047529,0.22191,326.17
benchmark_stage7/renders,I17_preset_neg_seed777_00001_.png,0.590711,0.00148929,0.00176281,0.00161169,0.00136570,0.00166480,0.053517,0.22857,347.22
benchmark_stage7/renders,I17_preset_neg_seed9999_00001_.png,0.576775,0.00127792,0.00150625,0.00143485,0.00125373,0.00145264,0.053488,0.22119,3.74
benchmark_stage7/renders,I17_preset_pos_seed1337_00001_.png,0.534225,0.00094505,0.00116835,0.00143990,0.00151554,0.00177383,0.073790,0.25786,12.59
benchmark_stage7/renders,I17_preset_pos_seed4242145_00001_.png,0.554481,0.00085160,0.00109711,0.00133226,0.00140513,0.00179509,0.068603,0.28157,10.09
benchmark_stage7/renders,I17_preset_pos_seed42_00001_.png,0.521014,0.00084385,0.00095490,0.00105030,0.00110003,0.00139787,0.073910,0.26113,7.51
benchmark_stage7/renders,I17_preset_pos_seed777_00001_.png,0.538662,0.00090860,0.00104084,0.00133097,0.00147240,0.00175208,0.064905,0.26349,4.55
benchmark_stage7/renders,I17_preset_pos_seed9999_00001_.png,0.541428,0.00096504,0.00116927,0.00135900,0.00139768,0.00155191,0.068112,0.24105,3.82
benchmark_stage7/renders,I17_rand_neg_seed1337_00001_.png,0.563868,0.00113153,0.00129210,0.00137763,0.00137720,0.00159591,0.049787,0.22784,359.02
benchmark_stage7/renders,I17_rand_neg_seed4242145_00001_.png,0.582813,0.00109729,0.00127806,0.00136640,0.00135368,0.00163844,0.044806,0.25850,357.19
benchmark_stage7/renders,I17_rand_neg_seed42_00001_.png,0.538019,0.00106162,0.00116445,0.00113514,0.00119865,0.00145996,0.046435,0.24226,358.38
benchmark_stage7/renders,I17_rand_neg_seed777_00001_.png,0.564136,0.00105085,0.00123992,0.00128531,0.00129948,0.00157514,0.049170,0.23382,354.26
benchmark_stage7/renders,I17_rand_neg_seed9999_00001_.png,0.542250,0.00124439,0.00144800,0.00139555,0.00137472,0.00170777,0.056599,0.23173,6.18
benchmark_stage7/renders,I17_rand_pos_seed1337_00001_.png,0.549939,0.00145575,0.00149479,0.00152631,0.00152597,0.00168417,0.070167,0.23774,7.03
benchmark_stage7/renders,I17_rand_pos_seed4242145_00001_.png,0.539955,0.00135238,0.00141027,0.00154985,0.00158759,0.00186956,0.077921,0.22673,356.63
benchmark_stage7/renders,I17_rand_pos_seed42_00001_.png,0.494579,0.00126582,0.00129329,0.00129378,0.00130747,0.00156435,0.078373,0.20266,4.11
benchmark_stage7/renders,I17_rand_pos_seed777_00001_.png,0.546963,0.00138492,0.00148916,0.00163861,0.00157062,0.00175327,0.081117,0.24183,5.56
benchmark_stage7/renders,I17_rand_pos_seed9999_00001_.png,0.538796,0.00142320,0.00146587,0.00148549,0.00143346,0.00159592,0.070436,0.22980,0.31
benchmark_stage7/renders,I18_blockshuf_neg_seed1337_00001_.png,0.598030,0.00172964,0.00167088,0.00168933,0.00159449,0.00188285,0.063786,0.29050,35.74
benchmark_stage7/renders,I18_blockshuf_neg_seed4242145_00001_.png,0.621982,0.00190110,0.00185477,0.00189247,0.00184358,0.00203955,0.059550,0.29308,32.44
benchmark_stage7/renders,I18_blockshuf_neg_seed42_00001_.png,0.580509,0.00235110,0.00184032,0.00171734,0.00185297,0.00198933,0.060352,0.32780,65.94
benchmark_stage7/renders,I18_blockshuf_neg_seed777_00001_.png,0.626079,0.00224995,0.00200638,0.00201756,0.00194679,0.00230130,0.064481,0.28112,38.31
benchmark_stage7/renders,I18_blockshuf_neg_seed9999_00001_.png,0.595624,0.00175723,0.00166442,0.00151333,0.00159349,0.00201508,0.063439,0.29536,28.47
benchmark_stage7/renders,I18_blockshuf_pos_seed1337_00001_.png,0.544016,0.00185853,0.00212474,0.00213081,0.00188045,0.00212210,0.060919,0.23624,32.89
benchmark_stage7/renders,I18_blockshuf_pos_seed4242145_00001_.png,0.567644,0.00216402,0.00228321,0.00211060,0.00184471,0.00191211,0.065592,0.24439,30.81
benchmark_stage7/renders,I18_blockshuf_pos_seed42_00001_.png,0.514271,0.00180332,0.00191918,0.00176671,0.00163371,0.00217319,0.061903,0.20991,32.27
benchmark_stage7/renders,I18_blockshuf_pos_seed777_00001_.png,0.603097,0.00204736,0.00246803,0.00242668,0.00207430,0.00228989,0.067534,0.24976,33.16
benchmark_stage7/renders,I18_blockshuf_pos_seed9999_00001_.png,0.511857,0.00182728,0.00190414,0.00175277,0.00153319,0.00205026,0.060419,0.21654,29.56
benchmark_stage7/renders,I18_preset_neg_seed1337_00001_.png,0.621332,0.00193902,0.00200876,0.00190970,0.00184443,0.00195410,0.063611,0.26144,32.09
benchmark_stage7/renders,I18_preset_neg_seed4242145_00001_.png,0.643161,0.00185504,0.00186676,0.00199191,0.00211082,0.00217545,0.059277,0.28549,29.63
benchmark_stage7/renders,I18_preset_neg_seed42_00001_.png,0.610472,0.00209043,0.00187184,0.00180764,0.00176665,0.00191996,0.061540,0.30220,30.86
benchmark_stage7/renders,I18_preset_neg_seed777_00001_.png,0.682822,0.00227073,0.00230048,0.00228060,0.00194877,0.00197510,0.075779,0.27525,29.23
benchmark_stage7/renders,I18_preset_neg_seed9999_00001_.png,0.607359,0.00197383,0.00200583,0.00206793,0.00214423,0.00219648,0.065477,0.27034,28.76
benchmark_stage7/renders,I18_preset_pos_seed1337_00001_.png,0.519285,0.00191775,0.00191154,0.00192787,0.00176776,0.00212508,0.067483,0.24270,35.64
benchmark_stage7/renders,I18_preset_pos_seed4242145_00001_.png,0.544130,0.00206676,0.00205956,0.00208442,0.00188384,0.00200656,0.072663,0.25010,34.46
benchmark_stage7/renders,I18_preset_pos_seed42_00001_.png,0.494596,0.00205291,0.00191975,0.00179376,0.00165780,0.00214676,0.058482,0.20581,42.27
benchmark_stage7/renders,I18_preset_pos_seed777_00001_.png,0.604202,0.00234685,0.00228518,0.00218204,0.00202236,0.00251299,0.076420,0.25954,34.06
benchmark_stage7/renders,I18_preset_pos_seed9999_00001_.png,0.496500,0.00191489,0.00182576,0.00193482,0.00189820,0.00246919,0.078587,0.20015,35.17
benchmark_stage7/renders,I18_rand_neg_seed1337_00001_.png,0.540618,0.00199919,0.00213225,0.00205131,0.00195904,0.00212433,0.091479,0.20051,37.69
benchmark_stage7/renders,I18_rand_neg_seed4242145_00001_.png,0.564692,0.00207202,0.00183123,0.00180527,0.00176856,0.00196105,0.068155,0.18868,44.17
benchmark_stage7/renders,I18_rand_neg_seed42_00001_.png,0.554158,0.00179056,0.00158278,0.00152531,0.00167870,0.00199926,0.060841,0.27621,46.36
benchmark_stage7/renders,I18_rand_neg_seed777_00001_.png,0.581750,0.00241448,0.00221422,0.00202220,0.00193088,0.00224324,0.081636,0.21424,35.26
benchmark_stage7/renders,I18_rand_neg_seed9999_00001_.png,0.554225,0.00219576,0.00198834,0.00180052,0.00185798,0.00236399,0.106902,0.18570,38.53
benchmark_stage7/renders,I18_rand_pos_seed1337_00001_.png,0.578741,0.00234751,0.00206692,0.00220318,0.00205073,0.00216761,0.052816,0.26423,34.29
benchmark_stage7/renders,I18_rand_pos_seed4242145_00001_.png,0.605725,0.00224961,0.00212864,0.00220469,0.00210625,0.00216981,0.067104,0.30140,27.16
benchmark_stage7/renders,I18_rand_pos_seed42_00001_.png,0.556394,0.00214517,0.00184564,0.00185942,0.00175582,0.00190502,0.048128,0.25004,30.00
benchmark_stage7/renders,I18_rand_pos_seed777_00001_.png,0.613998,0.00236625,0.00225876,0.00241958,0.00239917,0.00249391,0.062512,0.30373,30.26
benchmark_stage7/renders,I18_rand_pos_seed9999_00001_.png,0.559819,0.00239953,0.00222757,0.00240938,0.00221369,0.00225748,0.055285,0.24168,30.79
benchmark_stage7/renders,I20_blockshuf_neg_seed1337_00001_.png,0.612366,0.00135341,0.00153544,0.00145626,0.00124495,0.00133289,0.037570,0.32400,277.69
benchmark_stage7/renders,I20_blockshuf_neg_seed4242145_00001_.png,0.610864,0.00166857,0.00177424,0.00163891,0.00148848,0.00164430,0.042835,0.32161,265.16
benchmark_stage7/renders,I20_blockshuf_neg_seed42_00001_.png,0.603927,0.00127473,0.00141556,0.00130668,0.00122699,0.00156586,0.036723,0.34096,270.24
benchmark_stage7/renders,I20_blockshuf_neg_seed777_00001_.png,0.632173,0.00150841,0.00176349,0.00158250,0.00141158,0.00182504,0.042031,0.32087,285.81
benchmark_stage7/renders,I20_blockshuf_neg_seed9999_00001_.png,0.628843,0.00211099,0.00221991,0.00208422,0.00173141,0.00182720,0.054054,0.32325,281.12
benchmark_stage7/renders,I20_blockshuf_pos_seed1337_00001_.png,0.651110,0.00083853,0.00124133,0.00160920,0.00144996,0.00146987,0.036741,0.40364,269.57
benchmark_stage7/renders,I20_blockshuf_pos_seed4242145_00001_.png,0.600721,0.00067111,0.00096889,0.00131405,0.00124517,0.00119458,0.032458,0.35639,255.32
benchmark_stage7/renders,I20_blockshuf_pos_seed42_00001_.png,0.574707,0.00065567,0.00096255,0.00119912,0.00110269,0.00118270,0.032453,0.36511,267.82
benchmark_stage7/renders,I20_blockshuf_pos_seed777_00001_.png,0.643393,0.00086450,0.00125476,0.00146932,0.00132961,0.00141178,0.038592,0.36686,266.60
benchmark_stage7/renders,I20_blockshuf_pos_seed9999_00001_.png,0.622325,0.00082980,0.00128760,0.00179551,0.00160754,0.00134206,0.039239,0.35717,269.69
benchmark_stage7/renders,I20_preset_neg_seed1337_00001_.png,0.633389,0.00125068,0.00161233,0.00165588,0.00153100,0.00167591,0.039371,0.39033,264.06
benchmark_stage7/renders,I20_preset_neg_seed4242145_00001_.png,0.646408,0.00131523,0.00168457,0.00170274,0.00153523,0.00145885,0.038414,0.38435,259.91
benchmark_stage7/renders,I20_preset_neg_seed42_00001_.png,0.641177,0.00130904,0.00158228,0.00149541,0.00123186,0.00129394,0.036256,0.40693,263.05
benchmark_stage7/renders,I20_preset_neg_seed777_00001_.png,0.637280,0.00120435,0.00161731,0.00158445,0.00136384,0.00148905,0.036993,0.41496,269.05
benchmark_stage7/renders,I20_preset_neg_seed9999_00001_.png,0.658855,0.00119368,0.00156897,0.00158239,0.00131118,0.00126513,0.041382,0.39096,266.59
benchmark_stage7/renders,I20_preset_pos_seed1337_00001_.png,0.628557,0.00096024,0.00134179,0.00154964,0.00135001,0.00142013,0.034482,0.36294,265.77
benchmark_stage7/renders,I20_preset_pos_seed4242145_00001_.png,0.630473,0.00086673,0.00123516,0.00165080,0.00153962,0.00140034,0.035500,0.33871,253.64
benchmark_stage7/renders,I20_preset_pos_seed42_00001_.png,0.609704,0.00089725,0.00132711,0.00162172,0.00136393,0.00138299,0.040011,0.33577,258.38
benchmark_stage7/renders,I20_preset_pos_seed777_00001_.png,0.639775,0.00084016,0.00119331,0.00149514,0.00147494,0.00153634,0.034194,0.36676,267.97
benchmark_stage7/renders,I20_preset_pos_seed9999_00001_.png,0.608395,0.00096018,0.00140075,0.00177700,0.00160455,0.00153764,0.041263,0.33663,274.77
benchmark_stage7/renders,I20_rand_neg_seed1337_00001_.png,0.574939,0.00080030,0.00106209,0.00112512,0.00103389,0.00112089,0.027325,0.34638,269.91
benchmark_stage7/renders,I20_rand_neg_seed4242145_00001_.png,0.577256,0.00082522,0.00119406,0.00134017,0.00119297,0.00118406,0.030603,0.35506,271.55
benchmark_stage7/renders,I20_rand_neg_seed42_00001_.png,0.559114,0.00091991,0.00123657,0.00136264,0.00113995,0.00115789,0.032283,0.36705,272.63
benchmark_stage7/renders,I20_rand_neg_seed777_00001_.png,0.597754,0.00084514,0.00119139,0.00132749,0.00121296,0.00135629,0.031848,0.35174,272.68
benchmark_stage7/renders,I20_rand_neg_seed9999_00001_.png,0.577510,0.00078910,0.00118632,0.00139088,0.00118607,0.00123943,0.030766,0.34363,276.00
benchmark_stage7/renders,I20_rand_pos_seed1337_00001_.png,0.706699,0.00135976,0.00184234,0.00232660,0.00194829,0.00153716,0.039458,0.37006,284.10
benchmark_stage7/renders,I20_rand_pos_seed4242145_00001_.png,0.713111,0.00148385,0.00176988,0.00191371,0.00157111,0.00153388,0.036785,0.38523,272.20
benchmark_stage7/renders,I20_rand_pos_seed42_00001_.png,0.636096,0.00122792,0.00149978,0.00165309,0.00142785,0.00134323,0.032631,0.33045,276.42
benchmark_stage7/renders,I20_rand_pos_seed777_00001_.png,0.679506,0.00140267,0.00177531,0.00188095,0.00162727,0.00150022,0.034849,0.31801,268.43
benchmark_stage7/renders,I20_rand_pos_seed9999_00001_.png,0.689928,0.00132001,0.00165409,0.00187841,0.00147016,0.00118045,0.035030,0.43512,281.59
benchmark_stage7/renders,I21_blockshuf_neg_seed1337_00001_.png,0.639375,0.00139379,0.00164237,0.00201383,0.00213106,0.00238264,0.090514,0.45661,20.36
benchmark_stage7/renders,I21_blockshuf_neg_seed4242145_00001_.png,0.624436,0.00139168,0.00155932,0.00175721,0.00181524,0.00211112,0.072736,0.47793,20.97
benchmark_stage7/renders,I21_blockshuf_neg_seed42_00001_.png,0.611231,0.00120084,0.00135664,0.00176174,0.00193938,0.00209091,0.050803,0.50336,20.55
benchmark_stage7/renders,I21_blockshuf_neg_seed777_00001_.png,0.661744,0.00147428,0.00174781,0.00215365,0.00220380,0.00245396,0.067673,0.50559,21.24
benchmark_stage7/renders,I21_blockshuf_neg_seed9999_00001_.png,0.651064,0.00155212,0.00183869,0.00234143,0.00247907,0.00276327,0.092390,0.43247,20.38
benchmark_stage7/renders,I21_blockshuf_pos_seed1337_00001_.png,0.599464,0.00095501,0.00126526,0.00152280,0.00139385,0.00159444,0.069278,0.46079,13.87
benchmark_stage7/renders,I21_blockshuf_pos_seed4242145_00001_.png,0.635192,0.00089782,0.00114622,0.00133785,0.00139981,0.00155701,0.069475,0.48340,11.49
benchmark_stage7/renders,I21_blockshuf_pos_seed42_00001_.png,0.571214,0.00094140,0.00117025,0.00127408,0.00121030,0.00142452,0.059387,0.45953,12.22
benchmark_stage7/renders,I21_blockshuf_pos_seed777_00001_.png,0.604166,0.00101007,0.00128578,0.00157799,0.00148925,0.00164914,0.061952,0.48134,14.70
benchmark_stage7/renders,I21_blockshuf_pos_seed9999_00001_.png,0.628450,0.00094523,0.00123300,0.00148025,0.00146018,0.00167678,0.065603,0.48569,12.13
benchmark_stage7/renders,I21_preset_neg_seed1337_00001_.png,0.643358,0.00127511,0.00151339,0.00181953,0.00184702,0.00224575,0.095857,0.42417,17.55
benchmark_stage7/renders,I21_preset_neg_seed4242145_00001_.png,0.644420,0.00130811,0.00162653,0.00183466,0.00175254,0.00169250,0.056726,0.47576,17.62
benchmark_stage7/renders,I21_preset_neg_seed42_00001_.png,0.633017,0.00119871,0.00141213,0.00175089,0.00181784,0.00197565,0.048324,0.49765,15.01
benchmark_stage7/renders,I21_preset_neg_seed777_00001_.png,0.655918,0.00129193,0.00164116,0.00216404,0.00245402,0.00285020,0.105591,0.42445,17.35
benchmark_stage7/renders,I21_preset_neg_seed9999_00001_.png,0.637518,0.00136315,0.00172309,0.00222788,0.00244135,0.00302006,0.115210,0.40200,18.02
benchmark_stage7/renders,I21_preset_pos_seed1337_00001_.png,0.584848,0.00086839,0.00109142,0.00136363,0.00132813,0.00169167,0.069727,0.49437,15.49
benchmark_stage7/renders,I21_preset_pos_seed4242145_00001_.png,0.600892,0.00081872,0.00100481,0.00120583,0.00125237,0.00167657,0.064456,0.48027,11.51
benchmark_stage7/renders,I21_preset_pos_seed42_00001_.png,0.546337,0.00079691,0.00093683,0.00105474,0.00102153,0.00138134,0.055510,0.44906,15.13
benchmark_stage7/renders,I21_preset_pos_seed777_00001_.png,0.593709,0.00087649,0.00107354,0.00124568,0.00124639,0.00154086,0.059427,0.47220,14.98
benchmark_stage7/renders,I21_preset_pos_seed9999_00001_.png,0.611340,0.00080996,0.00103578,0.00128381,0.00124754,0.00152685,0.060604,0.49869,13.65
benchmark_stage7/renders,I21_rand_neg_seed1337_00001_.png,0.611754,0.00100872,0.00135848,0.00167406,0.00177718,0.00215887,0.066566,0.50183,20.34
benchmark_stage7/renders,I21_rand_neg_seed4242145_00001_.png,0.629093,0.00096348,0.00132218,0.00156248,0.00144112,0.00155523,0.067942,0.46633,16.91
benchmark_stage7/renders,I21_rand_neg_seed42_00001_.png,0.593868,0.00101112,0.00121931,0.00126679,0.00136053,0.00157955,0.052132,0.42936,16.02
benchmark_stage7/renders,I21_rand_neg_seed777_00001_.png,0.607881,0.00112540,0.00153374,0.00181831,0.00184260,0.00218060,0.068367,0.45060,19.83
benchmark_stage7/renders,I21_rand_neg_seed9999_00001_.png,0.592977,0.00106697,0.00141064,0.00163567,0.00169504,0.00224359,0.084503,0.44023,19.93
benchmark_stage7/renders,I21_rand_pos_seed1337_00001_.png,0.558049,0.00122234,0.00133295,0.00152661,0.00153878,0.00194151,0.083697,0.40861,14.65
benchmark_stage7/renders,I21_rand_pos_seed4242145_00001_.png,0.566742,0.00133710,0.00142351,0.00160640,0.00160129,0.00174389,0.083819,0.39690,13.14
benchmark_stage7/renders,I21_rand_pos_seed42_00001_.png,0.543552,0.00123119,0.00120842,0.00135514,0.00136049,0.00156946,0.065611,0.38428,12.98
benchmark_stage7/renders,I21_rand_pos_seed777_00001_.png,0.601843,0.00129828,0.00146531,0.00164720,0.00170185,0.00181774,0.084890,0.39412,12.95
benchmark_stage7/renders,I21_rand_pos_seed9999_00001_.png,0.578918,0.00123934,0.00133513,0.00148946,0.00142738,0.00159559,0.069714,0.42028,11.85
benchmark_stage7/renders,I23_blockshuf_neg_seed1337_00001_.png,0.619388,0.00178782,0.00200916,0.00212129,0.00225846,0.00253382,0.084522,0.36490,25.73
benchmark_stage7/renders,I23_blockshuf_neg_seed4242145_00001_.png,0.637913,0.00192291,0.00210565,0.00222635,0.00227464,0.00260068,0.085714,0.33811,27.53
benchmark_stage7/renders,I23_blockshuf_neg_seed42_00001_.png,0.622482,0.00207624,0.00209586,0.00228096,0.00252626,0.00301491,0.092736,0.34922,27.34
benchmark_stage7/renders,I23_blockshuf_neg_seed777_00001_.png,0.605616,0.00185148,0.00197908,0.00216324,0.00238089,0.00261718,0.089989,0.35857,23.71
benchmark_stage7/renders,I23_blockshuf_neg_seed9999_00001_.png,0.620017,0.00208591,0.00213606,0.00230235,0.00262524,0.00310145,0.087657,0.36897,22.84
benchmark_stage7/renders,I23_blockshuf_pos_seed1337_00001_.png,0.620417,0.00158579,0.00195540,0.00230740,0.00246576,0.00250325,0.094892,0.39589,24.58
benchmark_stage7/renders,I23_blockshuf_pos_seed4242145_00001_.png,0.619306,0.00157990,0.00198093,0.00231131,0.00235745,0.00252474,0.099776,0.38897,23.55
benchmark_stage7/renders,I23_blockshuf_pos_seed42_00001_.png,0.582284,0.00163660,0.00194679,0.00214467,0.00225663,0.00244029,0.092034,0.39848,25.71
benchmark_stage7/renders,I23_blockshuf_pos_seed777_00001_.png,0.625744,0.00188891,0.00251569,0.00280594,0.00282139,0.00289509,0.097796,0.38053,28.23
benchmark_stage7/renders,I23_blockshuf_pos_seed9999_00001_.png,0.609653,0.00172490,0.00215405,0.00247042,0.00247163,0.00246211,0.099661,0.37547,26.41
benchmark_stage7/renders,I23_preset_neg_seed1337_00001_.png,0.648705,0.00183480,0.00211633,0.00240617,0.00239950,0.00248632,0.083091,0.37492,26.52
benchmark_stage7/renders,I23_preset_neg_seed4242145_00001_.png,0.636530,0.00187486,0.00218584,0.00253464,0.00259445,0.00273161,0.088942,0.34829,23.04
benchmark_stage7/renders,I23_preset_neg_seed42_00001_.png,0.649012,0.00225666,0.00246050,0.00254323,0.00262753,0.00304910,0.086686,0.37963,24.20
benchmark_stage7/renders,I23_preset_neg_seed777_00001_.png,0.630242,0.00191196,0.00208899,0.00235129,0.00246734,0.00282166,0.087422,0.35446,23.44
benchmark_stage7/renders,I23_preset_neg_seed9999_00001_.png,0.635903,0.00205890,0.00224754,0.00239833,0.00243474,0.00276388,0.087870,0.36700,22.99
benchmark_stage7/renders,I23_preset_pos_seed1337_00001_.png,0.612918,0.00155008,0.00183755,0.00208447,0.00226149,0.00243296,0.092782,0.40385,25.21
benchmark_stage7/renders,I23_preset_pos_seed4242145_00001_.png,0.626942,0.00152871,0.00175243,0.00200956,0.00222332,0.00254052,0.090849,0.42283,27.46
benchmark_stage7/renders,I23_preset_pos_seed42_00001_.png,0.605250,0.00161399,0.00190839,0.00212517,0.00224485,0.00245743,0.083687,0.43377,27.14
benchmark_stage7/renders,I23_preset_pos_seed777_00001_.png,0.607404,0.00178142,0.00217122,0.00236066,0.00252068,0.00283307,0.089757,0.41344,27.59
benchmark_stage7/renders,I23_preset_pos_seed9999_00001_.png,0.611154,0.00157791,0.00189023,0.00215698,0.00238401,0.00261352,0.098779,0.39934,26.82
benchmark_stage7/renders,I23_rand_neg_seed1337_00001_.png,0.596534,0.00158631,0.00194472,0.00217777,0.00235782,0.00262951,0.087106,0.38916,26.63
benchmark_stage7/renders,I23_rand_neg_seed4242145_00001_.png,0.599241,0.00154426,0.00187349,0.00212268,0.00222752,0.00263871,0.091545,0.38889,29.49
benchmark_stage7/renders,I23_rand_neg_seed42_00001_.png,0.603218,0.00154574,0.00197833,0.00226314,0.00233755,0.00260532,0.086428,0.40454,26.23
benchmark_stage7/renders,I23_rand_neg_seed777_00001_.png,0.609269,0.00164567,0.00194926,0.00203119,0.00209562,0.00238214,0.088591,0.39204,26.66
benchmark_stage7/renders,I23_rand_neg_seed9999_00001_.png,0.586145,0.00159087,0.00193577,0.00211254,0.00227964,0.00276517,0.092110,0.38042,26.51
benchmark_stage7/renders,I23_rand_pos_seed1337_00001_.png,0.644874,0.00202323,0.00216352,0.00244200,0.00263624,0.00269417,0.094902,0.37378,23.31
benchmark_stage7/renders,I23_rand_pos_seed4242145_00001_.png,0.646782,0.00209529,0.00218561,0.00232432,0.00240035,0.00270130,0.093272,0.36635,20.08
benchmark_stage7/renders,I23_rand_pos_seed42_00001_.png,0.635884,0.00235971,0.00227200,0.00244805,0.00259787,0.00291335,0.085656,0.37691,24.80
benchmark_stage7/renders,I23_rand_pos_seed777_00001_.png,0.650178,0.00226350,0.00233781,0.00256537,0.00276738,0.00293100,0.087999,0.37501,21.73
benchmark_stage7/renders,I23_rand_pos_seed9999_00001_.png,0.648401,0.00228497,0.00222165,0.00250752,0.00272037,0.00281226,0.086741,0.39012,24.51
benchmark_stage7/renders,I24_blockshuf_neg_seed1337_00001_.png,0.598535,0.00206614,0.00176628,0.00161915,0.00162799,0.00201108,0.062816,0.43323,18.64
benchmark_stage7/renders,I24_blockshuf_neg_seed4242145_00001_.png,0.579235,0.00168813,0.00188373,0.00186748,0.00186038,0.00213519,0.063259,0.46691,5.85
benchmark_stage7/renders,I24_blockshuf_neg_seed42_00001_.png,0.610040,0.00198608,0.00198888,0.00173686,0.00168351,0.00192826,0.053440,0.46200,15.93
benchmark_stage7/renders,I24_blockshuf_neg_seed777_00001_.png,0.600271,0.00196066,0.00193203,0.00179646,0.00184084,0.00211647,0.060106,0.44765,15.66
benchmark_stage7/renders,I24_blockshuf_neg_seed9999_00001_.png,0.620086,0.00210699,0.00215036,0.00169369,0.00172866,0.00214981,0.060543,0.43503,12.33
benchmark_stage7/renders,I24_blockshuf_pos_seed1337_00001_.png,0.605126,0.00204852,0.00258654,0.00237975,0.00216375,0.00231223,0.059690,0.43209,25.80
benchmark_stage7/renders,I24_blockshuf_pos_seed4242145_00001_.png,0.569153,0.00219294,0.00253617,0.00230529,0.00210519,0.00230548,0.073335,0.40120,25.77
benchmark_stage7/renders,I24_blockshuf_pos_seed42_00001_.png,0.584372,0.00231535,0.00253446,0.00217605,0.00203968,0.00230614,0.068659,0.41126,24.50
benchmark_stage7/renders,I24_blockshuf_pos_seed777_00001_.png,0.592527,0.00219258,0.00238220,0.00206786,0.00192178,0.00205178,0.062730,0.40937,27.05
benchmark_stage7/renders,I24_blockshuf_pos_seed9999_00001_.png,0.620140,0.00252297,0.00286982,0.00261120,0.00251773,0.00264611,0.073910,0.44240,25.37
benchmark_stage7/renders,I24_preset_neg_seed1337_00001_.png,0.641076,0.00200262,0.00214066,0.00195057,0.00187588,0.00199524,0.058807,0.46262,16.35
benchmark_stage7/renders,I24_preset_neg_seed4242145_00001_.png,0.626077,0.00194251,0.00212720,0.00201166,0.00204006,0.00232062,0.067412,0.44630,11.06
benchmark_stage7/renders,I24_preset_neg_seed42_00001_.png,0.614726,0.00188649,0.00201613,0.00185064,0.00183629,0.00223201,0.065814,0.44243,12.63
benchmark_stage7/renders,I24_preset_neg_seed777_00001_.png,0.656645,0.00196139,0.00208306,0.00196759,0.00195270,0.00203941,0.060778,0.41305,11.65
benchmark_stage7/renders,I24_preset_neg_seed9999_00001_.png,0.685471,0.00211391,0.00233829,0.00221765,0.00214351,0.00243114,0.068774,0.41586,12.58
benchmark_stage7/renders,I24_preset_pos_seed1337_00001_.png,0.603623,0.00193233,0.00228794,0.00229997,0.00217174,0.00242344,0.073915,0.48182,29.48
benchmark_stage7/renders,I24_preset_pos_seed4242145_00001_.png,0.572492,0.00201146,0.00225945,0.00223400,0.00219777,0.00271292,0.073058,0.41353,25.59
benchmark_stage7/renders,I24_preset_pos_seed42_00001_.png,0.561569,0.00202024,0.00209845,0.00205524,0.00184412,0.00203365,0.067323,0.45215,28.07
benchmark_stage7/renders,I24_preset_pos_seed777_00001_.png,0.566456,0.00224677,0.00242107,0.00219673,0.00212106,0.00242746,0.075922,0.41734,23.58
benchmark_stage7/renders,I24_preset_pos_seed9999_00001_.png,0.603702,0.00203792,0.00217139,0.00200232,0.00199897,0.00218087,0.063557,0.43120,26.58
benchmark_stage7/renders,I24_rand_neg_seed1337_00001_.png,0.585675,0.00153871,0.00189084,0.00187570,0.00182970,0.00198938,0.059025,0.43975,21.96
benchmark_stage7/renders,I24_rand_neg_seed4242145_00001_.png,0.582723,0.00164237,0.00202510,0.00209675,0.00204760,0.00222345,0.065116,0.44595,19.95
benchmark_stage7/renders,I24_rand_neg_seed42_00001_.png,0.550653,0.00167880,0.00190823,0.00183644,0.00177298,0.00190433,0.066874,0.44286,20.12
benchmark_stage7/renders,I24_rand_neg_seed777_00001_.png,0.557302,0.00166665,0.00203859,0.00208416,0.00207388,0.00235620,0.067957,0.43360,20.45
benchmark_stage7/renders,I24_rand_neg_seed9999_00001_.png,0.592876,0.00184916,0.00222385,0.00210741,0.00216425,0.00258695,0.069411,0.41994,18.63
benchmark_stage7/renders,I24_rand_pos_seed1337_00001_.png,0.630331,0.00232352,0.00211143,0.00185177,0.00188071,0.00229398,0.065925,0.41478,14.30
benchmark_stage7/renders,I24_rand_pos_seed4242145_00001_.png,0.629346,0.00217943,0.00201496,0.00189745,0.00191350,0.00209110,0.062771,0.39807,11.91
benchmark_stage7/renders,I24_rand_pos_seed42_00001_.png,0.606440,0.00204524,0.00214092,0.00212489,0.00188247,0.00174730,0.061565,0.40956,15.66
benchmark_stage7/renders,I24_rand_pos_seed777_00001_.png,0.642044,0.00230764,0.00234708,0.00200133,0.00190959,0.00236008,0.068749,0.41937,16.12
benchmark_stage7/renders,I24_rand_pos_seed9999_00001_.png,0.641753,0.00243677,0.00240373,0.00194328,0.00203552,0.00271455,0.072636,0.38811,15.79
benchmark_stage9/renders,I06_chaos_edges_v2_seed1337_00001_.png,0.631697,0.00090841,0.00125013,0.00153648,0.00162517,0.00201545,0.058598,0.30312,148.44
benchmark_stage9/renders,I06_chaos_edges_v2_seed4242145_00001_.png,0.615502,0.00092547,0.00126945,0.00151143,0.00168736,0.00205419,0.052074,0.29090,173.94
benchmark_stage9/renders,I06_chaos_edges_v2_seed42_00001_.png,0.585107,0.00090810,0.00125564,0.00157794,0.00163124,0.00181089,0.043726,0.30410,164.70
benchmark_stage9/renders,I06_chaos_edges_v2_seed777_00001_.png,0.611182,0.00094805,0.00128938,0.00164901,0.00170365,0.00189016,0.052117,0.32760,166.85
benchmark_stage9/renders,I06_chaos_edges_v2_seed9999_00001_.png,0.610926,0.00098618,0.00133972,0.00168055,0.00161813,0.00178627,0.050628,0.29264,172.55
benchmark_stage9/renders,I07_chaos_edges_v2_seed1337_00001_.png,0.521370,0.00059624,0.00068030,0.00093773,0.00150412,0.00229967,0.037995,0.59000,357.85
benchmark_stage9/renders,I07_chaos_edges_v2_seed4242145_00001_.png,0.536800,0.00037545,0.00037005,0.00051645,0.00073581,0.00106016,0.026918,0.68168,350.96
benchmark_stage9/renders,I07_chaos_edges_v2_seed42_00001_.png,0.537475,0.00057609,0.00048601,0.00069455,0.00125344,0.00220305,0.040169,0.59503,357.96
benchmark_stage9/renders,I07_chaos_edges_v2_seed777_00001_.png,0.556997,0.00052991,0.00054861,0.00079197,0.00141313,0.00236254,0.057873,0.58842,357.54
benchmark_stage9/renders,I07_chaos_edges_v2_seed9999_00001_.png,0.564323,0.00058806,0.00066513,0.00098226,0.00166207,0.00269183,0.054222,0.56259,356.15
benchmark_stage9/renders,I20_chaos_edges_v2_seed1337_00001_.png,0.557599,0.00024386,0.00031075,0.00047177,0.00059675,0.00075958,0.021239,0.47710,268.92
benchmark_stage9/renders,I20_chaos_edges_v2_seed4242145_00001_.png,0.560484,0.00024095,0.00030090,0.00044079,0.00055897,0.00060714,0.016531,0.47146,264.41
benchmark_stage9/renders,I20_chaos_edges_v2_seed42_00001_.png,0.526171,0.00023494,0.00027255,0.00037545,0.00049512,0.00059783,0.018420,0.48693,271.82
benchmark_stage9/renders,I20_chaos_edges_v2_seed777_00001_.png,0.558215,0.00023370,0.00028104,0.00040638,0.00050303,0.00058785,0.016318,0.51494,269.07
benchmark_stage9/renders,I20_chaos_edges_v2_seed9999_00001_.png,0.551636,0.00024127,0.00030506,0.00045987,0.00054067,0.00059968,0.017886,0.52559,269.74
benchmark_stage9/renders,I24_chaos_edges_v2_seed1337_00001_.png,0.653724,0.00064646,0.00072622,0.00089395,0.00131812,0.00184144,0.034822,0.71585,198.04
benchmark_stage9/renders,I24_chaos_edges_v2_seed4242145_00001_.png,0.654052,0.00079323,0.00088795,0.00100604,0.00136716,0.00214846,0.037173,0.70343,198.77
benchmark_stage9/renders,I24_chaos_edges_v2_seed42_00001_.png,0.626866,0.00071030,0.00081127,0.00095118,0.00125487,0.00195687,0.033466,0.70621,198.94
benchmark_stage9/renders,I24_chaos_edges_v2_seed777_00001_.png,0.655909,0.00077508,0.00083318,0.00092946,0.00120595,0.00159941,0.031065,0.72531,197.24
benchmark_stage9/renders,I24_chaos_edges_v2_seed9999_00001_.png,0.648390,0.00061419,0.00078404,0.00089497,0.00112218,0.00145747,0.027026,0.73934,198.01
benchmark_stage9/renders,S1_photo_baseline_seed1337_00001_.png,0.556046,0.00062110,0.00071274,0.00087630,0.00106889,0.00130799,0.046712,0.34647,74.56
benchmark_stage9/renders,S1_photo_baseline_seed4242145_00001_.png,0.519662,0.00088837,0.00072741,0.00087348,0.00103471,0.00119766,0.041400,0.35638,72.11
benchmark_stage9/renders,S1_photo_baseline_seed42_00001_.png,0.544232,0.00081582,0.00072177,0.00087883,0.00109955,0.00143018,0.044533,0.36945,72.10
benchmark_stage9/renders,S1_photo_baseline_seed777_00001_.png,0.531676,0.00098132,0.00077051,0.00085908,0.00102593,0.00132176,0.044822,0.32825,76.72
benchmark_stage9/renders,S1_photo_baseline_seed9999_00001_.png,0.525955,0.00092485,0.00074862,0.00084020,0.00100041,0.00131486,0.045584,0.32284,82.76
benchmark_stage9/renders,S1_photo_blockshuf_neg_1x_seed1337_00001_.png,0.622918,0.00045491,0.00060973,0.00083923,0.00101369,0.00130628,0.043401,0.35932,74.08
benchmark_stage9/renders,S1_photo_blockshuf_neg_1x_seed4242145_00001_.png,0.588049,0.00059908,0.00075995,0.00101597,0.00119099,0.00150311,0.044067,0.37084,101.05
benchmark_stage9/renders,S1_photo_blockshuf_neg_1x_seed42_00001_.png,0.586851,0.00050028,0.00062621,0.00088483,0.00113241,0.00153355,0.046052,0.38239,71.01
benchmark_stage9/renders,S1_photo_blockshuf_neg_1x_seed777_00001_.png,0.581721,0.00080941,0.00073628,0.00084983,0.00103223,0.00143837,0.048160,0.36285,92.23
benchmark_stage9/renders,S1_photo_blockshuf_neg_1x_seed9999_00001_.png,0.576257,0.00065845,0.00073432,0.00085485,0.00101184,0.00133840,0.046889,0.34553,89.65
benchmark_stage9/renders,S1_photo_blockshuf_neg_2x_seed1337_00001_.png,0.695207,0.00039483,0.00056181,0.00094524,0.00146671,0.00206825,0.054932,0.40571,92.06
benchmark_stage9/renders,S1_photo_blockshuf_neg_2x_seed4242145_00001_.png,0.648908,0.00037372,0.00055628,0.00096343,0.00138001,0.00194364,0.048805,0.41033,98.75
benchmark_stage9/renders,S1_photo_blockshuf_neg_2x_seed42_00001_.png,0.653218,0.00031528,0.00049626,0.00082849,0.00139177,0.00197564,0.045142,0.42101,70.97
benchmark_stage9/renders,S1_photo_blockshuf_neg_2x_seed777_00001_.png,0.653123,0.00037971,0.00052900,0.00078658,0.00111853,0.00168232,0.050488,0.36799,73.20
benchmark_stage9/renders,S1_photo_blockshuf_neg_2x_seed9999_00001_.png,0.661589,0.00045852,0.00059439,0.00083488,0.00125848,0.00178588,0.050579,0.40290,95.06
benchmark_stage9/renders,S1_photo_preset_pos_1x_seed1337_00001_.png,0.526454,0.00058909,0.00041735,0.00063644,0.00093374,0.00131182,0.044801,0.45279,85.41
benchmark_stage9/renders,S1_photo_preset_pos_1x_seed4242145_00001_.png,0.488035,0.00076643,0.00043754,0.00060885,0.00090719,0.00123440,0.042014,0.41739,78.49
benchmark_stage9/renders,S1_photo_preset_pos_1x_seed42_00001_.png,0.507345,0.00069711,0.00043376,0.00061062,0.00090076,0.00130135,0.044434,0.45770,75.74
benchmark_stage9/renders,S1_photo_preset_pos_1x_seed777_00001_.png,0.490710,0.00080754,0.00047271,0.00062314,0.00090643,0.00131040,0.043530,0.41192,82.35
benchmark_stage9/renders,S1_photo_preset_pos_1x_seed9999_00001_.png,0.488336,0.00090039,0.00048890,0.00063424,0.00087186,0.00130935,0.043612,0.37492,81.05
benchmark_stage9/renders,S1_photo_preset_pos_2x_seed1337_00001_.png,0.473883,0.00053332,0.00031881,0.00048276,0.00083983,0.00137399,0.044629,0.49290,87.12
benchmark_stage9/renders,S1_photo_preset_pos_2x_seed4242145_00001_.png,0.439788,0.00064601,0.00034094,0.00053110,0.00084585,0.00129298,0.041908,0.47639,85.04
benchmark_stage9/renders,S1_photo_preset_pos_2x_seed42_00001_.png,0.417659,0.00065050,0.00029977,0.00039440,0.00064016,0.00097786,0.039307,0.45224,81.55
benchmark_stage9/renders,S1_photo_preset_pos_2x_seed777_00001_.png,0.443631,0.00070177,0.00030975,0.00044389,0.00078138,0.00118733,0.043184,0.46469,86.07
benchmark_stage9/renders,S1_photo_preset_pos_2x_seed9999_00001_.png,0.443435,0.00078876,0.00041392,0.00058329,0.00086300,0.00116720,0.044353,0.42854,80.95
benchmark_stage9/renders,S1_photo_rand_pos_1x_seed1337_00001_.png,0.501509,0.00080943,0.00060551,0.00068878,0.00090663,0.00119739,0.044858,0.34133,74.63
benchmark_stage9/renders,S1_photo_rand_pos_1x_seed4242145_00001_.png,0.551575,0.00077782,0.00074922,0.00099091,0.00123411,0.00159165,0.046544,0.37159,75.23
benchmark_stage9/renders,S1_photo_rand_pos_1x_seed42_00001_.png,0.539473,0.00089949,0.00078009,0.00092971,0.00119424,0.00163444,0.052751,0.37824,69.32
benchmark_stage9/renders,S1_photo_rand_pos_1x_seed777_00001_.png,0.488155,0.00113769,0.00071743,0.00073157,0.00089445,0.00120512,0.045705,0.33004,79.64
benchmark_stage9/renders,S1_photo_rand_pos_1x_seed9999_00001_.png,0.503544,0.00102897,0.00075857,0.00078669,0.00095131,0.00130042,0.047518,0.32161,80.06
benchmark_stage9/renders,S1_photo_rand_pos_2x_seed1337_00001_.png,0.519906,0.00103354,0.00070343,0.00083948,0.00104613,0.00144342,0.049611,0.32510,72.11
benchmark_stage9/renders,S1_photo_rand_pos_2x_seed4242145_00001_.png,0.534456,0.00077572,0.00070641,0.00085870,0.00116697,0.00165879,0.056964,0.34296,84.81
benchmark_stage9/renders,S1_photo_rand_pos_2x_seed42_00001_.png,0.536123,0.00096939,0.00071235,0.00085911,0.00116456,0.00160325,0.051645,0.36312,76.33
benchmark_stage9/renders,S1_photo_rand_pos_2x_seed777_00001_.png,0.534653,0.00093148,0.00074525,0.00093718,0.00125507,0.00175747,0.054217,0.33928,72.69
benchmark_stage9/renders,S1_photo_rand_pos_2x_seed9999_00001_.png,0.528303,0.00122075,0.00091191,0.00098996,0.00120749,0.00164766,0.057274,0.31844,86.33
benchmark_stage9/renders,S2_watercolor_baseline_seed1337_00001_.png,0.537520,0.00065891,0.00101519,0.00154642,0.00176560,0.00196517,0.058886,0.25135,81.10
benchmark_stage9/renders,S2_watercolor_baseline_seed4242145_00001_.png,0.540092,0.00072398,0.00105352,0.00146833,0.00159777,0.00200400,0.056540,0.24181,74.71
benchmark_stage9/renders,S2_watercolor_baseline_seed42_00001_.png,0.522321,0.00082668,0.00099886,0.00136831,0.00148732,0.00174714,0.054972,0.24482,71.63
benchmark_stage9/renders,S2_watercolor_baseline_seed777_00001_.png,0.526492,0.00074788,0.00103994,0.00146711,0.00161822,0.00189922,0.055667,0.24188,75.20
benchmark_stage9/renders,S2_watercolor_baseline_seed9999_00001_.png,0.545828,0.00080573,0.00113128,0.00160086,0.00171964,0.00190993,0.057518,0.22955,78.43
benchmark_stage9/renders,S2_watercolor_blockshuf_neg_1x_seed1337_00001_.png,0.555520,0.00087053,0.00100546,0.00133250,0.00156192,0.00199589,0.059954,0.26239,70.01
benchmark_stage9/renders,S2_watercolor_blockshuf_neg_1x_seed4242145_00001_.png,0.528183,0.00109063,0.00100786,0.00126341,0.00151684,0.00182685,0.056377,0.27077,64.66
benchmark_stage9/renders,S2_watercolor_blockshuf_neg_1x_seed42_00001_.png,0.543810,0.00108840,0.00099022,0.00126234,0.00160356,0.00190281,0.056269,0.26454,63.72
benchmark_stage9/renders,S2_watercolor_blockshuf_neg_1x_seed777_00001_.png,0.555319,0.00108635,0.00111112,0.00138628,0.00157863,0.00201085,0.061746,0.25716,71.69
benchmark_stage9/renders,S2_watercolor_blockshuf_neg_1x_seed9999_00001_.png,0.558880,0.00111530,0.00108301,0.00142053,0.00165573,0.00196668,0.059077,0.24310,70.33
benchmark_stage9/renders,S2_watercolor_blockshuf_neg_2x_seed1337_00001_.png,0.561985,0.00118790,0.00138316,0.00212493,0.00295350,0.00400368,0.089075,0.37537,72.75
benchmark_stage9/renders,S2_watercolor_blockshuf_neg_2x_seed4242145_00001_.png,0.585539,0.00114878,0.00122307,0.00164996,0.00215856,0.00287702,0.068369,0.32463,47.96
benchmark_stage9/renders,S2_watercolor_blockshuf_neg_2x_seed42_00001_.png,0.541467,0.00136342,0.00142556,0.00181357,0.00244445,0.00322384,0.086958,0.35630,59.20
benchmark_stage9/renders,S2_watercolor_blockshuf_neg_2x_seed777_00001_.png,0.549833,0.00168848,0.00160165,0.00220010,0.00298585,0.00381955,0.089308,0.34180,68.08
benchmark_stage9/renders,S2_watercolor_blockshuf_neg_2x_seed9999_00001_.png,0.599212,0.00107106,0.00124840,0.00177718,0.00240780,0.00309703,0.087637,0.33768,55.82
benchmark_stage9/renders,S2_watercolor_preset_pos_1x_seed1337_00001_.png,0.483709,0.00041442,0.00065783,0.00108010,0.00138419,0.00187824,0.060905,0.25061,75.59
benchmark_stage9/renders,S2_watercolor_preset_pos_1x_seed4242145_00001_.png,0.449859,0.00050705,0.00065196,0.00099175,0.00135134,0.00192582,0.052549,0.22306,74.79
benchmark_stage9/renders,S2_watercolor_preset_pos_1x_seed42_00001_.png,0.453049,0.00052771,0.00065201,0.00096812,0.00129075,0.00173299,0.053094,0.24298,73.10
benchmark_stage9/renders,S2_watercolor_preset_pos_1x_seed777_00001_.png,0.454736,0.00048366,0.00063144,0.00097996,0.00130691,0.00179180,0.056528,0.23706,79.20
benchmark_stage9/renders,S2_watercolor_preset_pos_1x_seed9999_00001_.png,0.469929,0.00052431,0.00071493,0.00108694,0.00135759,0.00172335,0.055708,0.22457,75.96
benchmark_stage9/renders,S2_watercolor_preset_pos_2x_seed1337_00001_.png,0.394356,0.00035295,0.00037117,0.00070326,0.00114318,0.00169266,0.055892,0.24962,81.14
benchmark_stage9/renders,S2_watercolor_preset_pos_2x_seed4242145_00001_.png,0.382345,0.00036378,0.00036752,0.00067109,0.00106590,0.00163894,0.052215,0.24378,82.43
benchmark_stage9/renders,S2_watercolor_preset_pos_2x_seed42_00001_.png,0.391562,0.00035362,0.00033057,0.00059739,0.00097123,0.00149166,0.048156,0.24224,77.27
benchmark_stage9/renders,S2_watercolor_preset_pos_2x_seed777_00001_.png,0.369758,0.00036747,0.00033883,0.00058740,0.00098107,0.00160121,0.049680,0.22782,79.61
benchmark_stage9/renders,S2_watercolor_preset_pos_2x_seed9999_00001_.png,0.380913,0.00036241,0.00037263,0.00064992,0.00096853,0.00145810,0.049356,0.22152,77.79
benchmark_stage9/renders,S2_watercolor_rand_pos_1x_seed1337_00001_.png,0.555559,0.00067711,0.00097374,0.00136756,0.00154538,0.00196000,0.055684,0.25779,69.86
benchmark_stage9/renders,S2_watercolor_rand_pos_1x_seed4242145_00001_.png,0.483191,0.00084212,0.00080542,0.00096168,0.00115047,0.00157382,0.049135,0.24467,74.29
benchmark_stage9/renders,S2_watercolor_rand_pos_1x_seed42_00001_.png,0.505495,0.00098490,0.00093132,0.00110222,0.00127100,0.00176142,0.052122,0.25069,73.62
benchmark_stage9/renders,S2_watercolor_rand_pos_1x_seed777_00001_.png,0.486123,0.00098457,0.00092449,0.00109577,0.00125028,0.00172099,0.052813,0.26447,71.38
benchmark_stage9/renders,S2_watercolor_rand_pos_1x_seed9999_00001_.png,0.516644,0.00097357,0.00100959,0.00122942,0.00133727,0.00173823,0.055928,0.25031,75.41
benchmark_stage9/renders,S2_watercolor_rand_pos_2x_seed1337_00001_.png,0.544837,0.00111259,0.00104603,0.00133524,0.00150395,0.00220237,0.054667,0.28198,80.48
benchmark_stage9/renders,S2_watercolor_rand_pos_2x_seed4242145_00001_.png,0.520919,0.00098547,0.00085223,0.00108031,0.00132471,0.00168814,0.053733,0.26150,86.48
benchmark_stage9/renders,S2_watercolor_rand_pos_2x_seed42_00001_.png,0.535718,0.00114193,0.00096281,0.00113951,0.00127128,0.00200339,0.053357,0.26100,82.19
benchmark_stage9/renders,S2_watercolor_rand_pos_2x_seed777_00001_.png,0.505668,0.00111865,0.00096095,0.00116121,0.00140770,0.00200139,0.061687,0.26857,80.04
benchmark_stage9/renders,S2_watercolor_rand_pos_2x_seed9999_00001_.png,0.545796,0.00120123,0.00105291,0.00121940,0.00131529,0.00187528,0.055544,0.26285,87.24
benchmark_stage9/renders,S3_lowpoly_baseline_seed1337_00001_.png,0.644567,0.00050175,0.00080787,0.00135517,0.00181178,0.00231078,0.057828,0.49788,91.75
benchmark_stage9/renders,S3_lowpoly_baseline_seed4242145_00001_.png,0.648010,0.00051183,0.00076897,0.00128602,0.00167348,0.00193747,0.049613,0.44471,99.09
benchmark_stage9/renders,S3_lowpoly_baseline_seed42_00001_.png,0.640935,0.00042650,0.00070155,0.00122514,0.00176901,0.00226034,0.048582,0.47248,88.34
benchmark_stage9/renders,S3_lowpoly_baseline_seed777_00001_.png,0.647687,0.00047724,0.00074181,0.00121353,0.00173362,0.00224641,0.049562,0.44203,86.69
benchmark_stage9/renders,S3_lowpoly_baseline_seed9999_00001_.png,0.682757,0.00046428,0.00076116,0.00122654,0.00159161,0.00196631,0.048720,0.47273,85.70
benchmark_stage9/renders,S3_lowpoly_blockshuf_neg_1x_seed1337_00001_.png,0.586042,0.00048089,0.00067162,0.00112312,0.00174204,0.00241952,0.057338,0.50817,123.16
benchmark_stage9/renders,S3_lowpoly_blockshuf_neg_1x_seed4242145_00001_.png,0.593943,0.00051967,0.00066309,0.00108387,0.00163841,0.00219872,0.052433,0.48131,127.52
benchmark_stage9/renders,S3_lowpoly_blockshuf_neg_1x_seed42_00001_.png,0.569329,0.00042744,0.00055153,0.00094047,0.00158734,0.00242572,0.050981,0.52645,111.01
benchmark_stage9/renders,S3_lowpoly_blockshuf_neg_1x_seed777_00001_.png,0.593575,0.00053705,0.00067545,0.00108424,0.00174161,0.00251088,0.053994,0.48177,110.88
benchmark_stage9/renders,S3_lowpoly_blockshuf_neg_1x_seed9999_00001_.png,0.582869,0.00058388,0.00073802,0.00120739,0.00186566,0.00257139,0.065548,0.42953,125.31
benchmark_stage9/renders,S3_lowpoly_blockshuf_neg_2x_seed1337_00001_.png,0.584285,0.00080936,0.00080571,0.00132401,0.00230721,0.00377427,0.075581,0.58215,101.27
benchmark_stage9/renders,S3_lowpoly_blockshuf_neg_2x_seed4242145_00001_.png,0.563424,0.00066049,0.00072742,0.00125159,0.00227526,0.00367151,0.071112,0.70802,186.56
benchmark_stage9/renders,S3_lowpoly_blockshuf_neg_2x_seed42_00001_.png,0.576711,0.00083143,0.00069419,0.00111862,0.00185068,0.00278724,0.057590,0.67971,84.81
benchmark_stage9/renders,S3_lowpoly_blockshuf_neg_2x_seed777_00001_.png,0.542884,0.00072946,0.00063454,0.00108882,0.00197173,0.00313430,0.071799,0.69778,77.04
benchmark_stage9/renders,S3_lowpoly_blockshuf_neg_2x_seed9999_00001_.png,0.550319,0.00076274,0.00068727,0.00113820,0.00204353,0.00334854,0.083642,0.64708,196.98
benchmark_stage9/renders,S3_lowpoly_preset_pos_1x_seed1337_00001_.png,0.649402,0.00038991,0.00073443,0.00131573,0.00179443,0.00218730,0.059769,0.54766,100.62
benchmark_stage9/renders,S3_lowpoly_preset_pos_1x_seed4242145_00001_.png,0.656082,0.00045583,0.00075282,0.00134250,0.00183366,0.00203348,0.052929,0.46247,108.37
benchmark_stage9/renders,S3_lowpoly_preset_pos_1x_seed42_00001_.png,0.647330,0.00038383,0.00066824,0.00118631,0.00164646,0.00208699,0.052587,0.50702,98.04
benchmark_stage9/renders,S3_lowpoly_preset_pos_1x_seed777_00001_.png,0.637194,0.00045271,0.00074951,0.00132396,0.00181402,0.00224536,0.056043,0.49036,103.34
benchmark_stage9/renders,S3_lowpoly_preset_pos_1x_seed9999_00001_.png,0.667451,0.00040947,0.00071533,0.00126225,0.00179852,0.00222915,0.055591,0.51199,96.49
benchmark_stage9/renders,S3_lowpoly_preset_pos_2x_seed1337_00001_.png,0.600439,0.00034516,0.00053754,0.00100229,0.00154738,0.00208404,0.059587,0.54633,106.69
benchmark_stage9/renders,S3_lowpoly_preset_pos_2x_seed4242145_00001_.png,0.609196,0.00031218,0.00049864,0.00093192,0.00148385,0.00199553,0.057502,0.53527,110.84
benchmark_stage9/renders,S3_lowpoly_preset_pos_2x_seed42_00001_.png,0.582347,0.00033488,0.00048148,0.00090574,0.00153030,0.00207043,0.051855,0.55478,104.30
benchmark_stage9/renders,S3_lowpoly_preset_pos_2x_seed777_00001_.png,0.605181,0.00034840,0.00054536,0.00103932,0.00166823,0.00211717,0.057304,0.54005,109.17
benchmark_stage9/renders,S3_lowpoly_preset_pos_2x_seed9999_00001_.png,0.620476,0.00033746,0.00053335,0.00102866,0.00167670,0.00220473,0.057151,0.53707,104.53
benchmark_stage9/renders,S3_lowpoly_rand_pos_1x_seed1337_00001_.png,0.679313,0.00040980,0.00066842,0.00115606,0.00173989,0.00222334,0.048104,0.46472,83.75
benchmark_stage9/renders,S3_lowpoly_rand_pos_1x_seed4242145_00001_.png,0.662128,0.00054630,0.00066595,0.00114000,0.00169262,0.00211912,0.049363,0.42367,90.14
benchmark_stage9/renders,S3_lowpoly_rand_pos_1x_seed42_00001_.png,0.659440,0.00046180,0.00059503,0.00096786,0.00147731,0.00206816,0.041854,0.42998,78.93
benchmark_stage9/renders,S3_lowpoly_rand_pos_1x_seed777_00001_.png,0.660787,0.00050178,0.00061776,0.00103653,0.00156990,0.00209869,0.043164,0.42598,86.02
benchmark_stage9/renders,S3_lowpoly_rand_pos_1x_seed9999_00001_.png,0.663416,0.00049913,0.00061255,0.00103319,0.00152866,0.00182360,0.053928,0.41324,93.37
benchmark_stage9/renders,S3_lowpoly_rand_pos_2x_seed1337_00001_.png,0.721964,0.00045867,0.00061049,0.00108635,0.00166458,0.00225102,0.048308,0.53742,63.78
benchmark_stage9/renders,S3_lowpoly_rand_pos_2x_seed4242145_00001_.png,0.707912,0.00050813,0.00064837,0.00108542,0.00171267,0.00230208,0.052306,0.49231,70.23
benchmark_stage9/renders,S3_lowpoly_rand_pos_2x_seed42_00001_.png,0.695734,0.00095448,0.00068152,0.00108421,0.00177210,0.00232586,0.050318,0.63865,58.79
benchmark_stage9/renders,S3_lowpoly_rand_pos_2x_seed777_00001_.png,0.680971,0.00088277,0.00054738,0.00083655,0.00147638,0.00238737,0.049077,0.61608,59.54
benchmark_stage9/renders,S3_lowpoly_rand_pos_2x_seed9999_00001_.png,0.712373,0.00041982,0.00053366,0.00096551,0.00163203,0.00216656,0.058765,0.56727,68.33
benchmark_stage9/renders,S4_claymation_baseline_seed1337_00001_.png,0.658626,0.00029105,0.00045158,0.00089095,0.00137771,0.00161293,0.044140,0.46602,74.58
benchmark_stage9/renders,S4_claymation_baseline_seed4242145_00001_.png,0.643596,0.00033437,0.00049805,0.00092493,0.00136626,0.00172661,0.043925,0.45564,76.37
benchmark_stage9/renders,S4_claymation_baseline_seed42_00001_.png,0.657228,0.00032462,0.00049975,0.00096220,0.00145696,0.00168180,0.042613,0.47026,69.51
benchmark_stage9/renders,S4_claymation_baseline_seed777_00001_.png,0.660854,0.00034119,0.00053118,0.00101342,0.00148189,0.00172913,0.043539,0.45741,76.97
benchmark_stage9/renders,S4_claymation_baseline_seed9999_00001_.png,0.631531,0.00036067,0.00051081,0.00089871,0.00132411,0.00161948,0.048050,0.43205,76.43
benchmark_stage9/renders,S4_claymation_blockshuf_neg_1x_seed1337_00001_.png,0.701799,0.00028017,0.00051293,0.00105456,0.00177129,0.00236096,0.057125,0.50316,56.11
benchmark_stage9/renders,S4_claymation_blockshuf_neg_1x_seed4242145_00001_.png,0.655592,0.00039466,0.00058939,0.00113505,0.00178030,0.00220664,0.050804,0.47129,59.42
benchmark_stage9/renders,S4_claymation_blockshuf_neg_1x_seed42_00001_.png,0.674535,0.00030559,0.00049526,0.00097649,0.00163168,0.00226754,0.053550,0.51338,52.28
benchmark_stage9/renders,S4_claymation_blockshuf_neg_1x_seed777_00001_.png,0.686479,0.00032446,0.00055173,0.00115780,0.00186891,0.00234463,0.053827,0.47256,55.98
benchmark_stage9/renders,S4_claymation_blockshuf_neg_1x_seed9999_00001_.png,0.653719,0.00035708,0.00054776,0.00104950,0.00163645,0.00189092,0.052952,0.46502,61.50
benchmark_stage9/renders,S4_claymation_blockshuf_neg_2x_seed1337_00001_.png,0.700048,0.00026962,0.00048401,0.00098286,0.00174122,0.00278176,0.057782,0.51247,51.17
benchmark_stage9/renders,S4_claymation_blockshuf_neg_2x_seed4242145_00001_.png,0.651162,0.00036859,0.00049296,0.00110930,0.00202274,0.00293882,0.060237,0.48922,46.20
benchmark_stage9/renders,S4_claymation_blockshuf_neg_2x_seed42_00001_.png,0.675628,0.00030783,0.00051217,0.00108240,0.00215005,0.00317496,0.060603,0.52175,47.54
benchmark_stage9/renders,S4_claymation_blockshuf_neg_2x_seed777_00001_.png,0.693974,0.00037993,0.00060007,0.00113885,0.00201719,0.00315233,0.060058,0.54102,44.09
benchmark_stage9/renders,S4_claymation_blockshuf_neg_2x_seed9999_00001_.png,0.633366,0.00029937,0.00043693,0.00082680,0.00142998,0.00233907,0.070027,0.50535,46.87
benchmark_stage9/renders,S4_claymation_preset_pos_1x_seed1337_00001_.png,0.647197,0.00021686,0.00035079,0.00079491,0.00145384,0.00174389,0.046731,0.58604,78.23
benchmark_stage9/renders,S4_claymation_preset_pos_1x_seed4242145_00001_.png,0.624630,0.00028329,0.00040154,0.00083183,0.00136969,0.00174774,0.044113,0.46810,83.92
benchmark_stage9/renders,S4_claymation_preset_pos_1x_seed42_00001_.png,0.632927,0.00025946,0.00039443,0.00084452,0.00146538,0.00198512,0.045071,0.53370,76.45
benchmark_stage9/renders,S4_claymation_preset_pos_1x_seed777_00001_.png,0.644913,0.00024045,0.00041144,0.00093036,0.00155382,0.00194297,0.046456,0.53485,83.14
benchmark_stage9/renders,S4_claymation_preset_pos_1x_seed9999_00001_.png,0.616584,0.00032115,0.00042220,0.00084183,0.00136908,0.00178829,0.048998,0.46062,77.51
benchmark_stage9/renders,S4_claymation_preset_pos_2x_seed1337_00001_.png,0.588634,0.00017478,0.00024880,0.00059424,0.00113506,0.00162212,0.046001,0.61988,86.91
benchmark_stage9/renders,S4_claymation_preset_pos_2x_seed4242145_00001_.png,0.562123,0.00020197,0.00024170,0.00056381,0.00105317,0.00161828,0.042953,0.58719,82.85
benchmark_stage9/renders,S4_claymation_preset_pos_2x_seed42_00001_.png,0.571332,0.00015617,0.00019181,0.00045577,0.00094462,0.00153671,0.043175,0.60112,83.56
benchmark_stage9/renders,S4_claymation_preset_pos_2x_seed777_00001_.png,0.587385,0.00018015,0.00024228,0.00057348,0.00108003,0.00163002,0.043149,0.60768,82.54
benchmark_stage9/renders,S4_claymation_preset_pos_2x_seed9999_00001_.png,0.560340,0.00019885,0.00027282,0.00061957,0.00111441,0.00150668,0.049395,0.56803,83.19
benchmark_stage9/renders,S4_claymation_rand_pos_1x_seed1337_00001_.png,0.652749,0.00036085,0.00049798,0.00093121,0.00148408,0.00191087,0.052012,0.50007,70.32
benchmark_stage9/renders,S4_claymation_rand_pos_1x_seed4242145_00001_.png,0.667380,0.00030673,0.00047675,0.00093779,0.00147142,0.00177545,0.048242,0.49533,74.00
benchmark_stage9/renders,S4_claymation_rand_pos_1x_seed42_00001_.png,0.653082,0.00030537,0.00048789,0.00095901,0.00151269,0.00185432,0.045131,0.53322,66.24
benchmark_stage9/renders,S4_claymation_rand_pos_1x_seed777_00001_.png,0.681723,0.00033657,0.00054108,0.00112508,0.00172880,0.00192156,0.046201,0.51184,67.95
benchmark_stage9/renders,S4_claymation_rand_pos_1x_seed9999_00001_.png,0.660638,0.00041188,0.00060046,0.00111952,0.00172118,0.00200742,0.055453,0.48174,68.57
benchmark_stage9/renders,S4_claymation_rand_pos_2x_seed1337_00001_.png,0.621290,0.00037695,0.00048610,0.00090481,0.00155266,0.00228273,0.058012,0.56082,66.97
benchmark_stage9/renders,S4_claymation_rand_pos_2x_seed4242145_00001_.png,0.630711,0.00043774,0.00056007,0.00105538,0.00165410,0.00220071,0.056756,0.55821,64.26
benchmark_stage9/renders,S4_claymation_rand_pos_2x_seed42_00001_.png,0.629218,0.00044460,0.00059415,0.00122274,0.00181779,0.00173642,0.057890,0.58341,62.17
benchmark_stage9/renders,S4_claymation_rand_pos_2x_seed777_00001_.png,0.613472,0.00031729,0.00038707,0.00077484,0.00144235,0.00212543,0.050523,0.60395,68.12
benchmark_stage9/renders,S4_claymation_rand_pos_2x_seed9999_00001_.png,0.637009,0.00049350,0.00069918,0.00139033,0.00206021,0.00223984,0.060749,0.58146,67.51
benchmark_stage9/renders,S5_ukiyoe_baseline_seed1337_00001_.png,0.618403,0.00175783,0.00163878,0.00140816,0.00145358,0.00180960,0.045097,0.28050,115.22
benchmark_stage9/renders,S5_ukiyoe_baseline_seed4242145_00001_.png,0.607089,0.00173664,0.00145379,0.00123127,0.00114043,0.00140019,0.037460,0.27252,118.68
benchmark_stage9/renders,S5_ukiyoe_baseline_seed42_00001_.png,0.600849,0.00170506,0.00138878,0.00113957,0.00107602,0.00134890,0.041264,0.26937,110.81
benchmark_stage9/renders,S5_ukiyoe_baseline_seed777_00001_.png,0.600561,0.00172920,0.00161949,0.00144699,0.00125660,0.00147652,0.045952,0.29012,123.48
benchmark_stage9/renders,S5_ukiyoe_baseline_seed9999_00001_.png,0.612625,0.00187262,0.00154020,0.00114452,0.00099519,0.00115278,0.034623,0.29775,121.99
benchmark_stage9/renders,S5_ukiyoe_blockshuf_neg_1x_seed1337_00001_.png,0.610638,0.00180472,0.00202557,0.00177343,0.00150481,0.00180317,0.045742,0.28597,106.34
benchmark_stage9/renders,S5_ukiyoe_blockshuf_neg_1x_seed4242145_00001_.png,0.628110,0.00202301,0.00204811,0.00164910,0.00139685,0.00156227,0.043740,0.31655,114.59
benchmark_stage9/renders,S5_ukiyoe_blockshuf_neg_1x_seed42_00001_.png,0.623008,0.00200475,0.00192599,0.00151791,0.00132554,0.00159133,0.040462,0.29537,95.68
benchmark_stage9/renders,S5_ukiyoe_blockshuf_neg_1x_seed777_00001_.png,0.600599,0.00168845,0.00176725,0.00145540,0.00122805,0.00149677,0.043719,0.29301,106.56
benchmark_stage9/renders,S5_ukiyoe_blockshuf_neg_1x_seed9999_00001_.png,0.583418,0.00175715,0.00178994,0.00142079,0.00120868,0.00145990,0.045742,0.29908,101.17
benchmark_stage9/renders,S5_ukiyoe_blockshuf_neg_2x_seed1337_00001_.png,0.599235,0.00194474,0.00303985,0.00282674,0.00233698,0.00289026,0.074985,0.37623,101.47
benchmark_stage9/renders,S5_ukiyoe_blockshuf_neg_2x_seed4242145_00001_.png,0.615369,0.00233934,0.00321745,0.00305902,0.00229598,0.00243919,0.077640,0.44665,128.85
benchmark_stage9/renders,S5_ukiyoe_blockshuf_neg_2x_seed42_00001_.png,0.598583,0.00195449,0.00231277,0.00237110,0.00199595,0.00250913,0.072395,0.43262,131.00
benchmark_stage9/renders,S5_ukiyoe_blockshuf_neg_2x_seed777_00001_.png,0.590683,0.00219763,0.00272245,0.00223651,0.00214013,0.00294254,0.075319,0.37807,99.93
benchmark_stage9/renders,S5_ukiyoe_blockshuf_neg_2x_seed9999_00001_.png,0.555745,0.00202005,0.00227932,0.00208342,0.00219747,0.00309271,0.094486,0.43209,119.47
benchmark_stage9/renders,S5_ukiyoe_preset_pos_1x_seed1337_00001_.png,0.595821,0.00113257,0.00125193,0.00122004,0.00138607,0.00187366,0.047751,0.34088,108.60
benchmark_stage9/renders,S5_ukiyoe_preset_pos_1x_seed4242145_00001_.png,0.555320,0.00123398,0.00087375,0.00072624,0.00080481,0.00102765,0.030637,0.31397,126.28
benchmark_stage9/renders,S5_ukiyoe_preset_pos_1x_seed42_00001_.png,0.559457,0.00130360,0.00084372,0.00077705,0.00097861,0.00148521,0.036528,0.29864,110.28
benchmark_stage9/renders,S5_ukiyoe_preset_pos_1x_seed777_00001_.png,0.555488,0.00129942,0.00092427,0.00083288,0.00097531,0.00143942,0.039660,0.30251,114.77
benchmark_stage9/renders,S5_ukiyoe_preset_pos_1x_seed9999_00001_.png,0.558984,0.00132600,0.00090929,0.00073591,0.00081528,0.00112826,0.031303,0.31294,126.77
benchmark_stage9/renders,S5_ukiyoe_preset_pos_2x_seed1337_00001_.png,0.531586,0.00114197,0.00089081,0.00091381,0.00120394,0.00183903,0.051318,0.37326,108.55
benchmark_stage9/renders,S5_ukiyoe_preset_pos_2x_seed4242145_00001_.png,0.493225,0.00140619,0.00064649,0.00053306,0.00078516,0.00123259,0.035725,0.32815,114.52
benchmark_stage9/renders,S5_ukiyoe_preset_pos_2x_seed42_00001_.png,0.501850,0.00143645,0.00065493,0.00054329,0.00074009,0.00115901,0.034399,0.31554,104.01
benchmark_stage9/renders,S5_ukiyoe_preset_pos_2x_seed777_00001_.png,0.499533,0.00135411,0.00065110,0.00060173,0.00078986,0.00130033,0.037895,0.32566,108.77
benchmark_stage9/renders,S5_ukiyoe_preset_pos_2x_seed9999_00001_.png,0.496396,0.00144606,0.00062394,0.00055281,0.00077502,0.00124318,0.035506,0.31568,115.86
benchmark_stage9/renders,S5_ukiyoe_rand_pos_1x_seed1337_00001_.png,0.592603,0.00157458,0.00139529,0.00120857,0.00102434,0.00120884,0.033812,0.27151,114.97
benchmark_stage9/renders,S5_ukiyoe_rand_pos_1x_seed4242145_00001_.png,0.576545,0.00152191,0.00137534,0.00118349,0.00109810,0.00128257,0.034862,0.29906,128.47
benchmark_stage9/renders,S5_ukiyoe_rand_pos_1x_seed42_00001_.png,0.593237,0.00150049,0.00140614,0.00122145,0.00107658,0.00124981,0.035694,0.30118,114.96
benchmark_stage9/renders,S5_ukiyoe_rand_pos_1x_seed777_00001_.png,0.595054,0.00172852,0.00150551,0.00134776,0.00127501,0.00153901,0.037991,0.25814,121.71
benchmark_stage9/renders,S5_ukiyoe_rand_pos_1x_seed9999_00001_.png,0.585805,0.00152452,0.00154361,0.00139464,0.00126597,0.00135564,0.043081,0.28015,118.38
benchmark_stage9/renders,S5_ukiyoe_rand_pos_2x_seed1337_00001_.png,0.625215,0.00129246,0.00154309,0.00198658,0.00157164,0.00175433,0.045070,0.32827,107.21
benchmark_stage9/renders,S5_ukiyoe_rand_pos_2x_seed4242145_00001_.png,0.634698,0.00126980,0.00149665,0.00180949,0.00152304,0.00194808,0.047247,0.37982,108.87
benchmark_stage9/renders,S5_ukiyoe_rand_pos_2x_seed42_00001_.png,0.613147,0.00146841,0.00142058,0.00167604,0.00130611,0.00166409,0.045472,0.34412,119.61
benchmark_stage9/renders,S5_ukiyoe_rand_pos_2x_seed777_00001_.png,0.622328,0.00141562,0.00170364,0.00187359,0.00139074,0.00167163,0.048273,0.31538,105.29
benchmark_stage9/renders,S5_ukiyoe_rand_pos_2x_seed9999_00001_.png,0.648536,0.00139678,0.00163944,0.00187419,0.00161952,0.00177527,0.042004,0.30211,118.82
benchmark_stage9/renders,S6_pixel_baseline_seed1337_00001_.png,0.534198,0.00080562,0.00109454,0.00167060,0.00177389,0.00177286,0.051691,0.43772,137.63
benchmark_stage9/renders,S6_pixel_baseline_seed4242145_00001_.png,0.531608,0.00072610,0.00100758,0.00147772,0.00149068,0.00153074,0.048525,0.46850,157.44
benchmark_stage9/renders,S6_pixel_baseline_seed42_00001_.png,0.509276,0.00083100,0.00115183,0.00156814,0.00167111,0.00178389,0.049135,0.43255,99.20
benchmark_stage9/renders,S6_pixel_baseline_seed777_00001_.png,0.529578,0.00085219,0.00120326,0.00173840,0.00169181,0.00182631,0.052783,0.46530,157.24
benchmark_stage9/renders,S6_pixel_baseline_seed9999_00001_.png,0.523868,0.00084745,0.00116062,0.00166336,0.00176781,0.00167053,0.051581,0.44903,132.48
benchmark_stage9/renders,S6_pixel_blockshuf_neg_1x_seed1337_00001_.png,0.553386,0.00070970,0.00094657,0.00163202,0.00199210,0.00231418,0.059678,0.54025,177.12
benchmark_stage9/renders,S6_pixel_blockshuf_neg_1x_seed4242145_00001_.png,0.536646,0.00074547,0.00103920,0.00157830,0.00168908,0.00176445,0.050829,0.52453,164.02
benchmark_stage9/renders,S6_pixel_blockshuf_neg_1x_seed42_00001_.png,0.533618,0.00084429,0.00119294,0.00177125,0.00188007,0.00209236,0.056098,0.53484,155.24
benchmark_stage9/renders,S6_pixel_blockshuf_neg_1x_seed777_00001_.png,0.538722,0.00080270,0.00110522,0.00169531,0.00197982,0.00241439,0.059677,0.53654,177.08
benchmark_stage9/renders,S6_pixel_blockshuf_neg_1x_seed9999_00001_.png,0.537401,0.00088241,0.00117763,0.00181617,0.00205588,0.00225800,0.065861,0.52294,194.59
benchmark_stage9/renders,S6_pixel_blockshuf_neg_2x_seed1337_00001_.png,0.547266,0.00113286,0.00095609,0.00156344,0.00204543,0.00255465,0.068680,0.66857,202.08
benchmark_stage9/renders,S6_pixel_blockshuf_neg_2x_seed4242145_00001_.png,0.527694,0.00116244,0.00106697,0.00155630,0.00177896,0.00213696,0.065019,0.61576,201.63
benchmark_stage9/renders,S6_pixel_blockshuf_neg_2x_seed42_00001_.png,0.483224,0.00150824,0.00102727,0.00150987,0.00203297,0.00295489,0.078967,0.70427,66.66
benchmark_stage9/renders,S6_pixel_blockshuf_neg_2x_seed777_00001_.png,0.538562,0.00136708,0.00091462,0.00137757,0.00173117,0.00214759,0.059879,0.65434,196.11
benchmark_stage9/renders,S6_pixel_blockshuf_neg_2x_seed9999_00001_.png,0.533346,0.00159546,0.00110769,0.00172408,0.00213510,0.00285822,0.078551,0.66507,215.09
benchmark_stage9/renders,S6_pixel_preset_pos_1x_seed1337_00001_.png,0.550267,0.00060764,0.00086564,0.00136129,0.00165960,0.00177650,0.048849,0.44187,137.32
benchmark_stage9/renders,S6_pixel_preset_pos_1x_seed4242145_00001_.png,0.527872,0.00057932,0.00083402,0.00125242,0.00132823,0.00152319,0.049760,0.47847,158.52
benchmark_stage9/renders,S6_pixel_preset_pos_1x_seed42_00001_.png,0.508888,0.00068293,0.00093758,0.00127852,0.00143524,0.00155667,0.047914,0.42449,117.92
benchmark_stage9/renders,S6_pixel_preset_pos_1x_seed777_00001_.png,0.522631,0.00062857,0.00088277,0.00131239,0.00136236,0.00145831,0.047184,0.45882,146.62
benchmark_stage9/renders,S6_pixel_preset_pos_1x_seed9999_00001_.png,0.523936,0.00065646,0.00095547,0.00133790,0.00146314,0.00159155,0.051254,0.42148,139.07
benchmark_stage9/renders,S6_pixel_preset_pos_2x_seed1337_00001_.png,0.464818,0.00040942,0.00055780,0.00085176,0.00113164,0.00132681,0.044025,0.45094,142.72
benchmark_stage9/renders,S6_pixel_preset_pos_2x_seed4242145_00001_.png,0.475709,0.00035997,0.00052511,0.00080486,0.00106320,0.00128372,0.043770,0.47286,158.82
benchmark_stage9/renders,S6_pixel_preset_pos_2x_seed42_00001_.png,0.468969,0.00038714,0.00055515,0.00079086,0.00095127,0.00123322,0.037659,0.47361,150.52
benchmark_stage9/renders,S6_pixel_preset_pos_2x_seed777_00001_.png,0.484880,0.00039486,0.00056326,0.00079836,0.00107042,0.00133823,0.046805,0.46339,152.89
benchmark_stage9/renders,S6_pixel_preset_pos_2x_seed9999_00001_.png,0.466664,0.00041322,0.00054982,0.00079787,0.00106570,0.00124080,0.045243,0.45487,147.66
benchmark_stage9/renders,S6_pixel_rand_pos_1x_seed1337_00001_.png,0.570023,0.00073346,0.00097536,0.00164479,0.00172698,0.00176061,0.054435,0.52234,157.75
benchmark_stage9/renders,S6_pixel_rand_pos_1x_seed4242145_00001_.png,0.568949,0.00076595,0.00093523,0.00155075,0.00173842,0.00194381,0.053773,0.54321,167.70
benchmark_stage9/renders,S6_pixel_rand_pos_1x_seed42_00001_.png,0.554155,0.00079349,0.00104619,0.00171970,0.00187698,0.00202144,0.056954,0.50467,131.86
benchmark_stage9/renders,S6_pixel_rand_pos_1x_seed777_00001_.png,0.580716,0.00072076,0.00090800,0.00153891,0.00157616,0.00163367,0.053269,0.53553,159.27
benchmark_stage9/renders,S6_pixel_rand_pos_1x_seed9999_00001_.png,0.564676,0.00084377,0.00115398,0.00190139,0.00193600,0.00184052,0.059237,0.51393,174.71
benchmark_stage9/renders,S6_pixel_rand_pos_2x_seed1337_00001_.png,0.591956,0.00118023,0.00096528,0.00159765,0.00194739,0.00243210,0.064880,0.55497,151.49
benchmark_stage9/renders,S6_pixel_rand_pos_2x_seed4242145_00001_.png,0.557609,0.00108717,0.00081526,0.00121853,0.00145638,0.00180921,0.054905,0.48882,157.60
benchmark_stage9/renders,S6_pixel_rand_pos_2x_seed42_00001_.png,0.546649,0.00126398,0.00084374,0.00124013,0.00160709,0.00192623,0.051446,0.46150,128.34
benchmark_stage9/renders,S6_pixel_rand_pos_2x_seed777_00001_.png,0.567807,0.00143946,0.00109561,0.00174017,0.00201128,0.00242679,0.069346,0.56029,169.57
benchmark_stage9/renders,S6_pixel_rand_pos_2x_seed9999_00001_.png,0.570632,0.00120200,0.00090092,0.00136697,0.00186729,0.00238104,0.065153,0.52575,162.85
benchmark_stage9/renders,S7_glass_baseline_seed1337_00001_.png,0.720298,0.00076446,0.00135704,0.00218719,0.00227353,0.00223830,0.056012,0.48643,64.86
benchmark_stage9/renders,S7_glass_baseline_seed4242145_00001_.png,0.694927,0.00088034,0.00121515,0.00190301,0.00205043,0.00203825,0.050107,0.45387,65.77
benchmark_stage9/renders,S7_glass_baseline_seed42_00001_.png,0.694842,0.00078914,0.00122281,0.00198766,0.00220263,0.00223802,0.056683,0.47761,57.13
benchmark_stage9/renders,S7_glass_baseline_seed777_00001_.png,0.690607,0.00073549,0.00118052,0.00196440,0.00224876,0.00216673,0.053604,0.45905,64.41
benchmark_stage9/renders,S7_glass_baseline_seed9999_00001_.png,0.689207,0.00088779,0.00135848,0.00211415,0.00224806,0.00215554,0.052933,0.43240,60.20
benchmark_stage9/renders,S7_glass_blockshuf_neg_1x_seed1337_00001_.png,0.737774,0.00096124,0.00153355,0.00249482,0.00267141,0.00261196,0.058386,0.49143,69.64
benchmark_stage9/renders,S7_glass_blockshuf_neg_1x_seed4242145_00001_.png,0.702191,0.00097382,0.00130894,0.00188615,0.00190409,0.00204081,0.050933,0.41746,65.94
benchmark_stage9/renders,S7_glass_blockshuf_neg_1x_seed42_00001_.png,0.721762,0.00105352,0.00133715,0.00199014,0.00218078,0.00236355,0.054074,0.49640,57.84
benchmark_stage9/renders,S7_glass_blockshuf_neg_1x_seed777_00001_.png,0.731528,0.00106412,0.00134769,0.00207748,0.00219689,0.00228062,0.053332,0.50054,64.67
benchmark_stage9/renders,S7_glass_blockshuf_neg_1x_seed9999_00001_.png,0.727059,0.00111977,0.00150179,0.00218691,0.00221187,0.00219684,0.051271,0.44416,63.81
benchmark_stage9/renders,S7_glass_blockshuf_neg_2x_seed1337_00001_.png,0.793377,0.00165249,0.00271766,0.00345205,0.00307533,0.00302160,0.073582,0.57573,64.50
benchmark_stage9/renders,S7_glass_blockshuf_neg_2x_seed4242145_00001_.png,0.810487,0.00169600,0.00247454,0.00274003,0.00250179,0.00260179,0.064155,0.62633,56.92
benchmark_stage9/renders,S7_glass_blockshuf_neg_2x_seed42_00001_.png,0.811132,0.00153372,0.00250345,0.00287148,0.00240074,0.00250265,0.063553,0.58863,52.29
benchmark_stage9/renders,S7_glass_blockshuf_neg_2x_seed777_00001_.png,0.810720,0.00167604,0.00247752,0.00324756,0.00289709,0.00297795,0.069767,0.54733,55.82
benchmark_stage9/renders,S7_glass_blockshuf_neg_2x_seed9999_00001_.png,0.834414,0.00159071,0.00273688,0.00355348,0.00302370,0.00266222,0.066415,0.53509,60.43
benchmark_stage9/renders,S7_glass_preset_pos_1x_seed1337_00001_.png,0.675690,0.00068032,0.00104615,0.00190741,0.00237229,0.00245602,0.056762,0.51777,69.71
benchmark_stage9/renders,S7_glass_preset_pos_1x_seed4242145_00001_.png,0.636126,0.00072855,0.00086487,0.00145699,0.00191084,0.00198606,0.049077,0.48562,72.50
benchmark_stage9/renders,S7_glass_preset_pos_1x_seed42_00001_.png,0.641467,0.00076028,0.00089454,0.00153898,0.00200737,0.00235092,0.055617,0.49373,64.61
benchmark_stage9/renders,S7_glass_preset_pos_1x_seed777_00001_.png,0.638287,0.00075662,0.00090873,0.00156286,0.00194355,0.00219380,0.052477,0.47482,66.00
benchmark_stage9/renders,S7_glass_preset_pos_1x_seed9999_00001_.png,0.631952,0.00081238,0.00092396,0.00147978,0.00191565,0.00210633,0.050420,0.46584,66.18
benchmark_stage9/renders,S7_glass_preset_pos_2x_seed1337_00001_.png,0.590039,0.00063248,0.00070437,0.00133392,0.00193242,0.00227484,0.058400,0.54794,80.33
benchmark_stage9/renders,S7_glass_preset_pos_2x_seed4242145_00001_.png,0.559242,0.00059501,0.00058266,0.00104099,0.00150067,0.00184451,0.050391,0.52116,84.98
benchmark_stage9/renders,S7_glass_preset_pos_2x_seed42_00001_.png,0.553525,0.00061449,0.00058192,0.00108272,0.00169579,0.00212917,0.055472,0.54985,80.93
benchmark_stage9/renders,S7_glass_preset_pos_2x_seed777_00001_.png,0.572780,0.00065335,0.00067174,0.00122609,0.00170406,0.00214107,0.056601,0.53622,76.85
benchmark_stage9/renders,S7_glass_preset_pos_2x_seed9999_00001_.png,0.568911,0.00068185,0.00063930,0.00116677,0.00167285,0.00207479,0.053403,0.49293,81.16
benchmark_stage9/renders,S7_glass_rand_pos_1x_seed1337_00001_.png,0.719314,0.00121545,0.00183935,0.00261708,0.00263471,0.00250475,0.058248,0.47805,64.22
benchmark_stage9/renders,S7_glass_rand_pos_1x_seed4242145_00001_.png,0.701471,0.00131956,0.00165496,0.00224590,0.00225817,0.00224325,0.054931,0.44740,73.76
benchmark_stage9/renders,S7_glass_rand_pos_1x_seed42_00001_.png,0.651745,0.00133166,0.00146107,0.00204004,0.00218419,0.00223437,0.054433,0.41593,67.21
benchmark_stage9/renders,S7_glass_rand_pos_1x_seed777_00001_.png,0.709982,0.00126734,0.00183592,0.00268345,0.00283746,0.00282227,0.062043,0.47095,65.47
benchmark_stage9/renders,S7_glass_rand_pos_1x_seed9999_00001_.png,0.675599,0.00123489,0.00158396,0.00233340,0.00243454,0.00240329,0.058361,0.38745,66.79
benchmark_stage9/renders,S7_glass_rand_pos_2x_seed1337_00001_.png,0.693154,0.00090372,0.00114674,0.00211721,0.00285964,0.00296896,0.065214,0.44925,64.63
benchmark_stage9/renders,S7_glass_rand_pos_2x_seed4242145_00001_.png,0.716765,0.00093477,0.00121253,0.00239861,0.00321959,0.00318510,0.064958,0.48738,57.15
benchmark_stage9/renders,S7_glass_rand_pos_2x_seed42_00001_.png,0.671694,0.00103449,0.00123417,0.00237374,0.00332484,0.00342387,0.074987,0.48300,68.56
benchmark_stage9/renders,S7_glass_rand_pos_2x_seed777_00001_.png,0.709458,0.00107786,0.00118781,0.00232916,0.00352121,0.00421579,0.076057,0.52527,63.93
benchmark_stage9/renders,S7_glass_rand_pos_2x_seed9999_00001_.png,0.695986,0.00090195,0.00110791,0.00234351,0.00352167,0.00362950,0.070229,0.44167,81.61
benchmark_stage9/renders,S8_charcoal_baseline_seed1337_00001_.png,0.560101,0.00193700,0.00235443,0.00353975,0.00382374,0.00357571,0.092566,0.11958,51.41
benchmark_stage9/renders,S8_charcoal_baseline_seed4242145_00001_.png,0.564164,0.00229959,0.00269066,0.00345804,0.00356730,0.00348255,0.088196,0.09730,44.64
benchmark_stage9/renders,S8_charcoal_baseline_seed42_00001_.png,0.534386,0.00192992,0.00189716,0.00268603,0.00317286,0.00310967,0.077540,0.13861,45.68
benchmark_stage9/renders,S8_charcoal_baseline_seed777_00001_.png,0.550817,0.00218805,0.00220048,0.00305245,0.00347909,0.00333905,0.082806,0.11384,47.10
benchmark_stage9/renders,S8_charcoal_baseline_seed9999_00001_.png,0.558185,0.00198362,0.00222293,0.00312503,0.00357036,0.00375264,0.089435,0.11439,43.43
benchmark_stage9/renders,S8_charcoal_blockshuf_neg_1x_seed1337_00001_.png,0.617136,0.00308230,0.00369057,0.00568284,0.00661660,0.00652011,0.124481,0.13147,50.53
benchmark_stage9/renders,S8_charcoal_blockshuf_neg_1x_seed4242145_00001_.png,0.615639,0.00261275,0.00316849,0.00449174,0.00563885,0.00578423,0.107973,0.09348,38.55
benchmark_stage9/renders,S8_charcoal_blockshuf_neg_1x_seed42_00001_.png,0.564512,0.00313239,0.00292228,0.00431168,0.00582874,0.00580018,0.108947,0.13778,38.01
benchmark_stage9/renders,S8_charcoal_blockshuf_neg_1x_seed777_00001_.png,0.586346,0.00327710,0.00330054,0.00416168,0.00518698,0.00547841,0.111738,0.10836,43.32
benchmark_stage9/renders,S8_charcoal_blockshuf_neg_1x_seed9999_00001_.png,0.596827,0.00274535,0.00316669,0.00460296,0.00613771,0.00674160,0.119599,0.14180,39.76
benchmark_stage9/renders,S8_charcoal_blockshuf_neg_2x_seed1337_00001_.png,0.558521,0.00272275,0.00336088,0.00620707,0.01025842,0.01264408,0.178460,0.19863,50.30
benchmark_stage9/renders,S8_charcoal_blockshuf_neg_2x_seed4242145_00001_.png,0.547857,0.00288047,0.00365390,0.00678425,0.01247478,0.01570665,0.196446,0.09992,93.13
benchmark_stage9/renders,S8_charcoal_blockshuf_neg_2x_seed42_00001_.png,0.579350,0.00248040,0.00327727,0.00572615,0.00983558,0.01163409,0.170716,0.10412,13.37
benchmark_stage9/renders,S8_charcoal_blockshuf_neg_2x_seed777_00001_.png,0.564558,0.00269981,0.00360552,0.00667532,0.01187290,0.01457811,0.192923,0.13077,41.00
benchmark_stage9/renders,S8_charcoal_blockshuf_neg_2x_seed9999_00001_.png,0.529853,0.00210329,0.00274842,0.00571081,0.01226423,0.01697134,0.202424,0.10455,28.80
benchmark_stage9/renders,S8_charcoal_preset_pos_1x_seed1337_00001_.png,0.431869,0.00192046,0.00110055,0.00192228,0.00257406,0.00309484,0.079765,0.15601,40.46
benchmark_stage9/renders,S8_charcoal_preset_pos_1x_seed4242145_00001_.png,0.398720,0.00239715,0.00110922,0.00176711,0.00249776,0.00298813,0.071295,0.10187,39.60
benchmark_stage9/renders,S8_charcoal_preset_pos_1x_seed42_00001_.png,0.393542,0.00213036,0.00092115,0.00152656,0.00231950,0.00287653,0.068479,0.16370,40.87
benchmark_stage9/renders,S8_charcoal_preset_pos_1x_seed777_00001_.png,0.410105,0.00211491,0.00104845,0.00159075,0.00215343,0.00291768,0.073168,0.13142,40.49
benchmark_stage9/renders,S8_charcoal_preset_pos_1x_seed9999_00001_.png,0.395594,0.00207042,0.00096542,0.00175579,0.00263846,0.00322184,0.076612,0.12332,42.05
benchmark_stage9/renders,S8_charcoal_preset_pos_2x_seed1337_00001_.png,0.309921,0.00203724,0.00057867,0.00120048,0.00223913,0.00317305,0.081217,0.13293,36.99
benchmark_stage9/renders,S8_charcoal_preset_pos_2x_seed4242145_00001_.png,0.295526,0.00217452,0.00051640,0.00087643,0.00156904,0.00229747,0.062251,0.11537,34.23
benchmark_stage9/renders,S8_charcoal_preset_pos_2x_seed42_00001_.png,0.273230,0.00261750,0.00052235,0.00092857,0.00170180,0.00246176,0.066083,0.15289,35.93
benchmark_stage9/renders,S8_charcoal_preset_pos_2x_seed777_00001_.png,0.310875,0.00275226,0.00065272,0.00123340,0.00225388,0.00304884,0.076635,0.13249,37.50
benchmark_stage9/renders,S8_charcoal_preset_pos_2x_seed9999_00001_.png,0.303363,0.00217390,0.00056609,0.00102331,0.00184087,0.00277179,0.069562,0.12914,33.56
benchmark_stage9/renders,S8_charcoal_rand_pos_1x_seed1337_00001_.png,0.560985,0.00187026,0.00165752,0.00242647,0.00291853,0.00292821,0.071850,0.08350,18.31
benchmark_stage9/renders,S8_charcoal_rand_pos_1x_seed4242145_00001_.png,0.547540,0.00194068,0.00165294,0.00211201,0.00247324,0.00286932,0.065963,0.06322,352.81
benchmark_stage9/renders,S8_charcoal_rand_pos_1x_seed42_00001_.png,0.534454,0.00163549,0.00132318,0.00185692,0.00238891,0.00254088,0.060404,0.07886,37.76
benchmark_stage9/renders,S8_charcoal_rand_pos_1x_seed777_00001_.png,0.541500,0.00211179,0.00161619,0.00220542,0.00257265,0.00269345,0.068269,0.06439,24.47
benchmark_stage9/renders,S8_charcoal_rand_pos_1x_seed9999_00001_.png,0.570352,0.00175101,0.00169157,0.00270768,0.00355123,0.00347636,0.080587,0.09557,12.39
benchmark_stage9/renders,S8_charcoal_rand_pos_2x_seed1337_00001_.png,0.597813,0.00160385,0.00170263,0.00252160,0.00289862,0.00298654,0.070537,0.11389,237.02
benchmark_stage9/renders,S8_charcoal_rand_pos_2x_seed4242145_00001_.png,0.574795,0.00157586,0.00168169,0.00244419,0.00293711,0.00289150,0.071112,0.09198,239.35
benchmark_stage9/renders,S8_charcoal_rand_pos_2x_seed42_00001_.png,0.567533,0.00144288,0.00159193,0.00244238,0.00293849,0.00304795,0.069411,0.08991,304.10
benchmark_stage9/renders,S8_charcoal_rand_pos_2x_seed777_00001_.png,0.573622,0.00176938,0.00184778,0.00304399,0.00386712,0.00362638,0.076134,0.08961,237.52
benchmark_stage9/renders,S8_charcoal_rand_pos_2x_seed9999_00001_.png,0.556952,0.00154831,0.00175715,0.00308431,0.00489427,0.00535724,0.092025,0.11476,252.09
benchmark_latenti_b6/renders,P01_B6neg_lat_0.200_krea2_seed1337_00001_.png,0.457961,0.00072909,0.00041103,0.00045286,0.00060872,0.00097306,0.032816,0.32611,352.56
benchmark_latenti_b6/renders,P01_B6neg_lat_0.200_krea2_seed42_00001_.png,0.430761,0.00071166,0.00036544,0.00041106,0.00056454,0.00089161,0.032327,0.34331,352.42
benchmark_latenti_b6/renders,P01_B6neg_lat_0.200_krea2_seed777_00001_.png,0.461428,0.00069057,0.00044533,0.00049184,0.00061528,0.00097645,0.034187,0.33588,349.54
benchmark_latenti_b6/renders,P01_B6pos_lat_0.200_krea2_seed1337_00001_.png,0.568160,0.00152078,0.00184325,0.00183507,0.00130388,0.00111562,0.036464,0.31339,20.55
benchmark_latenti_b6/renders,P01_B6pos_lat_0.200_krea2_seed42_00001_.png,0.565310,0.00161634,0.00174795,0.00170025,0.00123835,0.00112335,0.036938,0.31538,22.98
benchmark_latenti_b6/renders,P01_B6pos_lat_0.200_krea2_seed777_00001_.png,0.566375,0.00155171,0.00179013,0.00175783,0.00131355,0.00110033,0.037396,0.32986,28.15
benchmark_latenti_b6/renders,P01_baseline_lat_krea2_seed1337_00001_.png,0.608051,0.00135584,0.00135978,0.00127237,0.00108709,0.00112506,0.041111,0.27738,359.87
benchmark_latenti_b6/renders,P01_baseline_lat_krea2_seed42_00001_.png,0.609777,0.00138619,0.00127346,0.00111635,0.00098000,0.00106241,0.037438,0.30339,8.41
benchmark_latenti_b6/renders,P01_baseline_lat_krea2_seed777_00001_.png,0.606382,0.00132885,0.00136471,0.00124358,0.00113446,0.00121329,0.040051,0.30190,9.88
benchmark_latenti_b6/renders,P02_B6neg_lat_0.200_krea2_seed1337_00001_.png,0.544798,0.00274615,0.00173432,0.00156938,0.00189629,0.00226579,0.110966,0.33405,51.86
benchmark_latenti_b6/renders,P02_B6neg_lat_0.200_krea2_seed42_00001_.png,0.553319,0.00309389,0.00187767,0.00154495,0.00184437,0.00250738,0.105353,0.33097,51.77
benchmark_latenti_b6/renders,P02_B6neg_lat_0.200_krea2_seed777_00001_.png,0.526976,0.00287002,0.00154013,0.00134583,0.00167166,0.00218077,0.112083,0.31429,43.94
benchmark_latenti_b6/renders,P02_B6pos_lat_0.200_krea2_seed1337_00001_.png,0.590507,0.00226723,0.00278277,0.00269078,0.00205415,0.00175250,0.061484,0.25694,57.19
benchmark_latenti_b6/renders,P02_B6pos_lat_0.200_krea2_seed42_00001_.png,0.576349,0.00209346,0.00250160,0.00238504,0.00189998,0.00170770,0.059932,0.25615,48.17
benchmark_latenti_b6/renders,P02_B6pos_lat_0.200_krea2_seed777_00001_.png,0.598837,0.00238733,0.00270566,0.00256311,0.00192990,0.00158054,0.060327,0.25428,52.44
benchmark_latenti_b6/renders,P02_baseline_lat_krea2_seed1337_00001_.png,0.649338,0.00313771,0.00310817,0.00259215,0.00249423,0.00240912,0.083785,0.24703,55.04
benchmark_latenti_b6/renders,P02_baseline_lat_krea2_seed42_00001_.png,0.629271,0.00283840,0.00288420,0.00228515,0.00203293,0.00208098,0.081299,0.25603,51.59
benchmark_latenti_b6/renders,P02_baseline_lat_krea2_seed777_00001_.png,0.637254,0.00304679,0.00268839,0.00215102,0.00184940,0.00184474,0.079712,0.24358,54.35
benchmark_pavimento_rumore/renders,P01_baseline_lat_krea2_seed101_00001_.png,0.589842,0.00129236,0.00123035,0.00116373,0.00107725,0.00113356,0.038292,0.34035,11.71
benchmark_pavimento_rumore/renders,P01_baseline_lat_krea2_seed102_00001_.png,0.599696,0.00129524,0.00130630,0.00126204,0.00112338,0.00112723,0.039007,0.29984,7.98
benchmark_pavimento_rumore/renders,P01_baseline_lat_krea2_seed103_00001_.png,0.600860,0.00130411,0.00125258,0.00111790,0.00097996,0.00112909,0.038286,0.30224,6.17
benchmark_pavimento_rumore/renders,P01_baseline_lat_krea2_seed104_00001_.png,0.609535,0.00131049,0.00131853,0.00121300,0.00105261,0.00113488,0.038138,0.29406,6.25
benchmark_pavimento_rumore/renders,P01_baseline_lat_krea2_seed105_00001_.png,0.586708,0.00133973,0.00128733,0.00118781,0.00107660,0.00110804,0.039062,0.32810,17.53
benchmark_pavimento_rumore/renders,P01_baseline_lat_krea2_seed106_00001_.png,0.618881,0.00131440,0.00131512,0.00114767,0.00096838,0.00098314,0.036919,0.29323,6.98
benchmark_pavimento_rumore/renders,P01_baseline_lat_krea2_seed107_00001_.png,0.617430,0.00141122,0.00139416,0.00131499,0.00112282,0.00113849,0.040387,0.31095,4.79
benchmark_pavimento_rumore/renders,P01_baseline_lat_krea2_seed108_00001_.png,0.597581,0.00126235,0.00130276,0.00119862,0.00098541,0.00111449,0.034786,0.30460,5.59
benchmark_pavimento_rumore/renders,P01_baseline_lat_krea2_seed109_00001_.png,0.611710,0.00132462,0.00130027,0.00115269,0.00102460,0.00115145,0.038957,0.29302,1.32
benchmark_pavimento_rumore/renders,P01_baseline_lat_krea2_seed110_00001_.png,0.598075,0.00126847,0.00125831,0.00113067,0.00097365,0.00105826,0.040054,0.29607,356.55
benchmark_pavimento_rumore/renders,P01_baseline_lat_krea2_seed111_00001_.png,0.605000,0.00122381,0.00120118,0.00107000,0.00090813,0.00098285,0.036022,0.29303,0.10
benchmark_pavimento_rumore/renders,P01_baseline_lat_krea2_seed112_00001_.png,0.599544,0.00126784,0.00132104,0.00123588,0.00103328,0.00103102,0.037155,0.30196,4.02
benchmark_pavimento_rumore/renders,P01_baseline_lat_krea2_seed113_00001_.png,0.606367,0.00135565,0.00133757,0.00118319,0.00096866,0.00099694,0.035326,0.31552,7.58
benchmark_pavimento_rumore/renders,P01_baseline_lat_krea2_seed114_00001_.png,0.596491,0.00128064,0.00129935,0.00117870,0.00100372,0.00105329,0.037351,0.34042,16.11
benchmark_pavimento_rumore/renders,P01_baseline_lat_krea2_seed115_00001_.png,0.593030,0.00127099,0.00132973,0.00120155,0.00102997,0.00114574,0.039786,0.35317,16.22
benchmark_pavimento_rumore/renders,P01_baseline_lat_krea2_seed42_00001_.png,0.609777,0.00138619,0.00127346,0.00111635,0.00098000,0.00106241,0.037438,0.30339,8.41
benchmark_pavimento_rumore/renders,P02_baseline_lat_krea2_seed101_00001_.png,0.642618,0.00295732,0.00297143,0.00248547,0.00239267,0.00238830,0.080938,0.23731,56.13
benchmark_pavimento_rumore/renders,P02_baseline_lat_krea2_seed102_00001_.png,0.637432,0.00306214,0.00302208,0.00244282,0.00206538,0.00202762,0.079967,0.26051,51.65
benchmark_pavimento_rumore/renders,P02_baseline_lat_krea2_seed103_00001_.png,0.619307,0.00311647,0.00315736,0.00268956,0.00229909,0.00241084,0.083346,0.25741,48.62
benchmark_pavimento_rumore/renders,P02_baseline_lat_krea2_seed104_00001_.png,0.620641,0.00287121,0.00291515,0.00235204,0.00222098,0.00225623,0.084150,0.23976,54.94
benchmark_pavimento_rumore/renders,P02_baseline_lat_krea2_seed105_00001_.png,0.633841,0.00295284,0.00292512,0.00227998,0.00212599,0.00226624,0.082526,0.23586,57.00
benchmark_pavimento_rumore/renders,P02_baseline_lat_krea2_seed106_00001_.png,0.652932,0.00297257,0.00293150,0.00231745,0.00204959,0.00204965,0.076100,0.24555,57.17
benchmark_pavimento_rumore/renders,P02_baseline_lat_krea2_seed107_00001_.png,0.648399,0.00282059,0.00279799,0.00245777,0.00203926,0.00204115,0.080321,0.25457,57.39
benchmark_pavimento_rumore/renders,P02_baseline_lat_krea2_seed108_00001_.png,0.644332,0.00298713,0.00298460,0.00244693,0.00227205,0.00228545,0.083336,0.23348,57.38
benchmark_pavimento_rumore/renders,P02_baseline_lat_krea2_seed109_00001_.png,0.623799,0.00285236,0.00273033,0.00212878,0.00203551,0.00209524,0.083808,0.23517,53.16
benchmark_pavimento_rumore/renders,P02_baseline_lat_krea2_seed110_00001_.png,0.656186,0.00316119,0.00296829,0.00241819,0.00227686,0.00227025,0.078029,0.24770,55.54
benchmark_pavimento_rumore/renders,P02_baseline_lat_krea2_seed111_00001_.png,0.634688,0.00287110,0.00290356,0.00228952,0.00204146,0.00212277,0.081357,0.24498,56.01
benchmark_pavimento_rumore/renders,P02_baseline_lat_krea2_seed112_00001_.png,0.643724,0.00307322,0.00311565,0.00251437,0.00227858,0.00233813,0.081865,0.25171,49.05
benchmark_pavimento_rumore/renders,P02_baseline_lat_krea2_seed113_00001_.png,0.628980,0.00293637,0.00281469,0.00222809,0.00221960,0.00217788,0.081295,0.24721,53.88
benchmark_pavimento_rumore/renders,P02_baseline_lat_krea2_seed114_00001_.png,0.604493,0.00283043,0.00278970,0.00221272,0.00209295,0.00214819,0.088975,0.24570,50.41
benchmark_pavimento_rumore/renders,P02_baseline_lat_krea2_seed115_00001_.png,0.632654,0.00302605,0.00299377,0.00242622,0.00227719,0.00232945,0.083126,0.23945,48.89
benchmark_pavimento_rumore/renders,P02_baseline_lat_krea2_seed42_00001_.png,0.629271,0.00283840,0.00288420,0.00228515,0.00203293,0.00208098,0.081299,0.25603,51.59
