file,coherence,band0,band1,band2,band3,band4,sat,hue,stroke_width_median_px,stroke_width_std_px,stroke_width_cv,edge_density,contour_mean_length_px,contour_n_components,crosshatch_entropy_mean,crosshatch_entropy_p90,color_top4_cluster_share,color_cluster_entropy_norm,color_n_effective,colorfulness_hs,luminance_hist_n_peaks,shadow_edge_transition_width_px,shadow_edge_transition_width_std,glcm_contrast,glcm_homogeneity,glcm_energy,glcm_correlation,lbp_entropy,lbp_uniform_share,fft_radial_slope,fft_high_freq_share
P01_blacksmith_baseline_krea2_seed2718281_00001_.png,0.5826911330223083,0.0012857313267886639,0.0012761186808347702,0.0011516676750034094,0.0010025877272710204,0.0010520393261685967,0.28870540857315063,4.949786299046836,2.799999952316284,2.1445226669311523,0.7659009655186273,0.12215423583984375,64.7956292998786,2471,3.248739004135132,4.01790714263916,0.5750000000000001,0.8578319854788186,10.78779377033898,39.18854904174805,1,17.0,6.3224603748501504,8.577284951508386,0.7162321631731174,0.2547539585693837,0.8859723895609442,3.1481279442257337,0.8331550598144531,-3.391774492046351,1.9386179361422298e-05
F4_closeup_baseline_krea2_seed2718281_00001_.png,0.5691304802894592,0.0010799054289236665,0.001357578905299306,0.0016205512220039964,0.0018156208097934723,0.0019252641359344125,0.18300502002239227,214.78468460343646,4.0,2.7214748859405518,0.6803687214851379,0.072021484375,133.90070921985816,705,2.66605806350708,3.8102099895477295,0.56765,0.8747000925308652,11.304304833549837,30.680347442626953,4,12.0,6.029698019993607,8.653846704401715,0.8173786302325008,0.2991597245685538,0.9508620395439523,2.8155649253755537,0.87139892578125,-3.5480364460434566,5.079556994962734e-06
S1_rally_baseline_krea2_seed2718281_00001_.png,0.566943883895874,0.0007411637343466282,0.0007789909141138196,0.0009981319308280945,0.0012938621221110225,0.0015840645646676421,0.3389831781387329,73.30905970411916,4.0,2.1032471656799316,0.5258117914199829,0.1401153564453125,52.72810795291416,3483,3.634727716445923,4.057021141052246,0.5028,0.9107641804943523,12.49307505828073,32.46760559082031,3,22.0,5.11345850170791,5.4626213627282,0.6409767299789035,0.1317148834497584,0.9437899547491997,3.152939206023135,0.884857177734375,-3.6543994050591095,9.261584629867292e-06
P01_blacksmith_blk00_pos_d0.350_krea2_seed2718281_00001_.png,0.5281892418861389,0.0006081009050831199,0.0003464450710453093,0.0003223221574444324,0.00038203989970497787,0.0005144645110704005,0.2947728633880615,343.9636689987101,2.0,1.5704747438430786,0.7852373719215393,0.10583648681640626,61.435783879539414,2258,3.3119425773620605,4.030985355377197,0.5124,0.8871793520988556,11.702277327430586,30.83438491821289,1,21.0,4.980960886913673,3.0610577443403946,0.7275594408426496,0.23698025522594668,0.9357477141889468,3.1280220752693495,0.8043235778808593,-3.1659511514810075,2.1157410243534213e-05
F4_closeup_blk00_pos_d0.350_krea2_seed2718281_00001_.png,0.5359597206115723,0.001249391003511846,0.0012385236332193017,0.0012996923178434372,0.001413063146173954,0.0018604530487209558,0.2317921370267868,213.2627039189742,2.799999952316284,2.53460693359375,0.9052167774135177,0.06959228515625,86.95519542421354,1049,2.2960257530212402,3.3367538452148438,0.64895,0.828187220395246,9.936576523117115,40.0467414855957,2,14.0,5.799620728371908,8.516438718386746,0.832759349248474,0.3693572144432512,0.9495529210065204,2.3546451952075365,0.9102966308593751,-3.45330158840049,4.820867529871379e-06
S1_rally_blk00_pos_d0.350_krea2_seed2718281_00001_.png,0.47713738679885864,0.0009560566395521164,0.00037720342515967786,0.00041268905624747276,0.0006037907442077994,0.000978051102720201,0.3243706524372101,95.9408914708686,2.0,1.6706351041793823,0.8353175520896912,0.1155792236328125,37.05772994129158,4088,3.7257416248321533,4.088978290557861,0.5810500000000001,0.8782649962046462,11.416590718398728,26.678348541259766,3,23.0,4.755808978404178,4.069229253896289,0.6684306470825616,0.14818804824123377,0.9477667964488429,3.2310048198487076,0.8204627990722656,-3.0064703830673953,2.6142063859038352e-05
P01_blacksmith_blk00_neg_d0.350_krea2_seed2718281_00001_.png,0.6235847473144531,0.0014164985623210669,0.0018598835449665785,0.0020488009322434664,0.0015755528584122658,0.0013595996424555779,0.4032450318336487,17.223816143598746,4.0,2.219587802886963,0.5548969507217407,0.13981475830078124,55.048963652748576,3329,3.57775616645813,4.04074239730835,0.5882000000000001,0.8590322518923686,10.823753678529457,49.10702133178711,1,21.0,5.560848904086891,11.082215898459866,0.637088849077657,0.21831501216293137,0.8731273518650982,2.7654083445477653,0.9609054565429687,-3.4122130773754815,2.4902060533492325e-05
F4_closeup_blk00_neg_d0.350_krea2_seed2718281_00001_.png,0.640666127204895,0.0011846489505842328,0.0017986741149798036,0.0030036165844649076,0.0028005936183035374,0.0025042849592864513,0.24454858899116516,304.9479469863012,5.599999904632568,2.9462368488311768,0.5261137319652307,0.0768096923828125,73.2721979621543,1374,3.4005935192108154,4.060805797576904,0.54495,0.8994212872258347,12.106292000668144,31.541948318481445,4,17.0,6.063037241018759,11.08922468562831,0.7228872274005803,0.1870375246137394,0.9441941537279723,2.734646618940733,0.9656532287597656,-3.615576669065411,5.662202668093496e-06
S1_rally_blk00_neg_d0.350_krea2_seed2718281_00001_.png,0.5813825130462646,0.0007190000033006072,0.0013085156679153442,0.0018381845438852906,0.0014547797618433833,0.0012264354154467583,0.40109091997146606,73.85050653774854,4.0,2.1122405529022217,0.5280601382255554,0.14198379516601561,49.416091343600634,3766,3.8104066848754883,4.075496196746826,0.5762499999999999,0.8790632913296037,11.441887546621231,40.335140228271484,2,22.0,4.106778722568477,7.525856501318312,0.588740433261888,0.12153365397989943,0.9146470563772524,2.558549046342451,0.9700904846191406,-3.8321764174652126,9.022697282087138e-06
P01_blacksmith_blk01_pos_d0.350_krea2_seed2718281_00001_.png,0.7104461193084717,0.0014933469938114285,0.001416535465978086,0.001232157927006483,0.0011440844973549247,0.0011693609412759542,0.37982404232025146,1.1643649331538275,2.799999952316284,2.115025281906128,0.7553661849731409,0.14190444946289063,62.289685197588746,2986,2.7885632514953613,3.6959776878356934,0.6102500000000001,0.8567661971178191,10.75596297058166,44.64228057861328,3,17.0,6.380456079774293,9.38827462126684,0.724851667343792,0.24588286666362727,0.8776775563910525,2.908519674553661,0.906072998046875,-3.2580664082107353,2.8428832728647393e-05
F4_closeup_blk01_pos_d0.350_krea2_seed2718281_00001_.png,0.635603129863739,0.001597598777152598,0.00213174382224679,0.002534273313358426,0.0023915618658065796,0.0022697835229337215,0.2311062067747116,216.42657342755288,4.393799781799316,2.725937843322754,0.6204055666383705,0.07160491943359375,130.8981868898187,717,2.409566640853882,3.5065760612487793,0.5932,0.835963659672589,10.153144038499793,42.147247314453125,2,11.0,6.223133082011857,12.781121906697587,0.8362985949225024,0.2867542923384726,0.9367890966246082,2.1286237196177935,0.9673835754394531,-3.5111501200870663,6.762092864647795e-06
S1_rally_blk01_pos_d0.350_krea2_seed2718281_00001_.png,0.6771381497383118,0.0009047944331541657,0.001097734784707427,0.0015658203046768904,0.001867563114501536,0.002033074852079153,0.37074458599090576,53.24629846429443,4.393799781799316,2.488340139389038,0.5663298882431168,0.11763916015625,50.65440210249672,3044,3.4118621349334717,3.9699883460998535,0.51415,0.925498382154045,13.014008794066102,37.74280548095703,3,20.0,5.381957383671822,7.28947861451235,0.6637418477537542,0.14007573046801194,0.9386008617496175,2.990939295264459,0.9151741027832031,-3.5201015844753907,1.4125744208371409e-05
P01_blacksmith_blk01_neg_d0.350_krea2_seed2718281_00001_.png,0.572208046913147,0.0011316246818751097,0.0012352537596598268,0.0011329271364957094,0.001013485947623849,0.0010500483913347125,0.28239795565605164,1.5054816029113298,2.799999952316284,2.1065855026245117,0.7523519780355177,0.121209716796875,62.72088432688512,2533,3.268604040145874,4.033570289611816,0.497,0.89396645440175,11.924573960280465,37.08605194091797,1,17.0,5.818208157038527,8.031655152090574,0.7083228195635196,0.2396878365291475,0.8933274586184639,3.1548800118891083,0.8414237976074219,-3.5088159010530506,1.4224622390240362e-05
F4_closeup_blk01_neg_d0.350_krea2_seed2718281_00001_.png,0.55399489402771,0.0011773464502766728,0.0015617858152836561,0.0017555340891703963,0.0017608355265110731,0.0018831535708159208,0.17096057534217834,213.56742468123804,4.0,2.5017755031585693,0.6254438757896423,0.07761154174804688,123.00725513905684,827,2.8245484828948975,3.9402809143066406,0.5641999999999999,0.86927295372413,11.135479787803247,28.382593154907227,5,12.0,5.66266224933114,9.63022879621282,0.801730483380486,0.28760944556436185,0.9426460662087386,2.9509939585524525,0.8521530151367187,-3.557613573919772,5.2061643518752775e-06
S1_rally_blk01_neg_d0.350_krea2_seed2718281_00001_.png,0.4937606751918793,0.0007293254602700472,0.0006448433268815279,0.0007073342567309737,0.0008646637434139848,0.0010984253603965044,0.315654993057251,74.80431765401373,2.799999952316284,1.8338041305541992,0.6549300577798921,0.14587860107421874,50.08014667365113,3818,3.795959234237671,4.101902008056641,0.5577500000000001,0.8825797490929425,11.553988000636899,30.293994903564453,4,23.0,4.53606194974645,4.792772523562782,0.6353218529979567,0.12952139431754478,0.9470514166840057,3.189339921262551,0.8760818481445313,-3.5554026676600428,9.118116749215157e-06
P01_blacksmith_blk02_pos_d0.350_krea2_seed2718281_00001_.png,0.6201373338699341,0.0013015643926337361,0.001230648485943675,0.0010587170254439116,0.0008931009215302765,0.0009248692658729851,0.2998208701610565,355.83557853892074,2.799999952316284,2.0144593715667725,0.7194497878117184,0.12953414916992187,65.78186749321968,2581,3.1133387088775635,3.959500312805176,0.55035,0.8833147716183978,11.57755805672578,37.35790252685547,3,15.0,6.024745559582433,8.420532697044024,0.708102001008362,0.21624728543206717,0.8787841959969658,3.1524830468163545,0.8220901489257812,-3.3591708301309624,1.996731353036146e-05
F4_closeup_blk02_pos_d0.350_krea2_seed2718281_00001_.png,0.6136066317558289,0.0015808014431968331,0.0019402367761358619,0.0023771810811012983,0.002432312350720167,0.0026107754092663527,0.2415197342634201,216.02884738510772,4.393799781799316,2.7808947563171387,0.6329133994308515,0.06924972534179688,125.02341597796143,726,2.3288826942443848,3.404630184173584,0.6164,0.863053423875436,10.94510352653723,40.230926513671875,3,9.0,6.074225486548358,12.185037472058248,0.8398969422002707,0.31502470550353046,0.9369182236901954,2.2440493826892953,0.9492591857910158,-3.5004944642756692,7.2006654935981785e-06
S1_rally_blk02_pos_d0.350_krea2_seed2718281_00001_.png,0.5625322461128235,0.0009127464145421982,0.000862633460201323,0.001038854126818478,0.00113846140448004,0.0012036123080179095,0.31636011600494385,72.73613899238055,4.0,2.002152919769287,0.5005382299423218,0.15148239135742186,49.2437996031746,4032,3.695652723312378,4.057168006896973,0.5327,0.9113320118879495,12.51275918329701,33.14906692504883,3,21.0,4.916410657176636,6.166766393275226,0.6252196195527602,0.12776648589234316,0.9330609582769216,3.188747266336841,0.8704261779785157,-3.5018767790572936,1.3618975089172338e-05
P01_blacksmith_blk02_neg_d0.350_krea2_seed2718281_00001_.png,0.6028367877006531,0.001208488130941987,0.0012023249873891473,0.0010770730441436172,0.0009814637014642358,0.0010606020223349333,0.31896811723709106,2.3202320149433935,2.799999952316284,2.0719101428985596,0.7399679207796356,0.12367782592773438,59.95081360946745,2704,3.2376554012298584,4.004839897155762,0.52505,0.892106531033237,11.863239567402688,39.086875915527344,1,17.0,5.872069203113263,8.096735261895937,0.7083310485363706,0.21662434458764435,0.8803825896912063,3.1616200303194,0.8357536315917968,-3.4187072019671754,1.9150997573452037e-05
F4_closeup_blk02_neg_d0.350_krea2_seed2718281_00001_.png,0.5685228109359741,0.0012262521777302027,0.0016476623713970184,0.002055660355836153,0.0023785955272614956,0.002624153858050704,0.21546439826488495,219.48695969679136,4.0,2.8744616508483887,0.7186154127120972,0.07018585205078125,177.59459459459458,518,2.272887945175171,3.3896126747131348,0.6617500000000001,0.8220086399724957,9.76780608722736,34.06589889526367,4,12.0,6.362582882564282,10.34821050583409,0.8336395830197239,0.3419927011156717,0.9481571673790834,2.2964520056610676,0.9433242797851562,-3.6250087914807096,4.512754632781558e-06
S1_rally_blk02_neg_d0.350_krea2_seed2718281_00001_.png,0.5464135408401489,0.0007164596463553607,0.0007516947807744145,0.0009713059989735484,0.0012265944387763739,0.0015932118985801935,0.33238711953163147,78.03023260180507,4.0,2.0981640815734863,0.5245410203933716,0.13398590087890624,53.95330261136713,3255,3.6835076808929443,4.080348491668701,0.5486,0.8960276671690851,11.992916751577924,33.89908981323242,2,23.0,4.938973434207038,5.29347514053578,0.649360606515756,0.12976138602450177,0.9481254899192957,3.1476637795993634,0.887030792236328,-3.6403340538584583,8.820838849584394e-06
P01_blacksmith_blk03_pos_d0.350_krea2_seed2718281_00001_.png,0.606945276260376,0.0011229835217818618,0.0010381259489804506,0.0009300230885855854,0.0008240551687777042,0.0009176878957077861,0.29435044527053833,9.562955854066619,2.799999952316284,1.9609534740447998,0.7003405383712996,0.12850189208984375,64.3353705118411,2618,3.2441632747650146,3.988875150680542,0.54015,0.8842315938306307,11.607025309281772,37.610355377197266,2,17.0,6.032514813879845,7.2168122915609825,0.7085623456027685,0.2135711385279438,0.8829365538422973,3.166851416320294,0.8282043457031251,-3.4068329770283747,1.797460203384302e-05
F4_closeup_blk03_pos_d0.350_krea2_seed2718281_00001_.png,0.5866091847419739,0.0015900882426649332,0.0018495589029043913,0.002303096931427717,0.0025794622488319874,0.0027136735152453184,0.2769727408885956,218.07921871291154,4.393799781799316,2.7194395065307617,0.6189265878239716,0.07444610595703124,102.49789915966386,952,2.352231025695801,3.4445271492004395,0.6690499999999999,0.8124872362131322,9.51332024972843,44.429222106933594,2,11.0,5.697751749593869,12.131288392063386,0.8169357456760535,0.3225739626085863,0.9390068901756353,2.4150206037788258,0.9282646179199219,-3.46922750494514,7.2324137675548405e-06
S1_rally_blk03_pos_d0.350_krea2_seed2718281_00001_.png,0.5735291838645935,0.0008008357835933566,0.0007224335568025708,0.0008419789373874664,0.0010536605259403586,0.0012654268648475409,0.2898067235946655,77.18902703581129,4.0,2.0635881423950195,0.5158970355987549,0.13553009033203126,48.206784260515605,3685,3.645310640335083,4.055728912353516,0.555,0.890870702007835,11.822660383052344,31.389081954956055,3,22.0,4.633591787920722,5.312908115047668,0.6434706117322225,0.12622757805070553,0.9383544934465939,3.1476380838951656,0.8808021545410157,-3.5163987011942064,1.1054295567252327e-05
P01_blacksmith_blk03_neg_d0.350_krea2_seed2718281_00001_.png,0.5860319137573242,0.0012649452546611428,0.0012258264468982816,0.0010789523366838694,0.0009807860478758812,0.0010271689388900995,0.33483609557151794,3.92359285478282,2.799999952316284,2.128376007080078,0.760134301187895,0.11921005249023438,62.82710092480901,2487,3.1926522254943848,4.014815330505371,0.55075,0.8770103897407798,11.376947009752904,40.653263092041016,1,17.0,6.016425278525307,8.307657851839924,0.7287436813636432,0.2605236592546246,0.8872780504961265,3.1292459178785244,0.8362022399902344,-3.370948034923518,2.004555487486121e-05
F4_closeup_blk03_neg_d0.350_krea2_seed2718281_00001_.png,0.5607249736785889,0.0011873787734657526,0.0015551588730886579,0.0020306152291595936,0.0022392761893570423,0.002268363954499364,0.1795377880334854,214.29102731780173,4.393799781799316,2.8176867961883545,0.6412870262910515,0.06684722900390624,130.19019316493313,673,2.6047770977020264,3.649641513824463,0.6386999999999999,0.8347348834380841,10.11861223857602,31.19976806640625,5,11.0,5.858928949688672,9.901924115265375,0.8122496350622221,0.26885577002829475,0.94461042916301,2.6021549714470407,0.909123992919922,-3.574448047122878,5.084272054456008e-06
S1_rally_blk03_neg_d0.350_krea2_seed2718281_00001_.png,0.56396484375,0.0006931499810889363,0.0006472941604442894,0.0008069728501141071,0.0010414889547973871,0.0013544021639972925,0.3395867943763733,79.47281001345327,2.799999952316284,1.988994836807251,0.7103553109570113,0.13153152465820311,51.30982142857143,3360,3.6606667041778564,4.06943416595459,0.62885,0.8577262600207917,10.784631973130969,33.594932556152344,2,22.0,5.091247126573856,4.741614144204396,0.6569115295748041,0.14421391451065657,0.9404413206640035,3.16228967193209,0.8807907104492186,-3.5393322178894433,1.2187972186685036e-05
P01_blacksmith_blk04_pos_d0.350_krea2_seed2718281_00001_.png,0.6239004135131836,0.001393239595927298,0.0013399699237197638,0.0011446947464719415,0.0009545015054754913,0.0010398713639006019,0.29347851872444153,358.4888914084633,2.799999952316284,1.844854474067688,0.6588766091019189,0.12239151000976563,63.76033386327504,2516,3.1396052837371826,3.9938151836395264,0.5703499999999999,0.8762030868867876,11.351510253910474,44.614532470703125,3,16.0,6.171261401547941,9.05608668311796,0.7024323102716921,0.19467925597473423,0.8818670084347042,3.16572373150206,0.8231407165527344,-3.347012096085175,1.983154941804115e-05
F4_closeup_blk04_pos_d0.350_krea2_seed2718281_00001_.png,0.5818753838539124,0.0013532581506296992,0.0017321126069873571,0.0021752002649009228,0.0024126642383635044,0.0025619466323405504,0.1853502243757248,206.01602834323106,4.0,2.7984209060668945,0.6996052265167236,0.06606979370117187,131.01210287443268,661,2.337373733520508,3.4833426475524902,0.5908,0.86227509507494,10.92150961695591,31.740970611572266,2,10.0,5.8702938970291125,11.055938276425332,0.8260010611461797,0.2828292136414622,0.9443657850155069,2.3213579261345823,0.9448768615722657,-3.6359077204759567,4.646671190566456e-06
S1_rally_blk04_pos_d0.350_krea2_seed2718281_00001_.png,0.5712532997131348,0.0008074968354776502,0.0006689188303425908,0.0007687735487706959,0.000984804006293416,0.0013492783764377236,0.2982449233531952,78.92392841506788,2.799999952316284,1.9127403497695923,0.683121565122631,0.126611328125,48.18583042973287,3444,3.655369758605957,4.056704998016357,0.49015000000000003,0.9220124788711413,12.888834586984366,30.699115753173828,2,22.0,5.011437380627025,5.073929235137005,0.6543476359471337,0.12955182777937368,0.9400584139724881,3.1696742456901332,0.8741554260253906,-3.4544793409045007,1.3575599920360749e-05
P01_blacksmith_blk04_neg_d0.350_krea2_seed2718281_00001_.png,0.5849286317825317,0.0012674666941165924,0.0012240622891113162,0.0010314732789993286,0.0008779267081990838,0.0009559784084558487,0.2944875657558441,358.487266983744,2.799999952316284,1.984959602355957,0.7089141557712922,0.12915420532226562,62.26002206693637,2719,3.238563060760498,3.9891843795776367,0.5524000000000001,0.8748076465665826,11.307676315035732,38.63589096069336,2,17.0,5.831433802886458,8.282862252859793,0.7035644314900942,0.23915856260546015,0.8796068313472596,3.151731925722008,0.8367073059082031,-3.3612618539473758,1.9725527607834106e-05
F4_closeup_blk04_neg_d0.350_krea2_seed2718281_00001_.png,0.5440909266471863,0.0011602324666455388,0.0016285704914480448,0.0022043175995349884,0.0023487848229706287,0.0024004073347896338,0.23851719498634338,211.132504266014,4.393799781799316,2.7488672733306885,0.6256241544545283,0.06388015747070312,143.12649572649573,585,2.5258145332336426,3.6064610481262207,0.6372,0.8261703436826011,9.881166558805631,38.7064094543457,2,9.0,5.540780066921985,10.12990267906741,0.8225426160259808,0.3132427314129781,0.9452502348283213,2.653445008354601,0.8932731628417969,-3.648256993192199,4.263208440245079e-06
S1_rally_blk04_neg_d0.350_krea2_seed2718281_00001_.png,0.556875467300415,0.00072933838237077,0.0007350397063419223,0.0008656129357405007,0.0010551962768658996,0.0012755729258060455,0.31048688292503357,76.31054009382187,2.799999952316284,1.9899623394012451,0.710700847603608,0.13087234497070313,50.55614500442087,3393,3.6811907291412354,4.076249599456787,0.5571999999999999,0.8897336446984484,11.785447045349681,31.791263580322266,3,22.0,4.944182631630964,5.179768916188687,0.6498940699799794,0.13356488010659232,0.9391267592801409,3.1413648542309804,0.8851821899414062,-3.6066279524728717,1.0713409103130238e-05
P01_blacksmith_blk05_pos_d0.350_krea2_seed2718281_00001_.png,0.6188598871231079,0.0012505515478551388,0.0012580303009599447,0.0011188790667802095,0.0009380027768202126,0.0010388639057055116,0.2883729040622711,353.9631773575655,2.799999952316284,2.0928661823272705,0.7474522207030606,0.1223114013671875,62.45266848461239,2567,3.1952550411224365,4.013158321380615,0.5641499999999999,0.8702970325202222,11.16714223387549,38.53811264038086,2,16.0,6.061887436555695,8.378809766270658,0.7055910146585707,0.19355258958690025,0.876898372756933,3.17027598896704,0.8313026428222656,-3.3844298791739496,1.9298658052326233e-05
F4_closeup_blk05_pos_d0.350_krea2_seed2718281_00001_.png,0.5878156423568726,0.001234024646691978,0.0016760692233219743,0.0022394154220819473,0.0025877333246171474,0.0026878651697188616,0.2124301940202713,207.2195077807456,4.393799781799316,2.823336601257324,0.6425728848530127,0.062131500244140624,164.5191919191919,495,2.4140703678131104,3.386490821838379,0.60735,0.8555756039164801,10.72051580306121,40.17613983154297,4,10.0,5.732094703098672,10.613518023034551,0.8217031470889571,0.25737191485405275,0.9461711908204464,2.4341797015599527,0.9356208801269531,-3.6343067341233732,4.241915007632314e-06
S1_rally_blk05_pos_d0.350_krea2_seed2718281_00001_.png,0.5549781918525696,0.0008552551153115928,0.000690554385073483,0.0007950919680297375,0.0010127356508746743,0.0012852007057517767,0.3073877990245819,66.23493179529147,2.799999952316284,1.8908233642578125,0.6752940701636939,0.14439926147460938,48.20860927152318,3926,3.6550488471984863,4.062872886657715,0.53805,0.9043948661567773,12.274390348753277,33.58323669433594,4,23.0,4.562485068282858,5.293746721494358,0.6339881556518049,0.12426564467363381,0.938923929335354,3.195017707636749,0.8661148071289063,-3.4257746775110105,1.4096964272586153e-05
P01_blacksmith_blk05_neg_d0.350_krea2_seed2718281_00001_.png,0.5882601737976074,0.0012314337072893977,0.0011895739007741213,0.0011273330310359597,0.0010237476089969277,0.001068608951754868,0.3059486448764801,359.17219853003206,2.799999952316284,2.156369686126709,0.7701320438748095,0.12183380126953125,64.08105939004815,2492,3.2199714183807373,4.001551628112793,0.5500499999999999,0.8647142038000588,10.995618215761079,39.2244758605957,1,18.0,6.064378565020134,8.138277029691796,0.7209281120433709,0.2709412319486615,0.8905928610680254,3.1348306118673963,0.8407295227050782,-3.38617934915677,1.9257444727591496e-05
F4_closeup_blk05_neg_d0.350_krea2_seed2718281_00001_.png,0.5869866013526917,0.0012068778742104769,0.0015347765292972326,0.0018108956282958388,0.0019087281543761492,0.0022027245722711086,0.18897297978401184,213.5528589718471,4.393799781799316,2.8082754611968994,0.639145068200371,0.07735061645507812,116.66858457997698,869,2.6871535778045654,3.8426871299743652,0.53055,0.8972531432677182,12.033734884515168,29.52318572998047,4,11.0,6.2865823979425075,9.728946296557643,0.8032505030890499,0.2776706770288443,0.947856766820544,2.8651942217854414,0.8727851867675782,-3.542916792852368,5.342882007397029e-06
S1_rally_blk05_neg_d0.350_krea2_seed2718281_00001_.png,0.5622921586036682,0.0007433011778630316,0.0007233673823066056,0.0008926078444346786,0.001157683553174138,0.0013484081719070673,0.31396931409835815,74.45931536299838,2.799999952316284,2.0474750995635986,0.7312411194399615,0.13241424560546874,48.615686274509805,3570,3.6446447372436523,4.0735063552856445,0.49225,0.9155093469710238,12.658524864267516,30.595169067382812,3,22.0,4.932829779047479,5.195108846228562,0.6483637337922421,0.13298129708264778,0.9425274057750345,3.150722556041314,0.8848617553710937,-3.5915581290754575,1.0277687395984046e-05
P01_blacksmith_blk06_pos_d0.350_krea2_seed2718281_00001_.png,0.6149882078170776,0.0013663592981174588,0.0013476882595568895,0.0011259934399276972,0.0008882243419066072,0.0010311739752069116,0.344546377658844,6.600637336202374,2.799999952316284,1.9259551763534546,0.6878411461258129,0.12217483520507813,66.44688796680498,2410,3.1397621631622314,3.9734785556793213,0.5600499999999999,0.8668267620612705,11.060211342388843,42.86129379272461,3,16.0,6.080562782341779,8.973314103519636,0.7138337628718641,0.20181260025510375,0.8740163938841963,3.1590816324240945,0.8261093139648437,-3.308974800123817,2.376659798638215e-05
F4_closeup_blk06_pos_d0.350_krea2_seed2718281_00001_.png,0.5793839693069458,0.0016133772442117333,0.0020267674699425697,0.0024811336770653725,0.0030005844309926033,0.0030209440737962723,0.24122555553913116,206.4143043582337,4.0,2.9548277854919434,0.7387069463729858,0.0760986328125,137.1994497936726,727,2.26208758354187,3.361449718475342,0.70685,0.789063667786492,8.915122806030658,44.781497955322266,2,12.0,6.038990315162193,13.038871781636198,0.8107129491763541,0.30456524184756195,0.926742122548242,2.29286860000798,0.9420120239257813,-3.6180007285355984,4.660197287729016e-06
S1_rally_blk06_pos_d0.350_krea2_seed2718281_00001_.png,0.6090070605278015,0.0006744507700204849,0.0007552953902631998,0.0009946520440280437,0.0012283980613574386,0.0013839952880516648,0.3425031006336212,76.65086803820819,4.0,2.156144380569458,0.5390360951423645,0.11723861694335938,56.89263235838578,2701,3.5692741870880127,4.02468204498291,0.54815,0.9095103694674693,12.449720752556562,36.22358322143555,3,21.0,5.259410279228205,5.1681386654178745,0.6669114735372665,0.1338577018399677,0.9452850964012771,3.1088627883300695,0.8870391845703125,-3.6193125777026514,9.623435591302551e-06
P01_blacksmith_blk06_neg_d0.350_krea2_seed2718281_00001_.png,0.6127115488052368,0.0011771779973059893,0.0012415619567036629,0.0010729484492912889,0.0009495486738160253,0.001042951480485499,0.28522002696990967,358.03032467606624,2.799999952316284,1.9720808267593384,0.7043145929798841,0.13024826049804689,63.417161961367015,2692,3.1831276416778564,3.9773306846618652,0.53005,0.8902043303072926,11.800837301388395,37.88065719604492,1,17.0,6.177665887645024,8.132101849915454,0.7012839105914064,0.2237834092414422,0.8799571245228985,3.1570804993669896,0.8393661499023438,-3.462346918524827,1.7085404041255365e-05
F4_closeup_blk06_neg_d0.350_krea2_seed2718281_00001_.png,0.5713291764259338,0.001182844745926559,0.0015424859011545777,0.0017771793063730001,0.001935882493853569,0.002126249484717846,0.23561468720436096,214.86795388960365,4.0,2.7087039947509766,0.6771759986877441,0.06676025390625,155.4245115452931,563,2.4751734733581543,3.458040714263916,0.6151,0.8434934812444358,10.367340344245482,36.1043701171875,3,9.0,6.087156561153984,9.695250949815474,0.8151006700869878,0.2432880381219399,0.9484379640936107,2.5742423056898978,0.91280517578125,-3.572609165149861,4.784517013375691e-06
S1_rally_blk06_neg_d0.350_krea2_seed2718281_00001_.png,0.5337153077125549,0.0007822818006388843,0.0007044213125482202,0.0008244658820331097,0.0010443931678310037,0.001309732673689723,0.3158681094646454,75.0083655341845,2.799999952316284,1.9261741638183594,0.6879193559360395,0.14012069702148439,49.3839741866093,3719,3.6968929767608643,4.08584451675415,0.5124,0.907551277225211,12.382280220112385,33.701263427734375,3,23.0,4.653776310062983,5.1900226071874,0.6378298873979131,0.12666336664881775,0.9396325329046473,3.1764727045470993,0.8777313232421875,-3.542629131834293,1.0936421105171133e-05
P01_blacksmith_blk07_pos_d0.350_krea2_seed2718281_00001_.png,0.5995597243309021,0.001248676679097116,0.0013458116445690393,0.001229073852300644,0.0010158666409552097,0.0010587614960968494,0.3287624716758728,349.15212681922384,2.799999952316284,2.128199577331543,0.7600712905623451,0.11338043212890625,70.59857482185274,2105,3.1592531204223633,4.017215728759766,0.499,0.9120168634972322,12.536541130265125,41.86106872558594,4,16.0,6.434216063146271,8.77042814312987,0.7246840948089246,0.21658382540660023,0.8764430914419464,3.152303683867886,0.8301124572753906,-3.4059677681393428,1.7780302954693283e-05
F4_closeup_blk07_pos_d0.350_krea2_seed2718281_00001_.png,0.5764685273170471,0.0012376366648823023,0.0015016442630439997,0.002135708462446928,0.002507411642000079,0.002740081399679184,0.20007017254829407,210.49825724736775,4.393799781799316,2.8183414936065674,0.641436031127577,0.06626663208007813,114.73844121532365,757,2.3830957412719727,3.397167682647705,0.6819500000000001,0.8105556763932514,9.462508595282806,33.03582000732422,3,12.0,6.781914713172316,9.854500900526933,0.840693911067775,0.3231446314739836,0.9499745421350646,2.1453217887863416,0.9524147033691406,-3.5196279302298223,5.8882862431828365e-06
S1_rally_blk07_pos_d0.350_krea2_seed2718281_00001_.png,0.5646475553512573,0.0007626983569934964,0.0007870476692914963,0.0009108512895181775,0.0010877407621592283,0.001259273267351091,0.3086574971675873,72.61070855224507,4.0,2.036539316177368,0.509134829044342,0.13554153442382813,51.61446833236491,3442,3.686129570007324,4.062312126159668,0.5467,0.8880378185490936,11.730163962690042,31.5572509765625,3,22.0,5.062371892759401,5.482977079678172,0.6454511339062349,0.1312897740927371,0.9378572513022421,3.1352280740190004,0.8861335754394531,-3.5790434473419,1.0068515117525294e-05
P01_blacksmith_blk07_neg_d0.350_krea2_seed2718281_00001_.png,0.5834517478942871,0.001288646599277854,0.0013118686620146036,0.0011568383779376745,0.0009703206014819443,0.0011272694682702422,0.2782687842845917,4.77431907376204,2.799999952316284,2.259614944458008,0.8070053510496505,0.12607803344726562,62.45389266817838,2646,3.221562385559082,3.998924493789673,0.5469,0.8736077883893749,11.270121420225271,38.21063995361328,1,17.0,6.084528528649764,8.706889512257105,0.7134132124128438,0.2616526424683808,0.8854790099438145,3.143696744492378,0.8389579772949219,-3.425117259979079,1.8314533554918483e-05
F4_closeup_blk07_neg_d0.350_krea2_seed2718281_00001_.png,0.5560701489448547,0.0011939601972699165,0.0015002035070210695,0.0017289547249674797,0.0018062688177451491,0.0020478731021285057,0.21927204728126526,210.56983602698648,4.0,2.6852471828460693,0.6713117957115173,0.06898422241210937,134.75260804769002,671,2.675196409225464,3.7931034564971924,0.50905,0.8984309303948159,12.073095509564597,35.33974075317383,4,12.0,5.983120206147441,9.512807941193756,0.8243017351961874,0.288835913143933,0.947590807510714,2.7970510211623987,0.8719352722167969,-3.5550849781685097,4.742936156799398e-06
S1_rally_blk07_neg_d0.350_krea2_seed2718281_00001_.png,0.5670095682144165,0.0007566340500488877,0.0007516546174883842,0.0009211936849169433,0.0011558339465409517,0.0014207918429747224,0.31703826785087585,73.62563675899676,4.0,2.0159595012664795,0.5039898753166199,0.1356781005859375,50.151156232374504,3546,3.6408231258392334,4.061770915985107,0.51505,0.9048075232235625,12.288441863314008,34.50997543334961,2,22.0,4.920301325719065,5.341932556127686,0.6465321057745441,0.12888076635033752,0.9420284946699731,3.156207756955026,0.8821578979492186,-3.580395153658064,1.1170565304183233e-05
P01_blacksmith_blk08_pos_d0.350_krea2_seed2718281_00001_.png,0.6077290177345276,0.0012470257934182882,0.001183593412861228,0.0010900521883741021,0.0009772208286449313,0.0010959496721625328,0.32930517196655273,12.583937702176353,2.799999952316284,2.1592769622802734,0.7711703568044791,0.12309951782226562,64.2057302029447,2513,3.116795778274536,3.988896131515503,0.5533,0.8678758541213502,11.09242902120693,42.154762268066406,1,16.0,6.188826731230567,8.142094445528041,0.7243246406493987,0.24970905149145003,0.8790618485315844,3.135480806813281,0.835137939453125,-3.3590366485224954,2.1318573402900013e-05
F4_closeup_blk08_pos_d0.350_krea2_seed2718281_00001_.png,0.5389192700386047,0.0010597931686788797,0.0013307344634085894,0.0016828678781166673,0.002029812429100275,0.0022527151741087437,0.18239188194274902,210.50027474194113,4.0,2.926729679107666,0.7316824197769165,0.06925506591796875,115.04942965779468,789,2.681636333465576,3.6864054203033447,0.6014,0.850871284679053,10.581594542531857,29.167743682861328,4,10.0,5.864726996250279,8.643651425762204,0.8239201381091534,0.2963604443211495,0.9518082541081032,2.808871791948594,0.8599212646484375,-3.6177588182645875,4.004736980431608e-06
S1_rally_blk08_pos_d0.350_krea2_seed2718281_00001_.png,0.5630626082420349,0.0008317649480886757,0.0006872185622341931,0.0008212946122512221,0.0011366382241249084,0.001491429517045617,0.34002795815467834,66.26131042988007,2.799999952316284,2.001642942428589,0.7148724916129877,0.1337005615234375,45.2009285530049,3877,3.588470935821533,4.06464147567749,0.5805499999999999,0.8751026295564068,11.316928267724617,37.53956985473633,4,22.0,4.804762611201515,5.274174041269349,0.6505035790238543,0.13680786675819134,0.9406704197876039,3.1751688495815205,0.8736732482910157,-3.4848660653879966,1.2932861667236609e-05
P01_blacksmith_blk08_neg_d0.350_krea2_seed2718281_00001_.png,0.6061652898788452,0.001236489973962307,0.0013617771910503507,0.001220816164277494,0.0009882200974971056,0.0009858421981334686,0.31441429257392883,355.97923536686045,2.799999952316284,2.129239320755005,0.7604426275056196,0.122125244140625,69.9309742245522,2289,3.2152576446533203,3.9966952800750732,0.55305,0.8807263544102875,11.494767796473331,40.73613739013672,1,16.0,6.243614767961326,8.74201183936395,0.7154909860966885,0.22843295393046015,0.8741736030613947,3.157356758721876,0.8323097229003906,-3.445374935225089,1.6949899806033367e-05
F4_closeup_blk08_neg_d0.350_krea2_seed2718281_00001_.png,0.5939708948135376,0.0012027400080114603,0.001628913334570825,0.0018104357877746224,0.001915429369546473,0.0022651422768831253,0.24098491668701172,214.0400628955865,4.0,2.8086531162261963,0.7021632790565491,0.066064453125,174.93333333333334,495,2.3676295280456543,3.4828648567199707,0.6209500000000001,0.8496421086034761,10.545593851260074,36.83964157104492,2,11.0,5.86347596604225,9.982182915939285,0.8237519060791489,0.2795899951001707,0.9457299283343646,2.3492072049977595,0.9423446655273438,-3.6188329885202526,4.3011391594003015e-06
S1_rally_blk08_neg_d0.350_krea2_seed2718281_00001_.png,0.5803138017654419,0.0006367642199620605,0.000783153809607029,0.0010089329443871975,0.0011927075684070587,0.0014267668593674898,0.3594074845314026,74.01662966892563,4.0,2.102276086807251,0.5255690217018127,0.12516326904296876,55.49864682002706,2956,3.616276264190674,4.054897785186768,0.5486,0.8894671947922372,11.776743690796833,34.84928512573242,3,22.0,5.0542985957712965,5.188333124562204,0.6581617875485604,0.14110731146465388,0.9436860015795372,3.1056457151850494,0.8946136474609375,-3.7086008439425378,8.219173572349865e-06
P01_blacksmith_blk09_pos_d0.350_krea2_seed2718281_00001_.png,0.6207969784736633,0.0011234619887545705,0.0010904117953032255,0.0009726475109346211,0.0009001467260532081,0.001004712306894362,0.38252273201942444,11.914813771740025,2.799999952316284,2.125473737716675,0.7590977763975991,0.12807083129882812,68.65644171779141,2445,3.187459707260132,4.008569240570068,0.5759,0.8691341007021136,11.131193650024603,38.96725845336914,3,18.0,6.194308977358202,7.390353747586918,0.7048493256834971,0.24137125125223202,0.8770399326510216,3.1480494516349546,0.840631866455078,-3.3462579318391183,2.39909377859932e-05
F4_closeup_blk09_pos_d0.350_krea2_seed2718281_00001_.png,0.5582720041275024,0.0012733311159536242,0.0014302415074780583,0.0018123009940609336,0.0021151616238057613,0.0023398473858833313,0.23167631030082703,213.22624331524403,4.0,2.7494235038757324,0.6873558759689331,0.06872482299804687,102.3625,880,2.7061495780944824,3.8617773056030273,0.6157499999999999,0.8438358013242472,10.37718479059827,36.62968063354492,2,13.0,6.482211153824691,9.637760004664372,0.8211425170766513,0.2985685244842241,0.9463605151146413,2.8325993639557936,0.8650115966796874,-3.5842706867695724,4.715241150332836e-06
S1_rally_blk09_pos_d0.350_krea2_seed2718281_00001_.png,0.5390523672103882,0.0009131540427915752,0.0007898483308963478,0.0009382162243127823,0.0011994789820164442,0.0016385980416089296,0.3125857710838318,77.76981918218058,2.799999952316284,2.0772061347961426,0.7418593464895545,0.14013824462890626,43.78593563766388,4195,3.6258442401885986,4.079608917236328,0.56415,0.9005596088060128,12.144560998078228,36.93537139892578,2,22.0,5.399873578074605,5.907063901550225,0.6470966409724999,0.12426741402735772,0.9494614385391987,3.1810507989863557,0.8761215209960938,-3.5577900885262426,9.846662389408711e-06
P01_blacksmith_blk09_neg_d0.350_krea2_seed2718281_00001_.png,0.5993775129318237,0.0012886705808341503,0.0012565678916871548,0.001071416074410081,0.0009005222236737609,0.0009281758102588356,0.2703773081302643,356.8014674834089,2.799999952316284,1.9623074531555176,0.7008241023476481,0.12096786499023438,61.31283836040217,2586,3.229250192642212,4.010544300079346,0.5158,0.9138714188279586,12.601169025051723,39.22256851196289,4,17.0,6.372933763351085,8.470389230810225,0.7180785066927831,0.20137527265009897,0.871097455388658,3.152874801050933,0.8345817565917968,-3.371839407748676,1.863564158324256e-05
F4_closeup_blk09_neg_d0.350_krea2_seed2718281_00001_.png,0.5582287907600403,0.0011831755982711911,0.0016747990157455206,0.002162584336474538,0.0023563033901154995,0.0024677892215549946,0.20389029383659363,209.88557572565531,4.393799781799316,2.7879300117492676,0.6345145774047025,0.06399688720703126,158.86742424242425,528,2.439682960510254,3.4861438274383545,0.5505,0.8843596442414448,11.611146896136601,34.53694152832031,3,10.0,5.686119327169258,10.370969811632119,0.8247212953845409,0.2648033541344692,0.9435672208665071,2.527524828639497,0.9119232177734375,-3.660311508606932,4.151365453436028e-06
S1_rally_blk09_neg_d0.350_krea2_seed2718281_00001_.png,0.5654502511024475,0.0005871187313459814,0.0006055376725271344,0.0007096946937963367,0.000899447884876281,0.0012433251831680536,0.3088480532169342,82.81283723593182,2.799999952316284,1.8986151218414307,0.6780768407766622,0.12304153442382812,54.245879582912885,2973,3.683358669281006,4.06443452835083,0.5537,0.8863629341354671,11.67581811272947,32.70252227783203,2,22.0,4.730902080639972,4.268093370861627,0.6681579991122358,0.14005858690421297,0.9455318721874049,3.1425669411888797,0.8826416015625,-3.5649123572854893,9.062715459072465e-06
P01_blacksmith_blk10_pos_d0.350_krea2_seed2718281_00001_.png,0.611224889755249,0.0013139706570655107,0.0011558174155652523,0.0009629431297071278,0.000872469216119498,0.0009130792459473014,0.3913152813911438,349.89983877726655,2.799999952316284,1.8706837892532349,0.6681013646824252,0.1287200927734375,64.99075500770417,2596,2.861058473587036,3.7934274673461914,0.60965,0.8563890768109432,10.74472241855443,52.27141571044922,1,16.0,6.343612806398259,7.929913366088259,0.7457706099454404,0.2613425488070842,0.8654641474031886,2.9118555754446462,0.8816192626953124,-3.239617168794852,2.8963147549615298e-05
F4_closeup_blk10_pos_d0.350_krea2_seed2718281_00001_.png,0.586161196231842,0.0013389613013714552,0.001973171019926667,0.0021772789768874645,0.0019938687328249216,0.0023168097250163555,0.26636797189712524,220.6495022990496,4.393799781799316,2.472153425216675,0.5626458983081603,0.07645034790039062,188.70998116760828,531,2.25390362739563,3.44166898727417,0.6103,0.8556255689308357,10.7220010450979,47.225807189941406,2,9.0,5.284417568633162,11.575136546036681,0.8220371669249107,0.2991047454426929,0.9434927688002406,2.4961157595445633,0.9170913696289062,-3.5394997725587487,5.987141303130739e-06
S1_rally_blk10_pos_d0.350_krea2_seed2718281_00001_.png,0.5014700293540955,0.0011278522433713078,0.0007553502800874412,0.0007622987031936646,0.000874364166520536,0.0011857366189360619,0.3350934386253357,82.02755163906411,2.799999952316284,1.918770432472229,0.685275166124534,0.13651885986328124,40.21078651685393,4450,3.7170448303222656,4.09821891784668,0.5740000000000001,0.8919711748821375,11.858788283856919,35.46269989013672,3,23.0,5.5021468683855765,6.150026834212474,0.65280807267564,0.1362037593300272,0.9391483532210454,3.2173797684356025,0.8552810668945312,-3.3072415431641518,1.6111895093838617e-05
P01_blacksmith_blk10_neg_d0.350_krea2_seed2718281_00001_.png,0.5897543430328369,0.0012249064166098833,0.0013055764138698578,0.0012158958707004786,0.0010752147063612938,0.0011510767508298159,0.3133435845375061,14.957038229654941,2.799999952316284,2.1363282203674316,0.762974377410316,0.12267684936523438,60.700264250660624,2649,3.320854663848877,4.057055950164795,0.57535,0.8606932613379381,10.87371522421261,40.675025939941406,2,18.0,5.784137913900153,8.609598965010761,0.6966695083148725,0.20938837714634967,0.8746793081619542,3.173451088049648,0.8380386352539062,-3.440802695413455,1.946538454671158e-05
F4_closeup_blk10_neg_d0.350_krea2_seed2718281_00001_.png,0.5632015466690063,0.001404596259817481,0.0017287395894527435,0.002177190501242876,0.002454334171488881,0.002554892096668482,0.21748709678649902,213.57602006315327,4.0,2.613842725753784,0.653460681438446,0.08079452514648437,123.42540792540792,858,2.482717990875244,3.5048234462738037,0.62225,0.833130616323116,10.07370487285986,37.62437438964844,4,12.0,6.13786732493746,11.192125790774787,0.7889425612453431,0.2900420396395117,0.9375470195357529,2.7388450400001103,0.8867118835449219,-3.557834154825979,5.106012161210257e-06
S1_rally_blk10_neg_d0.350_krea2_seed2718281_00001_.png,0.5498694181442261,0.0009120726026594639,0.0008000534726306796,0.0009368299506604671,0.0012315803905948997,0.0015674254391342402,0.3433162569999695,69.75678201260587,2.799999952316284,1.9480432271957397,0.6957297358466853,0.14627304077148437,44.71152052238806,4288,3.684342384338379,4.084721565246582,0.4916,0.9193922913037176,12.795540325976086,30.826885223388672,4,22.0,4.571179928366417,5.944776746973815,0.6254606686797374,0.13066560959176723,0.9353211602758896,3.151575381689436,0.8881378173828125,-3.5221079495249628,1.3191700116380363e-05
P01_blacksmith_blk11_pos_d0.350_krea2_seed2718281_00001_.png,0.5715894103050232,0.0012049517827108502,0.0010757413692772388,0.0008969373884610832,0.0008549714693799615,0.0010968073038384318,0.329298198223114,348.42466534068,2.799999952316284,2.088151693344116,0.7457684746089743,0.13007659912109376,58.1493860845839,2932,2.9999399185180664,3.9412858486175537,0.57635,0.8609878434320923,10.882600013257845,41.73000717163086,2,17.0,6.3024563426400295,7.472613454261716,0.7433185135246235,0.270037381564043,0.8805032981361072,2.9136657950228524,0.8833709716796876,-3.299438811812753,2.5652781792794003e-05
F4_closeup_blk11_pos_d0.350_krea2_seed2718281_00001_.png,0.5610989332199097,0.001033448614180088,0.0013241947162896395,0.0015109027735888958,0.0015756437787786126,0.0020008620340377092,0.20470181107521057,207.47638221035106,4.0,2.481097936630249,0.6202744841575623,0.06426315307617188,141.8030303030303,594,2.2866549491882324,3.3707432746887207,0.6676,0.8183541328818434,9.669334051592026,34.10258102416992,5,11.0,6.188117748312856,8.323249212789332,0.846993027184133,0.34759838143840505,0.9518859347026026,2.3453204704427546,0.9353775024414062,-3.589427640291445,4.0024235612816844e-06
S1_rally_blk11_pos_d0.350_krea2_seed2718281_00001_.png,0.47855108976364136,0.0011091307969763875,0.0006088108057156205,0.0006555680884048343,0.0008536305394954979,0.0012320491950958967,0.37322595715522766,66.72823154635442,2.799999952316284,1.7014905214309692,0.607675196573993,0.14859390258789062,38.69759586727598,5033,3.7878262996673584,4.102199554443359,0.5039499999999999,0.9288410570005191,13.13518147776853,35.08431625366211,2,23.0,4.8308089564043915,5.512453779798255,0.6326640515557,0.1350692099729187,0.946534616607672,3.2320179708349377,0.8513984680175781,-3.2550831397557762,1.935124265110826e-05
P01_blacksmith_blk11_neg_d0.350_krea2_seed2718281_00001_.png,0.5807274580001831,0.0014319706242531538,0.0016006469959393144,0.0015440192073583603,0.0013047948013991117,0.00120395771227777,0.3445436358451843,5.32116944970739,2.799999952316284,2.330120325088501,0.8321858445607908,0.11448822021484376,69.7314126394052,2152,3.1489949226379395,4.0001678466796875,0.5609999999999999,0.8450938444467319,10.41344398645831,46.15262222290039,1,14.0,6.234355921023438,10.173002277386868,0.7387925830803519,0.280798266273516,0.8759602294232318,3.0923467491110452,0.8380844116210938,-3.38308038116703,2.5489762845901237e-05
F4_closeup_blk11_neg_d0.350_krea2_seed2718281_00001_.png,0.5542872548103333,0.0011766201350837946,0.0016287844628095627,0.0018664425006136298,0.0020206442568451166,0.0020455699414014816,0.1886284500360489,213.51524097047064,4.393799781799316,2.7037456035614014,0.6153547584851906,0.072210693359375,141.688622754491,668,2.6392884254455566,3.7772738933563232,0.5506,0.8723891332740529,11.23210586251133,30.143644332885742,5,11.0,5.76895219231607,9.985533281465884,0.8162868657527386,0.29727872924049026,0.9444510591826578,2.827808515903566,0.8601722717285156,-3.593138770282124,4.748916086687948e-06
S1_rally_blk11_neg_d0.350_krea2_seed2718281_00001_.png,0.5816425681114197,0.0007287730695679784,0.0007917358307167888,0.0010129145812243223,0.0012204291997477412,0.0016579057555645704,0.3815757930278778,83.534888654189,4.0,2.190389633178711,0.5475974082946777,0.12296600341796875,51.47684445863941,3131,3.588780164718628,4.0456929206848145,0.5639000000000001,0.893334701378639,11.90370526224114,36.913665771484375,2,21.0,4.976479626396098,5.447052976021747,0.6657310265651396,0.14895257377942184,0.9461482394605221,3.1365337390296717,0.8869155883789063,-3.624948149839943,1.0968471379740782e-05
P01_blacksmith_blk12_pos_d0.350_krea2_seed2718281_00001_.png,0.5960313677787781,0.0013523281086236238,0.0010775759583339095,0.0008778919582255185,0.0007968662539497018,0.0009008324705064297,0.3774799704551697,6.765645273227598,2.799999952316284,1.8949633836746216,0.6767726485520201,0.1261688232421875,56.634246575342466,2920,3.161942481994629,3.9928247928619385,0.60975,0.8559697194179693,10.732236729857132,45.029197692871094,1,18.0,6.1927520556618525,7.817175466610922,0.7237447143148419,0.21574730948144727,0.8595857285086458,3.1084590343671445,0.8413955688476563,-3.176846715545681,3.274047416045812e-05
F4_closeup_blk12_pos_d0.350_krea2_seed2718281_00001_.png,0.6142086982727051,0.0013399618910625577,0.0017637440469115973,0.001841800520196557,0.001753677031956613,0.0021487600170075893,0.23379667103290558,218.9269538236951,4.393799781799316,2.444272518157959,0.556300386804835,0.0756622314453125,165.28666666666666,600,2.24627947807312,3.3927104473114014,0.6012000000000001,0.8677146475405857,11.0874722619658,37.17439651489258,2,10.0,6.03719369925523,10.710430121826874,0.8226831482650058,0.28625293456510703,0.9498956612315044,2.3656982873035415,0.9411186218261718,-3.5802234900899497,4.511531236535381e-06
S1_rally_blk12_pos_d0.350_krea2_seed2718281_00001_.png,0.5377244353294373,0.001033948385156691,0.0008735613082535565,0.0009038317948579788,0.001043851487338543,0.0013589144218713045,0.31704699993133545,78.63574817246217,2.799999952316284,1.8551058769226074,0.6625378244695974,0.14935455322265626,45.12724757952974,4338,3.685565710067749,4.07827091217041,0.5439999999999999,0.8973225157235042,12.036049691198192,36.44783020019531,4,22.0,5.136050178723954,6.435740275098696,0.6319991053413703,0.12541899324434808,0.9404769610573135,3.181509070206616,0.8778190612792969,-3.4324789986766904,1.2677172966777768e-05
P01_blacksmith_blk12_neg_d0.350_krea2_seed2718281_00001_.png,0.596373975276947,0.0012756389332935214,0.0013168446021154523,0.0012111379764974117,0.0010118866339325905,0.001064541982486844,0.30631253123283386,5.634621603345942,2.799999952316284,2.1880416870117188,0.7814434729549454,0.1211395263671875,68.41016803102112,2321,3.173886299133301,4.005780220031738,0.53235,0.8744925083958368,11.297800564475116,41.138153076171875,1,16.0,6.5552244752237705,8.71108223048854,0.7188357419627216,0.2552505445981784,0.8798866519810029,3.136298840941001,0.8372169494628907,-3.388324615015784,2.0634724042364326e-05
F4_closeup_blk12_neg_d0.350_krea2_seed2718281_00001_.png,0.5822301506996155,0.00120960280764848,0.001658135442994535,0.0018522581085562706,0.0018556418363004923,0.0021114584524184465,0.2602587342262268,211.20087404364685,4.0,2.5405099391937256,0.6351274847984314,0.07069549560546876,146.15457413249212,634,2.425920009613037,3.3844990730285645,0.68145,0.8090920579556866,9.424187428566709,43.77507019042969,3,12.0,5.929223563297056,10.128282561620239,0.8093808322140753,0.2890748256828176,0.9456772721576749,2.3929059706781706,0.9352058410644531,-3.611494679204512,4.500014747490692e-06
S1_rally_blk12_neg_d0.350_krea2_seed2718281_00001_.png,0.5435571670532227,0.0008116768440231681,0.0008102700812742114,0.001003746408969164,0.0012314084451645613,0.0015015543904155493,0.34033671021461487,65.46315426294402,2.799999952316284,2.093308687210083,0.7476102581638994,0.15472793579101562,49.694927713795636,4081,3.692790985107422,4.080155372619629,0.5502,0.891299335461576,11.836719071892523,32.352535247802734,5,23.0,4.9151127235616725,5.750163937407201,0.6216223487512962,0.12222048439553365,0.9424944372163699,3.1704848615230707,0.8825950622558594,-3.6087320376907717,9.381623298520307e-06
P01_blacksmith_blk13_pos_d0.350_krea2_seed2718281_00001_.png,0.5693066120147705,0.0010737070115283132,0.0009008179185912013,0.0008044551941566169,0.0007711295620538294,0.0009117465233430266,0.34084540605545044,7.698906242346797,2.799999952316284,1.9175742864608765,0.6848479711132045,0.1251861572265625,54.82258603407952,2993,3.164863109588623,4.035893440246582,0.5308499999999999,0.8979828633885145,12.05810634875364,43.50654220581055,3,18.0,6.131094373281297,6.524066074762185,0.7234675346060115,0.20339683714993662,0.8906451643234345,3.11989058878397,0.8418586730957032,-3.284406287741846,2.1573784685995148e-05
F4_closeup_blk13_pos_d0.350_krea2_seed2718281_00001_.png,0.6087924838066101,0.0011541771236807108,0.0016746226465329528,0.001998517196625471,0.0019474264699965715,0.0022714301012456417,0.1861293464899063,217.83913018022366,4.393799781799316,2.244319200515747,0.5107923237222862,0.06809463500976562,155.49303135888502,574,2.599231481552124,3.5338563919067383,0.52935,0.8860870535000092,11.666890652897598,36.43639373779297,5,12.0,5.363281729654867,10.163516479310466,0.8025890989771889,0.2284377531850743,0.9447563731915404,2.620107710584725,0.9151885986328125,-3.6010373860215035,4.223574685396662e-06
S1_rally_blk13_pos_d0.350_krea2_seed2718281_00001_.png,0.5452904105186462,0.0008879893575794995,0.0008139082347042859,0.0009767927695065737,0.0011774784652516246,0.0017120351549237967,0.3680765926837921,81.01690128572982,2.799999952316284,2.0685040950775146,0.7387514751085464,0.13194198608398439,49.35473744292238,3504,3.687574625015259,4.066145420074463,0.5348999999999999,0.902110255224973,12.1968865683361,37.94093322753906,3,21.0,5.473522316059464,5.920620549275316,0.6506714703870261,0.1290789408392114,0.9464798868648922,3.181912432971015,0.8673751831054688,-3.446026171941777,1.2258908263576291e-05
P01_blacksmith_blk13_neg_d0.350_krea2_seed2718281_00001_.png,0.5995103716850281,0.001221346901729703,0.0012130235554650426,0.0011340981582179666,0.0010106582194566727,0.0011468250304460526,0.3227691054344177,3.7860693062594124,2.799999952316284,2.2306675910949707,0.7966670103867908,0.12113571166992188,60.950095969289826,2605,3.175790548324585,3.9891157150268555,0.5771000000000001,0.8361123807025842,10.15733147203108,37.13018035888672,1,15.0,6.137937816307087,8.149540686998142,0.7206899812912396,0.2604487679437721,0.87773646790328,3.1466993995507933,0.8363334655761719,-3.354133784751278,2.4253066219124676e-05
F4_closeup_blk13_neg_d0.350_krea2_seed2718281_00001_.png,0.5775793790817261,0.0012505361810326576,0.0016200384125113487,0.0019021056359633803,0.002032314892858267,0.002209458500146866,0.22173722088336945,208.05445640872898,4.0,2.735240936279297,0.6838102340698242,0.0674957275390625,145.74629324546953,607,2.45107102394104,3.536811590194702,0.61085,0.8519445001768332,10.613127870278298,35.05567169189453,3,11.0,6.024717375240851,10.195964004172696,0.8166881990708212,0.2804531335661238,0.9481648681543455,2.4511322476677617,0.9324028015136718,-3.585570643166465,4.814513494310498e-06
S1_rally_blk13_neg_d0.350_krea2_seed2718281_00001_.png,0.5005509257316589,0.000803292088676244,0.0006708448054268956,0.0007733659585937858,0.0009518490405753255,0.0011768017429858446,0.3205108046531677,69.53872837740131,2.799999952316284,1.8588027954101562,0.6638581525233499,0.1488861083984375,45.88478720902892,4253,3.74755859375,4.103675365447998,0.53845,0.8902511968686708,11.802370821875154,33.50531768798828,4,23.0,4.605040351051051,5.087159449040929,0.6241316588553069,0.12837585214314817,0.9408976376890481,3.197869015977083,0.8743194580078124,-3.513005454139837,1.125312150832257e-05
P01_blacksmith_blk14_pos_d0.350_krea2_seed2718281_00001_.png,0.6166189312934875,0.001423603156581521,0.0010287526529282331,0.0009376225061714649,0.0010054459562525153,0.0011902207043021917,0.3492216467857361,359.49759820124984,2.799999952316284,2.1192798614501953,0.7568856776933275,0.13367691040039062,56.887337662337664,3080,3.0379838943481445,3.9094860553741455,0.60925,0.8466904047468968,10.45964236608988,45.2523193359375,1,16.0,6.523962121718058,7.84222602277025,0.7372753405745638,0.2558684287342168,0.8778381935437497,2.9499916458407256,0.8756637573242188,-3.1476431377083323,3.809709536190516e-05
F4_closeup_blk14_pos_d0.350_krea2_seed2718281_00001_.png,0.5773996114730835,0.001293386914767325,0.001586872385814786,0.001893811160698533,0.0024707906413823366,0.0024840321857482195,0.20883946120738983,215.00338232704635,4.393799781799316,2.641901731491089,0.6012794989964693,0.07278289794921874,129.26558265582656,738,2.475693464279175,3.3977293968200684,0.65775,0.8051250756334939,9.321100533258228,30.937889099121094,4,10.0,5.39977994343288,10.34314077894031,0.8120977164672042,0.3106182246705995,0.9465184718291744,2.3506974875347897,0.9435478210449219,-3.548021075718665,5.92968350580926e-06
S1_rally_blk14_pos_d0.350_krea2_seed2718281_00001_.png,0.5470463633537292,0.0006703382823616266,0.0008546116878278553,0.001090341480448842,0.0012290403246879578,0.0014008241705596447,0.39698031544685364,73.42530398059218,4.0,2.1380999088287354,0.5345249772071838,0.12904281616210939,61.48273355143584,2751,3.6790778636932373,4.089742183685303,0.54685,0.9155939256457872,12.66149366022408,44.81281280517578,4,22.0,5.01727667216971,5.556020813726143,0.6570796270199993,0.13066872047291853,0.9456915201098904,3.1216645549204878,0.8895538330078125,-3.6849285176171827,7.0708830777391445e-06
P01_blacksmith_blk14_neg_d0.350_krea2_seed2718281_00001_.png,0.6011486649513245,0.0012862198054790497,0.001361016882583499,0.0012727197026833892,0.0010441921185702085,0.0010410661343485117,0.30411356687545776,1.6288499743954283,2.799999952316284,2.1849045753479004,0.7803230759130729,0.11689300537109375,71.03106165971256,2157,3.1462836265563965,4.00025749206543,0.55305,0.8636761856798384,10.964018349831198,39.66795349121094,2,16.0,6.151577033574399,8.89484614869839,0.7266858394614149,0.26648912699869476,0.8814615359562838,3.122874949426474,0.8429061889648437,-3.412029119688702,1.938661657486227e-05
F4_closeup_blk14_neg_d0.350_krea2_seed2718281_00001_.png,0.5674505829811096,0.0013614932540804148,0.001775733777321875,0.0022297617979347706,0.0024105957709252834,0.002620904240757227,0.20695021748542786,206.9445803357969,4.393799781799316,2.816419839859009,0.6409986753437475,0.06765670776367187,126.86552217453504,699,2.4424352645874023,3.5786643028259277,0.6504,0.8310002854722089,10.014379595580495,31.737613677978516,3,10.0,5.831429244523697,11.240936958578128,0.8236665953906268,0.29231468182513315,0.9424157205795238,2.4669111038661975,0.9209419250488282,-3.5965483996522027,5.108887654951339e-06
S1_rally_blk14_neg_d0.350_krea2_seed2718281_00001_.png,0.5457785129547119,0.0008225265191867948,0.0007808866212144494,0.0008801628719083965,0.0010985912522301078,0.0012559108436107635,0.29922109842300415,68.62926629943047,2.799999952316284,1.9222599267959595,0.6865214141185184,0.158087158203125,52.40465351542741,3954,3.6898622512817383,4.076818466186523,0.5187,0.8955205496609601,11.976066220356767,30.86796760559082,5,23.0,4.5646083478156,5.60386683147065,0.6160525700688951,0.11793649464169573,0.9388384352203679,3.178248668900305,0.8797615051269532,-3.5931136203672187,9.11204431517877e-06
P01_blacksmith_blk15_pos_d0.350_krea2_seed2718281_00001_.png,0.5835046172142029,0.001168233109638095,0.0012304579140618443,0.0011571364011615515,0.001185704255476594,0.0013670475455000997,0.2940228283405304,6.468973639421617,2.799999952316284,2.237201452255249,0.7990005322694869,0.12038726806640625,60.134908536585364,2624,3.0046932697296143,3.918123722076416,0.5322,0.8837893540153412,11.592802087039674,44.59750747680664,4,14.0,6.554465607747473,7.947848768321936,0.7523150319242836,0.2746864390179066,0.8930453925218866,2.7859930211230663,0.9105453491210938,-3.3659209289704233,2.1692263116583048e-05
F4_closeup_blk15_pos_d0.350_krea2_seed2718281_00001_.png,0.5454704761505127,0.0011870460584759712,0.0017499923706054688,0.002560714492574334,0.0027243599761277437,0.0024739692453294992,0.1912829428911209,204.8012952611446,5.599999904632568,2.615384817123413,0.4670330110112771,0.051374053955078124,164.63814180929094,409,2.529716730117798,3.3995914459228516,0.80115,0.7198149929574034,7.35772610274021,31.92725944519043,2,8.0,6.000314579815239,10.685323776298311,0.8623841719969785,0.3607556451228549,0.939868004973788,2.022214521324717,0.9634574890136719,-3.6186738871372808,4.609175936755165e-06
S1_rally_blk15_pos_d0.350_krea2_seed2718281_00001_.png,0.532102644443512,0.0006291568861342967,0.0006514564156532288,0.0007881753845140338,0.0010411430848762393,0.0015181244816631079,0.36919787526130676,72.84824128357495,2.799999952316284,1.982940435409546,0.7081930247067217,0.12495498657226563,52.29278416347382,3132,3.669144868850708,4.086859703063965,0.5203,0.9075502649336498,12.382245467209435,34.92130661010742,2,23.0,4.844755655347183,4.5920173354542015,0.6578701825321853,0.1362974604979161,0.9495540791092627,3.1604985619684967,0.8827896118164062,-3.602292809257635,9.752955169360297e-06
P01_blacksmith_blk15_neg_d0.350_krea2_seed2718281_00001_.png,0.601220428943634,0.0011145409662276506,0.001146711758337915,0.0010217232629656792,0.0008744636434130371,0.000874484539963305,0.31475043296813965,359.78541828929275,2.799999952316284,2.141178846359253,0.7647067438654686,0.12038040161132812,69.35604395604396,2275,3.1592483520507812,3.9957034587860107,0.54265,0.876699996535133,11.367160303979482,39.20276641845703,1,17.0,5.9770040916131135,7.598854355839499,0.7174387002314445,0.22092122370423065,0.8858702593747714,3.1530857993449817,0.8404457092285156,-3.4482145020601216,1.6045179489541444e-05
F4_closeup_blk15_neg_d0.350_krea2_seed2718281_00001_.png,0.5644846558570862,0.000992531655356288,0.0013209065655246377,0.0017898704390972853,0.002099293516948819,0.0023370797280222178,0.1653883159160614,216.39970184945628,4.393799781799316,2.789292097091675,0.6348245790911812,0.07311782836914063,107.20022371364654,894,2.8087081909179688,3.923218250274658,0.53565,0.8920257271035,11.860582071598708,25.821205139160156,4,12.0,6.032375805148092,8.4597025495233,0.8073567274392103,0.28837213733443934,0.9552501743238255,2.941551826412886,0.8561523437499999,-3.6393597884025204,4.175468795766576e-06
S1_rally_blk15_neg_d0.350_krea2_seed2718281_00001_.png,0.5350975394248962,0.0009839872363954782,0.0007844885694794357,0.0008658034494146705,0.001049412996508181,0.001299844472669065,0.31944116950035095,66.03636457687334,2.799999952316284,1.9198052883148193,0.6856447575031819,0.158563232421875,46.031450719822814,4515,3.7203598022460938,4.084624290466309,0.51825,0.9053713360852734,12.307666438142899,33.06941604614258,4,23.0,4.77003019311742,6.008925402223273,0.6131926746036013,0.11450842654291545,0.9339187611515327,3.2007147895171455,0.8686531066894532,-3.44815804909874,1.2911417692321905e-05
P01_blacksmith_blk16_pos_d0.350_krea2_seed2718281_00001_.png,0.6371603012084961,0.0012381750857457519,0.0011389378923922777,0.0009461349109187722,0.0008420495432801545,0.001116027939133346,0.3960886001586914,353.0904596168244,2.799999952316284,2.0395255088806152,0.7284019798619744,0.13222885131835938,62.343525179856115,2780,2.843230962753296,3.796536684036255,0.5828,0.8515215742698211,10.600690214401828,43.80916976928711,5,15.0,6.371173035623211,7.643241760131369,0.7465895545477057,0.24295926855225006,0.8893747400785759,2.8457876428570654,0.9074279785156251,-3.201059932162808,2.8754143407563385e-05
F4_closeup_blk16_pos_d0.350_krea2_seed2718281_00001_.png,0.5896804928779602,0.0017212157836183906,0.002174167428165674,0.002786303637549281,0.0028837663121521473,0.0024472856894135475,0.24385611712932587,207.06366574376358,4.393799781799316,2.7283716201782227,0.6209594782812157,0.08306350708007812,185.47359454855197,587,2.194758653640747,3.3722381591796875,0.77825,0.73941994389503,7.7687354038193375,37.310386657714844,1,11.0,5.702942086107837,13.548749257211366,0.8193250496412854,0.36095749549798184,0.928708637053977,2.1297695042158997,0.9564964294433593,-3.471030796644773,6.393669376698749e-06
S1_rally_blk16_pos_d0.350_krea2_seed2718281_00001_.png,0.5271710157394409,0.0005681628827005625,0.0005843396065756679,0.0007795966812409461,0.0010144266998395324,0.001505253603681922,0.3475920557975769,82.46296044278402,2.799999952316284,1.9971517324447632,0.7132684880200196,0.115911865234375,56.541868254558985,2687,3.6800014972686768,4.08887243270874,0.5609,0.8868830190749046,11.692666572718581,35.13059997558594,3,23.0,5.023118611681623,4.204579652029566,0.6759185926297062,0.14024665940966813,0.9573055343569541,3.16973062048654,0.8793113708496093,-3.5707273601335694,8.385723645356306e-06
P01_blacksmith_blk16_neg_d0.350_krea2_seed2718281_00001_.png,0.57030189037323,0.0010458955075591803,0.0010539354989305139,0.0009084256598725915,0.0008076276862993836,0.0008784582605585456,0.27664753794670105,9.636002076829993,2.799999952316284,2.058854341506958,0.7353051344889425,0.11934890747070312,60.4922660479505,2586,3.3034915924072266,4.019882678985596,0.5258499999999999,0.8772326723037935,11.383960761949288,36.05050277709961,2,17.0,5.866645976708846,7.0481568862433726,0.7198451106350379,0.23742450457487446,0.888967674043865,3.142384694612478,0.8486640930175782,-3.4366445556144836,1.6543004232024613e-05
F4_closeup_blk16_neg_d0.350_krea2_seed2718281_00001_.png,0.5512675046920776,0.0012384955771267414,0.0016216738149523735,0.0020940075628459454,0.0021653147414326668,0.0021853072103112936,0.20139428973197937,214.59823022126844,4.393799781799316,2.6936192512512207,0.6130500671444227,0.0687652587890625,126.58988764044943,712,2.778712034225464,3.862222671508789,0.5384,0.8927501466576653,11.884428197748345,33.07673645019531,3,11.0,5.796826288377049,10.249042970242087,0.8082411396496689,0.2644777405252061,0.944096689643252,2.8409523704651,0.8590858459472657,-3.545047762006319,5.918586048636881e-06
S1_rally_blk16_neg_d0.350_krea2_seed2718281_00001_.png,0.48762768507003784,0.001002409029752016,0.0007668094476684928,0.0008290563710033894,0.000991602661088109,0.001133908168412745,0.307743102312088,73.10246702414145,2.799999952316284,1.7724809646606445,0.6330289267306486,0.1762847900390625,46.28605769230769,4992,3.824622392654419,4.101311683654785,0.5109999999999999,0.9045787258006047,12.280649025143964,29.657743453979492,3,23.0,4.419805152742459,5.975482201981544,0.5905523144046494,0.11231435436864715,0.931974330124894,3.216161783157925,0.8690452575683593,-3.4667582823466687,1.1937311993350642e-05
P01_blacksmith_blk17_pos_d0.350_krea2_seed2718281_00001_.png,0.5223302245140076,0.0007877225871197879,0.0007035258458927274,0.000643182429485023,0.0006250540027394891,0.0006794405053369701,0.2935592532157898,355.5626958802814,2.799999952316284,1.8316608667373657,0.6541646064037018,0.11378021240234375,54.19113372093023,2752,3.492307424545288,4.068823337554932,0.48405,0.9125745666523347,12.555941146693089,43.00637435913086,2,19.0,6.05587369960561,4.999419950388441,0.7375465871418767,0.1829244928098626,0.907069761576603,3.1649898318590193,0.8252777099609375,-3.3565920048156244,1.4964100565840002e-05
F4_closeup_blk17_pos_d0.350_krea2_seed2718281_00001_.png,0.5325962901115417,0.0013426679652184248,0.00130733591504395,0.0014633394312113523,0.001865477068349719,0.0025702225975692272,0.1845313459634781,216.29378082717298,4.0,2.630589246749878,0.6576473116874695,0.07187347412109375,74.64817749603803,1262,2.769397258758545,3.9119367599487305,0.5373999999999999,0.8941160281564532,11.929520184221044,26.887739181518555,1,11.0,6.15450919788564,9.220951085994255,0.8200061082248673,0.2975916066824055,0.9517115346620189,2.8586827793280993,0.8643180847167968,-3.5194457307614977,4.845260589015969e-06
S1_rally_blk17_pos_d0.350_krea2_seed2718281_00001_.png,0.5365683436393738,0.0005167127237655222,0.0005580101278610528,0.000711034401319921,0.0009147856617346406,0.00125986582133919,0.32452392578125,72.11137593004923,2.799999952316284,1.9160394668579102,0.6842998212456672,0.12688674926757812,53.322539275408786,3119,3.7067153453826904,4.083937168121338,0.48569999999999997,0.9123136885804946,12.546862622716741,31.240360260009766,4,23.0,4.679883339721809,3.9272689255523114,0.6563859893136759,0.1312552944001272,0.9546729063007862,3.1407450543373674,0.8882896423339844,-3.668633266811105,6.624256384501054e-06
P01_blacksmith_blk17_neg_d0.350_krea2_seed2718281_00001_.png,0.6256138682365417,0.0015674612950533628,0.0014957732055336237,0.0012500222073867917,0.00111037224996835,0.0011415512999519706,0.3340347707271576,344.2885932005563,2.799999952316284,2.124253749847412,0.7586620664368708,0.13555450439453126,56.06626696118649,3169,3.107374429702759,3.9008002281188965,0.57275,0.8521502371832407,10.619183581228834,40.41775131225586,2,16.0,5.961857407721188,10.082879139323076,0.7088199713641606,0.28075189697148606,0.8669579084568988,3.0909454083974444,0.8546310424804687,-3.2888849156601445,3.0020412578488403e-05
F4_closeup_blk17_neg_d0.350_krea2_seed2718281_00001_.png,0.6079983711242676,0.0013663257705047727,0.0018413992365822196,0.002419570693746209,0.002462593372911215,0.0024679885245859623,0.20748189091682434,215.3413595202217,4.393799781799316,2.573646306991577,0.5857450122448767,0.07152023315429687,175.22056074766354,535,2.429236650466919,3.3916447162628174,0.5891000000000001,0.8619802987769012,10.912586580292984,30.644512176513672,3,11.0,5.7530015211447365,11.440454812342566,0.8160933313699401,0.2349094914402692,0.9379087867602174,2.341635933704696,0.9461677551269532,-3.580737228827977,5.639358929182668e-06
S1_rally_blk17_neg_d0.350_krea2_seed2718281_00001_.png,0.5243114233016968,0.0008319136686623096,0.000797620858065784,0.0009499113075435162,0.001098128268495202,0.0013441193150356412,0.33977609872817993,75.60467218699154,2.799999952316284,1.9936738014221191,0.7120263697764937,0.13732070922851564,50.873092142453366,3538,3.7235066890716553,4.087133884429932,0.56625,0.8832186427760185,11.574472750622983,31.583772659301758,4,22.0,4.793611650808943,5.684722831371536,0.6446610834478435,0.13615805095494396,0.9434531308029708,3.1748165706378995,0.8780235290527344,-3.52441363207358,1.2335972482011272e-05
P01_blacksmith_blk18_pos_d0.350_krea2_seed2718281_00001_.png,0.5442990064620972,0.0008086338639259338,0.0009988497477024794,0.0010632413905113935,0.0009464334580115974,0.0009996123844757676,0.2899269461631775,340.49426400940115,2.799999952316284,2.325834274291992,0.8306551121073981,0.09685211181640625,77.83323114653587,1631,3.195455551147461,4.064582824707031,0.49145,0.9193446636801702,12.79385076324898,41.13412094116211,2,18.0,5.879707825825,6.229294098816649,0.7587985874450125,0.22617214705020905,0.9085896948195502,3.0764705821253524,0.8639411926269531,-3.5898760229399715,1.0703802563416528e-05
F4_closeup_blk18_pos_d0.350_krea2_seed2718281_00001_.png,0.5335956811904907,0.001335156848654151,0.0015364076243713498,0.0018049085047096014,0.0018730286974459887,0.0019444164354354143,0.22902290523052216,200.28689970494943,2.799999952316284,2.4512574672698975,0.8754491103623443,0.08150634765625,90.76635514018692,1177,2.487222671508789,3.7015669345855713,0.73725,0.7672553410283536,8.392038892977386,34.95996856689453,2,13.0,6.414445005032027,10.128190036331054,0.7976690511662312,0.32902682832575814,0.9403901013518001,2.463175289671189,0.9310157775878907,-3.6488079746416715,4.160704033041897e-06
S1_rally_blk18_pos_d0.350_krea2_seed2718281_00001_.png,0.5055382251739502,0.0007778096478432417,0.00063432811293751,0.0006387383909896016,0.0007941729272715747,0.0011176919797435403,0.38724929094314575,65.66916653372215,2.799999952316284,1.8514622449874878,0.6612365273277508,0.14646148681640625,47.06300563863692,4079,3.7410354614257812,4.098769187927246,0.5236,0.9156370603288513,12.66300799876487,36.12989807128906,3,23.0,4.87995217275191,4.816959217992699,0.6401950246416913,0.1322636968386865,0.9427457818995622,3.2137376251802325,0.8650512695312499,-3.474950869314199,1.1664210783530394e-05
P01_blacksmith_blk18_neg_d0.350_krea2_seed2718281_00001_.png,0.5911641716957092,0.0013662597630172968,0.0014758269535377622,0.0014072100166231394,0.0012492634123191237,0.0013182286638766527,0.3411844074726105,9.991588311395137,2.799999952316284,2.266394853591919,0.8094267472101407,0.12635650634765624,59.9413680781759,2763,3.1542344093322754,3.9878647327423096,0.56565,0.8594434576578465,10.836100925696,45.31516647338867,1,16.0,6.419725504043312,9.61460085684872,0.7231824815772897,0.2613341521980182,0.8817312171032897,3.0990189959422008,0.8472023010253906,-3.3998719290711352,2.28488226237577e-05
F4_closeup_blk18_neg_d0.350_krea2_seed2718281_00001_.png,0.521568775177002,0.0013780853478237987,0.0019428463419899344,0.0025554520543664694,0.0025749304331839085,0.002525716321542859,0.21889837086200714,210.1333496828136,4.393799781799316,2.756462574005127,0.6273527950507387,0.06620330810546875,116.4751677852349,745,2.690387010574341,3.6269283294677734,0.6426,0.8210099950588302,9.740798084385476,34.51472854614258,2,9.0,5.726359554725847,11.990013237594983,0.8393335365130064,0.3495859022397618,0.9365950286768627,2.720513764707338,0.8771461486816406,-3.6285865748439474,5.150572241060587e-06
S1_rally_blk18_neg_d0.350_krea2_seed2718281_00001_.png,0.5998773574829102,0.0006315718055702746,0.0006490090163424611,0.0008831255254335701,0.0011976344976574183,0.0015668626874685287,0.3210228681564331,69.90704818092871,4.0,2.1145241260528564,0.5286310315132141,0.11896133422851562,49.991984610452064,3119,3.5724596977233887,4.041767120361328,0.538,0.894667387930032,11.947770715022058,32.574562072753906,4,21.0,4.7952272826009725,4.645935472176662,0.6670309141753687,0.13771967188401124,0.9517537252200434,3.113519462019752,0.8957916259765625,-3.57581431122706,9.519918755514545e-06
P01_blacksmith_blk19_pos_d0.350_krea2_seed2718281_00001_.png,0.5397822260856628,0.0007710935897193849,0.0006308109150268137,0.000620134873315692,0.0006310807657428086,0.0008155446266755462,0.39368078112602234,358.9234811768021,2.799999952316284,1.9176260232925415,0.6848664485533995,0.10178680419921875,60.67030468394725,2199,3.379629135131836,4.0549774169921875,0.5257499999999999,0.9047287006826545,12.285756610087454,52.06144332885742,2,19.0,6.633615642451785,4.639580729997422,0.7647122869872942,0.216695924962231,0.910748428776174,3.020034530477509,0.867571258544922,-3.2507042848890944,2.2039499472137353e-05
F4_closeup_blk19_pos_d0.350_krea2_seed2718281_00001_.png,0.6060022115707397,0.0016419742023572326,0.001491143717430532,0.001250799628905952,0.0013398699229583144,0.001715010730549693,0.27236801385879517,213.2227852097721,2.799999952316284,2.054649829864502,0.7338035231624931,0.08888473510742187,90.10286156225831,1293,2.505160093307495,3.5338921546936035,0.56895,0.8567213191929343,10.754624710575797,34.091697692871094,3,12.0,6.243816816459304,10.355620778874151,0.804028712658916,0.2701347901529687,0.9387349187619657,2.417237963543219,0.9453315734863281,-3.3330193644671957,8.127102672055943e-06
S1_rally_blk19_pos_d0.350_krea2_seed2718281_00001_.png,0.4294203817844391,0.0007287089829333127,0.0005738327745348215,0.0005760799394920468,0.0006670911679975688,0.0008318049949593842,0.3942927122116089,66.75161913909132,2.799999952316284,1.5972263813018799,0.5704380030366013,0.1617156982421875,49.08846688281612,4318,3.9035885334014893,4.121829986572266,0.55645,0.882432598011575,11.549275057154654,34.49361801147461,3,24.0,3.605736729709711,4.42654239279316,0.6117769454742,0.12887330745070305,0.9377017467494693,3.2134275377307233,0.8802642822265625,-3.506357752293711,9.462800027025203e-06
P01_blacksmith_blk19_neg_d0.350_krea2_seed2718281_00001_.png,0.5689185261726379,0.001079399953596294,0.0009508494404144585,0.0008574816165491939,0.0008203255129046738,0.0009595888550393283,0.31791794300079346,28.364871814101285,2.799999952316284,2.047001838684082,0.7310720976943986,0.11313018798828126,56.0400604686319,2646,3.276430606842041,4.031867980957031,0.5757500000000001,0.8686229576361119,11.115429812069758,39.14350128173828,1,17.0,6.38163108243822,6.767167329109759,0.7364942312469775,0.2690110189657008,0.895944746574946,3.141536378020143,0.8331695556640626,-3.3826583580388547,1.814477684476336e-05
F4_closeup_blk19_neg_d0.350_krea2_seed2718281_00001_.png,0.5692119598388672,0.0011959782568737864,0.001496510929428041,0.0016896957531571388,0.001611113897524774,0.0018451251089572906,0.15752039849758148,211.15966937328602,4.0,2.512986421585083,0.6282466053962708,0.07593612670898438,121.97426470588235,816,2.639643430709839,3.8895223140716553,0.5521,0.8785533280729233,11.425721083306254,25.623371124267578,4,12.0,6.011731547588858,9.447755436400119,0.8072226384641942,0.30634694308244503,0.9478537623774358,2.8585756220610556,0.8696090698242187,-3.6066677659200232,4.342067379810486e-06
S1_rally_blk19_neg_d0.350_krea2_seed2718281_00001_.png,0.5882898569107056,0.0008037214283831418,0.0008503403514623642,0.0010384845081716776,0.0012840770650655031,0.00147978903260082,0.33145615458488464,63.74393462512951,4.0,2.179824113845825,0.5449560284614563,0.13355941772460939,47.44146341463415,3690,3.6026546955108643,4.046816825866699,0.4634,0.9340921606296428,13.327817469889682,36.295936584472656,4,21.0,5.26480177517573,5.892378338092675,0.6489372459693483,0.12661124877843988,0.9423850662776307,3.129450641100053,0.8906776428222656,-3.6407401720364385,9.420868386054975e-06
P01_blacksmith_blk20_pos_d0.350_krea2_seed2718281_00001_.png,0.6056996583938599,0.0012679214123636484,0.0015526235802099109,0.0015239008935168386,0.0012376868398860097,0.0012282805982977152,0.34420326352119446,8.568058714085302,4.0,2.3275301456451416,0.5818825364112854,0.10037689208984375,81.5660260384377,1613,2.91947865486145,3.9050519466400146,0.50815,0.905727410039768,12.31982314020765,56.029197692871094,1,14.0,6.586666404669809,9.577749207966388,0.7619562134324138,0.2313440953932916,0.8792913492512262,3.0474240611439285,0.8605514526367187,-3.4965639488588365,1.4988676315070058e-05
F4_closeup_blk20_pos_d0.350_krea2_seed2718281_00001_.png,0.5493801832199097,0.0009082119795493782,0.0014330515405163169,0.0017869170987978578,0.001857134746387601,0.0023029923904687166,0.22116294503211975,208.58444809568448,4.393799781799316,2.63509202003479,0.5997296533515887,0.06806869506835937,140.0612244897959,637,2.5689010620117188,3.4692108631134033,0.59515,0.8483554152845498,10.50803977333544,33.52116775512695,1,11.0,6.029821203816909,8.528139993786652,0.8287860227045286,0.3092355241039229,0.9553241527462035,2.697978172724758,0.8956192016601563,-3.782478128981299,3.0980616131868233e-06
S1_rally_blk20_pos_d0.350_krea2_seed2718281_00001_.png,0.5442519783973694,0.0007703240844421089,0.0007950249128043652,0.0009745321003720164,0.0011491182958707213,0.0013124669203534722,0.3448975682258606,77.31980036964877,2.799999952316284,1.9616482257843018,0.7005886639967759,0.1514129638671875,49.417330677290835,4016,3.661660671234131,4.082604885101318,0.4535,0.9225729392353423,12.908878452564407,32.31229782104492,3,23.0,4.702780469027647,5.548008046202325,0.6191563295539585,0.11618437428635134,0.9389249219539932,3.1306810361189927,0.8947593688964842,-3.639191004901095,9.050448065670558e-06
P01_blacksmith_blk20_neg_d0.350_krea2_seed2718281_00001_.png,0.5855635404586792,0.0013227995950728655,0.0010108544956892729,0.0008639531442895532,0.0007969128200784326,0.0008597446721978486,0.3038908541202545,356.5800798781064,2.0,1.9890433549880981,0.9945216774940491,0.135162353515625,52.35224586288416,3384,3.236096143722534,3.982729196548462,0.60385,0.8597305018160509,10.844728327714243,36.294471740722656,1,18.0,6.094466731702165,7.532231668441285,0.7156322507918409,0.2508976879001576,0.8774458882066423,3.127580460178956,0.8395759582519531,-3.1751098263237703,3.115266568311392e-05
F4_closeup_blk20_neg_d0.350_krea2_seed2718281_00001_.png,0.5801690220832825,0.0017572963843122125,0.0019064588705077767,0.002063856925815344,0.0023037090431898832,0.0023714012932032347,0.20602703094482422,219.89458731772066,4.0,2.6641733646392822,0.6660433411598206,0.08275375366210938,110.23069105691057,984,2.4162392616271973,3.533501148223877,0.6356999999999999,0.8328161625197003,10.064925930018946,29.694238662719727,2,11.0,5.819793676540432,12.591407174480254,0.8163876129985699,0.3283076956821459,0.9323371948260295,2.4389050606395286,0.9272392272949218,-3.4574000905939988,7.293609187733755e-06
S1_rally_blk20_neg_d0.350_krea2_seed2718281_00001_.png,0.5039486289024353,0.0012343376874923706,0.0006516544381156564,0.0006829564226791263,0.0008774404413998127,0.0012449491769075394,0.3369346261024475,72.84546456536953,2.799999952316284,1.7444342374801636,0.6230122382813221,0.15703659057617186,40.21707698319656,5118,3.758916139602661,4.095241069793701,0.5084000000000001,0.9148252728019818,12.634538746903633,34.56390380859375,2,23.0,5.1014324581322255,5.978019939299358,0.6209172474596432,0.12930501619724616,0.9292117175910588,3.23729904711074,0.8496421813964844,-3.0963058746303944,2.8106318397008074e-05
P01_blacksmith_blk21_pos_d0.350_krea2_seed2718281_00001_.png,0.584446370601654,0.001280561788007617,0.0013978491770103574,0.0015737240901216865,0.0012272957246750593,0.001150075695477426,0.4177617132663727,27.403780518762872,4.0,2.446559429168701,0.6116398572921753,0.11272964477539063,82.17853170189099,1798,3.196967601776123,4.01690673828125,0.5582,0.8668244932836836,11.06014176959635,48.19390106201172,2,17.0,6.4470331112458235,9.141942913589066,0.7242149872072321,0.2808312457758817,0.8925366764995871,3.0459577460122533,0.8748947143554687,-3.466291206191994,1.8759717990494635e-05
F4_closeup_blk21_pos_d0.350_krea2_seed2718281_00001_.png,0.5407935380935669,0.000563883048016578,0.0009002266451716423,0.0017551686614751816,0.0024774628691375256,0.0023393500596284866,0.2960156202316284,205.73460906841294,6.0,2.9954662322998047,0.49924437204996747,0.05184173583984375,106.50470219435736,638,2.8518483638763428,3.569760799407959,0.72025,0.7888149131169123,8.90897621571006,40.20573425292969,5,10.0,6.255429580119241,5.918972341996707,0.8694825647125051,0.36122271701058395,0.9702093012098,2.3442597838302004,0.9489234924316406,-3.8264946208791426,2.722673490181608e-06
S1_rally_blk21_pos_d0.350_krea2_seed2718281_00001_.png,0.5571177005767822,0.0010339196305721998,0.0011835021432489157,0.0014730634866282344,0.001668680226430297,0.001961509697139263,0.351187527179718,72.41482007283588,4.0,2.329960346221924,0.582490086555481,0.14512557983398439,43.419082401278246,4381,3.6998472213745117,4.073793411254883,0.52085,0.9216834565250448,12.877082190865444,42.37770462036133,3,21.0,5.051153857732897,7.843084137556075,0.6171319221889127,0.12425501282345215,0.9338237100421816,3.1183698648658513,0.8934799194335937,-3.642289194456783,1.2053348150942406e-05
P01_blacksmith_blk21_neg_d0.350_krea2_seed2718281_00001_.png,0.5843575596809387,0.0012077637948095798,0.0011461976682767272,0.0010500631760805845,0.000982476631179452,0.0010748349595814943,0.3242568373680115,0.771308762174959,2.799999952316284,2.172426700592041,0.7758666919958028,0.13530960083007812,51.54112176692822,3441,3.212235927581787,3.999112129211426,0.5504,0.8670356012624013,11.06661733806376,38.18157958984375,1,18.0,6.029667885079806,7.782946597188501,0.7133149955971574,0.2806258811792829,0.8907110268807489,3.1028390998223183,0.8576560974121094,-3.373855267514737,2.1607514428877705e-05
F4_closeup_blk21_neg_d0.350_krea2_seed2718281_00001_.png,0.5486599802970886,0.001349276746623218,0.0016459847101941705,0.0017403733218088746,0.001814255490899086,0.002152825240045786,0.21061155200004578,209.5679473035095,4.0,2.5675432682037354,0.6418858170509338,0.07750778198242188,117.85498839907193,862,2.5399417877197266,3.691124200820923,0.5701999999999999,0.8726207483926103,11.239321139340893,31.91326904296875,3,12.0,5.921411084951313,10.448611896672892,0.8070589789037426,0.2953936817990549,0.9418317559550828,2.587104488861321,0.9026390075683594,-3.5722557541263984,4.950408371745102e-06
S1_rally_blk21_neg_d0.350_krea2_seed2718281_00001_.png,0.5120417475700378,0.0010515307076275349,0.000783463183324784,0.0008107172325253487,0.0009931604145094752,0.0013482548529282212,0.35706695914268494,67.79083418718015,2.799999952316284,1.7595726251602173,0.628418805401986,0.156732177734375,46.41482150926344,4426,3.756556510925293,4.099168300628662,0.55135,0.8866641132894769,11.685572028991901,32.991783142089844,3,23.0,4.568925053460591,6.1395142107601925,0.6146614100704558,0.12312686258575672,0.9336224918311162,3.1973957412603986,0.8745613098144531,-3.378073810659901,1.5066344701479917e-05
P01_blacksmith_blk22_pos_d0.350_krea2_seed2718281_00001_.png,0.4596382677555084,0.0007376215071417391,0.0009164207731373608,0.0010700286366045475,0.001038057031109929,0.001215510070323944,0.2620476484298706,359.3893408834293,4.0,2.35300612449646,0.588251531124115,0.09937744140625,66.93525179856115,1946,3.481945276260376,4.085625171661377,0.5761499999999999,0.8412101416418915,10.301914500004443,43.21717834472656,1,20.0,5.894617470317608,5.777314186759717,0.7394621170633782,0.3329526831925983,0.9262124229587547,2.886807211605324,0.9065391540527343,-3.598903620520759,1.095792174720946e-05
F4_closeup_blk22_pos_d0.350_krea2_seed2718281_00001_.png,0.5911213159561157,0.0006071193492971361,0.0009226251277141273,0.0015092688845470548,0.0018224846571683884,0.0021200920455157757,0.2671070694923401,216.55090472067369,4.393799781799316,2.6567821502685547,0.6046661846709294,0.07444000244140625,83.96729776247848,1162,3.0420114994049072,3.8655476570129395,0.5371999999999999,0.8986666804180614,12.080989521456798,40.261051177978516,3,16.0,5.813013612079865,5.909068151186964,0.7895085318954502,0.22679668026472982,0.9651669390110766,2.85522396436783,0.9227470397949219,-3.725000649366824,3.148683169216492e-06
S1_rally_blk22_pos_d0.350_krea2_seed2718281_00001_.png,0.46000295877456665,0.0005502244457602501,0.0005072620697319508,0.000588616996537894,0.0007615457288920879,0.0011148721678182483,0.33715349435806274,89.45071220378213,2.799999952316284,1.6193952560424805,0.5783554584359349,0.15663528442382812,57.15618040089087,3592,3.8474862575531006,4.114781379699707,0.50745,0.9149124287006353,12.63759222003852,28.252506256103516,4,24.0,3.9576109308042597,3.7788567325373474,0.632750474595009,0.1308810527244258,0.9588660919891772,3.187932833469335,0.8876670837402343,-3.647083761723549,7.197696461622772e-06
P01_blacksmith_blk22_neg_d0.350_krea2_seed2718281_00001_.png,0.5961302518844604,0.0011860455852001905,0.0013309863861650229,0.0011929122265428305,0.0010732605587691069,0.0011797795305028558,0.3187444508075714,358.2508133761845,2.799999952316284,2.0531005859375,0.7332502217505698,0.1290863037109375,61.52581818181818,2750,3.139258623123169,3.9772517681121826,0.54565,0.8698123446303365,11.152145458367576,44.8654670715332,1,17.0,5.997552566628743,8.497205520068391,0.7140135896139725,0.26317735601690906,0.8922256655801101,3.1369535171180476,0.8395141601562499,-3.490485426042747,1.6202756815487007e-05
F4_closeup_blk22_neg_d0.350_krea2_seed2718281_00001_.png,0.551194965839386,0.0009692376479506493,0.001423901878297329,0.0016342808958142996,0.0018645148957148194,0.002049894304946065,0.1853189766407013,213.82523851770048,4.0,2.4571690559387207,0.6142922639846802,0.0748626708984375,143.03790087463557,686,2.538566827774048,3.6204476356506348,0.69435,0.8055248956744667,9.331439043009171,29.63083267211914,2,13.0,6.090333319561294,8.571137491346022,0.8256353062053439,0.3465502565992823,0.9555382682068939,2.6416937048080857,0.891436767578125,-3.6865955090516183,3.845134567235434e-06
S1_rally_blk22_neg_d0.350_krea2_seed2718281_00001_.png,0.5334168076515198,0.0010152601171284914,0.0009286826243624091,0.0010603859554976225,0.0013304401654750109,0.001566635211929679,0.31221944093704224,85.87713709463533,2.799999952316284,2.0492873191833496,0.7318883407437519,0.14759521484375,44.916647318319015,4307,3.703568696975708,4.072311878204346,0.53715,0.8981489590156819,12.063660564744579,34.188385009765625,2,22.0,4.862060944222907,6.748213335535766,0.6226045533763085,0.12543831806149588,0.9366061797775083,3.183752645811451,0.8765747070312501,-3.580793343840142,1.0609596622790678e-05
P01_blacksmith_blk23_pos_d0.350_krea2_seed2718281_00001_.png,0.4889356195926666,0.0005933626089245081,0.0005859482334926724,0.0006564006907865405,0.0007716758991591632,0.0010076784528791904,0.3181610107421875,20.47340175266728,2.799999952316284,2.0302693843841553,0.7250962210569419,0.10021743774414063,64.54889434889435,2035,3.490200996398926,4.097145080566406,0.49779999999999996,0.8983569371213956,12.070618932869976,30.094614028930664,1,21.0,5.412929452795927,4.145511061775994,0.737512857136789,0.2466981515176486,0.9353203486532479,3.131152759549645,0.8508949279785156,-3.574647321892734,9.682913365894253e-06
F4_closeup_blk23_pos_d0.350_krea2_seed2718281_00001_.png,0.5397347211837769,0.0009263488464057446,0.0013019823236390948,0.0016797088319435716,0.0019586696289479733,0.0023501296527683735,0.11461790651082993,224.84467698178838,4.393799781799316,2.582810401916504,0.5878307001187046,0.07880630493164062,99.99322362052276,1033,2.9035909175872803,3.98456072807312,0.55655,0.8837106790344113,11.590273585897659,16.6079044342041,4,14.0,5.803378197006989,8.139244435267052,0.7934638162814986,0.30385599609023317,0.9551156912598429,2.9100618390274406,0.8656539916992188,-3.674892262957869,3.7396776499609933e-06
S1_rally_blk23_pos_d0.350_krea2_seed2718281_00001_.png,0.4474240243434906,0.0005648012738674879,0.0003760260879062116,0.00045902072452008724,0.0007090375875122845,0.0010725116590037942,0.25576668977737427,60.58081249986791,2.799999952316284,1.8186218738555908,0.6495078231523348,0.10803680419921875,44.71297758130723,3167,3.798678398132324,4.107343673706055,0.47055,0.930296758949251,13.188303024017866,24.432422637939453,2,24.0,4.476276270942927,3.2663125980236973,0.6875067123133903,0.13511932935866305,0.9645084749397015,3.2321037758752307,0.8567375183105469,-3.422884277253515,9.873790608781662e-06
P01_blacksmith_blk23_neg_d0.350_krea2_seed2718281_00001_.png,0.5817641019821167,0.001381449168547988,0.0014557749964296818,0.0013045351952314377,0.0010494716698303819,0.0010819509625434875,0.3866409957408905,349.6375601239732,2.799999952316284,2.170365810394287,0.7751306597697847,0.12713623046875,56.77683134582624,2935,3.204289436340332,4.019643783569336,0.51195,0.8908488742091701,11.821944903108335,47.71390151977539,2,16.0,6.420138517488679,9.434203668744427,0.718121407627826,0.25757653410167264,0.8823657393026862,3.087274031962954,0.8632843017578125,-3.4414663752945946,1.8003408256203173e-05
F4_closeup_blk23_neg_d0.350_krea2_seed2718281_00001_.png,0.5493473410606384,0.0011121928691864014,0.0015274409670382738,0.0018823150312528014,0.0020622643642127514,0.0022551827132701874,0.2469344139099121,212.47124991984958,4.393799781799316,2.612527370452881,0.5945940871668527,0.06598663330078125,153.0796460176991,565,2.523423671722412,3.6468772888183594,0.6118,0.8429507272933937,10.351750956018051,39.29414367675781,3,10.0,5.76126491644847,9.49421914508496,0.8337318813486367,0.3078285937756577,0.9509901771435735,2.6028649456653943,0.9006637573242187,-3.649112608056577,4.448698154254881e-06
S1_rally_blk23_neg_d0.350_krea2_seed2718281_00001_.png,0.5435057878494263,0.0009889398934319615,0.0008402044768445194,0.0010175366187468171,0.001286863349378109,0.0015579320024698973,0.36005404591560364,79.33367428316278,2.799999952316284,2.0001144409179688,0.7143265982070411,0.15854415893554688,46.00553464688953,4517,3.708566188812256,4.078269958496094,0.55865,0.883497338049987,11.583419887376396,36.575862884521484,4,22.0,4.707601198766603,6.301995835449311,0.6146346143536144,0.12510179143582312,0.9330846264614776,3.187666536574407,0.8749610900878907,-3.5136511327514706,1.2709739915828665e-05
P01_blacksmith_blk24_pos_d0.350_krea2_seed2718281_00001_.png,0.5428742170333862,0.0010975429322570562,0.0010165113490074873,0.0010280192364007235,0.001034389017149806,0.0011334416922181845,0.36835581064224243,357.14982752092146,2.799999952316284,2.063927412033081,0.7371169454219842,0.11623611450195312,56.46886582653818,2698,3.4795961380004883,4.051947593688965,0.55395,0.8541456480143372,10.678096537636927,39.87813186645508,1,19.0,5.669819846074675,7.109933827169142,0.7121767449647789,0.2841476923035985,0.9064855830570487,3.158246052900362,0.8398284912109374,-3.364426212400372,2.191582389433735e-05
F4_closeup_blk24_pos_d0.350_krea2_seed2718281_00001_.png,0.5737465620040894,0.001142418710514903,0.001505291205830872,0.0018086854834109545,0.001993616111576557,0.0023029581643640995,0.21161285042762756,216.94782655121958,4.0,2.4461119174957275,0.6115279793739319,0.08017349243164062,85.29626623376623,1232,3.0310797691345215,3.9608304500579834,0.5337,0.8948673597666569,11.954396869674728,33.2064323425293,3,15.0,5.493780348951086,9.468983412275914,0.7771909690763235,0.2695232958021957,0.9502433004136706,3.0089067713060844,0.8781318664550781,-3.66921960841019,4.358544209057226e-06
S1_rally_blk24_pos_d0.350_krea2_seed2718281_00001_.png,0.5531315803527832,0.0005936418892815709,0.0007479204214178026,0.0009206234244629741,0.0011216705897822976,0.001499128877185285,0.32295340299606323,81.30836608287176,4.0,2.0870022773742676,0.5217505693435669,0.13009796142578126,51.08508088675854,3338,3.704911708831787,4.074468612670898,0.5597,0.887981985173839,11.728348238819196,33.18518829345703,3,22.0,4.941409826822479,4.925736050996255,0.6552639370353383,0.13878239405431364,0.9503718816744502,3.1227623466928622,0.8965499877929688,-3.7367806455791603,7.2709008315837085e-06
P01_blacksmith_blk24_neg_d0.350_krea2_seed2718281_00001_.png,0.5813313126564026,0.0010440244805067778,0.0011616841657087207,0.0011290956754237413,0.000982930650934577,0.0009848865447565913,0.31478264927864075,10.678050871025857,2.799999952316284,2.273914098739624,0.8121121919514825,0.11158676147460937,68.02744186046512,2150,3.1380631923675537,3.9941799640655518,0.5725,0.8654865606527907,11.019189768762697,43.41300964355469,1,15.0,6.562641281287121,7.489035384848903,0.7451245526088519,0.27801679915881927,0.8908415306833849,3.0929975999972323,0.8461952209472656,-3.4842262178294328,1.4840071038868205e-05
F4_closeup_blk24_neg_d0.350_krea2_seed2718281_00001_.png,0.5412520170211792,0.0009832553332671523,0.0014478049706667662,0.0019669760949909687,0.0022501114290207624,0.002194174798205495,0.24230733513832092,210.00840860320798,4.393799781799316,2.9424591064453125,0.6696843854000872,0.06432571411132812,171.02028397565923,493,2.5454049110412598,3.5778956413269043,0.6066,0.8506960187477793,10.576453767991145,33.628849029541016,3,9.0,5.466534408334041,8.942488817360536,0.8430195099019404,0.35042312677947307,0.9540106923467011,2.654819320234477,0.8936370849609375,-3.7052645630605983,3.847233655406623e-06
S1_rally_blk24_neg_d0.350_krea2_seed2718281_00001_.png,0.5453405976295471,0.0007595491479150951,0.0006717052310705185,0.0009008195484057069,0.0012517180293798447,0.0016132710734382272,0.3764045536518097,70.34237214708915,2.799999952316284,2.0430171489715576,0.7296489942014046,0.14053573608398437,53.75051065071491,3427,3.652421236038208,4.080081462860107,0.59205,0.8773186347355562,11.386674321086561,37.26390838623047,4,23.0,4.7043590158490245,5.072577407075334,0.6366275423959727,0.12420071485127322,0.9449772902700387,3.1775037617717055,0.877874755859375,-3.558155603724906,1.0720736764753575e-05
P01_blacksmith_blk25_pos_d0.350_krea2_seed2718281_00001_.png,0.49169307947158813,0.0008467846782878041,0.0006801097770221531,0.0007348500657826662,0.0008005403797142208,0.0010676418896764517,0.39533376693725586,13.34984935912576,2.799999952316284,1.7062809467315674,0.609386062781914,0.12630462646484375,48.67685974713319,3401,3.7473814487457275,4.088974475860596,0.5189,0.8884807750176447,11.74457905065199,46.14729309082031,1,23.0,4.771500192586312,5.137761483195038,0.6781146250076264,0.21044198918200155,0.9272374650339359,3.192222289777867,0.8640670776367188,-3.4380194158023194,1.524912562501546e-05
F4_closeup_blk25_pos_d0.350_krea2_seed2718281_00001_.png,0.5602829456329346,0.0006631198339164257,0.0007949054124765098,0.0010985046392306685,0.0014200169825926423,0.0018663108348846436,0.20373794436454773,206.184987724596,4.0,2.214113712310791,0.5535284280776978,0.08907241821289062,62.86968228325256,1857,3.5034027099609375,4.003058910369873,0.4955,0.9174650129638107,12.727349068001164,30.931396484375,3,20.0,5.196067260565789,5.3841233858678805,0.7571243398868762,0.2516741747185572,0.9679512320625123,3.0147513600248144,0.9181564331054688,-3.7572387873970667,2.5098204796960586e-06
S1_rally_blk25_pos_d0.350_krea2_seed2718281_00001_.png,0.44962888956069946,0.0009738474036566913,0.0005884143174625933,0.0006756551447324455,0.000994272530078888,0.0014007833087816834,0.40669554471969604,79.96213265855394,2.799999952316284,1.579649806022644,0.5641606546156859,0.15303268432617187,39.95677290836653,5020,3.9154725074768066,4.108636379241943,0.53355,0.9157243261735563,12.666072213317328,29.913131713867188,2,24.0,3.899999949287952,5.202133671924855,0.6176142531304506,0.13726923060638974,0.9484139232306495,3.207568305933355,0.88505859375,-3.3875767906664396,1.603709296053384e-05
P01_blacksmith_blk25_neg_d0.350_krea2_seed2718281_00001_.png,0.5482476949691772,0.0010500721400603652,0.0011209998046979308,0.0011294896248728037,0.0011182775488123298,0.0012251557782292366,0.35288769006729126,10.116585638890157,2.799999952316284,2.4158084392547607,0.8627887429984764,0.10912857055664063,68.11285714285714,2100,3.2153847217559814,4.017258167266846,0.5625,0.8512694383994567,10.59328218940772,41.04423522949219,1,17.0,6.050420043362834,7.4319198234289585,0.7366628960147681,0.3019476277692752,0.9107641310038938,3.0650803013077668,0.8412712097167969,-3.4965802450430914,1.4806601145360673e-05
F4_closeup_blk25_neg_d0.350_krea2_seed2718281_00001_.png,0.5326829552650452,0.0010153616312891245,0.0014035396743565798,0.0017031315946951509,0.0019078394398093224,0.0021269298158586025,0.17948077619075775,212.07939779819816,4.393799781799316,2.6722967624664307,0.6081972086065541,0.07178878784179688,138.1718061674009,681,2.652862310409546,3.811856508255005,0.5848,0.8734683950075581,11.265766579441344,28.419605255126953,3,12.0,5.586241469002212,8.710764041927824,0.8121386056823243,0.3141460371730035,0.9535416413097326,2.9036431807201484,0.840398406982422,-3.648610889301765,4.092931143315936e-06
S1_rally_blk25_neg_d0.350_krea2_seed2718281_00001_.png,0.49970370531082153,0.0008898216183297336,0.0006630552234128118,0.0008937962120398879,0.0012559422757476568,0.0015838142717257142,0.3279916048049927,66.55245534682973,2.799999952316284,2.0810670852661133,0.7432382573951697,0.14249420166015625,43.84272300469483,4260,3.6774868965148926,4.087200164794922,0.5814,0.875307014146916,11.323343098769687,33.53746032714844,3,23.0,4.884219229751745,5.334271244489557,0.6375872009775843,0.13153245113261436,0.9490226739192316,3.232964105789632,0.8552162170410156,-3.488375057943567,1.2952620655843327e-05
P01_blacksmith_blk26_pos_d0.350_krea2_seed2718281_00001_.png,0.48356613516807556,0.0009317848598584533,0.0017716146539896727,0.0026250784285366535,0.0016028390964493155,0.0006464881007559597,0.27683866024017334,32.77820747553995,4.393799781799316,1.9611623287200928,0.4463476776624929,0.20759429931640624,44.60622950819672,6100,4.026302814483643,4.105109214782715,0.36124999999999996,0.9745102274496931,14.90826960940387,32.720542907714844,1,24.0,3.1831970956885467,10.022900574708187,0.45280683544931444,0.09124317674296918,0.7856287340409687,2.377780801800813,0.9739471435546875,-3.831430429161865,7.2499132726490175e-06
F4_closeup_blk26_pos_d0.350_krea2_seed2718281_00001_.png,0.48745909333229065,0.0008995545213110745,0.001720033003948629,0.0025946442037820816,0.00176905351690948,0.0008896032231859863,0.21499601006507874,47.5809497185818,4.0,1.9535592794418335,0.4883898198604584,0.19953765869140624,44.35102594539596,5897,4.026289939880371,4.105564117431641,0.32715,0.9841943568984979,15.313980577846177,28.433137893676758,1,23.0,3.18791051278106,9.799945198334942,0.46515426297601736,0.08867800949279592,0.8303269010942578,2.35396142654507,0.9742698669433594,-3.874468260529893,4.814967687156929e-06
S1_rally_blk26_pos_d0.350_krea2_seed2718281_00001_.png,0.4812087118625641,0.001011800253763795,0.0019542821682989597,0.0028860385064035654,0.0017620716243982315,0.0006540293688885868,0.26637157797813416,51.3516467940592,4.393799781799316,1.9579896926879883,0.4456256065191407,0.21379547119140624,44.55811734775004,6289,4.03027868270874,4.106292247772217,0.3477,0.9757394852616105,14.959167052394948,31.636993408203125,1,24.0,3.0923734311205044,10.99343794530476,0.4373017960063884,0.08630105450134835,0.7828771625126517,2.3872466918411943,0.9737022399902344,-3.856506947170869,6.700950939151298e-06
P01_blacksmith_blk26_neg_d0.350_krea2_seed2718281_00001_.png,0.6100310683250427,0.0014137222897261381,0.0016186267603188753,0.0014869027072563767,0.0011131562059745193,0.0010703692678362131,0.36334681510925293,13.4421631583811,2.799999952316284,2.2006847858428955,0.7859588654715481,0.12188186645507812,70.78112538768276,2257,3.0559895038604736,3.9652085304260254,0.5494500000000001,0.8573628601006156,10.77377129759955,44.00128173828125,1,18.0,5.704063978637888,9.947049052330089,0.7106034503526333,0.2800572307335668,0.873298044232469,3.0678555770540803,0.8731788635253906,-3.3659219814541594,2.4701962448862682e-05
F4_closeup_blk26_neg_d0.350_krea2_seed2718281_00001_.png,0.5984578728675842,0.0018101278692483902,0.0026316840667277575,0.0028721962589770555,0.0022099607158452272,0.0019801491871476173,0.20893001556396484,217.3593127498606,4.393799781799316,2.5939528942108154,0.590366658252361,0.07353057861328124,145.80635400907715,661,2.6016063690185547,3.8783435821533203,0.55855,0.8843799695939011,11.611801247323218,29.420116424560547,3,12.0,5.8569017745809075,15.204126860912702,0.8040177157205466,0.28966395791901034,0.9183182487099667,2.7412047862214832,0.9203781127929687,-3.501226278328202,7.620957863600219e-06
S1_rally_blk26_neg_d0.350_krea2_seed2718281_00001_.png,0.5478389859199524,0.0009033437818288803,0.0007727875490672886,0.0009550110553391278,0.001231771893799305,0.00156453438103199,0.42353805899620056,87.12033993815128,2.799999952316284,2.022110939025879,0.7221824905222227,0.12513427734375,46.04604154969118,3562,3.608348846435547,4.063564300537109,0.5985,0.8663913175502979,11.046866312183269,35.585758209228516,3,23.0,4.917492482122095,5.751235195920904,0.6669627077579036,0.16950609115639065,0.9463743689166569,3.181051934187139,0.88408203125,-3.418012491057577,1.820143421123243e-05
P01_blacksmith_blk27_pos_d0.350_krea2_seed2718281_00001_.png,0.5723133683204651,0.0015642715152353048,0.0028483103960752487,0.004008645191788673,0.002346676541492343,0.00106972292996943,0.3389422595500946,27.253094815626746,4.393799781799316,2.182375907897949,0.4966944367693147,0.17792129516601562,45.22105875509017,5157,3.9063127040863037,4.070930004119873,0.3915,0.9638771440256191,14.475171901648844,35.452064514160156,2,22.0,4.0490461839796295,15.829906894588001,0.47180537436842085,0.08836250005140911,0.8016840448545746,2.338964407454411,0.977685546875,-3.638417041076964,1.6097202844679135e-05
F4_closeup_blk27_pos_d0.350_krea2_seed2718281_00001_.png,0.5901505947113037,0.001446558628231287,0.00281572830863297,0.00446739885956049,0.002970405388623476,0.0014946486335247755,0.24935388565063477,49.107545019798565,4.393799781799316,2.2561287879943848,0.5134801083426864,0.16854400634765626,43.572781065088755,5070,3.882840394973755,4.069368362426758,0.32830000000000004,0.9891156181839297,15.524366284738862,31.309776306152344,1,22.0,4.21800289681029,15.85974630592127,0.47444663655746033,0.07994695618183309,0.8580974577475302,2.2469679395475395,0.9790649414062499,-3.751647354316125,7.1348404010182936e-06
S1_rally_blk27_pos_d0.350_krea2_seed2718281_00001_.png,0.5672027468681335,0.001338521484285593,0.003020146396011114,0.004925347864627838,0.0027864226140081882,0.0011797989718616009,0.371567964553833,53.272604849831566,5.599999904632568,2.270561933517456,0.40545749503301715,0.18360366821289062,45.996368501529055,5232,3.9282777309417725,4.073779582977295,0.3943,0.9633282931109921,14.453161236071763,41.85530471801758,2,22.0,3.673715549345104,16.393924183288565,0.4365111992974027,0.07653235597126745,0.8134629051612219,2.24952073356601,0.980340576171875,-3.8394556320335993,1.01937228635206e-05
P01_blacksmith_blk27_neg_d0.350_krea2_seed2718281_00001_.png,0.33790677785873413,0.00087659404380247,0.00022571859881281853,0.00030066334875300527,0.0005317993927747011,0.0009566263179294765,0.40625232458114624,338.6087820877083,2.0,1.2612714767456055,0.6306357383728027,0.09085845947265625,33.386599383235215,3567,3.7756307125091553,4.1076884269714355,0.5702,0.8499777415862227,10.555411855443207,48.25217819213867,1,23.0,4.36147624090743,3.24451721481605,0.7358607189711661,0.301768210351436,0.9515927256714327,2.990139357725455,0.8489974975585938,-3.006009318640229,2.885667341572662e-05
F4_closeup_blk27_neg_d0.350_krea2_seed2718281_00001_.png,0.48434680700302124,0.00045365880941972136,0.0002497795212548226,0.0005436813225969672,0.0010866617085412145,0.0019004553323611617,0.29443666338920593,208.68826954009182,2.799999952316284,2.160865068435669,0.7717375375839223,0.07288360595703125,50.949333333333335,1875,2.994412422180176,3.7399957180023193,0.5976,0.8526350572877314,10.633467557678973,47.10252380371094,3,21.0,4.64272252636654,2.5601249604672405,0.8035240456896661,0.3242133557811732,0.9868706379396321,2.5467622606372284,0.920446014404297,-3.5187150549414326,3.0136736732231823e-06
S1_rally_blk27_neg_d0.350_krea2_seed2718281_00001_.png,0.29550817608833313,0.0019020559266209602,0.00022707926109433174,0.00028385542100295424,0.0006989713874645531,0.001270707929506898,0.4858299791812897,99.18046111336795,2.0,1.0926588773727417,0.5463294386863708,0.13634033203125,18.834738617200674,9488,3.9658637046813965,4.131683349609375,0.6216,0.855843276708979,10.728474950108847,30.998855590820312,0,24.0,3.8044877990581227,5.783319431409881,0.6506402124491591,0.23079561391480585,0.9520337158794441,3.2006449343789076,0.8256439208984375,-2.6850382213657236,4.2738371951695975e-05
