row_index,arm,condition,block_idx,dose,sign,eye_label_at_0350,prompt_id,seed,nonzero_slots,vectors_override,output_prefix,expected_filename,prompt_text,mode,sampler,scheduler,steps,cfg,denoise,width,height
1,baseline,baseline,,0.000,,,P1_elfbrawler,3141592,{},,P1_elfbrawler_baseline_krea2_seed3141592,P1_elfbrawler_baseline_krea2_seed3141592_00001_.png,"realistic western comics style, bold ink outlines, hatched shadows, smug grin with half-closed eye, seen from a high angle, from above, top view, dynamic, upper body portrait, close-up on gauntlet, dynamic pose, dramatic angle, strong perspective. female antlered elf brawler, tousled green hair fading to teal at the tips, thick green eyebrows, an eyepatch over one eye, pointed ears, tan sun-kissed skin gradient, small pair of pale antlers, young adult, a sharp bright green visible eye, wide reckless grin. fur-collared dark navy jacket with a gold wood-textured pauldron, black uniform, brown leather arm straps. looking to her left, wearing a heavy silver gauntlet crackling with blue electric energy, showing fist to viewer, wildly smug expression. Background: white empty background, flat background. Lighting: warm light, deep amber shadows and sharp blue highlights along her electrified gauntlet.",Real Value,euler_ancestral,simple,9,1.0,1.0,1024,1280
2,perturbation,blk00_neg_d0.200,0,0.200,neg,,P1_elfbrawler,3141592,"{""0"": -0.2}","-0.200,0.000,0.000,0.000,0.000,0.000,0.000,0.000,0.000,0.000,0.000,0.000,0.000,0.000,0.000,0.000,0.000,0.000,0.000,0.000,0.000,0.000,0.000,0.000,0.000,0.000,0.000,0.000,0.000,0.000,0.000,0.000,0.000,0.000",P1_elfbrawler_blk00_neg_d0.200_krea2_seed3141592,P1_elfbrawler_blk00_neg_d0.200_krea2_seed3141592_00001_.png,"realistic western comics style, bold ink outlines, hatched shadows, smug grin with half-closed eye, seen from a high angle, from above, top view, dynamic, upper body portrait, close-up on gauntlet, dynamic pose, dramatic angle, strong perspective. female antlered elf brawler, tousled green hair fading to teal at the tips, thick green eyebrows, an eyepatch over one eye, pointed ears, tan sun-kissed skin gradient, small pair of pale antlers, young adult, a sharp bright green visible eye, wide reckless grin. fur-collared dark navy jacket with a gold wood-textured pauldron, black uniform, brown leather arm straps. looking to her left, wearing a heavy silver gauntlet crackling with blue electric energy, showing fist to viewer, wildly smug expression. Background: white empty background, flat background. Lighting: warm light, deep amber shadows and sharp blue highlights along her electrified gauntlet.",Real Value,euler_ancestral,simple,9,1.0,1.0,1024,1280
3,perturbation,blk00_pos_d0.250,0,0.250,pos,,P1_elfbrawler,3141592,"{""0"": 0.25}","0.250,0.000,0.000,0.000,0.000,0.000,0.000,0.000,0.000,0.000,0.000,0.000,0.000,0.000,0.000,0.000,0.000,0.000,0.000,0.000,0.000,0.000,0.000,0.000,0.000,0.000,0.000,0.000,0.000,0.000,0.000,0.000,0.000,0.000",P1_elfbrawler_blk00_pos_d0.250_krea2_seed3141592,P1_elfbrawler_blk00_pos_d0.250_krea2_seed3141592_00001_.png,"realistic western comics style, bold ink outlines, hatched shadows, smug grin with half-closed eye, seen from a high angle, from above, top view, dynamic, upper body portrait, close-up on gauntlet, dynamic pose, dramatic angle, strong perspective. female antlered elf brawler, tousled green hair fading to teal at the tips, thick green eyebrows, an eyepatch over one eye, pointed ears, tan sun-kissed skin gradient, small pair of pale antlers, young adult, a sharp bright green visible eye, wide reckless grin. fur-collared dark navy jacket with a gold wood-textured pauldron, black uniform, brown leather arm straps. looking to her left, wearing a heavy silver gauntlet crackling with blue electric energy, showing fist to viewer, wildly smug expression. Background: white empty background, flat background. Lighting: warm light, deep amber shadows and sharp blue highlights along her electrified gauntlet.",Real Value,euler_ancestral,simple,9,1.0,1.0,1024,1280
4,perturbation,blk01_neg_d0.400,1,0.400,neg,,P1_elfbrawler,3141592,"{""1"": -0.4}","0.000,-0.400,0.000,0.000,0.000,0.000,0.000,0.000,0.000,0.000,0.000,0.000,0.000,0.000,0.000,0.000,0.000,0.000,0.000,0.000,0.000,0.000,0.000,0.000,0.000,0.000,0.000,0.000,0.000,0.000,0.000,0.000,0.000,0.000",P1_elfbrawler_blk01_neg_d0.400_krea2_seed3141592,P1_elfbrawler_blk01_neg_d0.400_krea2_seed3141592_00001_.png,"realistic western comics style, bold ink outlines, hatched shadows, smug grin with half-closed eye, seen from a high angle, from above, top view, dynamic, upper body portrait, close-up on gauntlet, dynamic pose, dramatic angle, strong perspective. female antlered elf brawler, tousled green hair fading to teal at the tips, thick green eyebrows, an eyepatch over one eye, pointed ears, tan sun-kissed skin gradient, small pair of pale antlers, young adult, a sharp bright green visible eye, wide reckless grin. fur-collared dark navy jacket with a gold wood-textured pauldron, black uniform, brown leather arm straps. looking to her left, wearing a heavy silver gauntlet crackling with blue electric energy, showing fist to viewer, wildly smug expression. Background: white empty background, flat background. Lighting: warm light, deep amber shadows and sharp blue highlights along her electrified gauntlet.",Real Value,euler_ancestral,simple,9,1.0,1.0,1024,1280
5,perturbation,blk01_pos_d0.250,1,0.250,pos,,P1_elfbrawler,3141592,"{""1"": 0.25}","0.000,0.250,0.000,0.000,0.000,0.000,0.000,0.000,0.000,0.000,0.000,0.000,0.000,0.000,0.000,0.000,0.000,0.000,0.000,0.000,0.000,0.000,0.000,0.000,0.000,0.000,0.000,0.000,0.000,0.000,0.000,0.000,0.000,0.000",P1_elfbrawler_blk01_pos_d0.250_krea2_seed3141592,P1_elfbrawler_blk01_pos_d0.250_krea2_seed3141592_00001_.png,"realistic western comics style, bold ink outlines, hatched shadows, smug grin with half-closed eye, seen from a high angle, from above, top view, dynamic, upper body portrait, close-up on gauntlet, dynamic pose, dramatic angle, strong perspective. female antlered elf brawler, tousled green hair fading to teal at the tips, thick green eyebrows, an eyepatch over one eye, pointed ears, tan sun-kissed skin gradient, small pair of pale antlers, young adult, a sharp bright green visible eye, wide reckless grin. fur-collared dark navy jacket with a gold wood-textured pauldron, black uniform, brown leather arm straps. looking to her left, wearing a heavy silver gauntlet crackling with blue electric energy, showing fist to viewer, wildly smug expression. Background: white empty background, flat background. Lighting: warm light, deep amber shadows and sharp blue highlights along her electrified gauntlet.",Real Value,euler_ancestral,simple,9,1.0,1.0,1024,1280
6,perturbation,blk02_neg_d0.450,2,0.450,neg,,P1_elfbrawler,3141592,"{""2"": -0.45}","0.000,0.000,-0.450,0.000,0.000,0.000,0.000,0.000,0.000,0.000,0.000,0.000,0.000,0.000,0.000,0.000,0.000,0.000,0.000,0.000,0.000,0.000,0.000,0.000,0.000,0.000,0.000,0.000,0.000,0.000,0.000,0.000,0.000,0.000",P1_elfbrawler_blk02_neg_d0.450_krea2_seed3141592,P1_elfbrawler_blk02_neg_d0.450_krea2_seed3141592_00001_.png,"realistic western comics style, bold ink outlines, hatched shadows, smug grin with half-closed eye, seen from a high angle, from above, top view, dynamic, upper body portrait, close-up on gauntlet, dynamic pose, dramatic angle, strong perspective. female antlered elf brawler, tousled green hair fading to teal at the tips, thick green eyebrows, an eyepatch over one eye, pointed ears, tan sun-kissed skin gradient, small pair of pale antlers, young adult, a sharp bright green visible eye, wide reckless grin. fur-collared dark navy jacket with a gold wood-textured pauldron, black uniform, brown leather arm straps. looking to her left, wearing a heavy silver gauntlet crackling with blue electric energy, showing fist to viewer, wildly smug expression. Background: white empty background, flat background. Lighting: warm light, deep amber shadows and sharp blue highlights along her electrified gauntlet.",Real Value,euler_ancestral,simple,9,1.0,1.0,1024,1280
7,perturbation,blk02_pos_d0.400,2,0.400,pos,,P1_elfbrawler,3141592,"{""2"": 0.4}","0.000,0.000,0.400,0.000,0.000,0.000,0.000,0.000,0.000,0.000,0.000,0.000,0.000,0.000,0.000,0.000,0.000,0.000,0.000,0.000,0.000,0.000,0.000,0.000,0.000,0.000,0.000,0.000,0.000,0.000,0.000,0.000,0.000,0.000",P1_elfbrawler_blk02_pos_d0.400_krea2_seed3141592,P1_elfbrawler_blk02_pos_d0.400_krea2_seed3141592_00001_.png,"realistic western comics style, bold ink outlines, hatched shadows, smug grin with half-closed eye, seen from a high angle, from above, top view, dynamic, upper body portrait, close-up on gauntlet, dynamic pose, dramatic angle, strong perspective. female antlered elf brawler, tousled green hair fading to teal at the tips, thick green eyebrows, an eyepatch over one eye, pointed ears, tan sun-kissed skin gradient, small pair of pale antlers, young adult, a sharp bright green visible eye, wide reckless grin. fur-collared dark navy jacket with a gold wood-textured pauldron, black uniform, brown leather arm straps. looking to her left, wearing a heavy silver gauntlet crackling with blue electric energy, showing fist to viewer, wildly smug expression. Background: white empty background, flat background. Lighting: warm light, deep amber shadows and sharp blue highlights along her electrified gauntlet.",Real Value,euler_ancestral,simple,9,1.0,1.0,1024,1280
8,perturbation,blk03_neg_d0.550,3,0.550,neg,,P1_elfbrawler,3141592,"{""3"": -0.55}","0.000,0.000,0.000,-0.550,0.000,0.000,0.000,0.000,0.000,0.000,0.000,0.000,0.000,0.000,0.000,0.000,0.000,0.000,0.000,0.000,0.000,0.000,0.000,0.000,0.000,0.000,0.000,0.000,0.000,0.000,0.000,0.000,0.000,0.000",P1_elfbrawler_blk03_neg_d0.550_krea2_seed3141592,P1_elfbrawler_blk03_neg_d0.550_krea2_seed3141592_00001_.png,"realistic western comics style, bold ink outlines, hatched shadows, smug grin with half-closed eye, seen from a high angle, from above, top view, dynamic, upper body portrait, close-up on gauntlet, dynamic pose, dramatic angle, strong perspective. female antlered elf brawler, tousled green hair fading to teal at the tips, thick green eyebrows, an eyepatch over one eye, pointed ears, tan sun-kissed skin gradient, small pair of pale antlers, young adult, a sharp bright green visible eye, wide reckless grin. fur-collared dark navy jacket with a gold wood-textured pauldron, black uniform, brown leather arm straps. looking to her left, wearing a heavy silver gauntlet crackling with blue electric energy, showing fist to viewer, wildly smug expression. Background: white empty background, flat background. Lighting: warm light, deep amber shadows and sharp blue highlights along her electrified gauntlet.",Real Value,euler_ancestral,simple,9,1.0,1.0,1024,1280
9,perturbation,blk03_pos_d0.400,3,0.400,pos,,P1_elfbrawler,3141592,"{""3"": 0.4}","0.000,0.000,0.000,0.400,0.000,0.000,0.000,0.000,0.000,0.000,0.000,0.000,0.000,0.000,0.000,0.000,0.000,0.000,0.000,0.000,0.000,0.000,0.000,0.000,0.000,0.000,0.000,0.000,0.000,0.000,0.000,0.000,0.000,0.000",P1_elfbrawler_blk03_pos_d0.400_krea2_seed3141592,P1_elfbrawler_blk03_pos_d0.400_krea2_seed3141592_00001_.png,"realistic western comics style, bold ink outlines, hatched shadows, smug grin with half-closed eye, seen from a high angle, from above, top view, dynamic, upper body portrait, close-up on gauntlet, dynamic pose, dramatic angle, strong perspective. female antlered elf brawler, tousled green hair fading to teal at the tips, thick green eyebrows, an eyepatch over one eye, pointed ears, tan sun-kissed skin gradient, small pair of pale antlers, young adult, a sharp bright green visible eye, wide reckless grin. fur-collared dark navy jacket with a gold wood-textured pauldron, black uniform, brown leather arm straps. looking to her left, wearing a heavy silver gauntlet crackling with blue electric energy, showing fist to viewer, wildly smug expression. Background: white empty background, flat background. Lighting: warm light, deep amber shadows and sharp blue highlights along her electrified gauntlet.",Real Value,euler_ancestral,simple,9,1.0,1.0,1024,1280
10,perturbation,blk04_neg_d0.550,4,0.550,neg,,P1_elfbrawler,3141592,"{""4"": -0.55}","0.000,0.000,0.000,0.000,-0.550,0.000,0.000,0.000,0.000,0.000,0.000,0.000,0.000,0.000,0.000,0.000,0.000,0.000,0.000,0.000,0.000,0.000,0.000,0.000,0.000,0.000,0.000,0.000,0.000,0.000,0.000,0.000,0.000,0.000",P1_elfbrawler_blk04_neg_d0.550_krea2_seed3141592,P1_elfbrawler_blk04_neg_d0.550_krea2_seed3141592_00001_.png,"realistic western comics style, bold ink outlines, hatched shadows, smug grin with half-closed eye, seen from a high angle, from above, top view, dynamic, upper body portrait, close-up on gauntlet, dynamic pose, dramatic angle, strong perspective. female antlered elf brawler, tousled green hair fading to teal at the tips, thick green eyebrows, an eyepatch over one eye, pointed ears, tan sun-kissed skin gradient, small pair of pale antlers, young adult, a sharp bright green visible eye, wide reckless grin. fur-collared dark navy jacket with a gold wood-textured pauldron, black uniform, brown leather arm straps. looking to her left, wearing a heavy silver gauntlet crackling with blue electric energy, showing fist to viewer, wildly smug expression. Background: white empty background, flat background. Lighting: warm light, deep amber shadows and sharp blue highlights along her electrified gauntlet.",Real Value,euler_ancestral,simple,9,1.0,1.0,1024,1280
11,perturbation,blk04_pos_d0.550,4,0.550,pos,,P1_elfbrawler,3141592,"{""4"": 0.55}","0.000,0.000,0.000,0.000,0.550,0.000,0.000,0.000,0.000,0.000,0.000,0.000,0.000,0.000,0.000,0.000,0.000,0.000,0.000,0.000,0.000,0.000,0.000,0.000,0.000,0.000,0.000,0.000,0.000,0.000,0.000,0.000,0.000,0.000",P1_elfbrawler_blk04_pos_d0.550_krea2_seed3141592,P1_elfbrawler_blk04_pos_d0.550_krea2_seed3141592_00001_.png,"realistic western comics style, bold ink outlines, hatched shadows, smug grin with half-closed eye, seen from a high angle, from above, top view, dynamic, upper body portrait, close-up on gauntlet, dynamic pose, dramatic angle, strong perspective. female antlered elf brawler, tousled green hair fading to teal at the tips, thick green eyebrows, an eyepatch over one eye, pointed ears, tan sun-kissed skin gradient, small pair of pale antlers, young adult, a sharp bright green visible eye, wide reckless grin. fur-collared dark navy jacket with a gold wood-textured pauldron, black uniform, brown leather arm straps. looking to her left, wearing a heavy silver gauntlet crackling with blue electric energy, showing fist to viewer, wildly smug expression. Background: white empty background, flat background. Lighting: warm light, deep amber shadows and sharp blue highlights along her electrified gauntlet.",Real Value,euler_ancestral,simple,9,1.0,1.0,1024,1280
12,perturbation,blk05_neg_d0.550,5,0.550,neg,,P1_elfbrawler,3141592,"{""5"": -0.55}","0.000,0.000,0.000,0.000,0.000,-0.550,0.000,0.000,0.000,0.000,0.000,0.000,0.000,0.000,0.000,0.000,0.000,0.000,0.000,0.000,0.000,0.000,0.000,0.000,0.000,0.000,0.000,0.000,0.000,0.000,0.000,0.000,0.000,0.000",P1_elfbrawler_blk05_neg_d0.550_krea2_seed3141592,P1_elfbrawler_blk05_neg_d0.550_krea2_seed3141592_00001_.png,"realistic western comics style, bold ink outlines, hatched shadows, smug grin with half-closed eye, seen from a high angle, from above, top view, dynamic, upper body portrait, close-up on gauntlet, dynamic pose, dramatic angle, strong perspective. female antlered elf brawler, tousled green hair fading to teal at the tips, thick green eyebrows, an eyepatch over one eye, pointed ears, tan sun-kissed skin gradient, small pair of pale antlers, young adult, a sharp bright green visible eye, wide reckless grin. fur-collared dark navy jacket with a gold wood-textured pauldron, black uniform, brown leather arm straps. looking to her left, wearing a heavy silver gauntlet crackling with blue electric energy, showing fist to viewer, wildly smug expression. Background: white empty background, flat background. Lighting: warm light, deep amber shadows and sharp blue highlights along her electrified gauntlet.",Real Value,euler_ancestral,simple,9,1.0,1.0,1024,1280
13,perturbation,blk05_pos_d0.550,5,0.550,pos,,P1_elfbrawler,3141592,"{""5"": 0.55}","0.000,0.000,0.000,0.000,0.000,0.550,0.000,0.000,0.000,0.000,0.000,0.000,0.000,0.000,0.000,0.000,0.000,0.000,0.000,0.000,0.000,0.000,0.000,0.000,0.000,0.000,0.000,0.000,0.000,0.000,0.000,0.000,0.000,0.000",P1_elfbrawler_blk05_pos_d0.550_krea2_seed3141592,P1_elfbrawler_blk05_pos_d0.550_krea2_seed3141592_00001_.png,"realistic western comics style, bold ink outlines, hatched shadows, smug grin with half-closed eye, seen from a high angle, from above, top view, dynamic, upper body portrait, close-up on gauntlet, dynamic pose, dramatic angle, strong perspective. female antlered elf brawler, tousled green hair fading to teal at the tips, thick green eyebrows, an eyepatch over one eye, pointed ears, tan sun-kissed skin gradient, small pair of pale antlers, young adult, a sharp bright green visible eye, wide reckless grin. fur-collared dark navy jacket with a gold wood-textured pauldron, black uniform, brown leather arm straps. looking to her left, wearing a heavy silver gauntlet crackling with blue electric energy, showing fist to viewer, wildly smug expression. Background: white empty background, flat background. Lighting: warm light, deep amber shadows and sharp blue highlights along her electrified gauntlet.",Real Value,euler_ancestral,simple,9,1.0,1.0,1024,1280
14,perturbation,blk06_neg_d0.550,6,0.550,neg,,P1_elfbrawler,3141592,"{""6"": -0.55}","0.000,0.000,0.000,0.000,0.000,0.000,-0.550,0.000,0.000,0.000,0.000,0.000,0.000,0.000,0.000,0.000,0.000,0.000,0.000,0.000,0.000,0.000,0.000,0.000,0.000,0.000,0.000,0.000,0.000,0.000,0.000,0.000,0.000,0.000",P1_elfbrawler_blk06_neg_d0.550_krea2_seed3141592,P1_elfbrawler_blk06_neg_d0.550_krea2_seed3141592_00001_.png,"realistic western comics style, bold ink outlines, hatched shadows, smug grin with half-closed eye, seen from a high angle, from above, top view, dynamic, upper body portrait, close-up on gauntlet, dynamic pose, dramatic angle, strong perspective. female antlered elf brawler, tousled green hair fading to teal at the tips, thick green eyebrows, an eyepatch over one eye, pointed ears, tan sun-kissed skin gradient, small pair of pale antlers, young adult, a sharp bright green visible eye, wide reckless grin. fur-collared dark navy jacket with a gold wood-textured pauldron, black uniform, brown leather arm straps. looking to her left, wearing a heavy silver gauntlet crackling with blue electric energy, showing fist to viewer, wildly smug expression. Background: white empty background, flat background. Lighting: warm light, deep amber shadows and sharp blue highlights along her electrified gauntlet.",Real Value,euler_ancestral,simple,9,1.0,1.0,1024,1280
15,perturbation,blk06_pos_d0.550,6,0.550,pos,,P1_elfbrawler,3141592,"{""6"": 0.55}","0.000,0.000,0.000,0.000,0.000,0.000,0.550,0.000,0.000,0.000,0.000,0.000,0.000,0.000,0.000,0.000,0.000,0.000,0.000,0.000,0.000,0.000,0.000,0.000,0.000,0.000,0.000,0.000,0.000,0.000,0.000,0.000,0.000,0.000",P1_elfbrawler_blk06_pos_d0.550_krea2_seed3141592,P1_elfbrawler_blk06_pos_d0.550_krea2_seed3141592_00001_.png,"realistic western comics style, bold ink outlines, hatched shadows, smug grin with half-closed eye, seen from a high angle, from above, top view, dynamic, upper body portrait, close-up on gauntlet, dynamic pose, dramatic angle, strong perspective. female antlered elf brawler, tousled green hair fading to teal at the tips, thick green eyebrows, an eyepatch over one eye, pointed ears, tan sun-kissed skin gradient, small pair of pale antlers, young adult, a sharp bright green visible eye, wide reckless grin. fur-collared dark navy jacket with a gold wood-textured pauldron, black uniform, brown leather arm straps. looking to her left, wearing a heavy silver gauntlet crackling with blue electric energy, showing fist to viewer, wildly smug expression. Background: white empty background, flat background. Lighting: warm light, deep amber shadows and sharp blue highlights along her electrified gauntlet.",Real Value,euler_ancestral,simple,9,1.0,1.0,1024,1280
16,perturbation,blk07_neg_d0.550,7,0.550,neg,,P1_elfbrawler,3141592,"{""7"": -0.55}","0.000,0.000,0.000,0.000,0.000,0.000,0.000,-0.550,0.000,0.000,0.000,0.000,0.000,0.000,0.000,0.000,0.000,0.000,0.000,0.000,0.000,0.000,0.000,0.000,0.000,0.000,0.000,0.000,0.000,0.000,0.000,0.000,0.000,0.000",P1_elfbrawler_blk07_neg_d0.550_krea2_seed3141592,P1_elfbrawler_blk07_neg_d0.550_krea2_seed3141592_00001_.png,"realistic western comics style, bold ink outlines, hatched shadows, smug grin with half-closed eye, seen from a high angle, from above, top view, dynamic, upper body portrait, close-up on gauntlet, dynamic pose, dramatic angle, strong perspective. female antlered elf brawler, tousled green hair fading to teal at the tips, thick green eyebrows, an eyepatch over one eye, pointed ears, tan sun-kissed skin gradient, small pair of pale antlers, young adult, a sharp bright green visible eye, wide reckless grin. fur-collared dark navy jacket with a gold wood-textured pauldron, black uniform, brown leather arm straps. looking to her left, wearing a heavy silver gauntlet crackling with blue electric energy, showing fist to viewer, wildly smug expression. Background: white empty background, flat background. Lighting: warm light, deep amber shadows and sharp blue highlights along her electrified gauntlet.",Real Value,euler_ancestral,simple,9,1.0,1.0,1024,1280
17,perturbation,blk07_pos_d0.550,7,0.550,pos,,P1_elfbrawler,3141592,"{""7"": 0.55}","0.000,0.000,0.000,0.000,0.000,0.000,0.000,0.550,0.000,0.000,0.000,0.000,0.000,0.000,0.000,0.000,0.000,0.000,0.000,0.000,0.000,0.000,0.000,0.000,0.000,0.000,0.000,0.000,0.000,0.000,0.000,0.000,0.000,0.000",P1_elfbrawler_blk07_pos_d0.550_krea2_seed3141592,P1_elfbrawler_blk07_pos_d0.550_krea2_seed3141592_00001_.png,"realistic western comics style, bold ink outlines, hatched shadows, smug grin with half-closed eye, seen from a high angle, from above, top view, dynamic, upper body portrait, close-up on gauntlet, dynamic pose, dramatic angle, strong perspective. female antlered elf brawler, tousled green hair fading to teal at the tips, thick green eyebrows, an eyepatch over one eye, pointed ears, tan sun-kissed skin gradient, small pair of pale antlers, young adult, a sharp bright green visible eye, wide reckless grin. fur-collared dark navy jacket with a gold wood-textured pauldron, black uniform, brown leather arm straps. looking to her left, wearing a heavy silver gauntlet crackling with blue electric energy, showing fist to viewer, wildly smug expression. Background: white empty background, flat background. Lighting: warm light, deep amber shadows and sharp blue highlights along her electrified gauntlet.",Real Value,euler_ancestral,simple,9,1.0,1.0,1024,1280
18,perturbation,blk08_neg_d0.550,8,0.550,neg,,P1_elfbrawler,3141592,"{""8"": -0.55}","0.000,0.000,0.000,0.000,0.000,0.000,0.000,0.000,-0.550,0.000,0.000,0.000,0.000,0.000,0.000,0.000,0.000,0.000,0.000,0.000,0.000,0.000,0.000,0.000,0.000,0.000,0.000,0.000,0.000,0.000,0.000,0.000,0.000,0.000",P1_elfbrawler_blk08_neg_d0.550_krea2_seed3141592,P1_elfbrawler_blk08_neg_d0.550_krea2_seed3141592_00001_.png,"realistic western comics style, bold ink outlines, hatched shadows, smug grin with half-closed eye, seen from a high angle, from above, top view, dynamic, upper body portrait, close-up on gauntlet, dynamic pose, dramatic angle, strong perspective. female antlered elf brawler, tousled green hair fading to teal at the tips, thick green eyebrows, an eyepatch over one eye, pointed ears, tan sun-kissed skin gradient, small pair of pale antlers, young adult, a sharp bright green visible eye, wide reckless grin. fur-collared dark navy jacket with a gold wood-textured pauldron, black uniform, brown leather arm straps. looking to her left, wearing a heavy silver gauntlet crackling with blue electric energy, showing fist to viewer, wildly smug expression. Background: white empty background, flat background. Lighting: warm light, deep amber shadows and sharp blue highlights along her electrified gauntlet.",Real Value,euler_ancestral,simple,9,1.0,1.0,1024,1280
19,perturbation,blk08_pos_d0.550,8,0.550,pos,,P1_elfbrawler,3141592,"{""8"": 0.55}","0.000,0.000,0.000,0.000,0.000,0.000,0.000,0.000,0.550,0.000,0.000,0.000,0.000,0.000,0.000,0.000,0.000,0.000,0.000,0.000,0.000,0.000,0.000,0.000,0.000,0.000,0.000,0.000,0.000,0.000,0.000,0.000,0.000,0.000",P1_elfbrawler_blk08_pos_d0.550_krea2_seed3141592,P1_elfbrawler_blk08_pos_d0.550_krea2_seed3141592_00001_.png,"realistic western comics style, bold ink outlines, hatched shadows, smug grin with half-closed eye, seen from a high angle, from above, top view, dynamic, upper body portrait, close-up on gauntlet, dynamic pose, dramatic angle, strong perspective. female antlered elf brawler, tousled green hair fading to teal at the tips, thick green eyebrows, an eyepatch over one eye, pointed ears, tan sun-kissed skin gradient, small pair of pale antlers, young adult, a sharp bright green visible eye, wide reckless grin. fur-collared dark navy jacket with a gold wood-textured pauldron, black uniform, brown leather arm straps. looking to her left, wearing a heavy silver gauntlet crackling with blue electric energy, showing fist to viewer, wildly smug expression. Background: white empty background, flat background. Lighting: warm light, deep amber shadows and sharp blue highlights along her electrified gauntlet.",Real Value,euler_ancestral,simple,9,1.0,1.0,1024,1280
20,perturbation,blk09_neg_d0.550,9,0.550,neg,,P1_elfbrawler,3141592,"{""9"": -0.55}","0.000,0.000,0.000,0.000,0.000,0.000,0.000,0.000,0.000,-0.550,0.000,0.000,0.000,0.000,0.000,0.000,0.000,0.000,0.000,0.000,0.000,0.000,0.000,0.000,0.000,0.000,0.000,0.000,0.000,0.000,0.000,0.000,0.000,0.000",P1_elfbrawler_blk09_neg_d0.550_krea2_seed3141592,P1_elfbrawler_blk09_neg_d0.550_krea2_seed3141592_00001_.png,"realistic western comics style, bold ink outlines, hatched shadows, smug grin with half-closed eye, seen from a high angle, from above, top view, dynamic, upper body portrait, close-up on gauntlet, dynamic pose, dramatic angle, strong perspective. female antlered elf brawler, tousled green hair fading to teal at the tips, thick green eyebrows, an eyepatch over one eye, pointed ears, tan sun-kissed skin gradient, small pair of pale antlers, young adult, a sharp bright green visible eye, wide reckless grin. fur-collared dark navy jacket with a gold wood-textured pauldron, black uniform, brown leather arm straps. looking to her left, wearing a heavy silver gauntlet crackling with blue electric energy, showing fist to viewer, wildly smug expression. Background: white empty background, flat background. Lighting: warm light, deep amber shadows and sharp blue highlights along her electrified gauntlet.",Real Value,euler_ancestral,simple,9,1.0,1.0,1024,1280
21,perturbation,blk09_pos_d0.550,9,0.550,pos,,P1_elfbrawler,3141592,"{""9"": 0.55}","0.000,0.000,0.000,0.000,0.000,0.000,0.000,0.000,0.000,0.550,0.000,0.000,0.000,0.000,0.000,0.000,0.000,0.000,0.000,0.000,0.000,0.000,0.000,0.000,0.000,0.000,0.000,0.000,0.000,0.000,0.000,0.000,0.000,0.000",P1_elfbrawler_blk09_pos_d0.550_krea2_seed3141592,P1_elfbrawler_blk09_pos_d0.550_krea2_seed3141592_00001_.png,"realistic western comics style, bold ink outlines, hatched shadows, smug grin with half-closed eye, seen from a high angle, from above, top view, dynamic, upper body portrait, close-up on gauntlet, dynamic pose, dramatic angle, strong perspective. female antlered elf brawler, tousled green hair fading to teal at the tips, thick green eyebrows, an eyepatch over one eye, pointed ears, tan sun-kissed skin gradient, small pair of pale antlers, young adult, a sharp bright green visible eye, wide reckless grin. fur-collared dark navy jacket with a gold wood-textured pauldron, black uniform, brown leather arm straps. looking to her left, wearing a heavy silver gauntlet crackling with blue electric energy, showing fist to viewer, wildly smug expression. Background: white empty background, flat background. Lighting: warm light, deep amber shadows and sharp blue highlights along her electrified gauntlet.",Real Value,euler_ancestral,simple,9,1.0,1.0,1024,1280
22,perturbation,blk10_neg_d0.450,10,0.450,neg,,P1_elfbrawler,3141592,"{""10"": -0.45}","0.000,0.000,0.000,0.000,0.000,0.000,0.000,0.000,0.000,0.000,-0.450,0.000,0.000,0.000,0.000,0.000,0.000,0.000,0.000,0.000,0.000,0.000,0.000,0.000,0.000,0.000,0.000,0.000,0.000,0.000,0.000,0.000,0.000,0.000",P1_elfbrawler_blk10_neg_d0.450_krea2_seed3141592,P1_elfbrawler_blk10_neg_d0.450_krea2_seed3141592_00001_.png,"realistic western comics style, bold ink outlines, hatched shadows, smug grin with half-closed eye, seen from a high angle, from above, top view, dynamic, upper body portrait, close-up on gauntlet, dynamic pose, dramatic angle, strong perspective. female antlered elf brawler, tousled green hair fading to teal at the tips, thick green eyebrows, an eyepatch over one eye, pointed ears, tan sun-kissed skin gradient, small pair of pale antlers, young adult, a sharp bright green visible eye, wide reckless grin. fur-collared dark navy jacket with a gold wood-textured pauldron, black uniform, brown leather arm straps. looking to her left, wearing a heavy silver gauntlet crackling with blue electric energy, showing fist to viewer, wildly smug expression. Background: white empty background, flat background. Lighting: warm light, deep amber shadows and sharp blue highlights along her electrified gauntlet.",Real Value,euler_ancestral,simple,9,1.0,1.0,1024,1280
23,perturbation,blk10_pos_d0.450,10,0.450,pos,,P1_elfbrawler,3141592,"{""10"": 0.45}","0.000,0.000,0.000,0.000,0.000,0.000,0.000,0.000,0.000,0.000,0.450,0.000,0.000,0.000,0.000,0.000,0.000,0.000,0.000,0.000,0.000,0.000,0.000,0.000,0.000,0.000,0.000,0.000,0.000,0.000,0.000,0.000,0.000,0.000",P1_elfbrawler_blk10_pos_d0.450_krea2_seed3141592,P1_elfbrawler_blk10_pos_d0.450_krea2_seed3141592_00001_.png,"realistic western comics style, bold ink outlines, hatched shadows, smug grin with half-closed eye, seen from a high angle, from above, top view, dynamic, upper body portrait, close-up on gauntlet, dynamic pose, dramatic angle, strong perspective. female antlered elf brawler, tousled green hair fading to teal at the tips, thick green eyebrows, an eyepatch over one eye, pointed ears, tan sun-kissed skin gradient, small pair of pale antlers, young adult, a sharp bright green visible eye, wide reckless grin. fur-collared dark navy jacket with a gold wood-textured pauldron, black uniform, brown leather arm straps. looking to her left, wearing a heavy silver gauntlet crackling with blue electric energy, showing fist to viewer, wildly smug expression. Background: white empty background, flat background. Lighting: warm light, deep amber shadows and sharp blue highlights along her electrified gauntlet.",Real Value,euler_ancestral,simple,9,1.0,1.0,1024,1280
24,perturbation,blk11_neg_d0.450,11,0.450,neg,,P1_elfbrawler,3141592,"{""11"": -0.45}","0.000,0.000,0.000,0.000,0.000,0.000,0.000,0.000,0.000,0.000,0.000,-0.450,0.000,0.000,0.000,0.000,0.000,0.000,0.000,0.000,0.000,0.000,0.000,0.000,0.000,0.000,0.000,0.000,0.000,0.000,0.000,0.000,0.000,0.000",P1_elfbrawler_blk11_neg_d0.450_krea2_seed3141592,P1_elfbrawler_blk11_neg_d0.450_krea2_seed3141592_00001_.png,"realistic western comics style, bold ink outlines, hatched shadows, smug grin with half-closed eye, seen from a high angle, from above, top view, dynamic, upper body portrait, close-up on gauntlet, dynamic pose, dramatic angle, strong perspective. female antlered elf brawler, tousled green hair fading to teal at the tips, thick green eyebrows, an eyepatch over one eye, pointed ears, tan sun-kissed skin gradient, small pair of pale antlers, young adult, a sharp bright green visible eye, wide reckless grin. fur-collared dark navy jacket with a gold wood-textured pauldron, black uniform, brown leather arm straps. looking to her left, wearing a heavy silver gauntlet crackling with blue electric energy, showing fist to viewer, wildly smug expression. Background: white empty background, flat background. Lighting: warm light, deep amber shadows and sharp blue highlights along her electrified gauntlet.",Real Value,euler_ancestral,simple,9,1.0,1.0,1024,1280
25,perturbation,blk11_pos_d0.450,11,0.450,pos,,P1_elfbrawler,3141592,"{""11"": 0.45}","0.000,0.000,0.000,0.000,0.000,0.000,0.000,0.000,0.000,0.000,0.000,0.450,0.000,0.000,0.000,0.000,0.000,0.000,0.000,0.000,0.000,0.000,0.000,0.000,0.000,0.000,0.000,0.000,0.000,0.000,0.000,0.000,0.000,0.000",P1_elfbrawler_blk11_pos_d0.450_krea2_seed3141592,P1_elfbrawler_blk11_pos_d0.450_krea2_seed3141592_00001_.png,"realistic western comics style, bold ink outlines, hatched shadows, smug grin with half-closed eye, seen from a high angle, from above, top view, dynamic, upper body portrait, close-up on gauntlet, dynamic pose, dramatic angle, strong perspective. female antlered elf brawler, tousled green hair fading to teal at the tips, thick green eyebrows, an eyepatch over one eye, pointed ears, tan sun-kissed skin gradient, small pair of pale antlers, young adult, a sharp bright green visible eye, wide reckless grin. fur-collared dark navy jacket with a gold wood-textured pauldron, black uniform, brown leather arm straps. looking to her left, wearing a heavy silver gauntlet crackling with blue electric energy, showing fist to viewer, wildly smug expression. Background: white empty background, flat background. Lighting: warm light, deep amber shadows and sharp blue highlights along her electrified gauntlet.",Real Value,euler_ancestral,simple,9,1.0,1.0,1024,1280
26,perturbation,blk12_neg_d0.450,12,0.450,neg,,P1_elfbrawler,3141592,"{""12"": -0.45}","0.000,0.000,0.000,0.000,0.000,0.000,0.000,0.000,0.000,0.000,0.000,0.000,-0.450,0.000,0.000,0.000,0.000,0.000,0.000,0.000,0.000,0.000,0.000,0.000,0.000,0.000,0.000,0.000,0.000,0.000,0.000,0.000,0.000,0.000",P1_elfbrawler_blk12_neg_d0.450_krea2_seed3141592,P1_elfbrawler_blk12_neg_d0.450_krea2_seed3141592_00001_.png,"realistic western comics style, bold ink outlines, hatched shadows, smug grin with half-closed eye, seen from a high angle, from above, top view, dynamic, upper body portrait, close-up on gauntlet, dynamic pose, dramatic angle, strong perspective. female antlered elf brawler, tousled green hair fading to teal at the tips, thick green eyebrows, an eyepatch over one eye, pointed ears, tan sun-kissed skin gradient, small pair of pale antlers, young adult, a sharp bright green visible eye, wide reckless grin. fur-collared dark navy jacket with a gold wood-textured pauldron, black uniform, brown leather arm straps. looking to her left, wearing a heavy silver gauntlet crackling with blue electric energy, showing fist to viewer, wildly smug expression. Background: white empty background, flat background. Lighting: warm light, deep amber shadows and sharp blue highlights along her electrified gauntlet.",Real Value,euler_ancestral,simple,9,1.0,1.0,1024,1280
27,perturbation,blk12_pos_d0.400,12,0.400,pos,,P1_elfbrawler,3141592,"{""12"": 0.4}","0.000,0.000,0.000,0.000,0.000,0.000,0.000,0.000,0.000,0.000,0.000,0.000,0.400,0.000,0.000,0.000,0.000,0.000,0.000,0.000,0.000,0.000,0.000,0.000,0.000,0.000,0.000,0.000,0.000,0.000,0.000,0.000,0.000,0.000",P1_elfbrawler_blk12_pos_d0.400_krea2_seed3141592,P1_elfbrawler_blk12_pos_d0.400_krea2_seed3141592_00001_.png,"realistic western comics style, bold ink outlines, hatched shadows, smug grin with half-closed eye, seen from a high angle, from above, top view, dynamic, upper body portrait, close-up on gauntlet, dynamic pose, dramatic angle, strong perspective. female antlered elf brawler, tousled green hair fading to teal at the tips, thick green eyebrows, an eyepatch over one eye, pointed ears, tan sun-kissed skin gradient, small pair of pale antlers, young adult, a sharp bright green visible eye, wide reckless grin. fur-collared dark navy jacket with a gold wood-textured pauldron, black uniform, brown leather arm straps. looking to her left, wearing a heavy silver gauntlet crackling with blue electric energy, showing fist to viewer, wildly smug expression. Background: white empty background, flat background. Lighting: warm light, deep amber shadows and sharp blue highlights along her electrified gauntlet.",Real Value,euler_ancestral,simple,9,1.0,1.0,1024,1280
28,perturbation,blk13_neg_d0.450,13,0.450,neg,,P1_elfbrawler,3141592,"{""13"": -0.45}","0.000,0.000,0.000,0.000,0.000,0.000,0.000,0.000,0.000,0.000,0.000,0.000,0.000,-0.450,0.000,0.000,0.000,0.000,0.000,0.000,0.000,0.000,0.000,0.000,0.000,0.000,0.000,0.000,0.000,0.000,0.000,0.000,0.000,0.000",P1_elfbrawler_blk13_neg_d0.450_krea2_seed3141592,P1_elfbrawler_blk13_neg_d0.450_krea2_seed3141592_00001_.png,"realistic western comics style, bold ink outlines, hatched shadows, smug grin with half-closed eye, seen from a high angle, from above, top view, dynamic, upper body portrait, close-up on gauntlet, dynamic pose, dramatic angle, strong perspective. female antlered elf brawler, tousled green hair fading to teal at the tips, thick green eyebrows, an eyepatch over one eye, pointed ears, tan sun-kissed skin gradient, small pair of pale antlers, young adult, a sharp bright green visible eye, wide reckless grin. fur-collared dark navy jacket with a gold wood-textured pauldron, black uniform, brown leather arm straps. looking to her left, wearing a heavy silver gauntlet crackling with blue electric energy, showing fist to viewer, wildly smug expression. Background: white empty background, flat background. Lighting: warm light, deep amber shadows and sharp blue highlights along her electrified gauntlet.",Real Value,euler_ancestral,simple,9,1.0,1.0,1024,1280
29,perturbation,blk13_pos_d0.400,13,0.400,pos,,P1_elfbrawler,3141592,"{""13"": 0.4}","0.000,0.000,0.000,0.000,0.000,0.000,0.000,0.000,0.000,0.000,0.000,0.000,0.000,0.400,0.000,0.000,0.000,0.000,0.000,0.000,0.000,0.000,0.000,0.000,0.000,0.000,0.000,0.000,0.000,0.000,0.000,0.000,0.000,0.000",P1_elfbrawler_blk13_pos_d0.400_krea2_seed3141592,P1_elfbrawler_blk13_pos_d0.400_krea2_seed3141592_00001_.png,"realistic western comics style, bold ink outlines, hatched shadows, smug grin with half-closed eye, seen from a high angle, from above, top view, dynamic, upper body portrait, close-up on gauntlet, dynamic pose, dramatic angle, strong perspective. female antlered elf brawler, tousled green hair fading to teal at the tips, thick green eyebrows, an eyepatch over one eye, pointed ears, tan sun-kissed skin gradient, small pair of pale antlers, young adult, a sharp bright green visible eye, wide reckless grin. fur-collared dark navy jacket with a gold wood-textured pauldron, black uniform, brown leather arm straps. looking to her left, wearing a heavy silver gauntlet crackling with blue electric energy, showing fist to viewer, wildly smug expression. Background: white empty background, flat background. Lighting: warm light, deep amber shadows and sharp blue highlights along her electrified gauntlet.",Real Value,euler_ancestral,simple,9,1.0,1.0,1024,1280
30,perturbation,blk14_neg_d0.550,14,0.550,neg,,P1_elfbrawler,3141592,"{""14"": -0.55}","0.000,0.000,0.000,0.000,0.000,0.000,0.000,0.000,0.000,0.000,0.000,0.000,0.000,0.000,-0.550,0.000,0.000,0.000,0.000,0.000,0.000,0.000,0.000,0.000,0.000,0.000,0.000,0.000,0.000,0.000,0.000,0.000,0.000,0.000",P1_elfbrawler_blk14_neg_d0.550_krea2_seed3141592,P1_elfbrawler_blk14_neg_d0.550_krea2_seed3141592_00001_.png,"realistic western comics style, bold ink outlines, hatched shadows, smug grin with half-closed eye, seen from a high angle, from above, top view, dynamic, upper body portrait, close-up on gauntlet, dynamic pose, dramatic angle, strong perspective. female antlered elf brawler, tousled green hair fading to teal at the tips, thick green eyebrows, an eyepatch over one eye, pointed ears, tan sun-kissed skin gradient, small pair of pale antlers, young adult, a sharp bright green visible eye, wide reckless grin. fur-collared dark navy jacket with a gold wood-textured pauldron, black uniform, brown leather arm straps. looking to her left, wearing a heavy silver gauntlet crackling with blue electric energy, showing fist to viewer, wildly smug expression. Background: white empty background, flat background. Lighting: warm light, deep amber shadows and sharp blue highlights along her electrified gauntlet.",Real Value,euler_ancestral,simple,9,1.0,1.0,1024,1280
31,perturbation,blk14_pos_d0.400,14,0.400,pos,,P1_elfbrawler,3141592,"{""14"": 0.4}","0.000,0.000,0.000,0.000,0.000,0.000,0.000,0.000,0.000,0.000,0.000,0.000,0.000,0.000,0.400,0.000,0.000,0.000,0.000,0.000,0.000,0.000,0.000,0.000,0.000,0.000,0.000,0.000,0.000,0.000,0.000,0.000,0.000,0.000",P1_elfbrawler_blk14_pos_d0.400_krea2_seed3141592,P1_elfbrawler_blk14_pos_d0.400_krea2_seed3141592_00001_.png,"realistic western comics style, bold ink outlines, hatched shadows, smug grin with half-closed eye, seen from a high angle, from above, top view, dynamic, upper body portrait, close-up on gauntlet, dynamic pose, dramatic angle, strong perspective. female antlered elf brawler, tousled green hair fading to teal at the tips, thick green eyebrows, an eyepatch over one eye, pointed ears, tan sun-kissed skin gradient, small pair of pale antlers, young adult, a sharp bright green visible eye, wide reckless grin. fur-collared dark navy jacket with a gold wood-textured pauldron, black uniform, brown leather arm straps. looking to her left, wearing a heavy silver gauntlet crackling with blue electric energy, showing fist to viewer, wildly smug expression. Background: white empty background, flat background. Lighting: warm light, deep amber shadows and sharp blue highlights along her electrified gauntlet.",Real Value,euler_ancestral,simple,9,1.0,1.0,1024,1280
32,perturbation,blk15_neg_d0.450,15,0.450,neg,,P1_elfbrawler,3141592,"{""15"": -0.45}","0.000,0.000,0.000,0.000,0.000,0.000,0.000,0.000,0.000,0.000,0.000,0.000,0.000,0.000,0.000,-0.450,0.000,0.000,0.000,0.000,0.000,0.000,0.000,0.000,0.000,0.000,0.000,0.000,0.000,0.000,0.000,0.000,0.000,0.000",P1_elfbrawler_blk15_neg_d0.450_krea2_seed3141592,P1_elfbrawler_blk15_neg_d0.450_krea2_seed3141592_00001_.png,"realistic western comics style, bold ink outlines, hatched shadows, smug grin with half-closed eye, seen from a high angle, from above, top view, dynamic, upper body portrait, close-up on gauntlet, dynamic pose, dramatic angle, strong perspective. female antlered elf brawler, tousled green hair fading to teal at the tips, thick green eyebrows, an eyepatch over one eye, pointed ears, tan sun-kissed skin gradient, small pair of pale antlers, young adult, a sharp bright green visible eye, wide reckless grin. fur-collared dark navy jacket with a gold wood-textured pauldron, black uniform, brown leather arm straps. looking to her left, wearing a heavy silver gauntlet crackling with blue electric energy, showing fist to viewer, wildly smug expression. Background: white empty background, flat background. Lighting: warm light, deep amber shadows and sharp blue highlights along her electrified gauntlet.",Real Value,euler_ancestral,simple,9,1.0,1.0,1024,1280
33,perturbation,blk15_pos_d0.400,15,0.400,pos,,P1_elfbrawler,3141592,"{""15"": 0.4}","0.000,0.000,0.000,0.000,0.000,0.000,0.000,0.000,0.000,0.000,0.000,0.000,0.000,0.000,0.000,0.400,0.000,0.000,0.000,0.000,0.000,0.000,0.000,0.000,0.000,0.000,0.000,0.000,0.000,0.000,0.000,0.000,0.000,0.000",P1_elfbrawler_blk15_pos_d0.400_krea2_seed3141592,P1_elfbrawler_blk15_pos_d0.400_krea2_seed3141592_00001_.png,"realistic western comics style, bold ink outlines, hatched shadows, smug grin with half-closed eye, seen from a high angle, from above, top view, dynamic, upper body portrait, close-up on gauntlet, dynamic pose, dramatic angle, strong perspective. female antlered elf brawler, tousled green hair fading to teal at the tips, thick green eyebrows, an eyepatch over one eye, pointed ears, tan sun-kissed skin gradient, small pair of pale antlers, young adult, a sharp bright green visible eye, wide reckless grin. fur-collared dark navy jacket with a gold wood-textured pauldron, black uniform, brown leather arm straps. looking to her left, wearing a heavy silver gauntlet crackling with blue electric energy, showing fist to viewer, wildly smug expression. Background: white empty background, flat background. Lighting: warm light, deep amber shadows and sharp blue highlights along her electrified gauntlet.",Real Value,euler_ancestral,simple,9,1.0,1.0,1024,1280
34,perturbation,blk16_neg_d0.450,16,0.450,neg,,P1_elfbrawler,3141592,"{""16"": -0.45}","0.000,0.000,0.000,0.000,0.000,0.000,0.000,0.000,0.000,0.000,0.000,0.000,0.000,0.000,0.000,0.000,-0.450,0.000,0.000,0.000,0.000,0.000,0.000,0.000,0.000,0.000,0.000,0.000,0.000,0.000,0.000,0.000,0.000,0.000",P1_elfbrawler_blk16_neg_d0.450_krea2_seed3141592,P1_elfbrawler_blk16_neg_d0.450_krea2_seed3141592_00001_.png,"realistic western comics style, bold ink outlines, hatched shadows, smug grin with half-closed eye, seen from a high angle, from above, top view, dynamic, upper body portrait, close-up on gauntlet, dynamic pose, dramatic angle, strong perspective. female antlered elf brawler, tousled green hair fading to teal at the tips, thick green eyebrows, an eyepatch over one eye, pointed ears, tan sun-kissed skin gradient, small pair of pale antlers, young adult, a sharp bright green visible eye, wide reckless grin. fur-collared dark navy jacket with a gold wood-textured pauldron, black uniform, brown leather arm straps. looking to her left, wearing a heavy silver gauntlet crackling with blue electric energy, showing fist to viewer, wildly smug expression. Background: white empty background, flat background. Lighting: warm light, deep amber shadows and sharp blue highlights along her electrified gauntlet.",Real Value,euler_ancestral,simple,9,1.0,1.0,1024,1280
35,perturbation,blk16_pos_d0.300,16,0.300,pos,,P1_elfbrawler,3141592,"{""16"": 0.3}","0.000,0.000,0.000,0.000,0.000,0.000,0.000,0.000,0.000,0.000,0.000,0.000,0.000,0.000,0.000,0.000,0.300,0.000,0.000,0.000,0.000,0.000,0.000,0.000,0.000,0.000,0.000,0.000,0.000,0.000,0.000,0.000,0.000,0.000",P1_elfbrawler_blk16_pos_d0.300_krea2_seed3141592,P1_elfbrawler_blk16_pos_d0.300_krea2_seed3141592_00001_.png,"realistic western comics style, bold ink outlines, hatched shadows, smug grin with half-closed eye, seen from a high angle, from above, top view, dynamic, upper body portrait, close-up on gauntlet, dynamic pose, dramatic angle, strong perspective. female antlered elf brawler, tousled green hair fading to teal at the tips, thick green eyebrows, an eyepatch over one eye, pointed ears, tan sun-kissed skin gradient, small pair of pale antlers, young adult, a sharp bright green visible eye, wide reckless grin. fur-collared dark navy jacket with a gold wood-textured pauldron, black uniform, brown leather arm straps. looking to her left, wearing a heavy silver gauntlet crackling with blue electric energy, showing fist to viewer, wildly smug expression. Background: white empty background, flat background. Lighting: warm light, deep amber shadows and sharp blue highlights along her electrified gauntlet.",Real Value,euler_ancestral,simple,9,1.0,1.0,1024,1280
36,perturbation,blk17_neg_d0.450,17,0.450,neg,,P1_elfbrawler,3141592,"{""17"": -0.45}","0.000,0.000,0.000,0.000,0.000,0.000,0.000,0.000,0.000,0.000,0.000,0.000,0.000,0.000,0.000,0.000,0.000,-0.450,0.000,0.000,0.000,0.000,0.000,0.000,0.000,0.000,0.000,0.000,0.000,0.000,0.000,0.000,0.000,0.000",P1_elfbrawler_blk17_neg_d0.450_krea2_seed3141592,P1_elfbrawler_blk17_neg_d0.450_krea2_seed3141592_00001_.png,"realistic western comics style, bold ink outlines, hatched shadows, smug grin with half-closed eye, seen from a high angle, from above, top view, dynamic, upper body portrait, close-up on gauntlet, dynamic pose, dramatic angle, strong perspective. female antlered elf brawler, tousled green hair fading to teal at the tips, thick green eyebrows, an eyepatch over one eye, pointed ears, tan sun-kissed skin gradient, small pair of pale antlers, young adult, a sharp bright green visible eye, wide reckless grin. fur-collared dark navy jacket with a gold wood-textured pauldron, black uniform, brown leather arm straps. looking to her left, wearing a heavy silver gauntlet crackling with blue electric energy, showing fist to viewer, wildly smug expression. Background: white empty background, flat background. Lighting: warm light, deep amber shadows and sharp blue highlights along her electrified gauntlet.",Real Value,euler_ancestral,simple,9,1.0,1.0,1024,1280
37,perturbation,blk17_pos_d0.400,17,0.400,pos,,P1_elfbrawler,3141592,"{""17"": 0.4}","0.000,0.000,0.000,0.000,0.000,0.000,0.000,0.000,0.000,0.000,0.000,0.000,0.000,0.000,0.000,0.000,0.000,0.400,0.000,0.000,0.000,0.000,0.000,0.000,0.000,0.000,0.000,0.000,0.000,0.000,0.000,0.000,0.000,0.000",P1_elfbrawler_blk17_pos_d0.400_krea2_seed3141592,P1_elfbrawler_blk17_pos_d0.400_krea2_seed3141592_00001_.png,"realistic western comics style, bold ink outlines, hatched shadows, smug grin with half-closed eye, seen from a high angle, from above, top view, dynamic, upper body portrait, close-up on gauntlet, dynamic pose, dramatic angle, strong perspective. female antlered elf brawler, tousled green hair fading to teal at the tips, thick green eyebrows, an eyepatch over one eye, pointed ears, tan sun-kissed skin gradient, small pair of pale antlers, young adult, a sharp bright green visible eye, wide reckless grin. fur-collared dark navy jacket with a gold wood-textured pauldron, black uniform, brown leather arm straps. looking to her left, wearing a heavy silver gauntlet crackling with blue electric energy, showing fist to viewer, wildly smug expression. Background: white empty background, flat background. Lighting: warm light, deep amber shadows and sharp blue highlights along her electrified gauntlet.",Real Value,euler_ancestral,simple,9,1.0,1.0,1024,1280
38,perturbation,blk18_neg_d0.450,18,0.450,neg,,P1_elfbrawler,3141592,"{""18"": -0.45}","0.000,0.000,0.000,0.000,0.000,0.000,0.000,0.000,0.000,0.000,0.000,0.000,0.000,0.000,0.000,0.000,0.000,0.000,-0.450,0.000,0.000,0.000,0.000,0.000,0.000,0.000,0.000,0.000,0.000,0.000,0.000,0.000,0.000,0.000",P1_elfbrawler_blk18_neg_d0.450_krea2_seed3141592,P1_elfbrawler_blk18_neg_d0.450_krea2_seed3141592_00001_.png,"realistic western comics style, bold ink outlines, hatched shadows, smug grin with half-closed eye, seen from a high angle, from above, top view, dynamic, upper body portrait, close-up on gauntlet, dynamic pose, dramatic angle, strong perspective. female antlered elf brawler, tousled green hair fading to teal at the tips, thick green eyebrows, an eyepatch over one eye, pointed ears, tan sun-kissed skin gradient, small pair of pale antlers, young adult, a sharp bright green visible eye, wide reckless grin. fur-collared dark navy jacket with a gold wood-textured pauldron, black uniform, brown leather arm straps. looking to her left, wearing a heavy silver gauntlet crackling with blue electric energy, showing fist to viewer, wildly smug expression. Background: white empty background, flat background. Lighting: warm light, deep amber shadows and sharp blue highlights along her electrified gauntlet.",Real Value,euler_ancestral,simple,9,1.0,1.0,1024,1280
39,perturbation,blk18_pos_d0.300,18,0.300,pos,,P1_elfbrawler,3141592,"{""18"": 0.3}","0.000,0.000,0.000,0.000,0.000,0.000,0.000,0.000,0.000,0.000,0.000,0.000,0.000,0.000,0.000,0.000,0.000,0.000,0.300,0.000,0.000,0.000,0.000,0.000,0.000,0.000,0.000,0.000,0.000,0.000,0.000,0.000,0.000,0.000",P1_elfbrawler_blk18_pos_d0.300_krea2_seed3141592,P1_elfbrawler_blk18_pos_d0.300_krea2_seed3141592_00001_.png,"realistic western comics style, bold ink outlines, hatched shadows, smug grin with half-closed eye, seen from a high angle, from above, top view, dynamic, upper body portrait, close-up on gauntlet, dynamic pose, dramatic angle, strong perspective. female antlered elf brawler, tousled green hair fading to teal at the tips, thick green eyebrows, an eyepatch over one eye, pointed ears, tan sun-kissed skin gradient, small pair of pale antlers, young adult, a sharp bright green visible eye, wide reckless grin. fur-collared dark navy jacket with a gold wood-textured pauldron, black uniform, brown leather arm straps. looking to her left, wearing a heavy silver gauntlet crackling with blue electric energy, showing fist to viewer, wildly smug expression. Background: white empty background, flat background. Lighting: warm light, deep amber shadows and sharp blue highlights along her electrified gauntlet.",Real Value,euler_ancestral,simple,9,1.0,1.0,1024,1280
40,perturbation,blk19_neg_d0.450,19,0.450,neg,,P1_elfbrawler,3141592,"{""19"": -0.45}","0.000,0.000,0.000,0.000,0.000,0.000,0.000,0.000,0.000,0.000,0.000,0.000,0.000,0.000,0.000,0.000,0.000,0.000,0.000,-0.450,0.000,0.000,0.000,0.000,0.000,0.000,0.000,0.000,0.000,0.000,0.000,0.000,0.000,0.000",P1_elfbrawler_blk19_neg_d0.450_krea2_seed3141592,P1_elfbrawler_blk19_neg_d0.450_krea2_seed3141592_00001_.png,"realistic western comics style, bold ink outlines, hatched shadows, smug grin with half-closed eye, seen from a high angle, from above, top view, dynamic, upper body portrait, close-up on gauntlet, dynamic pose, dramatic angle, strong perspective. female antlered elf brawler, tousled green hair fading to teal at the tips, thick green eyebrows, an eyepatch over one eye, pointed ears, tan sun-kissed skin gradient, small pair of pale antlers, young adult, a sharp bright green visible eye, wide reckless grin. fur-collared dark navy jacket with a gold wood-textured pauldron, black uniform, brown leather arm straps. looking to her left, wearing a heavy silver gauntlet crackling with blue electric energy, showing fist to viewer, wildly smug expression. Background: white empty background, flat background. Lighting: warm light, deep amber shadows and sharp blue highlights along her electrified gauntlet.",Real Value,euler_ancestral,simple,9,1.0,1.0,1024,1280
41,perturbation,blk19_pos_d0.250,19,0.250,pos,,P1_elfbrawler,3141592,"{""19"": 0.25}","0.000,0.000,0.000,0.000,0.000,0.000,0.000,0.000,0.000,0.000,0.000,0.000,0.000,0.000,0.000,0.000,0.000,0.000,0.000,0.250,0.000,0.000,0.000,0.000,0.000,0.000,0.000,0.000,0.000,0.000,0.000,0.000,0.000,0.000",P1_elfbrawler_blk19_pos_d0.250_krea2_seed3141592,P1_elfbrawler_blk19_pos_d0.250_krea2_seed3141592_00001_.png,"realistic western comics style, bold ink outlines, hatched shadows, smug grin with half-closed eye, seen from a high angle, from above, top view, dynamic, upper body portrait, close-up on gauntlet, dynamic pose, dramatic angle, strong perspective. female antlered elf brawler, tousled green hair fading to teal at the tips, thick green eyebrows, an eyepatch over one eye, pointed ears, tan sun-kissed skin gradient, small pair of pale antlers, young adult, a sharp bright green visible eye, wide reckless grin. fur-collared dark navy jacket with a gold wood-textured pauldron, black uniform, brown leather arm straps. looking to her left, wearing a heavy silver gauntlet crackling with blue electric energy, showing fist to viewer, wildly smug expression. Background: white empty background, flat background. Lighting: warm light, deep amber shadows and sharp blue highlights along her electrified gauntlet.",Real Value,euler_ancestral,simple,9,1.0,1.0,1024,1280
42,perturbation,blk20_neg_d0.550,20,0.550,neg,,P1_elfbrawler,3141592,"{""20"": -0.55}","0.000,0.000,0.000,0.000,0.000,0.000,0.000,0.000,0.000,0.000,0.000,0.000,0.000,0.000,0.000,0.000,0.000,0.000,0.000,0.000,-0.550,0.000,0.000,0.000,0.000,0.000,0.000,0.000,0.000,0.000,0.000,0.000,0.000,0.000",P1_elfbrawler_blk20_neg_d0.550_krea2_seed3141592,P1_elfbrawler_blk20_neg_d0.550_krea2_seed3141592_00001_.png,"realistic western comics style, bold ink outlines, hatched shadows, smug grin with half-closed eye, seen from a high angle, from above, top view, dynamic, upper body portrait, close-up on gauntlet, dynamic pose, dramatic angle, strong perspective. female antlered elf brawler, tousled green hair fading to teal at the tips, thick green eyebrows, an eyepatch over one eye, pointed ears, tan sun-kissed skin gradient, small pair of pale antlers, young adult, a sharp bright green visible eye, wide reckless grin. fur-collared dark navy jacket with a gold wood-textured pauldron, black uniform, brown leather arm straps. looking to her left, wearing a heavy silver gauntlet crackling with blue electric energy, showing fist to viewer, wildly smug expression. Background: white empty background, flat background. Lighting: warm light, deep amber shadows and sharp blue highlights along her electrified gauntlet.",Real Value,euler_ancestral,simple,9,1.0,1.0,1024,1280
43,perturbation,blk20_pos_d0.450,20,0.450,pos,,P1_elfbrawler,3141592,"{""20"": 0.45}","0.000,0.000,0.000,0.000,0.000,0.000,0.000,0.000,0.000,0.000,0.000,0.000,0.000,0.000,0.000,0.000,0.000,0.000,0.000,0.000,0.450,0.000,0.000,0.000,0.000,0.000,0.000,0.000,0.000,0.000,0.000,0.000,0.000,0.000",P1_elfbrawler_blk20_pos_d0.450_krea2_seed3141592,P1_elfbrawler_blk20_pos_d0.450_krea2_seed3141592_00001_.png,"realistic western comics style, bold ink outlines, hatched shadows, smug grin with half-closed eye, seen from a high angle, from above, top view, dynamic, upper body portrait, close-up on gauntlet, dynamic pose, dramatic angle, strong perspective. female antlered elf brawler, tousled green hair fading to teal at the tips, thick green eyebrows, an eyepatch over one eye, pointed ears, tan sun-kissed skin gradient, small pair of pale antlers, young adult, a sharp bright green visible eye, wide reckless grin. fur-collared dark navy jacket with a gold wood-textured pauldron, black uniform, brown leather arm straps. looking to her left, wearing a heavy silver gauntlet crackling with blue electric energy, showing fist to viewer, wildly smug expression. Background: white empty background, flat background. Lighting: warm light, deep amber shadows and sharp blue highlights along her electrified gauntlet.",Real Value,euler_ancestral,simple,9,1.0,1.0,1024,1280
44,perturbation,blk21_neg_d0.450,21,0.450,neg,,P1_elfbrawler,3141592,"{""21"": -0.45}","0.000,0.000,0.000,0.000,0.000,0.000,0.000,0.000,0.000,0.000,0.000,0.000,0.000,0.000,0.000,0.000,0.000,0.000,0.000,0.000,0.000,-0.450,0.000,0.000,0.000,0.000,0.000,0.000,0.000,0.000,0.000,0.000,0.000,0.000",P1_elfbrawler_blk21_neg_d0.450_krea2_seed3141592,P1_elfbrawler_blk21_neg_d0.450_krea2_seed3141592_00001_.png,"realistic western comics style, bold ink outlines, hatched shadows, smug grin with half-closed eye, seen from a high angle, from above, top view, dynamic, upper body portrait, close-up on gauntlet, dynamic pose, dramatic angle, strong perspective. female antlered elf brawler, tousled green hair fading to teal at the tips, thick green eyebrows, an eyepatch over one eye, pointed ears, tan sun-kissed skin gradient, small pair of pale antlers, young adult, a sharp bright green visible eye, wide reckless grin. fur-collared dark navy jacket with a gold wood-textured pauldron, black uniform, brown leather arm straps. looking to her left, wearing a heavy silver gauntlet crackling with blue electric energy, showing fist to viewer, wildly smug expression. Background: white empty background, flat background. Lighting: warm light, deep amber shadows and sharp blue highlights along her electrified gauntlet.",Real Value,euler_ancestral,simple,9,1.0,1.0,1024,1280
45,perturbation,blk21_pos_d0.250,21,0.250,pos,,P1_elfbrawler,3141592,"{""21"": 0.25}","0.000,0.000,0.000,0.000,0.000,0.000,0.000,0.000,0.000,0.000,0.000,0.000,0.000,0.000,0.000,0.000,0.000,0.000,0.000,0.000,0.000,0.250,0.000,0.000,0.000,0.000,0.000,0.000,0.000,0.000,0.000,0.000,0.000,0.000",P1_elfbrawler_blk21_pos_d0.250_krea2_seed3141592,P1_elfbrawler_blk21_pos_d0.250_krea2_seed3141592_00001_.png,"realistic western comics style, bold ink outlines, hatched shadows, smug grin with half-closed eye, seen from a high angle, from above, top view, dynamic, upper body portrait, close-up on gauntlet, dynamic pose, dramatic angle, strong perspective. female antlered elf brawler, tousled green hair fading to teal at the tips, thick green eyebrows, an eyepatch over one eye, pointed ears, tan sun-kissed skin gradient, small pair of pale antlers, young adult, a sharp bright green visible eye, wide reckless grin. fur-collared dark navy jacket with a gold wood-textured pauldron, black uniform, brown leather arm straps. looking to her left, wearing a heavy silver gauntlet crackling with blue electric energy, showing fist to viewer, wildly smug expression. Background: white empty background, flat background. Lighting: warm light, deep amber shadows and sharp blue highlights along her electrified gauntlet.",Real Value,euler_ancestral,simple,9,1.0,1.0,1024,1280
46,perturbation,blk22_neg_d0.450,22,0.450,neg,,P1_elfbrawler,3141592,"{""22"": -0.45}","0.000,0.000,0.000,0.000,0.000,0.000,0.000,0.000,0.000,0.000,0.000,0.000,0.000,0.000,0.000,0.000,0.000,0.000,0.000,0.000,0.000,0.000,-0.450,0.000,0.000,0.000,0.000,0.000,0.000,0.000,0.000,0.000,0.000,0.000",P1_elfbrawler_blk22_neg_d0.450_krea2_seed3141592,P1_elfbrawler_blk22_neg_d0.450_krea2_seed3141592_00001_.png,"realistic western comics style, bold ink outlines, hatched shadows, smug grin with half-closed eye, seen from a high angle, from above, top view, dynamic, upper body portrait, close-up on gauntlet, dynamic pose, dramatic angle, strong perspective. female antlered elf brawler, tousled green hair fading to teal at the tips, thick green eyebrows, an eyepatch over one eye, pointed ears, tan sun-kissed skin gradient, small pair of pale antlers, young adult, a sharp bright green visible eye, wide reckless grin. fur-collared dark navy jacket with a gold wood-textured pauldron, black uniform, brown leather arm straps. looking to her left, wearing a heavy silver gauntlet crackling with blue electric energy, showing fist to viewer, wildly smug expression. Background: white empty background, flat background. Lighting: warm light, deep amber shadows and sharp blue highlights along her electrified gauntlet.",Real Value,euler_ancestral,simple,9,1.0,1.0,1024,1280
47,perturbation,blk22_pos_d0.250,22,0.250,pos,,P1_elfbrawler,3141592,"{""22"": 0.25}","0.000,0.000,0.000,0.000,0.000,0.000,0.000,0.000,0.000,0.000,0.000,0.000,0.000,0.000,0.000,0.000,0.000,0.000,0.000,0.000,0.000,0.000,0.250,0.000,0.000,0.000,0.000,0.000,0.000,0.000,0.000,0.000,0.000,0.000",P1_elfbrawler_blk22_pos_d0.250_krea2_seed3141592,P1_elfbrawler_blk22_pos_d0.250_krea2_seed3141592_00001_.png,"realistic western comics style, bold ink outlines, hatched shadows, smug grin with half-closed eye, seen from a high angle, from above, top view, dynamic, upper body portrait, close-up on gauntlet, dynamic pose, dramatic angle, strong perspective. female antlered elf brawler, tousled green hair fading to teal at the tips, thick green eyebrows, an eyepatch over one eye, pointed ears, tan sun-kissed skin gradient, small pair of pale antlers, young adult, a sharp bright green visible eye, wide reckless grin. fur-collared dark navy jacket with a gold wood-textured pauldron, black uniform, brown leather arm straps. looking to her left, wearing a heavy silver gauntlet crackling with blue electric energy, showing fist to viewer, wildly smug expression. Background: white empty background, flat background. Lighting: warm light, deep amber shadows and sharp blue highlights along her electrified gauntlet.",Real Value,euler_ancestral,simple,9,1.0,1.0,1024,1280
48,perturbation,blk23_neg_d0.300,23,0.300,neg,,P1_elfbrawler,3141592,"{""23"": -0.3}","0.000,0.000,0.000,0.000,0.000,0.000,0.000,0.000,0.000,0.000,0.000,0.000,0.000,0.000,0.000,0.000,0.000,0.000,0.000,0.000,0.000,0.000,0.000,-0.300,0.000,0.000,0.000,0.000,0.000,0.000,0.000,0.000,0.000,0.000",P1_elfbrawler_blk23_neg_d0.300_krea2_seed3141592,P1_elfbrawler_blk23_neg_d0.300_krea2_seed3141592_00001_.png,"realistic western comics style, bold ink outlines, hatched shadows, smug grin with half-closed eye, seen from a high angle, from above, top view, dynamic, upper body portrait, close-up on gauntlet, dynamic pose, dramatic angle, strong perspective. female antlered elf brawler, tousled green hair fading to teal at the tips, thick green eyebrows, an eyepatch over one eye, pointed ears, tan sun-kissed skin gradient, small pair of pale antlers, young adult, a sharp bright green visible eye, wide reckless grin. fur-collared dark navy jacket with a gold wood-textured pauldron, black uniform, brown leather arm straps. looking to her left, wearing a heavy silver gauntlet crackling with blue electric energy, showing fist to viewer, wildly smug expression. Background: white empty background, flat background. Lighting: warm light, deep amber shadows and sharp blue highlights along her electrified gauntlet.",Real Value,euler_ancestral,simple,9,1.0,1.0,1024,1280
49,perturbation,blk23_pos_d0.300,23,0.300,pos,,P1_elfbrawler,3141592,"{""23"": 0.3}","0.000,0.000,0.000,0.000,0.000,0.000,0.000,0.000,0.000,0.000,0.000,0.000,0.000,0.000,0.000,0.000,0.000,0.000,0.000,0.000,0.000,0.000,0.000,0.300,0.000,0.000,0.000,0.000,0.000,0.000,0.000,0.000,0.000,0.000",P1_elfbrawler_blk23_pos_d0.300_krea2_seed3141592,P1_elfbrawler_blk23_pos_d0.300_krea2_seed3141592_00001_.png,"realistic western comics style, bold ink outlines, hatched shadows, smug grin with half-closed eye, seen from a high angle, from above, top view, dynamic, upper body portrait, close-up on gauntlet, dynamic pose, dramatic angle, strong perspective. female antlered elf brawler, tousled green hair fading to teal at the tips, thick green eyebrows, an eyepatch over one eye, pointed ears, tan sun-kissed skin gradient, small pair of pale antlers, young adult, a sharp bright green visible eye, wide reckless grin. fur-collared dark navy jacket with a gold wood-textured pauldron, black uniform, brown leather arm straps. looking to her left, wearing a heavy silver gauntlet crackling with blue electric energy, showing fist to viewer, wildly smug expression. Background: white empty background, flat background. Lighting: warm light, deep amber shadows and sharp blue highlights along her electrified gauntlet.",Real Value,euler_ancestral,simple,9,1.0,1.0,1024,1280
50,perturbation,blk24_neg_d0.400,24,0.400,neg,,P1_elfbrawler,3141592,"{""24"": -0.4}","0.000,0.000,0.000,0.000,0.000,0.000,0.000,0.000,0.000,0.000,0.000,0.000,0.000,0.000,0.000,0.000,0.000,0.000,0.000,0.000,0.000,0.000,0.000,0.000,-0.400,0.000,0.000,0.000,0.000,0.000,0.000,0.000,0.000,0.000",P1_elfbrawler_blk24_neg_d0.400_krea2_seed3141592,P1_elfbrawler_blk24_neg_d0.400_krea2_seed3141592_00001_.png,"realistic western comics style, bold ink outlines, hatched shadows, smug grin with half-closed eye, seen from a high angle, from above, top view, dynamic, upper body portrait, close-up on gauntlet, dynamic pose, dramatic angle, strong perspective. female antlered elf brawler, tousled green hair fading to teal at the tips, thick green eyebrows, an eyepatch over one eye, pointed ears, tan sun-kissed skin gradient, small pair of pale antlers, young adult, a sharp bright green visible eye, wide reckless grin. fur-collared dark navy jacket with a gold wood-textured pauldron, black uniform, brown leather arm straps. looking to her left, wearing a heavy silver gauntlet crackling with blue electric energy, showing fist to viewer, wildly smug expression. Background: white empty background, flat background. Lighting: warm light, deep amber shadows and sharp blue highlights along her electrified gauntlet.",Real Value,euler_ancestral,simple,9,1.0,1.0,1024,1280
51,perturbation,blk24_pos_d0.200,24,0.200,pos,,P1_elfbrawler,3141592,"{""24"": 0.2}","0.000,0.000,0.000,0.000,0.000,0.000,0.000,0.000,0.000,0.000,0.000,0.000,0.000,0.000,0.000,0.000,0.000,0.000,0.000,0.000,0.000,0.000,0.000,0.000,0.200,0.000,0.000,0.000,0.000,0.000,0.000,0.000,0.000,0.000",P1_elfbrawler_blk24_pos_d0.200_krea2_seed3141592,P1_elfbrawler_blk24_pos_d0.200_krea2_seed3141592_00001_.png,"realistic western comics style, bold ink outlines, hatched shadows, smug grin with half-closed eye, seen from a high angle, from above, top view, dynamic, upper body portrait, close-up on gauntlet, dynamic pose, dramatic angle, strong perspective. female antlered elf brawler, tousled green hair fading to teal at the tips, thick green eyebrows, an eyepatch over one eye, pointed ears, tan sun-kissed skin gradient, small pair of pale antlers, young adult, a sharp bright green visible eye, wide reckless grin. fur-collared dark navy jacket with a gold wood-textured pauldron, black uniform, brown leather arm straps. looking to her left, wearing a heavy silver gauntlet crackling with blue electric energy, showing fist to viewer, wildly smug expression. Background: white empty background, flat background. Lighting: warm light, deep amber shadows and sharp blue highlights along her electrified gauntlet.",Real Value,euler_ancestral,simple,9,1.0,1.0,1024,1280
52,perturbation,blk25_neg_d0.450,25,0.450,neg,,P1_elfbrawler,3141592,"{""25"": -0.45}","0.000,0.000,0.000,0.000,0.000,0.000,0.000,0.000,0.000,0.000,0.000,0.000,0.000,0.000,0.000,0.000,0.000,0.000,0.000,0.000,0.000,0.000,0.000,0.000,0.000,-0.450,0.000,0.000,0.000,0.000,0.000,0.000,0.000,0.000",P1_elfbrawler_blk25_neg_d0.450_krea2_seed3141592,P1_elfbrawler_blk25_neg_d0.450_krea2_seed3141592_00001_.png,"realistic western comics style, bold ink outlines, hatched shadows, smug grin with half-closed eye, seen from a high angle, from above, top view, dynamic, upper body portrait, close-up on gauntlet, dynamic pose, dramatic angle, strong perspective. female antlered elf brawler, tousled green hair fading to teal at the tips, thick green eyebrows, an eyepatch over one eye, pointed ears, tan sun-kissed skin gradient, small pair of pale antlers, young adult, a sharp bright green visible eye, wide reckless grin. fur-collared dark navy jacket with a gold wood-textured pauldron, black uniform, brown leather arm straps. looking to her left, wearing a heavy silver gauntlet crackling with blue electric energy, showing fist to viewer, wildly smug expression. Background: white empty background, flat background. Lighting: warm light, deep amber shadows and sharp blue highlights along her electrified gauntlet.",Real Value,euler_ancestral,simple,9,1.0,1.0,1024,1280
53,perturbation,blk25_pos_d0.250,25,0.250,pos,,P1_elfbrawler,3141592,"{""25"": 0.25}","0.000,0.000,0.000,0.000,0.000,0.000,0.000,0.000,0.000,0.000,0.000,0.000,0.000,0.000,0.000,0.000,0.000,0.000,0.000,0.000,0.000,0.000,0.000,0.000,0.000,0.250,0.000,0.000,0.000,0.000,0.000,0.000,0.000,0.000",P1_elfbrawler_blk25_pos_d0.250_krea2_seed3141592,P1_elfbrawler_blk25_pos_d0.250_krea2_seed3141592_00001_.png,"realistic western comics style, bold ink outlines, hatched shadows, smug grin with half-closed eye, seen from a high angle, from above, top view, dynamic, upper body portrait, close-up on gauntlet, dynamic pose, dramatic angle, strong perspective. female antlered elf brawler, tousled green hair fading to teal at the tips, thick green eyebrows, an eyepatch over one eye, pointed ears, tan sun-kissed skin gradient, small pair of pale antlers, young adult, a sharp bright green visible eye, wide reckless grin. fur-collared dark navy jacket with a gold wood-textured pauldron, black uniform, brown leather arm straps. looking to her left, wearing a heavy silver gauntlet crackling with blue electric energy, showing fist to viewer, wildly smug expression. Background: white empty background, flat background. Lighting: warm light, deep amber shadows and sharp blue highlights along her electrified gauntlet.",Real Value,euler_ancestral,simple,9,1.0,1.0,1024,1280
54,perturbation,blk26_neg_d0.250,26,0.250,neg,,P1_elfbrawler,3141592,"{""26"": -0.25}","0.000,0.000,0.000,0.000,0.000,0.000,0.000,0.000,0.000,0.000,0.000,0.000,0.000,0.000,0.000,0.000,0.000,0.000,0.000,0.000,0.000,0.000,0.000,0.000,0.000,0.000,-0.250,0.000,0.000,0.000,0.000,0.000,0.000,0.000",P1_elfbrawler_blk26_neg_d0.250_krea2_seed3141592,P1_elfbrawler_blk26_neg_d0.250_krea2_seed3141592_00001_.png,"realistic western comics style, bold ink outlines, hatched shadows, smug grin with half-closed eye, seen from a high angle, from above, top view, dynamic, upper body portrait, close-up on gauntlet, dynamic pose, dramatic angle, strong perspective. female antlered elf brawler, tousled green hair fading to teal at the tips, thick green eyebrows, an eyepatch over one eye, pointed ears, tan sun-kissed skin gradient, small pair of pale antlers, young adult, a sharp bright green visible eye, wide reckless grin. fur-collared dark navy jacket with a gold wood-textured pauldron, black uniform, brown leather arm straps. looking to her left, wearing a heavy silver gauntlet crackling with blue electric energy, showing fist to viewer, wildly smug expression. Background: white empty background, flat background. Lighting: warm light, deep amber shadows and sharp blue highlights along her electrified gauntlet.",Real Value,euler_ancestral,simple,9,1.0,1.0,1024,1280
55,perturbation,blk26_pos_d0.150,26,0.150,pos,,P1_elfbrawler,3141592,"{""26"": 0.15}","0.000,0.000,0.000,0.000,0.000,0.000,0.000,0.000,0.000,0.000,0.000,0.000,0.000,0.000,0.000,0.000,0.000,0.000,0.000,0.000,0.000,0.000,0.000,0.000,0.000,0.000,0.150,0.000,0.000,0.000,0.000,0.000,0.000,0.000",P1_elfbrawler_blk26_pos_d0.150_krea2_seed3141592,P1_elfbrawler_blk26_pos_d0.150_krea2_seed3141592_00001_.png,"realistic western comics style, bold ink outlines, hatched shadows, smug grin with half-closed eye, seen from a high angle, from above, top view, dynamic, upper body portrait, close-up on gauntlet, dynamic pose, dramatic angle, strong perspective. female antlered elf brawler, tousled green hair fading to teal at the tips, thick green eyebrows, an eyepatch over one eye, pointed ears, tan sun-kissed skin gradient, small pair of pale antlers, young adult, a sharp bright green visible eye, wide reckless grin. fur-collared dark navy jacket with a gold wood-textured pauldron, black uniform, brown leather arm straps. looking to her left, wearing a heavy silver gauntlet crackling with blue electric energy, showing fist to viewer, wildly smug expression. Background: white empty background, flat background. Lighting: warm light, deep amber shadows and sharp blue highlights along her electrified gauntlet.",Real Value,euler_ancestral,simple,9,1.0,1.0,1024,1280
56,perturbation,blk27_neg_d0.250,27,0.250,neg,,P1_elfbrawler,3141592,"{""27"": -0.25}","0.000,0.000,0.000,0.000,0.000,0.000,0.000,0.000,0.000,0.000,0.000,0.000,0.000,0.000,0.000,0.000,0.000,0.000,0.000,0.000,0.000,0.000,0.000,0.000,0.000,0.000,0.000,-0.250,0.000,0.000,0.000,0.000,0.000,0.000",P1_elfbrawler_blk27_neg_d0.250_krea2_seed3141592,P1_elfbrawler_blk27_neg_d0.250_krea2_seed3141592_00001_.png,"realistic western comics style, bold ink outlines, hatched shadows, smug grin with half-closed eye, seen from a high angle, from above, top view, dynamic, upper body portrait, close-up on gauntlet, dynamic pose, dramatic angle, strong perspective. female antlered elf brawler, tousled green hair fading to teal at the tips, thick green eyebrows, an eyepatch over one eye, pointed ears, tan sun-kissed skin gradient, small pair of pale antlers, young adult, a sharp bright green visible eye, wide reckless grin. fur-collared dark navy jacket with a gold wood-textured pauldron, black uniform, brown leather arm straps. looking to her left, wearing a heavy silver gauntlet crackling with blue electric energy, showing fist to viewer, wildly smug expression. Background: white empty background, flat background. Lighting: warm light, deep amber shadows and sharp blue highlights along her electrified gauntlet.",Real Value,euler_ancestral,simple,9,1.0,1.0,1024,1280
57,perturbation,blk27_pos_d0.050,27,0.050,pos,,P1_elfbrawler,3141592,"{""27"": 0.05}","0.000,0.000,0.000,0.000,0.000,0.000,0.000,0.000,0.000,0.000,0.000,0.000,0.000,0.000,0.000,0.000,0.000,0.000,0.000,0.000,0.000,0.000,0.000,0.000,0.000,0.000,0.000,0.050,0.000,0.000,0.000,0.000,0.000,0.000",P1_elfbrawler_blk27_pos_d0.050_krea2_seed3141592,P1_elfbrawler_blk27_pos_d0.050_krea2_seed3141592_00001_.png,"realistic western comics style, bold ink outlines, hatched shadows, smug grin with half-closed eye, seen from a high angle, from above, top view, dynamic, upper body portrait, close-up on gauntlet, dynamic pose, dramatic angle, strong perspective. female antlered elf brawler, tousled green hair fading to teal at the tips, thick green eyebrows, an eyepatch over one eye, pointed ears, tan sun-kissed skin gradient, small pair of pale antlers, young adult, a sharp bright green visible eye, wide reckless grin. fur-collared dark navy jacket with a gold wood-textured pauldron, black uniform, brown leather arm straps. looking to her left, wearing a heavy silver gauntlet crackling with blue electric energy, showing fist to viewer, wildly smug expression. Background: white empty background, flat background. Lighting: warm light, deep amber shadows and sharp blue highlights along her electrified gauntlet.",Real Value,euler_ancestral,simple,9,1.0,1.0,1024,1280
58,baseline,baseline,,0.000,,,P2_lotuscanoe,3141592,{},,P2_lotuscanoe_baseline_krea2_seed3141592,P2_lotuscanoe_baseline_krea2_seed3141592_00001_.png,"Dreamlike top down fantasy scene viewed from a perfectly vertical overhead camera, looking straight down onto a narrow weathered wooden canoe drifting through a vast deep lotus pond. The entire canoe is visible and positioned near the center, surrounded by immense round lotus leaves in many sizes. Inside, a young woman sleeps peacefully on her back along the length of the boat. Her head is turned gently to one side, long dark wavy hair spread across the wooden boards. One arm bends above her head while the other rests across her torso holding a small closed book. She wears a flowing ivory dress with soft layered fabric cascading around her legs, her bare feet visible near the stern. Pale pink lotus blossoms and buds emerge between dense emerald leaves. A luminous turquoise opening in the vegetation surrounds the canoe, revealing clear water, submerged rocks and delicate caustic light patterns below. The pond becomes progressively darker toward the edges, shifting into deep teal, petrol and midnight blue. Refined fantasy illustration, smooth painterly digital brushwork, rich botanical detail, softly modeled forms, subtle luminous highlights, atmospheric depth, elegant color transitions, tranquil magical light, serene and mysterious, award winning, a breathtaking masterpiece",Real Value,euler_ancestral,simple,9,1.0,1.0,1024,1280
59,perturbation,blk00_neg_d0.200,0,0.200,neg,,P2_lotuscanoe,3141592,"{""0"": -0.2}","-0.200,0.000,0.000,0.000,0.000,0.000,0.000,0.000,0.000,0.000,0.000,0.000,0.000,0.000,0.000,0.000,0.000,0.000,0.000,0.000,0.000,0.000,0.000,0.000,0.000,0.000,0.000,0.000,0.000,0.000,0.000,0.000,0.000,0.000",P2_lotuscanoe_blk00_neg_d0.200_krea2_seed3141592,P2_lotuscanoe_blk00_neg_d0.200_krea2_seed3141592_00001_.png,"Dreamlike top down fantasy scene viewed from a perfectly vertical overhead camera, looking straight down onto a narrow weathered wooden canoe drifting through a vast deep lotus pond. The entire canoe is visible and positioned near the center, surrounded by immense round lotus leaves in many sizes. Inside, a young woman sleeps peacefully on her back along the length of the boat. Her head is turned gently to one side, long dark wavy hair spread across the wooden boards. One arm bends above her head while the other rests across her torso holding a small closed book. She wears a flowing ivory dress with soft layered fabric cascading around her legs, her bare feet visible near the stern. Pale pink lotus blossoms and buds emerge between dense emerald leaves. A luminous turquoise opening in the vegetation surrounds the canoe, revealing clear water, submerged rocks and delicate caustic light patterns below. The pond becomes progressively darker toward the edges, shifting into deep teal, petrol and midnight blue. Refined fantasy illustration, smooth painterly digital brushwork, rich botanical detail, softly modeled forms, subtle luminous highlights, atmospheric depth, elegant color transitions, tranquil magical light, serene and mysterious, award winning, a breathtaking masterpiece",Real Value,euler_ancestral,simple,9,1.0,1.0,1024,1280
60,perturbation,blk00_pos_d0.250,0,0.250,pos,,P2_lotuscanoe,3141592,"{""0"": 0.25}","0.250,0.000,0.000,0.000,0.000,0.000,0.000,0.000,0.000,0.000,0.000,0.000,0.000,0.000,0.000,0.000,0.000,0.000,0.000,0.000,0.000,0.000,0.000,0.000,0.000,0.000,0.000,0.000,0.000,0.000,0.000,0.000,0.000,0.000",P2_lotuscanoe_blk00_pos_d0.250_krea2_seed3141592,P2_lotuscanoe_blk00_pos_d0.250_krea2_seed3141592_00001_.png,"Dreamlike top down fantasy scene viewed from a perfectly vertical overhead camera, looking straight down onto a narrow weathered wooden canoe drifting through a vast deep lotus pond. The entire canoe is visible and positioned near the center, surrounded by immense round lotus leaves in many sizes. Inside, a young woman sleeps peacefully on her back along the length of the boat. Her head is turned gently to one side, long dark wavy hair spread across the wooden boards. One arm bends above her head while the other rests across her torso holding a small closed book. She wears a flowing ivory dress with soft layered fabric cascading around her legs, her bare feet visible near the stern. Pale pink lotus blossoms and buds emerge between dense emerald leaves. A luminous turquoise opening in the vegetation surrounds the canoe, revealing clear water, submerged rocks and delicate caustic light patterns below. The pond becomes progressively darker toward the edges, shifting into deep teal, petrol and midnight blue. Refined fantasy illustration, smooth painterly digital brushwork, rich botanical detail, softly modeled forms, subtle luminous highlights, atmospheric depth, elegant color transitions, tranquil magical light, serene and mysterious, award winning, a breathtaking masterpiece",Real Value,euler_ancestral,simple,9,1.0,1.0,1024,1280
61,perturbation,blk01_neg_d0.400,1,0.400,neg,,P2_lotuscanoe,3141592,"{""1"": -0.4}","0.000,-0.400,0.000,0.000,0.000,0.000,0.000,0.000,0.000,0.000,0.000,0.000,0.000,0.000,0.000,0.000,0.000,0.000,0.000,0.000,0.000,0.000,0.000,0.000,0.000,0.000,0.000,0.000,0.000,0.000,0.000,0.000,0.000,0.000",P2_lotuscanoe_blk01_neg_d0.400_krea2_seed3141592,P2_lotuscanoe_blk01_neg_d0.400_krea2_seed3141592_00001_.png,"Dreamlike top down fantasy scene viewed from a perfectly vertical overhead camera, looking straight down onto a narrow weathered wooden canoe drifting through a vast deep lotus pond. The entire canoe is visible and positioned near the center, surrounded by immense round lotus leaves in many sizes. Inside, a young woman sleeps peacefully on her back along the length of the boat. Her head is turned gently to one side, long dark wavy hair spread across the wooden boards. One arm bends above her head while the other rests across her torso holding a small closed book. She wears a flowing ivory dress with soft layered fabric cascading around her legs, her bare feet visible near the stern. Pale pink lotus blossoms and buds emerge between dense emerald leaves. A luminous turquoise opening in the vegetation surrounds the canoe, revealing clear water, submerged rocks and delicate caustic light patterns below. The pond becomes progressively darker toward the edges, shifting into deep teal, petrol and midnight blue. Refined fantasy illustration, smooth painterly digital brushwork, rich botanical detail, softly modeled forms, subtle luminous highlights, atmospheric depth, elegant color transitions, tranquil magical light, serene and mysterious, award winning, a breathtaking masterpiece",Real Value,euler_ancestral,simple,9,1.0,1.0,1024,1280
62,perturbation,blk01_pos_d0.250,1,0.250,pos,,P2_lotuscanoe,3141592,"{""1"": 0.25}","0.000,0.250,0.000,0.000,0.000,0.000,0.000,0.000,0.000,0.000,0.000,0.000,0.000,0.000,0.000,0.000,0.000,0.000,0.000,0.000,0.000,0.000,0.000,0.000,0.000,0.000,0.000,0.000,0.000,0.000,0.000,0.000,0.000,0.000",P2_lotuscanoe_blk01_pos_d0.250_krea2_seed3141592,P2_lotuscanoe_blk01_pos_d0.250_krea2_seed3141592_00001_.png,"Dreamlike top down fantasy scene viewed from a perfectly vertical overhead camera, looking straight down onto a narrow weathered wooden canoe drifting through a vast deep lotus pond. The entire canoe is visible and positioned near the center, surrounded by immense round lotus leaves in many sizes. Inside, a young woman sleeps peacefully on her back along the length of the boat. Her head is turned gently to one side, long dark wavy hair spread across the wooden boards. One arm bends above her head while the other rests across her torso holding a small closed book. She wears a flowing ivory dress with soft layered fabric cascading around her legs, her bare feet visible near the stern. Pale pink lotus blossoms and buds emerge between dense emerald leaves. A luminous turquoise opening in the vegetation surrounds the canoe, revealing clear water, submerged rocks and delicate caustic light patterns below. The pond becomes progressively darker toward the edges, shifting into deep teal, petrol and midnight blue. Refined fantasy illustration, smooth painterly digital brushwork, rich botanical detail, softly modeled forms, subtle luminous highlights, atmospheric depth, elegant color transitions, tranquil magical light, serene and mysterious, award winning, a breathtaking masterpiece",Real Value,euler_ancestral,simple,9,1.0,1.0,1024,1280
63,perturbation,blk02_neg_d0.450,2,0.450,neg,,P2_lotuscanoe,3141592,"{""2"": -0.45}","0.000,0.000,-0.450,0.000,0.000,0.000,0.000,0.000,0.000,0.000,0.000,0.000,0.000,0.000,0.000,0.000,0.000,0.000,0.000,0.000,0.000,0.000,0.000,0.000,0.000,0.000,0.000,0.000,0.000,0.000,0.000,0.000,0.000,0.000",P2_lotuscanoe_blk02_neg_d0.450_krea2_seed3141592,P2_lotuscanoe_blk02_neg_d0.450_krea2_seed3141592_00001_.png,"Dreamlike top down fantasy scene viewed from a perfectly vertical overhead camera, looking straight down onto a narrow weathered wooden canoe drifting through a vast deep lotus pond. The entire canoe is visible and positioned near the center, surrounded by immense round lotus leaves in many sizes. Inside, a young woman sleeps peacefully on her back along the length of the boat. Her head is turned gently to one side, long dark wavy hair spread across the wooden boards. One arm bends above her head while the other rests across her torso holding a small closed book. She wears a flowing ivory dress with soft layered fabric cascading around her legs, her bare feet visible near the stern. Pale pink lotus blossoms and buds emerge between dense emerald leaves. A luminous turquoise opening in the vegetation surrounds the canoe, revealing clear water, submerged rocks and delicate caustic light patterns below. The pond becomes progressively darker toward the edges, shifting into deep teal, petrol and midnight blue. Refined fantasy illustration, smooth painterly digital brushwork, rich botanical detail, softly modeled forms, subtle luminous highlights, atmospheric depth, elegant color transitions, tranquil magical light, serene and mysterious, award winning, a breathtaking masterpiece",Real Value,euler_ancestral,simple,9,1.0,1.0,1024,1280
64,perturbation,blk02_pos_d0.400,2,0.400,pos,,P2_lotuscanoe,3141592,"{""2"": 0.4}","0.000,0.000,0.400,0.000,0.000,0.000,0.000,0.000,0.000,0.000,0.000,0.000,0.000,0.000,0.000,0.000,0.000,0.000,0.000,0.000,0.000,0.000,0.000,0.000,0.000,0.000,0.000,0.000,0.000,0.000,0.000,0.000,0.000,0.000",P2_lotuscanoe_blk02_pos_d0.400_krea2_seed3141592,P2_lotuscanoe_blk02_pos_d0.400_krea2_seed3141592_00001_.png,"Dreamlike top down fantasy scene viewed from a perfectly vertical overhead camera, looking straight down onto a narrow weathered wooden canoe drifting through a vast deep lotus pond. The entire canoe is visible and positioned near the center, surrounded by immense round lotus leaves in many sizes. Inside, a young woman sleeps peacefully on her back along the length of the boat. Her head is turned gently to one side, long dark wavy hair spread across the wooden boards. One arm bends above her head while the other rests across her torso holding a small closed book. She wears a flowing ivory dress with soft layered fabric cascading around her legs, her bare feet visible near the stern. Pale pink lotus blossoms and buds emerge between dense emerald leaves. A luminous turquoise opening in the vegetation surrounds the canoe, revealing clear water, submerged rocks and delicate caustic light patterns below. The pond becomes progressively darker toward the edges, shifting into deep teal, petrol and midnight blue. Refined fantasy illustration, smooth painterly digital brushwork, rich botanical detail, softly modeled forms, subtle luminous highlights, atmospheric depth, elegant color transitions, tranquil magical light, serene and mysterious, award winning, a breathtaking masterpiece",Real Value,euler_ancestral,simple,9,1.0,1.0,1024,1280
65,perturbation,blk03_neg_d0.550,3,0.550,neg,,P2_lotuscanoe,3141592,"{""3"": -0.55}","0.000,0.000,0.000,-0.550,0.000,0.000,0.000,0.000,0.000,0.000,0.000,0.000,0.000,0.000,0.000,0.000,0.000,0.000,0.000,0.000,0.000,0.000,0.000,0.000,0.000,0.000,0.000,0.000,0.000,0.000,0.000,0.000,0.000,0.000",P2_lotuscanoe_blk03_neg_d0.550_krea2_seed3141592,P2_lotuscanoe_blk03_neg_d0.550_krea2_seed3141592_00001_.png,"Dreamlike top down fantasy scene viewed from a perfectly vertical overhead camera, looking straight down onto a narrow weathered wooden canoe drifting through a vast deep lotus pond. The entire canoe is visible and positioned near the center, surrounded by immense round lotus leaves in many sizes. Inside, a young woman sleeps peacefully on her back along the length of the boat. Her head is turned gently to one side, long dark wavy hair spread across the wooden boards. One arm bends above her head while the other rests across her torso holding a small closed book. She wears a flowing ivory dress with soft layered fabric cascading around her legs, her bare feet visible near the stern. Pale pink lotus blossoms and buds emerge between dense emerald leaves. A luminous turquoise opening in the vegetation surrounds the canoe, revealing clear water, submerged rocks and delicate caustic light patterns below. The pond becomes progressively darker toward the edges, shifting into deep teal, petrol and midnight blue. Refined fantasy illustration, smooth painterly digital brushwork, rich botanical detail, softly modeled forms, subtle luminous highlights, atmospheric depth, elegant color transitions, tranquil magical light, serene and mysterious, award winning, a breathtaking masterpiece",Real Value,euler_ancestral,simple,9,1.0,1.0,1024,1280
66,perturbation,blk03_pos_d0.400,3,0.400,pos,,P2_lotuscanoe,3141592,"{""3"": 0.4}","0.000,0.000,0.000,0.400,0.000,0.000,0.000,0.000,0.000,0.000,0.000,0.000,0.000,0.000,0.000,0.000,0.000,0.000,0.000,0.000,0.000,0.000,0.000,0.000,0.000,0.000,0.000,0.000,0.000,0.000,0.000,0.000,0.000,0.000",P2_lotuscanoe_blk03_pos_d0.400_krea2_seed3141592,P2_lotuscanoe_blk03_pos_d0.400_krea2_seed3141592_00001_.png,"Dreamlike top down fantasy scene viewed from a perfectly vertical overhead camera, looking straight down onto a narrow weathered wooden canoe drifting through a vast deep lotus pond. The entire canoe is visible and positioned near the center, surrounded by immense round lotus leaves in many sizes. Inside, a young woman sleeps peacefully on her back along the length of the boat. Her head is turned gently to one side, long dark wavy hair spread across the wooden boards. One arm bends above her head while the other rests across her torso holding a small closed book. She wears a flowing ivory dress with soft layered fabric cascading around her legs, her bare feet visible near the stern. Pale pink lotus blossoms and buds emerge between dense emerald leaves. A luminous turquoise opening in the vegetation surrounds the canoe, revealing clear water, submerged rocks and delicate caustic light patterns below. The pond becomes progressively darker toward the edges, shifting into deep teal, petrol and midnight blue. Refined fantasy illustration, smooth painterly digital brushwork, rich botanical detail, softly modeled forms, subtle luminous highlights, atmospheric depth, elegant color transitions, tranquil magical light, serene and mysterious, award winning, a breathtaking masterpiece",Real Value,euler_ancestral,simple,9,1.0,1.0,1024,1280
67,perturbation,blk04_neg_d0.550,4,0.550,neg,,P2_lotuscanoe,3141592,"{""4"": -0.55}","0.000,0.000,0.000,0.000,-0.550,0.000,0.000,0.000,0.000,0.000,0.000,0.000,0.000,0.000,0.000,0.000,0.000,0.000,0.000,0.000,0.000,0.000,0.000,0.000,0.000,0.000,0.000,0.000,0.000,0.000,0.000,0.000,0.000,0.000",P2_lotuscanoe_blk04_neg_d0.550_krea2_seed3141592,P2_lotuscanoe_blk04_neg_d0.550_krea2_seed3141592_00001_.png,"Dreamlike top down fantasy scene viewed from a perfectly vertical overhead camera, looking straight down onto a narrow weathered wooden canoe drifting through a vast deep lotus pond. The entire canoe is visible and positioned near the center, surrounded by immense round lotus leaves in many sizes. Inside, a young woman sleeps peacefully on her back along the length of the boat. Her head is turned gently to one side, long dark wavy hair spread across the wooden boards. One arm bends above her head while the other rests across her torso holding a small closed book. She wears a flowing ivory dress with soft layered fabric cascading around her legs, her bare feet visible near the stern. Pale pink lotus blossoms and buds emerge between dense emerald leaves. A luminous turquoise opening in the vegetation surrounds the canoe, revealing clear water, submerged rocks and delicate caustic light patterns below. The pond becomes progressively darker toward the edges, shifting into deep teal, petrol and midnight blue. Refined fantasy illustration, smooth painterly digital brushwork, rich botanical detail, softly modeled forms, subtle luminous highlights, atmospheric depth, elegant color transitions, tranquil magical light, serene and mysterious, award winning, a breathtaking masterpiece",Real Value,euler_ancestral,simple,9,1.0,1.0,1024,1280
68,perturbation,blk04_pos_d0.550,4,0.550,pos,,P2_lotuscanoe,3141592,"{""4"": 0.55}","0.000,0.000,0.000,0.000,0.550,0.000,0.000,0.000,0.000,0.000,0.000,0.000,0.000,0.000,0.000,0.000,0.000,0.000,0.000,0.000,0.000,0.000,0.000,0.000,0.000,0.000,0.000,0.000,0.000,0.000,0.000,0.000,0.000,0.000",P2_lotuscanoe_blk04_pos_d0.550_krea2_seed3141592,P2_lotuscanoe_blk04_pos_d0.550_krea2_seed3141592_00001_.png,"Dreamlike top down fantasy scene viewed from a perfectly vertical overhead camera, looking straight down onto a narrow weathered wooden canoe drifting through a vast deep lotus pond. The entire canoe is visible and positioned near the center, surrounded by immense round lotus leaves in many sizes. Inside, a young woman sleeps peacefully on her back along the length of the boat. Her head is turned gently to one side, long dark wavy hair spread across the wooden boards. One arm bends above her head while the other rests across her torso holding a small closed book. She wears a flowing ivory dress with soft layered fabric cascading around her legs, her bare feet visible near the stern. Pale pink lotus blossoms and buds emerge between dense emerald leaves. A luminous turquoise opening in the vegetation surrounds the canoe, revealing clear water, submerged rocks and delicate caustic light patterns below. The pond becomes progressively darker toward the edges, shifting into deep teal, petrol and midnight blue. Refined fantasy illustration, smooth painterly digital brushwork, rich botanical detail, softly modeled forms, subtle luminous highlights, atmospheric depth, elegant color transitions, tranquil magical light, serene and mysterious, award winning, a breathtaking masterpiece",Real Value,euler_ancestral,simple,9,1.0,1.0,1024,1280
69,perturbation,blk05_neg_d0.550,5,0.550,neg,,P2_lotuscanoe,3141592,"{""5"": -0.55}","0.000,0.000,0.000,0.000,0.000,-0.550,0.000,0.000,0.000,0.000,0.000,0.000,0.000,0.000,0.000,0.000,0.000,0.000,0.000,0.000,0.000,0.000,0.000,0.000,0.000,0.000,0.000,0.000,0.000,0.000,0.000,0.000,0.000,0.000",P2_lotuscanoe_blk05_neg_d0.550_krea2_seed3141592,P2_lotuscanoe_blk05_neg_d0.550_krea2_seed3141592_00001_.png,"Dreamlike top down fantasy scene viewed from a perfectly vertical overhead camera, looking straight down onto a narrow weathered wooden canoe drifting through a vast deep lotus pond. The entire canoe is visible and positioned near the center, surrounded by immense round lotus leaves in many sizes. Inside, a young woman sleeps peacefully on her back along the length of the boat. Her head is turned gently to one side, long dark wavy hair spread across the wooden boards. One arm bends above her head while the other rests across her torso holding a small closed book. She wears a flowing ivory dress with soft layered fabric cascading around her legs, her bare feet visible near the stern. Pale pink lotus blossoms and buds emerge between dense emerald leaves. A luminous turquoise opening in the vegetation surrounds the canoe, revealing clear water, submerged rocks and delicate caustic light patterns below. The pond becomes progressively darker toward the edges, shifting into deep teal, petrol and midnight blue. Refined fantasy illustration, smooth painterly digital brushwork, rich botanical detail, softly modeled forms, subtle luminous highlights, atmospheric depth, elegant color transitions, tranquil magical light, serene and mysterious, award winning, a breathtaking masterpiece",Real Value,euler_ancestral,simple,9,1.0,1.0,1024,1280
70,perturbation,blk05_pos_d0.550,5,0.550,pos,,P2_lotuscanoe,3141592,"{""5"": 0.55}","0.000,0.000,0.000,0.000,0.000,0.550,0.000,0.000,0.000,0.000,0.000,0.000,0.000,0.000,0.000,0.000,0.000,0.000,0.000,0.000,0.000,0.000,0.000,0.000,0.000,0.000,0.000,0.000,0.000,0.000,0.000,0.000,0.000,0.000",P2_lotuscanoe_blk05_pos_d0.550_krea2_seed3141592,P2_lotuscanoe_blk05_pos_d0.550_krea2_seed3141592_00001_.png,"Dreamlike top down fantasy scene viewed from a perfectly vertical overhead camera, looking straight down onto a narrow weathered wooden canoe drifting through a vast deep lotus pond. The entire canoe is visible and positioned near the center, surrounded by immense round lotus leaves in many sizes. Inside, a young woman sleeps peacefully on her back along the length of the boat. Her head is turned gently to one side, long dark wavy hair spread across the wooden boards. One arm bends above her head while the other rests across her torso holding a small closed book. She wears a flowing ivory dress with soft layered fabric cascading around her legs, her bare feet visible near the stern. Pale pink lotus blossoms and buds emerge between dense emerald leaves. A luminous turquoise opening in the vegetation surrounds the canoe, revealing clear water, submerged rocks and delicate caustic light patterns below. The pond becomes progressively darker toward the edges, shifting into deep teal, petrol and midnight blue. Refined fantasy illustration, smooth painterly digital brushwork, rich botanical detail, softly modeled forms, subtle luminous highlights, atmospheric depth, elegant color transitions, tranquil magical light, serene and mysterious, award winning, a breathtaking masterpiece",Real Value,euler_ancestral,simple,9,1.0,1.0,1024,1280
71,perturbation,blk06_neg_d0.550,6,0.550,neg,,P2_lotuscanoe,3141592,"{""6"": -0.55}","0.000,0.000,0.000,0.000,0.000,0.000,-0.550,0.000,0.000,0.000,0.000,0.000,0.000,0.000,0.000,0.000,0.000,0.000,0.000,0.000,0.000,0.000,0.000,0.000,0.000,0.000,0.000,0.000,0.000,0.000,0.000,0.000,0.000,0.000",P2_lotuscanoe_blk06_neg_d0.550_krea2_seed3141592,P2_lotuscanoe_blk06_neg_d0.550_krea2_seed3141592_00001_.png,"Dreamlike top down fantasy scene viewed from a perfectly vertical overhead camera, looking straight down onto a narrow weathered wooden canoe drifting through a vast deep lotus pond. The entire canoe is visible and positioned near the center, surrounded by immense round lotus leaves in many sizes. Inside, a young woman sleeps peacefully on her back along the length of the boat. Her head is turned gently to one side, long dark wavy hair spread across the wooden boards. One arm bends above her head while the other rests across her torso holding a small closed book. She wears a flowing ivory dress with soft layered fabric cascading around her legs, her bare feet visible near the stern. Pale pink lotus blossoms and buds emerge between dense emerald leaves. A luminous turquoise opening in the vegetation surrounds the canoe, revealing clear water, submerged rocks and delicate caustic light patterns below. The pond becomes progressively darker toward the edges, shifting into deep teal, petrol and midnight blue. Refined fantasy illustration, smooth painterly digital brushwork, rich botanical detail, softly modeled forms, subtle luminous highlights, atmospheric depth, elegant color transitions, tranquil magical light, serene and mysterious, award winning, a breathtaking masterpiece",Real Value,euler_ancestral,simple,9,1.0,1.0,1024,1280
72,perturbation,blk06_pos_d0.550,6,0.550,pos,,P2_lotuscanoe,3141592,"{""6"": 0.55}","0.000,0.000,0.000,0.000,0.000,0.000,0.550,0.000,0.000,0.000,0.000,0.000,0.000,0.000,0.000,0.000,0.000,0.000,0.000,0.000,0.000,0.000,0.000,0.000,0.000,0.000,0.000,0.000,0.000,0.000,0.000,0.000,0.000,0.000",P2_lotuscanoe_blk06_pos_d0.550_krea2_seed3141592,P2_lotuscanoe_blk06_pos_d0.550_krea2_seed3141592_00001_.png,"Dreamlike top down fantasy scene viewed from a perfectly vertical overhead camera, looking straight down onto a narrow weathered wooden canoe drifting through a vast deep lotus pond. The entire canoe is visible and positioned near the center, surrounded by immense round lotus leaves in many sizes. Inside, a young woman sleeps peacefully on her back along the length of the boat. Her head is turned gently to one side, long dark wavy hair spread across the wooden boards. One arm bends above her head while the other rests across her torso holding a small closed book. She wears a flowing ivory dress with soft layered fabric cascading around her legs, her bare feet visible near the stern. Pale pink lotus blossoms and buds emerge between dense emerald leaves. A luminous turquoise opening in the vegetation surrounds the canoe, revealing clear water, submerged rocks and delicate caustic light patterns below. The pond becomes progressively darker toward the edges, shifting into deep teal, petrol and midnight blue. Refined fantasy illustration, smooth painterly digital brushwork, rich botanical detail, softly modeled forms, subtle luminous highlights, atmospheric depth, elegant color transitions, tranquil magical light, serene and mysterious, award winning, a breathtaking masterpiece",Real Value,euler_ancestral,simple,9,1.0,1.0,1024,1280
73,perturbation,blk07_neg_d0.550,7,0.550,neg,,P2_lotuscanoe,3141592,"{""7"": -0.55}","0.000,0.000,0.000,0.000,0.000,0.000,0.000,-0.550,0.000,0.000,0.000,0.000,0.000,0.000,0.000,0.000,0.000,0.000,0.000,0.000,0.000,0.000,0.000,0.000,0.000,0.000,0.000,0.000,0.000,0.000,0.000,0.000,0.000,0.000",P2_lotuscanoe_blk07_neg_d0.550_krea2_seed3141592,P2_lotuscanoe_blk07_neg_d0.550_krea2_seed3141592_00001_.png,"Dreamlike top down fantasy scene viewed from a perfectly vertical overhead camera, looking straight down onto a narrow weathered wooden canoe drifting through a vast deep lotus pond. The entire canoe is visible and positioned near the center, surrounded by immense round lotus leaves in many sizes. Inside, a young woman sleeps peacefully on her back along the length of the boat. Her head is turned gently to one side, long dark wavy hair spread across the wooden boards. One arm bends above her head while the other rests across her torso holding a small closed book. She wears a flowing ivory dress with soft layered fabric cascading around her legs, her bare feet visible near the stern. Pale pink lotus blossoms and buds emerge between dense emerald leaves. A luminous turquoise opening in the vegetation surrounds the canoe, revealing clear water, submerged rocks and delicate caustic light patterns below. The pond becomes progressively darker toward the edges, shifting into deep teal, petrol and midnight blue. Refined fantasy illustration, smooth painterly digital brushwork, rich botanical detail, softly modeled forms, subtle luminous highlights, atmospheric depth, elegant color transitions, tranquil magical light, serene and mysterious, award winning, a breathtaking masterpiece",Real Value,euler_ancestral,simple,9,1.0,1.0,1024,1280
74,perturbation,blk07_pos_d0.550,7,0.550,pos,,P2_lotuscanoe,3141592,"{""7"": 0.55}","0.000,0.000,0.000,0.000,0.000,0.000,0.000,0.550,0.000,0.000,0.000,0.000,0.000,0.000,0.000,0.000,0.000,0.000,0.000,0.000,0.000,0.000,0.000,0.000,0.000,0.000,0.000,0.000,0.000,0.000,0.000,0.000,0.000,0.000",P2_lotuscanoe_blk07_pos_d0.550_krea2_seed3141592,P2_lotuscanoe_blk07_pos_d0.550_krea2_seed3141592_00001_.png,"Dreamlike top down fantasy scene viewed from a perfectly vertical overhead camera, looking straight down onto a narrow weathered wooden canoe drifting through a vast deep lotus pond. The entire canoe is visible and positioned near the center, surrounded by immense round lotus leaves in many sizes. Inside, a young woman sleeps peacefully on her back along the length of the boat. Her head is turned gently to one side, long dark wavy hair spread across the wooden boards. One arm bends above her head while the other rests across her torso holding a small closed book. She wears a flowing ivory dress with soft layered fabric cascading around her legs, her bare feet visible near the stern. Pale pink lotus blossoms and buds emerge between dense emerald leaves. A luminous turquoise opening in the vegetation surrounds the canoe, revealing clear water, submerged rocks and delicate caustic light patterns below. The pond becomes progressively darker toward the edges, shifting into deep teal, petrol and midnight blue. Refined fantasy illustration, smooth painterly digital brushwork, rich botanical detail, softly modeled forms, subtle luminous highlights, atmospheric depth, elegant color transitions, tranquil magical light, serene and mysterious, award winning, a breathtaking masterpiece",Real Value,euler_ancestral,simple,9,1.0,1.0,1024,1280
75,perturbation,blk08_neg_d0.550,8,0.550,neg,,P2_lotuscanoe,3141592,"{""8"": -0.55}","0.000,0.000,0.000,0.000,0.000,0.000,0.000,0.000,-0.550,0.000,0.000,0.000,0.000,0.000,0.000,0.000,0.000,0.000,0.000,0.000,0.000,0.000,0.000,0.000,0.000,0.000,0.000,0.000,0.000,0.000,0.000,0.000,0.000,0.000",P2_lotuscanoe_blk08_neg_d0.550_krea2_seed3141592,P2_lotuscanoe_blk08_neg_d0.550_krea2_seed3141592_00001_.png,"Dreamlike top down fantasy scene viewed from a perfectly vertical overhead camera, looking straight down onto a narrow weathered wooden canoe drifting through a vast deep lotus pond. The entire canoe is visible and positioned near the center, surrounded by immense round lotus leaves in many sizes. Inside, a young woman sleeps peacefully on her back along the length of the boat. Her head is turned gently to one side, long dark wavy hair spread across the wooden boards. One arm bends above her head while the other rests across her torso holding a small closed book. She wears a flowing ivory dress with soft layered fabric cascading around her legs, her bare feet visible near the stern. Pale pink lotus blossoms and buds emerge between dense emerald leaves. A luminous turquoise opening in the vegetation surrounds the canoe, revealing clear water, submerged rocks and delicate caustic light patterns below. The pond becomes progressively darker toward the edges, shifting into deep teal, petrol and midnight blue. Refined fantasy illustration, smooth painterly digital brushwork, rich botanical detail, softly modeled forms, subtle luminous highlights, atmospheric depth, elegant color transitions, tranquil magical light, serene and mysterious, award winning, a breathtaking masterpiece",Real Value,euler_ancestral,simple,9,1.0,1.0,1024,1280
76,perturbation,blk08_pos_d0.550,8,0.550,pos,,P2_lotuscanoe,3141592,"{""8"": 0.55}","0.000,0.000,0.000,0.000,0.000,0.000,0.000,0.000,0.550,0.000,0.000,0.000,0.000,0.000,0.000,0.000,0.000,0.000,0.000,0.000,0.000,0.000,0.000,0.000,0.000,0.000,0.000,0.000,0.000,0.000,0.000,0.000,0.000,0.000",P2_lotuscanoe_blk08_pos_d0.550_krea2_seed3141592,P2_lotuscanoe_blk08_pos_d0.550_krea2_seed3141592_00001_.png,"Dreamlike top down fantasy scene viewed from a perfectly vertical overhead camera, looking straight down onto a narrow weathered wooden canoe drifting through a vast deep lotus pond. The entire canoe is visible and positioned near the center, surrounded by immense round lotus leaves in many sizes. Inside, a young woman sleeps peacefully on her back along the length of the boat. Her head is turned gently to one side, long dark wavy hair spread across the wooden boards. One arm bends above her head while the other rests across her torso holding a small closed book. She wears a flowing ivory dress with soft layered fabric cascading around her legs, her bare feet visible near the stern. Pale pink lotus blossoms and buds emerge between dense emerald leaves. A luminous turquoise opening in the vegetation surrounds the canoe, revealing clear water, submerged rocks and delicate caustic light patterns below. The pond becomes progressively darker toward the edges, shifting into deep teal, petrol and midnight blue. Refined fantasy illustration, smooth painterly digital brushwork, rich botanical detail, softly modeled forms, subtle luminous highlights, atmospheric depth, elegant color transitions, tranquil magical light, serene and mysterious, award winning, a breathtaking masterpiece",Real Value,euler_ancestral,simple,9,1.0,1.0,1024,1280
77,perturbation,blk09_neg_d0.550,9,0.550,neg,,P2_lotuscanoe,3141592,"{""9"": -0.55}","0.000,0.000,0.000,0.000,0.000,0.000,0.000,0.000,0.000,-0.550,0.000,0.000,0.000,0.000,0.000,0.000,0.000,0.000,0.000,0.000,0.000,0.000,0.000,0.000,0.000,0.000,0.000,0.000,0.000,0.000,0.000,0.000,0.000,0.000",P2_lotuscanoe_blk09_neg_d0.550_krea2_seed3141592,P2_lotuscanoe_blk09_neg_d0.550_krea2_seed3141592_00001_.png,"Dreamlike top down fantasy scene viewed from a perfectly vertical overhead camera, looking straight down onto a narrow weathered wooden canoe drifting through a vast deep lotus pond. The entire canoe is visible and positioned near the center, surrounded by immense round lotus leaves in many sizes. Inside, a young woman sleeps peacefully on her back along the length of the boat. Her head is turned gently to one side, long dark wavy hair spread across the wooden boards. One arm bends above her head while the other rests across her torso holding a small closed book. She wears a flowing ivory dress with soft layered fabric cascading around her legs, her bare feet visible near the stern. Pale pink lotus blossoms and buds emerge between dense emerald leaves. A luminous turquoise opening in the vegetation surrounds the canoe, revealing clear water, submerged rocks and delicate caustic light patterns below. The pond becomes progressively darker toward the edges, shifting into deep teal, petrol and midnight blue. Refined fantasy illustration, smooth painterly digital brushwork, rich botanical detail, softly modeled forms, subtle luminous highlights, atmospheric depth, elegant color transitions, tranquil magical light, serene and mysterious, award winning, a breathtaking masterpiece",Real Value,euler_ancestral,simple,9,1.0,1.0,1024,1280
78,perturbation,blk09_pos_d0.550,9,0.550,pos,,P2_lotuscanoe,3141592,"{""9"": 0.55}","0.000,0.000,0.000,0.000,0.000,0.000,0.000,0.000,0.000,0.550,0.000,0.000,0.000,0.000,0.000,0.000,0.000,0.000,0.000,0.000,0.000,0.000,0.000,0.000,0.000,0.000,0.000,0.000,0.000,0.000,0.000,0.000,0.000,0.000",P2_lotuscanoe_blk09_pos_d0.550_krea2_seed3141592,P2_lotuscanoe_blk09_pos_d0.550_krea2_seed3141592_00001_.png,"Dreamlike top down fantasy scene viewed from a perfectly vertical overhead camera, looking straight down onto a narrow weathered wooden canoe drifting through a vast deep lotus pond. The entire canoe is visible and positioned near the center, surrounded by immense round lotus leaves in many sizes. Inside, a young woman sleeps peacefully on her back along the length of the boat. Her head is turned gently to one side, long dark wavy hair spread across the wooden boards. One arm bends above her head while the other rests across her torso holding a small closed book. She wears a flowing ivory dress with soft layered fabric cascading around her legs, her bare feet visible near the stern. Pale pink lotus blossoms and buds emerge between dense emerald leaves. A luminous turquoise opening in the vegetation surrounds the canoe, revealing clear water, submerged rocks and delicate caustic light patterns below. The pond becomes progressively darker toward the edges, shifting into deep teal, petrol and midnight blue. Refined fantasy illustration, smooth painterly digital brushwork, rich botanical detail, softly modeled forms, subtle luminous highlights, atmospheric depth, elegant color transitions, tranquil magical light, serene and mysterious, award winning, a breathtaking masterpiece",Real Value,euler_ancestral,simple,9,1.0,1.0,1024,1280
79,perturbation,blk10_neg_d0.450,10,0.450,neg,,P2_lotuscanoe,3141592,"{""10"": -0.45}","0.000,0.000,0.000,0.000,0.000,0.000,0.000,0.000,0.000,0.000,-0.450,0.000,0.000,0.000,0.000,0.000,0.000,0.000,0.000,0.000,0.000,0.000,0.000,0.000,0.000,0.000,0.000,0.000,0.000,0.000,0.000,0.000,0.000,0.000",P2_lotuscanoe_blk10_neg_d0.450_krea2_seed3141592,P2_lotuscanoe_blk10_neg_d0.450_krea2_seed3141592_00001_.png,"Dreamlike top down fantasy scene viewed from a perfectly vertical overhead camera, looking straight down onto a narrow weathered wooden canoe drifting through a vast deep lotus pond. The entire canoe is visible and positioned near the center, surrounded by immense round lotus leaves in many sizes. Inside, a young woman sleeps peacefully on her back along the length of the boat. Her head is turned gently to one side, long dark wavy hair spread across the wooden boards. One arm bends above her head while the other rests across her torso holding a small closed book. She wears a flowing ivory dress with soft layered fabric cascading around her legs, her bare feet visible near the stern. Pale pink lotus blossoms and buds emerge between dense emerald leaves. A luminous turquoise opening in the vegetation surrounds the canoe, revealing clear water, submerged rocks and delicate caustic light patterns below. The pond becomes progressively darker toward the edges, shifting into deep teal, petrol and midnight blue. Refined fantasy illustration, smooth painterly digital brushwork, rich botanical detail, softly modeled forms, subtle luminous highlights, atmospheric depth, elegant color transitions, tranquil magical light, serene and mysterious, award winning, a breathtaking masterpiece",Real Value,euler_ancestral,simple,9,1.0,1.0,1024,1280
80,perturbation,blk10_pos_d0.450,10,0.450,pos,,P2_lotuscanoe,3141592,"{""10"": 0.45}","0.000,0.000,0.000,0.000,0.000,0.000,0.000,0.000,0.000,0.000,0.450,0.000,0.000,0.000,0.000,0.000,0.000,0.000,0.000,0.000,0.000,0.000,0.000,0.000,0.000,0.000,0.000,0.000,0.000,0.000,0.000,0.000,0.000,0.000",P2_lotuscanoe_blk10_pos_d0.450_krea2_seed3141592,P2_lotuscanoe_blk10_pos_d0.450_krea2_seed3141592_00001_.png,"Dreamlike top down fantasy scene viewed from a perfectly vertical overhead camera, looking straight down onto a narrow weathered wooden canoe drifting through a vast deep lotus pond. The entire canoe is visible and positioned near the center, surrounded by immense round lotus leaves in many sizes. Inside, a young woman sleeps peacefully on her back along the length of the boat. Her head is turned gently to one side, long dark wavy hair spread across the wooden boards. One arm bends above her head while the other rests across her torso holding a small closed book. She wears a flowing ivory dress with soft layered fabric cascading around her legs, her bare feet visible near the stern. Pale pink lotus blossoms and buds emerge between dense emerald leaves. A luminous turquoise opening in the vegetation surrounds the canoe, revealing clear water, submerged rocks and delicate caustic light patterns below. The pond becomes progressively darker toward the edges, shifting into deep teal, petrol and midnight blue. Refined fantasy illustration, smooth painterly digital brushwork, rich botanical detail, softly modeled forms, subtle luminous highlights, atmospheric depth, elegant color transitions, tranquil magical light, serene and mysterious, award winning, a breathtaking masterpiece",Real Value,euler_ancestral,simple,9,1.0,1.0,1024,1280
81,perturbation,blk11_neg_d0.450,11,0.450,neg,,P2_lotuscanoe,3141592,"{""11"": -0.45}","0.000,0.000,0.000,0.000,0.000,0.000,0.000,0.000,0.000,0.000,0.000,-0.450,0.000,0.000,0.000,0.000,0.000,0.000,0.000,0.000,0.000,0.000,0.000,0.000,0.000,0.000,0.000,0.000,0.000,0.000,0.000,0.000,0.000,0.000",P2_lotuscanoe_blk11_neg_d0.450_krea2_seed3141592,P2_lotuscanoe_blk11_neg_d0.450_krea2_seed3141592_00001_.png,"Dreamlike top down fantasy scene viewed from a perfectly vertical overhead camera, looking straight down onto a narrow weathered wooden canoe drifting through a vast deep lotus pond. The entire canoe is visible and positioned near the center, surrounded by immense round lotus leaves in many sizes. Inside, a young woman sleeps peacefully on her back along the length of the boat. Her head is turned gently to one side, long dark wavy hair spread across the wooden boards. One arm bends above her head while the other rests across her torso holding a small closed book. She wears a flowing ivory dress with soft layered fabric cascading around her legs, her bare feet visible near the stern. Pale pink lotus blossoms and buds emerge between dense emerald leaves. A luminous turquoise opening in the vegetation surrounds the canoe, revealing clear water, submerged rocks and delicate caustic light patterns below. The pond becomes progressively darker toward the edges, shifting into deep teal, petrol and midnight blue. Refined fantasy illustration, smooth painterly digital brushwork, rich botanical detail, softly modeled forms, subtle luminous highlights, atmospheric depth, elegant color transitions, tranquil magical light, serene and mysterious, award winning, a breathtaking masterpiece",Real Value,euler_ancestral,simple,9,1.0,1.0,1024,1280
82,perturbation,blk11_pos_d0.450,11,0.450,pos,,P2_lotuscanoe,3141592,"{""11"": 0.45}","0.000,0.000,0.000,0.000,0.000,0.000,0.000,0.000,0.000,0.000,0.000,0.450,0.000,0.000,0.000,0.000,0.000,0.000,0.000,0.000,0.000,0.000,0.000,0.000,0.000,0.000,0.000,0.000,0.000,0.000,0.000,0.000,0.000,0.000",P2_lotuscanoe_blk11_pos_d0.450_krea2_seed3141592,P2_lotuscanoe_blk11_pos_d0.450_krea2_seed3141592_00001_.png,"Dreamlike top down fantasy scene viewed from a perfectly vertical overhead camera, looking straight down onto a narrow weathered wooden canoe drifting through a vast deep lotus pond. The entire canoe is visible and positioned near the center, surrounded by immense round lotus leaves in many sizes. Inside, a young woman sleeps peacefully on her back along the length of the boat. Her head is turned gently to one side, long dark wavy hair spread across the wooden boards. One arm bends above her head while the other rests across her torso holding a small closed book. She wears a flowing ivory dress with soft layered fabric cascading around her legs, her bare feet visible near the stern. Pale pink lotus blossoms and buds emerge between dense emerald leaves. A luminous turquoise opening in the vegetation surrounds the canoe, revealing clear water, submerged rocks and delicate caustic light patterns below. The pond becomes progressively darker toward the edges, shifting into deep teal, petrol and midnight blue. Refined fantasy illustration, smooth painterly digital brushwork, rich botanical detail, softly modeled forms, subtle luminous highlights, atmospheric depth, elegant color transitions, tranquil magical light, serene and mysterious, award winning, a breathtaking masterpiece",Real Value,euler_ancestral,simple,9,1.0,1.0,1024,1280
83,perturbation,blk12_neg_d0.450,12,0.450,neg,,P2_lotuscanoe,3141592,"{""12"": -0.45}","0.000,0.000,0.000,0.000,0.000,0.000,0.000,0.000,0.000,0.000,0.000,0.000,-0.450,0.000,0.000,0.000,0.000,0.000,0.000,0.000,0.000,0.000,0.000,0.000,0.000,0.000,0.000,0.000,0.000,0.000,0.000,0.000,0.000,0.000",P2_lotuscanoe_blk12_neg_d0.450_krea2_seed3141592,P2_lotuscanoe_blk12_neg_d0.450_krea2_seed3141592_00001_.png,"Dreamlike top down fantasy scene viewed from a perfectly vertical overhead camera, looking straight down onto a narrow weathered wooden canoe drifting through a vast deep lotus pond. The entire canoe is visible and positioned near the center, surrounded by immense round lotus leaves in many sizes. Inside, a young woman sleeps peacefully on her back along the length of the boat. Her head is turned gently to one side, long dark wavy hair spread across the wooden boards. One arm bends above her head while the other rests across her torso holding a small closed book. She wears a flowing ivory dress with soft layered fabric cascading around her legs, her bare feet visible near the stern. Pale pink lotus blossoms and buds emerge between dense emerald leaves. A luminous turquoise opening in the vegetation surrounds the canoe, revealing clear water, submerged rocks and delicate caustic light patterns below. The pond becomes progressively darker toward the edges, shifting into deep teal, petrol and midnight blue. Refined fantasy illustration, smooth painterly digital brushwork, rich botanical detail, softly modeled forms, subtle luminous highlights, atmospheric depth, elegant color transitions, tranquil magical light, serene and mysterious, award winning, a breathtaking masterpiece",Real Value,euler_ancestral,simple,9,1.0,1.0,1024,1280
84,perturbation,blk12_pos_d0.400,12,0.400,pos,,P2_lotuscanoe,3141592,"{""12"": 0.4}","0.000,0.000,0.000,0.000,0.000,0.000,0.000,0.000,0.000,0.000,0.000,0.000,0.400,0.000,0.000,0.000,0.000,0.000,0.000,0.000,0.000,0.000,0.000,0.000,0.000,0.000,0.000,0.000,0.000,0.000,0.000,0.000,0.000,0.000",P2_lotuscanoe_blk12_pos_d0.400_krea2_seed3141592,P2_lotuscanoe_blk12_pos_d0.400_krea2_seed3141592_00001_.png,"Dreamlike top down fantasy scene viewed from a perfectly vertical overhead camera, looking straight down onto a narrow weathered wooden canoe drifting through a vast deep lotus pond. The entire canoe is visible and positioned near the center, surrounded by immense round lotus leaves in many sizes. Inside, a young woman sleeps peacefully on her back along the length of the boat. Her head is turned gently to one side, long dark wavy hair spread across the wooden boards. One arm bends above her head while the other rests across her torso holding a small closed book. She wears a flowing ivory dress with soft layered fabric cascading around her legs, her bare feet visible near the stern. Pale pink lotus blossoms and buds emerge between dense emerald leaves. A luminous turquoise opening in the vegetation surrounds the canoe, revealing clear water, submerged rocks and delicate caustic light patterns below. The pond becomes progressively darker toward the edges, shifting into deep teal, petrol and midnight blue. Refined fantasy illustration, smooth painterly digital brushwork, rich botanical detail, softly modeled forms, subtle luminous highlights, atmospheric depth, elegant color transitions, tranquil magical light, serene and mysterious, award winning, a breathtaking masterpiece",Real Value,euler_ancestral,simple,9,1.0,1.0,1024,1280
85,perturbation,blk13_neg_d0.450,13,0.450,neg,,P2_lotuscanoe,3141592,"{""13"": -0.45}","0.000,0.000,0.000,0.000,0.000,0.000,0.000,0.000,0.000,0.000,0.000,0.000,0.000,-0.450,0.000,0.000,0.000,0.000,0.000,0.000,0.000,0.000,0.000,0.000,0.000,0.000,0.000,0.000,0.000,0.000,0.000,0.000,0.000,0.000",P2_lotuscanoe_blk13_neg_d0.450_krea2_seed3141592,P2_lotuscanoe_blk13_neg_d0.450_krea2_seed3141592_00001_.png,"Dreamlike top down fantasy scene viewed from a perfectly vertical overhead camera, looking straight down onto a narrow weathered wooden canoe drifting through a vast deep lotus pond. The entire canoe is visible and positioned near the center, surrounded by immense round lotus leaves in many sizes. Inside, a young woman sleeps peacefully on her back along the length of the boat. Her head is turned gently to one side, long dark wavy hair spread across the wooden boards. One arm bends above her head while the other rests across her torso holding a small closed book. She wears a flowing ivory dress with soft layered fabric cascading around her legs, her bare feet visible near the stern. Pale pink lotus blossoms and buds emerge between dense emerald leaves. A luminous turquoise opening in the vegetation surrounds the canoe, revealing clear water, submerged rocks and delicate caustic light patterns below. The pond becomes progressively darker toward the edges, shifting into deep teal, petrol and midnight blue. Refined fantasy illustration, smooth painterly digital brushwork, rich botanical detail, softly modeled forms, subtle luminous highlights, atmospheric depth, elegant color transitions, tranquil magical light, serene and mysterious, award winning, a breathtaking masterpiece",Real Value,euler_ancestral,simple,9,1.0,1.0,1024,1280
86,perturbation,blk13_pos_d0.400,13,0.400,pos,,P2_lotuscanoe,3141592,"{""13"": 0.4}","0.000,0.000,0.000,0.000,0.000,0.000,0.000,0.000,0.000,0.000,0.000,0.000,0.000,0.400,0.000,0.000,0.000,0.000,0.000,0.000,0.000,0.000,0.000,0.000,0.000,0.000,0.000,0.000,0.000,0.000,0.000,0.000,0.000,0.000",P2_lotuscanoe_blk13_pos_d0.400_krea2_seed3141592,P2_lotuscanoe_blk13_pos_d0.400_krea2_seed3141592_00001_.png,"Dreamlike top down fantasy scene viewed from a perfectly vertical overhead camera, looking straight down onto a narrow weathered wooden canoe drifting through a vast deep lotus pond. The entire canoe is visible and positioned near the center, surrounded by immense round lotus leaves in many sizes. Inside, a young woman sleeps peacefully on her back along the length of the boat. Her head is turned gently to one side, long dark wavy hair spread across the wooden boards. One arm bends above her head while the other rests across her torso holding a small closed book. She wears a flowing ivory dress with soft layered fabric cascading around her legs, her bare feet visible near the stern. Pale pink lotus blossoms and buds emerge between dense emerald leaves. A luminous turquoise opening in the vegetation surrounds the canoe, revealing clear water, submerged rocks and delicate caustic light patterns below. The pond becomes progressively darker toward the edges, shifting into deep teal, petrol and midnight blue. Refined fantasy illustration, smooth painterly digital brushwork, rich botanical detail, softly modeled forms, subtle luminous highlights, atmospheric depth, elegant color transitions, tranquil magical light, serene and mysterious, award winning, a breathtaking masterpiece",Real Value,euler_ancestral,simple,9,1.0,1.0,1024,1280
87,perturbation,blk14_neg_d0.550,14,0.550,neg,,P2_lotuscanoe,3141592,"{""14"": -0.55}","0.000,0.000,0.000,0.000,0.000,0.000,0.000,0.000,0.000,0.000,0.000,0.000,0.000,0.000,-0.550,0.000,0.000,0.000,0.000,0.000,0.000,0.000,0.000,0.000,0.000,0.000,0.000,0.000,0.000,0.000,0.000,0.000,0.000,0.000",P2_lotuscanoe_blk14_neg_d0.550_krea2_seed3141592,P2_lotuscanoe_blk14_neg_d0.550_krea2_seed3141592_00001_.png,"Dreamlike top down fantasy scene viewed from a perfectly vertical overhead camera, looking straight down onto a narrow weathered wooden canoe drifting through a vast deep lotus pond. The entire canoe is visible and positioned near the center, surrounded by immense round lotus leaves in many sizes. Inside, a young woman sleeps peacefully on her back along the length of the boat. Her head is turned gently to one side, long dark wavy hair spread across the wooden boards. One arm bends above her head while the other rests across her torso holding a small closed book. She wears a flowing ivory dress with soft layered fabric cascading around her legs, her bare feet visible near the stern. Pale pink lotus blossoms and buds emerge between dense emerald leaves. A luminous turquoise opening in the vegetation surrounds the canoe, revealing clear water, submerged rocks and delicate caustic light patterns below. The pond becomes progressively darker toward the edges, shifting into deep teal, petrol and midnight blue. Refined fantasy illustration, smooth painterly digital brushwork, rich botanical detail, softly modeled forms, subtle luminous highlights, atmospheric depth, elegant color transitions, tranquil magical light, serene and mysterious, award winning, a breathtaking masterpiece",Real Value,euler_ancestral,simple,9,1.0,1.0,1024,1280
88,perturbation,blk14_pos_d0.400,14,0.400,pos,,P2_lotuscanoe,3141592,"{""14"": 0.4}","0.000,0.000,0.000,0.000,0.000,0.000,0.000,0.000,0.000,0.000,0.000,0.000,0.000,0.000,0.400,0.000,0.000,0.000,0.000,0.000,0.000,0.000,0.000,0.000,0.000,0.000,0.000,0.000,0.000,0.000,0.000,0.000,0.000,0.000",P2_lotuscanoe_blk14_pos_d0.400_krea2_seed3141592,P2_lotuscanoe_blk14_pos_d0.400_krea2_seed3141592_00001_.png,"Dreamlike top down fantasy scene viewed from a perfectly vertical overhead camera, looking straight down onto a narrow weathered wooden canoe drifting through a vast deep lotus pond. The entire canoe is visible and positioned near the center, surrounded by immense round lotus leaves in many sizes. Inside, a young woman sleeps peacefully on her back along the length of the boat. Her head is turned gently to one side, long dark wavy hair spread across the wooden boards. One arm bends above her head while the other rests across her torso holding a small closed book. She wears a flowing ivory dress with soft layered fabric cascading around her legs, her bare feet visible near the stern. Pale pink lotus blossoms and buds emerge between dense emerald leaves. A luminous turquoise opening in the vegetation surrounds the canoe, revealing clear water, submerged rocks and delicate caustic light patterns below. The pond becomes progressively darker toward the edges, shifting into deep teal, petrol and midnight blue. Refined fantasy illustration, smooth painterly digital brushwork, rich botanical detail, softly modeled forms, subtle luminous highlights, atmospheric depth, elegant color transitions, tranquil magical light, serene and mysterious, award winning, a breathtaking masterpiece",Real Value,euler_ancestral,simple,9,1.0,1.0,1024,1280
89,perturbation,blk15_neg_d0.450,15,0.450,neg,,P2_lotuscanoe,3141592,"{""15"": -0.45}","0.000,0.000,0.000,0.000,0.000,0.000,0.000,0.000,0.000,0.000,0.000,0.000,0.000,0.000,0.000,-0.450,0.000,0.000,0.000,0.000,0.000,0.000,0.000,0.000,0.000,0.000,0.000,0.000,0.000,0.000,0.000,0.000,0.000,0.000",P2_lotuscanoe_blk15_neg_d0.450_krea2_seed3141592,P2_lotuscanoe_blk15_neg_d0.450_krea2_seed3141592_00001_.png,"Dreamlike top down fantasy scene viewed from a perfectly vertical overhead camera, looking straight down onto a narrow weathered wooden canoe drifting through a vast deep lotus pond. The entire canoe is visible and positioned near the center, surrounded by immense round lotus leaves in many sizes. Inside, a young woman sleeps peacefully on her back along the length of the boat. Her head is turned gently to one side, long dark wavy hair spread across the wooden boards. One arm bends above her head while the other rests across her torso holding a small closed book. She wears a flowing ivory dress with soft layered fabric cascading around her legs, her bare feet visible near the stern. Pale pink lotus blossoms and buds emerge between dense emerald leaves. A luminous turquoise opening in the vegetation surrounds the canoe, revealing clear water, submerged rocks and delicate caustic light patterns below. The pond becomes progressively darker toward the edges, shifting into deep teal, petrol and midnight blue. Refined fantasy illustration, smooth painterly digital brushwork, rich botanical detail, softly modeled forms, subtle luminous highlights, atmospheric depth, elegant color transitions, tranquil magical light, serene and mysterious, award winning, a breathtaking masterpiece",Real Value,euler_ancestral,simple,9,1.0,1.0,1024,1280
90,perturbation,blk15_pos_d0.400,15,0.400,pos,,P2_lotuscanoe,3141592,"{""15"": 0.4}","0.000,0.000,0.000,0.000,0.000,0.000,0.000,0.000,0.000,0.000,0.000,0.000,0.000,0.000,0.000,0.400,0.000,0.000,0.000,0.000,0.000,0.000,0.000,0.000,0.000,0.000,0.000,0.000,0.000,0.000,0.000,0.000,0.000,0.000",P2_lotuscanoe_blk15_pos_d0.400_krea2_seed3141592,P2_lotuscanoe_blk15_pos_d0.400_krea2_seed3141592_00001_.png,"Dreamlike top down fantasy scene viewed from a perfectly vertical overhead camera, looking straight down onto a narrow weathered wooden canoe drifting through a vast deep lotus pond. The entire canoe is visible and positioned near the center, surrounded by immense round lotus leaves in many sizes. Inside, a young woman sleeps peacefully on her back along the length of the boat. Her head is turned gently to one side, long dark wavy hair spread across the wooden boards. One arm bends above her head while the other rests across her torso holding a small closed book. She wears a flowing ivory dress with soft layered fabric cascading around her legs, her bare feet visible near the stern. Pale pink lotus blossoms and buds emerge between dense emerald leaves. A luminous turquoise opening in the vegetation surrounds the canoe, revealing clear water, submerged rocks and delicate caustic light patterns below. The pond becomes progressively darker toward the edges, shifting into deep teal, petrol and midnight blue. Refined fantasy illustration, smooth painterly digital brushwork, rich botanical detail, softly modeled forms, subtle luminous highlights, atmospheric depth, elegant color transitions, tranquil magical light, serene and mysterious, award winning, a breathtaking masterpiece",Real Value,euler_ancestral,simple,9,1.0,1.0,1024,1280
91,perturbation,blk16_neg_d0.450,16,0.450,neg,,P2_lotuscanoe,3141592,"{""16"": -0.45}","0.000,0.000,0.000,0.000,0.000,0.000,0.000,0.000,0.000,0.000,0.000,0.000,0.000,0.000,0.000,0.000,-0.450,0.000,0.000,0.000,0.000,0.000,0.000,0.000,0.000,0.000,0.000,0.000,0.000,0.000,0.000,0.000,0.000,0.000",P2_lotuscanoe_blk16_neg_d0.450_krea2_seed3141592,P2_lotuscanoe_blk16_neg_d0.450_krea2_seed3141592_00001_.png,"Dreamlike top down fantasy scene viewed from a perfectly vertical overhead camera, looking straight down onto a narrow weathered wooden canoe drifting through a vast deep lotus pond. The entire canoe is visible and positioned near the center, surrounded by immense round lotus leaves in many sizes. Inside, a young woman sleeps peacefully on her back along the length of the boat. Her head is turned gently to one side, long dark wavy hair spread across the wooden boards. One arm bends above her head while the other rests across her torso holding a small closed book. She wears a flowing ivory dress with soft layered fabric cascading around her legs, her bare feet visible near the stern. Pale pink lotus blossoms and buds emerge between dense emerald leaves. A luminous turquoise opening in the vegetation surrounds the canoe, revealing clear water, submerged rocks and delicate caustic light patterns below. The pond becomes progressively darker toward the edges, shifting into deep teal, petrol and midnight blue. Refined fantasy illustration, smooth painterly digital brushwork, rich botanical detail, softly modeled forms, subtle luminous highlights, atmospheric depth, elegant color transitions, tranquil magical light, serene and mysterious, award winning, a breathtaking masterpiece",Real Value,euler_ancestral,simple,9,1.0,1.0,1024,1280
92,perturbation,blk16_pos_d0.300,16,0.300,pos,,P2_lotuscanoe,3141592,"{""16"": 0.3}","0.000,0.000,0.000,0.000,0.000,0.000,0.000,0.000,0.000,0.000,0.000,0.000,0.000,0.000,0.000,0.000,0.300,0.000,0.000,0.000,0.000,0.000,0.000,0.000,0.000,0.000,0.000,0.000,0.000,0.000,0.000,0.000,0.000,0.000",P2_lotuscanoe_blk16_pos_d0.300_krea2_seed3141592,P2_lotuscanoe_blk16_pos_d0.300_krea2_seed3141592_00001_.png,"Dreamlike top down fantasy scene viewed from a perfectly vertical overhead camera, looking straight down onto a narrow weathered wooden canoe drifting through a vast deep lotus pond. The entire canoe is visible and positioned near the center, surrounded by immense round lotus leaves in many sizes. Inside, a young woman sleeps peacefully on her back along the length of the boat. Her head is turned gently to one side, long dark wavy hair spread across the wooden boards. One arm bends above her head while the other rests across her torso holding a small closed book. She wears a flowing ivory dress with soft layered fabric cascading around her legs, her bare feet visible near the stern. Pale pink lotus blossoms and buds emerge between dense emerald leaves. A luminous turquoise opening in the vegetation surrounds the canoe, revealing clear water, submerged rocks and delicate caustic light patterns below. The pond becomes progressively darker toward the edges, shifting into deep teal, petrol and midnight blue. Refined fantasy illustration, smooth painterly digital brushwork, rich botanical detail, softly modeled forms, subtle luminous highlights, atmospheric depth, elegant color transitions, tranquil magical light, serene and mysterious, award winning, a breathtaking masterpiece",Real Value,euler_ancestral,simple,9,1.0,1.0,1024,1280
93,perturbation,blk17_neg_d0.450,17,0.450,neg,,P2_lotuscanoe,3141592,"{""17"": -0.45}","0.000,0.000,0.000,0.000,0.000,0.000,0.000,0.000,0.000,0.000,0.000,0.000,0.000,0.000,0.000,0.000,0.000,-0.450,0.000,0.000,0.000,0.000,0.000,0.000,0.000,0.000,0.000,0.000,0.000,0.000,0.000,0.000,0.000,0.000",P2_lotuscanoe_blk17_neg_d0.450_krea2_seed3141592,P2_lotuscanoe_blk17_neg_d0.450_krea2_seed3141592_00001_.png,"Dreamlike top down fantasy scene viewed from a perfectly vertical overhead camera, looking straight down onto a narrow weathered wooden canoe drifting through a vast deep lotus pond. The entire canoe is visible and positioned near the center, surrounded by immense round lotus leaves in many sizes. Inside, a young woman sleeps peacefully on her back along the length of the boat. Her head is turned gently to one side, long dark wavy hair spread across the wooden boards. One arm bends above her head while the other rests across her torso holding a small closed book. She wears a flowing ivory dress with soft layered fabric cascading around her legs, her bare feet visible near the stern. Pale pink lotus blossoms and buds emerge between dense emerald leaves. A luminous turquoise opening in the vegetation surrounds the canoe, revealing clear water, submerged rocks and delicate caustic light patterns below. The pond becomes progressively darker toward the edges, shifting into deep teal, petrol and midnight blue. Refined fantasy illustration, smooth painterly digital brushwork, rich botanical detail, softly modeled forms, subtle luminous highlights, atmospheric depth, elegant color transitions, tranquil magical light, serene and mysterious, award winning, a breathtaking masterpiece",Real Value,euler_ancestral,simple,9,1.0,1.0,1024,1280
94,perturbation,blk17_pos_d0.400,17,0.400,pos,,P2_lotuscanoe,3141592,"{""17"": 0.4}","0.000,0.000,0.000,0.000,0.000,0.000,0.000,0.000,0.000,0.000,0.000,0.000,0.000,0.000,0.000,0.000,0.000,0.400,0.000,0.000,0.000,0.000,0.000,0.000,0.000,0.000,0.000,0.000,0.000,0.000,0.000,0.000,0.000,0.000",P2_lotuscanoe_blk17_pos_d0.400_krea2_seed3141592,P2_lotuscanoe_blk17_pos_d0.400_krea2_seed3141592_00001_.png,"Dreamlike top down fantasy scene viewed from a perfectly vertical overhead camera, looking straight down onto a narrow weathered wooden canoe drifting through a vast deep lotus pond. The entire canoe is visible and positioned near the center, surrounded by immense round lotus leaves in many sizes. Inside, a young woman sleeps peacefully on her back along the length of the boat. Her head is turned gently to one side, long dark wavy hair spread across the wooden boards. One arm bends above her head while the other rests across her torso holding a small closed book. She wears a flowing ivory dress with soft layered fabric cascading around her legs, her bare feet visible near the stern. Pale pink lotus blossoms and buds emerge between dense emerald leaves. A luminous turquoise opening in the vegetation surrounds the canoe, revealing clear water, submerged rocks and delicate caustic light patterns below. The pond becomes progressively darker toward the edges, shifting into deep teal, petrol and midnight blue. Refined fantasy illustration, smooth painterly digital brushwork, rich botanical detail, softly modeled forms, subtle luminous highlights, atmospheric depth, elegant color transitions, tranquil magical light, serene and mysterious, award winning, a breathtaking masterpiece",Real Value,euler_ancestral,simple,9,1.0,1.0,1024,1280
95,perturbation,blk18_neg_d0.450,18,0.450,neg,,P2_lotuscanoe,3141592,"{""18"": -0.45}","0.000,0.000,0.000,0.000,0.000,0.000,0.000,0.000,0.000,0.000,0.000,0.000,0.000,0.000,0.000,0.000,0.000,0.000,-0.450,0.000,0.000,0.000,0.000,0.000,0.000,0.000,0.000,0.000,0.000,0.000,0.000,0.000,0.000,0.000",P2_lotuscanoe_blk18_neg_d0.450_krea2_seed3141592,P2_lotuscanoe_blk18_neg_d0.450_krea2_seed3141592_00001_.png,"Dreamlike top down fantasy scene viewed from a perfectly vertical overhead camera, looking straight down onto a narrow weathered wooden canoe drifting through a vast deep lotus pond. The entire canoe is visible and positioned near the center, surrounded by immense round lotus leaves in many sizes. Inside, a young woman sleeps peacefully on her back along the length of the boat. Her head is turned gently to one side, long dark wavy hair spread across the wooden boards. One arm bends above her head while the other rests across her torso holding a small closed book. She wears a flowing ivory dress with soft layered fabric cascading around her legs, her bare feet visible near the stern. Pale pink lotus blossoms and buds emerge between dense emerald leaves. A luminous turquoise opening in the vegetation surrounds the canoe, revealing clear water, submerged rocks and delicate caustic light patterns below. The pond becomes progressively darker toward the edges, shifting into deep teal, petrol and midnight blue. Refined fantasy illustration, smooth painterly digital brushwork, rich botanical detail, softly modeled forms, subtle luminous highlights, atmospheric depth, elegant color transitions, tranquil magical light, serene and mysterious, award winning, a breathtaking masterpiece",Real Value,euler_ancestral,simple,9,1.0,1.0,1024,1280
96,perturbation,blk18_pos_d0.300,18,0.300,pos,,P2_lotuscanoe,3141592,"{""18"": 0.3}","0.000,0.000,0.000,0.000,0.000,0.000,0.000,0.000,0.000,0.000,0.000,0.000,0.000,0.000,0.000,0.000,0.000,0.000,0.300,0.000,0.000,0.000,0.000,0.000,0.000,0.000,0.000,0.000,0.000,0.000,0.000,0.000,0.000,0.000",P2_lotuscanoe_blk18_pos_d0.300_krea2_seed3141592,P2_lotuscanoe_blk18_pos_d0.300_krea2_seed3141592_00001_.png,"Dreamlike top down fantasy scene viewed from a perfectly vertical overhead camera, looking straight down onto a narrow weathered wooden canoe drifting through a vast deep lotus pond. The entire canoe is visible and positioned near the center, surrounded by immense round lotus leaves in many sizes. Inside, a young woman sleeps peacefully on her back along the length of the boat. Her head is turned gently to one side, long dark wavy hair spread across the wooden boards. One arm bends above her head while the other rests across her torso holding a small closed book. She wears a flowing ivory dress with soft layered fabric cascading around her legs, her bare feet visible near the stern. Pale pink lotus blossoms and buds emerge between dense emerald leaves. A luminous turquoise opening in the vegetation surrounds the canoe, revealing clear water, submerged rocks and delicate caustic light patterns below. The pond becomes progressively darker toward the edges, shifting into deep teal, petrol and midnight blue. Refined fantasy illustration, smooth painterly digital brushwork, rich botanical detail, softly modeled forms, subtle luminous highlights, atmospheric depth, elegant color transitions, tranquil magical light, serene and mysterious, award winning, a breathtaking masterpiece",Real Value,euler_ancestral,simple,9,1.0,1.0,1024,1280
97,perturbation,blk19_neg_d0.450,19,0.450,neg,,P2_lotuscanoe,3141592,"{""19"": -0.45}","0.000,0.000,0.000,0.000,0.000,0.000,0.000,0.000,0.000,0.000,0.000,0.000,0.000,0.000,0.000,0.000,0.000,0.000,0.000,-0.450,0.000,0.000,0.000,0.000,0.000,0.000,0.000,0.000,0.000,0.000,0.000,0.000,0.000,0.000",P2_lotuscanoe_blk19_neg_d0.450_krea2_seed3141592,P2_lotuscanoe_blk19_neg_d0.450_krea2_seed3141592_00001_.png,"Dreamlike top down fantasy scene viewed from a perfectly vertical overhead camera, looking straight down onto a narrow weathered wooden canoe drifting through a vast deep lotus pond. The entire canoe is visible and positioned near the center, surrounded by immense round lotus leaves in many sizes. Inside, a young woman sleeps peacefully on her back along the length of the boat. Her head is turned gently to one side, long dark wavy hair spread across the wooden boards. One arm bends above her head while the other rests across her torso holding a small closed book. She wears a flowing ivory dress with soft layered fabric cascading around her legs, her bare feet visible near the stern. Pale pink lotus blossoms and buds emerge between dense emerald leaves. A luminous turquoise opening in the vegetation surrounds the canoe, revealing clear water, submerged rocks and delicate caustic light patterns below. The pond becomes progressively darker toward the edges, shifting into deep teal, petrol and midnight blue. Refined fantasy illustration, smooth painterly digital brushwork, rich botanical detail, softly modeled forms, subtle luminous highlights, atmospheric depth, elegant color transitions, tranquil magical light, serene and mysterious, award winning, a breathtaking masterpiece",Real Value,euler_ancestral,simple,9,1.0,1.0,1024,1280
98,perturbation,blk19_pos_d0.250,19,0.250,pos,,P2_lotuscanoe,3141592,"{""19"": 0.25}","0.000,0.000,0.000,0.000,0.000,0.000,0.000,0.000,0.000,0.000,0.000,0.000,0.000,0.000,0.000,0.000,0.000,0.000,0.000,0.250,0.000,0.000,0.000,0.000,0.000,0.000,0.000,0.000,0.000,0.000,0.000,0.000,0.000,0.000",P2_lotuscanoe_blk19_pos_d0.250_krea2_seed3141592,P2_lotuscanoe_blk19_pos_d0.250_krea2_seed3141592_00001_.png,"Dreamlike top down fantasy scene viewed from a perfectly vertical overhead camera, looking straight down onto a narrow weathered wooden canoe drifting through a vast deep lotus pond. The entire canoe is visible and positioned near the center, surrounded by immense round lotus leaves in many sizes. Inside, a young woman sleeps peacefully on her back along the length of the boat. Her head is turned gently to one side, long dark wavy hair spread across the wooden boards. One arm bends above her head while the other rests across her torso holding a small closed book. She wears a flowing ivory dress with soft layered fabric cascading around her legs, her bare feet visible near the stern. Pale pink lotus blossoms and buds emerge between dense emerald leaves. A luminous turquoise opening in the vegetation surrounds the canoe, revealing clear water, submerged rocks and delicate caustic light patterns below. The pond becomes progressively darker toward the edges, shifting into deep teal, petrol and midnight blue. Refined fantasy illustration, smooth painterly digital brushwork, rich botanical detail, softly modeled forms, subtle luminous highlights, atmospheric depth, elegant color transitions, tranquil magical light, serene and mysterious, award winning, a breathtaking masterpiece",Real Value,euler_ancestral,simple,9,1.0,1.0,1024,1280
99,perturbation,blk20_neg_d0.550,20,0.550,neg,,P2_lotuscanoe,3141592,"{""20"": -0.55}","0.000,0.000,0.000,0.000,0.000,0.000,0.000,0.000,0.000,0.000,0.000,0.000,0.000,0.000,0.000,0.000,0.000,0.000,0.000,0.000,-0.550,0.000,0.000,0.000,0.000,0.000,0.000,0.000,0.000,0.000,0.000,0.000,0.000,0.000",P2_lotuscanoe_blk20_neg_d0.550_krea2_seed3141592,P2_lotuscanoe_blk20_neg_d0.550_krea2_seed3141592_00001_.png,"Dreamlike top down fantasy scene viewed from a perfectly vertical overhead camera, looking straight down onto a narrow weathered wooden canoe drifting through a vast deep lotus pond. The entire canoe is visible and positioned near the center, surrounded by immense round lotus leaves in many sizes. Inside, a young woman sleeps peacefully on her back along the length of the boat. Her head is turned gently to one side, long dark wavy hair spread across the wooden boards. One arm bends above her head while the other rests across her torso holding a small closed book. She wears a flowing ivory dress with soft layered fabric cascading around her legs, her bare feet visible near the stern. Pale pink lotus blossoms and buds emerge between dense emerald leaves. A luminous turquoise opening in the vegetation surrounds the canoe, revealing clear water, submerged rocks and delicate caustic light patterns below. The pond becomes progressively darker toward the edges, shifting into deep teal, petrol and midnight blue. Refined fantasy illustration, smooth painterly digital brushwork, rich botanical detail, softly modeled forms, subtle luminous highlights, atmospheric depth, elegant color transitions, tranquil magical light, serene and mysterious, award winning, a breathtaking masterpiece",Real Value,euler_ancestral,simple,9,1.0,1.0,1024,1280
100,perturbation,blk20_pos_d0.450,20,0.450,pos,,P2_lotuscanoe,3141592,"{""20"": 0.45}","0.000,0.000,0.000,0.000,0.000,0.000,0.000,0.000,0.000,0.000,0.000,0.000,0.000,0.000,0.000,0.000,0.000,0.000,0.000,0.000,0.450,0.000,0.000,0.000,0.000,0.000,0.000,0.000,0.000,0.000,0.000,0.000,0.000,0.000",P2_lotuscanoe_blk20_pos_d0.450_krea2_seed3141592,P2_lotuscanoe_blk20_pos_d0.450_krea2_seed3141592_00001_.png,"Dreamlike top down fantasy scene viewed from a perfectly vertical overhead camera, looking straight down onto a narrow weathered wooden canoe drifting through a vast deep lotus pond. The entire canoe is visible and positioned near the center, surrounded by immense round lotus leaves in many sizes. Inside, a young woman sleeps peacefully on her back along the length of the boat. Her head is turned gently to one side, long dark wavy hair spread across the wooden boards. One arm bends above her head while the other rests across her torso holding a small closed book. She wears a flowing ivory dress with soft layered fabric cascading around her legs, her bare feet visible near the stern. Pale pink lotus blossoms and buds emerge between dense emerald leaves. A luminous turquoise opening in the vegetation surrounds the canoe, revealing clear water, submerged rocks and delicate caustic light patterns below. The pond becomes progressively darker toward the edges, shifting into deep teal, petrol and midnight blue. Refined fantasy illustration, smooth painterly digital brushwork, rich botanical detail, softly modeled forms, subtle luminous highlights, atmospheric depth, elegant color transitions, tranquil magical light, serene and mysterious, award winning, a breathtaking masterpiece",Real Value,euler_ancestral,simple,9,1.0,1.0,1024,1280
101,perturbation,blk21_neg_d0.450,21,0.450,neg,,P2_lotuscanoe,3141592,"{""21"": -0.45}","0.000,0.000,0.000,0.000,0.000,0.000,0.000,0.000,0.000,0.000,0.000,0.000,0.000,0.000,0.000,0.000,0.000,0.000,0.000,0.000,0.000,-0.450,0.000,0.000,0.000,0.000,0.000,0.000,0.000,0.000,0.000,0.000,0.000,0.000",P2_lotuscanoe_blk21_neg_d0.450_krea2_seed3141592,P2_lotuscanoe_blk21_neg_d0.450_krea2_seed3141592_00001_.png,"Dreamlike top down fantasy scene viewed from a perfectly vertical overhead camera, looking straight down onto a narrow weathered wooden canoe drifting through a vast deep lotus pond. The entire canoe is visible and positioned near the center, surrounded by immense round lotus leaves in many sizes. Inside, a young woman sleeps peacefully on her back along the length of the boat. Her head is turned gently to one side, long dark wavy hair spread across the wooden boards. One arm bends above her head while the other rests across her torso holding a small closed book. She wears a flowing ivory dress with soft layered fabric cascading around her legs, her bare feet visible near the stern. Pale pink lotus blossoms and buds emerge between dense emerald leaves. A luminous turquoise opening in the vegetation surrounds the canoe, revealing clear water, submerged rocks and delicate caustic light patterns below. The pond becomes progressively darker toward the edges, shifting into deep teal, petrol and midnight blue. Refined fantasy illustration, smooth painterly digital brushwork, rich botanical detail, softly modeled forms, subtle luminous highlights, atmospheric depth, elegant color transitions, tranquil magical light, serene and mysterious, award winning, a breathtaking masterpiece",Real Value,euler_ancestral,simple,9,1.0,1.0,1024,1280
102,perturbation,blk21_pos_d0.250,21,0.250,pos,,P2_lotuscanoe,3141592,"{""21"": 0.25}","0.000,0.000,0.000,0.000,0.000,0.000,0.000,0.000,0.000,0.000,0.000,0.000,0.000,0.000,0.000,0.000,0.000,0.000,0.000,0.000,0.000,0.250,0.000,0.000,0.000,0.000,0.000,0.000,0.000,0.000,0.000,0.000,0.000,0.000",P2_lotuscanoe_blk21_pos_d0.250_krea2_seed3141592,P2_lotuscanoe_blk21_pos_d0.250_krea2_seed3141592_00001_.png,"Dreamlike top down fantasy scene viewed from a perfectly vertical overhead camera, looking straight down onto a narrow weathered wooden canoe drifting through a vast deep lotus pond. The entire canoe is visible and positioned near the center, surrounded by immense round lotus leaves in many sizes. Inside, a young woman sleeps peacefully on her back along the length of the boat. Her head is turned gently to one side, long dark wavy hair spread across the wooden boards. One arm bends above her head while the other rests across her torso holding a small closed book. She wears a flowing ivory dress with soft layered fabric cascading around her legs, her bare feet visible near the stern. Pale pink lotus blossoms and buds emerge between dense emerald leaves. A luminous turquoise opening in the vegetation surrounds the canoe, revealing clear water, submerged rocks and delicate caustic light patterns below. The pond becomes progressively darker toward the edges, shifting into deep teal, petrol and midnight blue. Refined fantasy illustration, smooth painterly digital brushwork, rich botanical detail, softly modeled forms, subtle luminous highlights, atmospheric depth, elegant color transitions, tranquil magical light, serene and mysterious, award winning, a breathtaking masterpiece",Real Value,euler_ancestral,simple,9,1.0,1.0,1024,1280
103,perturbation,blk22_neg_d0.450,22,0.450,neg,,P2_lotuscanoe,3141592,"{""22"": -0.45}","0.000,0.000,0.000,0.000,0.000,0.000,0.000,0.000,0.000,0.000,0.000,0.000,0.000,0.000,0.000,0.000,0.000,0.000,0.000,0.000,0.000,0.000,-0.450,0.000,0.000,0.000,0.000,0.000,0.000,0.000,0.000,0.000,0.000,0.000",P2_lotuscanoe_blk22_neg_d0.450_krea2_seed3141592,P2_lotuscanoe_blk22_neg_d0.450_krea2_seed3141592_00001_.png,"Dreamlike top down fantasy scene viewed from a perfectly vertical overhead camera, looking straight down onto a narrow weathered wooden canoe drifting through a vast deep lotus pond. The entire canoe is visible and positioned near the center, surrounded by immense round lotus leaves in many sizes. Inside, a young woman sleeps peacefully on her back along the length of the boat. Her head is turned gently to one side, long dark wavy hair spread across the wooden boards. One arm bends above her head while the other rests across her torso holding a small closed book. She wears a flowing ivory dress with soft layered fabric cascading around her legs, her bare feet visible near the stern. Pale pink lotus blossoms and buds emerge between dense emerald leaves. A luminous turquoise opening in the vegetation surrounds the canoe, revealing clear water, submerged rocks and delicate caustic light patterns below. The pond becomes progressively darker toward the edges, shifting into deep teal, petrol and midnight blue. Refined fantasy illustration, smooth painterly digital brushwork, rich botanical detail, softly modeled forms, subtle luminous highlights, atmospheric depth, elegant color transitions, tranquil magical light, serene and mysterious, award winning, a breathtaking masterpiece",Real Value,euler_ancestral,simple,9,1.0,1.0,1024,1280
104,perturbation,blk22_pos_d0.250,22,0.250,pos,,P2_lotuscanoe,3141592,"{""22"": 0.25}","0.000,0.000,0.000,0.000,0.000,0.000,0.000,0.000,0.000,0.000,0.000,0.000,0.000,0.000,0.000,0.000,0.000,0.000,0.000,0.000,0.000,0.000,0.250,0.000,0.000,0.000,0.000,0.000,0.000,0.000,0.000,0.000,0.000,0.000",P2_lotuscanoe_blk22_pos_d0.250_krea2_seed3141592,P2_lotuscanoe_blk22_pos_d0.250_krea2_seed3141592_00001_.png,"Dreamlike top down fantasy scene viewed from a perfectly vertical overhead camera, looking straight down onto a narrow weathered wooden canoe drifting through a vast deep lotus pond. The entire canoe is visible and positioned near the center, surrounded by immense round lotus leaves in many sizes. Inside, a young woman sleeps peacefully on her back along the length of the boat. Her head is turned gently to one side, long dark wavy hair spread across the wooden boards. One arm bends above her head while the other rests across her torso holding a small closed book. She wears a flowing ivory dress with soft layered fabric cascading around her legs, her bare feet visible near the stern. Pale pink lotus blossoms and buds emerge between dense emerald leaves. A luminous turquoise opening in the vegetation surrounds the canoe, revealing clear water, submerged rocks and delicate caustic light patterns below. The pond becomes progressively darker toward the edges, shifting into deep teal, petrol and midnight blue. Refined fantasy illustration, smooth painterly digital brushwork, rich botanical detail, softly modeled forms, subtle luminous highlights, atmospheric depth, elegant color transitions, tranquil magical light, serene and mysterious, award winning, a breathtaking masterpiece",Real Value,euler_ancestral,simple,9,1.0,1.0,1024,1280
105,perturbation,blk23_neg_d0.300,23,0.300,neg,,P2_lotuscanoe,3141592,"{""23"": -0.3}","0.000,0.000,0.000,0.000,0.000,0.000,0.000,0.000,0.000,0.000,0.000,0.000,0.000,0.000,0.000,0.000,0.000,0.000,0.000,0.000,0.000,0.000,0.000,-0.300,0.000,0.000,0.000,0.000,0.000,0.000,0.000,0.000,0.000,0.000",P2_lotuscanoe_blk23_neg_d0.300_krea2_seed3141592,P2_lotuscanoe_blk23_neg_d0.300_krea2_seed3141592_00001_.png,"Dreamlike top down fantasy scene viewed from a perfectly vertical overhead camera, looking straight down onto a narrow weathered wooden canoe drifting through a vast deep lotus pond. The entire canoe is visible and positioned near the center, surrounded by immense round lotus leaves in many sizes. Inside, a young woman sleeps peacefully on her back along the length of the boat. Her head is turned gently to one side, long dark wavy hair spread across the wooden boards. One arm bends above her head while the other rests across her torso holding a small closed book. She wears a flowing ivory dress with soft layered fabric cascading around her legs, her bare feet visible near the stern. Pale pink lotus blossoms and buds emerge between dense emerald leaves. A luminous turquoise opening in the vegetation surrounds the canoe, revealing clear water, submerged rocks and delicate caustic light patterns below. The pond becomes progressively darker toward the edges, shifting into deep teal, petrol and midnight blue. Refined fantasy illustration, smooth painterly digital brushwork, rich botanical detail, softly modeled forms, subtle luminous highlights, atmospheric depth, elegant color transitions, tranquil magical light, serene and mysterious, award winning, a breathtaking masterpiece",Real Value,euler_ancestral,simple,9,1.0,1.0,1024,1280
106,perturbation,blk23_pos_d0.300,23,0.300,pos,,P2_lotuscanoe,3141592,"{""23"": 0.3}","0.000,0.000,0.000,0.000,0.000,0.000,0.000,0.000,0.000,0.000,0.000,0.000,0.000,0.000,0.000,0.000,0.000,0.000,0.000,0.000,0.000,0.000,0.000,0.300,0.000,0.000,0.000,0.000,0.000,0.000,0.000,0.000,0.000,0.000",P2_lotuscanoe_blk23_pos_d0.300_krea2_seed3141592,P2_lotuscanoe_blk23_pos_d0.300_krea2_seed3141592_00001_.png,"Dreamlike top down fantasy scene viewed from a perfectly vertical overhead camera, looking straight down onto a narrow weathered wooden canoe drifting through a vast deep lotus pond. The entire canoe is visible and positioned near the center, surrounded by immense round lotus leaves in many sizes. Inside, a young woman sleeps peacefully on her back along the length of the boat. Her head is turned gently to one side, long dark wavy hair spread across the wooden boards. One arm bends above her head while the other rests across her torso holding a small closed book. She wears a flowing ivory dress with soft layered fabric cascading around her legs, her bare feet visible near the stern. Pale pink lotus blossoms and buds emerge between dense emerald leaves. A luminous turquoise opening in the vegetation surrounds the canoe, revealing clear water, submerged rocks and delicate caustic light patterns below. The pond becomes progressively darker toward the edges, shifting into deep teal, petrol and midnight blue. Refined fantasy illustration, smooth painterly digital brushwork, rich botanical detail, softly modeled forms, subtle luminous highlights, atmospheric depth, elegant color transitions, tranquil magical light, serene and mysterious, award winning, a breathtaking masterpiece",Real Value,euler_ancestral,simple,9,1.0,1.0,1024,1280
107,perturbation,blk24_neg_d0.400,24,0.400,neg,,P2_lotuscanoe,3141592,"{""24"": -0.4}","0.000,0.000,0.000,0.000,0.000,0.000,0.000,0.000,0.000,0.000,0.000,0.000,0.000,0.000,0.000,0.000,0.000,0.000,0.000,0.000,0.000,0.000,0.000,0.000,-0.400,0.000,0.000,0.000,0.000,0.000,0.000,0.000,0.000,0.000",P2_lotuscanoe_blk24_neg_d0.400_krea2_seed3141592,P2_lotuscanoe_blk24_neg_d0.400_krea2_seed3141592_00001_.png,"Dreamlike top down fantasy scene viewed from a perfectly vertical overhead camera, looking straight down onto a narrow weathered wooden canoe drifting through a vast deep lotus pond. The entire canoe is visible and positioned near the center, surrounded by immense round lotus leaves in many sizes. Inside, a young woman sleeps peacefully on her back along the length of the boat. Her head is turned gently to one side, long dark wavy hair spread across the wooden boards. One arm bends above her head while the other rests across her torso holding a small closed book. She wears a flowing ivory dress with soft layered fabric cascading around her legs, her bare feet visible near the stern. Pale pink lotus blossoms and buds emerge between dense emerald leaves. A luminous turquoise opening in the vegetation surrounds the canoe, revealing clear water, submerged rocks and delicate caustic light patterns below. The pond becomes progressively darker toward the edges, shifting into deep teal, petrol and midnight blue. Refined fantasy illustration, smooth painterly digital brushwork, rich botanical detail, softly modeled forms, subtle luminous highlights, atmospheric depth, elegant color transitions, tranquil magical light, serene and mysterious, award winning, a breathtaking masterpiece",Real Value,euler_ancestral,simple,9,1.0,1.0,1024,1280
108,perturbation,blk24_pos_d0.200,24,0.200,pos,,P2_lotuscanoe,3141592,"{""24"": 0.2}","0.000,0.000,0.000,0.000,0.000,0.000,0.000,0.000,0.000,0.000,0.000,0.000,0.000,0.000,0.000,0.000,0.000,0.000,0.000,0.000,0.000,0.000,0.000,0.000,0.200,0.000,0.000,0.000,0.000,0.000,0.000,0.000,0.000,0.000",P2_lotuscanoe_blk24_pos_d0.200_krea2_seed3141592,P2_lotuscanoe_blk24_pos_d0.200_krea2_seed3141592_00001_.png,"Dreamlike top down fantasy scene viewed from a perfectly vertical overhead camera, looking straight down onto a narrow weathered wooden canoe drifting through a vast deep lotus pond. The entire canoe is visible and positioned near the center, surrounded by immense round lotus leaves in many sizes. Inside, a young woman sleeps peacefully on her back along the length of the boat. Her head is turned gently to one side, long dark wavy hair spread across the wooden boards. One arm bends above her head while the other rests across her torso holding a small closed book. She wears a flowing ivory dress with soft layered fabric cascading around her legs, her bare feet visible near the stern. Pale pink lotus blossoms and buds emerge between dense emerald leaves. A luminous turquoise opening in the vegetation surrounds the canoe, revealing clear water, submerged rocks and delicate caustic light patterns below. The pond becomes progressively darker toward the edges, shifting into deep teal, petrol and midnight blue. Refined fantasy illustration, smooth painterly digital brushwork, rich botanical detail, softly modeled forms, subtle luminous highlights, atmospheric depth, elegant color transitions, tranquil magical light, serene and mysterious, award winning, a breathtaking masterpiece",Real Value,euler_ancestral,simple,9,1.0,1.0,1024,1280
109,perturbation,blk25_neg_d0.450,25,0.450,neg,,P2_lotuscanoe,3141592,"{""25"": -0.45}","0.000,0.000,0.000,0.000,0.000,0.000,0.000,0.000,0.000,0.000,0.000,0.000,0.000,0.000,0.000,0.000,0.000,0.000,0.000,0.000,0.000,0.000,0.000,0.000,0.000,-0.450,0.000,0.000,0.000,0.000,0.000,0.000,0.000,0.000",P2_lotuscanoe_blk25_neg_d0.450_krea2_seed3141592,P2_lotuscanoe_blk25_neg_d0.450_krea2_seed3141592_00001_.png,"Dreamlike top down fantasy scene viewed from a perfectly vertical overhead camera, looking straight down onto a narrow weathered wooden canoe drifting through a vast deep lotus pond. The entire canoe is visible and positioned near the center, surrounded by immense round lotus leaves in many sizes. Inside, a young woman sleeps peacefully on her back along the length of the boat. Her head is turned gently to one side, long dark wavy hair spread across the wooden boards. One arm bends above her head while the other rests across her torso holding a small closed book. She wears a flowing ivory dress with soft layered fabric cascading around her legs, her bare feet visible near the stern. Pale pink lotus blossoms and buds emerge between dense emerald leaves. A luminous turquoise opening in the vegetation surrounds the canoe, revealing clear water, submerged rocks and delicate caustic light patterns below. The pond becomes progressively darker toward the edges, shifting into deep teal, petrol and midnight blue. Refined fantasy illustration, smooth painterly digital brushwork, rich botanical detail, softly modeled forms, subtle luminous highlights, atmospheric depth, elegant color transitions, tranquil magical light, serene and mysterious, award winning, a breathtaking masterpiece",Real Value,euler_ancestral,simple,9,1.0,1.0,1024,1280
110,perturbation,blk25_pos_d0.250,25,0.250,pos,,P2_lotuscanoe,3141592,"{""25"": 0.25}","0.000,0.000,0.000,0.000,0.000,0.000,0.000,0.000,0.000,0.000,0.000,0.000,0.000,0.000,0.000,0.000,0.000,0.000,0.000,0.000,0.000,0.000,0.000,0.000,0.000,0.250,0.000,0.000,0.000,0.000,0.000,0.000,0.000,0.000",P2_lotuscanoe_blk25_pos_d0.250_krea2_seed3141592,P2_lotuscanoe_blk25_pos_d0.250_krea2_seed3141592_00001_.png,"Dreamlike top down fantasy scene viewed from a perfectly vertical overhead camera, looking straight down onto a narrow weathered wooden canoe drifting through a vast deep lotus pond. The entire canoe is visible and positioned near the center, surrounded by immense round lotus leaves in many sizes. Inside, a young woman sleeps peacefully on her back along the length of the boat. Her head is turned gently to one side, long dark wavy hair spread across the wooden boards. One arm bends above her head while the other rests across her torso holding a small closed book. She wears a flowing ivory dress with soft layered fabric cascading around her legs, her bare feet visible near the stern. Pale pink lotus blossoms and buds emerge between dense emerald leaves. A luminous turquoise opening in the vegetation surrounds the canoe, revealing clear water, submerged rocks and delicate caustic light patterns below. The pond becomes progressively darker toward the edges, shifting into deep teal, petrol and midnight blue. Refined fantasy illustration, smooth painterly digital brushwork, rich botanical detail, softly modeled forms, subtle luminous highlights, atmospheric depth, elegant color transitions, tranquil magical light, serene and mysterious, award winning, a breathtaking masterpiece",Real Value,euler_ancestral,simple,9,1.0,1.0,1024,1280
111,perturbation,blk26_neg_d0.250,26,0.250,neg,,P2_lotuscanoe,3141592,"{""26"": -0.25}","0.000,0.000,0.000,0.000,0.000,0.000,0.000,0.000,0.000,0.000,0.000,0.000,0.000,0.000,0.000,0.000,0.000,0.000,0.000,0.000,0.000,0.000,0.000,0.000,0.000,0.000,-0.250,0.000,0.000,0.000,0.000,0.000,0.000,0.000",P2_lotuscanoe_blk26_neg_d0.250_krea2_seed3141592,P2_lotuscanoe_blk26_neg_d0.250_krea2_seed3141592_00001_.png,"Dreamlike top down fantasy scene viewed from a perfectly vertical overhead camera, looking straight down onto a narrow weathered wooden canoe drifting through a vast deep lotus pond. The entire canoe is visible and positioned near the center, surrounded by immense round lotus leaves in many sizes. Inside, a young woman sleeps peacefully on her back along the length of the boat. Her head is turned gently to one side, long dark wavy hair spread across the wooden boards. One arm bends above her head while the other rests across her torso holding a small closed book. She wears a flowing ivory dress with soft layered fabric cascading around her legs, her bare feet visible near the stern. Pale pink lotus blossoms and buds emerge between dense emerald leaves. A luminous turquoise opening in the vegetation surrounds the canoe, revealing clear water, submerged rocks and delicate caustic light patterns below. The pond becomes progressively darker toward the edges, shifting into deep teal, petrol and midnight blue. Refined fantasy illustration, smooth painterly digital brushwork, rich botanical detail, softly modeled forms, subtle luminous highlights, atmospheric depth, elegant color transitions, tranquil magical light, serene and mysterious, award winning, a breathtaking masterpiece",Real Value,euler_ancestral,simple,9,1.0,1.0,1024,1280
112,perturbation,blk26_pos_d0.150,26,0.150,pos,,P2_lotuscanoe,3141592,"{""26"": 0.15}","0.000,0.000,0.000,0.000,0.000,0.000,0.000,0.000,0.000,0.000,0.000,0.000,0.000,0.000,0.000,0.000,0.000,0.000,0.000,0.000,0.000,0.000,0.000,0.000,0.000,0.000,0.150,0.000,0.000,0.000,0.000,0.000,0.000,0.000",P2_lotuscanoe_blk26_pos_d0.150_krea2_seed3141592,P2_lotuscanoe_blk26_pos_d0.150_krea2_seed3141592_00001_.png,"Dreamlike top down fantasy scene viewed from a perfectly vertical overhead camera, looking straight down onto a narrow weathered wooden canoe drifting through a vast deep lotus pond. The entire canoe is visible and positioned near the center, surrounded by immense round lotus leaves in many sizes. Inside, a young woman sleeps peacefully on her back along the length of the boat. Her head is turned gently to one side, long dark wavy hair spread across the wooden boards. One arm bends above her head while the other rests across her torso holding a small closed book. She wears a flowing ivory dress with soft layered fabric cascading around her legs, her bare feet visible near the stern. Pale pink lotus blossoms and buds emerge between dense emerald leaves. A luminous turquoise opening in the vegetation surrounds the canoe, revealing clear water, submerged rocks and delicate caustic light patterns below. The pond becomes progressively darker toward the edges, shifting into deep teal, petrol and midnight blue. Refined fantasy illustration, smooth painterly digital brushwork, rich botanical detail, softly modeled forms, subtle luminous highlights, atmospheric depth, elegant color transitions, tranquil magical light, serene and mysterious, award winning, a breathtaking masterpiece",Real Value,euler_ancestral,simple,9,1.0,1.0,1024,1280
113,perturbation,blk27_neg_d0.250,27,0.250,neg,,P2_lotuscanoe,3141592,"{""27"": -0.25}","0.000,0.000,0.000,0.000,0.000,0.000,0.000,0.000,0.000,0.000,0.000,0.000,0.000,0.000,0.000,0.000,0.000,0.000,0.000,0.000,0.000,0.000,0.000,0.000,0.000,0.000,0.000,-0.250,0.000,0.000,0.000,0.000,0.000,0.000",P2_lotuscanoe_blk27_neg_d0.250_krea2_seed3141592,P2_lotuscanoe_blk27_neg_d0.250_krea2_seed3141592_00001_.png,"Dreamlike top down fantasy scene viewed from a perfectly vertical overhead camera, looking straight down onto a narrow weathered wooden canoe drifting through a vast deep lotus pond. The entire canoe is visible and positioned near the center, surrounded by immense round lotus leaves in many sizes. Inside, a young woman sleeps peacefully on her back along the length of the boat. Her head is turned gently to one side, long dark wavy hair spread across the wooden boards. One arm bends above her head while the other rests across her torso holding a small closed book. She wears a flowing ivory dress with soft layered fabric cascading around her legs, her bare feet visible near the stern. Pale pink lotus blossoms and buds emerge between dense emerald leaves. A luminous turquoise opening in the vegetation surrounds the canoe, revealing clear water, submerged rocks and delicate caustic light patterns below. The pond becomes progressively darker toward the edges, shifting into deep teal, petrol and midnight blue. Refined fantasy illustration, smooth painterly digital brushwork, rich botanical detail, softly modeled forms, subtle luminous highlights, atmospheric depth, elegant color transitions, tranquil magical light, serene and mysterious, award winning, a breathtaking masterpiece",Real Value,euler_ancestral,simple,9,1.0,1.0,1024,1280
114,perturbation,blk27_pos_d0.050,27,0.050,pos,,P2_lotuscanoe,3141592,"{""27"": 0.05}","0.000,0.000,0.000,0.000,0.000,0.000,0.000,0.000,0.000,0.000,0.000,0.000,0.000,0.000,0.000,0.000,0.000,0.000,0.000,0.000,0.000,0.000,0.000,0.000,0.000,0.000,0.000,0.050,0.000,0.000,0.000,0.000,0.000,0.000",P2_lotuscanoe_blk27_pos_d0.050_krea2_seed3141592,P2_lotuscanoe_blk27_pos_d0.050_krea2_seed3141592_00001_.png,"Dreamlike top down fantasy scene viewed from a perfectly vertical overhead camera, looking straight down onto a narrow weathered wooden canoe drifting through a vast deep lotus pond. The entire canoe is visible and positioned near the center, surrounded by immense round lotus leaves in many sizes. Inside, a young woman sleeps peacefully on her back along the length of the boat. Her head is turned gently to one side, long dark wavy hair spread across the wooden boards. One arm bends above her head while the other rests across her torso holding a small closed book. She wears a flowing ivory dress with soft layered fabric cascading around her legs, her bare feet visible near the stern. Pale pink lotus blossoms and buds emerge between dense emerald leaves. A luminous turquoise opening in the vegetation surrounds the canoe, revealing clear water, submerged rocks and delicate caustic light patterns below. The pond becomes progressively darker toward the edges, shifting into deep teal, petrol and midnight blue. Refined fantasy illustration, smooth painterly digital brushwork, rich botanical detail, softly modeled forms, subtle luminous highlights, atmospheric depth, elegant color transitions, tranquil magical light, serene and mysterious, award winning, a breathtaking masterpiece",Real Value,euler_ancestral,simple,9,1.0,1.0,1024,1280
115,baseline,baseline,,0.000,,,P3_archerforest,3141592,{},,P3_archerforest_baseline_krea2_seed3141592,P3_archerforest_baseline_krea2_seed3141592_00001_.png,"A young adult female, appearing of Caucasian ethnicity, with brown hair and piercing, focused eyes, crouches low amidst dense evergreen foliage. She wears a dark grey hood obscuring some of her hair, a vibrant crimson cloak draped over her shoulders, and earthy brown trousers. Her attire includes a dark tunic and leather bracers on her forearms, adorned with metal studs. Dirt smudges mark her arms and face, suggesting a wilderness survivalist. She firmly grips a wooden bow, an arrow nocked and its feather fletching visible, her posture tense and alert. Her expression is one of intense concentration and stealth. The environment is a dark, natural forest setting, with thick pine branches and textured bark in the foreground and background. The lighting is dim and dappled, creating dramatic shadows and highlighting her form with a subtle, mystical glow. The overall mood is suspenseful and wild, with a realistic, painterly style reminiscent of fantasy concept art. The composition is a medium close-up, capturing her action and intense gaze, viewed from a slightly low angle. The texture is pronounced, with visible brushstrokes and traces of paint that imitate the painting process using layered tones. Loose, energetic brushstrokes create a sense of movement and action. A sense of depth is achieved through varying densities of brushstrokes. The painting style resembles abstract realism and impressionism. Soft shadows and highlights reflect every detail and give the scene volume.",Real Value,euler_ancestral,simple,9,1.0,1.0,1024,1280
116,perturbation,blk00_neg_d0.200,0,0.200,neg,,P3_archerforest,3141592,"{""0"": -0.2}","-0.200,0.000,0.000,0.000,0.000,0.000,0.000,0.000,0.000,0.000,0.000,0.000,0.000,0.000,0.000,0.000,0.000,0.000,0.000,0.000,0.000,0.000,0.000,0.000,0.000,0.000,0.000,0.000,0.000,0.000,0.000,0.000,0.000,0.000",P3_archerforest_blk00_neg_d0.200_krea2_seed3141592,P3_archerforest_blk00_neg_d0.200_krea2_seed3141592_00001_.png,"A young adult female, appearing of Caucasian ethnicity, with brown hair and piercing, focused eyes, crouches low amidst dense evergreen foliage. She wears a dark grey hood obscuring some of her hair, a vibrant crimson cloak draped over her shoulders, and earthy brown trousers. Her attire includes a dark tunic and leather bracers on her forearms, adorned with metal studs. Dirt smudges mark her arms and face, suggesting a wilderness survivalist. She firmly grips a wooden bow, an arrow nocked and its feather fletching visible, her posture tense and alert. Her expression is one of intense concentration and stealth. The environment is a dark, natural forest setting, with thick pine branches and textured bark in the foreground and background. The lighting is dim and dappled, creating dramatic shadows and highlighting her form with a subtle, mystical glow. The overall mood is suspenseful and wild, with a realistic, painterly style reminiscent of fantasy concept art. The composition is a medium close-up, capturing her action and intense gaze, viewed from a slightly low angle. The texture is pronounced, with visible brushstrokes and traces of paint that imitate the painting process using layered tones. Loose, energetic brushstrokes create a sense of movement and action. A sense of depth is achieved through varying densities of brushstrokes. The painting style resembles abstract realism and impressionism. Soft shadows and highlights reflect every detail and give the scene volume.",Real Value,euler_ancestral,simple,9,1.0,1.0,1024,1280
117,perturbation,blk00_pos_d0.250,0,0.250,pos,,P3_archerforest,3141592,"{""0"": 0.25}","0.250,0.000,0.000,0.000,0.000,0.000,0.000,0.000,0.000,0.000,0.000,0.000,0.000,0.000,0.000,0.000,0.000,0.000,0.000,0.000,0.000,0.000,0.000,0.000,0.000,0.000,0.000,0.000,0.000,0.000,0.000,0.000,0.000,0.000",P3_archerforest_blk00_pos_d0.250_krea2_seed3141592,P3_archerforest_blk00_pos_d0.250_krea2_seed3141592_00001_.png,"A young adult female, appearing of Caucasian ethnicity, with brown hair and piercing, focused eyes, crouches low amidst dense evergreen foliage. She wears a dark grey hood obscuring some of her hair, a vibrant crimson cloak draped over her shoulders, and earthy brown trousers. Her attire includes a dark tunic and leather bracers on her forearms, adorned with metal studs. Dirt smudges mark her arms and face, suggesting a wilderness survivalist. She firmly grips a wooden bow, an arrow nocked and its feather fletching visible, her posture tense and alert. Her expression is one of intense concentration and stealth. The environment is a dark, natural forest setting, with thick pine branches and textured bark in the foreground and background. The lighting is dim and dappled, creating dramatic shadows and highlighting her form with a subtle, mystical glow. The overall mood is suspenseful and wild, with a realistic, painterly style reminiscent of fantasy concept art. The composition is a medium close-up, capturing her action and intense gaze, viewed from a slightly low angle. The texture is pronounced, with visible brushstrokes and traces of paint that imitate the painting process using layered tones. Loose, energetic brushstrokes create a sense of movement and action. A sense of depth is achieved through varying densities of brushstrokes. The painting style resembles abstract realism and impressionism. Soft shadows and highlights reflect every detail and give the scene volume.",Real Value,euler_ancestral,simple,9,1.0,1.0,1024,1280
118,perturbation,blk01_neg_d0.400,1,0.400,neg,,P3_archerforest,3141592,"{""1"": -0.4}","0.000,-0.400,0.000,0.000,0.000,0.000,0.000,0.000,0.000,0.000,0.000,0.000,0.000,0.000,0.000,0.000,0.000,0.000,0.000,0.000,0.000,0.000,0.000,0.000,0.000,0.000,0.000,0.000,0.000,0.000,0.000,0.000,0.000,0.000",P3_archerforest_blk01_neg_d0.400_krea2_seed3141592,P3_archerforest_blk01_neg_d0.400_krea2_seed3141592_00001_.png,"A young adult female, appearing of Caucasian ethnicity, with brown hair and piercing, focused eyes, crouches low amidst dense evergreen foliage. She wears a dark grey hood obscuring some of her hair, a vibrant crimson cloak draped over her shoulders, and earthy brown trousers. Her attire includes a dark tunic and leather bracers on her forearms, adorned with metal studs. Dirt smudges mark her arms and face, suggesting a wilderness survivalist. She firmly grips a wooden bow, an arrow nocked and its feather fletching visible, her posture tense and alert. Her expression is one of intense concentration and stealth. The environment is a dark, natural forest setting, with thick pine branches and textured bark in the foreground and background. The lighting is dim and dappled, creating dramatic shadows and highlighting her form with a subtle, mystical glow. The overall mood is suspenseful and wild, with a realistic, painterly style reminiscent of fantasy concept art. The composition is a medium close-up, capturing her action and intense gaze, viewed from a slightly low angle. The texture is pronounced, with visible brushstrokes and traces of paint that imitate the painting process using layered tones. Loose, energetic brushstrokes create a sense of movement and action. A sense of depth is achieved through varying densities of brushstrokes. The painting style resembles abstract realism and impressionism. Soft shadows and highlights reflect every detail and give the scene volume.",Real Value,euler_ancestral,simple,9,1.0,1.0,1024,1280
119,perturbation,blk01_pos_d0.250,1,0.250,pos,,P3_archerforest,3141592,"{""1"": 0.25}","0.000,0.250,0.000,0.000,0.000,0.000,0.000,0.000,0.000,0.000,0.000,0.000,0.000,0.000,0.000,0.000,0.000,0.000,0.000,0.000,0.000,0.000,0.000,0.000,0.000,0.000,0.000,0.000,0.000,0.000,0.000,0.000,0.000,0.000",P3_archerforest_blk01_pos_d0.250_krea2_seed3141592,P3_archerforest_blk01_pos_d0.250_krea2_seed3141592_00001_.png,"A young adult female, appearing of Caucasian ethnicity, with brown hair and piercing, focused eyes, crouches low amidst dense evergreen foliage. She wears a dark grey hood obscuring some of her hair, a vibrant crimson cloak draped over her shoulders, and earthy brown trousers. Her attire includes a dark tunic and leather bracers on her forearms, adorned with metal studs. Dirt smudges mark her arms and face, suggesting a wilderness survivalist. She firmly grips a wooden bow, an arrow nocked and its feather fletching visible, her posture tense and alert. Her expression is one of intense concentration and stealth. The environment is a dark, natural forest setting, with thick pine branches and textured bark in the foreground and background. The lighting is dim and dappled, creating dramatic shadows and highlighting her form with a subtle, mystical glow. The overall mood is suspenseful and wild, with a realistic, painterly style reminiscent of fantasy concept art. The composition is a medium close-up, capturing her action and intense gaze, viewed from a slightly low angle. The texture is pronounced, with visible brushstrokes and traces of paint that imitate the painting process using layered tones. Loose, energetic brushstrokes create a sense of movement and action. A sense of depth is achieved through varying densities of brushstrokes. The painting style resembles abstract realism and impressionism. Soft shadows and highlights reflect every detail and give the scene volume.",Real Value,euler_ancestral,simple,9,1.0,1.0,1024,1280
120,perturbation,blk02_neg_d0.450,2,0.450,neg,,P3_archerforest,3141592,"{""2"": -0.45}","0.000,0.000,-0.450,0.000,0.000,0.000,0.000,0.000,0.000,0.000,0.000,0.000,0.000,0.000,0.000,0.000,0.000,0.000,0.000,0.000,0.000,0.000,0.000,0.000,0.000,0.000,0.000,0.000,0.000,0.000,0.000,0.000,0.000,0.000",P3_archerforest_blk02_neg_d0.450_krea2_seed3141592,P3_archerforest_blk02_neg_d0.450_krea2_seed3141592_00001_.png,"A young adult female, appearing of Caucasian ethnicity, with brown hair and piercing, focused eyes, crouches low amidst dense evergreen foliage. She wears a dark grey hood obscuring some of her hair, a vibrant crimson cloak draped over her shoulders, and earthy brown trousers. Her attire includes a dark tunic and leather bracers on her forearms, adorned with metal studs. Dirt smudges mark her arms and face, suggesting a wilderness survivalist. She firmly grips a wooden bow, an arrow nocked and its feather fletching visible, her posture tense and alert. Her expression is one of intense concentration and stealth. The environment is a dark, natural forest setting, with thick pine branches and textured bark in the foreground and background. The lighting is dim and dappled, creating dramatic shadows and highlighting her form with a subtle, mystical glow. The overall mood is suspenseful and wild, with a realistic, painterly style reminiscent of fantasy concept art. The composition is a medium close-up, capturing her action and intense gaze, viewed from a slightly low angle. The texture is pronounced, with visible brushstrokes and traces of paint that imitate the painting process using layered tones. Loose, energetic brushstrokes create a sense of movement and action. A sense of depth is achieved through varying densities of brushstrokes. The painting style resembles abstract realism and impressionism. Soft shadows and highlights reflect every detail and give the scene volume.",Real Value,euler_ancestral,simple,9,1.0,1.0,1024,1280
121,perturbation,blk02_pos_d0.400,2,0.400,pos,,P3_archerforest,3141592,"{""2"": 0.4}","0.000,0.000,0.400,0.000,0.000,0.000,0.000,0.000,0.000,0.000,0.000,0.000,0.000,0.000,0.000,0.000,0.000,0.000,0.000,0.000,0.000,0.000,0.000,0.000,0.000,0.000,0.000,0.000,0.000,0.000,0.000,0.000,0.000,0.000",P3_archerforest_blk02_pos_d0.400_krea2_seed3141592,P3_archerforest_blk02_pos_d0.400_krea2_seed3141592_00001_.png,"A young adult female, appearing of Caucasian ethnicity, with brown hair and piercing, focused eyes, crouches low amidst dense evergreen foliage. She wears a dark grey hood obscuring some of her hair, a vibrant crimson cloak draped over her shoulders, and earthy brown trousers. Her attire includes a dark tunic and leather bracers on her forearms, adorned with metal studs. Dirt smudges mark her arms and face, suggesting a wilderness survivalist. She firmly grips a wooden bow, an arrow nocked and its feather fletching visible, her posture tense and alert. Her expression is one of intense concentration and stealth. The environment is a dark, natural forest setting, with thick pine branches and textured bark in the foreground and background. The lighting is dim and dappled, creating dramatic shadows and highlighting her form with a subtle, mystical glow. The overall mood is suspenseful and wild, with a realistic, painterly style reminiscent of fantasy concept art. The composition is a medium close-up, capturing her action and intense gaze, viewed from a slightly low angle. The texture is pronounced, with visible brushstrokes and traces of paint that imitate the painting process using layered tones. Loose, energetic brushstrokes create a sense of movement and action. A sense of depth is achieved through varying densities of brushstrokes. The painting style resembles abstract realism and impressionism. Soft shadows and highlights reflect every detail and give the scene volume.",Real Value,euler_ancestral,simple,9,1.0,1.0,1024,1280
122,perturbation,blk03_neg_d0.550,3,0.550,neg,,P3_archerforest,3141592,"{""3"": -0.55}","0.000,0.000,0.000,-0.550,0.000,0.000,0.000,0.000,0.000,0.000,0.000,0.000,0.000,0.000,0.000,0.000,0.000,0.000,0.000,0.000,0.000,0.000,0.000,0.000,0.000,0.000,0.000,0.000,0.000,0.000,0.000,0.000,0.000,0.000",P3_archerforest_blk03_neg_d0.550_krea2_seed3141592,P3_archerforest_blk03_neg_d0.550_krea2_seed3141592_00001_.png,"A young adult female, appearing of Caucasian ethnicity, with brown hair and piercing, focused eyes, crouches low amidst dense evergreen foliage. She wears a dark grey hood obscuring some of her hair, a vibrant crimson cloak draped over her shoulders, and earthy brown trousers. Her attire includes a dark tunic and leather bracers on her forearms, adorned with metal studs. Dirt smudges mark her arms and face, suggesting a wilderness survivalist. She firmly grips a wooden bow, an arrow nocked and its feather fletching visible, her posture tense and alert. Her expression is one of intense concentration and stealth. The environment is a dark, natural forest setting, with thick pine branches and textured bark in the foreground and background. The lighting is dim and dappled, creating dramatic shadows and highlighting her form with a subtle, mystical glow. The overall mood is suspenseful and wild, with a realistic, painterly style reminiscent of fantasy concept art. The composition is a medium close-up, capturing her action and intense gaze, viewed from a slightly low angle. The texture is pronounced, with visible brushstrokes and traces of paint that imitate the painting process using layered tones. Loose, energetic brushstrokes create a sense of movement and action. A sense of depth is achieved through varying densities of brushstrokes. The painting style resembles abstract realism and impressionism. Soft shadows and highlights reflect every detail and give the scene volume.",Real Value,euler_ancestral,simple,9,1.0,1.0,1024,1280
123,perturbation,blk03_pos_d0.400,3,0.400,pos,,P3_archerforest,3141592,"{""3"": 0.4}","0.000,0.000,0.000,0.400,0.000,0.000,0.000,0.000,0.000,0.000,0.000,0.000,0.000,0.000,0.000,0.000,0.000,0.000,0.000,0.000,0.000,0.000,0.000,0.000,0.000,0.000,0.000,0.000,0.000,0.000,0.000,0.000,0.000,0.000",P3_archerforest_blk03_pos_d0.400_krea2_seed3141592,P3_archerforest_blk03_pos_d0.400_krea2_seed3141592_00001_.png,"A young adult female, appearing of Caucasian ethnicity, with brown hair and piercing, focused eyes, crouches low amidst dense evergreen foliage. She wears a dark grey hood obscuring some of her hair, a vibrant crimson cloak draped over her shoulders, and earthy brown trousers. Her attire includes a dark tunic and leather bracers on her forearms, adorned with metal studs. Dirt smudges mark her arms and face, suggesting a wilderness survivalist. She firmly grips a wooden bow, an arrow nocked and its feather fletching visible, her posture tense and alert. Her expression is one of intense concentration and stealth. The environment is a dark, natural forest setting, with thick pine branches and textured bark in the foreground and background. The lighting is dim and dappled, creating dramatic shadows and highlighting her form with a subtle, mystical glow. The overall mood is suspenseful and wild, with a realistic, painterly style reminiscent of fantasy concept art. The composition is a medium close-up, capturing her action and intense gaze, viewed from a slightly low angle. The texture is pronounced, with visible brushstrokes and traces of paint that imitate the painting process using layered tones. Loose, energetic brushstrokes create a sense of movement and action. A sense of depth is achieved through varying densities of brushstrokes. The painting style resembles abstract realism and impressionism. Soft shadows and highlights reflect every detail and give the scene volume.",Real Value,euler_ancestral,simple,9,1.0,1.0,1024,1280
124,perturbation,blk04_neg_d0.550,4,0.550,neg,,P3_archerforest,3141592,"{""4"": -0.55}","0.000,0.000,0.000,0.000,-0.550,0.000,0.000,0.000,0.000,0.000,0.000,0.000,0.000,0.000,0.000,0.000,0.000,0.000,0.000,0.000,0.000,0.000,0.000,0.000,0.000,0.000,0.000,0.000,0.000,0.000,0.000,0.000,0.000,0.000",P3_archerforest_blk04_neg_d0.550_krea2_seed3141592,P3_archerforest_blk04_neg_d0.550_krea2_seed3141592_00001_.png,"A young adult female, appearing of Caucasian ethnicity, with brown hair and piercing, focused eyes, crouches low amidst dense evergreen foliage. She wears a dark grey hood obscuring some of her hair, a vibrant crimson cloak draped over her shoulders, and earthy brown trousers. Her attire includes a dark tunic and leather bracers on her forearms, adorned with metal studs. Dirt smudges mark her arms and face, suggesting a wilderness survivalist. She firmly grips a wooden bow, an arrow nocked and its feather fletching visible, her posture tense and alert. Her expression is one of intense concentration and stealth. The environment is a dark, natural forest setting, with thick pine branches and textured bark in the foreground and background. The lighting is dim and dappled, creating dramatic shadows and highlighting her form with a subtle, mystical glow. The overall mood is suspenseful and wild, with a realistic, painterly style reminiscent of fantasy concept art. The composition is a medium close-up, capturing her action and intense gaze, viewed from a slightly low angle. The texture is pronounced, with visible brushstrokes and traces of paint that imitate the painting process using layered tones. Loose, energetic brushstrokes create a sense of movement and action. A sense of depth is achieved through varying densities of brushstrokes. The painting style resembles abstract realism and impressionism. Soft shadows and highlights reflect every detail and give the scene volume.",Real Value,euler_ancestral,simple,9,1.0,1.0,1024,1280
125,perturbation,blk04_pos_d0.550,4,0.550,pos,,P3_archerforest,3141592,"{""4"": 0.55}","0.000,0.000,0.000,0.000,0.550,0.000,0.000,0.000,0.000,0.000,0.000,0.000,0.000,0.000,0.000,0.000,0.000,0.000,0.000,0.000,0.000,0.000,0.000,0.000,0.000,0.000,0.000,0.000,0.000,0.000,0.000,0.000,0.000,0.000",P3_archerforest_blk04_pos_d0.550_krea2_seed3141592,P3_archerforest_blk04_pos_d0.550_krea2_seed3141592_00001_.png,"A young adult female, appearing of Caucasian ethnicity, with brown hair and piercing, focused eyes, crouches low amidst dense evergreen foliage. She wears a dark grey hood obscuring some of her hair, a vibrant crimson cloak draped over her shoulders, and earthy brown trousers. Her attire includes a dark tunic and leather bracers on her forearms, adorned with metal studs. Dirt smudges mark her arms and face, suggesting a wilderness survivalist. She firmly grips a wooden bow, an arrow nocked and its feather fletching visible, her posture tense and alert. Her expression is one of intense concentration and stealth. The environment is a dark, natural forest setting, with thick pine branches and textured bark in the foreground and background. The lighting is dim and dappled, creating dramatic shadows and highlighting her form with a subtle, mystical glow. The overall mood is suspenseful and wild, with a realistic, painterly style reminiscent of fantasy concept art. The composition is a medium close-up, capturing her action and intense gaze, viewed from a slightly low angle. The texture is pronounced, with visible brushstrokes and traces of paint that imitate the painting process using layered tones. Loose, energetic brushstrokes create a sense of movement and action. A sense of depth is achieved through varying densities of brushstrokes. The painting style resembles abstract realism and impressionism. Soft shadows and highlights reflect every detail and give the scene volume.",Real Value,euler_ancestral,simple,9,1.0,1.0,1024,1280
126,perturbation,blk05_neg_d0.550,5,0.550,neg,,P3_archerforest,3141592,"{""5"": -0.55}","0.000,0.000,0.000,0.000,0.000,-0.550,0.000,0.000,0.000,0.000,0.000,0.000,0.000,0.000,0.000,0.000,0.000,0.000,0.000,0.000,0.000,0.000,0.000,0.000,0.000,0.000,0.000,0.000,0.000,0.000,0.000,0.000,0.000,0.000",P3_archerforest_blk05_neg_d0.550_krea2_seed3141592,P3_archerforest_blk05_neg_d0.550_krea2_seed3141592_00001_.png,"A young adult female, appearing of Caucasian ethnicity, with brown hair and piercing, focused eyes, crouches low amidst dense evergreen foliage. She wears a dark grey hood obscuring some of her hair, a vibrant crimson cloak draped over her shoulders, and earthy brown trousers. Her attire includes a dark tunic and leather bracers on her forearms, adorned with metal studs. Dirt smudges mark her arms and face, suggesting a wilderness survivalist. She firmly grips a wooden bow, an arrow nocked and its feather fletching visible, her posture tense and alert. Her expression is one of intense concentration and stealth. The environment is a dark, natural forest setting, with thick pine branches and textured bark in the foreground and background. The lighting is dim and dappled, creating dramatic shadows and highlighting her form with a subtle, mystical glow. The overall mood is suspenseful and wild, with a realistic, painterly style reminiscent of fantasy concept art. The composition is a medium close-up, capturing her action and intense gaze, viewed from a slightly low angle. The texture is pronounced, with visible brushstrokes and traces of paint that imitate the painting process using layered tones. Loose, energetic brushstrokes create a sense of movement and action. A sense of depth is achieved through varying densities of brushstrokes. The painting style resembles abstract realism and impressionism. Soft shadows and highlights reflect every detail and give the scene volume.",Real Value,euler_ancestral,simple,9,1.0,1.0,1024,1280
127,perturbation,blk05_pos_d0.550,5,0.550,pos,,P3_archerforest,3141592,"{""5"": 0.55}","0.000,0.000,0.000,0.000,0.000,0.550,0.000,0.000,0.000,0.000,0.000,0.000,0.000,0.000,0.000,0.000,0.000,0.000,0.000,0.000,0.000,0.000,0.000,0.000,0.000,0.000,0.000,0.000,0.000,0.000,0.000,0.000,0.000,0.000",P3_archerforest_blk05_pos_d0.550_krea2_seed3141592,P3_archerforest_blk05_pos_d0.550_krea2_seed3141592_00001_.png,"A young adult female, appearing of Caucasian ethnicity, with brown hair and piercing, focused eyes, crouches low amidst dense evergreen foliage. She wears a dark grey hood obscuring some of her hair, a vibrant crimson cloak draped over her shoulders, and earthy brown trousers. Her attire includes a dark tunic and leather bracers on her forearms, adorned with metal studs. Dirt smudges mark her arms and face, suggesting a wilderness survivalist. She firmly grips a wooden bow, an arrow nocked and its feather fletching visible, her posture tense and alert. Her expression is one of intense concentration and stealth. The environment is a dark, natural forest setting, with thick pine branches and textured bark in the foreground and background. The lighting is dim and dappled, creating dramatic shadows and highlighting her form with a subtle, mystical glow. The overall mood is suspenseful and wild, with a realistic, painterly style reminiscent of fantasy concept art. The composition is a medium close-up, capturing her action and intense gaze, viewed from a slightly low angle. The texture is pronounced, with visible brushstrokes and traces of paint that imitate the painting process using layered tones. Loose, energetic brushstrokes create a sense of movement and action. A sense of depth is achieved through varying densities of brushstrokes. The painting style resembles abstract realism and impressionism. Soft shadows and highlights reflect every detail and give the scene volume.",Real Value,euler_ancestral,simple,9,1.0,1.0,1024,1280
128,perturbation,blk06_neg_d0.550,6,0.550,neg,,P3_archerforest,3141592,"{""6"": -0.55}","0.000,0.000,0.000,0.000,0.000,0.000,-0.550,0.000,0.000,0.000,0.000,0.000,0.000,0.000,0.000,0.000,0.000,0.000,0.000,0.000,0.000,0.000,0.000,0.000,0.000,0.000,0.000,0.000,0.000,0.000,0.000,0.000,0.000,0.000",P3_archerforest_blk06_neg_d0.550_krea2_seed3141592,P3_archerforest_blk06_neg_d0.550_krea2_seed3141592_00001_.png,"A young adult female, appearing of Caucasian ethnicity, with brown hair and piercing, focused eyes, crouches low amidst dense evergreen foliage. She wears a dark grey hood obscuring some of her hair, a vibrant crimson cloak draped over her shoulders, and earthy brown trousers. Her attire includes a dark tunic and leather bracers on her forearms, adorned with metal studs. Dirt smudges mark her arms and face, suggesting a wilderness survivalist. She firmly grips a wooden bow, an arrow nocked and its feather fletching visible, her posture tense and alert. Her expression is one of intense concentration and stealth. The environment is a dark, natural forest setting, with thick pine branches and textured bark in the foreground and background. The lighting is dim and dappled, creating dramatic shadows and highlighting her form with a subtle, mystical glow. The overall mood is suspenseful and wild, with a realistic, painterly style reminiscent of fantasy concept art. The composition is a medium close-up, capturing her action and intense gaze, viewed from a slightly low angle. The texture is pronounced, with visible brushstrokes and traces of paint that imitate the painting process using layered tones. Loose, energetic brushstrokes create a sense of movement and action. A sense of depth is achieved through varying densities of brushstrokes. The painting style resembles abstract realism and impressionism. Soft shadows and highlights reflect every detail and give the scene volume.",Real Value,euler_ancestral,simple,9,1.0,1.0,1024,1280
129,perturbation,blk06_pos_d0.550,6,0.550,pos,,P3_archerforest,3141592,"{""6"": 0.55}","0.000,0.000,0.000,0.000,0.000,0.000,0.550,0.000,0.000,0.000,0.000,0.000,0.000,0.000,0.000,0.000,0.000,0.000,0.000,0.000,0.000,0.000,0.000,0.000,0.000,0.000,0.000,0.000,0.000,0.000,0.000,0.000,0.000,0.000",P3_archerforest_blk06_pos_d0.550_krea2_seed3141592,P3_archerforest_blk06_pos_d0.550_krea2_seed3141592_00001_.png,"A young adult female, appearing of Caucasian ethnicity, with brown hair and piercing, focused eyes, crouches low amidst dense evergreen foliage. She wears a dark grey hood obscuring some of her hair, a vibrant crimson cloak draped over her shoulders, and earthy brown trousers. Her attire includes a dark tunic and leather bracers on her forearms, adorned with metal studs. Dirt smudges mark her arms and face, suggesting a wilderness survivalist. She firmly grips a wooden bow, an arrow nocked and its feather fletching visible, her posture tense and alert. Her expression is one of intense concentration and stealth. The environment is a dark, natural forest setting, with thick pine branches and textured bark in the foreground and background. The lighting is dim and dappled, creating dramatic shadows and highlighting her form with a subtle, mystical glow. The overall mood is suspenseful and wild, with a realistic, painterly style reminiscent of fantasy concept art. The composition is a medium close-up, capturing her action and intense gaze, viewed from a slightly low angle. The texture is pronounced, with visible brushstrokes and traces of paint that imitate the painting process using layered tones. Loose, energetic brushstrokes create a sense of movement and action. A sense of depth is achieved through varying densities of brushstrokes. The painting style resembles abstract realism and impressionism. Soft shadows and highlights reflect every detail and give the scene volume.",Real Value,euler_ancestral,simple,9,1.0,1.0,1024,1280
130,perturbation,blk07_neg_d0.550,7,0.550,neg,,P3_archerforest,3141592,"{""7"": -0.55}","0.000,0.000,0.000,0.000,0.000,0.000,0.000,-0.550,0.000,0.000,0.000,0.000,0.000,0.000,0.000,0.000,0.000,0.000,0.000,0.000,0.000,0.000,0.000,0.000,0.000,0.000,0.000,0.000,0.000,0.000,0.000,0.000,0.000,0.000",P3_archerforest_blk07_neg_d0.550_krea2_seed3141592,P3_archerforest_blk07_neg_d0.550_krea2_seed3141592_00001_.png,"A young adult female, appearing of Caucasian ethnicity, with brown hair and piercing, focused eyes, crouches low amidst dense evergreen foliage. She wears a dark grey hood obscuring some of her hair, a vibrant crimson cloak draped over her shoulders, and earthy brown trousers. Her attire includes a dark tunic and leather bracers on her forearms, adorned with metal studs. Dirt smudges mark her arms and face, suggesting a wilderness survivalist. She firmly grips a wooden bow, an arrow nocked and its feather fletching visible, her posture tense and alert. Her expression is one of intense concentration and stealth. The environment is a dark, natural forest setting, with thick pine branches and textured bark in the foreground and background. The lighting is dim and dappled, creating dramatic shadows and highlighting her form with a subtle, mystical glow. The overall mood is suspenseful and wild, with a realistic, painterly style reminiscent of fantasy concept art. The composition is a medium close-up, capturing her action and intense gaze, viewed from a slightly low angle. The texture is pronounced, with visible brushstrokes and traces of paint that imitate the painting process using layered tones. Loose, energetic brushstrokes create a sense of movement and action. A sense of depth is achieved through varying densities of brushstrokes. The painting style resembles abstract realism and impressionism. Soft shadows and highlights reflect every detail and give the scene volume.",Real Value,euler_ancestral,simple,9,1.0,1.0,1024,1280
131,perturbation,blk07_pos_d0.550,7,0.550,pos,,P3_archerforest,3141592,"{""7"": 0.55}","0.000,0.000,0.000,0.000,0.000,0.000,0.000,0.550,0.000,0.000,0.000,0.000,0.000,0.000,0.000,0.000,0.000,0.000,0.000,0.000,0.000,0.000,0.000,0.000,0.000,0.000,0.000,0.000,0.000,0.000,0.000,0.000,0.000,0.000",P3_archerforest_blk07_pos_d0.550_krea2_seed3141592,P3_archerforest_blk07_pos_d0.550_krea2_seed3141592_00001_.png,"A young adult female, appearing of Caucasian ethnicity, with brown hair and piercing, focused eyes, crouches low amidst dense evergreen foliage. She wears a dark grey hood obscuring some of her hair, a vibrant crimson cloak draped over her shoulders, and earthy brown trousers. Her attire includes a dark tunic and leather bracers on her forearms, adorned with metal studs. Dirt smudges mark her arms and face, suggesting a wilderness survivalist. She firmly grips a wooden bow, an arrow nocked and its feather fletching visible, her posture tense and alert. Her expression is one of intense concentration and stealth. The environment is a dark, natural forest setting, with thick pine branches and textured bark in the foreground and background. The lighting is dim and dappled, creating dramatic shadows and highlighting her form with a subtle, mystical glow. The overall mood is suspenseful and wild, with a realistic, painterly style reminiscent of fantasy concept art. The composition is a medium close-up, capturing her action and intense gaze, viewed from a slightly low angle. The texture is pronounced, with visible brushstrokes and traces of paint that imitate the painting process using layered tones. Loose, energetic brushstrokes create a sense of movement and action. A sense of depth is achieved through varying densities of brushstrokes. The painting style resembles abstract realism and impressionism. Soft shadows and highlights reflect every detail and give the scene volume.",Real Value,euler_ancestral,simple,9,1.0,1.0,1024,1280
132,perturbation,blk08_neg_d0.550,8,0.550,neg,,P3_archerforest,3141592,"{""8"": -0.55}","0.000,0.000,0.000,0.000,0.000,0.000,0.000,0.000,-0.550,0.000,0.000,0.000,0.000,0.000,0.000,0.000,0.000,0.000,0.000,0.000,0.000,0.000,0.000,0.000,0.000,0.000,0.000,0.000,0.000,0.000,0.000,0.000,0.000,0.000",P3_archerforest_blk08_neg_d0.550_krea2_seed3141592,P3_archerforest_blk08_neg_d0.550_krea2_seed3141592_00001_.png,"A young adult female, appearing of Caucasian ethnicity, with brown hair and piercing, focused eyes, crouches low amidst dense evergreen foliage. She wears a dark grey hood obscuring some of her hair, a vibrant crimson cloak draped over her shoulders, and earthy brown trousers. Her attire includes a dark tunic and leather bracers on her forearms, adorned with metal studs. Dirt smudges mark her arms and face, suggesting a wilderness survivalist. She firmly grips a wooden bow, an arrow nocked and its feather fletching visible, her posture tense and alert. Her expression is one of intense concentration and stealth. The environment is a dark, natural forest setting, with thick pine branches and textured bark in the foreground and background. The lighting is dim and dappled, creating dramatic shadows and highlighting her form with a subtle, mystical glow. The overall mood is suspenseful and wild, with a realistic, painterly style reminiscent of fantasy concept art. The composition is a medium close-up, capturing her action and intense gaze, viewed from a slightly low angle. The texture is pronounced, with visible brushstrokes and traces of paint that imitate the painting process using layered tones. Loose, energetic brushstrokes create a sense of movement and action. A sense of depth is achieved through varying densities of brushstrokes. The painting style resembles abstract realism and impressionism. Soft shadows and highlights reflect every detail and give the scene volume.",Real Value,euler_ancestral,simple,9,1.0,1.0,1024,1280
133,perturbation,blk08_pos_d0.550,8,0.550,pos,,P3_archerforest,3141592,"{""8"": 0.55}","0.000,0.000,0.000,0.000,0.000,0.000,0.000,0.000,0.550,0.000,0.000,0.000,0.000,0.000,0.000,0.000,0.000,0.000,0.000,0.000,0.000,0.000,0.000,0.000,0.000,0.000,0.000,0.000,0.000,0.000,0.000,0.000,0.000,0.000",P3_archerforest_blk08_pos_d0.550_krea2_seed3141592,P3_archerforest_blk08_pos_d0.550_krea2_seed3141592_00001_.png,"A young adult female, appearing of Caucasian ethnicity, with brown hair and piercing, focused eyes, crouches low amidst dense evergreen foliage. She wears a dark grey hood obscuring some of her hair, a vibrant crimson cloak draped over her shoulders, and earthy brown trousers. Her attire includes a dark tunic and leather bracers on her forearms, adorned with metal studs. Dirt smudges mark her arms and face, suggesting a wilderness survivalist. She firmly grips a wooden bow, an arrow nocked and its feather fletching visible, her posture tense and alert. Her expression is one of intense concentration and stealth. The environment is a dark, natural forest setting, with thick pine branches and textured bark in the foreground and background. The lighting is dim and dappled, creating dramatic shadows and highlighting her form with a subtle, mystical glow. The overall mood is suspenseful and wild, with a realistic, painterly style reminiscent of fantasy concept art. The composition is a medium close-up, capturing her action and intense gaze, viewed from a slightly low angle. The texture is pronounced, with visible brushstrokes and traces of paint that imitate the painting process using layered tones. Loose, energetic brushstrokes create a sense of movement and action. A sense of depth is achieved through varying densities of brushstrokes. The painting style resembles abstract realism and impressionism. Soft shadows and highlights reflect every detail and give the scene volume.",Real Value,euler_ancestral,simple,9,1.0,1.0,1024,1280
134,perturbation,blk09_neg_d0.550,9,0.550,neg,,P3_archerforest,3141592,"{""9"": -0.55}","0.000,0.000,0.000,0.000,0.000,0.000,0.000,0.000,0.000,-0.550,0.000,0.000,0.000,0.000,0.000,0.000,0.000,0.000,0.000,0.000,0.000,0.000,0.000,0.000,0.000,0.000,0.000,0.000,0.000,0.000,0.000,0.000,0.000,0.000",P3_archerforest_blk09_neg_d0.550_krea2_seed3141592,P3_archerforest_blk09_neg_d0.550_krea2_seed3141592_00001_.png,"A young adult female, appearing of Caucasian ethnicity, with brown hair and piercing, focused eyes, crouches low amidst dense evergreen foliage. She wears a dark grey hood obscuring some of her hair, a vibrant crimson cloak draped over her shoulders, and earthy brown trousers. Her attire includes a dark tunic and leather bracers on her forearms, adorned with metal studs. Dirt smudges mark her arms and face, suggesting a wilderness survivalist. She firmly grips a wooden bow, an arrow nocked and its feather fletching visible, her posture tense and alert. Her expression is one of intense concentration and stealth. The environment is a dark, natural forest setting, with thick pine branches and textured bark in the foreground and background. The lighting is dim and dappled, creating dramatic shadows and highlighting her form with a subtle, mystical glow. The overall mood is suspenseful and wild, with a realistic, painterly style reminiscent of fantasy concept art. The composition is a medium close-up, capturing her action and intense gaze, viewed from a slightly low angle. The texture is pronounced, with visible brushstrokes and traces of paint that imitate the painting process using layered tones. Loose, energetic brushstrokes create a sense of movement and action. A sense of depth is achieved through varying densities of brushstrokes. The painting style resembles abstract realism and impressionism. Soft shadows and highlights reflect every detail and give the scene volume.",Real Value,euler_ancestral,simple,9,1.0,1.0,1024,1280
135,perturbation,blk09_pos_d0.550,9,0.550,pos,,P3_archerforest,3141592,"{""9"": 0.55}","0.000,0.000,0.000,0.000,0.000,0.000,0.000,0.000,0.000,0.550,0.000,0.000,0.000,0.000,0.000,0.000,0.000,0.000,0.000,0.000,0.000,0.000,0.000,0.000,0.000,0.000,0.000,0.000,0.000,0.000,0.000,0.000,0.000,0.000",P3_archerforest_blk09_pos_d0.550_krea2_seed3141592,P3_archerforest_blk09_pos_d0.550_krea2_seed3141592_00001_.png,"A young adult female, appearing of Caucasian ethnicity, with brown hair and piercing, focused eyes, crouches low amidst dense evergreen foliage. She wears a dark grey hood obscuring some of her hair, a vibrant crimson cloak draped over her shoulders, and earthy brown trousers. Her attire includes a dark tunic and leather bracers on her forearms, adorned with metal studs. Dirt smudges mark her arms and face, suggesting a wilderness survivalist. She firmly grips a wooden bow, an arrow nocked and its feather fletching visible, her posture tense and alert. Her expression is one of intense concentration and stealth. The environment is a dark, natural forest setting, with thick pine branches and textured bark in the foreground and background. The lighting is dim and dappled, creating dramatic shadows and highlighting her form with a subtle, mystical glow. The overall mood is suspenseful and wild, with a realistic, painterly style reminiscent of fantasy concept art. The composition is a medium close-up, capturing her action and intense gaze, viewed from a slightly low angle. The texture is pronounced, with visible brushstrokes and traces of paint that imitate the painting process using layered tones. Loose, energetic brushstrokes create a sense of movement and action. A sense of depth is achieved through varying densities of brushstrokes. The painting style resembles abstract realism and impressionism. Soft shadows and highlights reflect every detail and give the scene volume.",Real Value,euler_ancestral,simple,9,1.0,1.0,1024,1280
136,perturbation,blk10_neg_d0.450,10,0.450,neg,,P3_archerforest,3141592,"{""10"": -0.45}","0.000,0.000,0.000,0.000,0.000,0.000,0.000,0.000,0.000,0.000,-0.450,0.000,0.000,0.000,0.000,0.000,0.000,0.000,0.000,0.000,0.000,0.000,0.000,0.000,0.000,0.000,0.000,0.000,0.000,0.000,0.000,0.000,0.000,0.000",P3_archerforest_blk10_neg_d0.450_krea2_seed3141592,P3_archerforest_blk10_neg_d0.450_krea2_seed3141592_00001_.png,"A young adult female, appearing of Caucasian ethnicity, with brown hair and piercing, focused eyes, crouches low amidst dense evergreen foliage. She wears a dark grey hood obscuring some of her hair, a vibrant crimson cloak draped over her shoulders, and earthy brown trousers. Her attire includes a dark tunic and leather bracers on her forearms, adorned with metal studs. Dirt smudges mark her arms and face, suggesting a wilderness survivalist. She firmly grips a wooden bow, an arrow nocked and its feather fletching visible, her posture tense and alert. Her expression is one of intense concentration and stealth. The environment is a dark, natural forest setting, with thick pine branches and textured bark in the foreground and background. The lighting is dim and dappled, creating dramatic shadows and highlighting her form with a subtle, mystical glow. The overall mood is suspenseful and wild, with a realistic, painterly style reminiscent of fantasy concept art. The composition is a medium close-up, capturing her action and intense gaze, viewed from a slightly low angle. The texture is pronounced, with visible brushstrokes and traces of paint that imitate the painting process using layered tones. Loose, energetic brushstrokes create a sense of movement and action. A sense of depth is achieved through varying densities of brushstrokes. The painting style resembles abstract realism and impressionism. Soft shadows and highlights reflect every detail and give the scene volume.",Real Value,euler_ancestral,simple,9,1.0,1.0,1024,1280
137,perturbation,blk10_pos_d0.450,10,0.450,pos,,P3_archerforest,3141592,"{""10"": 0.45}","0.000,0.000,0.000,0.000,0.000,0.000,0.000,0.000,0.000,0.000,0.450,0.000,0.000,0.000,0.000,0.000,0.000,0.000,0.000,0.000,0.000,0.000,0.000,0.000,0.000,0.000,0.000,0.000,0.000,0.000,0.000,0.000,0.000,0.000",P3_archerforest_blk10_pos_d0.450_krea2_seed3141592,P3_archerforest_blk10_pos_d0.450_krea2_seed3141592_00001_.png,"A young adult female, appearing of Caucasian ethnicity, with brown hair and piercing, focused eyes, crouches low amidst dense evergreen foliage. She wears a dark grey hood obscuring some of her hair, a vibrant crimson cloak draped over her shoulders, and earthy brown trousers. Her attire includes a dark tunic and leather bracers on her forearms, adorned with metal studs. Dirt smudges mark her arms and face, suggesting a wilderness survivalist. She firmly grips a wooden bow, an arrow nocked and its feather fletching visible, her posture tense and alert. Her expression is one of intense concentration and stealth. The environment is a dark, natural forest setting, with thick pine branches and textured bark in the foreground and background. The lighting is dim and dappled, creating dramatic shadows and highlighting her form with a subtle, mystical glow. The overall mood is suspenseful and wild, with a realistic, painterly style reminiscent of fantasy concept art. The composition is a medium close-up, capturing her action and intense gaze, viewed from a slightly low angle. The texture is pronounced, with visible brushstrokes and traces of paint that imitate the painting process using layered tones. Loose, energetic brushstrokes create a sense of movement and action. A sense of depth is achieved through varying densities of brushstrokes. The painting style resembles abstract realism and impressionism. Soft shadows and highlights reflect every detail and give the scene volume.",Real Value,euler_ancestral,simple,9,1.0,1.0,1024,1280
138,perturbation,blk11_neg_d0.450,11,0.450,neg,,P3_archerforest,3141592,"{""11"": -0.45}","0.000,0.000,0.000,0.000,0.000,0.000,0.000,0.000,0.000,0.000,0.000,-0.450,0.000,0.000,0.000,0.000,0.000,0.000,0.000,0.000,0.000,0.000,0.000,0.000,0.000,0.000,0.000,0.000,0.000,0.000,0.000,0.000,0.000,0.000",P3_archerforest_blk11_neg_d0.450_krea2_seed3141592,P3_archerforest_blk11_neg_d0.450_krea2_seed3141592_00001_.png,"A young adult female, appearing of Caucasian ethnicity, with brown hair and piercing, focused eyes, crouches low amidst dense evergreen foliage. She wears a dark grey hood obscuring some of her hair, a vibrant crimson cloak draped over her shoulders, and earthy brown trousers. Her attire includes a dark tunic and leather bracers on her forearms, adorned with metal studs. Dirt smudges mark her arms and face, suggesting a wilderness survivalist. She firmly grips a wooden bow, an arrow nocked and its feather fletching visible, her posture tense and alert. Her expression is one of intense concentration and stealth. The environment is a dark, natural forest setting, with thick pine branches and textured bark in the foreground and background. The lighting is dim and dappled, creating dramatic shadows and highlighting her form with a subtle, mystical glow. The overall mood is suspenseful and wild, with a realistic, painterly style reminiscent of fantasy concept art. The composition is a medium close-up, capturing her action and intense gaze, viewed from a slightly low angle. The texture is pronounced, with visible brushstrokes and traces of paint that imitate the painting process using layered tones. Loose, energetic brushstrokes create a sense of movement and action. A sense of depth is achieved through varying densities of brushstrokes. The painting style resembles abstract realism and impressionism. Soft shadows and highlights reflect every detail and give the scene volume.",Real Value,euler_ancestral,simple,9,1.0,1.0,1024,1280
139,perturbation,blk11_pos_d0.450,11,0.450,pos,,P3_archerforest,3141592,"{""11"": 0.45}","0.000,0.000,0.000,0.000,0.000,0.000,0.000,0.000,0.000,0.000,0.000,0.450,0.000,0.000,0.000,0.000,0.000,0.000,0.000,0.000,0.000,0.000,0.000,0.000,0.000,0.000,0.000,0.000,0.000,0.000,0.000,0.000,0.000,0.000",P3_archerforest_blk11_pos_d0.450_krea2_seed3141592,P3_archerforest_blk11_pos_d0.450_krea2_seed3141592_00001_.png,"A young adult female, appearing of Caucasian ethnicity, with brown hair and piercing, focused eyes, crouches low amidst dense evergreen foliage. She wears a dark grey hood obscuring some of her hair, a vibrant crimson cloak draped over her shoulders, and earthy brown trousers. Her attire includes a dark tunic and leather bracers on her forearms, adorned with metal studs. Dirt smudges mark her arms and face, suggesting a wilderness survivalist. She firmly grips a wooden bow, an arrow nocked and its feather fletching visible, her posture tense and alert. Her expression is one of intense concentration and stealth. The environment is a dark, natural forest setting, with thick pine branches and textured bark in the foreground and background. The lighting is dim and dappled, creating dramatic shadows and highlighting her form with a subtle, mystical glow. The overall mood is suspenseful and wild, with a realistic, painterly style reminiscent of fantasy concept art. The composition is a medium close-up, capturing her action and intense gaze, viewed from a slightly low angle. The texture is pronounced, with visible brushstrokes and traces of paint that imitate the painting process using layered tones. Loose, energetic brushstrokes create a sense of movement and action. A sense of depth is achieved through varying densities of brushstrokes. The painting style resembles abstract realism and impressionism. Soft shadows and highlights reflect every detail and give the scene volume.",Real Value,euler_ancestral,simple,9,1.0,1.0,1024,1280
140,perturbation,blk12_neg_d0.450,12,0.450,neg,,P3_archerforest,3141592,"{""12"": -0.45}","0.000,0.000,0.000,0.000,0.000,0.000,0.000,0.000,0.000,0.000,0.000,0.000,-0.450,0.000,0.000,0.000,0.000,0.000,0.000,0.000,0.000,0.000,0.000,0.000,0.000,0.000,0.000,0.000,0.000,0.000,0.000,0.000,0.000,0.000",P3_archerforest_blk12_neg_d0.450_krea2_seed3141592,P3_archerforest_blk12_neg_d0.450_krea2_seed3141592_00001_.png,"A young adult female, appearing of Caucasian ethnicity, with brown hair and piercing, focused eyes, crouches low amidst dense evergreen foliage. She wears a dark grey hood obscuring some of her hair, a vibrant crimson cloak draped over her shoulders, and earthy brown trousers. Her attire includes a dark tunic and leather bracers on her forearms, adorned with metal studs. Dirt smudges mark her arms and face, suggesting a wilderness survivalist. She firmly grips a wooden bow, an arrow nocked and its feather fletching visible, her posture tense and alert. Her expression is one of intense concentration and stealth. The environment is a dark, natural forest setting, with thick pine branches and textured bark in the foreground and background. The lighting is dim and dappled, creating dramatic shadows and highlighting her form with a subtle, mystical glow. The overall mood is suspenseful and wild, with a realistic, painterly style reminiscent of fantasy concept art. The composition is a medium close-up, capturing her action and intense gaze, viewed from a slightly low angle. The texture is pronounced, with visible brushstrokes and traces of paint that imitate the painting process using layered tones. Loose, energetic brushstrokes create a sense of movement and action. A sense of depth is achieved through varying densities of brushstrokes. The painting style resembles abstract realism and impressionism. Soft shadows and highlights reflect every detail and give the scene volume.",Real Value,euler_ancestral,simple,9,1.0,1.0,1024,1280
141,perturbation,blk12_pos_d0.400,12,0.400,pos,,P3_archerforest,3141592,"{""12"": 0.4}","0.000,0.000,0.000,0.000,0.000,0.000,0.000,0.000,0.000,0.000,0.000,0.000,0.400,0.000,0.000,0.000,0.000,0.000,0.000,0.000,0.000,0.000,0.000,0.000,0.000,0.000,0.000,0.000,0.000,0.000,0.000,0.000,0.000,0.000",P3_archerforest_blk12_pos_d0.400_krea2_seed3141592,P3_archerforest_blk12_pos_d0.400_krea2_seed3141592_00001_.png,"A young adult female, appearing of Caucasian ethnicity, with brown hair and piercing, focused eyes, crouches low amidst dense evergreen foliage. She wears a dark grey hood obscuring some of her hair, a vibrant crimson cloak draped over her shoulders, and earthy brown trousers. Her attire includes a dark tunic and leather bracers on her forearms, adorned with metal studs. Dirt smudges mark her arms and face, suggesting a wilderness survivalist. She firmly grips a wooden bow, an arrow nocked and its feather fletching visible, her posture tense and alert. Her expression is one of intense concentration and stealth. The environment is a dark, natural forest setting, with thick pine branches and textured bark in the foreground and background. The lighting is dim and dappled, creating dramatic shadows and highlighting her form with a subtle, mystical glow. The overall mood is suspenseful and wild, with a realistic, painterly style reminiscent of fantasy concept art. The composition is a medium close-up, capturing her action and intense gaze, viewed from a slightly low angle. The texture is pronounced, with visible brushstrokes and traces of paint that imitate the painting process using layered tones. Loose, energetic brushstrokes create a sense of movement and action. A sense of depth is achieved through varying densities of brushstrokes. The painting style resembles abstract realism and impressionism. Soft shadows and highlights reflect every detail and give the scene volume.",Real Value,euler_ancestral,simple,9,1.0,1.0,1024,1280
142,perturbation,blk13_neg_d0.450,13,0.450,neg,,P3_archerforest,3141592,"{""13"": -0.45}","0.000,0.000,0.000,0.000,0.000,0.000,0.000,0.000,0.000,0.000,0.000,0.000,0.000,-0.450,0.000,0.000,0.000,0.000,0.000,0.000,0.000,0.000,0.000,0.000,0.000,0.000,0.000,0.000,0.000,0.000,0.000,0.000,0.000,0.000",P3_archerforest_blk13_neg_d0.450_krea2_seed3141592,P3_archerforest_blk13_neg_d0.450_krea2_seed3141592_00001_.png,"A young adult female, appearing of Caucasian ethnicity, with brown hair and piercing, focused eyes, crouches low amidst dense evergreen foliage. She wears a dark grey hood obscuring some of her hair, a vibrant crimson cloak draped over her shoulders, and earthy brown trousers. Her attire includes a dark tunic and leather bracers on her forearms, adorned with metal studs. Dirt smudges mark her arms and face, suggesting a wilderness survivalist. She firmly grips a wooden bow, an arrow nocked and its feather fletching visible, her posture tense and alert. Her expression is one of intense concentration and stealth. The environment is a dark, natural forest setting, with thick pine branches and textured bark in the foreground and background. The lighting is dim and dappled, creating dramatic shadows and highlighting her form with a subtle, mystical glow. The overall mood is suspenseful and wild, with a realistic, painterly style reminiscent of fantasy concept art. The composition is a medium close-up, capturing her action and intense gaze, viewed from a slightly low angle. The texture is pronounced, with visible brushstrokes and traces of paint that imitate the painting process using layered tones. Loose, energetic brushstrokes create a sense of movement and action. A sense of depth is achieved through varying densities of brushstrokes. The painting style resembles abstract realism and impressionism. Soft shadows and highlights reflect every detail and give the scene volume.",Real Value,euler_ancestral,simple,9,1.0,1.0,1024,1280
143,perturbation,blk13_pos_d0.400,13,0.400,pos,,P3_archerforest,3141592,"{""13"": 0.4}","0.000,0.000,0.000,0.000,0.000,0.000,0.000,0.000,0.000,0.000,0.000,0.000,0.000,0.400,0.000,0.000,0.000,0.000,0.000,0.000,0.000,0.000,0.000,0.000,0.000,0.000,0.000,0.000,0.000,0.000,0.000,0.000,0.000,0.000",P3_archerforest_blk13_pos_d0.400_krea2_seed3141592,P3_archerforest_blk13_pos_d0.400_krea2_seed3141592_00001_.png,"A young adult female, appearing of Caucasian ethnicity, with brown hair and piercing, focused eyes, crouches low amidst dense evergreen foliage. She wears a dark grey hood obscuring some of her hair, a vibrant crimson cloak draped over her shoulders, and earthy brown trousers. Her attire includes a dark tunic and leather bracers on her forearms, adorned with metal studs. Dirt smudges mark her arms and face, suggesting a wilderness survivalist. She firmly grips a wooden bow, an arrow nocked and its feather fletching visible, her posture tense and alert. Her expression is one of intense concentration and stealth. The environment is a dark, natural forest setting, with thick pine branches and textured bark in the foreground and background. The lighting is dim and dappled, creating dramatic shadows and highlighting her form with a subtle, mystical glow. The overall mood is suspenseful and wild, with a realistic, painterly style reminiscent of fantasy concept art. The composition is a medium close-up, capturing her action and intense gaze, viewed from a slightly low angle. The texture is pronounced, with visible brushstrokes and traces of paint that imitate the painting process using layered tones. Loose, energetic brushstrokes create a sense of movement and action. A sense of depth is achieved through varying densities of brushstrokes. The painting style resembles abstract realism and impressionism. Soft shadows and highlights reflect every detail and give the scene volume.",Real Value,euler_ancestral,simple,9,1.0,1.0,1024,1280
144,perturbation,blk14_neg_d0.550,14,0.550,neg,,P3_archerforest,3141592,"{""14"": -0.55}","0.000,0.000,0.000,0.000,0.000,0.000,0.000,0.000,0.000,0.000,0.000,0.000,0.000,0.000,-0.550,0.000,0.000,0.000,0.000,0.000,0.000,0.000,0.000,0.000,0.000,0.000,0.000,0.000,0.000,0.000,0.000,0.000,0.000,0.000",P3_archerforest_blk14_neg_d0.550_krea2_seed3141592,P3_archerforest_blk14_neg_d0.550_krea2_seed3141592_00001_.png,"A young adult female, appearing of Caucasian ethnicity, with brown hair and piercing, focused eyes, crouches low amidst dense evergreen foliage. She wears a dark grey hood obscuring some of her hair, a vibrant crimson cloak draped over her shoulders, and earthy brown trousers. Her attire includes a dark tunic and leather bracers on her forearms, adorned with metal studs. Dirt smudges mark her arms and face, suggesting a wilderness survivalist. She firmly grips a wooden bow, an arrow nocked and its feather fletching visible, her posture tense and alert. Her expression is one of intense concentration and stealth. The environment is a dark, natural forest setting, with thick pine branches and textured bark in the foreground and background. The lighting is dim and dappled, creating dramatic shadows and highlighting her form with a subtle, mystical glow. The overall mood is suspenseful and wild, with a realistic, painterly style reminiscent of fantasy concept art. The composition is a medium close-up, capturing her action and intense gaze, viewed from a slightly low angle. The texture is pronounced, with visible brushstrokes and traces of paint that imitate the painting process using layered tones. Loose, energetic brushstrokes create a sense of movement and action. A sense of depth is achieved through varying densities of brushstrokes. The painting style resembles abstract realism and impressionism. Soft shadows and highlights reflect every detail and give the scene volume.",Real Value,euler_ancestral,simple,9,1.0,1.0,1024,1280
145,perturbation,blk14_pos_d0.400,14,0.400,pos,,P3_archerforest,3141592,"{""14"": 0.4}","0.000,0.000,0.000,0.000,0.000,0.000,0.000,0.000,0.000,0.000,0.000,0.000,0.000,0.000,0.400,0.000,0.000,0.000,0.000,0.000,0.000,0.000,0.000,0.000,0.000,0.000,0.000,0.000,0.000,0.000,0.000,0.000,0.000,0.000",P3_archerforest_blk14_pos_d0.400_krea2_seed3141592,P3_archerforest_blk14_pos_d0.400_krea2_seed3141592_00001_.png,"A young adult female, appearing of Caucasian ethnicity, with brown hair and piercing, focused eyes, crouches low amidst dense evergreen foliage. She wears a dark grey hood obscuring some of her hair, a vibrant crimson cloak draped over her shoulders, and earthy brown trousers. Her attire includes a dark tunic and leather bracers on her forearms, adorned with metal studs. Dirt smudges mark her arms and face, suggesting a wilderness survivalist. She firmly grips a wooden bow, an arrow nocked and its feather fletching visible, her posture tense and alert. Her expression is one of intense concentration and stealth. The environment is a dark, natural forest setting, with thick pine branches and textured bark in the foreground and background. The lighting is dim and dappled, creating dramatic shadows and highlighting her form with a subtle, mystical glow. The overall mood is suspenseful and wild, with a realistic, painterly style reminiscent of fantasy concept art. The composition is a medium close-up, capturing her action and intense gaze, viewed from a slightly low angle. The texture is pronounced, with visible brushstrokes and traces of paint that imitate the painting process using layered tones. Loose, energetic brushstrokes create a sense of movement and action. A sense of depth is achieved through varying densities of brushstrokes. The painting style resembles abstract realism and impressionism. Soft shadows and highlights reflect every detail and give the scene volume.",Real Value,euler_ancestral,simple,9,1.0,1.0,1024,1280
146,perturbation,blk15_neg_d0.450,15,0.450,neg,,P3_archerforest,3141592,"{""15"": -0.45}","0.000,0.000,0.000,0.000,0.000,0.000,0.000,0.000,0.000,0.000,0.000,0.000,0.000,0.000,0.000,-0.450,0.000,0.000,0.000,0.000,0.000,0.000,0.000,0.000,0.000,0.000,0.000,0.000,0.000,0.000,0.000,0.000,0.000,0.000",P3_archerforest_blk15_neg_d0.450_krea2_seed3141592,P3_archerforest_blk15_neg_d0.450_krea2_seed3141592_00001_.png,"A young adult female, appearing of Caucasian ethnicity, with brown hair and piercing, focused eyes, crouches low amidst dense evergreen foliage. She wears a dark grey hood obscuring some of her hair, a vibrant crimson cloak draped over her shoulders, and earthy brown trousers. Her attire includes a dark tunic and leather bracers on her forearms, adorned with metal studs. Dirt smudges mark her arms and face, suggesting a wilderness survivalist. She firmly grips a wooden bow, an arrow nocked and its feather fletching visible, her posture tense and alert. Her expression is one of intense concentration and stealth. The environment is a dark, natural forest setting, with thick pine branches and textured bark in the foreground and background. The lighting is dim and dappled, creating dramatic shadows and highlighting her form with a subtle, mystical glow. The overall mood is suspenseful and wild, with a realistic, painterly style reminiscent of fantasy concept art. The composition is a medium close-up, capturing her action and intense gaze, viewed from a slightly low angle. The texture is pronounced, with visible brushstrokes and traces of paint that imitate the painting process using layered tones. Loose, energetic brushstrokes create a sense of movement and action. A sense of depth is achieved through varying densities of brushstrokes. The painting style resembles abstract realism and impressionism. Soft shadows and highlights reflect every detail and give the scene volume.",Real Value,euler_ancestral,simple,9,1.0,1.0,1024,1280
147,perturbation,blk15_pos_d0.400,15,0.400,pos,,P3_archerforest,3141592,"{""15"": 0.4}","0.000,0.000,0.000,0.000,0.000,0.000,0.000,0.000,0.000,0.000,0.000,0.000,0.000,0.000,0.000,0.400,0.000,0.000,0.000,0.000,0.000,0.000,0.000,0.000,0.000,0.000,0.000,0.000,0.000,0.000,0.000,0.000,0.000,0.000",P3_archerforest_blk15_pos_d0.400_krea2_seed3141592,P3_archerforest_blk15_pos_d0.400_krea2_seed3141592_00001_.png,"A young adult female, appearing of Caucasian ethnicity, with brown hair and piercing, focused eyes, crouches low amidst dense evergreen foliage. She wears a dark grey hood obscuring some of her hair, a vibrant crimson cloak draped over her shoulders, and earthy brown trousers. Her attire includes a dark tunic and leather bracers on her forearms, adorned with metal studs. Dirt smudges mark her arms and face, suggesting a wilderness survivalist. She firmly grips a wooden bow, an arrow nocked and its feather fletching visible, her posture tense and alert. Her expression is one of intense concentration and stealth. The environment is a dark, natural forest setting, with thick pine branches and textured bark in the foreground and background. The lighting is dim and dappled, creating dramatic shadows and highlighting her form with a subtle, mystical glow. The overall mood is suspenseful and wild, with a realistic, painterly style reminiscent of fantasy concept art. The composition is a medium close-up, capturing her action and intense gaze, viewed from a slightly low angle. The texture is pronounced, with visible brushstrokes and traces of paint that imitate the painting process using layered tones. Loose, energetic brushstrokes create a sense of movement and action. A sense of depth is achieved through varying densities of brushstrokes. The painting style resembles abstract realism and impressionism. Soft shadows and highlights reflect every detail and give the scene volume.",Real Value,euler_ancestral,simple,9,1.0,1.0,1024,1280
148,perturbation,blk16_neg_d0.450,16,0.450,neg,,P3_archerforest,3141592,"{""16"": -0.45}","0.000,0.000,0.000,0.000,0.000,0.000,0.000,0.000,0.000,0.000,0.000,0.000,0.000,0.000,0.000,0.000,-0.450,0.000,0.000,0.000,0.000,0.000,0.000,0.000,0.000,0.000,0.000,0.000,0.000,0.000,0.000,0.000,0.000,0.000",P3_archerforest_blk16_neg_d0.450_krea2_seed3141592,P3_archerforest_blk16_neg_d0.450_krea2_seed3141592_00001_.png,"A young adult female, appearing of Caucasian ethnicity, with brown hair and piercing, focused eyes, crouches low amidst dense evergreen foliage. She wears a dark grey hood obscuring some of her hair, a vibrant crimson cloak draped over her shoulders, and earthy brown trousers. Her attire includes a dark tunic and leather bracers on her forearms, adorned with metal studs. Dirt smudges mark her arms and face, suggesting a wilderness survivalist. She firmly grips a wooden bow, an arrow nocked and its feather fletching visible, her posture tense and alert. Her expression is one of intense concentration and stealth. The environment is a dark, natural forest setting, with thick pine branches and textured bark in the foreground and background. The lighting is dim and dappled, creating dramatic shadows and highlighting her form with a subtle, mystical glow. The overall mood is suspenseful and wild, with a realistic, painterly style reminiscent of fantasy concept art. The composition is a medium close-up, capturing her action and intense gaze, viewed from a slightly low angle. The texture is pronounced, with visible brushstrokes and traces of paint that imitate the painting process using layered tones. Loose, energetic brushstrokes create a sense of movement and action. A sense of depth is achieved through varying densities of brushstrokes. The painting style resembles abstract realism and impressionism. Soft shadows and highlights reflect every detail and give the scene volume.",Real Value,euler_ancestral,simple,9,1.0,1.0,1024,1280
149,perturbation,blk16_pos_d0.300,16,0.300,pos,,P3_archerforest,3141592,"{""16"": 0.3}","0.000,0.000,0.000,0.000,0.000,0.000,0.000,0.000,0.000,0.000,0.000,0.000,0.000,0.000,0.000,0.000,0.300,0.000,0.000,0.000,0.000,0.000,0.000,0.000,0.000,0.000,0.000,0.000,0.000,0.000,0.000,0.000,0.000,0.000",P3_archerforest_blk16_pos_d0.300_krea2_seed3141592,P3_archerforest_blk16_pos_d0.300_krea2_seed3141592_00001_.png,"A young adult female, appearing of Caucasian ethnicity, with brown hair and piercing, focused eyes, crouches low amidst dense evergreen foliage. She wears a dark grey hood obscuring some of her hair, a vibrant crimson cloak draped over her shoulders, and earthy brown trousers. Her attire includes a dark tunic and leather bracers on her forearms, adorned with metal studs. Dirt smudges mark her arms and face, suggesting a wilderness survivalist. She firmly grips a wooden bow, an arrow nocked and its feather fletching visible, her posture tense and alert. Her expression is one of intense concentration and stealth. The environment is a dark, natural forest setting, with thick pine branches and textured bark in the foreground and background. The lighting is dim and dappled, creating dramatic shadows and highlighting her form with a subtle, mystical glow. The overall mood is suspenseful and wild, with a realistic, painterly style reminiscent of fantasy concept art. The composition is a medium close-up, capturing her action and intense gaze, viewed from a slightly low angle. The texture is pronounced, with visible brushstrokes and traces of paint that imitate the painting process using layered tones. Loose, energetic brushstrokes create a sense of movement and action. A sense of depth is achieved through varying densities of brushstrokes. The painting style resembles abstract realism and impressionism. Soft shadows and highlights reflect every detail and give the scene volume.",Real Value,euler_ancestral,simple,9,1.0,1.0,1024,1280
150,perturbation,blk17_neg_d0.450,17,0.450,neg,,P3_archerforest,3141592,"{""17"": -0.45}","0.000,0.000,0.000,0.000,0.000,0.000,0.000,0.000,0.000,0.000,0.000,0.000,0.000,0.000,0.000,0.000,0.000,-0.450,0.000,0.000,0.000,0.000,0.000,0.000,0.000,0.000,0.000,0.000,0.000,0.000,0.000,0.000,0.000,0.000",P3_archerforest_blk17_neg_d0.450_krea2_seed3141592,P3_archerforest_blk17_neg_d0.450_krea2_seed3141592_00001_.png,"A young adult female, appearing of Caucasian ethnicity, with brown hair and piercing, focused eyes, crouches low amidst dense evergreen foliage. She wears a dark grey hood obscuring some of her hair, a vibrant crimson cloak draped over her shoulders, and earthy brown trousers. Her attire includes a dark tunic and leather bracers on her forearms, adorned with metal studs. Dirt smudges mark her arms and face, suggesting a wilderness survivalist. She firmly grips a wooden bow, an arrow nocked and its feather fletching visible, her posture tense and alert. Her expression is one of intense concentration and stealth. The environment is a dark, natural forest setting, with thick pine branches and textured bark in the foreground and background. The lighting is dim and dappled, creating dramatic shadows and highlighting her form with a subtle, mystical glow. The overall mood is suspenseful and wild, with a realistic, painterly style reminiscent of fantasy concept art. The composition is a medium close-up, capturing her action and intense gaze, viewed from a slightly low angle. The texture is pronounced, with visible brushstrokes and traces of paint that imitate the painting process using layered tones. Loose, energetic brushstrokes create a sense of movement and action. A sense of depth is achieved through varying densities of brushstrokes. The painting style resembles abstract realism and impressionism. Soft shadows and highlights reflect every detail and give the scene volume.",Real Value,euler_ancestral,simple,9,1.0,1.0,1024,1280
151,perturbation,blk17_pos_d0.400,17,0.400,pos,,P3_archerforest,3141592,"{""17"": 0.4}","0.000,0.000,0.000,0.000,0.000,0.000,0.000,0.000,0.000,0.000,0.000,0.000,0.000,0.000,0.000,0.000,0.000,0.400,0.000,0.000,0.000,0.000,0.000,0.000,0.000,0.000,0.000,0.000,0.000,0.000,0.000,0.000,0.000,0.000",P3_archerforest_blk17_pos_d0.400_krea2_seed3141592,P3_archerforest_blk17_pos_d0.400_krea2_seed3141592_00001_.png,"A young adult female, appearing of Caucasian ethnicity, with brown hair and piercing, focused eyes, crouches low amidst dense evergreen foliage. She wears a dark grey hood obscuring some of her hair, a vibrant crimson cloak draped over her shoulders, and earthy brown trousers. Her attire includes a dark tunic and leather bracers on her forearms, adorned with metal studs. Dirt smudges mark her arms and face, suggesting a wilderness survivalist. She firmly grips a wooden bow, an arrow nocked and its feather fletching visible, her posture tense and alert. Her expression is one of intense concentration and stealth. The environment is a dark, natural forest setting, with thick pine branches and textured bark in the foreground and background. The lighting is dim and dappled, creating dramatic shadows and highlighting her form with a subtle, mystical glow. The overall mood is suspenseful and wild, with a realistic, painterly style reminiscent of fantasy concept art. The composition is a medium close-up, capturing her action and intense gaze, viewed from a slightly low angle. The texture is pronounced, with visible brushstrokes and traces of paint that imitate the painting process using layered tones. Loose, energetic brushstrokes create a sense of movement and action. A sense of depth is achieved through varying densities of brushstrokes. The painting style resembles abstract realism and impressionism. Soft shadows and highlights reflect every detail and give the scene volume.",Real Value,euler_ancestral,simple,9,1.0,1.0,1024,1280
152,perturbation,blk18_neg_d0.450,18,0.450,neg,,P3_archerforest,3141592,"{""18"": -0.45}","0.000,0.000,0.000,0.000,0.000,0.000,0.000,0.000,0.000,0.000,0.000,0.000,0.000,0.000,0.000,0.000,0.000,0.000,-0.450,0.000,0.000,0.000,0.000,0.000,0.000,0.000,0.000,0.000,0.000,0.000,0.000,0.000,0.000,0.000",P3_archerforest_blk18_neg_d0.450_krea2_seed3141592,P3_archerforest_blk18_neg_d0.450_krea2_seed3141592_00001_.png,"A young adult female, appearing of Caucasian ethnicity, with brown hair and piercing, focused eyes, crouches low amidst dense evergreen foliage. She wears a dark grey hood obscuring some of her hair, a vibrant crimson cloak draped over her shoulders, and earthy brown trousers. Her attire includes a dark tunic and leather bracers on her forearms, adorned with metal studs. Dirt smudges mark her arms and face, suggesting a wilderness survivalist. She firmly grips a wooden bow, an arrow nocked and its feather fletching visible, her posture tense and alert. Her expression is one of intense concentration and stealth. The environment is a dark, natural forest setting, with thick pine branches and textured bark in the foreground and background. The lighting is dim and dappled, creating dramatic shadows and highlighting her form with a subtle, mystical glow. The overall mood is suspenseful and wild, with a realistic, painterly style reminiscent of fantasy concept art. The composition is a medium close-up, capturing her action and intense gaze, viewed from a slightly low angle. The texture is pronounced, with visible brushstrokes and traces of paint that imitate the painting process using layered tones. Loose, energetic brushstrokes create a sense of movement and action. A sense of depth is achieved through varying densities of brushstrokes. The painting style resembles abstract realism and impressionism. Soft shadows and highlights reflect every detail and give the scene volume.",Real Value,euler_ancestral,simple,9,1.0,1.0,1024,1280
153,perturbation,blk18_pos_d0.300,18,0.300,pos,,P3_archerforest,3141592,"{""18"": 0.3}","0.000,0.000,0.000,0.000,0.000,0.000,0.000,0.000,0.000,0.000,0.000,0.000,0.000,0.000,0.000,0.000,0.000,0.000,0.300,0.000,0.000,0.000,0.000,0.000,0.000,0.000,0.000,0.000,0.000,0.000,0.000,0.000,0.000,0.000",P3_archerforest_blk18_pos_d0.300_krea2_seed3141592,P3_archerforest_blk18_pos_d0.300_krea2_seed3141592_00001_.png,"A young adult female, appearing of Caucasian ethnicity, with brown hair and piercing, focused eyes, crouches low amidst dense evergreen foliage. She wears a dark grey hood obscuring some of her hair, a vibrant crimson cloak draped over her shoulders, and earthy brown trousers. Her attire includes a dark tunic and leather bracers on her forearms, adorned with metal studs. Dirt smudges mark her arms and face, suggesting a wilderness survivalist. She firmly grips a wooden bow, an arrow nocked and its feather fletching visible, her posture tense and alert. Her expression is one of intense concentration and stealth. The environment is a dark, natural forest setting, with thick pine branches and textured bark in the foreground and background. The lighting is dim and dappled, creating dramatic shadows and highlighting her form with a subtle, mystical glow. The overall mood is suspenseful and wild, with a realistic, painterly style reminiscent of fantasy concept art. The composition is a medium close-up, capturing her action and intense gaze, viewed from a slightly low angle. The texture is pronounced, with visible brushstrokes and traces of paint that imitate the painting process using layered tones. Loose, energetic brushstrokes create a sense of movement and action. A sense of depth is achieved through varying densities of brushstrokes. The painting style resembles abstract realism and impressionism. Soft shadows and highlights reflect every detail and give the scene volume.",Real Value,euler_ancestral,simple,9,1.0,1.0,1024,1280
154,perturbation,blk19_neg_d0.450,19,0.450,neg,,P3_archerforest,3141592,"{""19"": -0.45}","0.000,0.000,0.000,0.000,0.000,0.000,0.000,0.000,0.000,0.000,0.000,0.000,0.000,0.000,0.000,0.000,0.000,0.000,0.000,-0.450,0.000,0.000,0.000,0.000,0.000,0.000,0.000,0.000,0.000,0.000,0.000,0.000,0.000,0.000",P3_archerforest_blk19_neg_d0.450_krea2_seed3141592,P3_archerforest_blk19_neg_d0.450_krea2_seed3141592_00001_.png,"A young adult female, appearing of Caucasian ethnicity, with brown hair and piercing, focused eyes, crouches low amidst dense evergreen foliage. She wears a dark grey hood obscuring some of her hair, a vibrant crimson cloak draped over her shoulders, and earthy brown trousers. Her attire includes a dark tunic and leather bracers on her forearms, adorned with metal studs. Dirt smudges mark her arms and face, suggesting a wilderness survivalist. She firmly grips a wooden bow, an arrow nocked and its feather fletching visible, her posture tense and alert. Her expression is one of intense concentration and stealth. The environment is a dark, natural forest setting, with thick pine branches and textured bark in the foreground and background. The lighting is dim and dappled, creating dramatic shadows and highlighting her form with a subtle, mystical glow. The overall mood is suspenseful and wild, with a realistic, painterly style reminiscent of fantasy concept art. The composition is a medium close-up, capturing her action and intense gaze, viewed from a slightly low angle. The texture is pronounced, with visible brushstrokes and traces of paint that imitate the painting process using layered tones. Loose, energetic brushstrokes create a sense of movement and action. A sense of depth is achieved through varying densities of brushstrokes. The painting style resembles abstract realism and impressionism. Soft shadows and highlights reflect every detail and give the scene volume.",Real Value,euler_ancestral,simple,9,1.0,1.0,1024,1280
155,perturbation,blk19_pos_d0.250,19,0.250,pos,,P3_archerforest,3141592,"{""19"": 0.25}","0.000,0.000,0.000,0.000,0.000,0.000,0.000,0.000,0.000,0.000,0.000,0.000,0.000,0.000,0.000,0.000,0.000,0.000,0.000,0.250,0.000,0.000,0.000,0.000,0.000,0.000,0.000,0.000,0.000,0.000,0.000,0.000,0.000,0.000",P3_archerforest_blk19_pos_d0.250_krea2_seed3141592,P3_archerforest_blk19_pos_d0.250_krea2_seed3141592_00001_.png,"A young adult female, appearing of Caucasian ethnicity, with brown hair and piercing, focused eyes, crouches low amidst dense evergreen foliage. She wears a dark grey hood obscuring some of her hair, a vibrant crimson cloak draped over her shoulders, and earthy brown trousers. Her attire includes a dark tunic and leather bracers on her forearms, adorned with metal studs. Dirt smudges mark her arms and face, suggesting a wilderness survivalist. She firmly grips a wooden bow, an arrow nocked and its feather fletching visible, her posture tense and alert. Her expression is one of intense concentration and stealth. The environment is a dark, natural forest setting, with thick pine branches and textured bark in the foreground and background. The lighting is dim and dappled, creating dramatic shadows and highlighting her form with a subtle, mystical glow. The overall mood is suspenseful and wild, with a realistic, painterly style reminiscent of fantasy concept art. The composition is a medium close-up, capturing her action and intense gaze, viewed from a slightly low angle. The texture is pronounced, with visible brushstrokes and traces of paint that imitate the painting process using layered tones. Loose, energetic brushstrokes create a sense of movement and action. A sense of depth is achieved through varying densities of brushstrokes. The painting style resembles abstract realism and impressionism. Soft shadows and highlights reflect every detail and give the scene volume.",Real Value,euler_ancestral,simple,9,1.0,1.0,1024,1280
156,perturbation,blk20_neg_d0.550,20,0.550,neg,,P3_archerforest,3141592,"{""20"": -0.55}","0.000,0.000,0.000,0.000,0.000,0.000,0.000,0.000,0.000,0.000,0.000,0.000,0.000,0.000,0.000,0.000,0.000,0.000,0.000,0.000,-0.550,0.000,0.000,0.000,0.000,0.000,0.000,0.000,0.000,0.000,0.000,0.000,0.000,0.000",P3_archerforest_blk20_neg_d0.550_krea2_seed3141592,P3_archerforest_blk20_neg_d0.550_krea2_seed3141592_00001_.png,"A young adult female, appearing of Caucasian ethnicity, with brown hair and piercing, focused eyes, crouches low amidst dense evergreen foliage. She wears a dark grey hood obscuring some of her hair, a vibrant crimson cloak draped over her shoulders, and earthy brown trousers. Her attire includes a dark tunic and leather bracers on her forearms, adorned with metal studs. Dirt smudges mark her arms and face, suggesting a wilderness survivalist. She firmly grips a wooden bow, an arrow nocked and its feather fletching visible, her posture tense and alert. Her expression is one of intense concentration and stealth. The environment is a dark, natural forest setting, with thick pine branches and textured bark in the foreground and background. The lighting is dim and dappled, creating dramatic shadows and highlighting her form with a subtle, mystical glow. The overall mood is suspenseful and wild, with a realistic, painterly style reminiscent of fantasy concept art. The composition is a medium close-up, capturing her action and intense gaze, viewed from a slightly low angle. The texture is pronounced, with visible brushstrokes and traces of paint that imitate the painting process using layered tones. Loose, energetic brushstrokes create a sense of movement and action. A sense of depth is achieved through varying densities of brushstrokes. The painting style resembles abstract realism and impressionism. Soft shadows and highlights reflect every detail and give the scene volume.",Real Value,euler_ancestral,simple,9,1.0,1.0,1024,1280
157,perturbation,blk20_pos_d0.450,20,0.450,pos,,P3_archerforest,3141592,"{""20"": 0.45}","0.000,0.000,0.000,0.000,0.000,0.000,0.000,0.000,0.000,0.000,0.000,0.000,0.000,0.000,0.000,0.000,0.000,0.000,0.000,0.000,0.450,0.000,0.000,0.000,0.000,0.000,0.000,0.000,0.000,0.000,0.000,0.000,0.000,0.000",P3_archerforest_blk20_pos_d0.450_krea2_seed3141592,P3_archerforest_blk20_pos_d0.450_krea2_seed3141592_00001_.png,"A young adult female, appearing of Caucasian ethnicity, with brown hair and piercing, focused eyes, crouches low amidst dense evergreen foliage. She wears a dark grey hood obscuring some of her hair, a vibrant crimson cloak draped over her shoulders, and earthy brown trousers. Her attire includes a dark tunic and leather bracers on her forearms, adorned with metal studs. Dirt smudges mark her arms and face, suggesting a wilderness survivalist. She firmly grips a wooden bow, an arrow nocked and its feather fletching visible, her posture tense and alert. Her expression is one of intense concentration and stealth. The environment is a dark, natural forest setting, with thick pine branches and textured bark in the foreground and background. The lighting is dim and dappled, creating dramatic shadows and highlighting her form with a subtle, mystical glow. The overall mood is suspenseful and wild, with a realistic, painterly style reminiscent of fantasy concept art. The composition is a medium close-up, capturing her action and intense gaze, viewed from a slightly low angle. The texture is pronounced, with visible brushstrokes and traces of paint that imitate the painting process using layered tones. Loose, energetic brushstrokes create a sense of movement and action. A sense of depth is achieved through varying densities of brushstrokes. The painting style resembles abstract realism and impressionism. Soft shadows and highlights reflect every detail and give the scene volume.",Real Value,euler_ancestral,simple,9,1.0,1.0,1024,1280
158,perturbation,blk21_neg_d0.450,21,0.450,neg,,P3_archerforest,3141592,"{""21"": -0.45}","0.000,0.000,0.000,0.000,0.000,0.000,0.000,0.000,0.000,0.000,0.000,0.000,0.000,0.000,0.000,0.000,0.000,0.000,0.000,0.000,0.000,-0.450,0.000,0.000,0.000,0.000,0.000,0.000,0.000,0.000,0.000,0.000,0.000,0.000",P3_archerforest_blk21_neg_d0.450_krea2_seed3141592,P3_archerforest_blk21_neg_d0.450_krea2_seed3141592_00001_.png,"A young adult female, appearing of Caucasian ethnicity, with brown hair and piercing, focused eyes, crouches low amidst dense evergreen foliage. She wears a dark grey hood obscuring some of her hair, a vibrant crimson cloak draped over her shoulders, and earthy brown trousers. Her attire includes a dark tunic and leather bracers on her forearms, adorned with metal studs. Dirt smudges mark her arms and face, suggesting a wilderness survivalist. She firmly grips a wooden bow, an arrow nocked and its feather fletching visible, her posture tense and alert. Her expression is one of intense concentration and stealth. The environment is a dark, natural forest setting, with thick pine branches and textured bark in the foreground and background. The lighting is dim and dappled, creating dramatic shadows and highlighting her form with a subtle, mystical glow. The overall mood is suspenseful and wild, with a realistic, painterly style reminiscent of fantasy concept art. The composition is a medium close-up, capturing her action and intense gaze, viewed from a slightly low angle. The texture is pronounced, with visible brushstrokes and traces of paint that imitate the painting process using layered tones. Loose, energetic brushstrokes create a sense of movement and action. A sense of depth is achieved through varying densities of brushstrokes. The painting style resembles abstract realism and impressionism. Soft shadows and highlights reflect every detail and give the scene volume.",Real Value,euler_ancestral,simple,9,1.0,1.0,1024,1280
159,perturbation,blk21_pos_d0.250,21,0.250,pos,,P3_archerforest,3141592,"{""21"": 0.25}","0.000,0.000,0.000,0.000,0.000,0.000,0.000,0.000,0.000,0.000,0.000,0.000,0.000,0.000,0.000,0.000,0.000,0.000,0.000,0.000,0.000,0.250,0.000,0.000,0.000,0.000,0.000,0.000,0.000,0.000,0.000,0.000,0.000,0.000",P3_archerforest_blk21_pos_d0.250_krea2_seed3141592,P3_archerforest_blk21_pos_d0.250_krea2_seed3141592_00001_.png,"A young adult female, appearing of Caucasian ethnicity, with brown hair and piercing, focused eyes, crouches low amidst dense evergreen foliage. She wears a dark grey hood obscuring some of her hair, a vibrant crimson cloak draped over her shoulders, and earthy brown trousers. Her attire includes a dark tunic and leather bracers on her forearms, adorned with metal studs. Dirt smudges mark her arms and face, suggesting a wilderness survivalist. She firmly grips a wooden bow, an arrow nocked and its feather fletching visible, her posture tense and alert. Her expression is one of intense concentration and stealth. The environment is a dark, natural forest setting, with thick pine branches and textured bark in the foreground and background. The lighting is dim and dappled, creating dramatic shadows and highlighting her form with a subtle, mystical glow. The overall mood is suspenseful and wild, with a realistic, painterly style reminiscent of fantasy concept art. The composition is a medium close-up, capturing her action and intense gaze, viewed from a slightly low angle. The texture is pronounced, with visible brushstrokes and traces of paint that imitate the painting process using layered tones. Loose, energetic brushstrokes create a sense of movement and action. A sense of depth is achieved through varying densities of brushstrokes. The painting style resembles abstract realism and impressionism. Soft shadows and highlights reflect every detail and give the scene volume.",Real Value,euler_ancestral,simple,9,1.0,1.0,1024,1280
160,perturbation,blk22_neg_d0.450,22,0.450,neg,,P3_archerforest,3141592,"{""22"": -0.45}","0.000,0.000,0.000,0.000,0.000,0.000,0.000,0.000,0.000,0.000,0.000,0.000,0.000,0.000,0.000,0.000,0.000,0.000,0.000,0.000,0.000,0.000,-0.450,0.000,0.000,0.000,0.000,0.000,0.000,0.000,0.000,0.000,0.000,0.000",P3_archerforest_blk22_neg_d0.450_krea2_seed3141592,P3_archerforest_blk22_neg_d0.450_krea2_seed3141592_00001_.png,"A young adult female, appearing of Caucasian ethnicity, with brown hair and piercing, focused eyes, crouches low amidst dense evergreen foliage. She wears a dark grey hood obscuring some of her hair, a vibrant crimson cloak draped over her shoulders, and earthy brown trousers. Her attire includes a dark tunic and leather bracers on her forearms, adorned with metal studs. Dirt smudges mark her arms and face, suggesting a wilderness survivalist. She firmly grips a wooden bow, an arrow nocked and its feather fletching visible, her posture tense and alert. Her expression is one of intense concentration and stealth. The environment is a dark, natural forest setting, with thick pine branches and textured bark in the foreground and background. The lighting is dim and dappled, creating dramatic shadows and highlighting her form with a subtle, mystical glow. The overall mood is suspenseful and wild, with a realistic, painterly style reminiscent of fantasy concept art. The composition is a medium close-up, capturing her action and intense gaze, viewed from a slightly low angle. The texture is pronounced, with visible brushstrokes and traces of paint that imitate the painting process using layered tones. Loose, energetic brushstrokes create a sense of movement and action. A sense of depth is achieved through varying densities of brushstrokes. The painting style resembles abstract realism and impressionism. Soft shadows and highlights reflect every detail and give the scene volume.",Real Value,euler_ancestral,simple,9,1.0,1.0,1024,1280
161,perturbation,blk22_pos_d0.250,22,0.250,pos,,P3_archerforest,3141592,"{""22"": 0.25}","0.000,0.000,0.000,0.000,0.000,0.000,0.000,0.000,0.000,0.000,0.000,0.000,0.000,0.000,0.000,0.000,0.000,0.000,0.000,0.000,0.000,0.000,0.250,0.000,0.000,0.000,0.000,0.000,0.000,0.000,0.000,0.000,0.000,0.000",P3_archerforest_blk22_pos_d0.250_krea2_seed3141592,P3_archerforest_blk22_pos_d0.250_krea2_seed3141592_00001_.png,"A young adult female, appearing of Caucasian ethnicity, with brown hair and piercing, focused eyes, crouches low amidst dense evergreen foliage. She wears a dark grey hood obscuring some of her hair, a vibrant crimson cloak draped over her shoulders, and earthy brown trousers. Her attire includes a dark tunic and leather bracers on her forearms, adorned with metal studs. Dirt smudges mark her arms and face, suggesting a wilderness survivalist. She firmly grips a wooden bow, an arrow nocked and its feather fletching visible, her posture tense and alert. Her expression is one of intense concentration and stealth. The environment is a dark, natural forest setting, with thick pine branches and textured bark in the foreground and background. The lighting is dim and dappled, creating dramatic shadows and highlighting her form with a subtle, mystical glow. The overall mood is suspenseful and wild, with a realistic, painterly style reminiscent of fantasy concept art. The composition is a medium close-up, capturing her action and intense gaze, viewed from a slightly low angle. The texture is pronounced, with visible brushstrokes and traces of paint that imitate the painting process using layered tones. Loose, energetic brushstrokes create a sense of movement and action. A sense of depth is achieved through varying densities of brushstrokes. The painting style resembles abstract realism and impressionism. Soft shadows and highlights reflect every detail and give the scene volume.",Real Value,euler_ancestral,simple,9,1.0,1.0,1024,1280
162,perturbation,blk23_neg_d0.300,23,0.300,neg,,P3_archerforest,3141592,"{""23"": -0.3}","0.000,0.000,0.000,0.000,0.000,0.000,0.000,0.000,0.000,0.000,0.000,0.000,0.000,0.000,0.000,0.000,0.000,0.000,0.000,0.000,0.000,0.000,0.000,-0.300,0.000,0.000,0.000,0.000,0.000,0.000,0.000,0.000,0.000,0.000",P3_archerforest_blk23_neg_d0.300_krea2_seed3141592,P3_archerforest_blk23_neg_d0.300_krea2_seed3141592_00001_.png,"A young adult female, appearing of Caucasian ethnicity, with brown hair and piercing, focused eyes, crouches low amidst dense evergreen foliage. She wears a dark grey hood obscuring some of her hair, a vibrant crimson cloak draped over her shoulders, and earthy brown trousers. Her attire includes a dark tunic and leather bracers on her forearms, adorned with metal studs. Dirt smudges mark her arms and face, suggesting a wilderness survivalist. She firmly grips a wooden bow, an arrow nocked and its feather fletching visible, her posture tense and alert. Her expression is one of intense concentration and stealth. The environment is a dark, natural forest setting, with thick pine branches and textured bark in the foreground and background. The lighting is dim and dappled, creating dramatic shadows and highlighting her form with a subtle, mystical glow. The overall mood is suspenseful and wild, with a realistic, painterly style reminiscent of fantasy concept art. The composition is a medium close-up, capturing her action and intense gaze, viewed from a slightly low angle. The texture is pronounced, with visible brushstrokes and traces of paint that imitate the painting process using layered tones. Loose, energetic brushstrokes create a sense of movement and action. A sense of depth is achieved through varying densities of brushstrokes. The painting style resembles abstract realism and impressionism. Soft shadows and highlights reflect every detail and give the scene volume.",Real Value,euler_ancestral,simple,9,1.0,1.0,1024,1280
163,perturbation,blk23_pos_d0.300,23,0.300,pos,,P3_archerforest,3141592,"{""23"": 0.3}","0.000,0.000,0.000,0.000,0.000,0.000,0.000,0.000,0.000,0.000,0.000,0.000,0.000,0.000,0.000,0.000,0.000,0.000,0.000,0.000,0.000,0.000,0.000,0.300,0.000,0.000,0.000,0.000,0.000,0.000,0.000,0.000,0.000,0.000",P3_archerforest_blk23_pos_d0.300_krea2_seed3141592,P3_archerforest_blk23_pos_d0.300_krea2_seed3141592_00001_.png,"A young adult female, appearing of Caucasian ethnicity, with brown hair and piercing, focused eyes, crouches low amidst dense evergreen foliage. She wears a dark grey hood obscuring some of her hair, a vibrant crimson cloak draped over her shoulders, and earthy brown trousers. Her attire includes a dark tunic and leather bracers on her forearms, adorned with metal studs. Dirt smudges mark her arms and face, suggesting a wilderness survivalist. She firmly grips a wooden bow, an arrow nocked and its feather fletching visible, her posture tense and alert. Her expression is one of intense concentration and stealth. The environment is a dark, natural forest setting, with thick pine branches and textured bark in the foreground and background. The lighting is dim and dappled, creating dramatic shadows and highlighting her form with a subtle, mystical glow. The overall mood is suspenseful and wild, with a realistic, painterly style reminiscent of fantasy concept art. The composition is a medium close-up, capturing her action and intense gaze, viewed from a slightly low angle. The texture is pronounced, with visible brushstrokes and traces of paint that imitate the painting process using layered tones. Loose, energetic brushstrokes create a sense of movement and action. A sense of depth is achieved through varying densities of brushstrokes. The painting style resembles abstract realism and impressionism. Soft shadows and highlights reflect every detail and give the scene volume.",Real Value,euler_ancestral,simple,9,1.0,1.0,1024,1280
164,perturbation,blk24_neg_d0.400,24,0.400,neg,,P3_archerforest,3141592,"{""24"": -0.4}","0.000,0.000,0.000,0.000,0.000,0.000,0.000,0.000,0.000,0.000,0.000,0.000,0.000,0.000,0.000,0.000,0.000,0.000,0.000,0.000,0.000,0.000,0.000,0.000,-0.400,0.000,0.000,0.000,0.000,0.000,0.000,0.000,0.000,0.000",P3_archerforest_blk24_neg_d0.400_krea2_seed3141592,P3_archerforest_blk24_neg_d0.400_krea2_seed3141592_00001_.png,"A young adult female, appearing of Caucasian ethnicity, with brown hair and piercing, focused eyes, crouches low amidst dense evergreen foliage. She wears a dark grey hood obscuring some of her hair, a vibrant crimson cloak draped over her shoulders, and earthy brown trousers. Her attire includes a dark tunic and leather bracers on her forearms, adorned with metal studs. Dirt smudges mark her arms and face, suggesting a wilderness survivalist. She firmly grips a wooden bow, an arrow nocked and its feather fletching visible, her posture tense and alert. Her expression is one of intense concentration and stealth. The environment is a dark, natural forest setting, with thick pine branches and textured bark in the foreground and background. The lighting is dim and dappled, creating dramatic shadows and highlighting her form with a subtle, mystical glow. The overall mood is suspenseful and wild, with a realistic, painterly style reminiscent of fantasy concept art. The composition is a medium close-up, capturing her action and intense gaze, viewed from a slightly low angle. The texture is pronounced, with visible brushstrokes and traces of paint that imitate the painting process using layered tones. Loose, energetic brushstrokes create a sense of movement and action. A sense of depth is achieved through varying densities of brushstrokes. The painting style resembles abstract realism and impressionism. Soft shadows and highlights reflect every detail and give the scene volume.",Real Value,euler_ancestral,simple,9,1.0,1.0,1024,1280
165,perturbation,blk24_pos_d0.200,24,0.200,pos,,P3_archerforest,3141592,"{""24"": 0.2}","0.000,0.000,0.000,0.000,0.000,0.000,0.000,0.000,0.000,0.000,0.000,0.000,0.000,0.000,0.000,0.000,0.000,0.000,0.000,0.000,0.000,0.000,0.000,0.000,0.200,0.000,0.000,0.000,0.000,0.000,0.000,0.000,0.000,0.000",P3_archerforest_blk24_pos_d0.200_krea2_seed3141592,P3_archerforest_blk24_pos_d0.200_krea2_seed3141592_00001_.png,"A young adult female, appearing of Caucasian ethnicity, with brown hair and piercing, focused eyes, crouches low amidst dense evergreen foliage. She wears a dark grey hood obscuring some of her hair, a vibrant crimson cloak draped over her shoulders, and earthy brown trousers. Her attire includes a dark tunic and leather bracers on her forearms, adorned with metal studs. Dirt smudges mark her arms and face, suggesting a wilderness survivalist. She firmly grips a wooden bow, an arrow nocked and its feather fletching visible, her posture tense and alert. Her expression is one of intense concentration and stealth. The environment is a dark, natural forest setting, with thick pine branches and textured bark in the foreground and background. The lighting is dim and dappled, creating dramatic shadows and highlighting her form with a subtle, mystical glow. The overall mood is suspenseful and wild, with a realistic, painterly style reminiscent of fantasy concept art. The composition is a medium close-up, capturing her action and intense gaze, viewed from a slightly low angle. The texture is pronounced, with visible brushstrokes and traces of paint that imitate the painting process using layered tones. Loose, energetic brushstrokes create a sense of movement and action. A sense of depth is achieved through varying densities of brushstrokes. The painting style resembles abstract realism and impressionism. Soft shadows and highlights reflect every detail and give the scene volume.",Real Value,euler_ancestral,simple,9,1.0,1.0,1024,1280
166,perturbation,blk25_neg_d0.450,25,0.450,neg,,P3_archerforest,3141592,"{""25"": -0.45}","0.000,0.000,0.000,0.000,0.000,0.000,0.000,0.000,0.000,0.000,0.000,0.000,0.000,0.000,0.000,0.000,0.000,0.000,0.000,0.000,0.000,0.000,0.000,0.000,0.000,-0.450,0.000,0.000,0.000,0.000,0.000,0.000,0.000,0.000",P3_archerforest_blk25_neg_d0.450_krea2_seed3141592,P3_archerforest_blk25_neg_d0.450_krea2_seed3141592_00001_.png,"A young adult female, appearing of Caucasian ethnicity, with brown hair and piercing, focused eyes, crouches low amidst dense evergreen foliage. She wears a dark grey hood obscuring some of her hair, a vibrant crimson cloak draped over her shoulders, and earthy brown trousers. Her attire includes a dark tunic and leather bracers on her forearms, adorned with metal studs. Dirt smudges mark her arms and face, suggesting a wilderness survivalist. She firmly grips a wooden bow, an arrow nocked and its feather fletching visible, her posture tense and alert. Her expression is one of intense concentration and stealth. The environment is a dark, natural forest setting, with thick pine branches and textured bark in the foreground and background. The lighting is dim and dappled, creating dramatic shadows and highlighting her form with a subtle, mystical glow. The overall mood is suspenseful and wild, with a realistic, painterly style reminiscent of fantasy concept art. The composition is a medium close-up, capturing her action and intense gaze, viewed from a slightly low angle. The texture is pronounced, with visible brushstrokes and traces of paint that imitate the painting process using layered tones. Loose, energetic brushstrokes create a sense of movement and action. A sense of depth is achieved through varying densities of brushstrokes. The painting style resembles abstract realism and impressionism. Soft shadows and highlights reflect every detail and give the scene volume.",Real Value,euler_ancestral,simple,9,1.0,1.0,1024,1280
167,perturbation,blk25_pos_d0.250,25,0.250,pos,,P3_archerforest,3141592,"{""25"": 0.25}","0.000,0.000,0.000,0.000,0.000,0.000,0.000,0.000,0.000,0.000,0.000,0.000,0.000,0.000,0.000,0.000,0.000,0.000,0.000,0.000,0.000,0.000,0.000,0.000,0.000,0.250,0.000,0.000,0.000,0.000,0.000,0.000,0.000,0.000",P3_archerforest_blk25_pos_d0.250_krea2_seed3141592,P3_archerforest_blk25_pos_d0.250_krea2_seed3141592_00001_.png,"A young adult female, appearing of Caucasian ethnicity, with brown hair and piercing, focused eyes, crouches low amidst dense evergreen foliage. She wears a dark grey hood obscuring some of her hair, a vibrant crimson cloak draped over her shoulders, and earthy brown trousers. Her attire includes a dark tunic and leather bracers on her forearms, adorned with metal studs. Dirt smudges mark her arms and face, suggesting a wilderness survivalist. She firmly grips a wooden bow, an arrow nocked and its feather fletching visible, her posture tense and alert. Her expression is one of intense concentration and stealth. The environment is a dark, natural forest setting, with thick pine branches and textured bark in the foreground and background. The lighting is dim and dappled, creating dramatic shadows and highlighting her form with a subtle, mystical glow. The overall mood is suspenseful and wild, with a realistic, painterly style reminiscent of fantasy concept art. The composition is a medium close-up, capturing her action and intense gaze, viewed from a slightly low angle. The texture is pronounced, with visible brushstrokes and traces of paint that imitate the painting process using layered tones. Loose, energetic brushstrokes create a sense of movement and action. A sense of depth is achieved through varying densities of brushstrokes. The painting style resembles abstract realism and impressionism. Soft shadows and highlights reflect every detail and give the scene volume.",Real Value,euler_ancestral,simple,9,1.0,1.0,1024,1280
168,perturbation,blk26_neg_d0.250,26,0.250,neg,,P3_archerforest,3141592,"{""26"": -0.25}","0.000,0.000,0.000,0.000,0.000,0.000,0.000,0.000,0.000,0.000,0.000,0.000,0.000,0.000,0.000,0.000,0.000,0.000,0.000,0.000,0.000,0.000,0.000,0.000,0.000,0.000,-0.250,0.000,0.000,0.000,0.000,0.000,0.000,0.000",P3_archerforest_blk26_neg_d0.250_krea2_seed3141592,P3_archerforest_blk26_neg_d0.250_krea2_seed3141592_00001_.png,"A young adult female, appearing of Caucasian ethnicity, with brown hair and piercing, focused eyes, crouches low amidst dense evergreen foliage. She wears a dark grey hood obscuring some of her hair, a vibrant crimson cloak draped over her shoulders, and earthy brown trousers. Her attire includes a dark tunic and leather bracers on her forearms, adorned with metal studs. Dirt smudges mark her arms and face, suggesting a wilderness survivalist. She firmly grips a wooden bow, an arrow nocked and its feather fletching visible, her posture tense and alert. Her expression is one of intense concentration and stealth. The environment is a dark, natural forest setting, with thick pine branches and textured bark in the foreground and background. The lighting is dim and dappled, creating dramatic shadows and highlighting her form with a subtle, mystical glow. The overall mood is suspenseful and wild, with a realistic, painterly style reminiscent of fantasy concept art. The composition is a medium close-up, capturing her action and intense gaze, viewed from a slightly low angle. The texture is pronounced, with visible brushstrokes and traces of paint that imitate the painting process using layered tones. Loose, energetic brushstrokes create a sense of movement and action. A sense of depth is achieved through varying densities of brushstrokes. The painting style resembles abstract realism and impressionism. Soft shadows and highlights reflect every detail and give the scene volume.",Real Value,euler_ancestral,simple,9,1.0,1.0,1024,1280
169,perturbation,blk26_pos_d0.150,26,0.150,pos,,P3_archerforest,3141592,"{""26"": 0.15}","0.000,0.000,0.000,0.000,0.000,0.000,0.000,0.000,0.000,0.000,0.000,0.000,0.000,0.000,0.000,0.000,0.000,0.000,0.000,0.000,0.000,0.000,0.000,0.000,0.000,0.000,0.150,0.000,0.000,0.000,0.000,0.000,0.000,0.000",P3_archerforest_blk26_pos_d0.150_krea2_seed3141592,P3_archerforest_blk26_pos_d0.150_krea2_seed3141592_00001_.png,"A young adult female, appearing of Caucasian ethnicity, with brown hair and piercing, focused eyes, crouches low amidst dense evergreen foliage. She wears a dark grey hood obscuring some of her hair, a vibrant crimson cloak draped over her shoulders, and earthy brown trousers. Her attire includes a dark tunic and leather bracers on her forearms, adorned with metal studs. Dirt smudges mark her arms and face, suggesting a wilderness survivalist. She firmly grips a wooden bow, an arrow nocked and its feather fletching visible, her posture tense and alert. Her expression is one of intense concentration and stealth. The environment is a dark, natural forest setting, with thick pine branches and textured bark in the foreground and background. The lighting is dim and dappled, creating dramatic shadows and highlighting her form with a subtle, mystical glow. The overall mood is suspenseful and wild, with a realistic, painterly style reminiscent of fantasy concept art. The composition is a medium close-up, capturing her action and intense gaze, viewed from a slightly low angle. The texture is pronounced, with visible brushstrokes and traces of paint that imitate the painting process using layered tones. Loose, energetic brushstrokes create a sense of movement and action. A sense of depth is achieved through varying densities of brushstrokes. The painting style resembles abstract realism and impressionism. Soft shadows and highlights reflect every detail and give the scene volume.",Real Value,euler_ancestral,simple,9,1.0,1.0,1024,1280
170,perturbation,blk27_neg_d0.250,27,0.250,neg,,P3_archerforest,3141592,"{""27"": -0.25}","0.000,0.000,0.000,0.000,0.000,0.000,0.000,0.000,0.000,0.000,0.000,0.000,0.000,0.000,0.000,0.000,0.000,0.000,0.000,0.000,0.000,0.000,0.000,0.000,0.000,0.000,0.000,-0.250,0.000,0.000,0.000,0.000,0.000,0.000",P3_archerforest_blk27_neg_d0.250_krea2_seed3141592,P3_archerforest_blk27_neg_d0.250_krea2_seed3141592_00001_.png,"A young adult female, appearing of Caucasian ethnicity, with brown hair and piercing, focused eyes, crouches low amidst dense evergreen foliage. She wears a dark grey hood obscuring some of her hair, a vibrant crimson cloak draped over her shoulders, and earthy brown trousers. Her attire includes a dark tunic and leather bracers on her forearms, adorned with metal studs. Dirt smudges mark her arms and face, suggesting a wilderness survivalist. She firmly grips a wooden bow, an arrow nocked and its feather fletching visible, her posture tense and alert. Her expression is one of intense concentration and stealth. The environment is a dark, natural forest setting, with thick pine branches and textured bark in the foreground and background. The lighting is dim and dappled, creating dramatic shadows and highlighting her form with a subtle, mystical glow. The overall mood is suspenseful and wild, with a realistic, painterly style reminiscent of fantasy concept art. The composition is a medium close-up, capturing her action and intense gaze, viewed from a slightly low angle. The texture is pronounced, with visible brushstrokes and traces of paint that imitate the painting process using layered tones. Loose, energetic brushstrokes create a sense of movement and action. A sense of depth is achieved through varying densities of brushstrokes. The painting style resembles abstract realism and impressionism. Soft shadows and highlights reflect every detail and give the scene volume.",Real Value,euler_ancestral,simple,9,1.0,1.0,1024,1280
171,perturbation,blk27_pos_d0.050,27,0.050,pos,,P3_archerforest,3141592,"{""27"": 0.05}","0.000,0.000,0.000,0.000,0.000,0.000,0.000,0.000,0.000,0.000,0.000,0.000,0.000,0.000,0.000,0.000,0.000,0.000,0.000,0.000,0.000,0.000,0.000,0.000,0.000,0.000,0.000,0.050,0.000,0.000,0.000,0.000,0.000,0.000",P3_archerforest_blk27_pos_d0.050_krea2_seed3141592,P3_archerforest_blk27_pos_d0.050_krea2_seed3141592_00001_.png,"A young adult female, appearing of Caucasian ethnicity, with brown hair and piercing, focused eyes, crouches low amidst dense evergreen foliage. She wears a dark grey hood obscuring some of her hair, a vibrant crimson cloak draped over her shoulders, and earthy brown trousers. Her attire includes a dark tunic and leather bracers on her forearms, adorned with metal studs. Dirt smudges mark her arms and face, suggesting a wilderness survivalist. She firmly grips a wooden bow, an arrow nocked and its feather fletching visible, her posture tense and alert. Her expression is one of intense concentration and stealth. The environment is a dark, natural forest setting, with thick pine branches and textured bark in the foreground and background. The lighting is dim and dappled, creating dramatic shadows and highlighting her form with a subtle, mystical glow. The overall mood is suspenseful and wild, with a realistic, painterly style reminiscent of fantasy concept art. The composition is a medium close-up, capturing her action and intense gaze, viewed from a slightly low angle. The texture is pronounced, with visible brushstrokes and traces of paint that imitate the painting process using layered tones. Loose, energetic brushstrokes create a sense of movement and action. A sense of depth is achieved through varying densities of brushstrokes. The painting style resembles abstract realism and impressionism. Soft shadows and highlights reflect every detail and give the scene volume.",Real Value,euler_ancestral,simple,9,1.0,1.0,1024,1280
172,baseline,baseline,,0.000,,,P4_selfie,1618033,{},,P4_selfie_baseline_krea2_seed1618033,P4_selfie_baseline_krea2_seed1618033_00001_.png,"A young woman poses for a playful outdoor selfie under a clear blue sky, holding a large iced green drink with a straw. Her dark curly hair is styled loosely with strands framing her face, and she wears a light cream textured top, a delicate necklace, and a statement ring. Her dotted manicure and winking expression add a fun, carefree touch, while the bright sunlight and low-angle perspective give the image a fresh, summery, candid feel.",Real Value,euler_ancestral,simple,9,1.0,1.0,1024,1280
173,perturbation,blk00_neg_d0.200,0,0.200,neg,,P4_selfie,1618033,"{""0"": -0.2}","-0.200,0.000,0.000,0.000,0.000,0.000,0.000,0.000,0.000,0.000,0.000,0.000,0.000,0.000,0.000,0.000,0.000,0.000,0.000,0.000,0.000,0.000,0.000,0.000,0.000,0.000,0.000,0.000,0.000,0.000,0.000,0.000,0.000,0.000",P4_selfie_blk00_neg_d0.200_krea2_seed1618033,P4_selfie_blk00_neg_d0.200_krea2_seed1618033_00001_.png,"A young woman poses for a playful outdoor selfie under a clear blue sky, holding a large iced green drink with a straw. Her dark curly hair is styled loosely with strands framing her face, and she wears a light cream textured top, a delicate necklace, and a statement ring. Her dotted manicure and winking expression add a fun, carefree touch, while the bright sunlight and low-angle perspective give the image a fresh, summery, candid feel.",Real Value,euler_ancestral,simple,9,1.0,1.0,1024,1280
174,perturbation,blk00_pos_d0.250,0,0.250,pos,,P4_selfie,1618033,"{""0"": 0.25}","0.250,0.000,0.000,0.000,0.000,0.000,0.000,0.000,0.000,0.000,0.000,0.000,0.000,0.000,0.000,0.000,0.000,0.000,0.000,0.000,0.000,0.000,0.000,0.000,0.000,0.000,0.000,0.000,0.000,0.000,0.000,0.000,0.000,0.000",P4_selfie_blk00_pos_d0.250_krea2_seed1618033,P4_selfie_blk00_pos_d0.250_krea2_seed1618033_00001_.png,"A young woman poses for a playful outdoor selfie under a clear blue sky, holding a large iced green drink with a straw. Her dark curly hair is styled loosely with strands framing her face, and she wears a light cream textured top, a delicate necklace, and a statement ring. Her dotted manicure and winking expression add a fun, carefree touch, while the bright sunlight and low-angle perspective give the image a fresh, summery, candid feel.",Real Value,euler_ancestral,simple,9,1.0,1.0,1024,1280
175,perturbation,blk01_neg_d0.400,1,0.400,neg,,P4_selfie,1618033,"{""1"": -0.4}","0.000,-0.400,0.000,0.000,0.000,0.000,0.000,0.000,0.000,0.000,0.000,0.000,0.000,0.000,0.000,0.000,0.000,0.000,0.000,0.000,0.000,0.000,0.000,0.000,0.000,0.000,0.000,0.000,0.000,0.000,0.000,0.000,0.000,0.000",P4_selfie_blk01_neg_d0.400_krea2_seed1618033,P4_selfie_blk01_neg_d0.400_krea2_seed1618033_00001_.png,"A young woman poses for a playful outdoor selfie under a clear blue sky, holding a large iced green drink with a straw. Her dark curly hair is styled loosely with strands framing her face, and she wears a light cream textured top, a delicate necklace, and a statement ring. Her dotted manicure and winking expression add a fun, carefree touch, while the bright sunlight and low-angle perspective give the image a fresh, summery, candid feel.",Real Value,euler_ancestral,simple,9,1.0,1.0,1024,1280
176,perturbation,blk01_pos_d0.250,1,0.250,pos,,P4_selfie,1618033,"{""1"": 0.25}","0.000,0.250,0.000,0.000,0.000,0.000,0.000,0.000,0.000,0.000,0.000,0.000,0.000,0.000,0.000,0.000,0.000,0.000,0.000,0.000,0.000,0.000,0.000,0.000,0.000,0.000,0.000,0.000,0.000,0.000,0.000,0.000,0.000,0.000",P4_selfie_blk01_pos_d0.250_krea2_seed1618033,P4_selfie_blk01_pos_d0.250_krea2_seed1618033_00001_.png,"A young woman poses for a playful outdoor selfie under a clear blue sky, holding a large iced green drink with a straw. Her dark curly hair is styled loosely with strands framing her face, and she wears a light cream textured top, a delicate necklace, and a statement ring. Her dotted manicure and winking expression add a fun, carefree touch, while the bright sunlight and low-angle perspective give the image a fresh, summery, candid feel.",Real Value,euler_ancestral,simple,9,1.0,1.0,1024,1280
177,perturbation,blk02_neg_d0.450,2,0.450,neg,,P4_selfie,1618033,"{""2"": -0.45}","0.000,0.000,-0.450,0.000,0.000,0.000,0.000,0.000,0.000,0.000,0.000,0.000,0.000,0.000,0.000,0.000,0.000,0.000,0.000,0.000,0.000,0.000,0.000,0.000,0.000,0.000,0.000,0.000,0.000,0.000,0.000,0.000,0.000,0.000",P4_selfie_blk02_neg_d0.450_krea2_seed1618033,P4_selfie_blk02_neg_d0.450_krea2_seed1618033_00001_.png,"A young woman poses for a playful outdoor selfie under a clear blue sky, holding a large iced green drink with a straw. Her dark curly hair is styled loosely with strands framing her face, and she wears a light cream textured top, a delicate necklace, and a statement ring. Her dotted manicure and winking expression add a fun, carefree touch, while the bright sunlight and low-angle perspective give the image a fresh, summery, candid feel.",Real Value,euler_ancestral,simple,9,1.0,1.0,1024,1280
178,perturbation,blk02_pos_d0.400,2,0.400,pos,,P4_selfie,1618033,"{""2"": 0.4}","0.000,0.000,0.400,0.000,0.000,0.000,0.000,0.000,0.000,0.000,0.000,0.000,0.000,0.000,0.000,0.000,0.000,0.000,0.000,0.000,0.000,0.000,0.000,0.000,0.000,0.000,0.000,0.000,0.000,0.000,0.000,0.000,0.000,0.000",P4_selfie_blk02_pos_d0.400_krea2_seed1618033,P4_selfie_blk02_pos_d0.400_krea2_seed1618033_00001_.png,"A young woman poses for a playful outdoor selfie under a clear blue sky, holding a large iced green drink with a straw. Her dark curly hair is styled loosely with strands framing her face, and she wears a light cream textured top, a delicate necklace, and a statement ring. Her dotted manicure and winking expression add a fun, carefree touch, while the bright sunlight and low-angle perspective give the image a fresh, summery, candid feel.",Real Value,euler_ancestral,simple,9,1.0,1.0,1024,1280
179,perturbation,blk03_neg_d0.550,3,0.550,neg,,P4_selfie,1618033,"{""3"": -0.55}","0.000,0.000,0.000,-0.550,0.000,0.000,0.000,0.000,0.000,0.000,0.000,0.000,0.000,0.000,0.000,0.000,0.000,0.000,0.000,0.000,0.000,0.000,0.000,0.000,0.000,0.000,0.000,0.000,0.000,0.000,0.000,0.000,0.000,0.000",P4_selfie_blk03_neg_d0.550_krea2_seed1618033,P4_selfie_blk03_neg_d0.550_krea2_seed1618033_00001_.png,"A young woman poses for a playful outdoor selfie under a clear blue sky, holding a large iced green drink with a straw. Her dark curly hair is styled loosely with strands framing her face, and she wears a light cream textured top, a delicate necklace, and a statement ring. Her dotted manicure and winking expression add a fun, carefree touch, while the bright sunlight and low-angle perspective give the image a fresh, summery, candid feel.",Real Value,euler_ancestral,simple,9,1.0,1.0,1024,1280
180,perturbation,blk03_pos_d0.400,3,0.400,pos,,P4_selfie,1618033,"{""3"": 0.4}","0.000,0.000,0.000,0.400,0.000,0.000,0.000,0.000,0.000,0.000,0.000,0.000,0.000,0.000,0.000,0.000,0.000,0.000,0.000,0.000,0.000,0.000,0.000,0.000,0.000,0.000,0.000,0.000,0.000,0.000,0.000,0.000,0.000,0.000",P4_selfie_blk03_pos_d0.400_krea2_seed1618033,P4_selfie_blk03_pos_d0.400_krea2_seed1618033_00001_.png,"A young woman poses for a playful outdoor selfie under a clear blue sky, holding a large iced green drink with a straw. Her dark curly hair is styled loosely with strands framing her face, and she wears a light cream textured top, a delicate necklace, and a statement ring. Her dotted manicure and winking expression add a fun, carefree touch, while the bright sunlight and low-angle perspective give the image a fresh, summery, candid feel.",Real Value,euler_ancestral,simple,9,1.0,1.0,1024,1280
181,perturbation,blk04_neg_d0.550,4,0.550,neg,,P4_selfie,1618033,"{""4"": -0.55}","0.000,0.000,0.000,0.000,-0.550,0.000,0.000,0.000,0.000,0.000,0.000,0.000,0.000,0.000,0.000,0.000,0.000,0.000,0.000,0.000,0.000,0.000,0.000,0.000,0.000,0.000,0.000,0.000,0.000,0.000,0.000,0.000,0.000,0.000",P4_selfie_blk04_neg_d0.550_krea2_seed1618033,P4_selfie_blk04_neg_d0.550_krea2_seed1618033_00001_.png,"A young woman poses for a playful outdoor selfie under a clear blue sky, holding a large iced green drink with a straw. Her dark curly hair is styled loosely with strands framing her face, and she wears a light cream textured top, a delicate necklace, and a statement ring. Her dotted manicure and winking expression add a fun, carefree touch, while the bright sunlight and low-angle perspective give the image a fresh, summery, candid feel.",Real Value,euler_ancestral,simple,9,1.0,1.0,1024,1280
182,perturbation,blk04_pos_d0.550,4,0.550,pos,,P4_selfie,1618033,"{""4"": 0.55}","0.000,0.000,0.000,0.000,0.550,0.000,0.000,0.000,0.000,0.000,0.000,0.000,0.000,0.000,0.000,0.000,0.000,0.000,0.000,0.000,0.000,0.000,0.000,0.000,0.000,0.000,0.000,0.000,0.000,0.000,0.000,0.000,0.000,0.000",P4_selfie_blk04_pos_d0.550_krea2_seed1618033,P4_selfie_blk04_pos_d0.550_krea2_seed1618033_00001_.png,"A young woman poses for a playful outdoor selfie under a clear blue sky, holding a large iced green drink with a straw. Her dark curly hair is styled loosely with strands framing her face, and she wears a light cream textured top, a delicate necklace, and a statement ring. Her dotted manicure and winking expression add a fun, carefree touch, while the bright sunlight and low-angle perspective give the image a fresh, summery, candid feel.",Real Value,euler_ancestral,simple,9,1.0,1.0,1024,1280
183,perturbation,blk05_neg_d0.550,5,0.550,neg,,P4_selfie,1618033,"{""5"": -0.55}","0.000,0.000,0.000,0.000,0.000,-0.550,0.000,0.000,0.000,0.000,0.000,0.000,0.000,0.000,0.000,0.000,0.000,0.000,0.000,0.000,0.000,0.000,0.000,0.000,0.000,0.000,0.000,0.000,0.000,0.000,0.000,0.000,0.000,0.000",P4_selfie_blk05_neg_d0.550_krea2_seed1618033,P4_selfie_blk05_neg_d0.550_krea2_seed1618033_00001_.png,"A young woman poses for a playful outdoor selfie under a clear blue sky, holding a large iced green drink with a straw. Her dark curly hair is styled loosely with strands framing her face, and she wears a light cream textured top, a delicate necklace, and a statement ring. Her dotted manicure and winking expression add a fun, carefree touch, while the bright sunlight and low-angle perspective give the image a fresh, summery, candid feel.",Real Value,euler_ancestral,simple,9,1.0,1.0,1024,1280
184,perturbation,blk05_pos_d0.550,5,0.550,pos,,P4_selfie,1618033,"{""5"": 0.55}","0.000,0.000,0.000,0.000,0.000,0.550,0.000,0.000,0.000,0.000,0.000,0.000,0.000,0.000,0.000,0.000,0.000,0.000,0.000,0.000,0.000,0.000,0.000,0.000,0.000,0.000,0.000,0.000,0.000,0.000,0.000,0.000,0.000,0.000",P4_selfie_blk05_pos_d0.550_krea2_seed1618033,P4_selfie_blk05_pos_d0.550_krea2_seed1618033_00001_.png,"A young woman poses for a playful outdoor selfie under a clear blue sky, holding a large iced green drink with a straw. Her dark curly hair is styled loosely with strands framing her face, and she wears a light cream textured top, a delicate necklace, and a statement ring. Her dotted manicure and winking expression add a fun, carefree touch, while the bright sunlight and low-angle perspective give the image a fresh, summery, candid feel.",Real Value,euler_ancestral,simple,9,1.0,1.0,1024,1280
185,perturbation,blk06_neg_d0.550,6,0.550,neg,,P4_selfie,1618033,"{""6"": -0.55}","0.000,0.000,0.000,0.000,0.000,0.000,-0.550,0.000,0.000,0.000,0.000,0.000,0.000,0.000,0.000,0.000,0.000,0.000,0.000,0.000,0.000,0.000,0.000,0.000,0.000,0.000,0.000,0.000,0.000,0.000,0.000,0.000,0.000,0.000",P4_selfie_blk06_neg_d0.550_krea2_seed1618033,P4_selfie_blk06_neg_d0.550_krea2_seed1618033_00001_.png,"A young woman poses for a playful outdoor selfie under a clear blue sky, holding a large iced green drink with a straw. Her dark curly hair is styled loosely with strands framing her face, and she wears a light cream textured top, a delicate necklace, and a statement ring. Her dotted manicure and winking expression add a fun, carefree touch, while the bright sunlight and low-angle perspective give the image a fresh, summery, candid feel.",Real Value,euler_ancestral,simple,9,1.0,1.0,1024,1280
186,perturbation,blk06_pos_d0.550,6,0.550,pos,,P4_selfie,1618033,"{""6"": 0.55}","0.000,0.000,0.000,0.000,0.000,0.000,0.550,0.000,0.000,0.000,0.000,0.000,0.000,0.000,0.000,0.000,0.000,0.000,0.000,0.000,0.000,0.000,0.000,0.000,0.000,0.000,0.000,0.000,0.000,0.000,0.000,0.000,0.000,0.000",P4_selfie_blk06_pos_d0.550_krea2_seed1618033,P4_selfie_blk06_pos_d0.550_krea2_seed1618033_00001_.png,"A young woman poses for a playful outdoor selfie under a clear blue sky, holding a large iced green drink with a straw. Her dark curly hair is styled loosely with strands framing her face, and she wears a light cream textured top, a delicate necklace, and a statement ring. Her dotted manicure and winking expression add a fun, carefree touch, while the bright sunlight and low-angle perspective give the image a fresh, summery, candid feel.",Real Value,euler_ancestral,simple,9,1.0,1.0,1024,1280
187,perturbation,blk07_neg_d0.550,7,0.550,neg,,P4_selfie,1618033,"{""7"": -0.55}","0.000,0.000,0.000,0.000,0.000,0.000,0.000,-0.550,0.000,0.000,0.000,0.000,0.000,0.000,0.000,0.000,0.000,0.000,0.000,0.000,0.000,0.000,0.000,0.000,0.000,0.000,0.000,0.000,0.000,0.000,0.000,0.000,0.000,0.000",P4_selfie_blk07_neg_d0.550_krea2_seed1618033,P4_selfie_blk07_neg_d0.550_krea2_seed1618033_00001_.png,"A young woman poses for a playful outdoor selfie under a clear blue sky, holding a large iced green drink with a straw. Her dark curly hair is styled loosely with strands framing her face, and she wears a light cream textured top, a delicate necklace, and a statement ring. Her dotted manicure and winking expression add a fun, carefree touch, while the bright sunlight and low-angle perspective give the image a fresh, summery, candid feel.",Real Value,euler_ancestral,simple,9,1.0,1.0,1024,1280
188,perturbation,blk07_pos_d0.550,7,0.550,pos,,P4_selfie,1618033,"{""7"": 0.55}","0.000,0.000,0.000,0.000,0.000,0.000,0.000,0.550,0.000,0.000,0.000,0.000,0.000,0.000,0.000,0.000,0.000,0.000,0.000,0.000,0.000,0.000,0.000,0.000,0.000,0.000,0.000,0.000,0.000,0.000,0.000,0.000,0.000,0.000",P4_selfie_blk07_pos_d0.550_krea2_seed1618033,P4_selfie_blk07_pos_d0.550_krea2_seed1618033_00001_.png,"A young woman poses for a playful outdoor selfie under a clear blue sky, holding a large iced green drink with a straw. Her dark curly hair is styled loosely with strands framing her face, and she wears a light cream textured top, a delicate necklace, and a statement ring. Her dotted manicure and winking expression add a fun, carefree touch, while the bright sunlight and low-angle perspective give the image a fresh, summery, candid feel.",Real Value,euler_ancestral,simple,9,1.0,1.0,1024,1280
189,perturbation,blk08_neg_d0.550,8,0.550,neg,,P4_selfie,1618033,"{""8"": -0.55}","0.000,0.000,0.000,0.000,0.000,0.000,0.000,0.000,-0.550,0.000,0.000,0.000,0.000,0.000,0.000,0.000,0.000,0.000,0.000,0.000,0.000,0.000,0.000,0.000,0.000,0.000,0.000,0.000,0.000,0.000,0.000,0.000,0.000,0.000",P4_selfie_blk08_neg_d0.550_krea2_seed1618033,P4_selfie_blk08_neg_d0.550_krea2_seed1618033_00001_.png,"A young woman poses for a playful outdoor selfie under a clear blue sky, holding a large iced green drink with a straw. Her dark curly hair is styled loosely with strands framing her face, and she wears a light cream textured top, a delicate necklace, and a statement ring. Her dotted manicure and winking expression add a fun, carefree touch, while the bright sunlight and low-angle perspective give the image a fresh, summery, candid feel.",Real Value,euler_ancestral,simple,9,1.0,1.0,1024,1280
190,perturbation,blk08_pos_d0.550,8,0.550,pos,,P4_selfie,1618033,"{""8"": 0.55}","0.000,0.000,0.000,0.000,0.000,0.000,0.000,0.000,0.550,0.000,0.000,0.000,0.000,0.000,0.000,0.000,0.000,0.000,0.000,0.000,0.000,0.000,0.000,0.000,0.000,0.000,0.000,0.000,0.000,0.000,0.000,0.000,0.000,0.000",P4_selfie_blk08_pos_d0.550_krea2_seed1618033,P4_selfie_blk08_pos_d0.550_krea2_seed1618033_00001_.png,"A young woman poses for a playful outdoor selfie under a clear blue sky, holding a large iced green drink with a straw. Her dark curly hair is styled loosely with strands framing her face, and she wears a light cream textured top, a delicate necklace, and a statement ring. Her dotted manicure and winking expression add a fun, carefree touch, while the bright sunlight and low-angle perspective give the image a fresh, summery, candid feel.",Real Value,euler_ancestral,simple,9,1.0,1.0,1024,1280
191,perturbation,blk09_neg_d0.550,9,0.550,neg,,P4_selfie,1618033,"{""9"": -0.55}","0.000,0.000,0.000,0.000,0.000,0.000,0.000,0.000,0.000,-0.550,0.000,0.000,0.000,0.000,0.000,0.000,0.000,0.000,0.000,0.000,0.000,0.000,0.000,0.000,0.000,0.000,0.000,0.000,0.000,0.000,0.000,0.000,0.000,0.000",P4_selfie_blk09_neg_d0.550_krea2_seed1618033,P4_selfie_blk09_neg_d0.550_krea2_seed1618033_00001_.png,"A young woman poses for a playful outdoor selfie under a clear blue sky, holding a large iced green drink with a straw. Her dark curly hair is styled loosely with strands framing her face, and she wears a light cream textured top, a delicate necklace, and a statement ring. Her dotted manicure and winking expression add a fun, carefree touch, while the bright sunlight and low-angle perspective give the image a fresh, summery, candid feel.",Real Value,euler_ancestral,simple,9,1.0,1.0,1024,1280
192,perturbation,blk09_pos_d0.550,9,0.550,pos,,P4_selfie,1618033,"{""9"": 0.55}","0.000,0.000,0.000,0.000,0.000,0.000,0.000,0.000,0.000,0.550,0.000,0.000,0.000,0.000,0.000,0.000,0.000,0.000,0.000,0.000,0.000,0.000,0.000,0.000,0.000,0.000,0.000,0.000,0.000,0.000,0.000,0.000,0.000,0.000",P4_selfie_blk09_pos_d0.550_krea2_seed1618033,P4_selfie_blk09_pos_d0.550_krea2_seed1618033_00001_.png,"A young woman poses for a playful outdoor selfie under a clear blue sky, holding a large iced green drink with a straw. Her dark curly hair is styled loosely with strands framing her face, and she wears a light cream textured top, a delicate necklace, and a statement ring. Her dotted manicure and winking expression add a fun, carefree touch, while the bright sunlight and low-angle perspective give the image a fresh, summery, candid feel.",Real Value,euler_ancestral,simple,9,1.0,1.0,1024,1280
193,perturbation,blk10_neg_d0.450,10,0.450,neg,,P4_selfie,1618033,"{""10"": -0.45}","0.000,0.000,0.000,0.000,0.000,0.000,0.000,0.000,0.000,0.000,-0.450,0.000,0.000,0.000,0.000,0.000,0.000,0.000,0.000,0.000,0.000,0.000,0.000,0.000,0.000,0.000,0.000,0.000,0.000,0.000,0.000,0.000,0.000,0.000",P4_selfie_blk10_neg_d0.450_krea2_seed1618033,P4_selfie_blk10_neg_d0.450_krea2_seed1618033_00001_.png,"A young woman poses for a playful outdoor selfie under a clear blue sky, holding a large iced green drink with a straw. Her dark curly hair is styled loosely with strands framing her face, and she wears a light cream textured top, a delicate necklace, and a statement ring. Her dotted manicure and winking expression add a fun, carefree touch, while the bright sunlight and low-angle perspective give the image a fresh, summery, candid feel.",Real Value,euler_ancestral,simple,9,1.0,1.0,1024,1280
194,perturbation,blk10_pos_d0.450,10,0.450,pos,,P4_selfie,1618033,"{""10"": 0.45}","0.000,0.000,0.000,0.000,0.000,0.000,0.000,0.000,0.000,0.000,0.450,0.000,0.000,0.000,0.000,0.000,0.000,0.000,0.000,0.000,0.000,0.000,0.000,0.000,0.000,0.000,0.000,0.000,0.000,0.000,0.000,0.000,0.000,0.000",P4_selfie_blk10_pos_d0.450_krea2_seed1618033,P4_selfie_blk10_pos_d0.450_krea2_seed1618033_00001_.png,"A young woman poses for a playful outdoor selfie under a clear blue sky, holding a large iced green drink with a straw. Her dark curly hair is styled loosely with strands framing her face, and she wears a light cream textured top, a delicate necklace, and a statement ring. Her dotted manicure and winking expression add a fun, carefree touch, while the bright sunlight and low-angle perspective give the image a fresh, summery, candid feel.",Real Value,euler_ancestral,simple,9,1.0,1.0,1024,1280
195,perturbation,blk11_neg_d0.450,11,0.450,neg,,P4_selfie,1618033,"{""11"": -0.45}","0.000,0.000,0.000,0.000,0.000,0.000,0.000,0.000,0.000,0.000,0.000,-0.450,0.000,0.000,0.000,0.000,0.000,0.000,0.000,0.000,0.000,0.000,0.000,0.000,0.000,0.000,0.000,0.000,0.000,0.000,0.000,0.000,0.000,0.000",P4_selfie_blk11_neg_d0.450_krea2_seed1618033,P4_selfie_blk11_neg_d0.450_krea2_seed1618033_00001_.png,"A young woman poses for a playful outdoor selfie under a clear blue sky, holding a large iced green drink with a straw. Her dark curly hair is styled loosely with strands framing her face, and she wears a light cream textured top, a delicate necklace, and a statement ring. Her dotted manicure and winking expression add a fun, carefree touch, while the bright sunlight and low-angle perspective give the image a fresh, summery, candid feel.",Real Value,euler_ancestral,simple,9,1.0,1.0,1024,1280
196,perturbation,blk11_pos_d0.450,11,0.450,pos,,P4_selfie,1618033,"{""11"": 0.45}","0.000,0.000,0.000,0.000,0.000,0.000,0.000,0.000,0.000,0.000,0.000,0.450,0.000,0.000,0.000,0.000,0.000,0.000,0.000,0.000,0.000,0.000,0.000,0.000,0.000,0.000,0.000,0.000,0.000,0.000,0.000,0.000,0.000,0.000",P4_selfie_blk11_pos_d0.450_krea2_seed1618033,P4_selfie_blk11_pos_d0.450_krea2_seed1618033_00001_.png,"A young woman poses for a playful outdoor selfie under a clear blue sky, holding a large iced green drink with a straw. Her dark curly hair is styled loosely with strands framing her face, and she wears a light cream textured top, a delicate necklace, and a statement ring. Her dotted manicure and winking expression add a fun, carefree touch, while the bright sunlight and low-angle perspective give the image a fresh, summery, candid feel.",Real Value,euler_ancestral,simple,9,1.0,1.0,1024,1280
197,perturbation,blk12_neg_d0.450,12,0.450,neg,,P4_selfie,1618033,"{""12"": -0.45}","0.000,0.000,0.000,0.000,0.000,0.000,0.000,0.000,0.000,0.000,0.000,0.000,-0.450,0.000,0.000,0.000,0.000,0.000,0.000,0.000,0.000,0.000,0.000,0.000,0.000,0.000,0.000,0.000,0.000,0.000,0.000,0.000,0.000,0.000",P4_selfie_blk12_neg_d0.450_krea2_seed1618033,P4_selfie_blk12_neg_d0.450_krea2_seed1618033_00001_.png,"A young woman poses for a playful outdoor selfie under a clear blue sky, holding a large iced green drink with a straw. Her dark curly hair is styled loosely with strands framing her face, and she wears a light cream textured top, a delicate necklace, and a statement ring. Her dotted manicure and winking expression add a fun, carefree touch, while the bright sunlight and low-angle perspective give the image a fresh, summery, candid feel.",Real Value,euler_ancestral,simple,9,1.0,1.0,1024,1280
198,perturbation,blk12_pos_d0.400,12,0.400,pos,,P4_selfie,1618033,"{""12"": 0.4}","0.000,0.000,0.000,0.000,0.000,0.000,0.000,0.000,0.000,0.000,0.000,0.000,0.400,0.000,0.000,0.000,0.000,0.000,0.000,0.000,0.000,0.000,0.000,0.000,0.000,0.000,0.000,0.000,0.000,0.000,0.000,0.000,0.000,0.000",P4_selfie_blk12_pos_d0.400_krea2_seed1618033,P4_selfie_blk12_pos_d0.400_krea2_seed1618033_00001_.png,"A young woman poses for a playful outdoor selfie under a clear blue sky, holding a large iced green drink with a straw. Her dark curly hair is styled loosely with strands framing her face, and she wears a light cream textured top, a delicate necklace, and a statement ring. Her dotted manicure and winking expression add a fun, carefree touch, while the bright sunlight and low-angle perspective give the image a fresh, summery, candid feel.",Real Value,euler_ancestral,simple,9,1.0,1.0,1024,1280
199,perturbation,blk13_neg_d0.450,13,0.450,neg,,P4_selfie,1618033,"{""13"": -0.45}","0.000,0.000,0.000,0.000,0.000,0.000,0.000,0.000,0.000,0.000,0.000,0.000,0.000,-0.450,0.000,0.000,0.000,0.000,0.000,0.000,0.000,0.000,0.000,0.000,0.000,0.000,0.000,0.000,0.000,0.000,0.000,0.000,0.000,0.000",P4_selfie_blk13_neg_d0.450_krea2_seed1618033,P4_selfie_blk13_neg_d0.450_krea2_seed1618033_00001_.png,"A young woman poses for a playful outdoor selfie under a clear blue sky, holding a large iced green drink with a straw. Her dark curly hair is styled loosely with strands framing her face, and she wears a light cream textured top, a delicate necklace, and a statement ring. Her dotted manicure and winking expression add a fun, carefree touch, while the bright sunlight and low-angle perspective give the image a fresh, summery, candid feel.",Real Value,euler_ancestral,simple,9,1.0,1.0,1024,1280
200,perturbation,blk13_pos_d0.400,13,0.400,pos,,P4_selfie,1618033,"{""13"": 0.4}","0.000,0.000,0.000,0.000,0.000,0.000,0.000,0.000,0.000,0.000,0.000,0.000,0.000,0.400,0.000,0.000,0.000,0.000,0.000,0.000,0.000,0.000,0.000,0.000,0.000,0.000,0.000,0.000,0.000,0.000,0.000,0.000,0.000,0.000",P4_selfie_blk13_pos_d0.400_krea2_seed1618033,P4_selfie_blk13_pos_d0.400_krea2_seed1618033_00001_.png,"A young woman poses for a playful outdoor selfie under a clear blue sky, holding a large iced green drink with a straw. Her dark curly hair is styled loosely with strands framing her face, and she wears a light cream textured top, a delicate necklace, and a statement ring. Her dotted manicure and winking expression add a fun, carefree touch, while the bright sunlight and low-angle perspective give the image a fresh, summery, candid feel.",Real Value,euler_ancestral,simple,9,1.0,1.0,1024,1280
201,perturbation,blk14_neg_d0.550,14,0.550,neg,,P4_selfie,1618033,"{""14"": -0.55}","0.000,0.000,0.000,0.000,0.000,0.000,0.000,0.000,0.000,0.000,0.000,0.000,0.000,0.000,-0.550,0.000,0.000,0.000,0.000,0.000,0.000,0.000,0.000,0.000,0.000,0.000,0.000,0.000,0.000,0.000,0.000,0.000,0.000,0.000",P4_selfie_blk14_neg_d0.550_krea2_seed1618033,P4_selfie_blk14_neg_d0.550_krea2_seed1618033_00001_.png,"A young woman poses for a playful outdoor selfie under a clear blue sky, holding a large iced green drink with a straw. Her dark curly hair is styled loosely with strands framing her face, and she wears a light cream textured top, a delicate necklace, and a statement ring. Her dotted manicure and winking expression add a fun, carefree touch, while the bright sunlight and low-angle perspective give the image a fresh, summery, candid feel.",Real Value,euler_ancestral,simple,9,1.0,1.0,1024,1280
202,perturbation,blk14_pos_d0.400,14,0.400,pos,,P4_selfie,1618033,"{""14"": 0.4}","0.000,0.000,0.000,0.000,0.000,0.000,0.000,0.000,0.000,0.000,0.000,0.000,0.000,0.000,0.400,0.000,0.000,0.000,0.000,0.000,0.000,0.000,0.000,0.000,0.000,0.000,0.000,0.000,0.000,0.000,0.000,0.000,0.000,0.000",P4_selfie_blk14_pos_d0.400_krea2_seed1618033,P4_selfie_blk14_pos_d0.400_krea2_seed1618033_00001_.png,"A young woman poses for a playful outdoor selfie under a clear blue sky, holding a large iced green drink with a straw. Her dark curly hair is styled loosely with strands framing her face, and she wears a light cream textured top, a delicate necklace, and a statement ring. Her dotted manicure and winking expression add a fun, carefree touch, while the bright sunlight and low-angle perspective give the image a fresh, summery, candid feel.",Real Value,euler_ancestral,simple,9,1.0,1.0,1024,1280
203,perturbation,blk15_neg_d0.450,15,0.450,neg,,P4_selfie,1618033,"{""15"": -0.45}","0.000,0.000,0.000,0.000,0.000,0.000,0.000,0.000,0.000,0.000,0.000,0.000,0.000,0.000,0.000,-0.450,0.000,0.000,0.000,0.000,0.000,0.000,0.000,0.000,0.000,0.000,0.000,0.000,0.000,0.000,0.000,0.000,0.000,0.000",P4_selfie_blk15_neg_d0.450_krea2_seed1618033,P4_selfie_blk15_neg_d0.450_krea2_seed1618033_00001_.png,"A young woman poses for a playful outdoor selfie under a clear blue sky, holding a large iced green drink with a straw. Her dark curly hair is styled loosely with strands framing her face, and she wears a light cream textured top, a delicate necklace, and a statement ring. Her dotted manicure and winking expression add a fun, carefree touch, while the bright sunlight and low-angle perspective give the image a fresh, summery, candid feel.",Real Value,euler_ancestral,simple,9,1.0,1.0,1024,1280
204,perturbation,blk15_pos_d0.400,15,0.400,pos,,P4_selfie,1618033,"{""15"": 0.4}","0.000,0.000,0.000,0.000,0.000,0.000,0.000,0.000,0.000,0.000,0.000,0.000,0.000,0.000,0.000,0.400,0.000,0.000,0.000,0.000,0.000,0.000,0.000,0.000,0.000,0.000,0.000,0.000,0.000,0.000,0.000,0.000,0.000,0.000",P4_selfie_blk15_pos_d0.400_krea2_seed1618033,P4_selfie_blk15_pos_d0.400_krea2_seed1618033_00001_.png,"A young woman poses for a playful outdoor selfie under a clear blue sky, holding a large iced green drink with a straw. Her dark curly hair is styled loosely with strands framing her face, and she wears a light cream textured top, a delicate necklace, and a statement ring. Her dotted manicure and winking expression add a fun, carefree touch, while the bright sunlight and low-angle perspective give the image a fresh, summery, candid feel.",Real Value,euler_ancestral,simple,9,1.0,1.0,1024,1280
205,perturbation,blk16_neg_d0.450,16,0.450,neg,,P4_selfie,1618033,"{""16"": -0.45}","0.000,0.000,0.000,0.000,0.000,0.000,0.000,0.000,0.000,0.000,0.000,0.000,0.000,0.000,0.000,0.000,-0.450,0.000,0.000,0.000,0.000,0.000,0.000,0.000,0.000,0.000,0.000,0.000,0.000,0.000,0.000,0.000,0.000,0.000",P4_selfie_blk16_neg_d0.450_krea2_seed1618033,P4_selfie_blk16_neg_d0.450_krea2_seed1618033_00001_.png,"A young woman poses for a playful outdoor selfie under a clear blue sky, holding a large iced green drink with a straw. Her dark curly hair is styled loosely with strands framing her face, and she wears a light cream textured top, a delicate necklace, and a statement ring. Her dotted manicure and winking expression add a fun, carefree touch, while the bright sunlight and low-angle perspective give the image a fresh, summery, candid feel.",Real Value,euler_ancestral,simple,9,1.0,1.0,1024,1280
206,perturbation,blk16_pos_d0.300,16,0.300,pos,,P4_selfie,1618033,"{""16"": 0.3}","0.000,0.000,0.000,0.000,0.000,0.000,0.000,0.000,0.000,0.000,0.000,0.000,0.000,0.000,0.000,0.000,0.300,0.000,0.000,0.000,0.000,0.000,0.000,0.000,0.000,0.000,0.000,0.000,0.000,0.000,0.000,0.000,0.000,0.000",P4_selfie_blk16_pos_d0.300_krea2_seed1618033,P4_selfie_blk16_pos_d0.300_krea2_seed1618033_00001_.png,"A young woman poses for a playful outdoor selfie under a clear blue sky, holding a large iced green drink with a straw. Her dark curly hair is styled loosely with strands framing her face, and she wears a light cream textured top, a delicate necklace, and a statement ring. Her dotted manicure and winking expression add a fun, carefree touch, while the bright sunlight and low-angle perspective give the image a fresh, summery, candid feel.",Real Value,euler_ancestral,simple,9,1.0,1.0,1024,1280
207,perturbation,blk17_neg_d0.450,17,0.450,neg,,P4_selfie,1618033,"{""17"": -0.45}","0.000,0.000,0.000,0.000,0.000,0.000,0.000,0.000,0.000,0.000,0.000,0.000,0.000,0.000,0.000,0.000,0.000,-0.450,0.000,0.000,0.000,0.000,0.000,0.000,0.000,0.000,0.000,0.000,0.000,0.000,0.000,0.000,0.000,0.000",P4_selfie_blk17_neg_d0.450_krea2_seed1618033,P4_selfie_blk17_neg_d0.450_krea2_seed1618033_00001_.png,"A young woman poses for a playful outdoor selfie under a clear blue sky, holding a large iced green drink with a straw. Her dark curly hair is styled loosely with strands framing her face, and she wears a light cream textured top, a delicate necklace, and a statement ring. Her dotted manicure and winking expression add a fun, carefree touch, while the bright sunlight and low-angle perspective give the image a fresh, summery, candid feel.",Real Value,euler_ancestral,simple,9,1.0,1.0,1024,1280
208,perturbation,blk17_pos_d0.400,17,0.400,pos,,P4_selfie,1618033,"{""17"": 0.4}","0.000,0.000,0.000,0.000,0.000,0.000,0.000,0.000,0.000,0.000,0.000,0.000,0.000,0.000,0.000,0.000,0.000,0.400,0.000,0.000,0.000,0.000,0.000,0.000,0.000,0.000,0.000,0.000,0.000,0.000,0.000,0.000,0.000,0.000",P4_selfie_blk17_pos_d0.400_krea2_seed1618033,P4_selfie_blk17_pos_d0.400_krea2_seed1618033_00001_.png,"A young woman poses for a playful outdoor selfie under a clear blue sky, holding a large iced green drink with a straw. Her dark curly hair is styled loosely with strands framing her face, and she wears a light cream textured top, a delicate necklace, and a statement ring. Her dotted manicure and winking expression add a fun, carefree touch, while the bright sunlight and low-angle perspective give the image a fresh, summery, candid feel.",Real Value,euler_ancestral,simple,9,1.0,1.0,1024,1280
209,perturbation,blk18_neg_d0.450,18,0.450,neg,,P4_selfie,1618033,"{""18"": -0.45}","0.000,0.000,0.000,0.000,0.000,0.000,0.000,0.000,0.000,0.000,0.000,0.000,0.000,0.000,0.000,0.000,0.000,0.000,-0.450,0.000,0.000,0.000,0.000,0.000,0.000,0.000,0.000,0.000,0.000,0.000,0.000,0.000,0.000,0.000",P4_selfie_blk18_neg_d0.450_krea2_seed1618033,P4_selfie_blk18_neg_d0.450_krea2_seed1618033_00001_.png,"A young woman poses for a playful outdoor selfie under a clear blue sky, holding a large iced green drink with a straw. Her dark curly hair is styled loosely with strands framing her face, and she wears a light cream textured top, a delicate necklace, and a statement ring. Her dotted manicure and winking expression add a fun, carefree touch, while the bright sunlight and low-angle perspective give the image a fresh, summery, candid feel.",Real Value,euler_ancestral,simple,9,1.0,1.0,1024,1280
210,perturbation,blk18_pos_d0.300,18,0.300,pos,,P4_selfie,1618033,"{""18"": 0.3}","0.000,0.000,0.000,0.000,0.000,0.000,0.000,0.000,0.000,0.000,0.000,0.000,0.000,0.000,0.000,0.000,0.000,0.000,0.300,0.000,0.000,0.000,0.000,0.000,0.000,0.000,0.000,0.000,0.000,0.000,0.000,0.000,0.000,0.000",P4_selfie_blk18_pos_d0.300_krea2_seed1618033,P4_selfie_blk18_pos_d0.300_krea2_seed1618033_00001_.png,"A young woman poses for a playful outdoor selfie under a clear blue sky, holding a large iced green drink with a straw. Her dark curly hair is styled loosely with strands framing her face, and she wears a light cream textured top, a delicate necklace, and a statement ring. Her dotted manicure and winking expression add a fun, carefree touch, while the bright sunlight and low-angle perspective give the image a fresh, summery, candid feel.",Real Value,euler_ancestral,simple,9,1.0,1.0,1024,1280
211,perturbation,blk19_neg_d0.450,19,0.450,neg,,P4_selfie,1618033,"{""19"": -0.45}","0.000,0.000,0.000,0.000,0.000,0.000,0.000,0.000,0.000,0.000,0.000,0.000,0.000,0.000,0.000,0.000,0.000,0.000,0.000,-0.450,0.000,0.000,0.000,0.000,0.000,0.000,0.000,0.000,0.000,0.000,0.000,0.000,0.000,0.000",P4_selfie_blk19_neg_d0.450_krea2_seed1618033,P4_selfie_blk19_neg_d0.450_krea2_seed1618033_00001_.png,"A young woman poses for a playful outdoor selfie under a clear blue sky, holding a large iced green drink with a straw. Her dark curly hair is styled loosely with strands framing her face, and she wears a light cream textured top, a delicate necklace, and a statement ring. Her dotted manicure and winking expression add a fun, carefree touch, while the bright sunlight and low-angle perspective give the image a fresh, summery, candid feel.",Real Value,euler_ancestral,simple,9,1.0,1.0,1024,1280
212,perturbation,blk19_pos_d0.250,19,0.250,pos,,P4_selfie,1618033,"{""19"": 0.25}","0.000,0.000,0.000,0.000,0.000,0.000,0.000,0.000,0.000,0.000,0.000,0.000,0.000,0.000,0.000,0.000,0.000,0.000,0.000,0.250,0.000,0.000,0.000,0.000,0.000,0.000,0.000,0.000,0.000,0.000,0.000,0.000,0.000,0.000",P4_selfie_blk19_pos_d0.250_krea2_seed1618033,P4_selfie_blk19_pos_d0.250_krea2_seed1618033_00001_.png,"A young woman poses for a playful outdoor selfie under a clear blue sky, holding a large iced green drink with a straw. Her dark curly hair is styled loosely with strands framing her face, and she wears a light cream textured top, a delicate necklace, and a statement ring. Her dotted manicure and winking expression add a fun, carefree touch, while the bright sunlight and low-angle perspective give the image a fresh, summery, candid feel.",Real Value,euler_ancestral,simple,9,1.0,1.0,1024,1280
213,perturbation,blk20_neg_d0.550,20,0.550,neg,,P4_selfie,1618033,"{""20"": -0.55}","0.000,0.000,0.000,0.000,0.000,0.000,0.000,0.000,0.000,0.000,0.000,0.000,0.000,0.000,0.000,0.000,0.000,0.000,0.000,0.000,-0.550,0.000,0.000,0.000,0.000,0.000,0.000,0.000,0.000,0.000,0.000,0.000,0.000,0.000",P4_selfie_blk20_neg_d0.550_krea2_seed1618033,P4_selfie_blk20_neg_d0.550_krea2_seed1618033_00001_.png,"A young woman poses for a playful outdoor selfie under a clear blue sky, holding a large iced green drink with a straw. Her dark curly hair is styled loosely with strands framing her face, and she wears a light cream textured top, a delicate necklace, and a statement ring. Her dotted manicure and winking expression add a fun, carefree touch, while the bright sunlight and low-angle perspective give the image a fresh, summery, candid feel.",Real Value,euler_ancestral,simple,9,1.0,1.0,1024,1280
214,perturbation,blk20_pos_d0.450,20,0.450,pos,,P4_selfie,1618033,"{""20"": 0.45}","0.000,0.000,0.000,0.000,0.000,0.000,0.000,0.000,0.000,0.000,0.000,0.000,0.000,0.000,0.000,0.000,0.000,0.000,0.000,0.000,0.450,0.000,0.000,0.000,0.000,0.000,0.000,0.000,0.000,0.000,0.000,0.000,0.000,0.000",P4_selfie_blk20_pos_d0.450_krea2_seed1618033,P4_selfie_blk20_pos_d0.450_krea2_seed1618033_00001_.png,"A young woman poses for a playful outdoor selfie under a clear blue sky, holding a large iced green drink with a straw. Her dark curly hair is styled loosely with strands framing her face, and she wears a light cream textured top, a delicate necklace, and a statement ring. Her dotted manicure and winking expression add a fun, carefree touch, while the bright sunlight and low-angle perspective give the image a fresh, summery, candid feel.",Real Value,euler_ancestral,simple,9,1.0,1.0,1024,1280
215,perturbation,blk21_neg_d0.450,21,0.450,neg,,P4_selfie,1618033,"{""21"": -0.45}","0.000,0.000,0.000,0.000,0.000,0.000,0.000,0.000,0.000,0.000,0.000,0.000,0.000,0.000,0.000,0.000,0.000,0.000,0.000,0.000,0.000,-0.450,0.000,0.000,0.000,0.000,0.000,0.000,0.000,0.000,0.000,0.000,0.000,0.000",P4_selfie_blk21_neg_d0.450_krea2_seed1618033,P4_selfie_blk21_neg_d0.450_krea2_seed1618033_00001_.png,"A young woman poses for a playful outdoor selfie under a clear blue sky, holding a large iced green drink with a straw. Her dark curly hair is styled loosely with strands framing her face, and she wears a light cream textured top, a delicate necklace, and a statement ring. Her dotted manicure and winking expression add a fun, carefree touch, while the bright sunlight and low-angle perspective give the image a fresh, summery, candid feel.",Real Value,euler_ancestral,simple,9,1.0,1.0,1024,1280
216,perturbation,blk21_pos_d0.250,21,0.250,pos,,P4_selfie,1618033,"{""21"": 0.25}","0.000,0.000,0.000,0.000,0.000,0.000,0.000,0.000,0.000,0.000,0.000,0.000,0.000,0.000,0.000,0.000,0.000,0.000,0.000,0.000,0.000,0.250,0.000,0.000,0.000,0.000,0.000,0.000,0.000,0.000,0.000,0.000,0.000,0.000",P4_selfie_blk21_pos_d0.250_krea2_seed1618033,P4_selfie_blk21_pos_d0.250_krea2_seed1618033_00001_.png,"A young woman poses for a playful outdoor selfie under a clear blue sky, holding a large iced green drink with a straw. Her dark curly hair is styled loosely with strands framing her face, and she wears a light cream textured top, a delicate necklace, and a statement ring. Her dotted manicure and winking expression add a fun, carefree touch, while the bright sunlight and low-angle perspective give the image a fresh, summery, candid feel.",Real Value,euler_ancestral,simple,9,1.0,1.0,1024,1280
217,perturbation,blk22_neg_d0.450,22,0.450,neg,,P4_selfie,1618033,"{""22"": -0.45}","0.000,0.000,0.000,0.000,0.000,0.000,0.000,0.000,0.000,0.000,0.000,0.000,0.000,0.000,0.000,0.000,0.000,0.000,0.000,0.000,0.000,0.000,-0.450,0.000,0.000,0.000,0.000,0.000,0.000,0.000,0.000,0.000,0.000,0.000",P4_selfie_blk22_neg_d0.450_krea2_seed1618033,P4_selfie_blk22_neg_d0.450_krea2_seed1618033_00001_.png,"A young woman poses for a playful outdoor selfie under a clear blue sky, holding a large iced green drink with a straw. Her dark curly hair is styled loosely with strands framing her face, and she wears a light cream textured top, a delicate necklace, and a statement ring. Her dotted manicure and winking expression add a fun, carefree touch, while the bright sunlight and low-angle perspective give the image a fresh, summery, candid feel.",Real Value,euler_ancestral,simple,9,1.0,1.0,1024,1280
218,perturbation,blk22_pos_d0.250,22,0.250,pos,,P4_selfie,1618033,"{""22"": 0.25}","0.000,0.000,0.000,0.000,0.000,0.000,0.000,0.000,0.000,0.000,0.000,0.000,0.000,0.000,0.000,0.000,0.000,0.000,0.000,0.000,0.000,0.000,0.250,0.000,0.000,0.000,0.000,0.000,0.000,0.000,0.000,0.000,0.000,0.000",P4_selfie_blk22_pos_d0.250_krea2_seed1618033,P4_selfie_blk22_pos_d0.250_krea2_seed1618033_00001_.png,"A young woman poses for a playful outdoor selfie under a clear blue sky, holding a large iced green drink with a straw. Her dark curly hair is styled loosely with strands framing her face, and she wears a light cream textured top, a delicate necklace, and a statement ring. Her dotted manicure and winking expression add a fun, carefree touch, while the bright sunlight and low-angle perspective give the image a fresh, summery, candid feel.",Real Value,euler_ancestral,simple,9,1.0,1.0,1024,1280
219,perturbation,blk23_neg_d0.300,23,0.300,neg,,P4_selfie,1618033,"{""23"": -0.3}","0.000,0.000,0.000,0.000,0.000,0.000,0.000,0.000,0.000,0.000,0.000,0.000,0.000,0.000,0.000,0.000,0.000,0.000,0.000,0.000,0.000,0.000,0.000,-0.300,0.000,0.000,0.000,0.000,0.000,0.000,0.000,0.000,0.000,0.000",P4_selfie_blk23_neg_d0.300_krea2_seed1618033,P4_selfie_blk23_neg_d0.300_krea2_seed1618033_00001_.png,"A young woman poses for a playful outdoor selfie under a clear blue sky, holding a large iced green drink with a straw. Her dark curly hair is styled loosely with strands framing her face, and she wears a light cream textured top, a delicate necklace, and a statement ring. Her dotted manicure and winking expression add a fun, carefree touch, while the bright sunlight and low-angle perspective give the image a fresh, summery, candid feel.",Real Value,euler_ancestral,simple,9,1.0,1.0,1024,1280
220,perturbation,blk23_pos_d0.300,23,0.300,pos,,P4_selfie,1618033,"{""23"": 0.3}","0.000,0.000,0.000,0.000,0.000,0.000,0.000,0.000,0.000,0.000,0.000,0.000,0.000,0.000,0.000,0.000,0.000,0.000,0.000,0.000,0.000,0.000,0.000,0.300,0.000,0.000,0.000,0.000,0.000,0.000,0.000,0.000,0.000,0.000",P4_selfie_blk23_pos_d0.300_krea2_seed1618033,P4_selfie_blk23_pos_d0.300_krea2_seed1618033_00001_.png,"A young woman poses for a playful outdoor selfie under a clear blue sky, holding a large iced green drink with a straw. Her dark curly hair is styled loosely with strands framing her face, and she wears a light cream textured top, a delicate necklace, and a statement ring. Her dotted manicure and winking expression add a fun, carefree touch, while the bright sunlight and low-angle perspective give the image a fresh, summery, candid feel.",Real Value,euler_ancestral,simple,9,1.0,1.0,1024,1280
221,perturbation,blk24_neg_d0.400,24,0.400,neg,,P4_selfie,1618033,"{""24"": -0.4}","0.000,0.000,0.000,0.000,0.000,0.000,0.000,0.000,0.000,0.000,0.000,0.000,0.000,0.000,0.000,0.000,0.000,0.000,0.000,0.000,0.000,0.000,0.000,0.000,-0.400,0.000,0.000,0.000,0.000,0.000,0.000,0.000,0.000,0.000",P4_selfie_blk24_neg_d0.400_krea2_seed1618033,P4_selfie_blk24_neg_d0.400_krea2_seed1618033_00001_.png,"A young woman poses for a playful outdoor selfie under a clear blue sky, holding a large iced green drink with a straw. Her dark curly hair is styled loosely with strands framing her face, and she wears a light cream textured top, a delicate necklace, and a statement ring. Her dotted manicure and winking expression add a fun, carefree touch, while the bright sunlight and low-angle perspective give the image a fresh, summery, candid feel.",Real Value,euler_ancestral,simple,9,1.0,1.0,1024,1280
222,perturbation,blk24_pos_d0.200,24,0.200,pos,,P4_selfie,1618033,"{""24"": 0.2}","0.000,0.000,0.000,0.000,0.000,0.000,0.000,0.000,0.000,0.000,0.000,0.000,0.000,0.000,0.000,0.000,0.000,0.000,0.000,0.000,0.000,0.000,0.000,0.000,0.200,0.000,0.000,0.000,0.000,0.000,0.000,0.000,0.000,0.000",P4_selfie_blk24_pos_d0.200_krea2_seed1618033,P4_selfie_blk24_pos_d0.200_krea2_seed1618033_00001_.png,"A young woman poses for a playful outdoor selfie under a clear blue sky, holding a large iced green drink with a straw. Her dark curly hair is styled loosely with strands framing her face, and she wears a light cream textured top, a delicate necklace, and a statement ring. Her dotted manicure and winking expression add a fun, carefree touch, while the bright sunlight and low-angle perspective give the image a fresh, summery, candid feel.",Real Value,euler_ancestral,simple,9,1.0,1.0,1024,1280
223,perturbation,blk25_neg_d0.450,25,0.450,neg,,P4_selfie,1618033,"{""25"": -0.45}","0.000,0.000,0.000,0.000,0.000,0.000,0.000,0.000,0.000,0.000,0.000,0.000,0.000,0.000,0.000,0.000,0.000,0.000,0.000,0.000,0.000,0.000,0.000,0.000,0.000,-0.450,0.000,0.000,0.000,0.000,0.000,0.000,0.000,0.000",P4_selfie_blk25_neg_d0.450_krea2_seed1618033,P4_selfie_blk25_neg_d0.450_krea2_seed1618033_00001_.png,"A young woman poses for a playful outdoor selfie under a clear blue sky, holding a large iced green drink with a straw. Her dark curly hair is styled loosely with strands framing her face, and she wears a light cream textured top, a delicate necklace, and a statement ring. Her dotted manicure and winking expression add a fun, carefree touch, while the bright sunlight and low-angle perspective give the image a fresh, summery, candid feel.",Real Value,euler_ancestral,simple,9,1.0,1.0,1024,1280
224,perturbation,blk25_pos_d0.250,25,0.250,pos,,P4_selfie,1618033,"{""25"": 0.25}","0.000,0.000,0.000,0.000,0.000,0.000,0.000,0.000,0.000,0.000,0.000,0.000,0.000,0.000,0.000,0.000,0.000,0.000,0.000,0.000,0.000,0.000,0.000,0.000,0.000,0.250,0.000,0.000,0.000,0.000,0.000,0.000,0.000,0.000",P4_selfie_blk25_pos_d0.250_krea2_seed1618033,P4_selfie_blk25_pos_d0.250_krea2_seed1618033_00001_.png,"A young woman poses for a playful outdoor selfie under a clear blue sky, holding a large iced green drink with a straw. Her dark curly hair is styled loosely with strands framing her face, and she wears a light cream textured top, a delicate necklace, and a statement ring. Her dotted manicure and winking expression add a fun, carefree touch, while the bright sunlight and low-angle perspective give the image a fresh, summery, candid feel.",Real Value,euler_ancestral,simple,9,1.0,1.0,1024,1280
225,perturbation,blk26_neg_d0.250,26,0.250,neg,,P4_selfie,1618033,"{""26"": -0.25}","0.000,0.000,0.000,0.000,0.000,0.000,0.000,0.000,0.000,0.000,0.000,0.000,0.000,0.000,0.000,0.000,0.000,0.000,0.000,0.000,0.000,0.000,0.000,0.000,0.000,0.000,-0.250,0.000,0.000,0.000,0.000,0.000,0.000,0.000",P4_selfie_blk26_neg_d0.250_krea2_seed1618033,P4_selfie_blk26_neg_d0.250_krea2_seed1618033_00001_.png,"A young woman poses for a playful outdoor selfie under a clear blue sky, holding a large iced green drink with a straw. Her dark curly hair is styled loosely with strands framing her face, and she wears a light cream textured top, a delicate necklace, and a statement ring. Her dotted manicure and winking expression add a fun, carefree touch, while the bright sunlight and low-angle perspective give the image a fresh, summery, candid feel.",Real Value,euler_ancestral,simple,9,1.0,1.0,1024,1280
226,perturbation,blk26_pos_d0.150,26,0.150,pos,,P4_selfie,1618033,"{""26"": 0.15}","0.000,0.000,0.000,0.000,0.000,0.000,0.000,0.000,0.000,0.000,0.000,0.000,0.000,0.000,0.000,0.000,0.000,0.000,0.000,0.000,0.000,0.000,0.000,0.000,0.000,0.000,0.150,0.000,0.000,0.000,0.000,0.000,0.000,0.000",P4_selfie_blk26_pos_d0.150_krea2_seed1618033,P4_selfie_blk26_pos_d0.150_krea2_seed1618033_00001_.png,"A young woman poses for a playful outdoor selfie under a clear blue sky, holding a large iced green drink with a straw. Her dark curly hair is styled loosely with strands framing her face, and she wears a light cream textured top, a delicate necklace, and a statement ring. Her dotted manicure and winking expression add a fun, carefree touch, while the bright sunlight and low-angle perspective give the image a fresh, summery, candid feel.",Real Value,euler_ancestral,simple,9,1.0,1.0,1024,1280
227,perturbation,blk27_neg_d0.250,27,0.250,neg,,P4_selfie,1618033,"{""27"": -0.25}","0.000,0.000,0.000,0.000,0.000,0.000,0.000,0.000,0.000,0.000,0.000,0.000,0.000,0.000,0.000,0.000,0.000,0.000,0.000,0.000,0.000,0.000,0.000,0.000,0.000,0.000,0.000,-0.250,0.000,0.000,0.000,0.000,0.000,0.000",P4_selfie_blk27_neg_d0.250_krea2_seed1618033,P4_selfie_blk27_neg_d0.250_krea2_seed1618033_00001_.png,"A young woman poses for a playful outdoor selfie under a clear blue sky, holding a large iced green drink with a straw. Her dark curly hair is styled loosely with strands framing her face, and she wears a light cream textured top, a delicate necklace, and a statement ring. Her dotted manicure and winking expression add a fun, carefree touch, while the bright sunlight and low-angle perspective give the image a fresh, summery, candid feel.",Real Value,euler_ancestral,simple,9,1.0,1.0,1024,1280
228,perturbation,blk27_pos_d0.050,27,0.050,pos,,P4_selfie,1618033,"{""27"": 0.05}","0.000,0.000,0.000,0.000,0.000,0.000,0.000,0.000,0.000,0.000,0.000,0.000,0.000,0.000,0.000,0.000,0.000,0.000,0.000,0.000,0.000,0.000,0.000,0.000,0.000,0.000,0.000,0.050,0.000,0.000,0.000,0.000,0.000,0.000",P4_selfie_blk27_pos_d0.050_krea2_seed1618033,P4_selfie_blk27_pos_d0.050_krea2_seed1618033_00001_.png,"A young woman poses for a playful outdoor selfie under a clear blue sky, holding a large iced green drink with a straw. Her dark curly hair is styled loosely with strands framing her face, and she wears a light cream textured top, a delicate necklace, and a statement ring. Her dotted manicure and winking expression add a fun, carefree touch, while the bright sunlight and low-angle perspective give the image a fresh, summery, candid feel.",Real Value,euler_ancestral,simple,9,1.0,1.0,1024,1280
229,baseline,baseline,,0.000,,,P5_gingervampire,1618033,{},,P5_gingervampire_baseline_krea2_seed1618033,P5_gingervampire_baseline_krea2_seed1618033_00001_.png,"A gorgeous 18-year-old girl. Photorealistic portrait of a ginger vampire girl with long, voluminous curly red hair cascading over her shoulders, pale porcelain skin with subtle freckles, glowing amber eyes, and sharp vampire fangs slightly visible in a mysterious smile. She has a lean athletic physique with a toned stomach and defined waist, elegant posture, and graceful but predatory presence, navel. Wearing a dark gothic outfit — fitted black leather corset and flowing shadowy fabric — standing in dim moonlight. Dramatic cinematic lighting, soft mist, gothic castle background, cold blue and silver tones contrasting with her fiery hair, ultra-detailed skin texture, realistic lighting, 85mm lens, shallow depth of field, hyperrealistic, 8k, high contrast, atmospheric, dark fantasy aesthetic. Thick muscular thighs.",Real Value,euler_ancestral,simple,9,1.0,1.0,1024,1280
230,perturbation,blk00_neg_d0.200,0,0.200,neg,,P5_gingervampire,1618033,"{""0"": -0.2}","-0.200,0.000,0.000,0.000,0.000,0.000,0.000,0.000,0.000,0.000,0.000,0.000,0.000,0.000,0.000,0.000,0.000,0.000,0.000,0.000,0.000,0.000,0.000,0.000,0.000,0.000,0.000,0.000,0.000,0.000,0.000,0.000,0.000,0.000",P5_gingervampire_blk00_neg_d0.200_krea2_seed1618033,P5_gingervampire_blk00_neg_d0.200_krea2_seed1618033_00001_.png,"A gorgeous 18-year-old girl. Photorealistic portrait of a ginger vampire girl with long, voluminous curly red hair cascading over her shoulders, pale porcelain skin with subtle freckles, glowing amber eyes, and sharp vampire fangs slightly visible in a mysterious smile. She has a lean athletic physique with a toned stomach and defined waist, elegant posture, and graceful but predatory presence, navel. Wearing a dark gothic outfit — fitted black leather corset and flowing shadowy fabric — standing in dim moonlight. Dramatic cinematic lighting, soft mist, gothic castle background, cold blue and silver tones contrasting with her fiery hair, ultra-detailed skin texture, realistic lighting, 85mm lens, shallow depth of field, hyperrealistic, 8k, high contrast, atmospheric, dark fantasy aesthetic. Thick muscular thighs.",Real Value,euler_ancestral,simple,9,1.0,1.0,1024,1280
231,perturbation,blk00_pos_d0.250,0,0.250,pos,,P5_gingervampire,1618033,"{""0"": 0.25}","0.250,0.000,0.000,0.000,0.000,0.000,0.000,0.000,0.000,0.000,0.000,0.000,0.000,0.000,0.000,0.000,0.000,0.000,0.000,0.000,0.000,0.000,0.000,0.000,0.000,0.000,0.000,0.000,0.000,0.000,0.000,0.000,0.000,0.000",P5_gingervampire_blk00_pos_d0.250_krea2_seed1618033,P5_gingervampire_blk00_pos_d0.250_krea2_seed1618033_00001_.png,"A gorgeous 18-year-old girl. Photorealistic portrait of a ginger vampire girl with long, voluminous curly red hair cascading over her shoulders, pale porcelain skin with subtle freckles, glowing amber eyes, and sharp vampire fangs slightly visible in a mysterious smile. She has a lean athletic physique with a toned stomach and defined waist, elegant posture, and graceful but predatory presence, navel. Wearing a dark gothic outfit — fitted black leather corset and flowing shadowy fabric — standing in dim moonlight. Dramatic cinematic lighting, soft mist, gothic castle background, cold blue and silver tones contrasting with her fiery hair, ultra-detailed skin texture, realistic lighting, 85mm lens, shallow depth of field, hyperrealistic, 8k, high contrast, atmospheric, dark fantasy aesthetic. Thick muscular thighs.",Real Value,euler_ancestral,simple,9,1.0,1.0,1024,1280
232,perturbation,blk01_neg_d0.400,1,0.400,neg,,P5_gingervampire,1618033,"{""1"": -0.4}","0.000,-0.400,0.000,0.000,0.000,0.000,0.000,0.000,0.000,0.000,0.000,0.000,0.000,0.000,0.000,0.000,0.000,0.000,0.000,0.000,0.000,0.000,0.000,0.000,0.000,0.000,0.000,0.000,0.000,0.000,0.000,0.000,0.000,0.000",P5_gingervampire_blk01_neg_d0.400_krea2_seed1618033,P5_gingervampire_blk01_neg_d0.400_krea2_seed1618033_00001_.png,"A gorgeous 18-year-old girl. Photorealistic portrait of a ginger vampire girl with long, voluminous curly red hair cascading over her shoulders, pale porcelain skin with subtle freckles, glowing amber eyes, and sharp vampire fangs slightly visible in a mysterious smile. She has a lean athletic physique with a toned stomach and defined waist, elegant posture, and graceful but predatory presence, navel. Wearing a dark gothic outfit — fitted black leather corset and flowing shadowy fabric — standing in dim moonlight. Dramatic cinematic lighting, soft mist, gothic castle background, cold blue and silver tones contrasting with her fiery hair, ultra-detailed skin texture, realistic lighting, 85mm lens, shallow depth of field, hyperrealistic, 8k, high contrast, atmospheric, dark fantasy aesthetic. Thick muscular thighs.",Real Value,euler_ancestral,simple,9,1.0,1.0,1024,1280
233,perturbation,blk01_pos_d0.250,1,0.250,pos,,P5_gingervampire,1618033,"{""1"": 0.25}","0.000,0.250,0.000,0.000,0.000,0.000,0.000,0.000,0.000,0.000,0.000,0.000,0.000,0.000,0.000,0.000,0.000,0.000,0.000,0.000,0.000,0.000,0.000,0.000,0.000,0.000,0.000,0.000,0.000,0.000,0.000,0.000,0.000,0.000",P5_gingervampire_blk01_pos_d0.250_krea2_seed1618033,P5_gingervampire_blk01_pos_d0.250_krea2_seed1618033_00001_.png,"A gorgeous 18-year-old girl. Photorealistic portrait of a ginger vampire girl with long, voluminous curly red hair cascading over her shoulders, pale porcelain skin with subtle freckles, glowing amber eyes, and sharp vampire fangs slightly visible in a mysterious smile. She has a lean athletic physique with a toned stomach and defined waist, elegant posture, and graceful but predatory presence, navel. Wearing a dark gothic outfit — fitted black leather corset and flowing shadowy fabric — standing in dim moonlight. Dramatic cinematic lighting, soft mist, gothic castle background, cold blue and silver tones contrasting with her fiery hair, ultra-detailed skin texture, realistic lighting, 85mm lens, shallow depth of field, hyperrealistic, 8k, high contrast, atmospheric, dark fantasy aesthetic. Thick muscular thighs.",Real Value,euler_ancestral,simple,9,1.0,1.0,1024,1280
234,perturbation,blk02_neg_d0.450,2,0.450,neg,,P5_gingervampire,1618033,"{""2"": -0.45}","0.000,0.000,-0.450,0.000,0.000,0.000,0.000,0.000,0.000,0.000,0.000,0.000,0.000,0.000,0.000,0.000,0.000,0.000,0.000,0.000,0.000,0.000,0.000,0.000,0.000,0.000,0.000,0.000,0.000,0.000,0.000,0.000,0.000,0.000",P5_gingervampire_blk02_neg_d0.450_krea2_seed1618033,P5_gingervampire_blk02_neg_d0.450_krea2_seed1618033_00001_.png,"A gorgeous 18-year-old girl. Photorealistic portrait of a ginger vampire girl with long, voluminous curly red hair cascading over her shoulders, pale porcelain skin with subtle freckles, glowing amber eyes, and sharp vampire fangs slightly visible in a mysterious smile. She has a lean athletic physique with a toned stomach and defined waist, elegant posture, and graceful but predatory presence, navel. Wearing a dark gothic outfit — fitted black leather corset and flowing shadowy fabric — standing in dim moonlight. Dramatic cinematic lighting, soft mist, gothic castle background, cold blue and silver tones contrasting with her fiery hair, ultra-detailed skin texture, realistic lighting, 85mm lens, shallow depth of field, hyperrealistic, 8k, high contrast, atmospheric, dark fantasy aesthetic. Thick muscular thighs.",Real Value,euler_ancestral,simple,9,1.0,1.0,1024,1280
235,perturbation,blk02_pos_d0.400,2,0.400,pos,,P5_gingervampire,1618033,"{""2"": 0.4}","0.000,0.000,0.400,0.000,0.000,0.000,0.000,0.000,0.000,0.000,0.000,0.000,0.000,0.000,0.000,0.000,0.000,0.000,0.000,0.000,0.000,0.000,0.000,0.000,0.000,0.000,0.000,0.000,0.000,0.000,0.000,0.000,0.000,0.000",P5_gingervampire_blk02_pos_d0.400_krea2_seed1618033,P5_gingervampire_blk02_pos_d0.400_krea2_seed1618033_00001_.png,"A gorgeous 18-year-old girl. Photorealistic portrait of a ginger vampire girl with long, voluminous curly red hair cascading over her shoulders, pale porcelain skin with subtle freckles, glowing amber eyes, and sharp vampire fangs slightly visible in a mysterious smile. She has a lean athletic physique with a toned stomach and defined waist, elegant posture, and graceful but predatory presence, navel. Wearing a dark gothic outfit — fitted black leather corset and flowing shadowy fabric — standing in dim moonlight. Dramatic cinematic lighting, soft mist, gothic castle background, cold blue and silver tones contrasting with her fiery hair, ultra-detailed skin texture, realistic lighting, 85mm lens, shallow depth of field, hyperrealistic, 8k, high contrast, atmospheric, dark fantasy aesthetic. Thick muscular thighs.",Real Value,euler_ancestral,simple,9,1.0,1.0,1024,1280
236,perturbation,blk03_neg_d0.550,3,0.550,neg,,P5_gingervampire,1618033,"{""3"": -0.55}","0.000,0.000,0.000,-0.550,0.000,0.000,0.000,0.000,0.000,0.000,0.000,0.000,0.000,0.000,0.000,0.000,0.000,0.000,0.000,0.000,0.000,0.000,0.000,0.000,0.000,0.000,0.000,0.000,0.000,0.000,0.000,0.000,0.000,0.000",P5_gingervampire_blk03_neg_d0.550_krea2_seed1618033,P5_gingervampire_blk03_neg_d0.550_krea2_seed1618033_00001_.png,"A gorgeous 18-year-old girl. Photorealistic portrait of a ginger vampire girl with long, voluminous curly red hair cascading over her shoulders, pale porcelain skin with subtle freckles, glowing amber eyes, and sharp vampire fangs slightly visible in a mysterious smile. She has a lean athletic physique with a toned stomach and defined waist, elegant posture, and graceful but predatory presence, navel. Wearing a dark gothic outfit — fitted black leather corset and flowing shadowy fabric — standing in dim moonlight. Dramatic cinematic lighting, soft mist, gothic castle background, cold blue and silver tones contrasting with her fiery hair, ultra-detailed skin texture, realistic lighting, 85mm lens, shallow depth of field, hyperrealistic, 8k, high contrast, atmospheric, dark fantasy aesthetic. Thick muscular thighs.",Real Value,euler_ancestral,simple,9,1.0,1.0,1024,1280
237,perturbation,blk03_pos_d0.400,3,0.400,pos,,P5_gingervampire,1618033,"{""3"": 0.4}","0.000,0.000,0.000,0.400,0.000,0.000,0.000,0.000,0.000,0.000,0.000,0.000,0.000,0.000,0.000,0.000,0.000,0.000,0.000,0.000,0.000,0.000,0.000,0.000,0.000,0.000,0.000,0.000,0.000,0.000,0.000,0.000,0.000,0.000",P5_gingervampire_blk03_pos_d0.400_krea2_seed1618033,P5_gingervampire_blk03_pos_d0.400_krea2_seed1618033_00001_.png,"A gorgeous 18-year-old girl. Photorealistic portrait of a ginger vampire girl with long, voluminous curly red hair cascading over her shoulders, pale porcelain skin with subtle freckles, glowing amber eyes, and sharp vampire fangs slightly visible in a mysterious smile. She has a lean athletic physique with a toned stomach and defined waist, elegant posture, and graceful but predatory presence, navel. Wearing a dark gothic outfit — fitted black leather corset and flowing shadowy fabric — standing in dim moonlight. Dramatic cinematic lighting, soft mist, gothic castle background, cold blue and silver tones contrasting with her fiery hair, ultra-detailed skin texture, realistic lighting, 85mm lens, shallow depth of field, hyperrealistic, 8k, high contrast, atmospheric, dark fantasy aesthetic. Thick muscular thighs.",Real Value,euler_ancestral,simple,9,1.0,1.0,1024,1280
238,perturbation,blk04_neg_d0.550,4,0.550,neg,,P5_gingervampire,1618033,"{""4"": -0.55}","0.000,0.000,0.000,0.000,-0.550,0.000,0.000,0.000,0.000,0.000,0.000,0.000,0.000,0.000,0.000,0.000,0.000,0.000,0.000,0.000,0.000,0.000,0.000,0.000,0.000,0.000,0.000,0.000,0.000,0.000,0.000,0.000,0.000,0.000",P5_gingervampire_blk04_neg_d0.550_krea2_seed1618033,P5_gingervampire_blk04_neg_d0.550_krea2_seed1618033_00001_.png,"A gorgeous 18-year-old girl. Photorealistic portrait of a ginger vampire girl with long, voluminous curly red hair cascading over her shoulders, pale porcelain skin with subtle freckles, glowing amber eyes, and sharp vampire fangs slightly visible in a mysterious smile. She has a lean athletic physique with a toned stomach and defined waist, elegant posture, and graceful but predatory presence, navel. Wearing a dark gothic outfit — fitted black leather corset and flowing shadowy fabric — standing in dim moonlight. Dramatic cinematic lighting, soft mist, gothic castle background, cold blue and silver tones contrasting with her fiery hair, ultra-detailed skin texture, realistic lighting, 85mm lens, shallow depth of field, hyperrealistic, 8k, high contrast, atmospheric, dark fantasy aesthetic. Thick muscular thighs.",Real Value,euler_ancestral,simple,9,1.0,1.0,1024,1280
239,perturbation,blk04_pos_d0.550,4,0.550,pos,,P5_gingervampire,1618033,"{""4"": 0.55}","0.000,0.000,0.000,0.000,0.550,0.000,0.000,0.000,0.000,0.000,0.000,0.000,0.000,0.000,0.000,0.000,0.000,0.000,0.000,0.000,0.000,0.000,0.000,0.000,0.000,0.000,0.000,0.000,0.000,0.000,0.000,0.000,0.000,0.000",P5_gingervampire_blk04_pos_d0.550_krea2_seed1618033,P5_gingervampire_blk04_pos_d0.550_krea2_seed1618033_00001_.png,"A gorgeous 18-year-old girl. Photorealistic portrait of a ginger vampire girl with long, voluminous curly red hair cascading over her shoulders, pale porcelain skin with subtle freckles, glowing amber eyes, and sharp vampire fangs slightly visible in a mysterious smile. She has a lean athletic physique with a toned stomach and defined waist, elegant posture, and graceful but predatory presence, navel. Wearing a dark gothic outfit — fitted black leather corset and flowing shadowy fabric — standing in dim moonlight. Dramatic cinematic lighting, soft mist, gothic castle background, cold blue and silver tones contrasting with her fiery hair, ultra-detailed skin texture, realistic lighting, 85mm lens, shallow depth of field, hyperrealistic, 8k, high contrast, atmospheric, dark fantasy aesthetic. Thick muscular thighs.",Real Value,euler_ancestral,simple,9,1.0,1.0,1024,1280
240,perturbation,blk05_neg_d0.550,5,0.550,neg,,P5_gingervampire,1618033,"{""5"": -0.55}","0.000,0.000,0.000,0.000,0.000,-0.550,0.000,0.000,0.000,0.000,0.000,0.000,0.000,0.000,0.000,0.000,0.000,0.000,0.000,0.000,0.000,0.000,0.000,0.000,0.000,0.000,0.000,0.000,0.000,0.000,0.000,0.000,0.000,0.000",P5_gingervampire_blk05_neg_d0.550_krea2_seed1618033,P5_gingervampire_blk05_neg_d0.550_krea2_seed1618033_00001_.png,"A gorgeous 18-year-old girl. Photorealistic portrait of a ginger vampire girl with long, voluminous curly red hair cascading over her shoulders, pale porcelain skin with subtle freckles, glowing amber eyes, and sharp vampire fangs slightly visible in a mysterious smile. She has a lean athletic physique with a toned stomach and defined waist, elegant posture, and graceful but predatory presence, navel. Wearing a dark gothic outfit — fitted black leather corset and flowing shadowy fabric — standing in dim moonlight. Dramatic cinematic lighting, soft mist, gothic castle background, cold blue and silver tones contrasting with her fiery hair, ultra-detailed skin texture, realistic lighting, 85mm lens, shallow depth of field, hyperrealistic, 8k, high contrast, atmospheric, dark fantasy aesthetic. Thick muscular thighs.",Real Value,euler_ancestral,simple,9,1.0,1.0,1024,1280
241,perturbation,blk05_pos_d0.550,5,0.550,pos,,P5_gingervampire,1618033,"{""5"": 0.55}","0.000,0.000,0.000,0.000,0.000,0.550,0.000,0.000,0.000,0.000,0.000,0.000,0.000,0.000,0.000,0.000,0.000,0.000,0.000,0.000,0.000,0.000,0.000,0.000,0.000,0.000,0.000,0.000,0.000,0.000,0.000,0.000,0.000,0.000",P5_gingervampire_blk05_pos_d0.550_krea2_seed1618033,P5_gingervampire_blk05_pos_d0.550_krea2_seed1618033_00001_.png,"A gorgeous 18-year-old girl. Photorealistic portrait of a ginger vampire girl with long, voluminous curly red hair cascading over her shoulders, pale porcelain skin with subtle freckles, glowing amber eyes, and sharp vampire fangs slightly visible in a mysterious smile. She has a lean athletic physique with a toned stomach and defined waist, elegant posture, and graceful but predatory presence, navel. Wearing a dark gothic outfit — fitted black leather corset and flowing shadowy fabric — standing in dim moonlight. Dramatic cinematic lighting, soft mist, gothic castle background, cold blue and silver tones contrasting with her fiery hair, ultra-detailed skin texture, realistic lighting, 85mm lens, shallow depth of field, hyperrealistic, 8k, high contrast, atmospheric, dark fantasy aesthetic. Thick muscular thighs.",Real Value,euler_ancestral,simple,9,1.0,1.0,1024,1280
242,perturbation,blk06_neg_d0.550,6,0.550,neg,,P5_gingervampire,1618033,"{""6"": -0.55}","0.000,0.000,0.000,0.000,0.000,0.000,-0.550,0.000,0.000,0.000,0.000,0.000,0.000,0.000,0.000,0.000,0.000,0.000,0.000,0.000,0.000,0.000,0.000,0.000,0.000,0.000,0.000,0.000,0.000,0.000,0.000,0.000,0.000,0.000",P5_gingervampire_blk06_neg_d0.550_krea2_seed1618033,P5_gingervampire_blk06_neg_d0.550_krea2_seed1618033_00001_.png,"A gorgeous 18-year-old girl. Photorealistic portrait of a ginger vampire girl with long, voluminous curly red hair cascading over her shoulders, pale porcelain skin with subtle freckles, glowing amber eyes, and sharp vampire fangs slightly visible in a mysterious smile. She has a lean athletic physique with a toned stomach and defined waist, elegant posture, and graceful but predatory presence, navel. Wearing a dark gothic outfit — fitted black leather corset and flowing shadowy fabric — standing in dim moonlight. Dramatic cinematic lighting, soft mist, gothic castle background, cold blue and silver tones contrasting with her fiery hair, ultra-detailed skin texture, realistic lighting, 85mm lens, shallow depth of field, hyperrealistic, 8k, high contrast, atmospheric, dark fantasy aesthetic. Thick muscular thighs.",Real Value,euler_ancestral,simple,9,1.0,1.0,1024,1280
243,perturbation,blk06_pos_d0.550,6,0.550,pos,,P5_gingervampire,1618033,"{""6"": 0.55}","0.000,0.000,0.000,0.000,0.000,0.000,0.550,0.000,0.000,0.000,0.000,0.000,0.000,0.000,0.000,0.000,0.000,0.000,0.000,0.000,0.000,0.000,0.000,0.000,0.000,0.000,0.000,0.000,0.000,0.000,0.000,0.000,0.000,0.000",P5_gingervampire_blk06_pos_d0.550_krea2_seed1618033,P5_gingervampire_blk06_pos_d0.550_krea2_seed1618033_00001_.png,"A gorgeous 18-year-old girl. Photorealistic portrait of a ginger vampire girl with long, voluminous curly red hair cascading over her shoulders, pale porcelain skin with subtle freckles, glowing amber eyes, and sharp vampire fangs slightly visible in a mysterious smile. She has a lean athletic physique with a toned stomach and defined waist, elegant posture, and graceful but predatory presence, navel. Wearing a dark gothic outfit — fitted black leather corset and flowing shadowy fabric — standing in dim moonlight. Dramatic cinematic lighting, soft mist, gothic castle background, cold blue and silver tones contrasting with her fiery hair, ultra-detailed skin texture, realistic lighting, 85mm lens, shallow depth of field, hyperrealistic, 8k, high contrast, atmospheric, dark fantasy aesthetic. Thick muscular thighs.",Real Value,euler_ancestral,simple,9,1.0,1.0,1024,1280
244,perturbation,blk07_neg_d0.550,7,0.550,neg,,P5_gingervampire,1618033,"{""7"": -0.55}","0.000,0.000,0.000,0.000,0.000,0.000,0.000,-0.550,0.000,0.000,0.000,0.000,0.000,0.000,0.000,0.000,0.000,0.000,0.000,0.000,0.000,0.000,0.000,0.000,0.000,0.000,0.000,0.000,0.000,0.000,0.000,0.000,0.000,0.000",P5_gingervampire_blk07_neg_d0.550_krea2_seed1618033,P5_gingervampire_blk07_neg_d0.550_krea2_seed1618033_00001_.png,"A gorgeous 18-year-old girl. Photorealistic portrait of a ginger vampire girl with long, voluminous curly red hair cascading over her shoulders, pale porcelain skin with subtle freckles, glowing amber eyes, and sharp vampire fangs slightly visible in a mysterious smile. She has a lean athletic physique with a toned stomach and defined waist, elegant posture, and graceful but predatory presence, navel. Wearing a dark gothic outfit — fitted black leather corset and flowing shadowy fabric — standing in dim moonlight. Dramatic cinematic lighting, soft mist, gothic castle background, cold blue and silver tones contrasting with her fiery hair, ultra-detailed skin texture, realistic lighting, 85mm lens, shallow depth of field, hyperrealistic, 8k, high contrast, atmospheric, dark fantasy aesthetic. Thick muscular thighs.",Real Value,euler_ancestral,simple,9,1.0,1.0,1024,1280
245,perturbation,blk07_pos_d0.550,7,0.550,pos,,P5_gingervampire,1618033,"{""7"": 0.55}","0.000,0.000,0.000,0.000,0.000,0.000,0.000,0.550,0.000,0.000,0.000,0.000,0.000,0.000,0.000,0.000,0.000,0.000,0.000,0.000,0.000,0.000,0.000,0.000,0.000,0.000,0.000,0.000,0.000,0.000,0.000,0.000,0.000,0.000",P5_gingervampire_blk07_pos_d0.550_krea2_seed1618033,P5_gingervampire_blk07_pos_d0.550_krea2_seed1618033_00001_.png,"A gorgeous 18-year-old girl. Photorealistic portrait of a ginger vampire girl with long, voluminous curly red hair cascading over her shoulders, pale porcelain skin with subtle freckles, glowing amber eyes, and sharp vampire fangs slightly visible in a mysterious smile. She has a lean athletic physique with a toned stomach and defined waist, elegant posture, and graceful but predatory presence, navel. Wearing a dark gothic outfit — fitted black leather corset and flowing shadowy fabric — standing in dim moonlight. Dramatic cinematic lighting, soft mist, gothic castle background, cold blue and silver tones contrasting with her fiery hair, ultra-detailed skin texture, realistic lighting, 85mm lens, shallow depth of field, hyperrealistic, 8k, high contrast, atmospheric, dark fantasy aesthetic. Thick muscular thighs.",Real Value,euler_ancestral,simple,9,1.0,1.0,1024,1280
246,perturbation,blk08_neg_d0.550,8,0.550,neg,,P5_gingervampire,1618033,"{""8"": -0.55}","0.000,0.000,0.000,0.000,0.000,0.000,0.000,0.000,-0.550,0.000,0.000,0.000,0.000,0.000,0.000,0.000,0.000,0.000,0.000,0.000,0.000,0.000,0.000,0.000,0.000,0.000,0.000,0.000,0.000,0.000,0.000,0.000,0.000,0.000",P5_gingervampire_blk08_neg_d0.550_krea2_seed1618033,P5_gingervampire_blk08_neg_d0.550_krea2_seed1618033_00001_.png,"A gorgeous 18-year-old girl. Photorealistic portrait of a ginger vampire girl with long, voluminous curly red hair cascading over her shoulders, pale porcelain skin with subtle freckles, glowing amber eyes, and sharp vampire fangs slightly visible in a mysterious smile. She has a lean athletic physique with a toned stomach and defined waist, elegant posture, and graceful but predatory presence, navel. Wearing a dark gothic outfit — fitted black leather corset and flowing shadowy fabric — standing in dim moonlight. Dramatic cinematic lighting, soft mist, gothic castle background, cold blue and silver tones contrasting with her fiery hair, ultra-detailed skin texture, realistic lighting, 85mm lens, shallow depth of field, hyperrealistic, 8k, high contrast, atmospheric, dark fantasy aesthetic. Thick muscular thighs.",Real Value,euler_ancestral,simple,9,1.0,1.0,1024,1280
247,perturbation,blk08_pos_d0.550,8,0.550,pos,,P5_gingervampire,1618033,"{""8"": 0.55}","0.000,0.000,0.000,0.000,0.000,0.000,0.000,0.000,0.550,0.000,0.000,0.000,0.000,0.000,0.000,0.000,0.000,0.000,0.000,0.000,0.000,0.000,0.000,0.000,0.000,0.000,0.000,0.000,0.000,0.000,0.000,0.000,0.000,0.000",P5_gingervampire_blk08_pos_d0.550_krea2_seed1618033,P5_gingervampire_blk08_pos_d0.550_krea2_seed1618033_00001_.png,"A gorgeous 18-year-old girl. Photorealistic portrait of a ginger vampire girl with long, voluminous curly red hair cascading over her shoulders, pale porcelain skin with subtle freckles, glowing amber eyes, and sharp vampire fangs slightly visible in a mysterious smile. She has a lean athletic physique with a toned stomach and defined waist, elegant posture, and graceful but predatory presence, navel. Wearing a dark gothic outfit — fitted black leather corset and flowing shadowy fabric — standing in dim moonlight. Dramatic cinematic lighting, soft mist, gothic castle background, cold blue and silver tones contrasting with her fiery hair, ultra-detailed skin texture, realistic lighting, 85mm lens, shallow depth of field, hyperrealistic, 8k, high contrast, atmospheric, dark fantasy aesthetic. Thick muscular thighs.",Real Value,euler_ancestral,simple,9,1.0,1.0,1024,1280
248,perturbation,blk09_neg_d0.550,9,0.550,neg,,P5_gingervampire,1618033,"{""9"": -0.55}","0.000,0.000,0.000,0.000,0.000,0.000,0.000,0.000,0.000,-0.550,0.000,0.000,0.000,0.000,0.000,0.000,0.000,0.000,0.000,0.000,0.000,0.000,0.000,0.000,0.000,0.000,0.000,0.000,0.000,0.000,0.000,0.000,0.000,0.000",P5_gingervampire_blk09_neg_d0.550_krea2_seed1618033,P5_gingervampire_blk09_neg_d0.550_krea2_seed1618033_00001_.png,"A gorgeous 18-year-old girl. Photorealistic portrait of a ginger vampire girl with long, voluminous curly red hair cascading over her shoulders, pale porcelain skin with subtle freckles, glowing amber eyes, and sharp vampire fangs slightly visible in a mysterious smile. She has a lean athletic physique with a toned stomach and defined waist, elegant posture, and graceful but predatory presence, navel. Wearing a dark gothic outfit — fitted black leather corset and flowing shadowy fabric — standing in dim moonlight. Dramatic cinematic lighting, soft mist, gothic castle background, cold blue and silver tones contrasting with her fiery hair, ultra-detailed skin texture, realistic lighting, 85mm lens, shallow depth of field, hyperrealistic, 8k, high contrast, atmospheric, dark fantasy aesthetic. Thick muscular thighs.",Real Value,euler_ancestral,simple,9,1.0,1.0,1024,1280
249,perturbation,blk09_pos_d0.550,9,0.550,pos,,P5_gingervampire,1618033,"{""9"": 0.55}","0.000,0.000,0.000,0.000,0.000,0.000,0.000,0.000,0.000,0.550,0.000,0.000,0.000,0.000,0.000,0.000,0.000,0.000,0.000,0.000,0.000,0.000,0.000,0.000,0.000,0.000,0.000,0.000,0.000,0.000,0.000,0.000,0.000,0.000",P5_gingervampire_blk09_pos_d0.550_krea2_seed1618033,P5_gingervampire_blk09_pos_d0.550_krea2_seed1618033_00001_.png,"A gorgeous 18-year-old girl. Photorealistic portrait of a ginger vampire girl with long, voluminous curly red hair cascading over her shoulders, pale porcelain skin with subtle freckles, glowing amber eyes, and sharp vampire fangs slightly visible in a mysterious smile. She has a lean athletic physique with a toned stomach and defined waist, elegant posture, and graceful but predatory presence, navel. Wearing a dark gothic outfit — fitted black leather corset and flowing shadowy fabric — standing in dim moonlight. Dramatic cinematic lighting, soft mist, gothic castle background, cold blue and silver tones contrasting with her fiery hair, ultra-detailed skin texture, realistic lighting, 85mm lens, shallow depth of field, hyperrealistic, 8k, high contrast, atmospheric, dark fantasy aesthetic. Thick muscular thighs.",Real Value,euler_ancestral,simple,9,1.0,1.0,1024,1280
250,perturbation,blk10_neg_d0.450,10,0.450,neg,,P5_gingervampire,1618033,"{""10"": -0.45}","0.000,0.000,0.000,0.000,0.000,0.000,0.000,0.000,0.000,0.000,-0.450,0.000,0.000,0.000,0.000,0.000,0.000,0.000,0.000,0.000,0.000,0.000,0.000,0.000,0.000,0.000,0.000,0.000,0.000,0.000,0.000,0.000,0.000,0.000",P5_gingervampire_blk10_neg_d0.450_krea2_seed1618033,P5_gingervampire_blk10_neg_d0.450_krea2_seed1618033_00001_.png,"A gorgeous 18-year-old girl. Photorealistic portrait of a ginger vampire girl with long, voluminous curly red hair cascading over her shoulders, pale porcelain skin with subtle freckles, glowing amber eyes, and sharp vampire fangs slightly visible in a mysterious smile. She has a lean athletic physique with a toned stomach and defined waist, elegant posture, and graceful but predatory presence, navel. Wearing a dark gothic outfit — fitted black leather corset and flowing shadowy fabric — standing in dim moonlight. Dramatic cinematic lighting, soft mist, gothic castle background, cold blue and silver tones contrasting with her fiery hair, ultra-detailed skin texture, realistic lighting, 85mm lens, shallow depth of field, hyperrealistic, 8k, high contrast, atmospheric, dark fantasy aesthetic. Thick muscular thighs.",Real Value,euler_ancestral,simple,9,1.0,1.0,1024,1280
251,perturbation,blk10_pos_d0.450,10,0.450,pos,,P5_gingervampire,1618033,"{""10"": 0.45}","0.000,0.000,0.000,0.000,0.000,0.000,0.000,0.000,0.000,0.000,0.450,0.000,0.000,0.000,0.000,0.000,0.000,0.000,0.000,0.000,0.000,0.000,0.000,0.000,0.000,0.000,0.000,0.000,0.000,0.000,0.000,0.000,0.000,0.000",P5_gingervampire_blk10_pos_d0.450_krea2_seed1618033,P5_gingervampire_blk10_pos_d0.450_krea2_seed1618033_00001_.png,"A gorgeous 18-year-old girl. Photorealistic portrait of a ginger vampire girl with long, voluminous curly red hair cascading over her shoulders, pale porcelain skin with subtle freckles, glowing amber eyes, and sharp vampire fangs slightly visible in a mysterious smile. She has a lean athletic physique with a toned stomach and defined waist, elegant posture, and graceful but predatory presence, navel. Wearing a dark gothic outfit — fitted black leather corset and flowing shadowy fabric — standing in dim moonlight. Dramatic cinematic lighting, soft mist, gothic castle background, cold blue and silver tones contrasting with her fiery hair, ultra-detailed skin texture, realistic lighting, 85mm lens, shallow depth of field, hyperrealistic, 8k, high contrast, atmospheric, dark fantasy aesthetic. Thick muscular thighs.",Real Value,euler_ancestral,simple,9,1.0,1.0,1024,1280
252,perturbation,blk11_neg_d0.450,11,0.450,neg,,P5_gingervampire,1618033,"{""11"": -0.45}","0.000,0.000,0.000,0.000,0.000,0.000,0.000,0.000,0.000,0.000,0.000,-0.450,0.000,0.000,0.000,0.000,0.000,0.000,0.000,0.000,0.000,0.000,0.000,0.000,0.000,0.000,0.000,0.000,0.000,0.000,0.000,0.000,0.000,0.000",P5_gingervampire_blk11_neg_d0.450_krea2_seed1618033,P5_gingervampire_blk11_neg_d0.450_krea2_seed1618033_00001_.png,"A gorgeous 18-year-old girl. Photorealistic portrait of a ginger vampire girl with long, voluminous curly red hair cascading over her shoulders, pale porcelain skin with subtle freckles, glowing amber eyes, and sharp vampire fangs slightly visible in a mysterious smile. She has a lean athletic physique with a toned stomach and defined waist, elegant posture, and graceful but predatory presence, navel. Wearing a dark gothic outfit — fitted black leather corset and flowing shadowy fabric — standing in dim moonlight. Dramatic cinematic lighting, soft mist, gothic castle background, cold blue and silver tones contrasting with her fiery hair, ultra-detailed skin texture, realistic lighting, 85mm lens, shallow depth of field, hyperrealistic, 8k, high contrast, atmospheric, dark fantasy aesthetic. Thick muscular thighs.",Real Value,euler_ancestral,simple,9,1.0,1.0,1024,1280
253,perturbation,blk11_pos_d0.450,11,0.450,pos,,P5_gingervampire,1618033,"{""11"": 0.45}","0.000,0.000,0.000,0.000,0.000,0.000,0.000,0.000,0.000,0.000,0.000,0.450,0.000,0.000,0.000,0.000,0.000,0.000,0.000,0.000,0.000,0.000,0.000,0.000,0.000,0.000,0.000,0.000,0.000,0.000,0.000,0.000,0.000,0.000",P5_gingervampire_blk11_pos_d0.450_krea2_seed1618033,P5_gingervampire_blk11_pos_d0.450_krea2_seed1618033_00001_.png,"A gorgeous 18-year-old girl. Photorealistic portrait of a ginger vampire girl with long, voluminous curly red hair cascading over her shoulders, pale porcelain skin with subtle freckles, glowing amber eyes, and sharp vampire fangs slightly visible in a mysterious smile. She has a lean athletic physique with a toned stomach and defined waist, elegant posture, and graceful but predatory presence, navel. Wearing a dark gothic outfit — fitted black leather corset and flowing shadowy fabric — standing in dim moonlight. Dramatic cinematic lighting, soft mist, gothic castle background, cold blue and silver tones contrasting with her fiery hair, ultra-detailed skin texture, realistic lighting, 85mm lens, shallow depth of field, hyperrealistic, 8k, high contrast, atmospheric, dark fantasy aesthetic. Thick muscular thighs.",Real Value,euler_ancestral,simple,9,1.0,1.0,1024,1280
254,perturbation,blk12_neg_d0.450,12,0.450,neg,,P5_gingervampire,1618033,"{""12"": -0.45}","0.000,0.000,0.000,0.000,0.000,0.000,0.000,0.000,0.000,0.000,0.000,0.000,-0.450,0.000,0.000,0.000,0.000,0.000,0.000,0.000,0.000,0.000,0.000,0.000,0.000,0.000,0.000,0.000,0.000,0.000,0.000,0.000,0.000,0.000",P5_gingervampire_blk12_neg_d0.450_krea2_seed1618033,P5_gingervampire_blk12_neg_d0.450_krea2_seed1618033_00001_.png,"A gorgeous 18-year-old girl. Photorealistic portrait of a ginger vampire girl with long, voluminous curly red hair cascading over her shoulders, pale porcelain skin with subtle freckles, glowing amber eyes, and sharp vampire fangs slightly visible in a mysterious smile. She has a lean athletic physique with a toned stomach and defined waist, elegant posture, and graceful but predatory presence, navel. Wearing a dark gothic outfit — fitted black leather corset and flowing shadowy fabric — standing in dim moonlight. Dramatic cinematic lighting, soft mist, gothic castle background, cold blue and silver tones contrasting with her fiery hair, ultra-detailed skin texture, realistic lighting, 85mm lens, shallow depth of field, hyperrealistic, 8k, high contrast, atmospheric, dark fantasy aesthetic. Thick muscular thighs.",Real Value,euler_ancestral,simple,9,1.0,1.0,1024,1280
255,perturbation,blk12_pos_d0.400,12,0.400,pos,,P5_gingervampire,1618033,"{""12"": 0.4}","0.000,0.000,0.000,0.000,0.000,0.000,0.000,0.000,0.000,0.000,0.000,0.000,0.400,0.000,0.000,0.000,0.000,0.000,0.000,0.000,0.000,0.000,0.000,0.000,0.000,0.000,0.000,0.000,0.000,0.000,0.000,0.000,0.000,0.000",P5_gingervampire_blk12_pos_d0.400_krea2_seed1618033,P5_gingervampire_blk12_pos_d0.400_krea2_seed1618033_00001_.png,"A gorgeous 18-year-old girl. Photorealistic portrait of a ginger vampire girl with long, voluminous curly red hair cascading over her shoulders, pale porcelain skin with subtle freckles, glowing amber eyes, and sharp vampire fangs slightly visible in a mysterious smile. She has a lean athletic physique with a toned stomach and defined waist, elegant posture, and graceful but predatory presence, navel. Wearing a dark gothic outfit — fitted black leather corset and flowing shadowy fabric — standing in dim moonlight. Dramatic cinematic lighting, soft mist, gothic castle background, cold blue and silver tones contrasting with her fiery hair, ultra-detailed skin texture, realistic lighting, 85mm lens, shallow depth of field, hyperrealistic, 8k, high contrast, atmospheric, dark fantasy aesthetic. Thick muscular thighs.",Real Value,euler_ancestral,simple,9,1.0,1.0,1024,1280
256,perturbation,blk13_neg_d0.450,13,0.450,neg,,P5_gingervampire,1618033,"{""13"": -0.45}","0.000,0.000,0.000,0.000,0.000,0.000,0.000,0.000,0.000,0.000,0.000,0.000,0.000,-0.450,0.000,0.000,0.000,0.000,0.000,0.000,0.000,0.000,0.000,0.000,0.000,0.000,0.000,0.000,0.000,0.000,0.000,0.000,0.000,0.000",P5_gingervampire_blk13_neg_d0.450_krea2_seed1618033,P5_gingervampire_blk13_neg_d0.450_krea2_seed1618033_00001_.png,"A gorgeous 18-year-old girl. Photorealistic portrait of a ginger vampire girl with long, voluminous curly red hair cascading over her shoulders, pale porcelain skin with subtle freckles, glowing amber eyes, and sharp vampire fangs slightly visible in a mysterious smile. She has a lean athletic physique with a toned stomach and defined waist, elegant posture, and graceful but predatory presence, navel. Wearing a dark gothic outfit — fitted black leather corset and flowing shadowy fabric — standing in dim moonlight. Dramatic cinematic lighting, soft mist, gothic castle background, cold blue and silver tones contrasting with her fiery hair, ultra-detailed skin texture, realistic lighting, 85mm lens, shallow depth of field, hyperrealistic, 8k, high contrast, atmospheric, dark fantasy aesthetic. Thick muscular thighs.",Real Value,euler_ancestral,simple,9,1.0,1.0,1024,1280
257,perturbation,blk13_pos_d0.400,13,0.400,pos,,P5_gingervampire,1618033,"{""13"": 0.4}","0.000,0.000,0.000,0.000,0.000,0.000,0.000,0.000,0.000,0.000,0.000,0.000,0.000,0.400,0.000,0.000,0.000,0.000,0.000,0.000,0.000,0.000,0.000,0.000,0.000,0.000,0.000,0.000,0.000,0.000,0.000,0.000,0.000,0.000",P5_gingervampire_blk13_pos_d0.400_krea2_seed1618033,P5_gingervampire_blk13_pos_d0.400_krea2_seed1618033_00001_.png,"A gorgeous 18-year-old girl. Photorealistic portrait of a ginger vampire girl with long, voluminous curly red hair cascading over her shoulders, pale porcelain skin with subtle freckles, glowing amber eyes, and sharp vampire fangs slightly visible in a mysterious smile. She has a lean athletic physique with a toned stomach and defined waist, elegant posture, and graceful but predatory presence, navel. Wearing a dark gothic outfit — fitted black leather corset and flowing shadowy fabric — standing in dim moonlight. Dramatic cinematic lighting, soft mist, gothic castle background, cold blue and silver tones contrasting with her fiery hair, ultra-detailed skin texture, realistic lighting, 85mm lens, shallow depth of field, hyperrealistic, 8k, high contrast, atmospheric, dark fantasy aesthetic. Thick muscular thighs.",Real Value,euler_ancestral,simple,9,1.0,1.0,1024,1280
258,perturbation,blk14_neg_d0.550,14,0.550,neg,,P5_gingervampire,1618033,"{""14"": -0.55}","0.000,0.000,0.000,0.000,0.000,0.000,0.000,0.000,0.000,0.000,0.000,0.000,0.000,0.000,-0.550,0.000,0.000,0.000,0.000,0.000,0.000,0.000,0.000,0.000,0.000,0.000,0.000,0.000,0.000,0.000,0.000,0.000,0.000,0.000",P5_gingervampire_blk14_neg_d0.550_krea2_seed1618033,P5_gingervampire_blk14_neg_d0.550_krea2_seed1618033_00001_.png,"A gorgeous 18-year-old girl. Photorealistic portrait of a ginger vampire girl with long, voluminous curly red hair cascading over her shoulders, pale porcelain skin with subtle freckles, glowing amber eyes, and sharp vampire fangs slightly visible in a mysterious smile. She has a lean athletic physique with a toned stomach and defined waist, elegant posture, and graceful but predatory presence, navel. Wearing a dark gothic outfit — fitted black leather corset and flowing shadowy fabric — standing in dim moonlight. Dramatic cinematic lighting, soft mist, gothic castle background, cold blue and silver tones contrasting with her fiery hair, ultra-detailed skin texture, realistic lighting, 85mm lens, shallow depth of field, hyperrealistic, 8k, high contrast, atmospheric, dark fantasy aesthetic. Thick muscular thighs.",Real Value,euler_ancestral,simple,9,1.0,1.0,1024,1280
259,perturbation,blk14_pos_d0.400,14,0.400,pos,,P5_gingervampire,1618033,"{""14"": 0.4}","0.000,0.000,0.000,0.000,0.000,0.000,0.000,0.000,0.000,0.000,0.000,0.000,0.000,0.000,0.400,0.000,0.000,0.000,0.000,0.000,0.000,0.000,0.000,0.000,0.000,0.000,0.000,0.000,0.000,0.000,0.000,0.000,0.000,0.000",P5_gingervampire_blk14_pos_d0.400_krea2_seed1618033,P5_gingervampire_blk14_pos_d0.400_krea2_seed1618033_00001_.png,"A gorgeous 18-year-old girl. Photorealistic portrait of a ginger vampire girl with long, voluminous curly red hair cascading over her shoulders, pale porcelain skin with subtle freckles, glowing amber eyes, and sharp vampire fangs slightly visible in a mysterious smile. She has a lean athletic physique with a toned stomach and defined waist, elegant posture, and graceful but predatory presence, navel. Wearing a dark gothic outfit — fitted black leather corset and flowing shadowy fabric — standing in dim moonlight. Dramatic cinematic lighting, soft mist, gothic castle background, cold blue and silver tones contrasting with her fiery hair, ultra-detailed skin texture, realistic lighting, 85mm lens, shallow depth of field, hyperrealistic, 8k, high contrast, atmospheric, dark fantasy aesthetic. Thick muscular thighs.",Real Value,euler_ancestral,simple,9,1.0,1.0,1024,1280
260,perturbation,blk15_neg_d0.450,15,0.450,neg,,P5_gingervampire,1618033,"{""15"": -0.45}","0.000,0.000,0.000,0.000,0.000,0.000,0.000,0.000,0.000,0.000,0.000,0.000,0.000,0.000,0.000,-0.450,0.000,0.000,0.000,0.000,0.000,0.000,0.000,0.000,0.000,0.000,0.000,0.000,0.000,0.000,0.000,0.000,0.000,0.000",P5_gingervampire_blk15_neg_d0.450_krea2_seed1618033,P5_gingervampire_blk15_neg_d0.450_krea2_seed1618033_00001_.png,"A gorgeous 18-year-old girl. Photorealistic portrait of a ginger vampire girl with long, voluminous curly red hair cascading over her shoulders, pale porcelain skin with subtle freckles, glowing amber eyes, and sharp vampire fangs slightly visible in a mysterious smile. She has a lean athletic physique with a toned stomach and defined waist, elegant posture, and graceful but predatory presence, navel. Wearing a dark gothic outfit — fitted black leather corset and flowing shadowy fabric — standing in dim moonlight. Dramatic cinematic lighting, soft mist, gothic castle background, cold blue and silver tones contrasting with her fiery hair, ultra-detailed skin texture, realistic lighting, 85mm lens, shallow depth of field, hyperrealistic, 8k, high contrast, atmospheric, dark fantasy aesthetic. Thick muscular thighs.",Real Value,euler_ancestral,simple,9,1.0,1.0,1024,1280
261,perturbation,blk15_pos_d0.400,15,0.400,pos,,P5_gingervampire,1618033,"{""15"": 0.4}","0.000,0.000,0.000,0.000,0.000,0.000,0.000,0.000,0.000,0.000,0.000,0.000,0.000,0.000,0.000,0.400,0.000,0.000,0.000,0.000,0.000,0.000,0.000,0.000,0.000,0.000,0.000,0.000,0.000,0.000,0.000,0.000,0.000,0.000",P5_gingervampire_blk15_pos_d0.400_krea2_seed1618033,P5_gingervampire_blk15_pos_d0.400_krea2_seed1618033_00001_.png,"A gorgeous 18-year-old girl. Photorealistic portrait of a ginger vampire girl with long, voluminous curly red hair cascading over her shoulders, pale porcelain skin with subtle freckles, glowing amber eyes, and sharp vampire fangs slightly visible in a mysterious smile. She has a lean athletic physique with a toned stomach and defined waist, elegant posture, and graceful but predatory presence, navel. Wearing a dark gothic outfit — fitted black leather corset and flowing shadowy fabric — standing in dim moonlight. Dramatic cinematic lighting, soft mist, gothic castle background, cold blue and silver tones contrasting with her fiery hair, ultra-detailed skin texture, realistic lighting, 85mm lens, shallow depth of field, hyperrealistic, 8k, high contrast, atmospheric, dark fantasy aesthetic. Thick muscular thighs.",Real Value,euler_ancestral,simple,9,1.0,1.0,1024,1280
262,perturbation,blk16_neg_d0.450,16,0.450,neg,,P5_gingervampire,1618033,"{""16"": -0.45}","0.000,0.000,0.000,0.000,0.000,0.000,0.000,0.000,0.000,0.000,0.000,0.000,0.000,0.000,0.000,0.000,-0.450,0.000,0.000,0.000,0.000,0.000,0.000,0.000,0.000,0.000,0.000,0.000,0.000,0.000,0.000,0.000,0.000,0.000",P5_gingervampire_blk16_neg_d0.450_krea2_seed1618033,P5_gingervampire_blk16_neg_d0.450_krea2_seed1618033_00001_.png,"A gorgeous 18-year-old girl. Photorealistic portrait of a ginger vampire girl with long, voluminous curly red hair cascading over her shoulders, pale porcelain skin with subtle freckles, glowing amber eyes, and sharp vampire fangs slightly visible in a mysterious smile. She has a lean athletic physique with a toned stomach and defined waist, elegant posture, and graceful but predatory presence, navel. Wearing a dark gothic outfit — fitted black leather corset and flowing shadowy fabric — standing in dim moonlight. Dramatic cinematic lighting, soft mist, gothic castle background, cold blue and silver tones contrasting with her fiery hair, ultra-detailed skin texture, realistic lighting, 85mm lens, shallow depth of field, hyperrealistic, 8k, high contrast, atmospheric, dark fantasy aesthetic. Thick muscular thighs.",Real Value,euler_ancestral,simple,9,1.0,1.0,1024,1280
263,perturbation,blk16_pos_d0.300,16,0.300,pos,,P5_gingervampire,1618033,"{""16"": 0.3}","0.000,0.000,0.000,0.000,0.000,0.000,0.000,0.000,0.000,0.000,0.000,0.000,0.000,0.000,0.000,0.000,0.300,0.000,0.000,0.000,0.000,0.000,0.000,0.000,0.000,0.000,0.000,0.000,0.000,0.000,0.000,0.000,0.000,0.000",P5_gingervampire_blk16_pos_d0.300_krea2_seed1618033,P5_gingervampire_blk16_pos_d0.300_krea2_seed1618033_00001_.png,"A gorgeous 18-year-old girl. Photorealistic portrait of a ginger vampire girl with long, voluminous curly red hair cascading over her shoulders, pale porcelain skin with subtle freckles, glowing amber eyes, and sharp vampire fangs slightly visible in a mysterious smile. She has a lean athletic physique with a toned stomach and defined waist, elegant posture, and graceful but predatory presence, navel. Wearing a dark gothic outfit — fitted black leather corset and flowing shadowy fabric — standing in dim moonlight. Dramatic cinematic lighting, soft mist, gothic castle background, cold blue and silver tones contrasting with her fiery hair, ultra-detailed skin texture, realistic lighting, 85mm lens, shallow depth of field, hyperrealistic, 8k, high contrast, atmospheric, dark fantasy aesthetic. Thick muscular thighs.",Real Value,euler_ancestral,simple,9,1.0,1.0,1024,1280
264,perturbation,blk17_neg_d0.450,17,0.450,neg,,P5_gingervampire,1618033,"{""17"": -0.45}","0.000,0.000,0.000,0.000,0.000,0.000,0.000,0.000,0.000,0.000,0.000,0.000,0.000,0.000,0.000,0.000,0.000,-0.450,0.000,0.000,0.000,0.000,0.000,0.000,0.000,0.000,0.000,0.000,0.000,0.000,0.000,0.000,0.000,0.000",P5_gingervampire_blk17_neg_d0.450_krea2_seed1618033,P5_gingervampire_blk17_neg_d0.450_krea2_seed1618033_00001_.png,"A gorgeous 18-year-old girl. Photorealistic portrait of a ginger vampire girl with long, voluminous curly red hair cascading over her shoulders, pale porcelain skin with subtle freckles, glowing amber eyes, and sharp vampire fangs slightly visible in a mysterious smile. She has a lean athletic physique with a toned stomach and defined waist, elegant posture, and graceful but predatory presence, navel. Wearing a dark gothic outfit — fitted black leather corset and flowing shadowy fabric — standing in dim moonlight. Dramatic cinematic lighting, soft mist, gothic castle background, cold blue and silver tones contrasting with her fiery hair, ultra-detailed skin texture, realistic lighting, 85mm lens, shallow depth of field, hyperrealistic, 8k, high contrast, atmospheric, dark fantasy aesthetic. Thick muscular thighs.",Real Value,euler_ancestral,simple,9,1.0,1.0,1024,1280
265,perturbation,blk17_pos_d0.400,17,0.400,pos,,P5_gingervampire,1618033,"{""17"": 0.4}","0.000,0.000,0.000,0.000,0.000,0.000,0.000,0.000,0.000,0.000,0.000,0.000,0.000,0.000,0.000,0.000,0.000,0.400,0.000,0.000,0.000,0.000,0.000,0.000,0.000,0.000,0.000,0.000,0.000,0.000,0.000,0.000,0.000,0.000",P5_gingervampire_blk17_pos_d0.400_krea2_seed1618033,P5_gingervampire_blk17_pos_d0.400_krea2_seed1618033_00001_.png,"A gorgeous 18-year-old girl. Photorealistic portrait of a ginger vampire girl with long, voluminous curly red hair cascading over her shoulders, pale porcelain skin with subtle freckles, glowing amber eyes, and sharp vampire fangs slightly visible in a mysterious smile. She has a lean athletic physique with a toned stomach and defined waist, elegant posture, and graceful but predatory presence, navel. Wearing a dark gothic outfit — fitted black leather corset and flowing shadowy fabric — standing in dim moonlight. Dramatic cinematic lighting, soft mist, gothic castle background, cold blue and silver tones contrasting with her fiery hair, ultra-detailed skin texture, realistic lighting, 85mm lens, shallow depth of field, hyperrealistic, 8k, high contrast, atmospheric, dark fantasy aesthetic. Thick muscular thighs.",Real Value,euler_ancestral,simple,9,1.0,1.0,1024,1280
266,perturbation,blk18_neg_d0.450,18,0.450,neg,,P5_gingervampire,1618033,"{""18"": -0.45}","0.000,0.000,0.000,0.000,0.000,0.000,0.000,0.000,0.000,0.000,0.000,0.000,0.000,0.000,0.000,0.000,0.000,0.000,-0.450,0.000,0.000,0.000,0.000,0.000,0.000,0.000,0.000,0.000,0.000,0.000,0.000,0.000,0.000,0.000",P5_gingervampire_blk18_neg_d0.450_krea2_seed1618033,P5_gingervampire_blk18_neg_d0.450_krea2_seed1618033_00001_.png,"A gorgeous 18-year-old girl. Photorealistic portrait of a ginger vampire girl with long, voluminous curly red hair cascading over her shoulders, pale porcelain skin with subtle freckles, glowing amber eyes, and sharp vampire fangs slightly visible in a mysterious smile. She has a lean athletic physique with a toned stomach and defined waist, elegant posture, and graceful but predatory presence, navel. Wearing a dark gothic outfit — fitted black leather corset and flowing shadowy fabric — standing in dim moonlight. Dramatic cinematic lighting, soft mist, gothic castle background, cold blue and silver tones contrasting with her fiery hair, ultra-detailed skin texture, realistic lighting, 85mm lens, shallow depth of field, hyperrealistic, 8k, high contrast, atmospheric, dark fantasy aesthetic. Thick muscular thighs.",Real Value,euler_ancestral,simple,9,1.0,1.0,1024,1280
267,perturbation,blk18_pos_d0.300,18,0.300,pos,,P5_gingervampire,1618033,"{""18"": 0.3}","0.000,0.000,0.000,0.000,0.000,0.000,0.000,0.000,0.000,0.000,0.000,0.000,0.000,0.000,0.000,0.000,0.000,0.000,0.300,0.000,0.000,0.000,0.000,0.000,0.000,0.000,0.000,0.000,0.000,0.000,0.000,0.000,0.000,0.000",P5_gingervampire_blk18_pos_d0.300_krea2_seed1618033,P5_gingervampire_blk18_pos_d0.300_krea2_seed1618033_00001_.png,"A gorgeous 18-year-old girl. Photorealistic portrait of a ginger vampire girl with long, voluminous curly red hair cascading over her shoulders, pale porcelain skin with subtle freckles, glowing amber eyes, and sharp vampire fangs slightly visible in a mysterious smile. She has a lean athletic physique with a toned stomach and defined waist, elegant posture, and graceful but predatory presence, navel. Wearing a dark gothic outfit — fitted black leather corset and flowing shadowy fabric — standing in dim moonlight. Dramatic cinematic lighting, soft mist, gothic castle background, cold blue and silver tones contrasting with her fiery hair, ultra-detailed skin texture, realistic lighting, 85mm lens, shallow depth of field, hyperrealistic, 8k, high contrast, atmospheric, dark fantasy aesthetic. Thick muscular thighs.",Real Value,euler_ancestral,simple,9,1.0,1.0,1024,1280
268,perturbation,blk19_neg_d0.450,19,0.450,neg,,P5_gingervampire,1618033,"{""19"": -0.45}","0.000,0.000,0.000,0.000,0.000,0.000,0.000,0.000,0.000,0.000,0.000,0.000,0.000,0.000,0.000,0.000,0.000,0.000,0.000,-0.450,0.000,0.000,0.000,0.000,0.000,0.000,0.000,0.000,0.000,0.000,0.000,0.000,0.000,0.000",P5_gingervampire_blk19_neg_d0.450_krea2_seed1618033,P5_gingervampire_blk19_neg_d0.450_krea2_seed1618033_00001_.png,"A gorgeous 18-year-old girl. Photorealistic portrait of a ginger vampire girl with long, voluminous curly red hair cascading over her shoulders, pale porcelain skin with subtle freckles, glowing amber eyes, and sharp vampire fangs slightly visible in a mysterious smile. She has a lean athletic physique with a toned stomach and defined waist, elegant posture, and graceful but predatory presence, navel. Wearing a dark gothic outfit — fitted black leather corset and flowing shadowy fabric — standing in dim moonlight. Dramatic cinematic lighting, soft mist, gothic castle background, cold blue and silver tones contrasting with her fiery hair, ultra-detailed skin texture, realistic lighting, 85mm lens, shallow depth of field, hyperrealistic, 8k, high contrast, atmospheric, dark fantasy aesthetic. Thick muscular thighs.",Real Value,euler_ancestral,simple,9,1.0,1.0,1024,1280
269,perturbation,blk19_pos_d0.250,19,0.250,pos,,P5_gingervampire,1618033,"{""19"": 0.25}","0.000,0.000,0.000,0.000,0.000,0.000,0.000,0.000,0.000,0.000,0.000,0.000,0.000,0.000,0.000,0.000,0.000,0.000,0.000,0.250,0.000,0.000,0.000,0.000,0.000,0.000,0.000,0.000,0.000,0.000,0.000,0.000,0.000,0.000",P5_gingervampire_blk19_pos_d0.250_krea2_seed1618033,P5_gingervampire_blk19_pos_d0.250_krea2_seed1618033_00001_.png,"A gorgeous 18-year-old girl. Photorealistic portrait of a ginger vampire girl with long, voluminous curly red hair cascading over her shoulders, pale porcelain skin with subtle freckles, glowing amber eyes, and sharp vampire fangs slightly visible in a mysterious smile. She has a lean athletic physique with a toned stomach and defined waist, elegant posture, and graceful but predatory presence, navel. Wearing a dark gothic outfit — fitted black leather corset and flowing shadowy fabric — standing in dim moonlight. Dramatic cinematic lighting, soft mist, gothic castle background, cold blue and silver tones contrasting with her fiery hair, ultra-detailed skin texture, realistic lighting, 85mm lens, shallow depth of field, hyperrealistic, 8k, high contrast, atmospheric, dark fantasy aesthetic. Thick muscular thighs.",Real Value,euler_ancestral,simple,9,1.0,1.0,1024,1280
270,perturbation,blk20_neg_d0.550,20,0.550,neg,,P5_gingervampire,1618033,"{""20"": -0.55}","0.000,0.000,0.000,0.000,0.000,0.000,0.000,0.000,0.000,0.000,0.000,0.000,0.000,0.000,0.000,0.000,0.000,0.000,0.000,0.000,-0.550,0.000,0.000,0.000,0.000,0.000,0.000,0.000,0.000,0.000,0.000,0.000,0.000,0.000",P5_gingervampire_blk20_neg_d0.550_krea2_seed1618033,P5_gingervampire_blk20_neg_d0.550_krea2_seed1618033_00001_.png,"A gorgeous 18-year-old girl. Photorealistic portrait of a ginger vampire girl with long, voluminous curly red hair cascading over her shoulders, pale porcelain skin with subtle freckles, glowing amber eyes, and sharp vampire fangs slightly visible in a mysterious smile. She has a lean athletic physique with a toned stomach and defined waist, elegant posture, and graceful but predatory presence, navel. Wearing a dark gothic outfit — fitted black leather corset and flowing shadowy fabric — standing in dim moonlight. Dramatic cinematic lighting, soft mist, gothic castle background, cold blue and silver tones contrasting with her fiery hair, ultra-detailed skin texture, realistic lighting, 85mm lens, shallow depth of field, hyperrealistic, 8k, high contrast, atmospheric, dark fantasy aesthetic. Thick muscular thighs.",Real Value,euler_ancestral,simple,9,1.0,1.0,1024,1280
271,perturbation,blk20_pos_d0.450,20,0.450,pos,,P5_gingervampire,1618033,"{""20"": 0.45}","0.000,0.000,0.000,0.000,0.000,0.000,0.000,0.000,0.000,0.000,0.000,0.000,0.000,0.000,0.000,0.000,0.000,0.000,0.000,0.000,0.450,0.000,0.000,0.000,0.000,0.000,0.000,0.000,0.000,0.000,0.000,0.000,0.000,0.000",P5_gingervampire_blk20_pos_d0.450_krea2_seed1618033,P5_gingervampire_blk20_pos_d0.450_krea2_seed1618033_00001_.png,"A gorgeous 18-year-old girl. Photorealistic portrait of a ginger vampire girl with long, voluminous curly red hair cascading over her shoulders, pale porcelain skin with subtle freckles, glowing amber eyes, and sharp vampire fangs slightly visible in a mysterious smile. She has a lean athletic physique with a toned stomach and defined waist, elegant posture, and graceful but predatory presence, navel. Wearing a dark gothic outfit — fitted black leather corset and flowing shadowy fabric — standing in dim moonlight. Dramatic cinematic lighting, soft mist, gothic castle background, cold blue and silver tones contrasting with her fiery hair, ultra-detailed skin texture, realistic lighting, 85mm lens, shallow depth of field, hyperrealistic, 8k, high contrast, atmospheric, dark fantasy aesthetic. Thick muscular thighs.",Real Value,euler_ancestral,simple,9,1.0,1.0,1024,1280
272,perturbation,blk21_neg_d0.450,21,0.450,neg,,P5_gingervampire,1618033,"{""21"": -0.45}","0.000,0.000,0.000,0.000,0.000,0.000,0.000,0.000,0.000,0.000,0.000,0.000,0.000,0.000,0.000,0.000,0.000,0.000,0.000,0.000,0.000,-0.450,0.000,0.000,0.000,0.000,0.000,0.000,0.000,0.000,0.000,0.000,0.000,0.000",P5_gingervampire_blk21_neg_d0.450_krea2_seed1618033,P5_gingervampire_blk21_neg_d0.450_krea2_seed1618033_00001_.png,"A gorgeous 18-year-old girl. Photorealistic portrait of a ginger vampire girl with long, voluminous curly red hair cascading over her shoulders, pale porcelain skin with subtle freckles, glowing amber eyes, and sharp vampire fangs slightly visible in a mysterious smile. She has a lean athletic physique with a toned stomach and defined waist, elegant posture, and graceful but predatory presence, navel. Wearing a dark gothic outfit — fitted black leather corset and flowing shadowy fabric — standing in dim moonlight. Dramatic cinematic lighting, soft mist, gothic castle background, cold blue and silver tones contrasting with her fiery hair, ultra-detailed skin texture, realistic lighting, 85mm lens, shallow depth of field, hyperrealistic, 8k, high contrast, atmospheric, dark fantasy aesthetic. Thick muscular thighs.",Real Value,euler_ancestral,simple,9,1.0,1.0,1024,1280
273,perturbation,blk21_pos_d0.250,21,0.250,pos,,P5_gingervampire,1618033,"{""21"": 0.25}","0.000,0.000,0.000,0.000,0.000,0.000,0.000,0.000,0.000,0.000,0.000,0.000,0.000,0.000,0.000,0.000,0.000,0.000,0.000,0.000,0.000,0.250,0.000,0.000,0.000,0.000,0.000,0.000,0.000,0.000,0.000,0.000,0.000,0.000",P5_gingervampire_blk21_pos_d0.250_krea2_seed1618033,P5_gingervampire_blk21_pos_d0.250_krea2_seed1618033_00001_.png,"A gorgeous 18-year-old girl. Photorealistic portrait of a ginger vampire girl with long, voluminous curly red hair cascading over her shoulders, pale porcelain skin with subtle freckles, glowing amber eyes, and sharp vampire fangs slightly visible in a mysterious smile. She has a lean athletic physique with a toned stomach and defined waist, elegant posture, and graceful but predatory presence, navel. Wearing a dark gothic outfit — fitted black leather corset and flowing shadowy fabric — standing in dim moonlight. Dramatic cinematic lighting, soft mist, gothic castle background, cold blue and silver tones contrasting with her fiery hair, ultra-detailed skin texture, realistic lighting, 85mm lens, shallow depth of field, hyperrealistic, 8k, high contrast, atmospheric, dark fantasy aesthetic. Thick muscular thighs.",Real Value,euler_ancestral,simple,9,1.0,1.0,1024,1280
274,perturbation,blk22_neg_d0.450,22,0.450,neg,,P5_gingervampire,1618033,"{""22"": -0.45}","0.000,0.000,0.000,0.000,0.000,0.000,0.000,0.000,0.000,0.000,0.000,0.000,0.000,0.000,0.000,0.000,0.000,0.000,0.000,0.000,0.000,0.000,-0.450,0.000,0.000,0.000,0.000,0.000,0.000,0.000,0.000,0.000,0.000,0.000",P5_gingervampire_blk22_neg_d0.450_krea2_seed1618033,P5_gingervampire_blk22_neg_d0.450_krea2_seed1618033_00001_.png,"A gorgeous 18-year-old girl. Photorealistic portrait of a ginger vampire girl with long, voluminous curly red hair cascading over her shoulders, pale porcelain skin with subtle freckles, glowing amber eyes, and sharp vampire fangs slightly visible in a mysterious smile. She has a lean athletic physique with a toned stomach and defined waist, elegant posture, and graceful but predatory presence, navel. Wearing a dark gothic outfit — fitted black leather corset and flowing shadowy fabric — standing in dim moonlight. Dramatic cinematic lighting, soft mist, gothic castle background, cold blue and silver tones contrasting with her fiery hair, ultra-detailed skin texture, realistic lighting, 85mm lens, shallow depth of field, hyperrealistic, 8k, high contrast, atmospheric, dark fantasy aesthetic. Thick muscular thighs.",Real Value,euler_ancestral,simple,9,1.0,1.0,1024,1280
275,perturbation,blk22_pos_d0.250,22,0.250,pos,,P5_gingervampire,1618033,"{""22"": 0.25}","0.000,0.000,0.000,0.000,0.000,0.000,0.000,0.000,0.000,0.000,0.000,0.000,0.000,0.000,0.000,0.000,0.000,0.000,0.000,0.000,0.000,0.000,0.250,0.000,0.000,0.000,0.000,0.000,0.000,0.000,0.000,0.000,0.000,0.000",P5_gingervampire_blk22_pos_d0.250_krea2_seed1618033,P5_gingervampire_blk22_pos_d0.250_krea2_seed1618033_00001_.png,"A gorgeous 18-year-old girl. Photorealistic portrait of a ginger vampire girl with long, voluminous curly red hair cascading over her shoulders, pale porcelain skin with subtle freckles, glowing amber eyes, and sharp vampire fangs slightly visible in a mysterious smile. She has a lean athletic physique with a toned stomach and defined waist, elegant posture, and graceful but predatory presence, navel. Wearing a dark gothic outfit — fitted black leather corset and flowing shadowy fabric — standing in dim moonlight. Dramatic cinematic lighting, soft mist, gothic castle background, cold blue and silver tones contrasting with her fiery hair, ultra-detailed skin texture, realistic lighting, 85mm lens, shallow depth of field, hyperrealistic, 8k, high contrast, atmospheric, dark fantasy aesthetic. Thick muscular thighs.",Real Value,euler_ancestral,simple,9,1.0,1.0,1024,1280
276,perturbation,blk23_neg_d0.300,23,0.300,neg,,P5_gingervampire,1618033,"{""23"": -0.3}","0.000,0.000,0.000,0.000,0.000,0.000,0.000,0.000,0.000,0.000,0.000,0.000,0.000,0.000,0.000,0.000,0.000,0.000,0.000,0.000,0.000,0.000,0.000,-0.300,0.000,0.000,0.000,0.000,0.000,0.000,0.000,0.000,0.000,0.000",P5_gingervampire_blk23_neg_d0.300_krea2_seed1618033,P5_gingervampire_blk23_neg_d0.300_krea2_seed1618033_00001_.png,"A gorgeous 18-year-old girl. Photorealistic portrait of a ginger vampire girl with long, voluminous curly red hair cascading over her shoulders, pale porcelain skin with subtle freckles, glowing amber eyes, and sharp vampire fangs slightly visible in a mysterious smile. She has a lean athletic physique with a toned stomach and defined waist, elegant posture, and graceful but predatory presence, navel. Wearing a dark gothic outfit — fitted black leather corset and flowing shadowy fabric — standing in dim moonlight. Dramatic cinematic lighting, soft mist, gothic castle background, cold blue and silver tones contrasting with her fiery hair, ultra-detailed skin texture, realistic lighting, 85mm lens, shallow depth of field, hyperrealistic, 8k, high contrast, atmospheric, dark fantasy aesthetic. Thick muscular thighs.",Real Value,euler_ancestral,simple,9,1.0,1.0,1024,1280
277,perturbation,blk23_pos_d0.300,23,0.300,pos,,P5_gingervampire,1618033,"{""23"": 0.3}","0.000,0.000,0.000,0.000,0.000,0.000,0.000,0.000,0.000,0.000,0.000,0.000,0.000,0.000,0.000,0.000,0.000,0.000,0.000,0.000,0.000,0.000,0.000,0.300,0.000,0.000,0.000,0.000,0.000,0.000,0.000,0.000,0.000,0.000",P5_gingervampire_blk23_pos_d0.300_krea2_seed1618033,P5_gingervampire_blk23_pos_d0.300_krea2_seed1618033_00001_.png,"A gorgeous 18-year-old girl. Photorealistic portrait of a ginger vampire girl with long, voluminous curly red hair cascading over her shoulders, pale porcelain skin with subtle freckles, glowing amber eyes, and sharp vampire fangs slightly visible in a mysterious smile. She has a lean athletic physique with a toned stomach and defined waist, elegant posture, and graceful but predatory presence, navel. Wearing a dark gothic outfit — fitted black leather corset and flowing shadowy fabric — standing in dim moonlight. Dramatic cinematic lighting, soft mist, gothic castle background, cold blue and silver tones contrasting with her fiery hair, ultra-detailed skin texture, realistic lighting, 85mm lens, shallow depth of field, hyperrealistic, 8k, high contrast, atmospheric, dark fantasy aesthetic. Thick muscular thighs.",Real Value,euler_ancestral,simple,9,1.0,1.0,1024,1280
278,perturbation,blk24_neg_d0.400,24,0.400,neg,,P5_gingervampire,1618033,"{""24"": -0.4}","0.000,0.000,0.000,0.000,0.000,0.000,0.000,0.000,0.000,0.000,0.000,0.000,0.000,0.000,0.000,0.000,0.000,0.000,0.000,0.000,0.000,0.000,0.000,0.000,-0.400,0.000,0.000,0.000,0.000,0.000,0.000,0.000,0.000,0.000",P5_gingervampire_blk24_neg_d0.400_krea2_seed1618033,P5_gingervampire_blk24_neg_d0.400_krea2_seed1618033_00001_.png,"A gorgeous 18-year-old girl. Photorealistic portrait of a ginger vampire girl with long, voluminous curly red hair cascading over her shoulders, pale porcelain skin with subtle freckles, glowing amber eyes, and sharp vampire fangs slightly visible in a mysterious smile. She has a lean athletic physique with a toned stomach and defined waist, elegant posture, and graceful but predatory presence, navel. Wearing a dark gothic outfit — fitted black leather corset and flowing shadowy fabric — standing in dim moonlight. Dramatic cinematic lighting, soft mist, gothic castle background, cold blue and silver tones contrasting with her fiery hair, ultra-detailed skin texture, realistic lighting, 85mm lens, shallow depth of field, hyperrealistic, 8k, high contrast, atmospheric, dark fantasy aesthetic. Thick muscular thighs.",Real Value,euler_ancestral,simple,9,1.0,1.0,1024,1280
279,perturbation,blk24_pos_d0.200,24,0.200,pos,,P5_gingervampire,1618033,"{""24"": 0.2}","0.000,0.000,0.000,0.000,0.000,0.000,0.000,0.000,0.000,0.000,0.000,0.000,0.000,0.000,0.000,0.000,0.000,0.000,0.000,0.000,0.000,0.000,0.000,0.000,0.200,0.000,0.000,0.000,0.000,0.000,0.000,0.000,0.000,0.000",P5_gingervampire_blk24_pos_d0.200_krea2_seed1618033,P5_gingervampire_blk24_pos_d0.200_krea2_seed1618033_00001_.png,"A gorgeous 18-year-old girl. Photorealistic portrait of a ginger vampire girl with long, voluminous curly red hair cascading over her shoulders, pale porcelain skin with subtle freckles, glowing amber eyes, and sharp vampire fangs slightly visible in a mysterious smile. She has a lean athletic physique with a toned stomach and defined waist, elegant posture, and graceful but predatory presence, navel. Wearing a dark gothic outfit — fitted black leather corset and flowing shadowy fabric — standing in dim moonlight. Dramatic cinematic lighting, soft mist, gothic castle background, cold blue and silver tones contrasting with her fiery hair, ultra-detailed skin texture, realistic lighting, 85mm lens, shallow depth of field, hyperrealistic, 8k, high contrast, atmospheric, dark fantasy aesthetic. Thick muscular thighs.",Real Value,euler_ancestral,simple,9,1.0,1.0,1024,1280
280,perturbation,blk25_neg_d0.450,25,0.450,neg,,P5_gingervampire,1618033,"{""25"": -0.45}","0.000,0.000,0.000,0.000,0.000,0.000,0.000,0.000,0.000,0.000,0.000,0.000,0.000,0.000,0.000,0.000,0.000,0.000,0.000,0.000,0.000,0.000,0.000,0.000,0.000,-0.450,0.000,0.000,0.000,0.000,0.000,0.000,0.000,0.000",P5_gingervampire_blk25_neg_d0.450_krea2_seed1618033,P5_gingervampire_blk25_neg_d0.450_krea2_seed1618033_00001_.png,"A gorgeous 18-year-old girl. Photorealistic portrait of a ginger vampire girl with long, voluminous curly red hair cascading over her shoulders, pale porcelain skin with subtle freckles, glowing amber eyes, and sharp vampire fangs slightly visible in a mysterious smile. She has a lean athletic physique with a toned stomach and defined waist, elegant posture, and graceful but predatory presence, navel. Wearing a dark gothic outfit — fitted black leather corset and flowing shadowy fabric — standing in dim moonlight. Dramatic cinematic lighting, soft mist, gothic castle background, cold blue and silver tones contrasting with her fiery hair, ultra-detailed skin texture, realistic lighting, 85mm lens, shallow depth of field, hyperrealistic, 8k, high contrast, atmospheric, dark fantasy aesthetic. Thick muscular thighs.",Real Value,euler_ancestral,simple,9,1.0,1.0,1024,1280
281,perturbation,blk25_pos_d0.250,25,0.250,pos,,P5_gingervampire,1618033,"{""25"": 0.25}","0.000,0.000,0.000,0.000,0.000,0.000,0.000,0.000,0.000,0.000,0.000,0.000,0.000,0.000,0.000,0.000,0.000,0.000,0.000,0.000,0.000,0.000,0.000,0.000,0.000,0.250,0.000,0.000,0.000,0.000,0.000,0.000,0.000,0.000",P5_gingervampire_blk25_pos_d0.250_krea2_seed1618033,P5_gingervampire_blk25_pos_d0.250_krea2_seed1618033_00001_.png,"A gorgeous 18-year-old girl. Photorealistic portrait of a ginger vampire girl with long, voluminous curly red hair cascading over her shoulders, pale porcelain skin with subtle freckles, glowing amber eyes, and sharp vampire fangs slightly visible in a mysterious smile. She has a lean athletic physique with a toned stomach and defined waist, elegant posture, and graceful but predatory presence, navel. Wearing a dark gothic outfit — fitted black leather corset and flowing shadowy fabric — standing in dim moonlight. Dramatic cinematic lighting, soft mist, gothic castle background, cold blue and silver tones contrasting with her fiery hair, ultra-detailed skin texture, realistic lighting, 85mm lens, shallow depth of field, hyperrealistic, 8k, high contrast, atmospheric, dark fantasy aesthetic. Thick muscular thighs.",Real Value,euler_ancestral,simple,9,1.0,1.0,1024,1280
282,perturbation,blk26_neg_d0.250,26,0.250,neg,,P5_gingervampire,1618033,"{""26"": -0.25}","0.000,0.000,0.000,0.000,0.000,0.000,0.000,0.000,0.000,0.000,0.000,0.000,0.000,0.000,0.000,0.000,0.000,0.000,0.000,0.000,0.000,0.000,0.000,0.000,0.000,0.000,-0.250,0.000,0.000,0.000,0.000,0.000,0.000,0.000",P5_gingervampire_blk26_neg_d0.250_krea2_seed1618033,P5_gingervampire_blk26_neg_d0.250_krea2_seed1618033_00001_.png,"A gorgeous 18-year-old girl. Photorealistic portrait of a ginger vampire girl with long, voluminous curly red hair cascading over her shoulders, pale porcelain skin with subtle freckles, glowing amber eyes, and sharp vampire fangs slightly visible in a mysterious smile. She has a lean athletic physique with a toned stomach and defined waist, elegant posture, and graceful but predatory presence, navel. Wearing a dark gothic outfit — fitted black leather corset and flowing shadowy fabric — standing in dim moonlight. Dramatic cinematic lighting, soft mist, gothic castle background, cold blue and silver tones contrasting with her fiery hair, ultra-detailed skin texture, realistic lighting, 85mm lens, shallow depth of field, hyperrealistic, 8k, high contrast, atmospheric, dark fantasy aesthetic. Thick muscular thighs.",Real Value,euler_ancestral,simple,9,1.0,1.0,1024,1280
283,perturbation,blk26_pos_d0.150,26,0.150,pos,,P5_gingervampire,1618033,"{""26"": 0.15}","0.000,0.000,0.000,0.000,0.000,0.000,0.000,0.000,0.000,0.000,0.000,0.000,0.000,0.000,0.000,0.000,0.000,0.000,0.000,0.000,0.000,0.000,0.000,0.000,0.000,0.000,0.150,0.000,0.000,0.000,0.000,0.000,0.000,0.000",P5_gingervampire_blk26_pos_d0.150_krea2_seed1618033,P5_gingervampire_blk26_pos_d0.150_krea2_seed1618033_00001_.png,"A gorgeous 18-year-old girl. Photorealistic portrait of a ginger vampire girl with long, voluminous curly red hair cascading over her shoulders, pale porcelain skin with subtle freckles, glowing amber eyes, and sharp vampire fangs slightly visible in a mysterious smile. She has a lean athletic physique with a toned stomach and defined waist, elegant posture, and graceful but predatory presence, navel. Wearing a dark gothic outfit — fitted black leather corset and flowing shadowy fabric — standing in dim moonlight. Dramatic cinematic lighting, soft mist, gothic castle background, cold blue and silver tones contrasting with her fiery hair, ultra-detailed skin texture, realistic lighting, 85mm lens, shallow depth of field, hyperrealistic, 8k, high contrast, atmospheric, dark fantasy aesthetic. Thick muscular thighs.",Real Value,euler_ancestral,simple,9,1.0,1.0,1024,1280
284,perturbation,blk27_neg_d0.250,27,0.250,neg,,P5_gingervampire,1618033,"{""27"": -0.25}","0.000,0.000,0.000,0.000,0.000,0.000,0.000,0.000,0.000,0.000,0.000,0.000,0.000,0.000,0.000,0.000,0.000,0.000,0.000,0.000,0.000,0.000,0.000,0.000,0.000,0.000,0.000,-0.250,0.000,0.000,0.000,0.000,0.000,0.000",P5_gingervampire_blk27_neg_d0.250_krea2_seed1618033,P5_gingervampire_blk27_neg_d0.250_krea2_seed1618033_00001_.png,"A gorgeous 18-year-old girl. Photorealistic portrait of a ginger vampire girl with long, voluminous curly red hair cascading over her shoulders, pale porcelain skin with subtle freckles, glowing amber eyes, and sharp vampire fangs slightly visible in a mysterious smile. She has a lean athletic physique with a toned stomach and defined waist, elegant posture, and graceful but predatory presence, navel. Wearing a dark gothic outfit — fitted black leather corset and flowing shadowy fabric — standing in dim moonlight. Dramatic cinematic lighting, soft mist, gothic castle background, cold blue and silver tones contrasting with her fiery hair, ultra-detailed skin texture, realistic lighting, 85mm lens, shallow depth of field, hyperrealistic, 8k, high contrast, atmospheric, dark fantasy aesthetic. Thick muscular thighs.",Real Value,euler_ancestral,simple,9,1.0,1.0,1024,1280
285,perturbation,blk27_pos_d0.050,27,0.050,pos,,P5_gingervampire,1618033,"{""27"": 0.05}","0.000,0.000,0.000,0.000,0.000,0.000,0.000,0.000,0.000,0.000,0.000,0.000,0.000,0.000,0.000,0.000,0.000,0.000,0.000,0.000,0.000,0.000,0.000,0.000,0.000,0.000,0.000,0.050,0.000,0.000,0.000,0.000,0.000,0.000",P5_gingervampire_blk27_pos_d0.050_krea2_seed1618033,P5_gingervampire_blk27_pos_d0.050_krea2_seed1618033_00001_.png,"A gorgeous 18-year-old girl. Photorealistic portrait of a ginger vampire girl with long, voluminous curly red hair cascading over her shoulders, pale porcelain skin with subtle freckles, glowing amber eyes, and sharp vampire fangs slightly visible in a mysterious smile. She has a lean athletic physique with a toned stomach and defined waist, elegant posture, and graceful but predatory presence, navel. Wearing a dark gothic outfit — fitted black leather corset and flowing shadowy fabric — standing in dim moonlight. Dramatic cinematic lighting, soft mist, gothic castle background, cold blue and silver tones contrasting with her fiery hair, ultra-detailed skin texture, realistic lighting, 85mm lens, shallow depth of field, hyperrealistic, 8k, high contrast, atmospheric, dark fantasy aesthetic. Thick muscular thighs.",Real Value,euler_ancestral,simple,9,1.0,1.0,1024,1280
286,baseline,baseline,,0.000,,,P6_ghostgirl,1618033,{},,P6_ghostgirl_baseline_krea2_seed1618033,P6_ghostgirl_baseline_krea2_seed1618033_00001_.png,"illustration of Full-body portrait of a slim young woman drawn as a semi-translucent, softly glowing ghost with pale-blue skin dusted in sparkle/star specks, floating weightlessly with her lower legs and feet fading into an ethereal wisp. Voluminous translucent pale silvery-blue hair worn in a high ponytail tied with a royal-blue bow, soft bangs, vaporous trailing ends. Gentle, faintly shy expression with a soft downward gaze and blushed cheeks. She wears a royal/cobalt-blue puff-sleeved blouse with a ruffled front placket and collar, a long tan/caramel-brown bib apron over it (front pocket, dark brown/burgundy tie-bow at the back), dark brown/maroon leggings, and translucent pointed slip-on shoes that fade from ghost-blue to reddish-pink at the toes. She holds a white coffee mug at waist level in one hand while her other hand is raised in a delicate pinching/sprinkling gesture above it, and a swirling starry ribbon of orange-and-purple cosmic steam curls up from the mug. Pose: floating upright, roughly front-facing.",Real Value,euler_ancestral,simple,9,1.0,1.0,1024,1280
287,perturbation,blk00_neg_d0.200,0,0.200,neg,,P6_ghostgirl,1618033,"{""0"": -0.2}","-0.200,0.000,0.000,0.000,0.000,0.000,0.000,0.000,0.000,0.000,0.000,0.000,0.000,0.000,0.000,0.000,0.000,0.000,0.000,0.000,0.000,0.000,0.000,0.000,0.000,0.000,0.000,0.000,0.000,0.000,0.000,0.000,0.000,0.000",P6_ghostgirl_blk00_neg_d0.200_krea2_seed1618033,P6_ghostgirl_blk00_neg_d0.200_krea2_seed1618033_00001_.png,"illustration of Full-body portrait of a slim young woman drawn as a semi-translucent, softly glowing ghost with pale-blue skin dusted in sparkle/star specks, floating weightlessly with her lower legs and feet fading into an ethereal wisp. Voluminous translucent pale silvery-blue hair worn in a high ponytail tied with a royal-blue bow, soft bangs, vaporous trailing ends. Gentle, faintly shy expression with a soft downward gaze and blushed cheeks. She wears a royal/cobalt-blue puff-sleeved blouse with a ruffled front placket and collar, a long tan/caramel-brown bib apron over it (front pocket, dark brown/burgundy tie-bow at the back), dark brown/maroon leggings, and translucent pointed slip-on shoes that fade from ghost-blue to reddish-pink at the toes. She holds a white coffee mug at waist level in one hand while her other hand is raised in a delicate pinching/sprinkling gesture above it, and a swirling starry ribbon of orange-and-purple cosmic steam curls up from the mug. Pose: floating upright, roughly front-facing.",Real Value,euler_ancestral,simple,9,1.0,1.0,1024,1280
288,perturbation,blk00_pos_d0.250,0,0.250,pos,,P6_ghostgirl,1618033,"{""0"": 0.25}","0.250,0.000,0.000,0.000,0.000,0.000,0.000,0.000,0.000,0.000,0.000,0.000,0.000,0.000,0.000,0.000,0.000,0.000,0.000,0.000,0.000,0.000,0.000,0.000,0.000,0.000,0.000,0.000,0.000,0.000,0.000,0.000,0.000,0.000",P6_ghostgirl_blk00_pos_d0.250_krea2_seed1618033,P6_ghostgirl_blk00_pos_d0.250_krea2_seed1618033_00001_.png,"illustration of Full-body portrait of a slim young woman drawn as a semi-translucent, softly glowing ghost with pale-blue skin dusted in sparkle/star specks, floating weightlessly with her lower legs and feet fading into an ethereal wisp. Voluminous translucent pale silvery-blue hair worn in a high ponytail tied with a royal-blue bow, soft bangs, vaporous trailing ends. Gentle, faintly shy expression with a soft downward gaze and blushed cheeks. She wears a royal/cobalt-blue puff-sleeved blouse with a ruffled front placket and collar, a long tan/caramel-brown bib apron over it (front pocket, dark brown/burgundy tie-bow at the back), dark brown/maroon leggings, and translucent pointed slip-on shoes that fade from ghost-blue to reddish-pink at the toes. She holds a white coffee mug at waist level in one hand while her other hand is raised in a delicate pinching/sprinkling gesture above it, and a swirling starry ribbon of orange-and-purple cosmic steam curls up from the mug. Pose: floating upright, roughly front-facing.",Real Value,euler_ancestral,simple,9,1.0,1.0,1024,1280
289,perturbation,blk01_neg_d0.400,1,0.400,neg,,P6_ghostgirl,1618033,"{""1"": -0.4}","0.000,-0.400,0.000,0.000,0.000,0.000,0.000,0.000,0.000,0.000,0.000,0.000,0.000,0.000,0.000,0.000,0.000,0.000,0.000,0.000,0.000,0.000,0.000,0.000,0.000,0.000,0.000,0.000,0.000,0.000,0.000,0.000,0.000,0.000",P6_ghostgirl_blk01_neg_d0.400_krea2_seed1618033,P6_ghostgirl_blk01_neg_d0.400_krea2_seed1618033_00001_.png,"illustration of Full-body portrait of a slim young woman drawn as a semi-translucent, softly glowing ghost with pale-blue skin dusted in sparkle/star specks, floating weightlessly with her lower legs and feet fading into an ethereal wisp. Voluminous translucent pale silvery-blue hair worn in a high ponytail tied with a royal-blue bow, soft bangs, vaporous trailing ends. Gentle, faintly shy expression with a soft downward gaze and blushed cheeks. She wears a royal/cobalt-blue puff-sleeved blouse with a ruffled front placket and collar, a long tan/caramel-brown bib apron over it (front pocket, dark brown/burgundy tie-bow at the back), dark brown/maroon leggings, and translucent pointed slip-on shoes that fade from ghost-blue to reddish-pink at the toes. She holds a white coffee mug at waist level in one hand while her other hand is raised in a delicate pinching/sprinkling gesture above it, and a swirling starry ribbon of orange-and-purple cosmic steam curls up from the mug. Pose: floating upright, roughly front-facing.",Real Value,euler_ancestral,simple,9,1.0,1.0,1024,1280
290,perturbation,blk01_pos_d0.250,1,0.250,pos,,P6_ghostgirl,1618033,"{""1"": 0.25}","0.000,0.250,0.000,0.000,0.000,0.000,0.000,0.000,0.000,0.000,0.000,0.000,0.000,0.000,0.000,0.000,0.000,0.000,0.000,0.000,0.000,0.000,0.000,0.000,0.000,0.000,0.000,0.000,0.000,0.000,0.000,0.000,0.000,0.000",P6_ghostgirl_blk01_pos_d0.250_krea2_seed1618033,P6_ghostgirl_blk01_pos_d0.250_krea2_seed1618033_00001_.png,"illustration of Full-body portrait of a slim young woman drawn as a semi-translucent, softly glowing ghost with pale-blue skin dusted in sparkle/star specks, floating weightlessly with her lower legs and feet fading into an ethereal wisp. Voluminous translucent pale silvery-blue hair worn in a high ponytail tied with a royal-blue bow, soft bangs, vaporous trailing ends. Gentle, faintly shy expression with a soft downward gaze and blushed cheeks. She wears a royal/cobalt-blue puff-sleeved blouse with a ruffled front placket and collar, a long tan/caramel-brown bib apron over it (front pocket, dark brown/burgundy tie-bow at the back), dark brown/maroon leggings, and translucent pointed slip-on shoes that fade from ghost-blue to reddish-pink at the toes. She holds a white coffee mug at waist level in one hand while her other hand is raised in a delicate pinching/sprinkling gesture above it, and a swirling starry ribbon of orange-and-purple cosmic steam curls up from the mug. Pose: floating upright, roughly front-facing.",Real Value,euler_ancestral,simple,9,1.0,1.0,1024,1280
291,perturbation,blk02_neg_d0.450,2,0.450,neg,,P6_ghostgirl,1618033,"{""2"": -0.45}","0.000,0.000,-0.450,0.000,0.000,0.000,0.000,0.000,0.000,0.000,0.000,0.000,0.000,0.000,0.000,0.000,0.000,0.000,0.000,0.000,0.000,0.000,0.000,0.000,0.000,0.000,0.000,0.000,0.000,0.000,0.000,0.000,0.000,0.000",P6_ghostgirl_blk02_neg_d0.450_krea2_seed1618033,P6_ghostgirl_blk02_neg_d0.450_krea2_seed1618033_00001_.png,"illustration of Full-body portrait of a slim young woman drawn as a semi-translucent, softly glowing ghost with pale-blue skin dusted in sparkle/star specks, floating weightlessly with her lower legs and feet fading into an ethereal wisp. Voluminous translucent pale silvery-blue hair worn in a high ponytail tied with a royal-blue bow, soft bangs, vaporous trailing ends. Gentle, faintly shy expression with a soft downward gaze and blushed cheeks. She wears a royal/cobalt-blue puff-sleeved blouse with a ruffled front placket and collar, a long tan/caramel-brown bib apron over it (front pocket, dark brown/burgundy tie-bow at the back), dark brown/maroon leggings, and translucent pointed slip-on shoes that fade from ghost-blue to reddish-pink at the toes. She holds a white coffee mug at waist level in one hand while her other hand is raised in a delicate pinching/sprinkling gesture above it, and a swirling starry ribbon of orange-and-purple cosmic steam curls up from the mug. Pose: floating upright, roughly front-facing.",Real Value,euler_ancestral,simple,9,1.0,1.0,1024,1280
292,perturbation,blk02_pos_d0.400,2,0.400,pos,,P6_ghostgirl,1618033,"{""2"": 0.4}","0.000,0.000,0.400,0.000,0.000,0.000,0.000,0.000,0.000,0.000,0.000,0.000,0.000,0.000,0.000,0.000,0.000,0.000,0.000,0.000,0.000,0.000,0.000,0.000,0.000,0.000,0.000,0.000,0.000,0.000,0.000,0.000,0.000,0.000",P6_ghostgirl_blk02_pos_d0.400_krea2_seed1618033,P6_ghostgirl_blk02_pos_d0.400_krea2_seed1618033_00001_.png,"illustration of Full-body portrait of a slim young woman drawn as a semi-translucent, softly glowing ghost with pale-blue skin dusted in sparkle/star specks, floating weightlessly with her lower legs and feet fading into an ethereal wisp. Voluminous translucent pale silvery-blue hair worn in a high ponytail tied with a royal-blue bow, soft bangs, vaporous trailing ends. Gentle, faintly shy expression with a soft downward gaze and blushed cheeks. She wears a royal/cobalt-blue puff-sleeved blouse with a ruffled front placket and collar, a long tan/caramel-brown bib apron over it (front pocket, dark brown/burgundy tie-bow at the back), dark brown/maroon leggings, and translucent pointed slip-on shoes that fade from ghost-blue to reddish-pink at the toes. She holds a white coffee mug at waist level in one hand while her other hand is raised in a delicate pinching/sprinkling gesture above it, and a swirling starry ribbon of orange-and-purple cosmic steam curls up from the mug. Pose: floating upright, roughly front-facing.",Real Value,euler_ancestral,simple,9,1.0,1.0,1024,1280
293,perturbation,blk03_neg_d0.550,3,0.550,neg,,P6_ghostgirl,1618033,"{""3"": -0.55}","0.000,0.000,0.000,-0.550,0.000,0.000,0.000,0.000,0.000,0.000,0.000,0.000,0.000,0.000,0.000,0.000,0.000,0.000,0.000,0.000,0.000,0.000,0.000,0.000,0.000,0.000,0.000,0.000,0.000,0.000,0.000,0.000,0.000,0.000",P6_ghostgirl_blk03_neg_d0.550_krea2_seed1618033,P6_ghostgirl_blk03_neg_d0.550_krea2_seed1618033_00001_.png,"illustration of Full-body portrait of a slim young woman drawn as a semi-translucent, softly glowing ghost with pale-blue skin dusted in sparkle/star specks, floating weightlessly with her lower legs and feet fading into an ethereal wisp. Voluminous translucent pale silvery-blue hair worn in a high ponytail tied with a royal-blue bow, soft bangs, vaporous trailing ends. Gentle, faintly shy expression with a soft downward gaze and blushed cheeks. She wears a royal/cobalt-blue puff-sleeved blouse with a ruffled front placket and collar, a long tan/caramel-brown bib apron over it (front pocket, dark brown/burgundy tie-bow at the back), dark brown/maroon leggings, and translucent pointed slip-on shoes that fade from ghost-blue to reddish-pink at the toes. She holds a white coffee mug at waist level in one hand while her other hand is raised in a delicate pinching/sprinkling gesture above it, and a swirling starry ribbon of orange-and-purple cosmic steam curls up from the mug. Pose: floating upright, roughly front-facing.",Real Value,euler_ancestral,simple,9,1.0,1.0,1024,1280
294,perturbation,blk03_pos_d0.400,3,0.400,pos,,P6_ghostgirl,1618033,"{""3"": 0.4}","0.000,0.000,0.000,0.400,0.000,0.000,0.000,0.000,0.000,0.000,0.000,0.000,0.000,0.000,0.000,0.000,0.000,0.000,0.000,0.000,0.000,0.000,0.000,0.000,0.000,0.000,0.000,0.000,0.000,0.000,0.000,0.000,0.000,0.000",P6_ghostgirl_blk03_pos_d0.400_krea2_seed1618033,P6_ghostgirl_blk03_pos_d0.400_krea2_seed1618033_00001_.png,"illustration of Full-body portrait of a slim young woman drawn as a semi-translucent, softly glowing ghost with pale-blue skin dusted in sparkle/star specks, floating weightlessly with her lower legs and feet fading into an ethereal wisp. Voluminous translucent pale silvery-blue hair worn in a high ponytail tied with a royal-blue bow, soft bangs, vaporous trailing ends. Gentle, faintly shy expression with a soft downward gaze and blushed cheeks. She wears a royal/cobalt-blue puff-sleeved blouse with a ruffled front placket and collar, a long tan/caramel-brown bib apron over it (front pocket, dark brown/burgundy tie-bow at the back), dark brown/maroon leggings, and translucent pointed slip-on shoes that fade from ghost-blue to reddish-pink at the toes. She holds a white coffee mug at waist level in one hand while her other hand is raised in a delicate pinching/sprinkling gesture above it, and a swirling starry ribbon of orange-and-purple cosmic steam curls up from the mug. Pose: floating upright, roughly front-facing.",Real Value,euler_ancestral,simple,9,1.0,1.0,1024,1280
295,perturbation,blk04_neg_d0.550,4,0.550,neg,,P6_ghostgirl,1618033,"{""4"": -0.55}","0.000,0.000,0.000,0.000,-0.550,0.000,0.000,0.000,0.000,0.000,0.000,0.000,0.000,0.000,0.000,0.000,0.000,0.000,0.000,0.000,0.000,0.000,0.000,0.000,0.000,0.000,0.000,0.000,0.000,0.000,0.000,0.000,0.000,0.000",P6_ghostgirl_blk04_neg_d0.550_krea2_seed1618033,P6_ghostgirl_blk04_neg_d0.550_krea2_seed1618033_00001_.png,"illustration of Full-body portrait of a slim young woman drawn as a semi-translucent, softly glowing ghost with pale-blue skin dusted in sparkle/star specks, floating weightlessly with her lower legs and feet fading into an ethereal wisp. Voluminous translucent pale silvery-blue hair worn in a high ponytail tied with a royal-blue bow, soft bangs, vaporous trailing ends. Gentle, faintly shy expression with a soft downward gaze and blushed cheeks. She wears a royal/cobalt-blue puff-sleeved blouse with a ruffled front placket and collar, a long tan/caramel-brown bib apron over it (front pocket, dark brown/burgundy tie-bow at the back), dark brown/maroon leggings, and translucent pointed slip-on shoes that fade from ghost-blue to reddish-pink at the toes. She holds a white coffee mug at waist level in one hand while her other hand is raised in a delicate pinching/sprinkling gesture above it, and a swirling starry ribbon of orange-and-purple cosmic steam curls up from the mug. Pose: floating upright, roughly front-facing.",Real Value,euler_ancestral,simple,9,1.0,1.0,1024,1280
296,perturbation,blk04_pos_d0.550,4,0.550,pos,,P6_ghostgirl,1618033,"{""4"": 0.55}","0.000,0.000,0.000,0.000,0.550,0.000,0.000,0.000,0.000,0.000,0.000,0.000,0.000,0.000,0.000,0.000,0.000,0.000,0.000,0.000,0.000,0.000,0.000,0.000,0.000,0.000,0.000,0.000,0.000,0.000,0.000,0.000,0.000,0.000",P6_ghostgirl_blk04_pos_d0.550_krea2_seed1618033,P6_ghostgirl_blk04_pos_d0.550_krea2_seed1618033_00001_.png,"illustration of Full-body portrait of a slim young woman drawn as a semi-translucent, softly glowing ghost with pale-blue skin dusted in sparkle/star specks, floating weightlessly with her lower legs and feet fading into an ethereal wisp. Voluminous translucent pale silvery-blue hair worn in a high ponytail tied with a royal-blue bow, soft bangs, vaporous trailing ends. Gentle, faintly shy expression with a soft downward gaze and blushed cheeks. She wears a royal/cobalt-blue puff-sleeved blouse with a ruffled front placket and collar, a long tan/caramel-brown bib apron over it (front pocket, dark brown/burgundy tie-bow at the back), dark brown/maroon leggings, and translucent pointed slip-on shoes that fade from ghost-blue to reddish-pink at the toes. She holds a white coffee mug at waist level in one hand while her other hand is raised in a delicate pinching/sprinkling gesture above it, and a swirling starry ribbon of orange-and-purple cosmic steam curls up from the mug. Pose: floating upright, roughly front-facing.",Real Value,euler_ancestral,simple,9,1.0,1.0,1024,1280
297,perturbation,blk05_neg_d0.550,5,0.550,neg,,P6_ghostgirl,1618033,"{""5"": -0.55}","0.000,0.000,0.000,0.000,0.000,-0.550,0.000,0.000,0.000,0.000,0.000,0.000,0.000,0.000,0.000,0.000,0.000,0.000,0.000,0.000,0.000,0.000,0.000,0.000,0.000,0.000,0.000,0.000,0.000,0.000,0.000,0.000,0.000,0.000",P6_ghostgirl_blk05_neg_d0.550_krea2_seed1618033,P6_ghostgirl_blk05_neg_d0.550_krea2_seed1618033_00001_.png,"illustration of Full-body portrait of a slim young woman drawn as a semi-translucent, softly glowing ghost with pale-blue skin dusted in sparkle/star specks, floating weightlessly with her lower legs and feet fading into an ethereal wisp. Voluminous translucent pale silvery-blue hair worn in a high ponytail tied with a royal-blue bow, soft bangs, vaporous trailing ends. Gentle, faintly shy expression with a soft downward gaze and blushed cheeks. She wears a royal/cobalt-blue puff-sleeved blouse with a ruffled front placket and collar, a long tan/caramel-brown bib apron over it (front pocket, dark brown/burgundy tie-bow at the back), dark brown/maroon leggings, and translucent pointed slip-on shoes that fade from ghost-blue to reddish-pink at the toes. She holds a white coffee mug at waist level in one hand while her other hand is raised in a delicate pinching/sprinkling gesture above it, and a swirling starry ribbon of orange-and-purple cosmic steam curls up from the mug. Pose: floating upright, roughly front-facing.",Real Value,euler_ancestral,simple,9,1.0,1.0,1024,1280
298,perturbation,blk05_pos_d0.550,5,0.550,pos,,P6_ghostgirl,1618033,"{""5"": 0.55}","0.000,0.000,0.000,0.000,0.000,0.550,0.000,0.000,0.000,0.000,0.000,0.000,0.000,0.000,0.000,0.000,0.000,0.000,0.000,0.000,0.000,0.000,0.000,0.000,0.000,0.000,0.000,0.000,0.000,0.000,0.000,0.000,0.000,0.000",P6_ghostgirl_blk05_pos_d0.550_krea2_seed1618033,P6_ghostgirl_blk05_pos_d0.550_krea2_seed1618033_00001_.png,"illustration of Full-body portrait of a slim young woman drawn as a semi-translucent, softly glowing ghost with pale-blue skin dusted in sparkle/star specks, floating weightlessly with her lower legs and feet fading into an ethereal wisp. Voluminous translucent pale silvery-blue hair worn in a high ponytail tied with a royal-blue bow, soft bangs, vaporous trailing ends. Gentle, faintly shy expression with a soft downward gaze and blushed cheeks. She wears a royal/cobalt-blue puff-sleeved blouse with a ruffled front placket and collar, a long tan/caramel-brown bib apron over it (front pocket, dark brown/burgundy tie-bow at the back), dark brown/maroon leggings, and translucent pointed slip-on shoes that fade from ghost-blue to reddish-pink at the toes. She holds a white coffee mug at waist level in one hand while her other hand is raised in a delicate pinching/sprinkling gesture above it, and a swirling starry ribbon of orange-and-purple cosmic steam curls up from the mug. Pose: floating upright, roughly front-facing.",Real Value,euler_ancestral,simple,9,1.0,1.0,1024,1280
299,perturbation,blk06_neg_d0.550,6,0.550,neg,,P6_ghostgirl,1618033,"{""6"": -0.55}","0.000,0.000,0.000,0.000,0.000,0.000,-0.550,0.000,0.000,0.000,0.000,0.000,0.000,0.000,0.000,0.000,0.000,0.000,0.000,0.000,0.000,0.000,0.000,0.000,0.000,0.000,0.000,0.000,0.000,0.000,0.000,0.000,0.000,0.000",P6_ghostgirl_blk06_neg_d0.550_krea2_seed1618033,P6_ghostgirl_blk06_neg_d0.550_krea2_seed1618033_00001_.png,"illustration of Full-body portrait of a slim young woman drawn as a semi-translucent, softly glowing ghost with pale-blue skin dusted in sparkle/star specks, floating weightlessly with her lower legs and feet fading into an ethereal wisp. Voluminous translucent pale silvery-blue hair worn in a high ponytail tied with a royal-blue bow, soft bangs, vaporous trailing ends. Gentle, faintly shy expression with a soft downward gaze and blushed cheeks. She wears a royal/cobalt-blue puff-sleeved blouse with a ruffled front placket and collar, a long tan/caramel-brown bib apron over it (front pocket, dark brown/burgundy tie-bow at the back), dark brown/maroon leggings, and translucent pointed slip-on shoes that fade from ghost-blue to reddish-pink at the toes. She holds a white coffee mug at waist level in one hand while her other hand is raised in a delicate pinching/sprinkling gesture above it, and a swirling starry ribbon of orange-and-purple cosmic steam curls up from the mug. Pose: floating upright, roughly front-facing.",Real Value,euler_ancestral,simple,9,1.0,1.0,1024,1280
300,perturbation,blk06_pos_d0.550,6,0.550,pos,,P6_ghostgirl,1618033,"{""6"": 0.55}","0.000,0.000,0.000,0.000,0.000,0.000,0.550,0.000,0.000,0.000,0.000,0.000,0.000,0.000,0.000,0.000,0.000,0.000,0.000,0.000,0.000,0.000,0.000,0.000,0.000,0.000,0.000,0.000,0.000,0.000,0.000,0.000,0.000,0.000",P6_ghostgirl_blk06_pos_d0.550_krea2_seed1618033,P6_ghostgirl_blk06_pos_d0.550_krea2_seed1618033_00001_.png,"illustration of Full-body portrait of a slim young woman drawn as a semi-translucent, softly glowing ghost with pale-blue skin dusted in sparkle/star specks, floating weightlessly with her lower legs and feet fading into an ethereal wisp. Voluminous translucent pale silvery-blue hair worn in a high ponytail tied with a royal-blue bow, soft bangs, vaporous trailing ends. Gentle, faintly shy expression with a soft downward gaze and blushed cheeks. She wears a royal/cobalt-blue puff-sleeved blouse with a ruffled front placket and collar, a long tan/caramel-brown bib apron over it (front pocket, dark brown/burgundy tie-bow at the back), dark brown/maroon leggings, and translucent pointed slip-on shoes that fade from ghost-blue to reddish-pink at the toes. She holds a white coffee mug at waist level in one hand while her other hand is raised in a delicate pinching/sprinkling gesture above it, and a swirling starry ribbon of orange-and-purple cosmic steam curls up from the mug. Pose: floating upright, roughly front-facing.",Real Value,euler_ancestral,simple,9,1.0,1.0,1024,1280
301,perturbation,blk07_neg_d0.550,7,0.550,neg,,P6_ghostgirl,1618033,"{""7"": -0.55}","0.000,0.000,0.000,0.000,0.000,0.000,0.000,-0.550,0.000,0.000,0.000,0.000,0.000,0.000,0.000,0.000,0.000,0.000,0.000,0.000,0.000,0.000,0.000,0.000,0.000,0.000,0.000,0.000,0.000,0.000,0.000,0.000,0.000,0.000",P6_ghostgirl_blk07_neg_d0.550_krea2_seed1618033,P6_ghostgirl_blk07_neg_d0.550_krea2_seed1618033_00001_.png,"illustration of Full-body portrait of a slim young woman drawn as a semi-translucent, softly glowing ghost with pale-blue skin dusted in sparkle/star specks, floating weightlessly with her lower legs and feet fading into an ethereal wisp. Voluminous translucent pale silvery-blue hair worn in a high ponytail tied with a royal-blue bow, soft bangs, vaporous trailing ends. Gentle, faintly shy expression with a soft downward gaze and blushed cheeks. She wears a royal/cobalt-blue puff-sleeved blouse with a ruffled front placket and collar, a long tan/caramel-brown bib apron over it (front pocket, dark brown/burgundy tie-bow at the back), dark brown/maroon leggings, and translucent pointed slip-on shoes that fade from ghost-blue to reddish-pink at the toes. She holds a white coffee mug at waist level in one hand while her other hand is raised in a delicate pinching/sprinkling gesture above it, and a swirling starry ribbon of orange-and-purple cosmic steam curls up from the mug. Pose: floating upright, roughly front-facing.",Real Value,euler_ancestral,simple,9,1.0,1.0,1024,1280
302,perturbation,blk07_pos_d0.550,7,0.550,pos,,P6_ghostgirl,1618033,"{""7"": 0.55}","0.000,0.000,0.000,0.000,0.000,0.000,0.000,0.550,0.000,0.000,0.000,0.000,0.000,0.000,0.000,0.000,0.000,0.000,0.000,0.000,0.000,0.000,0.000,0.000,0.000,0.000,0.000,0.000,0.000,0.000,0.000,0.000,0.000,0.000",P6_ghostgirl_blk07_pos_d0.550_krea2_seed1618033,P6_ghostgirl_blk07_pos_d0.550_krea2_seed1618033_00001_.png,"illustration of Full-body portrait of a slim young woman drawn as a semi-translucent, softly glowing ghost with pale-blue skin dusted in sparkle/star specks, floating weightlessly with her lower legs and feet fading into an ethereal wisp. Voluminous translucent pale silvery-blue hair worn in a high ponytail tied with a royal-blue bow, soft bangs, vaporous trailing ends. Gentle, faintly shy expression with a soft downward gaze and blushed cheeks. She wears a royal/cobalt-blue puff-sleeved blouse with a ruffled front placket and collar, a long tan/caramel-brown bib apron over it (front pocket, dark brown/burgundy tie-bow at the back), dark brown/maroon leggings, and translucent pointed slip-on shoes that fade from ghost-blue to reddish-pink at the toes. She holds a white coffee mug at waist level in one hand while her other hand is raised in a delicate pinching/sprinkling gesture above it, and a swirling starry ribbon of orange-and-purple cosmic steam curls up from the mug. Pose: floating upright, roughly front-facing.",Real Value,euler_ancestral,simple,9,1.0,1.0,1024,1280
303,perturbation,blk08_neg_d0.550,8,0.550,neg,,P6_ghostgirl,1618033,"{""8"": -0.55}","0.000,0.000,0.000,0.000,0.000,0.000,0.000,0.000,-0.550,0.000,0.000,0.000,0.000,0.000,0.000,0.000,0.000,0.000,0.000,0.000,0.000,0.000,0.000,0.000,0.000,0.000,0.000,0.000,0.000,0.000,0.000,0.000,0.000,0.000",P6_ghostgirl_blk08_neg_d0.550_krea2_seed1618033,P6_ghostgirl_blk08_neg_d0.550_krea2_seed1618033_00001_.png,"illustration of Full-body portrait of a slim young woman drawn as a semi-translucent, softly glowing ghost with pale-blue skin dusted in sparkle/star specks, floating weightlessly with her lower legs and feet fading into an ethereal wisp. Voluminous translucent pale silvery-blue hair worn in a high ponytail tied with a royal-blue bow, soft bangs, vaporous trailing ends. Gentle, faintly shy expression with a soft downward gaze and blushed cheeks. She wears a royal/cobalt-blue puff-sleeved blouse with a ruffled front placket and collar, a long tan/caramel-brown bib apron over it (front pocket, dark brown/burgundy tie-bow at the back), dark brown/maroon leggings, and translucent pointed slip-on shoes that fade from ghost-blue to reddish-pink at the toes. She holds a white coffee mug at waist level in one hand while her other hand is raised in a delicate pinching/sprinkling gesture above it, and a swirling starry ribbon of orange-and-purple cosmic steam curls up from the mug. Pose: floating upright, roughly front-facing.",Real Value,euler_ancestral,simple,9,1.0,1.0,1024,1280
304,perturbation,blk08_pos_d0.550,8,0.550,pos,,P6_ghostgirl,1618033,"{""8"": 0.55}","0.000,0.000,0.000,0.000,0.000,0.000,0.000,0.000,0.550,0.000,0.000,0.000,0.000,0.000,0.000,0.000,0.000,0.000,0.000,0.000,0.000,0.000,0.000,0.000,0.000,0.000,0.000,0.000,0.000,0.000,0.000,0.000,0.000,0.000",P6_ghostgirl_blk08_pos_d0.550_krea2_seed1618033,P6_ghostgirl_blk08_pos_d0.550_krea2_seed1618033_00001_.png,"illustration of Full-body portrait of a slim young woman drawn as a semi-translucent, softly glowing ghost with pale-blue skin dusted in sparkle/star specks, floating weightlessly with her lower legs and feet fading into an ethereal wisp. Voluminous translucent pale silvery-blue hair worn in a high ponytail tied with a royal-blue bow, soft bangs, vaporous trailing ends. Gentle, faintly shy expression with a soft downward gaze and blushed cheeks. She wears a royal/cobalt-blue puff-sleeved blouse with a ruffled front placket and collar, a long tan/caramel-brown bib apron over it (front pocket, dark brown/burgundy tie-bow at the back), dark brown/maroon leggings, and translucent pointed slip-on shoes that fade from ghost-blue to reddish-pink at the toes. She holds a white coffee mug at waist level in one hand while her other hand is raised in a delicate pinching/sprinkling gesture above it, and a swirling starry ribbon of orange-and-purple cosmic steam curls up from the mug. Pose: floating upright, roughly front-facing.",Real Value,euler_ancestral,simple,9,1.0,1.0,1024,1280
305,perturbation,blk09_neg_d0.550,9,0.550,neg,,P6_ghostgirl,1618033,"{""9"": -0.55}","0.000,0.000,0.000,0.000,0.000,0.000,0.000,0.000,0.000,-0.550,0.000,0.000,0.000,0.000,0.000,0.000,0.000,0.000,0.000,0.000,0.000,0.000,0.000,0.000,0.000,0.000,0.000,0.000,0.000,0.000,0.000,0.000,0.000,0.000",P6_ghostgirl_blk09_neg_d0.550_krea2_seed1618033,P6_ghostgirl_blk09_neg_d0.550_krea2_seed1618033_00001_.png,"illustration of Full-body portrait of a slim young woman drawn as a semi-translucent, softly glowing ghost with pale-blue skin dusted in sparkle/star specks, floating weightlessly with her lower legs and feet fading into an ethereal wisp. Voluminous translucent pale silvery-blue hair worn in a high ponytail tied with a royal-blue bow, soft bangs, vaporous trailing ends. Gentle, faintly shy expression with a soft downward gaze and blushed cheeks. She wears a royal/cobalt-blue puff-sleeved blouse with a ruffled front placket and collar, a long tan/caramel-brown bib apron over it (front pocket, dark brown/burgundy tie-bow at the back), dark brown/maroon leggings, and translucent pointed slip-on shoes that fade from ghost-blue to reddish-pink at the toes. She holds a white coffee mug at waist level in one hand while her other hand is raised in a delicate pinching/sprinkling gesture above it, and a swirling starry ribbon of orange-and-purple cosmic steam curls up from the mug. Pose: floating upright, roughly front-facing.",Real Value,euler_ancestral,simple,9,1.0,1.0,1024,1280
306,perturbation,blk09_pos_d0.550,9,0.550,pos,,P6_ghostgirl,1618033,"{""9"": 0.55}","0.000,0.000,0.000,0.000,0.000,0.000,0.000,0.000,0.000,0.550,0.000,0.000,0.000,0.000,0.000,0.000,0.000,0.000,0.000,0.000,0.000,0.000,0.000,0.000,0.000,0.000,0.000,0.000,0.000,0.000,0.000,0.000,0.000,0.000",P6_ghostgirl_blk09_pos_d0.550_krea2_seed1618033,P6_ghostgirl_blk09_pos_d0.550_krea2_seed1618033_00001_.png,"illustration of Full-body portrait of a slim young woman drawn as a semi-translucent, softly glowing ghost with pale-blue skin dusted in sparkle/star specks, floating weightlessly with her lower legs and feet fading into an ethereal wisp. Voluminous translucent pale silvery-blue hair worn in a high ponytail tied with a royal-blue bow, soft bangs, vaporous trailing ends. Gentle, faintly shy expression with a soft downward gaze and blushed cheeks. She wears a royal/cobalt-blue puff-sleeved blouse with a ruffled front placket and collar, a long tan/caramel-brown bib apron over it (front pocket, dark brown/burgundy tie-bow at the back), dark brown/maroon leggings, and translucent pointed slip-on shoes that fade from ghost-blue to reddish-pink at the toes. She holds a white coffee mug at waist level in one hand while her other hand is raised in a delicate pinching/sprinkling gesture above it, and a swirling starry ribbon of orange-and-purple cosmic steam curls up from the mug. Pose: floating upright, roughly front-facing.",Real Value,euler_ancestral,simple,9,1.0,1.0,1024,1280
307,perturbation,blk10_neg_d0.450,10,0.450,neg,,P6_ghostgirl,1618033,"{""10"": -0.45}","0.000,0.000,0.000,0.000,0.000,0.000,0.000,0.000,0.000,0.000,-0.450,0.000,0.000,0.000,0.000,0.000,0.000,0.000,0.000,0.000,0.000,0.000,0.000,0.000,0.000,0.000,0.000,0.000,0.000,0.000,0.000,0.000,0.000,0.000",P6_ghostgirl_blk10_neg_d0.450_krea2_seed1618033,P6_ghostgirl_blk10_neg_d0.450_krea2_seed1618033_00001_.png,"illustration of Full-body portrait of a slim young woman drawn as a semi-translucent, softly glowing ghost with pale-blue skin dusted in sparkle/star specks, floating weightlessly with her lower legs and feet fading into an ethereal wisp. Voluminous translucent pale silvery-blue hair worn in a high ponytail tied with a royal-blue bow, soft bangs, vaporous trailing ends. Gentle, faintly shy expression with a soft downward gaze and blushed cheeks. She wears a royal/cobalt-blue puff-sleeved blouse with a ruffled front placket and collar, a long tan/caramel-brown bib apron over it (front pocket, dark brown/burgundy tie-bow at the back), dark brown/maroon leggings, and translucent pointed slip-on shoes that fade from ghost-blue to reddish-pink at the toes. She holds a white coffee mug at waist level in one hand while her other hand is raised in a delicate pinching/sprinkling gesture above it, and a swirling starry ribbon of orange-and-purple cosmic steam curls up from the mug. Pose: floating upright, roughly front-facing.",Real Value,euler_ancestral,simple,9,1.0,1.0,1024,1280
308,perturbation,blk10_pos_d0.450,10,0.450,pos,,P6_ghostgirl,1618033,"{""10"": 0.45}","0.000,0.000,0.000,0.000,0.000,0.000,0.000,0.000,0.000,0.000,0.450,0.000,0.000,0.000,0.000,0.000,0.000,0.000,0.000,0.000,0.000,0.000,0.000,0.000,0.000,0.000,0.000,0.000,0.000,0.000,0.000,0.000,0.000,0.000",P6_ghostgirl_blk10_pos_d0.450_krea2_seed1618033,P6_ghostgirl_blk10_pos_d0.450_krea2_seed1618033_00001_.png,"illustration of Full-body portrait of a slim young woman drawn as a semi-translucent, softly glowing ghost with pale-blue skin dusted in sparkle/star specks, floating weightlessly with her lower legs and feet fading into an ethereal wisp. Voluminous translucent pale silvery-blue hair worn in a high ponytail tied with a royal-blue bow, soft bangs, vaporous trailing ends. Gentle, faintly shy expression with a soft downward gaze and blushed cheeks. She wears a royal/cobalt-blue puff-sleeved blouse with a ruffled front placket and collar, a long tan/caramel-brown bib apron over it (front pocket, dark brown/burgundy tie-bow at the back), dark brown/maroon leggings, and translucent pointed slip-on shoes that fade from ghost-blue to reddish-pink at the toes. She holds a white coffee mug at waist level in one hand while her other hand is raised in a delicate pinching/sprinkling gesture above it, and a swirling starry ribbon of orange-and-purple cosmic steam curls up from the mug. Pose: floating upright, roughly front-facing.",Real Value,euler_ancestral,simple,9,1.0,1.0,1024,1280
309,perturbation,blk11_neg_d0.450,11,0.450,neg,,P6_ghostgirl,1618033,"{""11"": -0.45}","0.000,0.000,0.000,0.000,0.000,0.000,0.000,0.000,0.000,0.000,0.000,-0.450,0.000,0.000,0.000,0.000,0.000,0.000,0.000,0.000,0.000,0.000,0.000,0.000,0.000,0.000,0.000,0.000,0.000,0.000,0.000,0.000,0.000,0.000",P6_ghostgirl_blk11_neg_d0.450_krea2_seed1618033,P6_ghostgirl_blk11_neg_d0.450_krea2_seed1618033_00001_.png,"illustration of Full-body portrait of a slim young woman drawn as a semi-translucent, softly glowing ghost with pale-blue skin dusted in sparkle/star specks, floating weightlessly with her lower legs and feet fading into an ethereal wisp. Voluminous translucent pale silvery-blue hair worn in a high ponytail tied with a royal-blue bow, soft bangs, vaporous trailing ends. Gentle, faintly shy expression with a soft downward gaze and blushed cheeks. She wears a royal/cobalt-blue puff-sleeved blouse with a ruffled front placket and collar, a long tan/caramel-brown bib apron over it (front pocket, dark brown/burgundy tie-bow at the back), dark brown/maroon leggings, and translucent pointed slip-on shoes that fade from ghost-blue to reddish-pink at the toes. She holds a white coffee mug at waist level in one hand while her other hand is raised in a delicate pinching/sprinkling gesture above it, and a swirling starry ribbon of orange-and-purple cosmic steam curls up from the mug. Pose: floating upright, roughly front-facing.",Real Value,euler_ancestral,simple,9,1.0,1.0,1024,1280
310,perturbation,blk11_pos_d0.450,11,0.450,pos,,P6_ghostgirl,1618033,"{""11"": 0.45}","0.000,0.000,0.000,0.000,0.000,0.000,0.000,0.000,0.000,0.000,0.000,0.450,0.000,0.000,0.000,0.000,0.000,0.000,0.000,0.000,0.000,0.000,0.000,0.000,0.000,0.000,0.000,0.000,0.000,0.000,0.000,0.000,0.000,0.000",P6_ghostgirl_blk11_pos_d0.450_krea2_seed1618033,P6_ghostgirl_blk11_pos_d0.450_krea2_seed1618033_00001_.png,"illustration of Full-body portrait of a slim young woman drawn as a semi-translucent, softly glowing ghost with pale-blue skin dusted in sparkle/star specks, floating weightlessly with her lower legs and feet fading into an ethereal wisp. Voluminous translucent pale silvery-blue hair worn in a high ponytail tied with a royal-blue bow, soft bangs, vaporous trailing ends. Gentle, faintly shy expression with a soft downward gaze and blushed cheeks. She wears a royal/cobalt-blue puff-sleeved blouse with a ruffled front placket and collar, a long tan/caramel-brown bib apron over it (front pocket, dark brown/burgundy tie-bow at the back), dark brown/maroon leggings, and translucent pointed slip-on shoes that fade from ghost-blue to reddish-pink at the toes. She holds a white coffee mug at waist level in one hand while her other hand is raised in a delicate pinching/sprinkling gesture above it, and a swirling starry ribbon of orange-and-purple cosmic steam curls up from the mug. Pose: floating upright, roughly front-facing.",Real Value,euler_ancestral,simple,9,1.0,1.0,1024,1280
311,perturbation,blk12_neg_d0.450,12,0.450,neg,,P6_ghostgirl,1618033,"{""12"": -0.45}","0.000,0.000,0.000,0.000,0.000,0.000,0.000,0.000,0.000,0.000,0.000,0.000,-0.450,0.000,0.000,0.000,0.000,0.000,0.000,0.000,0.000,0.000,0.000,0.000,0.000,0.000,0.000,0.000,0.000,0.000,0.000,0.000,0.000,0.000",P6_ghostgirl_blk12_neg_d0.450_krea2_seed1618033,P6_ghostgirl_blk12_neg_d0.450_krea2_seed1618033_00001_.png,"illustration of Full-body portrait of a slim young woman drawn as a semi-translucent, softly glowing ghost with pale-blue skin dusted in sparkle/star specks, floating weightlessly with her lower legs and feet fading into an ethereal wisp. Voluminous translucent pale silvery-blue hair worn in a high ponytail tied with a royal-blue bow, soft bangs, vaporous trailing ends. Gentle, faintly shy expression with a soft downward gaze and blushed cheeks. She wears a royal/cobalt-blue puff-sleeved blouse with a ruffled front placket and collar, a long tan/caramel-brown bib apron over it (front pocket, dark brown/burgundy tie-bow at the back), dark brown/maroon leggings, and translucent pointed slip-on shoes that fade from ghost-blue to reddish-pink at the toes. She holds a white coffee mug at waist level in one hand while her other hand is raised in a delicate pinching/sprinkling gesture above it, and a swirling starry ribbon of orange-and-purple cosmic steam curls up from the mug. Pose: floating upright, roughly front-facing.",Real Value,euler_ancestral,simple,9,1.0,1.0,1024,1280
312,perturbation,blk12_pos_d0.400,12,0.400,pos,,P6_ghostgirl,1618033,"{""12"": 0.4}","0.000,0.000,0.000,0.000,0.000,0.000,0.000,0.000,0.000,0.000,0.000,0.000,0.400,0.000,0.000,0.000,0.000,0.000,0.000,0.000,0.000,0.000,0.000,0.000,0.000,0.000,0.000,0.000,0.000,0.000,0.000,0.000,0.000,0.000",P6_ghostgirl_blk12_pos_d0.400_krea2_seed1618033,P6_ghostgirl_blk12_pos_d0.400_krea2_seed1618033_00001_.png,"illustration of Full-body portrait of a slim young woman drawn as a semi-translucent, softly glowing ghost with pale-blue skin dusted in sparkle/star specks, floating weightlessly with her lower legs and feet fading into an ethereal wisp. Voluminous translucent pale silvery-blue hair worn in a high ponytail tied with a royal-blue bow, soft bangs, vaporous trailing ends. Gentle, faintly shy expression with a soft downward gaze and blushed cheeks. She wears a royal/cobalt-blue puff-sleeved blouse with a ruffled front placket and collar, a long tan/caramel-brown bib apron over it (front pocket, dark brown/burgundy tie-bow at the back), dark brown/maroon leggings, and translucent pointed slip-on shoes that fade from ghost-blue to reddish-pink at the toes. She holds a white coffee mug at waist level in one hand while her other hand is raised in a delicate pinching/sprinkling gesture above it, and a swirling starry ribbon of orange-and-purple cosmic steam curls up from the mug. Pose: floating upright, roughly front-facing.",Real Value,euler_ancestral,simple,9,1.0,1.0,1024,1280
313,perturbation,blk13_neg_d0.450,13,0.450,neg,,P6_ghostgirl,1618033,"{""13"": -0.45}","0.000,0.000,0.000,0.000,0.000,0.000,0.000,0.000,0.000,0.000,0.000,0.000,0.000,-0.450,0.000,0.000,0.000,0.000,0.000,0.000,0.000,0.000,0.000,0.000,0.000,0.000,0.000,0.000,0.000,0.000,0.000,0.000,0.000,0.000",P6_ghostgirl_blk13_neg_d0.450_krea2_seed1618033,P6_ghostgirl_blk13_neg_d0.450_krea2_seed1618033_00001_.png,"illustration of Full-body portrait of a slim young woman drawn as a semi-translucent, softly glowing ghost with pale-blue skin dusted in sparkle/star specks, floating weightlessly with her lower legs and feet fading into an ethereal wisp. Voluminous translucent pale silvery-blue hair worn in a high ponytail tied with a royal-blue bow, soft bangs, vaporous trailing ends. Gentle, faintly shy expression with a soft downward gaze and blushed cheeks. She wears a royal/cobalt-blue puff-sleeved blouse with a ruffled front placket and collar, a long tan/caramel-brown bib apron over it (front pocket, dark brown/burgundy tie-bow at the back), dark brown/maroon leggings, and translucent pointed slip-on shoes that fade from ghost-blue to reddish-pink at the toes. She holds a white coffee mug at waist level in one hand while her other hand is raised in a delicate pinching/sprinkling gesture above it, and a swirling starry ribbon of orange-and-purple cosmic steam curls up from the mug. Pose: floating upright, roughly front-facing.",Real Value,euler_ancestral,simple,9,1.0,1.0,1024,1280
314,perturbation,blk13_pos_d0.400,13,0.400,pos,,P6_ghostgirl,1618033,"{""13"": 0.4}","0.000,0.000,0.000,0.000,0.000,0.000,0.000,0.000,0.000,0.000,0.000,0.000,0.000,0.400,0.000,0.000,0.000,0.000,0.000,0.000,0.000,0.000,0.000,0.000,0.000,0.000,0.000,0.000,0.000,0.000,0.000,0.000,0.000,0.000",P6_ghostgirl_blk13_pos_d0.400_krea2_seed1618033,P6_ghostgirl_blk13_pos_d0.400_krea2_seed1618033_00001_.png,"illustration of Full-body portrait of a slim young woman drawn as a semi-translucent, softly glowing ghost with pale-blue skin dusted in sparkle/star specks, floating weightlessly with her lower legs and feet fading into an ethereal wisp. Voluminous translucent pale silvery-blue hair worn in a high ponytail tied with a royal-blue bow, soft bangs, vaporous trailing ends. Gentle, faintly shy expression with a soft downward gaze and blushed cheeks. She wears a royal/cobalt-blue puff-sleeved blouse with a ruffled front placket and collar, a long tan/caramel-brown bib apron over it (front pocket, dark brown/burgundy tie-bow at the back), dark brown/maroon leggings, and translucent pointed slip-on shoes that fade from ghost-blue to reddish-pink at the toes. She holds a white coffee mug at waist level in one hand while her other hand is raised in a delicate pinching/sprinkling gesture above it, and a swirling starry ribbon of orange-and-purple cosmic steam curls up from the mug. Pose: floating upright, roughly front-facing.",Real Value,euler_ancestral,simple,9,1.0,1.0,1024,1280
315,perturbation,blk14_neg_d0.550,14,0.550,neg,,P6_ghostgirl,1618033,"{""14"": -0.55}","0.000,0.000,0.000,0.000,0.000,0.000,0.000,0.000,0.000,0.000,0.000,0.000,0.000,0.000,-0.550,0.000,0.000,0.000,0.000,0.000,0.000,0.000,0.000,0.000,0.000,0.000,0.000,0.000,0.000,0.000,0.000,0.000,0.000,0.000",P6_ghostgirl_blk14_neg_d0.550_krea2_seed1618033,P6_ghostgirl_blk14_neg_d0.550_krea2_seed1618033_00001_.png,"illustration of Full-body portrait of a slim young woman drawn as a semi-translucent, softly glowing ghost with pale-blue skin dusted in sparkle/star specks, floating weightlessly with her lower legs and feet fading into an ethereal wisp. Voluminous translucent pale silvery-blue hair worn in a high ponytail tied with a royal-blue bow, soft bangs, vaporous trailing ends. Gentle, faintly shy expression with a soft downward gaze and blushed cheeks. She wears a royal/cobalt-blue puff-sleeved blouse with a ruffled front placket and collar, a long tan/caramel-brown bib apron over it (front pocket, dark brown/burgundy tie-bow at the back), dark brown/maroon leggings, and translucent pointed slip-on shoes that fade from ghost-blue to reddish-pink at the toes. She holds a white coffee mug at waist level in one hand while her other hand is raised in a delicate pinching/sprinkling gesture above it, and a swirling starry ribbon of orange-and-purple cosmic steam curls up from the mug. Pose: floating upright, roughly front-facing.",Real Value,euler_ancestral,simple,9,1.0,1.0,1024,1280
316,perturbation,blk14_pos_d0.400,14,0.400,pos,,P6_ghostgirl,1618033,"{""14"": 0.4}","0.000,0.000,0.000,0.000,0.000,0.000,0.000,0.000,0.000,0.000,0.000,0.000,0.000,0.000,0.400,0.000,0.000,0.000,0.000,0.000,0.000,0.000,0.000,0.000,0.000,0.000,0.000,0.000,0.000,0.000,0.000,0.000,0.000,0.000",P6_ghostgirl_blk14_pos_d0.400_krea2_seed1618033,P6_ghostgirl_blk14_pos_d0.400_krea2_seed1618033_00001_.png,"illustration of Full-body portrait of a slim young woman drawn as a semi-translucent, softly glowing ghost with pale-blue skin dusted in sparkle/star specks, floating weightlessly with her lower legs and feet fading into an ethereal wisp. Voluminous translucent pale silvery-blue hair worn in a high ponytail tied with a royal-blue bow, soft bangs, vaporous trailing ends. Gentle, faintly shy expression with a soft downward gaze and blushed cheeks. She wears a royal/cobalt-blue puff-sleeved blouse with a ruffled front placket and collar, a long tan/caramel-brown bib apron over it (front pocket, dark brown/burgundy tie-bow at the back), dark brown/maroon leggings, and translucent pointed slip-on shoes that fade from ghost-blue to reddish-pink at the toes. She holds a white coffee mug at waist level in one hand while her other hand is raised in a delicate pinching/sprinkling gesture above it, and a swirling starry ribbon of orange-and-purple cosmic steam curls up from the mug. Pose: floating upright, roughly front-facing.",Real Value,euler_ancestral,simple,9,1.0,1.0,1024,1280
317,perturbation,blk15_neg_d0.450,15,0.450,neg,,P6_ghostgirl,1618033,"{""15"": -0.45}","0.000,0.000,0.000,0.000,0.000,0.000,0.000,0.000,0.000,0.000,0.000,0.000,0.000,0.000,0.000,-0.450,0.000,0.000,0.000,0.000,0.000,0.000,0.000,0.000,0.000,0.000,0.000,0.000,0.000,0.000,0.000,0.000,0.000,0.000",P6_ghostgirl_blk15_neg_d0.450_krea2_seed1618033,P6_ghostgirl_blk15_neg_d0.450_krea2_seed1618033_00001_.png,"illustration of Full-body portrait of a slim young woman drawn as a semi-translucent, softly glowing ghost with pale-blue skin dusted in sparkle/star specks, floating weightlessly with her lower legs and feet fading into an ethereal wisp. Voluminous translucent pale silvery-blue hair worn in a high ponytail tied with a royal-blue bow, soft bangs, vaporous trailing ends. Gentle, faintly shy expression with a soft downward gaze and blushed cheeks. She wears a royal/cobalt-blue puff-sleeved blouse with a ruffled front placket and collar, a long tan/caramel-brown bib apron over it (front pocket, dark brown/burgundy tie-bow at the back), dark brown/maroon leggings, and translucent pointed slip-on shoes that fade from ghost-blue to reddish-pink at the toes. She holds a white coffee mug at waist level in one hand while her other hand is raised in a delicate pinching/sprinkling gesture above it, and a swirling starry ribbon of orange-and-purple cosmic steam curls up from the mug. Pose: floating upright, roughly front-facing.",Real Value,euler_ancestral,simple,9,1.0,1.0,1024,1280
318,perturbation,blk15_pos_d0.400,15,0.400,pos,,P6_ghostgirl,1618033,"{""15"": 0.4}","0.000,0.000,0.000,0.000,0.000,0.000,0.000,0.000,0.000,0.000,0.000,0.000,0.000,0.000,0.000,0.400,0.000,0.000,0.000,0.000,0.000,0.000,0.000,0.000,0.000,0.000,0.000,0.000,0.000,0.000,0.000,0.000,0.000,0.000",P6_ghostgirl_blk15_pos_d0.400_krea2_seed1618033,P6_ghostgirl_blk15_pos_d0.400_krea2_seed1618033_00001_.png,"illustration of Full-body portrait of a slim young woman drawn as a semi-translucent, softly glowing ghost with pale-blue skin dusted in sparkle/star specks, floating weightlessly with her lower legs and feet fading into an ethereal wisp. Voluminous translucent pale silvery-blue hair worn in a high ponytail tied with a royal-blue bow, soft bangs, vaporous trailing ends. Gentle, faintly shy expression with a soft downward gaze and blushed cheeks. She wears a royal/cobalt-blue puff-sleeved blouse with a ruffled front placket and collar, a long tan/caramel-brown bib apron over it (front pocket, dark brown/burgundy tie-bow at the back), dark brown/maroon leggings, and translucent pointed slip-on shoes that fade from ghost-blue to reddish-pink at the toes. She holds a white coffee mug at waist level in one hand while her other hand is raised in a delicate pinching/sprinkling gesture above it, and a swirling starry ribbon of orange-and-purple cosmic steam curls up from the mug. Pose: floating upright, roughly front-facing.",Real Value,euler_ancestral,simple,9,1.0,1.0,1024,1280
319,perturbation,blk16_neg_d0.450,16,0.450,neg,,P6_ghostgirl,1618033,"{""16"": -0.45}","0.000,0.000,0.000,0.000,0.000,0.000,0.000,0.000,0.000,0.000,0.000,0.000,0.000,0.000,0.000,0.000,-0.450,0.000,0.000,0.000,0.000,0.000,0.000,0.000,0.000,0.000,0.000,0.000,0.000,0.000,0.000,0.000,0.000,0.000",P6_ghostgirl_blk16_neg_d0.450_krea2_seed1618033,P6_ghostgirl_blk16_neg_d0.450_krea2_seed1618033_00001_.png,"illustration of Full-body portrait of a slim young woman drawn as a semi-translucent, softly glowing ghost with pale-blue skin dusted in sparkle/star specks, floating weightlessly with her lower legs and feet fading into an ethereal wisp. Voluminous translucent pale silvery-blue hair worn in a high ponytail tied with a royal-blue bow, soft bangs, vaporous trailing ends. Gentle, faintly shy expression with a soft downward gaze and blushed cheeks. She wears a royal/cobalt-blue puff-sleeved blouse with a ruffled front placket and collar, a long tan/caramel-brown bib apron over it (front pocket, dark brown/burgundy tie-bow at the back), dark brown/maroon leggings, and translucent pointed slip-on shoes that fade from ghost-blue to reddish-pink at the toes. She holds a white coffee mug at waist level in one hand while her other hand is raised in a delicate pinching/sprinkling gesture above it, and a swirling starry ribbon of orange-and-purple cosmic steam curls up from the mug. Pose: floating upright, roughly front-facing.",Real Value,euler_ancestral,simple,9,1.0,1.0,1024,1280
320,perturbation,blk16_pos_d0.300,16,0.300,pos,,P6_ghostgirl,1618033,"{""16"": 0.3}","0.000,0.000,0.000,0.000,0.000,0.000,0.000,0.000,0.000,0.000,0.000,0.000,0.000,0.000,0.000,0.000,0.300,0.000,0.000,0.000,0.000,0.000,0.000,0.000,0.000,0.000,0.000,0.000,0.000,0.000,0.000,0.000,0.000,0.000",P6_ghostgirl_blk16_pos_d0.300_krea2_seed1618033,P6_ghostgirl_blk16_pos_d0.300_krea2_seed1618033_00001_.png,"illustration of Full-body portrait of a slim young woman drawn as a semi-translucent, softly glowing ghost with pale-blue skin dusted in sparkle/star specks, floating weightlessly with her lower legs and feet fading into an ethereal wisp. Voluminous translucent pale silvery-blue hair worn in a high ponytail tied with a royal-blue bow, soft bangs, vaporous trailing ends. Gentle, faintly shy expression with a soft downward gaze and blushed cheeks. She wears a royal/cobalt-blue puff-sleeved blouse with a ruffled front placket and collar, a long tan/caramel-brown bib apron over it (front pocket, dark brown/burgundy tie-bow at the back), dark brown/maroon leggings, and translucent pointed slip-on shoes that fade from ghost-blue to reddish-pink at the toes. She holds a white coffee mug at waist level in one hand while her other hand is raised in a delicate pinching/sprinkling gesture above it, and a swirling starry ribbon of orange-and-purple cosmic steam curls up from the mug. Pose: floating upright, roughly front-facing.",Real Value,euler_ancestral,simple,9,1.0,1.0,1024,1280
321,perturbation,blk17_neg_d0.450,17,0.450,neg,,P6_ghostgirl,1618033,"{""17"": -0.45}","0.000,0.000,0.000,0.000,0.000,0.000,0.000,0.000,0.000,0.000,0.000,0.000,0.000,0.000,0.000,0.000,0.000,-0.450,0.000,0.000,0.000,0.000,0.000,0.000,0.000,0.000,0.000,0.000,0.000,0.000,0.000,0.000,0.000,0.000",P6_ghostgirl_blk17_neg_d0.450_krea2_seed1618033,P6_ghostgirl_blk17_neg_d0.450_krea2_seed1618033_00001_.png,"illustration of Full-body portrait of a slim young woman drawn as a semi-translucent, softly glowing ghost with pale-blue skin dusted in sparkle/star specks, floating weightlessly with her lower legs and feet fading into an ethereal wisp. Voluminous translucent pale silvery-blue hair worn in a high ponytail tied with a royal-blue bow, soft bangs, vaporous trailing ends. Gentle, faintly shy expression with a soft downward gaze and blushed cheeks. She wears a royal/cobalt-blue puff-sleeved blouse with a ruffled front placket and collar, a long tan/caramel-brown bib apron over it (front pocket, dark brown/burgundy tie-bow at the back), dark brown/maroon leggings, and translucent pointed slip-on shoes that fade from ghost-blue to reddish-pink at the toes. She holds a white coffee mug at waist level in one hand while her other hand is raised in a delicate pinching/sprinkling gesture above it, and a swirling starry ribbon of orange-and-purple cosmic steam curls up from the mug. Pose: floating upright, roughly front-facing.",Real Value,euler_ancestral,simple,9,1.0,1.0,1024,1280
322,perturbation,blk17_pos_d0.400,17,0.400,pos,,P6_ghostgirl,1618033,"{""17"": 0.4}","0.000,0.000,0.000,0.000,0.000,0.000,0.000,0.000,0.000,0.000,0.000,0.000,0.000,0.000,0.000,0.000,0.000,0.400,0.000,0.000,0.000,0.000,0.000,0.000,0.000,0.000,0.000,0.000,0.000,0.000,0.000,0.000,0.000,0.000",P6_ghostgirl_blk17_pos_d0.400_krea2_seed1618033,P6_ghostgirl_blk17_pos_d0.400_krea2_seed1618033_00001_.png,"illustration of Full-body portrait of a slim young woman drawn as a semi-translucent, softly glowing ghost with pale-blue skin dusted in sparkle/star specks, floating weightlessly with her lower legs and feet fading into an ethereal wisp. Voluminous translucent pale silvery-blue hair worn in a high ponytail tied with a royal-blue bow, soft bangs, vaporous trailing ends. Gentle, faintly shy expression with a soft downward gaze and blushed cheeks. She wears a royal/cobalt-blue puff-sleeved blouse with a ruffled front placket and collar, a long tan/caramel-brown bib apron over it (front pocket, dark brown/burgundy tie-bow at the back), dark brown/maroon leggings, and translucent pointed slip-on shoes that fade from ghost-blue to reddish-pink at the toes. She holds a white coffee mug at waist level in one hand while her other hand is raised in a delicate pinching/sprinkling gesture above it, and a swirling starry ribbon of orange-and-purple cosmic steam curls up from the mug. Pose: floating upright, roughly front-facing.",Real Value,euler_ancestral,simple,9,1.0,1.0,1024,1280
323,perturbation,blk18_neg_d0.450,18,0.450,neg,,P6_ghostgirl,1618033,"{""18"": -0.45}","0.000,0.000,0.000,0.000,0.000,0.000,0.000,0.000,0.000,0.000,0.000,0.000,0.000,0.000,0.000,0.000,0.000,0.000,-0.450,0.000,0.000,0.000,0.000,0.000,0.000,0.000,0.000,0.000,0.000,0.000,0.000,0.000,0.000,0.000",P6_ghostgirl_blk18_neg_d0.450_krea2_seed1618033,P6_ghostgirl_blk18_neg_d0.450_krea2_seed1618033_00001_.png,"illustration of Full-body portrait of a slim young woman drawn as a semi-translucent, softly glowing ghost with pale-blue skin dusted in sparkle/star specks, floating weightlessly with her lower legs and feet fading into an ethereal wisp. Voluminous translucent pale silvery-blue hair worn in a high ponytail tied with a royal-blue bow, soft bangs, vaporous trailing ends. Gentle, faintly shy expression with a soft downward gaze and blushed cheeks. She wears a royal/cobalt-blue puff-sleeved blouse with a ruffled front placket and collar, a long tan/caramel-brown bib apron over it (front pocket, dark brown/burgundy tie-bow at the back), dark brown/maroon leggings, and translucent pointed slip-on shoes that fade from ghost-blue to reddish-pink at the toes. She holds a white coffee mug at waist level in one hand while her other hand is raised in a delicate pinching/sprinkling gesture above it, and a swirling starry ribbon of orange-and-purple cosmic steam curls up from the mug. Pose: floating upright, roughly front-facing.",Real Value,euler_ancestral,simple,9,1.0,1.0,1024,1280
324,perturbation,blk18_pos_d0.300,18,0.300,pos,,P6_ghostgirl,1618033,"{""18"": 0.3}","0.000,0.000,0.000,0.000,0.000,0.000,0.000,0.000,0.000,0.000,0.000,0.000,0.000,0.000,0.000,0.000,0.000,0.000,0.300,0.000,0.000,0.000,0.000,0.000,0.000,0.000,0.000,0.000,0.000,0.000,0.000,0.000,0.000,0.000",P6_ghostgirl_blk18_pos_d0.300_krea2_seed1618033,P6_ghostgirl_blk18_pos_d0.300_krea2_seed1618033_00001_.png,"illustration of Full-body portrait of a slim young woman drawn as a semi-translucent, softly glowing ghost with pale-blue skin dusted in sparkle/star specks, floating weightlessly with her lower legs and feet fading into an ethereal wisp. Voluminous translucent pale silvery-blue hair worn in a high ponytail tied with a royal-blue bow, soft bangs, vaporous trailing ends. Gentle, faintly shy expression with a soft downward gaze and blushed cheeks. She wears a royal/cobalt-blue puff-sleeved blouse with a ruffled front placket and collar, a long tan/caramel-brown bib apron over it (front pocket, dark brown/burgundy tie-bow at the back), dark brown/maroon leggings, and translucent pointed slip-on shoes that fade from ghost-blue to reddish-pink at the toes. She holds a white coffee mug at waist level in one hand while her other hand is raised in a delicate pinching/sprinkling gesture above it, and a swirling starry ribbon of orange-and-purple cosmic steam curls up from the mug. Pose: floating upright, roughly front-facing.",Real Value,euler_ancestral,simple,9,1.0,1.0,1024,1280
325,perturbation,blk19_neg_d0.450,19,0.450,neg,,P6_ghostgirl,1618033,"{""19"": -0.45}","0.000,0.000,0.000,0.000,0.000,0.000,0.000,0.000,0.000,0.000,0.000,0.000,0.000,0.000,0.000,0.000,0.000,0.000,0.000,-0.450,0.000,0.000,0.000,0.000,0.000,0.000,0.000,0.000,0.000,0.000,0.000,0.000,0.000,0.000",P6_ghostgirl_blk19_neg_d0.450_krea2_seed1618033,P6_ghostgirl_blk19_neg_d0.450_krea2_seed1618033_00001_.png,"illustration of Full-body portrait of a slim young woman drawn as a semi-translucent, softly glowing ghost with pale-blue skin dusted in sparkle/star specks, floating weightlessly with her lower legs and feet fading into an ethereal wisp. Voluminous translucent pale silvery-blue hair worn in a high ponytail tied with a royal-blue bow, soft bangs, vaporous trailing ends. Gentle, faintly shy expression with a soft downward gaze and blushed cheeks. She wears a royal/cobalt-blue puff-sleeved blouse with a ruffled front placket and collar, a long tan/caramel-brown bib apron over it (front pocket, dark brown/burgundy tie-bow at the back), dark brown/maroon leggings, and translucent pointed slip-on shoes that fade from ghost-blue to reddish-pink at the toes. She holds a white coffee mug at waist level in one hand while her other hand is raised in a delicate pinching/sprinkling gesture above it, and a swirling starry ribbon of orange-and-purple cosmic steam curls up from the mug. Pose: floating upright, roughly front-facing.",Real Value,euler_ancestral,simple,9,1.0,1.0,1024,1280
326,perturbation,blk19_pos_d0.250,19,0.250,pos,,P6_ghostgirl,1618033,"{""19"": 0.25}","0.000,0.000,0.000,0.000,0.000,0.000,0.000,0.000,0.000,0.000,0.000,0.000,0.000,0.000,0.000,0.000,0.000,0.000,0.000,0.250,0.000,0.000,0.000,0.000,0.000,0.000,0.000,0.000,0.000,0.000,0.000,0.000,0.000,0.000",P6_ghostgirl_blk19_pos_d0.250_krea2_seed1618033,P6_ghostgirl_blk19_pos_d0.250_krea2_seed1618033_00001_.png,"illustration of Full-body portrait of a slim young woman drawn as a semi-translucent, softly glowing ghost with pale-blue skin dusted in sparkle/star specks, floating weightlessly with her lower legs and feet fading into an ethereal wisp. Voluminous translucent pale silvery-blue hair worn in a high ponytail tied with a royal-blue bow, soft bangs, vaporous trailing ends. Gentle, faintly shy expression with a soft downward gaze and blushed cheeks. She wears a royal/cobalt-blue puff-sleeved blouse with a ruffled front placket and collar, a long tan/caramel-brown bib apron over it (front pocket, dark brown/burgundy tie-bow at the back), dark brown/maroon leggings, and translucent pointed slip-on shoes that fade from ghost-blue to reddish-pink at the toes. She holds a white coffee mug at waist level in one hand while her other hand is raised in a delicate pinching/sprinkling gesture above it, and a swirling starry ribbon of orange-and-purple cosmic steam curls up from the mug. Pose: floating upright, roughly front-facing.",Real Value,euler_ancestral,simple,9,1.0,1.0,1024,1280
327,perturbation,blk20_neg_d0.550,20,0.550,neg,,P6_ghostgirl,1618033,"{""20"": -0.55}","0.000,0.000,0.000,0.000,0.000,0.000,0.000,0.000,0.000,0.000,0.000,0.000,0.000,0.000,0.000,0.000,0.000,0.000,0.000,0.000,-0.550,0.000,0.000,0.000,0.000,0.000,0.000,0.000,0.000,0.000,0.000,0.000,0.000,0.000",P6_ghostgirl_blk20_neg_d0.550_krea2_seed1618033,P6_ghostgirl_blk20_neg_d0.550_krea2_seed1618033_00001_.png,"illustration of Full-body portrait of a slim young woman drawn as a semi-translucent, softly glowing ghost with pale-blue skin dusted in sparkle/star specks, floating weightlessly with her lower legs and feet fading into an ethereal wisp. Voluminous translucent pale silvery-blue hair worn in a high ponytail tied with a royal-blue bow, soft bangs, vaporous trailing ends. Gentle, faintly shy expression with a soft downward gaze and blushed cheeks. She wears a royal/cobalt-blue puff-sleeved blouse with a ruffled front placket and collar, a long tan/caramel-brown bib apron over it (front pocket, dark brown/burgundy tie-bow at the back), dark brown/maroon leggings, and translucent pointed slip-on shoes that fade from ghost-blue to reddish-pink at the toes. She holds a white coffee mug at waist level in one hand while her other hand is raised in a delicate pinching/sprinkling gesture above it, and a swirling starry ribbon of orange-and-purple cosmic steam curls up from the mug. Pose: floating upright, roughly front-facing.",Real Value,euler_ancestral,simple,9,1.0,1.0,1024,1280
328,perturbation,blk20_pos_d0.450,20,0.450,pos,,P6_ghostgirl,1618033,"{""20"": 0.45}","0.000,0.000,0.000,0.000,0.000,0.000,0.000,0.000,0.000,0.000,0.000,0.000,0.000,0.000,0.000,0.000,0.000,0.000,0.000,0.000,0.450,0.000,0.000,0.000,0.000,0.000,0.000,0.000,0.000,0.000,0.000,0.000,0.000,0.000",P6_ghostgirl_blk20_pos_d0.450_krea2_seed1618033,P6_ghostgirl_blk20_pos_d0.450_krea2_seed1618033_00001_.png,"illustration of Full-body portrait of a slim young woman drawn as a semi-translucent, softly glowing ghost with pale-blue skin dusted in sparkle/star specks, floating weightlessly with her lower legs and feet fading into an ethereal wisp. Voluminous translucent pale silvery-blue hair worn in a high ponytail tied with a royal-blue bow, soft bangs, vaporous trailing ends. Gentle, faintly shy expression with a soft downward gaze and blushed cheeks. She wears a royal/cobalt-blue puff-sleeved blouse with a ruffled front placket and collar, a long tan/caramel-brown bib apron over it (front pocket, dark brown/burgundy tie-bow at the back), dark brown/maroon leggings, and translucent pointed slip-on shoes that fade from ghost-blue to reddish-pink at the toes. She holds a white coffee mug at waist level in one hand while her other hand is raised in a delicate pinching/sprinkling gesture above it, and a swirling starry ribbon of orange-and-purple cosmic steam curls up from the mug. Pose: floating upright, roughly front-facing.",Real Value,euler_ancestral,simple,9,1.0,1.0,1024,1280
329,perturbation,blk21_neg_d0.450,21,0.450,neg,,P6_ghostgirl,1618033,"{""21"": -0.45}","0.000,0.000,0.000,0.000,0.000,0.000,0.000,0.000,0.000,0.000,0.000,0.000,0.000,0.000,0.000,0.000,0.000,0.000,0.000,0.000,0.000,-0.450,0.000,0.000,0.000,0.000,0.000,0.000,0.000,0.000,0.000,0.000,0.000,0.000",P6_ghostgirl_blk21_neg_d0.450_krea2_seed1618033,P6_ghostgirl_blk21_neg_d0.450_krea2_seed1618033_00001_.png,"illustration of Full-body portrait of a slim young woman drawn as a semi-translucent, softly glowing ghost with pale-blue skin dusted in sparkle/star specks, floating weightlessly with her lower legs and feet fading into an ethereal wisp. Voluminous translucent pale silvery-blue hair worn in a high ponytail tied with a royal-blue bow, soft bangs, vaporous trailing ends. Gentle, faintly shy expression with a soft downward gaze and blushed cheeks. She wears a royal/cobalt-blue puff-sleeved blouse with a ruffled front placket and collar, a long tan/caramel-brown bib apron over it (front pocket, dark brown/burgundy tie-bow at the back), dark brown/maroon leggings, and translucent pointed slip-on shoes that fade from ghost-blue to reddish-pink at the toes. She holds a white coffee mug at waist level in one hand while her other hand is raised in a delicate pinching/sprinkling gesture above it, and a swirling starry ribbon of orange-and-purple cosmic steam curls up from the mug. Pose: floating upright, roughly front-facing.",Real Value,euler_ancestral,simple,9,1.0,1.0,1024,1280
330,perturbation,blk21_pos_d0.250,21,0.250,pos,,P6_ghostgirl,1618033,"{""21"": 0.25}","0.000,0.000,0.000,0.000,0.000,0.000,0.000,0.000,0.000,0.000,0.000,0.000,0.000,0.000,0.000,0.000,0.000,0.000,0.000,0.000,0.000,0.250,0.000,0.000,0.000,0.000,0.000,0.000,0.000,0.000,0.000,0.000,0.000,0.000",P6_ghostgirl_blk21_pos_d0.250_krea2_seed1618033,P6_ghostgirl_blk21_pos_d0.250_krea2_seed1618033_00001_.png,"illustration of Full-body portrait of a slim young woman drawn as a semi-translucent, softly glowing ghost with pale-blue skin dusted in sparkle/star specks, floating weightlessly with her lower legs and feet fading into an ethereal wisp. Voluminous translucent pale silvery-blue hair worn in a high ponytail tied with a royal-blue bow, soft bangs, vaporous trailing ends. Gentle, faintly shy expression with a soft downward gaze and blushed cheeks. She wears a royal/cobalt-blue puff-sleeved blouse with a ruffled front placket and collar, a long tan/caramel-brown bib apron over it (front pocket, dark brown/burgundy tie-bow at the back), dark brown/maroon leggings, and translucent pointed slip-on shoes that fade from ghost-blue to reddish-pink at the toes. She holds a white coffee mug at waist level in one hand while her other hand is raised in a delicate pinching/sprinkling gesture above it, and a swirling starry ribbon of orange-and-purple cosmic steam curls up from the mug. Pose: floating upright, roughly front-facing.",Real Value,euler_ancestral,simple,9,1.0,1.0,1024,1280
331,perturbation,blk22_neg_d0.450,22,0.450,neg,,P6_ghostgirl,1618033,"{""22"": -0.45}","0.000,0.000,0.000,0.000,0.000,0.000,0.000,0.000,0.000,0.000,0.000,0.000,0.000,0.000,0.000,0.000,0.000,0.000,0.000,0.000,0.000,0.000,-0.450,0.000,0.000,0.000,0.000,0.000,0.000,0.000,0.000,0.000,0.000,0.000",P6_ghostgirl_blk22_neg_d0.450_krea2_seed1618033,P6_ghostgirl_blk22_neg_d0.450_krea2_seed1618033_00001_.png,"illustration of Full-body portrait of a slim young woman drawn as a semi-translucent, softly glowing ghost with pale-blue skin dusted in sparkle/star specks, floating weightlessly with her lower legs and feet fading into an ethereal wisp. Voluminous translucent pale silvery-blue hair worn in a high ponytail tied with a royal-blue bow, soft bangs, vaporous trailing ends. Gentle, faintly shy expression with a soft downward gaze and blushed cheeks. She wears a royal/cobalt-blue puff-sleeved blouse with a ruffled front placket and collar, a long tan/caramel-brown bib apron over it (front pocket, dark brown/burgundy tie-bow at the back), dark brown/maroon leggings, and translucent pointed slip-on shoes that fade from ghost-blue to reddish-pink at the toes. She holds a white coffee mug at waist level in one hand while her other hand is raised in a delicate pinching/sprinkling gesture above it, and a swirling starry ribbon of orange-and-purple cosmic steam curls up from the mug. Pose: floating upright, roughly front-facing.",Real Value,euler_ancestral,simple,9,1.0,1.0,1024,1280
332,perturbation,blk22_pos_d0.250,22,0.250,pos,,P6_ghostgirl,1618033,"{""22"": 0.25}","0.000,0.000,0.000,0.000,0.000,0.000,0.000,0.000,0.000,0.000,0.000,0.000,0.000,0.000,0.000,0.000,0.000,0.000,0.000,0.000,0.000,0.000,0.250,0.000,0.000,0.000,0.000,0.000,0.000,0.000,0.000,0.000,0.000,0.000",P6_ghostgirl_blk22_pos_d0.250_krea2_seed1618033,P6_ghostgirl_blk22_pos_d0.250_krea2_seed1618033_00001_.png,"illustration of Full-body portrait of a slim young woman drawn as a semi-translucent, softly glowing ghost with pale-blue skin dusted in sparkle/star specks, floating weightlessly with her lower legs and feet fading into an ethereal wisp. Voluminous translucent pale silvery-blue hair worn in a high ponytail tied with a royal-blue bow, soft bangs, vaporous trailing ends. Gentle, faintly shy expression with a soft downward gaze and blushed cheeks. She wears a royal/cobalt-blue puff-sleeved blouse with a ruffled front placket and collar, a long tan/caramel-brown bib apron over it (front pocket, dark brown/burgundy tie-bow at the back), dark brown/maroon leggings, and translucent pointed slip-on shoes that fade from ghost-blue to reddish-pink at the toes. She holds a white coffee mug at waist level in one hand while her other hand is raised in a delicate pinching/sprinkling gesture above it, and a swirling starry ribbon of orange-and-purple cosmic steam curls up from the mug. Pose: floating upright, roughly front-facing.",Real Value,euler_ancestral,simple,9,1.0,1.0,1024,1280
333,perturbation,blk23_neg_d0.300,23,0.300,neg,,P6_ghostgirl,1618033,"{""23"": -0.3}","0.000,0.000,0.000,0.000,0.000,0.000,0.000,0.000,0.000,0.000,0.000,0.000,0.000,0.000,0.000,0.000,0.000,0.000,0.000,0.000,0.000,0.000,0.000,-0.300,0.000,0.000,0.000,0.000,0.000,0.000,0.000,0.000,0.000,0.000",P6_ghostgirl_blk23_neg_d0.300_krea2_seed1618033,P6_ghostgirl_blk23_neg_d0.300_krea2_seed1618033_00001_.png,"illustration of Full-body portrait of a slim young woman drawn as a semi-translucent, softly glowing ghost with pale-blue skin dusted in sparkle/star specks, floating weightlessly with her lower legs and feet fading into an ethereal wisp. Voluminous translucent pale silvery-blue hair worn in a high ponytail tied with a royal-blue bow, soft bangs, vaporous trailing ends. Gentle, faintly shy expression with a soft downward gaze and blushed cheeks. She wears a royal/cobalt-blue puff-sleeved blouse with a ruffled front placket and collar, a long tan/caramel-brown bib apron over it (front pocket, dark brown/burgundy tie-bow at the back), dark brown/maroon leggings, and translucent pointed slip-on shoes that fade from ghost-blue to reddish-pink at the toes. She holds a white coffee mug at waist level in one hand while her other hand is raised in a delicate pinching/sprinkling gesture above it, and a swirling starry ribbon of orange-and-purple cosmic steam curls up from the mug. Pose: floating upright, roughly front-facing.",Real Value,euler_ancestral,simple,9,1.0,1.0,1024,1280
334,perturbation,blk23_pos_d0.300,23,0.300,pos,,P6_ghostgirl,1618033,"{""23"": 0.3}","0.000,0.000,0.000,0.000,0.000,0.000,0.000,0.000,0.000,0.000,0.000,0.000,0.000,0.000,0.000,0.000,0.000,0.000,0.000,0.000,0.000,0.000,0.000,0.300,0.000,0.000,0.000,0.000,0.000,0.000,0.000,0.000,0.000,0.000",P6_ghostgirl_blk23_pos_d0.300_krea2_seed1618033,P6_ghostgirl_blk23_pos_d0.300_krea2_seed1618033_00001_.png,"illustration of Full-body portrait of a slim young woman drawn as a semi-translucent, softly glowing ghost with pale-blue skin dusted in sparkle/star specks, floating weightlessly with her lower legs and feet fading into an ethereal wisp. Voluminous translucent pale silvery-blue hair worn in a high ponytail tied with a royal-blue bow, soft bangs, vaporous trailing ends. Gentle, faintly shy expression with a soft downward gaze and blushed cheeks. She wears a royal/cobalt-blue puff-sleeved blouse with a ruffled front placket and collar, a long tan/caramel-brown bib apron over it (front pocket, dark brown/burgundy tie-bow at the back), dark brown/maroon leggings, and translucent pointed slip-on shoes that fade from ghost-blue to reddish-pink at the toes. She holds a white coffee mug at waist level in one hand while her other hand is raised in a delicate pinching/sprinkling gesture above it, and a swirling starry ribbon of orange-and-purple cosmic steam curls up from the mug. Pose: floating upright, roughly front-facing.",Real Value,euler_ancestral,simple,9,1.0,1.0,1024,1280
335,perturbation,blk24_neg_d0.400,24,0.400,neg,,P6_ghostgirl,1618033,"{""24"": -0.4}","0.000,0.000,0.000,0.000,0.000,0.000,0.000,0.000,0.000,0.000,0.000,0.000,0.000,0.000,0.000,0.000,0.000,0.000,0.000,0.000,0.000,0.000,0.000,0.000,-0.400,0.000,0.000,0.000,0.000,0.000,0.000,0.000,0.000,0.000",P6_ghostgirl_blk24_neg_d0.400_krea2_seed1618033,P6_ghostgirl_blk24_neg_d0.400_krea2_seed1618033_00001_.png,"illustration of Full-body portrait of a slim young woman drawn as a semi-translucent, softly glowing ghost with pale-blue skin dusted in sparkle/star specks, floating weightlessly with her lower legs and feet fading into an ethereal wisp. Voluminous translucent pale silvery-blue hair worn in a high ponytail tied with a royal-blue bow, soft bangs, vaporous trailing ends. Gentle, faintly shy expression with a soft downward gaze and blushed cheeks. She wears a royal/cobalt-blue puff-sleeved blouse with a ruffled front placket and collar, a long tan/caramel-brown bib apron over it (front pocket, dark brown/burgundy tie-bow at the back), dark brown/maroon leggings, and translucent pointed slip-on shoes that fade from ghost-blue to reddish-pink at the toes. She holds a white coffee mug at waist level in one hand while her other hand is raised in a delicate pinching/sprinkling gesture above it, and a swirling starry ribbon of orange-and-purple cosmic steam curls up from the mug. Pose: floating upright, roughly front-facing.",Real Value,euler_ancestral,simple,9,1.0,1.0,1024,1280
336,perturbation,blk24_pos_d0.200,24,0.200,pos,,P6_ghostgirl,1618033,"{""24"": 0.2}","0.000,0.000,0.000,0.000,0.000,0.000,0.000,0.000,0.000,0.000,0.000,0.000,0.000,0.000,0.000,0.000,0.000,0.000,0.000,0.000,0.000,0.000,0.000,0.000,0.200,0.000,0.000,0.000,0.000,0.000,0.000,0.000,0.000,0.000",P6_ghostgirl_blk24_pos_d0.200_krea2_seed1618033,P6_ghostgirl_blk24_pos_d0.200_krea2_seed1618033_00001_.png,"illustration of Full-body portrait of a slim young woman drawn as a semi-translucent, softly glowing ghost with pale-blue skin dusted in sparkle/star specks, floating weightlessly with her lower legs and feet fading into an ethereal wisp. Voluminous translucent pale silvery-blue hair worn in a high ponytail tied with a royal-blue bow, soft bangs, vaporous trailing ends. Gentle, faintly shy expression with a soft downward gaze and blushed cheeks. She wears a royal/cobalt-blue puff-sleeved blouse with a ruffled front placket and collar, a long tan/caramel-brown bib apron over it (front pocket, dark brown/burgundy tie-bow at the back), dark brown/maroon leggings, and translucent pointed slip-on shoes that fade from ghost-blue to reddish-pink at the toes. She holds a white coffee mug at waist level in one hand while her other hand is raised in a delicate pinching/sprinkling gesture above it, and a swirling starry ribbon of orange-and-purple cosmic steam curls up from the mug. Pose: floating upright, roughly front-facing.",Real Value,euler_ancestral,simple,9,1.0,1.0,1024,1280
337,perturbation,blk25_neg_d0.450,25,0.450,neg,,P6_ghostgirl,1618033,"{""25"": -0.45}","0.000,0.000,0.000,0.000,0.000,0.000,0.000,0.000,0.000,0.000,0.000,0.000,0.000,0.000,0.000,0.000,0.000,0.000,0.000,0.000,0.000,0.000,0.000,0.000,0.000,-0.450,0.000,0.000,0.000,0.000,0.000,0.000,0.000,0.000",P6_ghostgirl_blk25_neg_d0.450_krea2_seed1618033,P6_ghostgirl_blk25_neg_d0.450_krea2_seed1618033_00001_.png,"illustration of Full-body portrait of a slim young woman drawn as a semi-translucent, softly glowing ghost with pale-blue skin dusted in sparkle/star specks, floating weightlessly with her lower legs and feet fading into an ethereal wisp. Voluminous translucent pale silvery-blue hair worn in a high ponytail tied with a royal-blue bow, soft bangs, vaporous trailing ends. Gentle, faintly shy expression with a soft downward gaze and blushed cheeks. She wears a royal/cobalt-blue puff-sleeved blouse with a ruffled front placket and collar, a long tan/caramel-brown bib apron over it (front pocket, dark brown/burgundy tie-bow at the back), dark brown/maroon leggings, and translucent pointed slip-on shoes that fade from ghost-blue to reddish-pink at the toes. She holds a white coffee mug at waist level in one hand while her other hand is raised in a delicate pinching/sprinkling gesture above it, and a swirling starry ribbon of orange-and-purple cosmic steam curls up from the mug. Pose: floating upright, roughly front-facing.",Real Value,euler_ancestral,simple,9,1.0,1.0,1024,1280
338,perturbation,blk25_pos_d0.250,25,0.250,pos,,P6_ghostgirl,1618033,"{""25"": 0.25}","0.000,0.000,0.000,0.000,0.000,0.000,0.000,0.000,0.000,0.000,0.000,0.000,0.000,0.000,0.000,0.000,0.000,0.000,0.000,0.000,0.000,0.000,0.000,0.000,0.000,0.250,0.000,0.000,0.000,0.000,0.000,0.000,0.000,0.000",P6_ghostgirl_blk25_pos_d0.250_krea2_seed1618033,P6_ghostgirl_blk25_pos_d0.250_krea2_seed1618033_00001_.png,"illustration of Full-body portrait of a slim young woman drawn as a semi-translucent, softly glowing ghost with pale-blue skin dusted in sparkle/star specks, floating weightlessly with her lower legs and feet fading into an ethereal wisp. Voluminous translucent pale silvery-blue hair worn in a high ponytail tied with a royal-blue bow, soft bangs, vaporous trailing ends. Gentle, faintly shy expression with a soft downward gaze and blushed cheeks. She wears a royal/cobalt-blue puff-sleeved blouse with a ruffled front placket and collar, a long tan/caramel-brown bib apron over it (front pocket, dark brown/burgundy tie-bow at the back), dark brown/maroon leggings, and translucent pointed slip-on shoes that fade from ghost-blue to reddish-pink at the toes. She holds a white coffee mug at waist level in one hand while her other hand is raised in a delicate pinching/sprinkling gesture above it, and a swirling starry ribbon of orange-and-purple cosmic steam curls up from the mug. Pose: floating upright, roughly front-facing.",Real Value,euler_ancestral,simple,9,1.0,1.0,1024,1280
339,perturbation,blk26_neg_d0.250,26,0.250,neg,,P6_ghostgirl,1618033,"{""26"": -0.25}","0.000,0.000,0.000,0.000,0.000,0.000,0.000,0.000,0.000,0.000,0.000,0.000,0.000,0.000,0.000,0.000,0.000,0.000,0.000,0.000,0.000,0.000,0.000,0.000,0.000,0.000,-0.250,0.000,0.000,0.000,0.000,0.000,0.000,0.000",P6_ghostgirl_blk26_neg_d0.250_krea2_seed1618033,P6_ghostgirl_blk26_neg_d0.250_krea2_seed1618033_00001_.png,"illustration of Full-body portrait of a slim young woman drawn as a semi-translucent, softly glowing ghost with pale-blue skin dusted in sparkle/star specks, floating weightlessly with her lower legs and feet fading into an ethereal wisp. Voluminous translucent pale silvery-blue hair worn in a high ponytail tied with a royal-blue bow, soft bangs, vaporous trailing ends. Gentle, faintly shy expression with a soft downward gaze and blushed cheeks. She wears a royal/cobalt-blue puff-sleeved blouse with a ruffled front placket and collar, a long tan/caramel-brown bib apron over it (front pocket, dark brown/burgundy tie-bow at the back), dark brown/maroon leggings, and translucent pointed slip-on shoes that fade from ghost-blue to reddish-pink at the toes. She holds a white coffee mug at waist level in one hand while her other hand is raised in a delicate pinching/sprinkling gesture above it, and a swirling starry ribbon of orange-and-purple cosmic steam curls up from the mug. Pose: floating upright, roughly front-facing.",Real Value,euler_ancestral,simple,9,1.0,1.0,1024,1280
340,perturbation,blk26_pos_d0.150,26,0.150,pos,,P6_ghostgirl,1618033,"{""26"": 0.15}","0.000,0.000,0.000,0.000,0.000,0.000,0.000,0.000,0.000,0.000,0.000,0.000,0.000,0.000,0.000,0.000,0.000,0.000,0.000,0.000,0.000,0.000,0.000,0.000,0.000,0.000,0.150,0.000,0.000,0.000,0.000,0.000,0.000,0.000",P6_ghostgirl_blk26_pos_d0.150_krea2_seed1618033,P6_ghostgirl_blk26_pos_d0.150_krea2_seed1618033_00001_.png,"illustration of Full-body portrait of a slim young woman drawn as a semi-translucent, softly glowing ghost with pale-blue skin dusted in sparkle/star specks, floating weightlessly with her lower legs and feet fading into an ethereal wisp. Voluminous translucent pale silvery-blue hair worn in a high ponytail tied with a royal-blue bow, soft bangs, vaporous trailing ends. Gentle, faintly shy expression with a soft downward gaze and blushed cheeks. She wears a royal/cobalt-blue puff-sleeved blouse with a ruffled front placket and collar, a long tan/caramel-brown bib apron over it (front pocket, dark brown/burgundy tie-bow at the back), dark brown/maroon leggings, and translucent pointed slip-on shoes that fade from ghost-blue to reddish-pink at the toes. She holds a white coffee mug at waist level in one hand while her other hand is raised in a delicate pinching/sprinkling gesture above it, and a swirling starry ribbon of orange-and-purple cosmic steam curls up from the mug. Pose: floating upright, roughly front-facing.",Real Value,euler_ancestral,simple,9,1.0,1.0,1024,1280
341,perturbation,blk27_neg_d0.250,27,0.250,neg,,P6_ghostgirl,1618033,"{""27"": -0.25}","0.000,0.000,0.000,0.000,0.000,0.000,0.000,0.000,0.000,0.000,0.000,0.000,0.000,0.000,0.000,0.000,0.000,0.000,0.000,0.000,0.000,0.000,0.000,0.000,0.000,0.000,0.000,-0.250,0.000,0.000,0.000,0.000,0.000,0.000",P6_ghostgirl_blk27_neg_d0.250_krea2_seed1618033,P6_ghostgirl_blk27_neg_d0.250_krea2_seed1618033_00001_.png,"illustration of Full-body portrait of a slim young woman drawn as a semi-translucent, softly glowing ghost with pale-blue skin dusted in sparkle/star specks, floating weightlessly with her lower legs and feet fading into an ethereal wisp. Voluminous translucent pale silvery-blue hair worn in a high ponytail tied with a royal-blue bow, soft bangs, vaporous trailing ends. Gentle, faintly shy expression with a soft downward gaze and blushed cheeks. She wears a royal/cobalt-blue puff-sleeved blouse with a ruffled front placket and collar, a long tan/caramel-brown bib apron over it (front pocket, dark brown/burgundy tie-bow at the back), dark brown/maroon leggings, and translucent pointed slip-on shoes that fade from ghost-blue to reddish-pink at the toes. She holds a white coffee mug at waist level in one hand while her other hand is raised in a delicate pinching/sprinkling gesture above it, and a swirling starry ribbon of orange-and-purple cosmic steam curls up from the mug. Pose: floating upright, roughly front-facing.",Real Value,euler_ancestral,simple,9,1.0,1.0,1024,1280
342,perturbation,blk27_pos_d0.050,27,0.050,pos,,P6_ghostgirl,1618033,"{""27"": 0.05}","0.000,0.000,0.000,0.000,0.000,0.000,0.000,0.000,0.000,0.000,0.000,0.000,0.000,0.000,0.000,0.000,0.000,0.000,0.000,0.000,0.000,0.000,0.000,0.000,0.000,0.000,0.000,0.050,0.000,0.000,0.000,0.000,0.000,0.000",P6_ghostgirl_blk27_pos_d0.050_krea2_seed1618033,P6_ghostgirl_blk27_pos_d0.050_krea2_seed1618033_00001_.png,"illustration of Full-body portrait of a slim young woman drawn as a semi-translucent, softly glowing ghost with pale-blue skin dusted in sparkle/star specks, floating weightlessly with her lower legs and feet fading into an ethereal wisp. Voluminous translucent pale silvery-blue hair worn in a high ponytail tied with a royal-blue bow, soft bangs, vaporous trailing ends. Gentle, faintly shy expression with a soft downward gaze and blushed cheeks. She wears a royal/cobalt-blue puff-sleeved blouse with a ruffled front placket and collar, a long tan/caramel-brown bib apron over it (front pocket, dark brown/burgundy tie-bow at the back), dark brown/maroon leggings, and translucent pointed slip-on shoes that fade from ghost-blue to reddish-pink at the toes. She holds a white coffee mug at waist level in one hand while her other hand is raised in a delicate pinching/sprinkling gesture above it, and a swirling starry ribbon of orange-and-purple cosmic steam curls up from the mug. Pose: floating upright, roughly front-facing.",Real Value,euler_ancestral,simple,9,1.0,1.0,1024,1280
