file,width_px,height_px,stroke_width_median_px,stroke_width_std_px,stroke_width_cv,edge_density,contour_mean_length_px,contour_n_components,crosshatch_entropy_mean,crosshatch_entropy_p90,color_top4_cluster_share,color_cluster_entropy_norm,color_n_effective,colorfulness_hs,luminance_hist_n_peaks,shadow_edge_transition_width_px,shadow_edge_transition_width_std,glcm_contrast,glcm_homogeneity,glcm_energy,glcm_correlation,lbp_entropy,lbp_uniform_share,fft_radial_slope,fft_high_freq_share,condition,prompt_dir,prompt_sha1,seed,rel_path,source_manifest
S1_photo_baseline_seed42_00001_.png,1024,1280,2.799999952316284,2.000290632247925,0.714389523683097,0.14224166870117189,46.95013850415513,3971,3.6756391525268555,4.079207897186279,0.4844,0.917755896369337,12.737617815972678,34.807037353515625,3,22.0,4.773055723276232,5.348999762072848,0.6390931248351996,0.13826300390792395,0.9374581027097215,3.1683059604721984,0.8816154479980468,-3.5371043224384846,1.312428497032148e-05,baseline,S1,3dd4956c29,42,renders/S1_photo_baseline_seed42_00001_.png,stage9_images.csv
S1_photo_baseline_seed777_00001_.png,1024,1280,2.799999952316284,1.947247862815857,0.6954456771347468,0.14872894287109376,43.56245810055866,4475,3.709623098373413,4.082992076873779,0.52415,0.9089407810225054,12.430075240561493,34.34893798828125,2,22.0,4.755671262927035,5.907467226764316,0.6301097711937251,0.13013674578886525,0.9313304328384973,3.1981115918574066,0.8718101501464843,-3.423792891156879,1.4584063327051986e-05,baseline,S1,3dd4956c29,777,renders/S1_photo_baseline_seed777_00001_.png,stage9_images.csv
S1_photo_baseline_seed1337_00001_.png,1024,1280,2.799999952316284,1.976649284362793,0.7059461850089036,0.14244766235351564,56.54421562689279,3302,3.6508476734161377,4.064269542694092,0.47415,0.917159840792551,12.716584797161234,35.525760650634766,3,22.0,5.131379637181829,4.816903911166305,0.6396140082307813,0.1262239275719765,0.9463587180267641,3.1463051485279543,0.8875297546386719,-3.7003919055473444,7.637704732965923e-06,baseline,S1,3dd4956c29,1337,renders/S1_photo_baseline_seed1337_00001_.png,stage9_images.csv
S1_photo_baseline_seed9999_00001_.png,1024,1280,2.799999952316284,1.9901723861694336,0.7107758643078099,0.14885025024414061,45.06837606837607,4329,3.7177553176879883,4.08363151550293,0.5282,0.9016343223888459,12.180802585616377,33.10068893432617,2,22.0,4.983364722011507,5.6974478867655485,0.6335141602133341,0.13207507888834874,0.935054015746781,3.18763861313874,0.8776596069335938,-3.4839713287749148,1.3567715500928675e-05,baseline,S1,3dd4956c29,9999,renders/S1_photo_baseline_seed9999_00001_.png,stage9_images.csv
S1_photo_baseline_seed4242145_00001_.png,1024,1280,2.799999952316284,2.0166046619415283,0.7202159629586077,0.14386749267578125,46.34308183828951,4069,3.7360432147979736,4.084783554077148,0.5151,0.9049546852148735,12.293456812428841,33.722190856933594,3,23.0,4.813217237487635,5.528737560962528,0.6409179244869943,0.13831589532768024,0.9305112226691846,3.1966358522968616,0.8705787658691406,-3.414034080014457,1.687227988728447e-05,baseline,S1,3dd4956c29,4242145,renders/S1_photo_baseline_seed4242145_00001_.png,stage9_images.csv
S1_photo_preset_pos_1x_seed42_00001_.png,1024,1280,2.799999952316284,1.9007130861282349,0.6788261137489952,0.12291336059570312,44.3937723890879,3629,3.6783390045166016,4.08709716796875,0.57595,0.8739171061351164,11.279790944877732,34.959815979003906,2,23.0,4.86112794366957,3.8204355031635284,0.6769179561956367,0.1748580945762258,0.9551333961833726,3.2156033215476465,0.85284423828125,-3.3688775007241714,1.7715743118041483e-05,preset_pos_1x,S1,3dd4956c29,42,renders/S1_photo_preset_pos_1x_seed42_00001_.png,stage9_images.csv
S1_photo_preset_pos_1x_seed777_00001_.png,1024,1280,2.799999952316284,1.9394348859786987,0.6926553282168137,0.130377197265625,41.02953181272509,4165,3.715968608856201,4.089432716369629,0.61875,0.8461324051877905,10.443472730303162,32.512855529785156,3,22.5,4.748311436341149,4.2377084575828246,0.66865635992014,0.16879281792867357,0.9492500865980806,3.217359525321784,0.8533508300781251,-3.326323231937235,1.9621611032812974e-05,preset_pos_1x,S1,3dd4956c29,777,renders/S1_photo_preset_pos_1x_seed777_00001_.png,stage9_images.csv
S1_photo_preset_pos_1x_seed1337_00001_.png,1024,1280,2.799999952316284,2.1366047859191895,0.7630731508233403,0.10787582397460938,47.11596134621793,3001,3.64579439163208,4.068190574645996,0.5944,0.8593350949321144,10.832845759437946,38.349884033203125,1,22.0,4.961066885720728,3.545650601696065,0.6965598470382118,0.17697006224923634,0.9586749678219065,3.1933304830562896,0.8624702453613282,-3.4688671445107526,1.3816294283174758e-05,preset_pos_1x,S1,3dd4956c29,1337,renders/S1_photo_preset_pos_1x_seed1337_00001_.png,stage9_images.csv
S1_photo_preset_pos_1x_seed9999_00001_.png,1024,1280,2.799999952316284,1.9030085802078247,0.6796459330770958,0.13502349853515624,38.415020620794444,4607,3.721435070037842,4.0891923904418945,0.5302499999999999,0.9124258510580653,12.550765058088539,32.17899703979492,3,23.0,4.683325428744745,4.507825319592037,0.6568869179201409,0.1557112037130654,0.9461831269218164,3.230861734688328,0.8480316162109375,-3.2696242885501614,2.17994150665529e-05,preset_pos_1x,S1,3dd4956c29,9999,renders/S1_photo_preset_pos_1x_seed9999_00001_.png,stage9_images.csv
S1_photo_preset_pos_1x_seed4242145_00001_.png,1024,1280,2.799999952316284,1.8720076084136963,0.6685741572477845,0.13831710815429688,39.81880079068746,4553,3.716708183288574,4.088112831115723,0.5821,0.8804586916164795,11.486240477223708,31.27625846862793,3,23.0,4.937323269074469,4.01534312148447,0.6583131847802237,0.15607829181589356,0.9501479393504627,3.227275841446067,0.8528854370117188,-3.3542402240042004,1.8218941752154037e-05,preset_pos_1x,S1,3dd4956c29,4242145,renders/S1_photo_preset_pos_1x_seed4242145_00001_.png,stage9_images.csv
S1_photo_preset_pos_2x_seed42_00001_.png,1024,1280,2.0,1.6711081266403198,0.8355540633201599,0.122747802734375,37.8381937911571,4252,3.8503258228302,4.1115007400512695,0.58455,0.8725492762283571,11.237094143345036,30.430133819580078,3,24.0,4.181521449526094,3.114427042214837,0.6723298158319112,0.17034717763617185,0.9587907955320931,3.246150661343379,0.8443809509277344,-3.300954265075992,1.7763371344571618e-05,preset_pos_2x,S1,3dd4956c29,42,renders/S1_photo_preset_pos_2x_seed42_00001_.png,stage9_images.csv
S1_photo_preset_pos_2x_seed777_00001_.png,1024,1280,2.0,1.7470037937164307,0.8735018968582153,0.12487411499023438,34.559755067567565,4736,3.811022996902466,4.104717254638672,0.5657,0.8863622671078015,11.675796519568678,32.24669647216797,2,23.0,4.473798546816788,3.314137076750845,0.6783347375329563,0.17515734662343874,0.9599178623192873,3.229390091037815,0.8518348693847656,-3.3111818580162695,1.723168582900445e-05,preset_pos_2x,S1,3dd4956c29,777,renders/S1_photo_preset_pos_2x_seed777_00001_.png,stage9_images.csv
S1_photo_preset_pos_2x_seed1337_00001_.png,1024,1280,2.799999952316284,2.0014822483062744,0.7148151008540409,0.10727157592773437,42.50392986698912,3308,3.7143394947052,4.094315528869629,0.5988,0.8654716708973172,11.018734871088991,36.85088348388672,2,23.0,4.816770319808724,2.9615311801290343,0.6979575816414374,0.17980735689792054,0.965474614809515,3.2173388558391083,0.8529258728027344,-3.4306747838288167,1.4286171693357946e-05,preset_pos_2x,S1,3dd4956c29,1337,renders/S1_photo_preset_pos_2x_seed1337_00001_.png,stage9_images.csv
S1_photo_preset_pos_2x_seed9999_00001_.png,1024,1280,2.799999952316284,1.8619707822799683,0.6649895764246937,0.13427581787109374,36.51410788381743,4820,3.7938382625579834,4.101699352264404,0.593,0.8861815412159358,11.669947493682814,33.419334411621094,4,23.0,4.449644405665848,3.9737548651785963,0.6594015029595642,0.16056415697870954,0.9533345631225982,3.2407520033239274,0.8484687805175781,-3.3400329639850073,1.7470893164698997e-05,preset_pos_2x,S1,3dd4956c29,9999,renders/S1_photo_preset_pos_2x_seed9999_00001_.png,stage9_images.csv
S1_photo_preset_pos_2x_seed4242145_00001_.png,1024,1280,2.799999952316284,1.8413677215576172,0.6576313403271155,0.12594146728515626,37.12865497076023,4446,3.7953057289123535,4.1024250984191895,0.61705,0.8560557068452003,10.734795683518787,34.44282913208008,1,23.0,4.966832871756149,3.3410594039474484,0.6749787164559959,0.17106636025629984,0.9584375309517865,3.234259126877515,0.8513984680175781,-3.380022762173083,1.570933476257779e-05,preset_pos_2x,S1,3dd4956c29,4242145,renders/S1_photo_preset_pos_2x_seed4242145_00001_.png,stage9_images.csv
S1_photo_blockshuf_neg_1x_seed42_00001_.png,1024,1280,4.0,2.163334846496582,0.5408337116241455,0.10468826293945313,55.93844272319609,2453,3.5916759967803955,4.063024997711182,0.5331999999999999,0.8898972421640445,11.790794001023645,34.08108901977539,2,22.0,4.9521776758668405,4.216419365769273,0.679087203197151,0.14482356961728438,0.9522932220647837,3.0586334497837573,0.9003013610839845,-3.7222337850718747,7.221965443441635e-06,blockshuf_neg_1x,S1,3dd4956c29,42,renders/S1_photo_blockshuf_neg_1x_seed42_00001_.png,stage9_images.csv
S1_photo_blockshuf_neg_1x_seed777_00001_.png,1024,1280,4.0,2.0687994956970215,0.5171998739242554,0.11978988647460938,51.59743674005915,3043,3.5842645168304443,4.056666374206543,0.581,0.8850977454040682,11.634932868953706,38.44983673095703,5,21.0,5.40974758670374,5.361722992041205,0.6721588257144258,0.14818164098246484,0.9419727275467333,3.138506260832373,0.8833953857421876,-3.4591794695084634,1.3248777179728356e-05,blockshuf_neg_1x,S1,3dd4956c29,777,renders/S1_photo_blockshuf_neg_1x_seed777_00001_.png,stage9_images.csv
S1_photo_blockshuf_neg_1x_seed1337_00001_.png,1024,1280,4.0,2.0196404457092285,0.5049101114273071,0.09812088012695312,65.05260495700557,1977,3.4790165424346924,4.037992477416992,0.488,0.8957489233233089,11.983651701962888,37.4661865234375,4,22.0,5.037560459873475,4.012569379556962,0.6828307214508136,0.1328027505372644,0.951949278260447,3.00681044671514,0.9082969665527343,-3.810437810312691,4.995729494098857e-06,blockshuf_neg_1x,S1,3dd4956c29,1337,renders/S1_photo_blockshuf_neg_1x_seed1337_00001_.png,stage9_images.csv
S1_photo_blockshuf_neg_1x_seed9999_00001_.png,1024,1280,4.0,2.057241916656494,0.5143104791641235,0.116845703125,52.84748102139407,2898,3.570906162261963,4.065637588500977,0.5464,0.8922263928058883,11.867182702122358,36.048072814941406,2,22.0,5.170766975301623,4.954619673871942,0.6661383061616557,0.13748215308486567,0.9450299550037322,3.0966516990454114,0.8952255249023438,-3.590580135488181,8.962610248051207e-06,blockshuf_neg_1x,S1,3dd4956c29,9999,renders/S1_photo_blockshuf_neg_1x_seed9999_00001_.png,stage9_images.csv
S1_photo_blockshuf_neg_1x_seed4242145_00001_.png,1024,1280,4.0,2.315605401992798,0.5789013504981995,0.10393447875976562,54.997577714977794,2477,3.5575814247131348,4.0584797859191895,0.5443,0.8933951767838785,11.905701364632966,38.276039123535156,2,21.0,5.164004520844571,4.9849772191324835,0.6832395674736984,0.1471970242907659,0.9410956383205618,3.0665449259435955,0.8994476318359376,-3.695901237529736,8.452245089355415e-06,blockshuf_neg_1x,S1,3dd4956c29,4242145,renders/S1_photo_blockshuf_neg_1x_seed4242145_00001_.png,stage9_images.csv
S1_photo_blockshuf_neg_2x_seed42_00001_.png,1024,1280,4.0,2.27970027923584,0.56992506980896,0.0652923583984375,71.5551839464883,1196,3.283416748046875,4.016027450561523,0.57955,0.885253509912852,11.63995874330675,48.718040466308594,4,20.0,5.790181268481167,3.3243680800387834,0.7495708302019851,0.16335797625300352,0.9616376868254133,2.939572049922676,0.9191238403320313,-3.8923425136430208,4.161282106127837e-06,blockshuf_neg_2x,S1,3dd4956c29,42,renders/S1_photo_blockshuf_neg_2x_seed42_00001_.png,stage9_images.csv
S1_photo_blockshuf_neg_2x_seed777_00001_.png,1024,1280,4.0,2.3227853775024414,0.5806963443756104,0.06933059692382812,60.2606100795756,1508,3.3683812618255615,4.014929294586182,0.54115,0.8890042061639655,11.76163585407203,40.17001724243164,3,22.0,5.326081608629608,3.5385144889769804,0.7294814989456266,0.1499123858304921,0.9634803674374447,2.9298035108623464,0.9242523193359374,-3.7315287586209682,5.486449369154737e-06,blockshuf_neg_2x,S1,3dd4956c29,777,renders/S1_photo_blockshuf_neg_2x_seed777_00001_.png,stage9_images.csv
S1_photo_blockshuf_neg_2x_seed1337_00001_.png,1024,1280,4.0,2.44502329826355,0.6112558245658875,0.0694610595703125,65.40517241379311,1392,3.1899867057800293,3.969792366027832,0.5435000000000001,0.9042253334885029,12.268622196496905,54.728050231933594,4,20.0,5.647801243030585,3.8306871963880322,0.7320223127924733,0.1451371778468337,0.9636456325922582,2.877740636495014,0.9298988342285157,-3.842819347495287,4.254178178297079e-06,blockshuf_neg_2x,S1,3dd4956c29,1337,renders/S1_photo_blockshuf_neg_2x_seed1337_00001_.png,stage9_images.csv
S1_photo_blockshuf_neg_2x_seed9999_00001_.png,1024,1280,4.0,2.3468942642211914,0.5867235660552979,0.07699356079101563,60.284946236559136,1674,3.2565958499908447,4.005527973175049,0.5818,0.8868443087147353,11.691411690619068,48.120025634765625,3,20.0,5.735621816065023,4.011832847008332,0.7308803444117439,0.15587235400853824,0.9587068251397524,2.986362752456382,0.913824462890625,-3.712149273339581,6.501448522327199e-06,blockshuf_neg_2x,S1,3dd4956c29,9999,renders/S1_photo_blockshuf_neg_2x_seed9999_00001_.png,stage9_images.csv
S1_photo_blockshuf_neg_2x_seed4242145_00001_.png,1024,1280,4.0,2.3157880306243896,0.5789470076560974,0.07381515502929688,60.13113735239279,1609,3.3152122497558594,4.010251045227051,0.5792,0.8969826708501392,12.024714063952374,50.810176849365234,4,20.0,5.8711779147079195,3.744419116993868,0.7243926566288146,0.15413199283301302,0.9600864739523883,2.952298400315818,0.9156768798828124,-3.83989744772769,5.241534037971281e-06,blockshuf_neg_2x,S1,3dd4956c29,4242145,renders/S1_photo_blockshuf_neg_2x_seed4242145_00001_.png,stage9_images.csv
S1_photo_rand_pos_1x_seed42_00001_.png,1024,1280,2.799999952316284,1.9388015270233154,0.692429128586039,0.149725341796875,45.79883313885647,4285,3.679927110671997,4.086208343505859,0.5016,0.9048469880791523,12.289786535896873,37.01118087768555,4,23.0,5.038812128453974,5.832271166548854,0.6249068273320221,0.1271740691777936,0.9425961718179612,3.1620725789820203,0.888629913330078,-3.486083033488469,1.29503660223118e-05,rand_pos_1x,S1,3dd4956c29,42,renders/S1_photo_rand_pos_1x_seed42_00001_.png,stage9_images.csv
S1_photo_rand_pos_1x_seed777_00001_.png,1024,1280,2.799999952316284,1.7580082416534424,0.6278600969971946,0.16232528686523437,43.85961657390229,4851,3.799851417541504,4.106564521789551,0.5228,0.8942590736009559,11.934252444084194,32.597503662109375,4,23.0,4.983428673182259,6.0191120650059755,0.615607548380198,0.12345653210937216,0.9315155490537019,3.2164319796628025,0.8727401733398438,-3.244872323554394,2.0150746508950588e-05,rand_pos_1x,S1,3dd4956c29,777,renders/S1_photo_rand_pos_1x_seed777_00001_.png,stage9_images.csv
S1_photo_rand_pos_1x_seed1337_00001_.png,1024,1280,2.799999952316284,1.842645525932312,0.6580876990401353,0.16096267700195313,46.54246635782043,4533,3.7549190521240234,4.100456714630127,0.5253000000000001,0.8881839773624483,11.734918437412325,34.950435638427734,4,23.0,4.643483497909524,4.814600192178425,0.625219758754568,0.1219637559004236,0.9442220587162966,3.207608103402851,0.8746025085449218,-3.3915548990318833,1.2898998730897479e-05,rand_pos_1x,S1,3dd4956c29,1337,renders/S1_photo_rand_pos_1x_seed1337_00001_.png,stage9_images.csv
S1_photo_rand_pos_1x_seed9999_00001_.png,1024,1280,2.799999952316284,1.7715022563934326,0.6326793880578345,0.15808792114257814,43.84447735928904,4726,3.7490243911743164,4.098959445953369,0.49105,0.9046056622027369,12.281566222040183,31.66773796081543,3,23.0,4.73165500824933,5.955854562080795,0.6208903378506885,0.1223950235770782,0.9347952629969147,3.202232625595399,0.8773033142089843,-3.3500034814535797,1.615581007764445e-05,rand_pos_1x,S1,3dd4956c29,9999,renders/S1_photo_rand_pos_1x_seed9999_00001_.png,stage9_images.csv
S1_photo_rand_pos_1x_seed4242145_00001_.png,1024,1280,4.0,2.1674458980560303,0.5418614745140076,0.13801498413085939,50.15220404768505,3607,3.6522624492645264,4.074187278747559,0.54865,0.8999203693706338,12.123055672173777,38.182655334472656,2,22.0,5.039095496102773,5.407487164095622,0.6489937290662744,0.13972099134688692,0.9395035286153599,3.1609683653123115,0.8855682373046876,-3.5212768261255323,1.2474563480586856e-05,rand_pos_1x,S1,3dd4956c29,4242145,renders/S1_photo_rand_pos_1x_seed4242145_00001_.png,stage9_images.csv
S1_photo_rand_pos_2x_seed42_00001_.png,1024,1280,2.799999952316284,2.014065742492676,0.719309205997147,0.14183273315429687,44.73123195380173,4156,3.6652064323425293,4.106329441070557,0.48119999999999996,0.9276755470504835,13.09280391289921,35.942176818847656,2,24.0,5.081432221183429,5.687864989337353,0.6437299685646429,0.12974713198513155,0.9426831632188135,3.1522706069427624,0.8923377990722657,-3.3419221930502667,1.567923342953672e-05,rand_pos_2x,S1,3dd4956c29,42,renders/S1_photo_rand_pos_2x_seed42_00001_.png,stage9_images.csv
S1_photo_rand_pos_2x_seed777_00001_.png,1024,1280,2.799999952316284,2.0700013637542725,0.7392862139307808,0.13631744384765626,47.6336976806185,3751,3.7097079753875732,4.0998854637146,0.5533,0.8793925039452725,11.452336139742556,34.527992248535156,2,23.0,5.1329313569757735,5.790423510395293,0.6473560191547955,0.1288149150853785,0.9444948945002769,3.145334119033666,0.8939949035644531,-3.351099720981202,1.5086407408482587e-05,rand_pos_2x,S1,3dd4956c29,777,renders/S1_photo_rand_pos_2x_seed777_00001_.png,stage9_images.csv
S1_photo_rand_pos_2x_seed1337_00001_.png,1024,1280,2.799999952316284,2.0019476413726807,0.7149813126663023,0.14417266845703125,44.32793807178044,4263,3.6648385524749756,4.113887310028076,0.50295,0.8940811665251648,11.928367168721582,39.361572265625,3,24.0,5.127859286747345,5.7731794801284355,0.6404487197458026,0.12350319353339648,0.9394183436381949,3.201447238266384,0.8737876892089844,-3.239242615396195,1.8574334704848762e-05,rand_pos_2x,S1,3dd4956c29,1337,renders/S1_photo_rand_pos_2x_seed1337_00001_.png,stage9_images.csv
S1_photo_rand_pos_2x_seed9999_00001_.png,1024,1280,2.799999952316284,1.979750156402588,0.7070536393276903,0.15009078979492188,46.28870588235294,4250,3.66304349899292,4.10307502746582,0.48744999999999994,0.9094045131527483,12.446067345167624,36.586814880371094,3,24.0,5.1793779645429865,7.074744043915038,0.6342268466564712,0.11631061718949995,0.9357094729077351,3.197012650603728,0.8786262512207031,-3.2855297583141607,1.7018339498566255e-05,rand_pos_2x,S1,3dd4956c29,9999,renders/S1_photo_rand_pos_2x_seed9999_00001_.png,stage9_images.csv
S1_photo_rand_pos_2x_seed4242145_00001_.png,1024,1280,2.799999952316284,2.02628493309021,0.7236732027134419,0.12578277587890624,49.33153800119689,3342,3.6962008476257324,4.101173400878906,0.46725,0.9239977146182,12.959973457968234,31.323949813842773,4,23.0,5.3999450616686815,5.193579109695155,0.6691194582674285,0.1357146590287966,0.9525457419321453,3.1454196598769366,0.8941299438476563,-3.450733270422926,1.1012857446222796e-05,rand_pos_2x,S1,3dd4956c29,4242145,renders/S1_photo_rand_pos_2x_seed4242145_00001_.png,stage9_images.csv
S2_watercolor_baseline_seed42_00001_.png,1024,1280,4.393799781799316,2.303318977355957,0.5242202857984392,0.07715301513671875,79.75236593059937,1268,3.569715976715088,4.089344024658203,0.37870000000000004,0.9569726460725848,14.200704357143854,41.91388702392578,4,19.0,5.720372520673735,6.638341687177286,0.7051804189572841,0.12015246770409081,0.9372429036570787,3.2230655121915794,0.8378532409667968,-3.6567980276732865,4.2536742760740306e-06,baseline,S2,aded1ad92b,42,renders/S2_watercolor_baseline_seed42_00001_.png,stage9_images.csv
S2_watercolor_baseline_seed777_00001_.png,1024,1280,4.393799781799316,2.1909234523773193,0.4986398018072887,0.07621917724609376,91.99079189686924,1086,3.548846483230591,4.101459980010986,0.34965,0.973477056795897,14.865625124766742,43.992549896240234,5,20.0,5.592657747449369,6.637636049093462,0.7030702568111039,0.11953315019709088,0.9380996113684339,3.2169070158231863,0.8452285766601564,-3.775974883086922,3.165073595648666e-06,baseline,S2,aded1ad92b,777,renders/S2_watercolor_baseline_seed777_00001_.png,stage9_images.csv
S2_watercolor_baseline_seed1337_00001_.png,1024,1280,4.393799781799316,2.3906633853912354,0.5440992999485809,0.07040023803710938,99.97291440953413,923,3.496039390563965,4.083002090454102,0.35860000000000003,0.9726475281929923,14.83147434185908,47.14064407348633,5,18.0,5.770870467618558,6.396732459812094,0.7241694308904127,0.12474557659830357,0.9436129829471727,3.199592189379392,0.852410888671875,-3.8762978902201395,2.499754439797678e-06,baseline,S2,aded1ad92b,1337,renders/S2_watercolor_baseline_seed1337_00001_.png,stage9_images.csv
S2_watercolor_baseline_seed9999_00001_.png,1024,1280,4.393799781799316,2.263848304748535,0.5152370197035835,0.0785919189453125,98.29389312977099,1048,3.553863286972046,4.081218719482422,0.3349,0.9739421897710488,14.88480853555064,42.0092658996582,5,19.0,5.5588203945117325,7.174614893194166,0.704864915185365,0.1193176084791851,0.9353142990191561,3.214810001790264,0.8431503295898437,-3.7643515621348587,3.4660084526595855e-06,baseline,S2,aded1ad92b,9999,renders/S2_watercolor_baseline_seed9999_00001_.png,stage9_images.csv
S2_watercolor_baseline_seed4242145_00001_.png,1024,1280,4.393799781799316,2.282500982284546,0.5194822467194518,0.0734375,97.32659251769464,989,3.5041873455047607,4.082829475402832,0.35890000000000005,0.9685188674515673,14.662665323450375,45.49855041503906,5,19.0,5.798182770273804,6.609847137443779,0.7198588679272087,0.12270777902363034,0.9392843880462336,3.210748848876438,0.8441688537597656,-3.8058802348065646,2.9374965811945504e-06,baseline,S2,aded1ad92b,4242145,renders/S2_watercolor_baseline_seed4242145_00001_.png,stage9_images.csv
S2_watercolor_preset_pos_1x_seed42_00001_.png,1024,1280,4.0,2.110935688018799,0.5277339220046997,0.06872787475585937,85.63022813688212,1052,3.601454496383667,4.111397743225098,0.37075,0.9649696514649334,14.519084739719665,40.84479904174805,4,20.0,5.5451365111895345,4.4529998327860465,0.7180169269902614,0.12427836894346908,0.9564543079257761,3.2369010019863023,0.8194976806640625,-3.7971487352051976,2.52621159378441e-06,preset_pos_1x,S2,aded1ad92b,42,renders/S2_watercolor_preset_pos_1x_seed42_00001_.png,stage9_images.csv
S2_watercolor_preset_pos_1x_seed777_00001_.png,1024,1280,4.0,2.257606029510498,0.5644015073776245,0.06527862548828126,88.48190279214064,967,3.601062059402466,4.1115264892578125,0.3644,0.9767074703242682,14.999368753975784,40.768272399902344,4,20.0,5.2920635585273,4.2831771359068025,0.7202020112134309,0.12242852592740674,0.9606440460874224,3.2385840351728112,0.8188316345214844,-3.8536609708219296,2.1870332954272516e-06,preset_pos_1x,S2,aded1ad92b,777,renders/S2_watercolor_preset_pos_1x_seed777_00001_.png,stage9_images.csv
S2_watercolor_preset_pos_1x_seed1337_00001_.png,1024,1280,4.393799781799316,2.265446186065674,0.5156006870067131,0.065643310546875,104.92682926829268,820,3.4924750328063965,4.087777614593506,0.37255000000000005,0.9621861370436657,14.40746438375376,44.89015579223633,4,19.0,5.746367874579559,4.2461494930212185,0.7328243447209104,0.12721215984334436,0.9637658026457194,3.226429083946941,0.8318946838378907,-3.975000320104269,1.6473116616600093e-06,preset_pos_1x,S2,aded1ad92b,1337,renders/S2_watercolor_preset_pos_1x_seed1337_00001_.png,stage9_images.csv
S2_watercolor_preset_pos_1x_seed9999_00001_.png,1024,1280,4.393799781799316,2.252655267715454,0.5126895579190373,0.06770477294921876,103.30849825378347,859,3.5863864421844482,4.104909896850586,0.37245,0.9601961411549902,14.328190955486985,40.11359405517578,4,20.0,5.704174869119986,4.719706307921928,0.7163256925770539,0.12405285821601698,0.9560657732720472,3.2394776353073,0.8196098327636718,-3.8708402016853016,2.171214542564643e-06,preset_pos_1x,S2,aded1ad92b,9999,renders/S2_watercolor_preset_pos_1x_seed9999_00001_.png,stage9_images.csv
S2_watercolor_preset_pos_1x_seed4242145_00001_.png,1024,1280,4.0,2.142308235168457,0.5355770587921143,0.062762451171875,91.50611790878754,899,3.5925703048706055,4.1066179275512695,0.35555,0.9723513416314394,14.819299682539926,39.50381851196289,4,19.0,5.05843602312019,4.409289382820881,0.7255662907482343,0.12779295892439632,0.9564384860923002,3.238904655940368,0.8185737609863282,-3.8398751269949942,2.335819902486366e-06,preset_pos_1x,S2,aded1ad92b,4242145,renders/S2_watercolor_preset_pos_1x_seed4242145_00001_.png,stage9_images.csv
S2_watercolor_preset_pos_2x_seed42_00001_.png,1024,1280,2.799999952316284,1.9136372804641724,0.6834418975190077,0.06932754516601562,77.93224699828474,1166,3.753167152404785,4.121110439300537,0.37225,0.9604951416760951,14.340074029089793,41.234100341796875,3,22.0,4.922796389347167,2.6414239377083994,0.7225215667240392,0.12879056939217978,0.9715561332634102,3.2406333849044153,0.8130561828613281,-3.7440327146728856,2.169618592247381e-06,preset_pos_2x,S2,aded1ad92b,42,renders/S2_watercolor_preset_pos_2x_seed42_00001_.png,stage9_images.csv
S2_watercolor_preset_pos_2x_seed777_00001_.png,1024,1280,2.799999952316284,1.9567793607711792,0.6988497836053335,0.06842041015625,83.19109461966605,1078,3.782144784927368,4.123625755310059,0.37195,0.9804459085169921,15.155648014535243,39.97736740112305,4,22.0,4.635728599515835,2.724347801868842,0.7183345636732933,0.1295678842296155,0.9714963590120776,3.2396361004914827,0.8069213867187499,-3.7701663299648924,1.966598181965923e-06,preset_pos_2x,S2,aded1ad92b,777,renders/S2_watercolor_preset_pos_2x_seed777_00001_.png,stage9_images.csv
S2_watercolor_preset_pos_2x_seed1337_00001_.png,1024,1280,4.0,2.0749082565307617,0.5187270641326904,0.06423492431640625,74.70629991126886,1127,3.7075676918029785,4.11171293258667,0.4125,0.9547230394315745,14.112406893295686,44.710838317871094,4,21.0,5.222812789819294,2.864512140977622,0.7397423994233849,0.13960989702005772,0.9733771665417011,3.2282392951035517,0.8182777404785156,-3.782549577141641,1.973500626658909e-06,preset_pos_2x,S2,aded1ad92b,1337,renders/S2_watercolor_preset_pos_2x_seed1337_00001_.png,stage9_images.csv
S2_watercolor_preset_pos_2x_seed9999_00001_.png,1024,1280,2.799999952316284,1.945644736289978,0.6948731319371825,0.06850128173828125,79.4566371681416,1130,3.770998477935791,4.121182441711426,0.38065000000000004,0.9747284630572107,14.91729299881368,40.1004524230957,3,22.0,4.8014997633493275,2.8317200084101963,0.7192548761816367,0.1322870030383127,0.9701995563571542,3.2390077460013442,0.8085494995117188,-3.787623956926979,1.906919458506945e-06,preset_pos_2x,S2,aded1ad92b,9999,renders/S2_watercolor_preset_pos_2x_seed9999_00001_.png,stage9_images.csv
S2_watercolor_preset_pos_2x_seed4242145_00001_.png,1024,1280,4.0,1.9471036195755005,0.4867759048938751,0.0654266357421875,81.75023832221163,1049,3.7398264408111572,4.12148904800415,0.34664999999999996,0.9676722442699136,14.62828745765367,42.503639221191406,2,21.0,4.854410204906462,2.846550225888639,0.7234924400769032,0.12704675891856013,0.971696693898335,3.2430933806872106,0.8138664245605469,-3.782950971438755,2.0504957156185555e-06,preset_pos_2x,S2,aded1ad92b,4242145,renders/S2_watercolor_preset_pos_2x_seed4242145_00001_.png,stage9_images.csv
S2_watercolor_blockshuf_neg_1x_seed42_00001_.png,1024,1280,4.0,2.302244186401367,0.5755610466003418,0.08497085571289062,65.28311840562719,1706,3.5775110721588135,4.086402416229248,0.3476,0.9736256404043302,14.871750447693863,45.919281005859375,4,20.0,5.566426337107469,7.269794812132812,0.6924069414773613,0.11583069046335565,0.9328579650165877,3.2366406785023805,0.8217086791992188,-3.4203490746741347,6.60114437472439e-06,blockshuf_neg_1x,S2,aded1ad92b,42,renders/S2_watercolor_blockshuf_neg_1x_seed42_00001_.png,stage9_images.csv
S2_watercolor_blockshuf_neg_1x_seed777_00001_.png,1024,1280,4.0,2.1933650970458984,0.5483412742614746,0.08170547485351562,62.84800469483568,1704,3.5140340328216553,4.087126731872559,0.39185,0.9616275878929555,14.385169861717365,46.53083801269531,6,20.0,5.789198751862103,7.715288872324486,0.6987623450339582,0.12222184162280467,0.9350014792289403,3.2297397537850525,0.8328720092773438,-3.497085119443157,5.798683550364698e-06,blockshuf_neg_1x,S2,aded1ad92b,777,renders/S2_watercolor_blockshuf_neg_1x_seed777_00001_.png,stage9_images.csv
S2_watercolor_blockshuf_neg_1x_seed1337_00001_.png,1024,1280,4.393799781799316,2.3269190788269043,0.5295915140389036,0.07573699951171875,81.1029411764706,1224,3.48543119430542,4.072329044342041,0.37095,0.9686666531298779,14.66867456556704,48.216583251953125,5,19.0,5.770435040208222,6.7950125953021825,0.7149052584656324,0.12162358013283688,0.9412403212645475,3.2188818634151057,0.8354721069335938,-3.630231449818095,4.1522092144626905e-06,blockshuf_neg_1x,S2,aded1ad92b,1337,renders/S2_watercolor_blockshuf_neg_1x_seed1337_00001_.png,stage9_images.csv
S2_watercolor_blockshuf_neg_1x_seed9999_00001_.png,1024,1280,4.0,2.3507626056671143,0.5876906514167786,0.0879486083984375,64.00666296501943,1801,3.5659420490264893,4.08438777923584,0.3818,0.9645741760865462,14.50317342505632,43.641029357910156,5,20.0,5.7800951265386935,7.732706968980738,0.6774341314469629,0.11078905116216492,0.9320486576013011,3.2399309479312257,0.8240638732910157,-3.453853635245509,6.516921088939521e-06,blockshuf_neg_1x,S2,aded1ad92b,9999,renders/S2_watercolor_blockshuf_neg_1x_seed9999_00001_.png,stage9_images.csv
S2_watercolor_blockshuf_neg_1x_seed4242145_00001_.png,1024,1280,4.0,2.4018733501434326,0.6004683375358582,0.08338088989257812,65.0142772159429,1681,3.5858516693115234,4.092894077301025,0.33840000000000003,0.9737939472441769,14.87869190476359,47.36410903930664,5,21.0,5.673303573536322,7.2843064539972735,0.6868865631911943,0.11348728973891174,0.9328441985271625,3.2396704816191884,0.8193855285644531,-3.419175403348119,6.913577126536591e-06,blockshuf_neg_1x,S2,aded1ad92b,4242145,renders/S2_watercolor_blockshuf_neg_1x_seed4242145_00001_.png,stage9_images.csv
S2_watercolor_blockshuf_neg_2x_seed42_00001_.png,1024,1280,4.393799781799316,2.7442522048950195,0.624573795160783,0.07701339721679687,73.62727935813275,1371,3.3080170154571533,4.0962815284729,0.39874999999999994,0.9660985187259384,14.564598990007346,58.929935455322266,2,18.0,6.665265936911951,9.929882115090438,0.7156440435601583,0.12291747042827597,0.9406051427572263,3.2206069998816402,0.8274459838867188,-3.470742099975383,8.296866916562899e-06,blockshuf_neg_2x,S2,aded1ad92b,42,renders/S2_watercolor_blockshuf_neg_2x_seed42_00001_.png,stage9_images.csv
S2_watercolor_blockshuf_neg_2x_seed777_00001_.png,1024,1280,4.393799781799316,2.785358428955078,0.6339293020344315,0.07966842651367187,45.92040457343887,2274,3.1175248622894287,4.082418441772461,0.41140000000000004,0.9559875455149908,14.161971195469732,61.977317810058594,4,18.0,6.487974915654743,11.659100159554974,0.7238209217478866,0.14690110383917243,0.9322376392848355,3.1942841008492624,0.8230735778808593,-3.394025230373916,9.72898943511532e-06,blockshuf_neg_2x,S2,aded1ad92b,777,renders/S2_watercolor_blockshuf_neg_2x_seed777_00001_.png,stage9_images.csv
S2_watercolor_blockshuf_neg_2x_seed1337_00001_.png,1024,1280,5.599999904632568,2.8374030590057373,0.50667912630829,0.06408538818359374,86.06352459016394,976,3.184314250946045,4.089121341705322,0.40645,0.9612862895305122,14.371563901854486,65.86760711669922,4,18.0,6.709733320176126,9.5644976303773,0.7314044874977614,0.1384812188722405,0.9441365669817952,3.2172750741581644,0.8383316040039062,-3.5434592595390395,6.778543756649327e-06,blockshuf_neg_2x,S2,aded1ad92b,1337,renders/S2_watercolor_blockshuf_neg_2x_seed1337_00001_.png,stage9_images.csv
S2_watercolor_blockshuf_neg_2x_seed9999_00001_.png,1024,1280,4.393799781799316,2.762737512588501,0.6287809298987049,0.07241134643554688,69.27810218978102,1370,3.2522101402282715,4.058567047119141,0.4284,0.9474073669493959,13.829043485196513,60.91013717651367,4,18.0,6.238723660864248,8.520003743217938,0.7239757716318523,0.13265422462793547,0.9496380270357672,3.2172108798189645,0.8352005004882812,-3.5755137556594643,5.620094139690851e-06,blockshuf_neg_2x,S2,aded1ad92b,9999,renders/S2_watercolor_blockshuf_neg_2x_seed9999_00001_.png,stage9_images.csv
S2_watercolor_blockshuf_neg_2x_seed4242145_00001_.png,1024,1280,4.393799781799316,2.715494155883789,0.6180286519045163,0.0884735107421875,86.54029850746268,1340,3.2274909019470215,4.044429302215576,0.37415,0.9603314275820838,14.333566376609706,57.77025604248047,5,18.0,6.265459419857672,8.51524358566684,0.7147208752871237,0.1266952107306467,0.935090028876256,3.2119212376965818,0.824603271484375,-3.434773299510146,8.048636384194836e-06,blockshuf_neg_2x,S2,aded1ad92b,4242145,renders/S2_watercolor_blockshuf_neg_2x_seed4242145_00001_.png,stage9_images.csv
S2_watercolor_rand_pos_1x_seed42_00001_.png,1024,1280,4.0,1.9788529872894287,0.4947132468223572,0.10159835815429688,58.17693315858453,2289,3.683995008468628,4.100494861602783,0.3387,0.9749209529011504,14.925256410871638,41.34101104736328,3,22.0,4.994688760069938,6.656931763407446,0.6595584277758637,0.10778561548358942,0.9337608829148512,3.2347620711883325,0.8360733032226562,-3.4720871191567397,5.376967134194043e-06,rand_pos_1x,S2,aded1ad92b,42,renders/S2_watercolor_rand_pos_1x_seed42_00001_.png,stage9_images.csv
S2_watercolor_rand_pos_1x_seed777_00001_.png,1024,1280,4.0,1.9597126245498657,0.48992815613746643,0.0985443115234375,58.23444544634806,2218,3.707106828689575,4.110849380493164,0.33525000000000005,0.9740157484948633,14.887844573379288,43.8121223449707,3,23.0,4.852975021375391,6.628152888042622,0.6559705278635779,0.10636063317622499,0.9349068268577576,3.2451659031328703,0.8297355651855468,-3.4771440917953504,5.782560312320943e-06,rand_pos_1x,S2,aded1ad92b,777,renders/S2_watercolor_rand_pos_1x_seed777_00001_.png,stage9_images.csv
S2_watercolor_rand_pos_1x_seed1337_00001_.png,1024,1280,4.393799781799316,2.188403844833374,0.4980663556629326,0.08594512939453125,88.56132075471699,1272,3.4958384037017822,4.0850982666015625,0.3644,0.9690154112215523,14.682865487430425,45.79158020019531,4,19.0,5.579620609535767,6.1613412687425715,0.6913974115604992,0.11543084973747664,0.9425893156778048,3.184591329462539,0.8607978820800781,-3.7891193563804495,2.970005347944721e-06,rand_pos_1x,S2,aded1ad92b,1337,renders/S2_watercolor_rand_pos_1x_seed1337_00001_.png,stage9_images.csv
S2_watercolor_rand_pos_1x_seed9999_00001_.png,1024,1280,4.0,2.110980987548828,0.527745246887207,0.09377059936523438,63.19125964010283,1945,3.6485090255737305,4.102789878845215,0.3418,0.9819352858815598,15.218361612132265,41.645606994628906,4,22.0,5.205450584431778,6.969038933675336,0.6665543154013894,0.10907071127504275,0.9352963350355012,3.2362496678331363,0.8361610412597655,-3.540707274694704,5.025295039622782e-06,rand_pos_1x,S2,aded1ad92b,9999,renders/S2_watercolor_rand_pos_1x_seed9999_00001_.png,stage9_images.csv
S2_watercolor_rand_pos_1x_seed4242145_00001_.png,1024,1280,2.799999952316284,1.91758131980896,0.6848504830232771,0.09771041870117188,60.127230046948355,2130,3.727214813232422,4.110530376434326,0.36644999999999994,0.9639031308897109,14.47621488818741,41.37635803222656,3,22.0,4.913134803759671,5.7701803791721336,0.6566307879577792,0.10902372143376146,0.939036064664375,3.244485246699264,0.8329498291015623,-3.5535280965483813,4.341511694608439e-06,rand_pos_1x,S2,aded1ad92b,4242145,renders/S2_watercolor_rand_pos_1x_seed4242145_00001_.png,stage9_images.csv
S2_watercolor_rand_pos_2x_seed42_00001_.png,1024,1280,4.0,2.052014112472534,0.5130035281181335,0.09577407836914062,49.834458118300915,2519,3.6238772869110107,4.0934953689575195,0.40470000000000006,0.9498306896464547,13.922271974558274,45.59071731567383,3,22.0,5.384063875509298,7.178126018658864,0.6622733393017315,0.11324927518881447,0.9301961009398673,3.2418198885218787,0.8286399841308593,-3.3715006516336135,6.390154590998582e-06,rand_pos_2x,S2,aded1ad92b,42,renders/S2_watercolor_rand_pos_2x_seed42_00001_.png,stage9_images.csv
S2_watercolor_rand_pos_2x_seed777_00001_.png,1024,1280,4.0,2.110274076461792,0.527568519115448,0.0992401123046875,48.301522465651686,2693,3.646639823913574,4.104020118713379,0.37379999999999997,0.9690684382206064,14.685024351250918,45.73534393310547,3,22.0,4.944687719014258,7.139735311116486,0.6600413947755402,0.1084023245664539,0.9399322448794035,3.2439291889624364,0.8305648803710938,-3.4073301008597925,6.198991741691613e-06,rand_pos_2x,S2,aded1ad92b,777,renders/S2_watercolor_rand_pos_2x_seed777_00001_.png,stage9_images.csv
S2_watercolor_rand_pos_2x_seed1337_00001_.png,1024,1280,4.0,2.1377854347229004,0.5344463586807251,0.09454803466796875,54.56891237340378,2271,3.520803689956665,4.091654300689697,0.375,0.9732718847090535,14.8571711025493,51.3492431640625,3,22.0,5.388774376835874,7.506055455226275,0.6701647776482793,0.11264787982106296,0.9286410678853056,3.2339530780123917,0.8349952697753906,-3.4363980567771337,6.307062710306882e-06,rand_pos_2x,S2,aded1ad92b,1337,renders/S2_watercolor_rand_pos_2x_seed1337_00001_.png,stage9_images.csv
S2_watercolor_rand_pos_2x_seed9999_00001_.png,1024,1280,4.0,2.063572883605957,0.5158932209014893,0.09528656005859375,44.99063400576369,2776,3.5911865234375,4.090533256530762,0.37329999999999997,0.9587043269263104,14.269049268800712,44.94178771972656,4,22.0,5.390333798260363,7.664900428918485,0.6564698199475782,0.10766007286438267,0.9284360716935754,3.2418096658515485,0.8327087402343749,-3.3817363935513662,6.680565879257505e-06,rand_pos_2x,S2,aded1ad92b,9999,renders/S2_watercolor_rand_pos_2x_seed9999_00001_.png,stage9_images.csv
S2_watercolor_rand_pos_2x_seed4242145_00001_.png,1024,1280,4.0,2.082731246948242,0.5206828117370605,0.088275146484375,48.39146800501882,2391,3.6615490913391113,4.098141670227051,0.33375,0.974550595713663,14.909938304800773,46.26317596435547,5,22.0,4.8265244416561695,6.366771931393484,0.6701021019872674,0.11066767517074878,0.9385780416432891,3.2422520731997992,0.8316398620605467,-3.425723984676108,5.408027244496163e-06,rand_pos_2x,S2,aded1ad92b,4242145,renders/S2_watercolor_rand_pos_2x_seed4242145_00001_.png,stage9_images.csv
S3_lowpoly_baseline_seed42_00001_.png,1024,1280,5.599999904632568,2.5663037300109863,0.4582685310205141,0.061032867431640624,142.34341637010675,562,2.7164855003356934,3.5647363662719727,0.5568500000000001,0.8980893055863783,12.061665467531624,56.08397674560547,6,12.0,6.699868968577885,4.542681082129566,0.8218790501666418,0.18650789546293248,0.95134776112679,2.8938210443848535,0.869196319580078,-3.8746083604397183,5.386181153481936e-06,baseline,S3,eb2c25425b,42,renders/S3_lowpoly_baseline_seed42_00001_.png,stage9_images.csv
S3_lowpoly_baseline_seed777_00001_.png,1024,1280,4.393799781799316,2.5965685844421387,0.5909619721859085,0.06311492919921875,163.16765285996055,507,2.70664381980896,3.594111204147339,0.5654,0.8869569430737523,11.69506335716066,52.050418853759766,5,13.5,7.389070017008462,4.822161567862528,0.8116218977577274,0.17465309460669748,0.9493597682130043,2.9471605975345265,0.8597778320312501,-3.794218834342312,6.079642061896295e-06,baseline,S3,eb2c25425b,777,renders/S3_lowpoly_baseline_seed777_00001_.png,stage9_images.csv
S3_lowpoly_baseline_seed1337_00001_.png,1024,1280,4.393799781799316,2.4537644386291504,0.5584606856219341,0.06841201782226562,126.2943661971831,710,2.6688363552093506,3.5963988304138184,0.54925,0.9012395117845974,12.167476196565252,61.42723083496094,7,13.0,6.9846420382953145,5.183776467135506,0.8126815610297755,0.1770913031112155,0.9532399785845821,2.8483055364469427,0.8868011474609374,-3.8742060532604228,5.398398992372856e-06,baseline,S3,eb2c25425b,1337,renders/S3_lowpoly_baseline_seed1337_00001_.png,stage9_images.csv
S3_lowpoly_baseline_seed9999_00001_.png,1024,1280,4.393799781799316,2.463130474090576,0.5605923338368171,0.07075653076171876,128.62968099861303,721,2.7687087059020996,3.610241174697876,0.5567500000000001,0.8974171543186076,12.039208291615601,54.645904541015625,4,14.0,6.649311649580511,4.810696122593782,0.800994534106078,0.173290788213122,0.9485672657936519,2.9163819946014655,0.8793464660644532,-3.8842838511536484,5.602343053075626e-06,baseline,S3,eb2c25425b,9999,renders/S3_lowpoly_baseline_seed9999_00001_.png,stage9_images.csv
S3_lowpoly_baseline_seed4242145_00001_.png,1024,1280,4.393799781799316,2.5235214233398438,0.5743369176249605,0.06978836059570312,152.70951585976627,599,2.7195141315460205,3.5576140880584717,0.6067,0.8767883729984158,11.369945958563111,52.60905456542969,5,13.0,7.137850520054245,4.99593469039753,0.8168953879438169,0.18223620946610536,0.9473996848959598,2.9482265966895906,0.8514335632324219,-3.7931184892951197,6.1681040481097625e-06,baseline,S3,eb2c25425b,4242145,renders/S3_lowpoly_baseline_seed4242145_00001_.png,stage9_images.csv
S3_lowpoly_preset_pos_1x_seed42_00001_.png,1024,1280,4.393799781799316,2.661313533782959,0.6056974978257015,0.06317901611328125,124.15292353823088,667,2.8262720108032227,3.7202227115631104,0.60655,0.8672349914495443,11.072736954140629,53.80830764770508,4,14.0,6.402279502119968,4.281208954714742,0.8077885001268603,0.19088056649175403,0.9576162184439263,2.9629537071771246,0.8639945983886719,-3.950620102144853,4.644358684434745e-06,preset_pos_1x,S3,eb2c25425b,42,renders/S3_lowpoly_preset_pos_1x_seed42_00001_.png,stage9_images.csv
S3_lowpoly_preset_pos_1x_seed777_00001_.png,1024,1280,4.393799781799316,2.5042455196380615,0.5699498484231208,0.06490859985351563,136.1232,625,2.717756509780884,3.6167855262756348,0.5908,0.8673109687495718,11.07506971400777,50.55154800415039,6,12.0,6.688193846722653,4.83128221985604,0.8115416724019611,0.19466698879020958,0.9550105404088286,2.9361421006325403,0.8570587158203125,-3.8787628091389563,5.703077318259838e-06,preset_pos_1x,S3,eb2c25425b,777,renders/S3_lowpoly_preset_pos_1x_seed777_00001_.png,stage9_images.csv
S3_lowpoly_preset_pos_1x_seed1337_00001_.png,1024,1280,4.393799781799316,2.545597553253174,0.5793612999385965,0.06115570068359375,120.53834586466165,665,2.772216558456421,3.6920669078826904,0.5972,0.8795771602093696,11.458200960757566,58.34347915649414,6,13.0,6.8211047229340025,4.61579717119067,0.8008337144245117,0.19256828034657647,0.9596888490246336,2.891571028856159,0.8848678588867187,-3.994414369979222,4.171353890613208e-06,preset_pos_1x,S3,eb2c25425b,1337,renders/S3_lowpoly_preset_pos_1x_seed1337_00001_.png,stage9_images.csv
S3_lowpoly_preset_pos_1x_seed9999_00001_.png,1024,1280,4.393799781799316,2.532289743423462,0.5763325297418211,0.066021728515625,136.27716535433072,635,2.7335147857666016,3.607633590698242,0.5889,0.8880210628594565,11.729619031389122,54.5264892578125,4,13.0,6.712853676954375,4.577957127602272,0.8051634272304683,0.18653637589871636,0.9570969980818002,2.9698429413870726,0.8568336486816406,-3.975189370684863,4.405915179507034e-06,preset_pos_1x,S3,eb2c25425b,9999,renders/S3_lowpoly_preset_pos_1x_seed9999_00001_.png,stage9_images.csv
S3_lowpoly_preset_pos_1x_seed4242145_00001_.png,1024,1280,5.599999904632568,2.6148300170898438,0.466933939575024,0.067779541015625,140.79239302694137,631,2.719910144805908,3.6226019859313965,0.5969000000000001,0.8739126617561939,11.279651951244748,51.729854583740234,5,14.0,6.574526267563155,4.854670702014985,0.8062398289443186,0.18901515597581,0.952243010102533,2.9519778358405633,0.8559837341308593,-3.9266978304922002,5.067776360346617e-06,preset_pos_1x,S3,eb2c25425b,4242145,renders/S3_lowpoly_preset_pos_1x_seed4242145_00001_.png,stage9_images.csv
S3_lowpoly_preset_pos_2x_seed42_00001_.png,1024,1280,4.393799781799316,2.597877264022827,0.591259819071447,0.062799072265625,99.1710843373494,830,3.1360323429107666,3.944653034210205,0.6305999999999999,0.8515528938834672,10.601610780226652,50.70359802246094,4,16.0,6.698487000024271,3.373264034942763,0.7971813412298591,0.20755194154949888,0.966020333473679,3.0631610730685086,0.8491378784179688,-3.8558883636479413,5.224939659322559e-06,preset_pos_2x,S3,eb2c25425b,42,renders/S3_lowpoly_preset_pos_2x_seed42_00001_.png,stage9_images.csv
S3_lowpoly_preset_pos_2x_seed777_00001_.png,1024,1280,4.393799781799316,2.591393232345581,0.5897840960072999,0.0654693603515625,113.5079365079365,756,3.0037944316864014,3.8595266342163086,0.6144,0.8687521384184219,11.119411685032542,52.04121780395508,5,15.0,6.978862056601585,3.7235790653409824,0.7974686207555246,0.19148281114930887,0.9661653589799883,3.047638719340831,0.8508522033691406,-3.879698803362087,4.803901905325693e-06,preset_pos_2x,S3,eb2c25425b,777,renders/S3_lowpoly_preset_pos_2x_seed777_00001_.png,stage9_images.csv
S3_lowpoly_preset_pos_2x_seed1337_00001_.png,1024,1280,4.393799781799316,2.557133913040161,0.5819868997291867,0.06798477172851562,97.49343544857769,914,3.0774483680725098,3.9205517768859863,0.6211500000000001,0.8576771609239698,10.783163943827045,52.46642303466797,4,16.0,6.3727469384166815,3.6337668640560934,0.7909938643924327,0.20278424424178293,0.9681022103979517,3.041806392211081,0.8579948425292968,-3.875801091271972,5.257338652089946e-06,preset_pos_2x,S3,eb2c25425b,1337,renders/S3_lowpoly_preset_pos_2x_seed1337_00001_.png,stage9_images.csv
S3_lowpoly_preset_pos_2x_seed9999_00001_.png,1024,1280,4.393799781799316,2.7399344444274902,0.6235911012097717,0.06868515014648438,101.04040404040404,891,3.066432237625122,3.8649890422821045,0.5574,0.9000689152254957,12.128049660535796,52.71931838989258,5,16.0,6.317490667503508,3.6495266063200575,0.7870532837797268,0.19044454203259992,0.9666370199673453,3.060898764106222,0.8550003051757812,-3.929230015443728,4.595589839845672e-06,preset_pos_2x,S3,eb2c25425b,9999,renders/S3_lowpoly_preset_pos_2x_seed9999_00001_.png,stage9_images.csv
S3_lowpoly_preset_pos_2x_seed4242145_00001_.png,1024,1280,4.393799781799316,2.535245180130005,0.5770051677438497,0.06381454467773437,118.9800853485064,703,3.02830171585083,3.867515802383423,0.5800000000000001,0.8865429514549668,11.681647131443894,51.50672912597656,4,15.0,6.826656598171533,3.376676401279643,0.7996910212798398,0.19556554160965414,0.9694516873341812,3.047955358188824,0.8529495239257813,-3.9182861346655127,3.7959845089957824e-06,preset_pos_2x,S3,eb2c25425b,4242145,renders/S3_lowpoly_preset_pos_2x_seed4242145_00001_.png,stage9_images.csv
S3_lowpoly_blockshuf_neg_1x_seed42_00001_.png,1024,1280,5.599999904632568,2.382258892059326,0.42540338082659895,0.052301788330078126,199.86297376093293,343,2.4363412857055664,3.422321319580078,0.6054499999999999,0.8796952626700794,11.461953557872812,71.88091278076172,5,10.0,7.394960526897283,3.8957155299399657,0.8601454522632063,0.19013252002265257,0.9602743098239724,2.8021641152698753,0.8466484069824218,-3.7215885033606932,5.241564270294941e-06,blockshuf_neg_1x,S3,eb2c25425b,42,renders/S3_lowpoly_blockshuf_neg_1x_seed42_00001_.png,stage9_images.csv
S3_lowpoly_blockshuf_neg_1x_seed777_00001_.png,1024,1280,4.393799781799316,2.4600977897644043,0.5599021147834286,0.057253265380859376,198.52645502645504,378,2.4574122428894043,3.4054596424102783,0.48245,0.9294006571893143,13.155577070848162,64.0515365600586,6,11.0,7.521437771050881,4.669978638418016,0.8559960366435237,0.17710664342975568,0.9549536323127987,2.8447459114522102,0.8400375366210937,-3.6505718023998113,6.6514316602483116e-06,blockshuf_neg_1x,S3,eb2c25425b,777,renders/S3_lowpoly_blockshuf_neg_1x_seed777_00001_.png,stage9_images.csv
S3_lowpoly_blockshuf_neg_1x_seed1337_00001_.png,1024,1280,5.599999904632568,2.5153355598449707,0.44916707190730015,0.0563690185546875,204.66481994459835,361,2.477576732635498,3.41916823387146,0.48805,0.9260702211182138,13.034658535558624,70.23802947998047,5,12.0,7.50562892072061,4.552313360961292,0.8536245195924503,0.17681079140153813,0.9587834154766528,2.8197718840969097,0.8502792358398438,-3.8011646756359703,4.530974901655954e-06,blockshuf_neg_1x,S3,eb2c25425b,1337,renders/S3_lowpoly_blockshuf_neg_1x_seed1337_00001_.png,stage9_images.csv
S3_lowpoly_blockshuf_neg_1x_seed9999_00001_.png,1024,1280,5.599999904632568,2.5189101696014404,0.4498053950889689,0.05937347412109375,220.45892351274787,353,2.4607505798339844,3.4975006580352783,0.5438500000000001,0.9020945645721946,12.196355969854926,63.51217269897461,7,11.0,7.423939946365375,5.09442061995748,0.8535422126722896,0.182610843085786,0.9597767809605415,2.8625060325351974,0.8343238830566406,-3.627497415677551,6.608966542166606e-06,blockshuf_neg_1x,S3,eb2c25425b,9999,renders/S3_lowpoly_blockshuf_neg_1x_seed9999_00001_.png,stage9_images.csv
S3_lowpoly_blockshuf_neg_1x_seed4242145_00001_.png,1024,1280,5.599999904632568,2.5303497314453125,0.45184817402444866,0.05837936401367187,197.7235142118863,387,2.532933235168457,3.475682258605957,0.46690000000000004,0.9461186638435792,13.77971987870462,62.706233978271484,6,12.0,7.91984906400971,4.57975588989177,0.850537397673517,0.18685717894709872,0.9547442257396678,2.8664545115184117,0.8343673706054687,-3.652637093826123,6.821557541340095e-06,blockshuf_neg_1x,S3,eb2c25425b,4242145,renders/S3_lowpoly_blockshuf_neg_1x_seed4242145_00001_.png,stage9_images.csv
S3_lowpoly_blockshuf_neg_2x_seed42_00001_.png,1024,1280,6.0,2.4145798683166504,0.4024299780527751,0.04008331298828125,214.4408163265306,245,2.361072063446045,3.3942487239837646,0.4859,0.9245433689276485,12.979595116429746,100.75357055664062,4,13.0,7.27942651870884,5.473656306874601,0.8938011045532828,0.22592170474662854,0.9512531342502136,2.200777310423216,0.9340934753417969,-3.2757882435327734,1.5013376049627113e-05,blockshuf_neg_2x,S3,eb2c25425b,42,renders/S3_lowpoly_blockshuf_neg_2x_seed42_00001_.png,stage9_images.csv
S3_lowpoly_blockshuf_neg_2x_seed777_00001_.png,1024,1280,6.393799781799316,2.315460681915283,0.3621415685405895,0.032061004638671876,411.9901960784314,102,2.2770276069641113,3.4040181636810303,0.4729,0.9271826896424172,13.074924934123896,100.6777572631836,8,11.0,7.340084058510324,5.045734158062237,0.9089091418772155,0.2072248730290594,0.9635461437093487,2.0814087911548507,0.9435867309570313,-3.3539632018019154,1.1296240023788891e-05,blockshuf_neg_2x,S3,eb2c25425b,777,renders/S3_lowpoly_blockshuf_neg_2x_seed777_00001_.png,stage9_images.csv
S3_lowpoly_blockshuf_neg_2x_seed1337_00001_.png,1024,1280,6.393799781799316,2.7093393802642822,0.42374479538391663,0.043523406982421874,285.235,200,2.2621254920959473,3.390455961227417,0.4827,0.9384502306022402,13.489836172113776,95.6191635131836,7,9.0,7.423063634804231,6.049178434175215,0.8925775373620843,0.18903887904070898,0.9582686491340624,2.216178360479282,0.938036346435547,-3.4117773071356194,9.162097210340536e-06,blockshuf_neg_2x,S3,eb2c25425b,1337,renders/S3_lowpoly_blockshuf_neg_2x_seed1337_00001_.png,stage9_images.csv
S3_lowpoly_blockshuf_neg_2x_seed9999_00001_.png,1024,1280,6.0,2.5090785026550293,0.4181797504425049,0.03737945556640625,293.377245508982,167,2.3180527687072754,3.4319698810577393,0.44899999999999995,0.9491984140282894,13.897887051560092,95.05162048339844,6,11.0,7.300383498887581,5.368949052265762,0.8967154479553578,0.21935351028196642,0.9663969273301912,2.15493291905976,0.941411590576172,-3.38986732499188,1.0412323992229692e-05,blockshuf_neg_2x,S3,eb2c25425b,9999,renders/S3_lowpoly_blockshuf_neg_2x_seed9999_00001_.png,stage9_images.csv
S3_lowpoly_blockshuf_neg_2x_seed4242145_00001_.png,1024,1280,6.393799781799316,2.617967367172241,0.4094540737144421,0.03777236938476562,281.3011363636364,176,2.2429516315460205,3.4130306243896484,0.46315,0.9450298882633583,13.738185389884583,108.28067779541016,6,5.0,7.629527928330925,5.387280955731217,0.8988508646500444,0.21399162851638753,0.9603974231937532,2.184352206619158,0.9428688049316407,-3.5109418185021197,7.979889540947144e-06,blockshuf_neg_2x,S3,eb2c25425b,4242145,renders/S3_lowpoly_blockshuf_neg_2x_seed4242145_00001_.png,stage9_images.csv
S3_lowpoly_rand_pos_1x_seed42_00001_.png,1024,1280,4.393799781799316,2.5418896675109863,0.5785174094733216,0.06462554931640625,149.39329805996474,567,2.9173359870910645,3.7289652824401855,0.53505,0.9148515644532723,12.635459786999345,49.97966766357422,5,13.0,7.045295345730535,4.09663864398351,0.8200361827640578,0.17158639548174404,0.9490666388923774,3.050617356795759,0.8407447814941407,-3.604083110500162,7.750685716207901e-06,rand_pos_1x,S3,eb2c25425b,42,renders/S3_lowpoly_rand_pos_1x_seed42_00001_.png,stage9_images.csv
S3_lowpoly_rand_pos_1x_seed777_00001_.png,1024,1280,4.393799781799316,2.4630844593048096,0.560581861173507,0.06747283935546874,156.5274336283186,565,2.8703792095184326,3.7003133296966553,0.5632499999999999,0.8968832212615698,12.02139891285071,52.503753662109375,6,15.0,7.049044072099157,4.342700619638938,0.8172685474913041,0.17213041336091592,0.9476268397679917,3.030134258357273,0.8491516113281251,-3.6083278778473162,8.17475681017506e-06,rand_pos_1x,S3,eb2c25425b,777,renders/S3_lowpoly_rand_pos_1x_seed777_00001_.png,stage9_images.csv
S3_lowpoly_rand_pos_1x_seed1337_00001_.png,1024,1280,4.393799781799316,2.428877115249634,0.5527964941213088,0.0624908447265625,141.95493934142115,577,2.7565629482269287,3.611875295639038,0.55885,0.8888894079136167,11.757892858295527,54.280208587646484,5,13.0,6.876329870571379,4.3719340338852035,0.8075101455239145,0.16126281543090276,0.9527484706369311,2.948007838026634,0.8812217712402344,-3.8501028302604627,4.573744191530024e-06,rand_pos_1x,S3,eb2c25425b,1337,renders/S3_lowpoly_rand_pos_1x_seed1337_00001_.png,stage9_images.csv
S3_lowpoly_rand_pos_1x_seed9999_00001_.png,1024,1280,4.393799781799316,2.61989164352417,0.5962701473964959,0.06915054321289063,156.27068965517242,580,2.998408079147339,3.7551441192626953,0.49265,0.9353904678876891,13.375879694304452,50.17951965332031,5,15.0,6.7260323446108785,4.297403510387012,0.8103469487111943,0.15836662430634668,0.958498000692537,3.0613814278690716,0.8473022460937499,-3.6177583324405447,6.2552510419248454e-06,rand_pos_1x,S3,eb2c25425b,9999,renders/S3_lowpoly_rand_pos_1x_seed9999_00001_.png,stage9_images.csv
S3_lowpoly_rand_pos_1x_seed4242145_00001_.png,1024,1280,4.393799781799316,2.6604738235473633,0.6055063852859189,0.0697845458984375,161.89026548672567,565,2.9323856830596924,3.7516496181488037,0.5710500000000001,0.885433675634375,11.645774651384489,49.65784454345703,5,14.0,7.044181449532728,4.692435246630999,0.8075059693428677,0.16373248416503805,0.9505043618438604,3.0601593199060515,0.847210693359375,-3.5799282510571104,8.34943155590761e-06,rand_pos_1x,S3,eb2c25425b,4242145,renders/S3_lowpoly_rand_pos_1x_seed4242145_00001_.png,stage9_images.csv
S3_lowpoly_rand_pos_2x_seed42_00001_.png,1024,1280,5.599999904632568,2.5618739128112793,0.45747749222138084,0.053821563720703125,164.0581395348837,430,2.621739387512207,3.4845798015594482,0.6093000000000001,0.8635877153568785,10.961329295634018,64.52296447753906,5,17.0,7.6170316505796425,5.662753527677252,0.8438355372983891,0.19917311010587885,0.9415168148092016,2.6698236538684488,0.9199226379394532,-3.0170265466798147,3.8373571895756826e-05,rand_pos_2x,S3,eb2c25425b,42,renders/S3_lowpoly_rand_pos_2x_seed42_00001_.png,stage9_images.csv
S3_lowpoly_rand_pos_2x_seed777_00001_.png,1024,1280,4.393799781799316,2.4264168739318848,0.5522365593404979,0.05753173828125,148.7337278106509,507,2.6446568965911865,3.4894957542419434,0.5629,0.8966791174147655,12.014597975498424,68.59770202636719,5,18.0,7.199941245125336,4.874283599422795,0.8351958673965609,0.18643907355967262,0.9484300283701352,2.724970520208217,0.9104446411132812,-2.9323428317659985,3.754646081494743e-05,rand_pos_2x,S3,eb2c25425b,777,renders/S3_lowpoly_rand_pos_2x_seed777_00001_.png,stage9_images.csv
S3_lowpoly_rand_pos_2x_seed1337_00001_.png,1024,1280,5.599999904632568,2.454241991043091,0.4382575058640328,0.058782196044921874,192.6175,400,2.5564661026000977,3.489812135696411,0.5233000000000001,0.9053440083633972,12.306733939633808,68.4017105102539,5,13.0,7.0923264833947925,4.226923470922045,0.8447089163266851,0.18251238966067113,0.9544277033829806,2.676200624557529,0.9438003540039063,-3.6381674238839654,6.915766262668747e-06,rand_pos_2x,S3,eb2c25425b,1337,renders/S3_lowpoly_rand_pos_2x_seed1337_00001_.png,stage9_images.csv
S3_lowpoly_rand_pos_2x_seed9999_00001_.png,1024,1280,5.599999904632568,2.4572949409484863,0.4388026754992804,0.05349044799804688,232.15562913907286,302,2.552408456802368,3.487274169921875,0.5087,0.9180357214444895,12.74750400199003,66.90945434570312,6,12.0,6.840300609145897,3.807141846856194,0.8575330562150267,0.17680344981121127,0.9663269134796458,2.58007851655251,0.9513793945312501,-3.6454695716129315,5.601112234282881e-06,rand_pos_2x,S3,eb2c25425b,9999,renders/S3_lowpoly_rand_pos_2x_seed9999_00001_.png,stage9_images.csv
S3_lowpoly_rand_pos_2x_seed4242145_00001_.png,1024,1280,5.599999904632568,2.475050210952759,0.4419732594826095,0.06383132934570312,182.67467248908298,458,2.6210498809814453,3.5116970539093018,0.53535,0.9026531960444643,12.215260997479215,59.969932556152344,7,14.0,7.1105983971179745,4.499294829971348,0.8359145550164598,0.16602200022440064,0.9553126934229041,2.703581078257058,0.9440567016601563,-3.586836226749895,6.63079774793667e-06,rand_pos_2x,S3,eb2c25425b,4242145,renders/S3_lowpoly_rand_pos_2x_seed4242145_00001_.png,stage9_images.csv
S4_claymation_baseline_seed42_00001_.png,1024,1280,4.0,2.4179465770721436,0.6044866442680359,0.07621688842773437,68.94340924775707,1449,3.463611602783203,4.0098724365234375,0.47,0.9284103731558676,13.119505998088984,47.470428466796875,2,21.0,5.277430340515546,3.456567194475909,0.713944572464033,0.1438712860777818,0.9577724462332524,2.9458317101297204,0.9137832641601562,-3.862772721721741,4.243858046960999e-06,baseline,S4,47e50abd86,42,renders/S4_claymation_baseline_seed42_00001_.png,stage9_images.csv
S4_claymation_baseline_seed777_00001_.png,1024,1280,4.393799781799316,2.384432077407837,0.5426810951388827,0.0791748046875,80.19783616692426,1294,3.4179906845092773,3.995346784591675,0.5079,0.9114274578660825,12.51607090349776,45.7396125793457,2,20.0,5.513873269989074,3.632338966288681,0.7135819511363614,0.14274243151813,0.9565607469635621,2.979177189288166,0.9069900512695314,-3.8513080038607406,4.471509261258923e-06,baseline,S4,47e50abd86,777,renders/S4_claymation_baseline_seed777_00001_.png,stage9_images.csv
S4_claymation_baseline_seed1337_00001_.png,1024,1280,4.393799781799316,2.3454174995422363,0.5338016332145563,0.073089599609375,73.40996168582376,1305,3.3975331783294678,4.003082752227783,0.4893,0.9255755600453066,13.01679386283296,47.792171478271484,3,20.5,5.162465344920003,3.1613484803299357,0.7175592700744348,0.13739724326722622,0.9628133626718849,2.954249649910741,0.9078948974609375,-3.8343432788949876,3.955265599938065e-06,baseline,S4,47e50abd86,1337,renders/S4_claymation_baseline_seed1337_00001_.png,stage9_images.csv
S4_claymation_baseline_seed9999_00001_.png,1024,1280,4.0,2.395017385482788,0.598754346370697,0.08387222290039062,71.24627349319508,1543,3.461031913757324,3.998948812484741,0.51435,0.9114348409007574,12.516327111576803,48.353721618652344,4,22.0,5.364480949556128,3.529933638150893,0.7104405488265828,0.13196925688027428,0.9618116005387997,3.0250689355890823,0.8985641479492187,-3.7874639471970966,4.2371724006518966e-06,baseline,S4,47e50abd86,9999,renders/S4_claymation_baseline_seed9999_00001_.png,stage9_images.csv
S4_claymation_baseline_seed4242145_00001_.png,1024,1280,4.393799781799316,2.418710470199585,0.5504826324173316,0.07216033935546876,70.4259121370067,1343,3.4178290367126465,4.00093412399292,0.475,0.935169212574806,13.367676777400343,44.53365707397461,3,21.0,5.342250063988451,3.441562212079744,0.726609557606109,0.14395914374918922,0.9592727915707955,3.0006687852216487,0.9011642456054687,-3.828384052027992,4.6728502086457275e-06,baseline,S4,47e50abd86,4242145,renders/S4_claymation_baseline_seed4242145_00001_.png,stage9_images.csv
S4_claymation_preset_pos_1x_seed42_00001_.png,1024,1280,4.393799781799316,2.5297839641571045,0.5757622308227086,0.06522445678710938,65.71176018447348,1301,3.4257588386535645,4.009767532348633,0.5621999999999999,0.8807976362588309,11.497039792279093,46.16455841064453,2,20.0,5.399340157275617,2.862684838292922,0.7426286299970486,0.16750207896194585,0.9668481551228529,3.0153679064597085,0.9071693420410156,-3.866766769625687,4.6951077403276305e-06,preset_pos_1x,S4,47e50abd86,42,renders/S4_claymation_preset_pos_1x_seed42_00001_.png,stage9_images.csv
S4_claymation_preset_pos_1x_seed777_00001_.png,1024,1280,4.393799781799316,2.5621421337127686,0.5831267378923531,0.06367263793945313,72.57130434782609,1150,3.392601728439331,3.9727814197540283,0.5543,0.8912324226243801,11.83452330641465,43.89329528808594,2,19.0,5.393486760844796,2.9208626849672834,0.743247321641463,0.17176533064196758,0.9671937210294272,2.982696255020278,0.911547088623047,-3.934842386291928,4.245657698155723e-06,preset_pos_1x,S4,47e50abd86,777,renders/S4_claymation_preset_pos_1x_seed777_00001_.png,stage9_images.csv
S4_claymation_preset_pos_1x_seed1337_00001_.png,1024,1280,4.393799781799316,2.58960223197937,0.5893764760757704,0.05636138916015625,70.9644572526417,1041,3.3540618419647217,3.9896469116210938,0.5762999999999999,0.8845084748593743,11.615939179226611,51.133487701416016,3,19.0,6.105083765430248,2.5706408966589764,0.7616378068161691,0.17385353262559336,0.9713053623816138,2.9683191238794273,0.9162361145019531,-3.9256726735523717,3.776986174032573e-06,preset_pos_1x,S4,47e50abd86,1337,renders/S4_claymation_preset_pos_1x_seed1337_00001_.png,stage9_images.csv
S4_claymation_preset_pos_1x_seed9999_00001_.png,1024,1280,4.0,2.4244701862335205,0.6061175465583801,0.0731781005859375,69.6557734204793,1377,3.438764810562134,4.0015764236450195,0.5259,0.9066653954619945,12.35190435908844,42.49091339111328,3,20.0,5.398179748380504,3.0995107935617288,0.7283366989518285,0.15109790934650594,0.9670149675676412,3.0856632435480384,0.8874366760253907,-3.782196890857821,4.8744661491813485e-06,preset_pos_1x,S4,47e50abd86,9999,renders/S4_claymation_preset_pos_1x_seed9999_00001_.png,stage9_images.csv
S4_claymation_preset_pos_1x_seed4242145_00001_.png,1024,1280,4.393799781799316,2.4299261569976807,0.5530352491397765,0.06593551635742187,67.51796875,1280,3.4431231021881104,3.9983417987823486,0.5539499999999999,0.8938485609554894,11.920676811284032,39.25041198730469,3,19.0,5.799495632988291,2.9197009200950927,0.7412439178292681,0.1624639540493107,0.9655574364137107,3.038366165532475,0.8975135803222656,-3.806024109423319,5.342510196373257e-06,preset_pos_1x,S4,47e50abd86,4242145,renders/S4_claymation_preset_pos_1x_seed4242145_00001_.png,stage9_images.csv
S4_claymation_preset_pos_2x_seed42_00001_.png,1024,1280,4.0,2.397806406021118,0.5994516015052795,0.05040817260742188,72.84564498346197,907,3.4689929485321045,4.02822208404541,0.59265,0.8637543074907613,10.966393409598753,46.52507019042969,2,21.0,5.1060099498095255,1.6105564590239974,0.782691296791515,0.19963919113977674,0.9805160200933057,3.0492644901836923,0.9022453308105468,-3.7807062664685454,4.170603058610373e-06,preset_pos_2x,S4,47e50abd86,42,renders/S4_claymation_preset_pos_2x_seed42_00001_.png,stage9_images.csv
S4_claymation_preset_pos_2x_seed777_00001_.png,1024,1280,4.393799781799316,2.504960536956787,0.5701125816732082,0.047412872314453125,62.45728643216081,995,3.4214937686920166,3.9932820796966553,0.57635,0.8868435447791394,11.691386927309168,41.6074333190918,2,20.0,5.791818679804399,1.9199041708738953,0.7858550817774774,0.20904151831352452,0.9767577371434089,3.0182917364117077,0.9056922912597656,-3.798574631304139,5.330659355876537e-06,preset_pos_2x,S4,47e50abd86,777,renders/S4_claymation_preset_pos_2x_seed777_00001_.png,stage9_images.csv
S4_claymation_preset_pos_2x_seed1337_00001_.png,1024,1280,4.393799781799316,2.5669336318969727,0.5842172514392044,0.0479949951171875,61.13508260447036,1029,3.415881633758545,4.024288177490234,0.6005999999999999,0.8657828969555224,11.028247061346693,48.35063171386719,1,20.0,5.775990398545555,1.9549960826231774,0.7820002285967516,0.20266857425165224,0.9778472553883724,3.0161577442884884,0.9081939697265625,-3.8310376106168746,4.310075104455698e-06,preset_pos_2x,S4,47e50abd86,1337,renders/S4_claymation_preset_pos_2x_seed1337_00001_.png,stage9_images.csv
S4_claymation_preset_pos_2x_seed9999_00001_.png,1024,1280,4.0,2.5165138244628906,0.6291284561157227,0.05429840087890625,74.67995802728227,953,3.474165201187134,4.039105415344238,0.6031500000000001,0.8646626744510794,10.994047387389505,45.87633514404297,3,20.0,5.666244594736324,2.103788108893549,0.7763204602645786,0.20270419672493142,0.9777868805389764,3.072929993830058,0.8931472778320313,-3.852917600536941,4.175555695250188e-06,preset_pos_2x,S4,47e50abd86,9999,renders/S4_claymation_preset_pos_2x_seed9999_00001_.png,stage9_images.csv
S4_claymation_preset_pos_2x_seed4242145_00001_.png,1024,1280,4.0,2.5252749919891357,0.6313187479972839,0.05675201416015625,59.892109500805155,1242,3.4574341773986816,4.027031898498535,0.657,0.8261526917030436,9.880682969753282,41.46281433105469,2,21.0,5.867920740201553,1.9683691756499855,0.7791227663248184,0.21937272617958375,0.9761460926071561,3.0406838643388516,0.898645782470703,-3.7650035502687857,5.088568092540737e-06,preset_pos_2x,S4,47e50abd86,4242145,renders/S4_claymation_preset_pos_2x_seed4242145_00001_.png,stage9_images.csv
S4_claymation_blockshuf_neg_1x_seed42_00001_.png,1024,1280,4.393799781799316,2.465972900390625,0.561239251411856,0.059407806396484374,73.52880075542966,1059,3.2213234901428223,3.9639177322387695,0.51325,0.9099232413239339,12.463980404989744,58.96585464477539,3,19.0,5.944651294619688,3.428845830716752,0.7455751536018655,0.14650715740529835,0.9666789122129349,2.923544578087962,0.912267303466797,-3.874274364304333,3.61829174434108e-06,blockshuf_neg_1x,S4,47e50abd86,42,renders/S4_claymation_blockshuf_neg_1x_seed42_00001_.png,stage9_images.csv
S4_claymation_blockshuf_neg_1x_seed777_00001_.png,1024,1280,4.393799781799316,2.610447883605957,0.5941208096052446,0.06585235595703125,75.18641114982579,1148,3.181368350982666,3.9529008865356445,0.55125,0.9030807821976794,12.22975102778603,54.943912506103516,4,19.0,6.131932872035999,3.808591792753009,0.7327973272346928,0.14693527190324546,0.9632241081682194,2.923450413260182,0.9115547180175781,-3.9240630489236135,3.6974270445636744e-06,blockshuf_neg_1x,S4,47e50abd86,777,renders/S4_claymation_blockshuf_neg_1x_seed777_00001_.png,stage9_images.csv
S4_claymation_blockshuf_neg_1x_seed1337_00001_.png,1024,1280,4.393799781799316,2.5022902488708496,0.5695048416261995,0.05783767700195312,84.32591768631814,899,3.1721627712249756,3.9103424549102783,0.52755,0.9084072896954948,12.41170286057467,60.65114974975586,4,18.0,6.086051032310928,3.5040410538488365,0.7412910001414392,0.1393201858648195,0.9680980688259597,2.8536089352525646,0.9229011535644531,-3.9584118761520877,2.8457038840338523e-06,blockshuf_neg_1x,S4,47e50abd86,1337,renders/S4_claymation_blockshuf_neg_1x_seed1337_00001_.png,stage9_images.csv
S4_claymation_blockshuf_neg_1x_seed9999_00001_.png,1024,1280,4.393799781799316,2.573948860168457,0.5858138713627029,0.06967544555664062,75.66280033140016,1207,3.2427868843078613,3.9408488273620605,0.4803,0.9228069271049941,12.91725583206511,55.479122161865234,3,20.0,5.596795379364147,3.7750538623313377,0.7266169473619524,0.1325042743684799,0.9629713539186748,2.9841028247147143,0.897852325439453,-3.831271846267318,3.7346098205231642e-06,blockshuf_neg_1x,S4,47e50abd86,9999,renders/S4_claymation_blockshuf_neg_1x_seed9999_00001_.png,stage9_images.csv
S4_claymation_blockshuf_neg_1x_seed4242145_00001_.png,1024,1280,4.393799781799316,2.6828196048736572,0.6105921384918019,0.06323623657226562,71.94878472222223,1152,3.2523043155670166,3.9514122009277344,0.5014000000000001,0.9220460602741514,12.890034688978396,48.558040618896484,5,20.0,6.3943557413026095,4.105941158200831,0.7407070205121352,0.15158603860880704,0.9579842600851818,2.9784102022794117,0.8981056213378906,-3.8413652734686323,4.619736001904796e-06,blockshuf_neg_1x,S4,47e50abd86,4242145,renders/S4_claymation_blockshuf_neg_1x_seed4242145_00001_.png,stage9_images.csv
S4_claymation_blockshuf_neg_2x_seed42_00001_.png,1024,1280,5.599999904632568,2.6390819549560547,0.47126464283917024,0.04620819091796875,77.15414012738853,785,2.977600574493408,3.952333450317383,0.49404999999999993,0.93631262388126,13.410122355682354,71.66697692871094,4,19.0,6.371382104692185,3.6873183841618937,0.7586202953163197,0.13541647796511724,0.9682863935315118,2.8684325862194178,0.9178359985351562,-3.92105173712244,3.1374160750989108e-06,blockshuf_neg_2x,S4,47e50abd86,42,renders/S4_claymation_blockshuf_neg_2x_seed42_00001_.png,stage9_images.csv
S4_claymation_blockshuf_neg_2x_seed777_00001_.png,1024,1280,5.599999904632568,2.573599338531494,0.45957131827850545,0.05341339111328125,73.23221757322176,956,2.908632278442383,3.9365334510803223,0.45944999999999997,0.9478949254673291,13.847750216808071,76.06035614013672,5,18.0,6.6324461618289625,4.157143905278323,0.746138756748121,0.13751502572392782,0.9638961519474036,2.8837469769413047,0.9137786865234375,-3.824563166366576,4.756360956146781e-06,blockshuf_neg_2x,S4,47e50abd86,777,renders/S4_claymation_blockshuf_neg_2x_seed777_00001_.png,stage9_images.csv
S4_claymation_blockshuf_neg_2x_seed1337_00001_.png,1024,1280,5.599999904632568,2.591655731201172,0.4627956741672869,0.0441131591796875,82.6,700,2.9001591205596924,3.864816427230835,0.44915,0.9400025431199478,13.548020524904375,77.44052124023438,4,18.0,6.304136481911221,3.354113523662338,0.7675020616016279,0.13721727607302286,0.9696965539492398,2.8290522129093247,0.9245315551757812,-3.9443565842634407,2.363910245950976e-06,blockshuf_neg_2x,S4,47e50abd86,1337,renders/S4_claymation_blockshuf_neg_2x_seed1337_00001_.png,stage9_images.csv
S4_claymation_blockshuf_neg_2x_seed9999_00001_.png,1024,1280,4.393799781799316,2.5626609325408936,0.5832448131014863,0.042919921875,74.02105263157895,760,2.945344924926758,4.003873825073242,0.4467,0.9566526696153749,14.188111602747405,81.85752868652344,5,19.0,6.58860122536768,3.120386401284129,0.7799911678763367,0.13452045087651363,0.9767411672177526,2.941089705918634,0.9054656982421875,-3.8049729566414827,2.569863300213079e-06,blockshuf_neg_2x,S4,47e50abd86,9999,renders/S4_claymation_blockshuf_neg_2x_seed9999_00001_.png,stage9_images.csv
S4_claymation_blockshuf_neg_2x_seed4242145_00001_.png,1024,1280,5.599999904632568,2.7312326431274414,0.4877201231500102,0.05132904052734375,73.20783460282917,919,3.06315016746521,4.029759883880615,0.4324,0.9497962791190344,13.920943766294107,69.39581298828125,3,19.0,6.100163467559803,3.7410361322139836,0.7514085950864661,0.13863880706416742,0.9676469093647269,2.9498260989254956,0.9060836791992187,-3.655693567952798,5.100783318180666e-06,blockshuf_neg_2x,S4,47e50abd86,4242145,renders/S4_claymation_blockshuf_neg_2x_seed4242145_00001_.png,stage9_images.csv
S4_claymation_rand_pos_1x_seed42_00001_.png,1024,1280,4.393799781799316,2.6139719486236572,0.5949228636797835,0.06604537963867188,72.01913477537438,1202,3.3748977184295654,4.000242233276367,0.44735,0.9489582366171245,13.888635346135187,54.26926803588867,2,21.0,5.6819410774768935,3.3690041729421787,0.7267414045413358,0.13958207260739536,0.9611581314327543,2.931678502596099,0.9175025939941406,-3.8614229052352704,3.970386747650827e-06,rand_pos_1x,S4,47e50abd86,42,renders/S4_claymation_rand_pos_1x_seed42_00001_.png,stage9_images.csv
S4_claymation_rand_pos_1x_seed777_00001_.png,1024,1280,4.393799781799316,2.5448973178863525,0.5792019309637694,0.07540130615234375,69.795197740113,1416,3.326749563217163,3.9624860286712646,0.48329999999999995,0.9219838598186485,12.887811913199563,52.180397033691406,2,20.0,5.255880040487987,3.7505328083750378,0.706740704705831,0.14113929080997628,0.9577141335463314,2.8874586454159967,0.9219581604003906,-3.854891447908815,4.367398890918653e-06,rand_pos_1x,S4,47e50abd86,777,renders/S4_claymation_rand_pos_1x_seed777_00001_.png,stage9_images.csv
S4_claymation_rand_pos_1x_seed1337_00001_.png,1024,1280,4.393799781799316,2.497252941131592,0.568358383437521,0.07172393798828125,79.2664418212479,1186,3.332712411880493,3.979490041732788,0.4797,0.9263521458688375,13.044851207880999,51.79830551147461,3,21.0,5.807813204360559,3.5404436499636365,0.7305791161980957,0.1370499115888643,0.9646145744681491,2.9750812406990383,0.9094810485839845,-3.7338303281752223,4.842298497232303e-06,rand_pos_1x,S4,47e50abd86,1337,renders/S4_claymation_rand_pos_1x_seed1337_00001_.png,stage9_images.csv
S4_claymation_rand_pos_1x_seed9999_00001_.png,1024,1280,4.393799781799316,2.59202241897583,0.5899272947558762,0.07963790893554687,72.03795721187025,1449,3.3119595050811768,3.950150728225708,0.48119999999999996,0.9151495481872209,12.645903344845332,52.818992614746094,3,20.0,5.373003225151032,4.157037559322088,0.7081283175568541,0.12802167599028186,0.9610429003939442,2.9632845787551747,0.9098678588867187,-3.806973631841237,4.542842877581701e-06,rand_pos_1x,S4,47e50abd86,9999,renders/S4_claymation_rand_pos_1x_seed9999_00001_.png,stage9_images.csv
S4_claymation_rand_pos_1x_seed4242145_00001_.png,1024,1280,4.393799781799316,2.5436928272247314,0.5789277967925651,0.06655960083007813,71.92168178070898,1213,3.3349976539611816,3.9683115482330322,0.5367,0.901227765368363,12.167079932882286,52.15205764770508,2,21.0,5.127938980962397,3.319003029911859,0.7227884654481438,0.1356886719277231,0.9642179628609476,2.8848490338928783,0.92220458984375,-3.7800034567522744,4.719350256973774e-06,rand_pos_1x,S4,47e50abd86,4242145,renders/S4_claymation_rand_pos_1x_seed4242145_00001_.png,stage9_images.csv
S4_claymation_rand_pos_2x_seed42_00001_.png,1024,1280,4.393799781799316,3.1997230052948,0.7282359607165516,0.05359725952148438,72.20041109969168,973,3.216722011566162,4.023049831390381,0.5563999999999999,0.8942545980729701,11.934104355270133,62.077423095703125,4,20.0,6.19154667976432,4.273438921147159,0.7514623291149654,0.1452944809107613,0.9616006127389443,2.9953121905451763,0.9028450012207031,-3.6414616783656455,6.069121508188846e-06,rand_pos_2x,S4,47e50abd86,42,renders/S4_claymation_rand_pos_2x_seed42_00001_.png,stage9_images.csv
S4_claymation_rand_pos_2x_seed777_00001_.png,1024,1280,4.393799781799316,2.8137245178222656,0.6403852377337982,0.046213531494140626,76.6746835443038,790,3.299487352371216,4.074460983276367,0.5724500000000001,0.8940075307107603,11.925932100051048,69.86885833740234,3,21.0,6.224798689950542,2.9893893369525073,0.7624450876098562,0.1487766051615182,0.9692369681948492,3.0158960328704874,0.8991615295410157,-3.5691499918615635,5.70212701557926e-06,rand_pos_2x,S4,47e50abd86,777,renders/S4_claymation_rand_pos_2x_seed777_00001_.png,stage9_images.csv
S4_claymation_rand_pos_2x_seed1337_00001_.png,1024,1280,4.393799781799316,2.6246848106384277,0.5973610407808765,0.05157546997070313,74.205268935236,911,3.1854641437530518,4.045370101928711,0.51545,0.9154249390803488,12.655562757002762,69.5082778930664,3,21.0,6.622771831121986,3.5591121733277626,0.7623178033419397,0.1435387106919446,0.9681311861124657,3.0044925111858665,0.9023124694824219,-3.6819598010259424,4.418793030984126e-06,rand_pos_2x,S4,47e50abd86,1337,renders/S4_claymation_rand_pos_2x_seed1337_00001_.png,stage9_images.csv
S4_claymation_rand_pos_2x_seed9999_00001_.png,1024,1280,5.599999904632568,3.02903151512146,0.5408984940545644,0.055728912353515625,70.10076775431862,1042,3.111206293106079,4.00669002532959,0.5278499999999999,0.9115690955883613,12.520986969199203,65.45911407470703,3,19.0,6.280076617901165,4.895813940693622,0.7467777081597751,0.14835069656655203,0.9581271404686122,2.9772604834210585,0.9056152343750001,-3.711179986448293,5.5163498919395246e-06,rand_pos_2x,S4,47e50abd86,9999,renders/S4_claymation_rand_pos_2x_seed9999_00001_.png,stage9_images.csv
S4_claymation_rand_pos_2x_seed4242145_00001_.png,1024,1280,4.393799781799316,2.929882049560547,0.6668219297786763,0.055895233154296876,67.52350230414747,1085,3.1936964988708496,4.037898540496826,0.5615,0.8917158360254209,11.85039583009377,63.26237869262695,4,20.0,6.400839238737158,4.035566245540612,0.7515728594214817,0.14083447996143716,0.9630157372321893,3.0104467995171547,0.8984153747558594,-3.5560112046694092,6.651678266489539e-06,rand_pos_2x,S4,47e50abd86,4242145,renders/S4_claymation_rand_pos_2x_seed4242145_00001_.png,stage9_images.csv
S5_ukiyoe_baseline_seed42_00001_.png,1024,1280,2.799999952316284,2.0121262073516846,0.7186165148635679,0.1626495361328125,61.13794092342988,3487,3.446716785430908,4.058987140655518,0.4872,0.920607449807128,12.838722928847456,40.08031463623047,4,19.0,5.705993219049409,10.116121140907113,0.6004796088395199,0.11653856149421836,0.8726895611254769,3.2211109041613017,0.81500244140625,-3.352684709882232,1.2562762299566452e-05,baseline,S5,831f2d868c,42,renders/S5_ukiyoe_baseline_seed42_00001_.png,stage9_images.csv
S5_ukiyoe_baseline_seed777_00001_.png,1024,1280,2.799999952316284,2.0516977310180664,0.732749202127954,0.15809783935546876,64.35465838509317,3220,3.424056053161621,4.0521955490112305,0.48835,0.92419970860428,12.967233675313487,43.227996826171875,4,17.0,6.035795947586365,11.178602572343094,0.6099905926540721,0.13345058186569853,0.8737328428722899,3.215528731545686,0.8144142150878906,-3.4509848590015393,1.0196933088746082e-05,baseline,S5,831f2d868c,777,renders/S5_ukiyoe_baseline_seed777_00001_.png,stage9_images.csv
S5_ukiyoe_baseline_seed1337_00001_.png,1024,1280,4.0,2.1174488067626953,0.5293622016906738,0.14964523315429687,61.2946875,3200,3.363107919692993,4.040999412536621,0.4803,0.9314926281794875,13.232103441016589,44.773338317871094,5,17.0,6.320420552998709,11.369027905227352,0.6214244393596406,0.1254626638480238,0.8682844087195849,3.214206904263357,0.8139663696289062,-3.4275052306126637,1.1968725334659759e-05,baseline,S5,831f2d868c,1337,renders/S5_ukiyoe_baseline_seed1337_00001_.png,stage9_images.csv
S5_ukiyoe_baseline_seed9999_00001_.png,1024,1280,2.799999952316284,1.8056011199951172,0.6448575538372577,0.16759109497070312,58.90721373022258,3729,3.461928606033325,4.057592868804932,0.42645,0.9413177615009478,13.59751437618945,43.475486755371094,4,19.0,5.818854264855078,11.087480139102755,0.5849161468516839,0.10827282200899588,0.8346015334758898,3.219735979619916,0.8212890625,-3.358483511735302,1.3233737288952831e-05,baseline,S5,831f2d868c,9999,renders/S5_ukiyoe_baseline_seed9999_00001_.png,stage9_images.csv
S5_ukiyoe_baseline_seed4242145_00001_.png,1024,1280,2.799999952316284,2.02819561958313,0.7243555907582486,0.16281890869140625,56.20489860416118,3797,3.4919354915618896,4.039471626281738,0.4567,0.93779036201509,13.465178483590575,41.210105895996094,4,20.0,5.838288842670293,10.502198312284309,0.5932473854115909,0.11699563673540138,0.8532595161756752,3.220606312498066,0.8173965454101563,-3.3908152958230864,1.1893289001754573e-05,baseline,S5,831f2d868c,4242145,renders/S5_ukiyoe_baseline_seed4242145_00001_.png,stage9_images.csv
S5_ukiyoe_preset_pos_1x_seed42_00001_.png,1024,1280,2.0,1.7998625040054321,0.8999312520027161,0.16937484741210937,51.353920888272036,4323,3.4991161823272705,4.066693305969238,0.43689999999999996,0.9449989997929688,13.737008887990104,41.03767395019531,2,22.0,5.216670484138737,7.034743711059489,0.5796347559146539,0.11182185691642282,0.8995758460231671,3.2289079238956817,0.8078582763671874,-3.412230971795877,8.832175255173185e-06,preset_pos_1x,S5,831f2d868c,42,renders/S5_ukiyoe_preset_pos_1x_seed42_00001_.png,stage9_images.csv
S5_ukiyoe_preset_pos_1x_seed777_00001_.png,1024,1280,2.799999952316284,1.6650638580322266,0.5946656737100341,0.17236480712890626,58.60492866407263,3855,3.4846301078796387,4.064133644104004,0.43815,0.9429015153841109,13.657353680461702,43.61363983154297,3,22.0,5.003579812244429,7.335663301234754,0.585252761180896,0.1283324708187391,0.9038676123404127,3.2237837930132685,0.8061729431152344,-3.4552465558389764,7.978923517788797e-06,preset_pos_1x,S5,831f2d868c,777,renders/S5_ukiyoe_preset_pos_1x_seed777_00001_.png,stage9_images.csv
S5_ukiyoe_preset_pos_1x_seed1337_00001_.png,1024,1280,4.0,2.074981927871704,0.518745481967926,0.14358291625976563,73.05784161490683,2576,3.2874088287353516,4.03425931930542,0.46345000000000003,0.9453667118309277,13.751021105910814,52.274314880371094,4,19.0,6.059948902206802,8.295520459110563,0.6326447877790105,0.12419589490468355,0.909472694293447,3.2166992685893394,0.8184425354003907,-3.6610771524779024,6.699064106008045e-06,preset_pos_1x,S5,831f2d868c,1337,renders/S5_ukiyoe_preset_pos_1x_seed1337_00001_.png,stage9_images.csv
S5_ukiyoe_preset_pos_1x_seed9999_00001_.png,1024,1280,2.0,1.624840497970581,0.8124202489852905,0.1735076904296875,53.53578154425612,4248,3.523477792739868,4.078217506408691,0.37729999999999997,0.9597527372126801,14.310587033515926,43.76813507080078,3,22.0,5.54108232600838,7.251149482193838,0.5762682917238071,0.11560586722394581,0.8796641892085915,3.2307556016733106,0.80994873046875,-3.411055354092537,1.0612005286433186e-05,preset_pos_1x,S5,831f2d868c,9999,renders/S5_ukiyoe_preset_pos_1x_seed9999_00001_.png,stage9_images.csv
S5_ukiyoe_preset_pos_1x_seed4242145_00001_.png,1024,1280,2.799999952316284,1.6247243881225586,0.580258719925518,0.16827774047851562,56.93469282395457,3874,3.5322256088256836,4.075392246246338,0.43189999999999995,0.9470283839503773,13.814520055984447,42.38227462768555,3,22.0,5.0272444717124305,6.8950803342665505,0.5754671285340028,0.11032563253924407,0.8831769745639885,3.2316385155125666,0.8112060546875,-3.431215621072757,9.47961070856649e-06,preset_pos_1x,S5,831f2d868c,4242145,renders/S5_ukiyoe_preset_pos_1x_seed4242145_00001_.png,stage9_images.csv
S5_ukiyoe_preset_pos_2x_seed42_00001_.png,1024,1280,2.0,1.3413766622543335,0.6706883311271667,0.20294876098632814,42.64331516511702,6238,3.614384651184082,4.077527046203613,0.39170000000000005,0.9598869830016505,14.315914545064238,40.57899856567383,2,24.0,4.682682310546056,6.44359102207287,0.532538291524832,0.11186253947179117,0.9019697364247372,3.2449034318969145,0.8118644714355469,-3.294703222307667,1.0367329113297154e-05,preset_pos_2x,S5,831f2d868c,42,renders/S5_ukiyoe_preset_pos_2x_seed42_00001_.png,stage9_images.csv
S5_ukiyoe_preset_pos_2x_seed777_00001_.png,1024,1280,2.0,1.4131100177764893,0.7065550088882446,0.19779281616210936,44.58314703353396,5815,3.6104440689086914,4.087258815765381,0.456,0.9358700055707231,13.393675566960804,41.079856872558594,2,24.0,4.385480423588614,6.2458126145155655,0.5457850506513613,0.12066664109432912,0.9141316028764838,3.2446538737831294,0.8107223510742188,-3.310333940488485,1.177783116047147e-05,preset_pos_2x,S5,831f2d868c,777,renders/S5_ukiyoe_preset_pos_2x_seed777_00001_.png,stage9_images.csv
S5_ukiyoe_preset_pos_2x_seed1337_00001_.png,1024,1280,2.799999952316284,1.8906718492507935,0.6752399576602656,0.167120361328125,60.09547325102881,3645,3.467271327972412,4.0850934982299805,0.4712,0.9360291103905791,13.399585252301163,50.51258087158203,5,22.0,5.257589157589247,6.869507684725816,0.5959521867656181,0.12121038393804345,0.9302515387326087,3.2475422011649986,0.8255386352539061,-3.547423988177602,8.268028921523236e-06,preset_pos_2x,S5,831f2d868c,1337,renders/S5_ukiyoe_preset_pos_2x_seed1337_00001_.png,stage9_images.csv
S5_ukiyoe_preset_pos_2x_seed9999_00001_.png,1024,1280,2.0,1.3937770128250122,0.6968885064125061,0.20804290771484374,43.310991105463785,6296,3.6257622241973877,4.082756996154785,0.38755,0.9717709125991323,14.79547029644797,40.552982330322266,2,24.0,4.443056722965224,6.373532754135879,0.5287969428938424,0.10556617226324198,0.9063423276796334,3.24740054044471,0.8132362365722656,-3.265106398525127,1.1752595846969782e-05,preset_pos_2x,S5,831f2d868c,9999,renders/S5_ukiyoe_preset_pos_2x_seed9999_00001_.png,stage9_images.csv
S5_ukiyoe_preset_pos_2x_seed4242145_00001_.png,1024,1280,2.0,1.3229066133499146,0.6614533066749573,0.20033111572265624,44.19760982999495,5941,3.631553888320923,4.092390537261963,0.42345,0.947398504898533,13.828703698401196,41.811363220214844,2,24.0,4.457869768521455,6.3593814119028105,0.5407845279056193,0.11396163863805078,0.9071102948284633,3.248915817555427,0.8144393920898438,-3.2925775098242145,1.1537416312058962e-05,preset_pos_2x,S5,831f2d868c,4242145,renders/S5_ukiyoe_preset_pos_2x_seed4242145_00001_.png,stage9_images.csv
S5_ukiyoe_blockshuf_neg_1x_seed42_00001_.png,1024,1280,4.0,2.1229212284088135,0.5307303071022034,0.15242080688476561,63.92992,3125,3.2978127002716064,4.051645278930664,0.5294,0.9058204267325918,12.323000795785156,52.18358612060547,5,16.0,6.150688985796632,13.034310890737322,0.6205791960455982,0.12567391312581683,0.8331762715332524,3.207152637540973,0.8191444396972657,-3.428365946037228,1.1975366089779308e-05,blockshuf_neg_1x,S5,831f2d868c,42,renders/S5_ukiyoe_blockshuf_neg_1x_seed42_00001_.png,stage9_images.csv
S5_ukiyoe_blockshuf_neg_1x_seed777_00001_.png,1024,1280,4.0,1.9649344682693481,0.49123361706733704,0.14849090576171875,61.96434256606177,3141,3.36043643951416,4.050075054168701,0.41395,0.9632791661505443,14.45119272157465,51.08054733276367,6,16.0,6.08303888710214,11.535175159173429,0.6313651741558706,0.11772875278568426,0.8635058628259262,3.211736595637378,0.8213508605957032,-3.466403951772056,9.544084900099812e-06,blockshuf_neg_1x,S5,831f2d868c,777,renders/S5_ukiyoe_blockshuf_neg_1x_seed777_00001_.png,stage9_images.csv
S5_ukiyoe_blockshuf_neg_1x_seed1337_00001_.png,1024,1280,4.0,2.1644961833953857,0.5411240458488464,0.14062042236328126,66.7804347826087,2760,3.28155779838562,4.057730197906494,0.48319999999999996,0.9281821060853279,13.11120541164194,48.461299896240234,5,15.0,6.200864948619507,12.873112600534238,0.6406037300008356,0.13109425616593434,0.8548631000638602,3.2031341592311375,0.8170722961425781,-3.4618273827672734,1.16017524702669e-05,blockshuf_neg_1x,S5,831f2d868c,1337,renders/S5_ukiyoe_blockshuf_neg_1x_seed1337_00001_.png,stage9_images.csv
S5_ukiyoe_blockshuf_neg_1x_seed9999_00001_.png,1024,1280,4.0,2.0517189502716064,0.5129297375679016,0.141986083984375,56.75632814882586,3279,3.3157362937927246,4.076709270477295,0.5111,0.9162866774309425,12.685836161011341,53.4237174987793,4,16.0,6.239621055268736,11.785047883290058,0.6323479489965441,0.12707120931832794,0.8666428002850506,3.2083568503473163,0.8163955688476563,-3.4613287020427554,9.735572241686488e-06,blockshuf_neg_1x,S5,831f2d868c,9999,renders/S5_ukiyoe_blockshuf_neg_1x_seed9999_00001_.png,stage9_images.csv
S5_ukiyoe_blockshuf_neg_1x_seed4242145_00001_.png,1024,1280,4.0,2.2040107250213623,0.5510026812553406,0.1439208984375,72.22052067381317,2612,3.2230658531188965,4.037154674530029,0.50495,0.9278226221869909,13.09814397032317,55.188594818115234,5,15.0,6.223193046300511,13.54055624680485,0.627936345211545,0.12363518823456429,0.8398552736519262,3.205511783234195,0.8166076660156251,-3.4495746890214543,1.1439378716973304e-05,blockshuf_neg_1x,S5,831f2d868c,4242145,renders/S5_ukiyoe_blockshuf_neg_1x_seed4242145_00001_.png,stage9_images.csv
S5_ukiyoe_blockshuf_neg_2x_seed42_00001_.png,1024,1280,4.393799781799316,2.3839712142944336,0.5425762057182695,0.11290969848632812,94.32313575525812,1569,2.9875078201293945,4.0706868171691895,0.59875,0.8791231683757017,11.443787222659699,74.5744400024414,6,14.0,6.294072228220633,14.572830187459353,0.6927570245198981,0.1733001901352597,0.8953982538768029,3.1836594238413696,0.8043136596679688,-3.5310995372280556,1.1894481590922514e-05,blockshuf_neg_2x,S5,831f2d868c,42,renders/S5_ukiyoe_blockshuf_neg_2x_seed42_00001_.png,stage9_images.csv
S5_ukiyoe_blockshuf_neg_2x_seed777_00001_.png,1024,1280,4.0,2.357398748397827,0.5893496870994568,0.11173553466796875,73.63197586726999,1989,2.917151689529419,4.077969551086426,0.54625,0.8903242158958545,11.804760474167693,74.6505126953125,4,13.0,6.269687866034481,16.622729343132164,0.6792504928316683,0.17725808532716134,0.8851036735498232,3.1846210233377428,0.8146278381347656,-3.60275674626512,1.0117467120861641e-05,blockshuf_neg_2x,S5,831f2d868c,777,renders/S5_ukiyoe_blockshuf_neg_2x_seed777_00001_.png,stage9_images.csv
S5_ukiyoe_blockshuf_neg_2x_seed1337_00001_.png,1024,1280,4.393799781799316,2.113942861557007,0.4811195244520952,0.11533050537109375,91.95012165450122,1644,2.819852828979492,4.075744152069092,0.53395,0.8946837171135985,11.94831165195518,78.54733276367188,6,13.0,6.336552553108412,17.12811181582901,0.6844495096351305,0.17709590223139093,0.8809545620493884,3.1696831683594353,0.8250167846679688,-3.649691123507431,1.0264032296505441e-05,blockshuf_neg_2x,S5,831f2d868c,1337,renders/S5_ukiyoe_blockshuf_neg_2x_seed1337_00001_.png,stage9_images.csv
S5_ukiyoe_blockshuf_neg_2x_seed9999_00001_.png,1024,1280,4.0,2.494664192199707,0.6236660480499268,0.10227890014648437,61.949630314232905,2164,3.0595335960388184,4.096716403961182,0.4907,0.9345760772504221,13.345711427609317,80.70310974121094,5,14.0,6.470370115645926,14.62342420298492,0.6904188764402341,0.15189217493524948,0.9189295144490243,3.1748739684289022,0.8476577758789063,-3.611154873109308,9.183359234917238e-06,blockshuf_neg_2x,S5,831f2d868c,9999,renders/S5_ukiyoe_blockshuf_neg_2x_seed9999_00001_.png,stage9_images.csv
S5_ukiyoe_blockshuf_neg_2x_seed4242145_00001_.png,1024,1280,4.393799781799316,2.494678497314453,0.5677724569171996,0.10572509765625,86.1255438160348,1609,2.9251291751861572,4.052474498748779,0.5448500000000001,0.8992115186648788,12.09925300482229,91.84843444824219,4,11.0,6.405916477867886,18.854925637815064,0.700254201010523,0.17531488835973735,0.8748524602477519,3.1673084547698975,0.8088890075683594,-3.511786978104193,1.5084546551351469e-05,blockshuf_neg_2x,S5,831f2d868c,4242145,renders/S5_ukiyoe_blockshuf_neg_2x_seed4242145_00001_.png,stage9_images.csv
S5_ukiyoe_rand_pos_1x_seed42_00001_.png,1024,1280,2.799999952316284,1.885746717453003,0.6734809819882424,0.15665206909179688,65.66261592580749,3127,3.545827865600586,4.064956188201904,0.43699999999999994,0.9400946034519242,13.551479036705947,49.6705322265625,3,20.0,5.490589884776135,9.677484143583438,0.5940186013148325,0.11406218939311619,0.8597406991228784,3.2270228081944095,0.8291137695312499,-3.413486203588297,1.0538928506184941e-05,rand_pos_1x,S5,831f2d868c,42,renders/S5_ukiyoe_rand_pos_1x_seed42_00001_.png,stage9_images.csv
S5_ukiyoe_rand_pos_1x_seed777_00001_.png,1024,1280,4.0,1.9620815515518188,0.4905203878879547,0.16424179077148438,59.61644973691498,3611,3.539839506149292,4.061609745025635,0.42045000000000005,0.9445215781116253,13.718837321616562,41.75485610961914,3,18.0,5.461685114762741,10.72540988265318,0.5844406843429318,0.11359151331804987,0.8538580388181289,3.2267751377285507,0.8330856323242187,-3.399209053035512,1.1779041323125006e-05,rand_pos_1x,S5,831f2d868c,777,renders/S5_ukiyoe_rand_pos_1x_seed777_00001_.png,stage9_images.csv
S5_ukiyoe_rand_pos_1x_seed1337_00001_.png,1024,1280,2.799999952316284,1.9121984243392944,0.6829280203228,0.1594329833984375,66.17226092463585,3158,3.527135133743286,4.0641889572143555,0.4793,0.9253924395621093,13.010186682498702,42.62018966674805,4,20.0,5.480762660231055,9.766729596867961,0.5921531936416786,0.11712061767139756,0.8505200076614532,3.2260034237560746,0.8276458740234375,-3.3561064251610597,1.2605169496535712e-05,rand_pos_1x,S5,831f2d868c,1337,renders/S5_ukiyoe_rand_pos_1x_seed1337_00001_.png,stage9_images.csv
S5_ukiyoe_rand_pos_1x_seed9999_00001_.png,1024,1280,4.0,1.9502482414245605,0.48756206035614014,0.15485458374023436,60.80617136009587,3338,3.5083909034729004,4.076401710510254,0.4611,0.9275093964854866,13.086773876833458,45.707366943359375,3,19.0,5.87711990485265,10.261065269773887,0.6078868293796396,0.12522555560173207,0.876806202994078,3.2209873048740785,0.8306488037109375,-3.448393604027904,9.645999857941718e-06,rand_pos_1x,S5,831f2d868c,9999,renders/S5_ukiyoe_rand_pos_1x_seed9999_00001_.png,stage9_images.csv
S5_ukiyoe_rand_pos_1x_seed4242145_00001_.png,1024,1280,2.799999952316284,1.8680720329284668,0.6671685945505516,0.1532196044921875,59.101824602707474,3398,3.572746515274048,4.068645477294922,0.48534999999999995,0.919801235637956,12.81005657835131,46.82785415649414,3,21.0,5.542734875199938,9.567454949352229,0.597810168786807,0.13133473296832143,0.8580072353007853,3.2286374072389066,0.8280143737792969,-3.3588247114429004,1.2410657818665426e-05,rand_pos_1x,S5,831f2d868c,4242145,renders/S5_ukiyoe_rand_pos_1x_seed4242145_00001_.png,stage9_images.csv
S5_ukiyoe_rand_pos_2x_seed42_00001_.png,1024,1280,4.393799781799316,1.9849196672439575,0.45175469202447543,0.12696990966796876,81.30043966780654,2047,3.329282283782959,4.041018009185791,0.4982,0.9258711536339956,13.02746627199623,56.55488204956055,4,21.0,5.322797464742862,9.685504287068845,0.6125442080645298,0.10789078126856266,0.8895203297594387,3.2379497063558054,0.8337997436523438,-3.2991306665113256,1.740380309674205e-05,rand_pos_2x,S5,831f2d868c,42,renders/S5_ukiyoe_rand_pos_2x_seed42_00001_.png,stage9_images.csv
S5_ukiyoe_rand_pos_2x_seed777_00001_.png,1024,1280,4.393799781799316,1.87088942527771,0.42580215717329684,0.13996505737304688,95.64911366006257,1918,3.2883057594299316,4.029726982116699,0.4267,0.9547809490994634,14.114672958915758,54.34328842163086,3,21.0,5.027333407777658,10.529467683748065,0.6006533330955108,0.11339466450256397,0.8871008871484498,3.229654129730581,0.8368881225585937,-3.3734249903639593,1.2426795806928132e-05,rand_pos_2x,S5,831f2d868c,777,renders/S5_ukiyoe_rand_pos_2x_seed777_00001_.png,stage9_images.csv
S5_ukiyoe_rand_pos_2x_seed1337_00001_.png,1024,1280,4.393799781799316,1.9043890237808228,0.4334264459817856,0.11163330078125,110.01503759398496,1330,3.176619052886963,4.016473293304443,0.47695,0.9291080867241976,13.144909888855329,58.54571533203125,5,19.0,5.367389693103851,9.806755779432308,0.6280077050700313,0.11621431733285853,0.8869787885322653,3.2337122357233725,0.839299774169922,-3.4299297833364717,1.075725930692103e-05,rand_pos_2x,S5,831f2d868c,1337,renders/S5_ukiyoe_rand_pos_2x_seed1337_00001_.png,stage9_images.csv
S5_ukiyoe_rand_pos_2x_seed9999_00001_.png,1024,1280,4.393799781799316,1.9897046089172363,0.4528437133524612,0.13360824584960937,104.23988095238096,1680,3.182030439376831,3.976759195327759,0.3873,0.969921324224247,14.71979114975407,54.111942291259766,3,21.0,5.339481439481911,10.385424403663166,0.6065366644029229,0.10453775897007161,0.8718341628787563,3.22747841296999,0.843114471435547,-3.361094090231857,1.3442039513178397e-05,rand_pos_2x,S5,831f2d868c,9999,renders/S5_ukiyoe_rand_pos_2x_seed9999_00001_.png,stage9_images.csv
S5_ukiyoe_rand_pos_2x_seed4242145_00001_.png,1024,1280,4.393799781799316,1.806233286857605,0.4110868443163174,0.13240966796875,102.6327616794796,1691,3.238919734954834,4.011814117431641,0.41275,0.9623084541610681,14.412351288669106,64.82989501953125,4,21.0,5.2334102018297255,9.556413682544331,0.6198816531369843,0.10957812077260234,0.8950045684906681,3.227011778367467,0.8420822143554687,-3.3777832925184064,1.328062119223565e-05,rand_pos_2x,S5,831f2d868c,4242145,renders/S5_ukiyoe_rand_pos_2x_seed4242145_00001_.png,stage9_images.csv
S6_pixel_baseline_seed42_00001_.png,1024,1280,4.393799781799316,2.2624075412750244,0.5149091113907198,0.10385971069335938,144.3594909862142,943,3.227999448776245,3.7060699462890625,0.46060000000000006,0.9395316027193313,13.53034209285045,54.26742172241211,8,16.0,6.537690804265186,7.1218264813091325,0.7407597627075043,0.14934712929871843,0.9249791019039573,3.0194118778496803,0.8945236206054688,-3.96146284299154,8.462976337857215e-06,baseline,S6,b369f4266a,42,renders/S6_pixel_baseline_seed42_00001_.png,stage9_images.csv
S6_pixel_baseline_seed777_00001_.png,1024,1280,5.599999904632568,2.2897560596466064,0.40888501761445006,0.0965240478515625,150.61428571428573,840,3.129551887512207,3.6633920669555664,0.5737,0.885361610246959,11.643447968617062,59.5228157043457,7,16.0,6.386672451472947,7.441000577597961,0.7536446947648533,0.16476442594290241,0.927073341964166,2.9448033971006273,0.9101318359374999,-3.991181208420195,9.138411774757293e-06,baseline,S6,b369f4266a,777,renders/S6_pixel_baseline_seed777_00001_.png,stage9_images.csv
S6_pixel_baseline_seed1337_00001_.png,1024,1280,5.599999904632568,2.327585458755493,0.41564026757036393,0.09644012451171875,178.53954802259886,708,3.095677375793457,3.6002700328826904,0.5901000000000001,0.8895246052461565,11.778618409970678,57.39642333984375,7,15.0,6.9862278582714765,6.981641227134146,0.7645903336000706,0.17055541125591284,0.9300184588678879,2.9534073928638223,0.90205078125,-4.017780232321001,6.921844844129645e-06,baseline,S6,b369f4266a,1337,renders/S6_pixel_baseline_seed1337_00001_.png,stage9_images.csv
S6_pixel_baseline_seed9999_00001_.png,1024,1280,4.393799781799316,2.2755258083343506,0.5178947428966584,0.10725021362304688,160.47374429223746,876,3.191183567047119,3.664893627166748,0.52685,0.9170273619999236,12.711914736222289,57.94094467163086,7,16.0,6.387903405385691,7.28796609132878,0.7381809937494274,0.1535242343415556,0.9270178876149427,2.99288437099634,0.9026168823242189,-3.984148147095509,7.838276750346705e-06,baseline,S6,b369f4266a,9999,renders/S6_pixel_baseline_seed9999_00001_.png,stage9_images.csv
S6_pixel_baseline_seed4242145_00001_.png,1024,1280,4.393799781799316,2.300264596939087,0.5235251288571687,0.10052413940429687,160.29075425790754,822,3.1721599102020264,3.6571314334869385,0.5272,0.8962155834020644,11.999166862300255,54.93925476074219,8,16.0,6.283993981282102,6.325286353825906,0.753045002476002,0.17478374151537385,0.9329338339170831,2.952966876373021,0.9128303527832031,-4.002197394322186,8.02977352438259e-06,baseline,S6,b369f4266a,4242145,renders/S6_pixel_baseline_seed4242145_00001_.png,stage9_images.csv
S6_pixel_preset_pos_1x_seed42_00001_.png,1024,1280,4.0,2.2116987705230713,0.5529246926307678,0.09784469604492188,150.7015276145711,851,3.2896175384521484,3.871699333190918,0.53285,0.9065328871484684,12.34736721341063,51.505130767822266,5,17.0,6.509356373490888,5.865873413391859,0.7420772801475843,0.15269894008392004,0.9363729483724621,3.0854327237909365,0.8416847229003906,-3.930131943868675,7.213145124658822e-06,preset_pos_1x,S6,b369f4266a,42,renders/S6_pixel_preset_pos_1x_seed42_00001_.png,stage9_images.csv
S6_pixel_preset_pos_1x_seed777_00001_.png,1024,1280,4.393799781799316,2.2929155826568604,0.521852541427794,0.09044265747070312,153.55569948186528,772,3.2180986404418945,3.788517951965332,0.5904999999999999,0.8784244894954626,11.421640357398115,52.36720657348633,6,17.0,6.42484137947004,5.550854222529615,0.7544452121889956,0.16820741201461298,0.938913720704889,3.06655842470555,0.8440414428710938,-3.9653421862558607,6.975938486740045e-06,preset_pos_1x,S6,b369f4266a,777,renders/S6_pixel_preset_pos_1x_seed777_00001_.png,stage9_images.csv
S6_pixel_preset_pos_1x_seed1337_00001_.png,1024,1280,4.393799781799316,2.329213857650757,0.5301137906418018,0.09194183349609375,183.14589665653494,658,3.10339617729187,3.692368507385254,0.5074000000000001,0.9219143644926623,12.885328903600934,54.20285415649414,6,16.0,6.502710135348635,5.541914242693537,0.7593112871523215,0.1621834279078761,0.9410798457794044,3.0261731126613887,0.8515434265136719,-4.009190498412299,6.405787324293501e-06,preset_pos_1x,S6,b369f4266a,1337,renders/S6_pixel_preset_pos_1x_seed1337_00001_.png,stage9_images.csv
S6_pixel_preset_pos_1x_seed9999_00001_.png,1024,1280,4.393799781799316,2.208233594894409,0.5025794766620225,0.09114990234375,148.04460966542752,807,3.2348170280456543,3.822629690170288,0.5171,0.9218326813791553,12.882411046176482,51.78319549560547,7,16.0,6.3516518908307305,5.906591924315408,0.7506750967220619,0.1578108394736712,0.9405625220157028,3.068888769871232,0.8441596984863281,-3.979098677999906,6.241678400669044e-06,preset_pos_1x,S6,b369f4266a,9999,renders/S6_pixel_preset_pos_1x_seed9999_00001_.png,stage9_images.csv
S6_pixel_preset_pos_1x_seed4242145_00001_.png,1024,1280,4.393799781799316,2.286482810974121,0.5203884848020492,0.08910598754882812,176.95909090909092,660,3.1690778732299805,3.7156755924224854,0.51915,0.9174617165557102,12.727232745857805,50.26951217651367,6,16.0,6.390760941885664,5.229709424248111,0.7622170808017279,0.17930333861483605,0.945395717625285,3.0081473844800195,0.8578201293945313,-3.982342436761149,6.965760213825373e-06,preset_pos_1x,S6,b369f4266a,4242145,renders/S6_pixel_preset_pos_1x_seed4242145_00001_.png,stage9_images.csv
S6_pixel_preset_pos_2x_seed42_00001_.png,1024,1280,4.0,2.1235318183898926,0.5308829545974731,0.07787551879882812,109.75591397849462,930,3.532719612121582,4.072357654571533,0.61705,0.8613176690363042,10.892556384371078,44.84354782104492,4,21.0,5.93947597421509,3.5366142353002,0.7572394817920768,0.18793640112193238,0.951357905394894,3.1306329324799793,0.8345573425292969,-3.8713186115668683,6.260831628951621e-06,preset_pos_2x,S6,b369f4266a,42,renders/S6_pixel_preset_pos_2x_seed42_00001_.png,stage9_images.csv
S6_pixel_preset_pos_2x_seed777_00001_.png,1024,1280,4.0,2.18579363822937,0.5464484095573425,0.07433929443359374,126.87239583333333,768,3.422135591506958,4.052969455718994,0.554,0.8892268382519406,11.768898167458536,46.889225006103516,5,20.0,6.662227785307868,3.603410462574221,0.7631462090804133,0.17064193748415846,0.9599772625610687,3.115851706975636,0.83421630859375,-3.921618385999477,4.632610210317039e-06,preset_pos_2x,S6,b369f4266a,777,renders/S6_pixel_preset_pos_2x_seed777_00001_.png,stage9_images.csv
S6_pixel_preset_pos_2x_seed1337_00001_.png,1024,1280,4.0,2.1995811462402344,0.5498952865600586,0.08077774047851563,108.14811031664965,979,3.5412003993988037,4.08754825592041,0.5747,0.8874344273385372,11.710556324359503,46.7268180847168,5,21.0,6.2707421679162465,3.6843483234296697,0.7460219565878272,0.16328859205105192,0.9566334937523396,3.154245661849392,0.8335098266601563,-3.8660686011307197,6.072089635166165e-06,preset_pos_2x,S6,b369f4266a,1337,renders/S6_pixel_preset_pos_2x_seed1337_00001_.png,stage9_images.csv
S6_pixel_preset_pos_2x_seed9999_00001_.png,1024,1280,4.0,2.137380361557007,0.5343450903892517,0.0807403564453125,108.31934493346981,977,3.580089807510376,4.085795879364014,0.56915,0.8950756662576672,11.96130310455045,49.740928649902344,5,20.0,5.9518138230635005,3.6238609750107367,0.741657174897411,0.16265371231811077,0.9583942094051732,3.1633506868739993,0.8354232788085938,-3.867059640812536,5.1272718712601265e-06,preset_pos_2x,S6,b369f4266a,9999,renders/S6_pixel_preset_pos_2x_seed9999_00001_.png,stage9_images.csv
S6_pixel_preset_pos_2x_seed4242145_00001_.png,1024,1280,4.0,2.2509310245513916,0.5627327561378479,0.07643585205078125,123.68641975308643,810,3.4655144214630127,4.064747333526611,0.57595,0.8941000988750308,11.928993324468754,48.644615173339844,4,20.0,6.37498576683625,3.3949056058448166,0.7554626236745672,0.17209537972535272,0.95961422539834,3.1293598812512036,0.8349311828613281,-3.909505138674155,5.3182084384505195e-06,preset_pos_2x,S6,b369f4266a,4242145,renders/S6_pixel_preset_pos_2x_seed4242145_00001_.png,stage9_images.csv
S6_pixel_blockshuf_neg_1x_seed42_00001_.png,1024,1280,5.599999904632568,2.418640613555908,0.43190011691877017,0.08725204467773437,182.68849840255592,626,3.033149242401123,3.5911152362823486,0.5022,0.9196963994151361,12.806333649390254,71.59941864013672,8,13.0,6.972734219341599,7.452281024827844,0.7865454251500024,0.19141242263651254,0.9311332397886013,2.7248088417499257,0.9377006530761718,-4.017584430323516,8.64119217668153e-06,blockshuf_neg_1x,S6,b369f4266a,42,renders/S6_pixel_blockshuf_neg_1x_seed42_00001_.png,stage9_images.csv
S6_pixel_blockshuf_neg_1x_seed777_00001_.png,1024,1280,5.599999904632568,2.3572423458099365,0.4209361403488456,0.08793487548828124,197.3595890410959,584,3.0279855728149414,3.551771402359009,0.5238499999999999,0.923284266553805,12.934362698297019,67.31510162353516,6,14.0,6.623795104871652,7.0661839609513315,0.7865066154740854,0.18453217613797007,0.9388965286569799,2.7297121890366727,0.9384506225585937,-4.033189239038532,8.140632193162193e-06,blockshuf_neg_1x,S6,b369f4266a,777,renders/S6_pixel_blockshuf_neg_1x_seed777_00001_.png,stage9_images.csv
S6_pixel_blockshuf_neg_1x_seed1337_00001_.png,1024,1280,6.0,2.5237045288085938,0.42061742146809894,0.07556610107421875,269.88010899182564,367,2.912022829055786,3.4606661796569824,0.47140000000000004,0.9437015771477634,13.687682625086513,71.88543701171875,6,13.0,6.61873405724607,6.314096564961561,0.8086614860633774,0.18497924492415166,0.9450474184004317,2.6700005714111543,0.9399078369140624,-4.066461805403736,5.737859004906143e-06,blockshuf_neg_1x,S6,b369f4266a,1337,renders/S6_pixel_blockshuf_neg_1x_seed1337_00001_.png,stage9_images.csv
S6_pixel_blockshuf_neg_1x_seed9999_00001_.png,1024,1280,5.599999904632568,2.3998897075653076,0.4285517407919976,0.09238357543945312,173.97844827586206,696,3.051079034805298,3.558096170425415,0.46030000000000004,0.9473910150774436,13.828416531846251,70.64183807373047,6,15.0,6.632653211214905,7.58317013573859,0.7749728712975539,0.1778444108450643,0.940530910259882,2.803695237662563,0.9306739807128908,-4.028328210821514,6.459784731149095e-06,blockshuf_neg_1x,S6,b369f4266a,9999,renders/S6_pixel_blockshuf_neg_1x_seed9999_00001_.png,stage9_images.csv
S6_pixel_blockshuf_neg_1x_seed4242145_00001_.png,1024,1280,5.599999904632568,2.2917985916137695,0.40924975547194065,0.09015121459960937,208.76855123674912,566,3.061846971511841,3.563485860824585,0.503,0.9286784228998827,13.129259930090543,65.71211242675781,8,15.0,6.563584531563697,6.576805316457185,0.7766037732758628,0.18453870650650311,0.9333948203702689,2.7888844253191025,0.9335281372070312,-4.0347885612099335,7.607513687846752e-06,blockshuf_neg_1x,S6,b369f4266a,4242145,renders/S6_pixel_blockshuf_neg_1x_seed4242145_00001_.png,stage9_images.csv
S6_pixel_blockshuf_neg_2x_seed42_00001_.png,1024,1280,6.0,2.7125794887542725,0.4520965814590454,0.05161895751953125,339.9899497487437,199,2.808589220046997,3.4067978858947754,0.61205,0.8663113757597765,11.044418093019848,100.9420394897461,5,13.0,7.043593630498008,8.278594108507018,0.8760880467903207,0.29914130064089195,0.9450754537869355,2.3613548194721634,0.940704345703125,-3.5925579869211974,2.2213801663412345e-05,blockshuf_neg_2x,S6,b369f4266a,42,renders/S6_pixel_blockshuf_neg_2x_seed42_00001_.png,stage9_images.csv
S6_pixel_blockshuf_neg_2x_seed777_00001_.png,1024,1280,5.599999904632568,2.5355570316314697,0.4527780490735267,0.061786651611328125,340.2731092436975,238,2.731860399246216,3.3580589294433594,0.5831,0.8937051378643837,11.91593745784061,75.50035858154297,6,15.0,6.561466391616026,7.471881573723071,0.8538277081024931,0.23704004590340433,0.9349776131312106,2.4630571160090797,0.9269096374511719,-3.5657978148150358,3.0108706616574993e-05,blockshuf_neg_2x,S6,b369f4266a,777,renders/S6_pixel_blockshuf_neg_2x_seed777_00001_.png,stage9_images.csv
S6_pixel_blockshuf_neg_2x_seed1337_00001_.png,1024,1280,6.0,2.680516481399536,0.44675274689992267,0.061206817626953125,332.8838174273859,241,2.718034029006958,3.36920166015625,0.54525,0.9072327904065404,12.371351084641503,84.39300537109375,7,10.0,6.581642758467014,7.240402372562615,0.8628625462903445,0.2684095470297264,0.945153066647608,2.474859770205644,0.9368873596191406,-3.760202695615178,1.9169593767189258e-05,blockshuf_neg_2x,S6,b369f4266a,1337,renders/S6_pixel_blockshuf_neg_2x_seed1337_00001_.png,stage9_images.csv
S6_pixel_blockshuf_neg_2x_seed9999_00001_.png,1024,1280,6.0,2.6017682552337646,0.43362804253896076,0.0640716552734375,337.2690763052209,249,2.727952480316162,3.359905242919922,0.53025,0.9107882534072207,12.49390892749226,86.8218002319336,7,14.0,7.3081272594360165,8.9325134455411,0.849263495051773,0.22773299318867327,0.9406458698221458,2.4754032315243415,0.9310798645019531,-3.598314437946565,2.745988715143364e-05,blockshuf_neg_2x,S6,b369f4266a,9999,renders/S6_pixel_blockshuf_neg_2x_seed9999_00001_.png,stage9_images.csv
S6_pixel_blockshuf_neg_2x_seed4242145_00001_.png,1024,1280,5.599999904632568,2.4196903705596924,0.43208757352978117,0.07263031005859374,203.4145299145299,468,2.9061384201049805,3.456007480621338,0.5922999999999999,0.8825908387439108,11.55434325704359,73.72215270996094,5,16.0,6.226504389198827,7.627233894336189,0.8194446247424595,0.24317816137775738,0.9387924851039509,2.643079865280222,0.9183753967285156,-3.7112621418061047,1.598752605990594e-05,blockshuf_neg_2x,S6,b369f4266a,4242145,renders/S6_pixel_blockshuf_neg_2x_seed4242145_00001_.png,stage9_images.csv
S6_pixel_rand_pos_1x_seed42_00001_.png,1024,1280,5.599999904632568,2.442859411239624,0.4362249022930844,0.09372024536132813,201.37868852459016,610,3.134791135787964,3.6080055236816406,0.55145,0.8965406477376271,12.009986222796465,60.705360412597656,6,17.0,6.045130170827295,6.820947941435542,0.7584284412471742,0.16152312702664126,0.9375702474451569,2.896571208128951,0.9326385498046874,-3.9898601318477325,8.253585910374629e-06,rand_pos_1x,S6,b369f4266a,42,renders/S6_pixel_rand_pos_1x_seed42_00001_.png,stage9_images.csv
S6_pixel_rand_pos_1x_seed777_00001_.png,1024,1280,5.599999904632568,2.460754632949829,0.4394204776528985,0.0876800537109375,185.66074313408723,619,3.1094188690185547,3.6389403343200684,0.52045,0.9155137010355746,12.658677679285235,63.35920715332031,4,17.0,6.0381804060429,6.040005685613961,0.7669247131176595,0.16577668978431132,0.9406033475631344,2.869788168654368,0.9373794555664061,-3.9586471019488383,8.46818034261113e-06,rand_pos_1x,S6,b369f4266a,777,renders/S6_pixel_rand_pos_1x_seed777_00001_.png,stage9_images.csv
S6_pixel_rand_pos_1x_seed1337_00001_.png,1024,1280,5.599999904632568,2.444218158721924,0.4364675357761985,0.09058685302734375,177.21492537313432,670,3.1215391159057617,3.6241211891174316,0.58015,0.8881093653670542,11.732491104959081,62.66010665893555,6,16.0,6.096703360213878,6.37976386949194,0.7652436992280895,0.1633184026677414,0.9389125778637826,2.849731069855981,0.9418182373046875,-3.993278007892931,7.548479986087896e-06,rand_pos_1x,S6,b369f4266a,1337,renders/S6_pixel_rand_pos_1x_seed1337_00001_.png,stage9_images.csv
S6_pixel_rand_pos_1x_seed9999_00001_.png,1024,1280,5.599999904632568,2.4471919536590576,0.43699857059544445,0.0984161376953125,179.1611111111111,720,3.131781816482544,3.6029069423675537,0.5553,0.9054129905951226,12.30908794276808,62.73649978637695,6,16.0,6.033928533111864,7.389165715697447,0.7540188572486992,0.16965094301301664,0.9347637895736376,2.866970231015157,0.9408721923828125,-3.993677260942725,8.168833739326425e-06,rand_pos_1x,S6,b369f4266a,9999,renders/S6_pixel_rand_pos_1x_seed9999_00001_.png,stage9_images.csv
S6_pixel_rand_pos_1x_seed4242145_00001_.png,1024,1280,4.393799781799316,2.39449405670166,0.5449711356035173,0.09161529541015626,204.91808873720137,586,3.1364572048187256,3.610583543777466,0.5811999999999999,0.8754106523396771,11.326597284588303,65.00665283203125,6,16.0,6.337649408829425,6.281601248784,0.7686149718299018,0.17254302839327956,0.9391394772196876,2.863393100051767,0.9375694274902344,-3.9418278463259533,9.101443561749208e-06,rand_pos_1x,S6,b369f4266a,4242145,renders/S6_pixel_rand_pos_1x_seed4242145_00001_.png,stage9_images.csv
S6_pixel_rand_pos_2x_seed42_00001_.png,1024,1280,4.0,2.5365755558013916,0.6341438889503479,0.07109451293945312,115.47087980173482,807,3.3059639930725098,3.8424758911132812,0.57575,0.8806432672719257,11.492120092458336,59.00324249267578,4,21.0,5.385433082580217,6.949802403640171,0.7664932531701466,0.16394585567352193,0.930153095837138,3.0725103351379435,0.8654144287109375,-3.4856072744475872,2.8055711795608367e-05,rand_pos_2x,S6,b369f4266a,42,renders/S6_pixel_rand_pos_2x_seed42_00001_.png,stage9_images.csv
S6_pixel_rand_pos_2x_seed777_00001_.png,1024,1280,5.599999904632568,2.580749750137329,0.4608481775155779,0.07910614013671875,169.6988543371522,611,3.111567735671997,3.650538206100464,0.6320499999999999,0.8545955120663378,10.691423508838234,65.63382720947266,6,17.0,6.2639680036387,8.623746437066359,0.7811928228612474,0.18958403091786993,0.9350073120012191,2.900045856179255,0.9265411376953125,-3.6189427517998283,2.4345885021792327e-05,rand_pos_2x,S6,b369f4266a,777,renders/S6_pixel_rand_pos_2x_seed777_00001_.png,stage9_images.csv
S6_pixel_rand_pos_2x_seed1337_00001_.png,1024,1280,4.393799781799316,2.4577410221099854,0.5593657299294392,0.08749618530273437,195.0391156462585,588,3.0926342010498047,3.623685359954834,0.6018,0.8556166438978122,10.72173572768374,62.607723236083984,5,18.0,6.118335671828533,7.5595283407906715,0.7701439683291291,0.17456037092318882,0.939062817062521,2.9110053012865853,0.930084228515625,-3.711635143781382,1.4321897076509951e-05,rand_pos_2x,S6,b369f4266a,1337,renders/S6_pixel_rand_pos_2x_seed1337_00001_.png,stage9_images.csv
S6_pixel_rand_pos_2x_seed9999_00001_.png,1024,1280,4.393799781799316,2.52490234375,0.5746512060492708,0.08523025512695312,157.34225352112676,710,3.1376991271972656,3.6509745121002197,0.56405,0.8904292084546614,11.80819735413972,61.787567138671875,5,19.0,5.574901572317545,7.16761670796394,0.7654012163313719,0.16049611702727917,0.9424104889591316,2.9564232732672173,0.9170906066894531,-3.6413059812074002,1.8808583650949036e-05,rand_pos_2x,S6,b369f4266a,9999,renders/S6_pixel_rand_pos_2x_seed9999_00001_.png,stage9_images.csv
S6_pixel_rand_pos_2x_seed4242145_00001_.png,1024,1280,4.0,2.4871206283569336,0.6217801570892334,0.07716217041015624,144.689556509299,699,3.2672688961029053,3.7462401390075684,0.59005,0.8762638321630731,11.35342225520799,58.827354431152344,5,20.0,5.233098118794141,6.439177622798166,0.7682352528037112,0.16013642261951277,0.9389983154821556,3.028723208577483,0.8959754943847656,-3.615123832379934,1.9331500629878565e-05,rand_pos_2x,S6,b369f4266a,4242145,renders/S6_pixel_rand_pos_2x_seed4242145_00001_.png,stage9_images.csv
S7_glass_baseline_seed42_00001_.png,1024,1280,5.599999904632568,2.347658395767212,0.41922472066921374,0.11730194091796875,94.96602841260037,1619,3.1371877193450928,3.9327900409698486,0.5477,0.8990675902884493,12.094425710415031,55.03978729248047,2,18.0,5.57523740212015,7.734767830774073,0.6752810163040467,0.1648194311090584,0.929043114402899,3.1326949254107817,0.8695297241210938,-3.845962398893925,7.605140545119884e-06,baseline,S7,80cb4b3354,42,renders/S7_glass_baseline_seed42_00001_.png,stage9_images.csv
S7_glass_baseline_seed777_00001_.png,1024,1280,5.599999904632568,2.348923683166504,0.4194506648515065,0.12277297973632813,91.48436611711199,1759,3.1710212230682373,3.9138295650482178,0.5878000000000001,0.872658768003531,11.240505969475091,54.01046371459961,1,19.0,5.271854531357637,7.434322790610899,0.6649966661563597,0.1693920383874468,0.9276954088637293,3.1287968116427805,0.8723365783691406,-3.8622748284404773,7.516072194687477e-06,baseline,S7,80cb4b3354,777,renders/S7_glass_baseline_seed777_00001_.png,stage9_images.csv
S7_glass_baseline_seed1337_00001_.png,1024,1280,5.599999904632568,2.269733428955078,0.40530954778721584,0.10691680908203124,109.22681215900234,1283,2.9536123275756836,3.7973949909210205,0.56415,0.8928223033313415,11.886806043568422,61.40663146972656,2,17.0,5.90488719071177,8.183654665053174,0.6952529526294975,0.17007248922073115,0.9237489739326771,3.0995042572247486,0.8747749328613281,-3.9277691745379513,6.908502075084691e-06,baseline,S7,80cb4b3354,1337,renders/S7_glass_baseline_seed1337_00001_.png,stage9_images.csv
S7_glass_baseline_seed9999_00001_.png,1024,1280,5.599999904632568,2.3069088459014893,0.41194801521212737,0.128717041015625,89.31286394917946,1889,3.1798620223999023,3.896280288696289,0.5328499999999999,0.9035306530500224,12.245014797360485,54.589569091796875,2,19.0,5.44036138126441,8.47490522522893,0.6557732469852123,0.15398264685694357,0.9165292129698315,3.1580900599893824,0.8624107360839843,-3.7925886554283816,9.108465993025884e-06,baseline,S7,80cb4b3354,9999,renders/S7_glass_baseline_seed9999_00001_.png,stage9_images.csv
S7_glass_baseline_seed4242145_00001_.png,1024,1280,4.393799781799316,2.2450006008148193,0.5109474059592819,0.12820587158203126,94.03581421376609,1787,3.1873037815093994,3.9152934551239014,0.5417500000000001,0.9001396406165891,12.130428112355059,50.09745788574219,2,19.0,5.395386262763872,7.8415557452998685,0.6612769575708466,0.15984599223343104,0.9183016535085533,3.1688675205217987,0.8576972961425782,-3.6737517010404552,1.1463158882284928e-05,baseline,S7,80cb4b3354,4242145,renders/S7_glass_baseline_seed4242145_00001_.png,stage9_images.csv
S7_glass_preset_pos_1x_seed42_00001_.png,1024,1280,4.393799781799316,2.50821590423584,0.5708534819055169,0.130950927734375,67.02069504099961,2561,3.284961700439453,3.993361711502075,0.55375,0.8906222383986842,11.814518705944037,50.61002731323242,2,20.0,5.278619410722895,6.273938167525801,0.6524571647770351,0.17391946793564925,0.9409775308053141,3.17985772168001,0.8610748291015625,-3.7346326798049976,1.0491989688692803e-05,preset_pos_1x,S7,80cb4b3354,42,renders/S7_glass_preset_pos_1x_seed42_00001_.png,stage9_images.csv
S7_glass_preset_pos_1x_seed777_00001_.png,1024,1280,4.393799781799316,2.311983823776245,0.5261923479884781,0.1354278564453125,75.47108843537416,2352,3.290921211242676,3.983010768890381,0.5903,0.8792462469607862,11.447693039057357,49.053077697753906,1,20.0,5.27634446728983,6.3098329988496165,0.6484174749668913,0.17461548415694586,0.9369195086717694,3.179866173044281,0.8631454467773436,-3.7481078055336283,1.0838524297338257e-05,preset_pos_1x,S7,80cb4b3354,777,renders/S7_glass_preset_pos_1x_seed777_00001_.png,stage9_images.csv
S7_glass_preset_pos_1x_seed1337_00001_.png,1024,1280,5.599999904632568,2.4529802799224854,0.4380322003029449,0.10786972045898438,88.20149719276357,1603,3.0794146060943604,3.8732194900512695,0.5956,0.8756219507384876,11.333234842732159,56.71539306640625,2,19.0,5.775336770547211,6.801342784505916,0.6844039612204318,0.18632647474372385,0.9371394135779465,3.1461308743594083,0.8670181274414064,-3.858746100552234,8.989938314666356e-06,preset_pos_1x,S7,80cb4b3354,1337,renders/S7_glass_preset_pos_1x_seed1337_00001_.png,stage9_images.csv
S7_glass_preset_pos_1x_seed9999_00001_.png,1024,1280,4.393799781799316,2.407275915145874,0.5478802027160337,0.1360595703125,68.06717557251909,2620,3.315100908279419,3.9914181232452393,0.5986499999999999,0.8697068604875241,11.148884332588539,49.99322509765625,2,20.0,4.939224850417957,6.439731634235228,0.6403628307368068,0.15687396077615934,0.9331961458024707,3.1981461737365366,0.8546897888183593,-3.686208266551295,1.241763686838631e-05,preset_pos_1x,S7,80cb4b3354,9999,renders/S7_glass_preset_pos_1x_seed9999_00001_.png,stage9_images.csv
S7_glass_preset_pos_1x_seed4242145_00001_.png,1024,1280,4.393799781799316,2.5347630977630615,0.5768954489603629,0.12787857055664062,67.3144578313253,2490,3.3332419395446777,3.984705686569214,0.5727000000000001,0.8841848868429124,11.605522305328613,51.38740539550781,1,20.0,5.529790506800547,6.0060159533096105,0.6589779197007841,0.1728593668882804,0.9358907596401599,3.185702004734932,0.8610687255859375,-3.7172630062936713,1.1451163189832152e-05,preset_pos_1x,S7,80cb4b3354,4242145,renders/S7_glass_preset_pos_1x_seed4242145_00001_.png,stage9_images.csv
S7_glass_preset_pos_2x_seed42_00001_.png,1024,1280,4.0,2.577894449234009,0.6444736123085022,0.12045822143554688,54.0708904109589,2920,3.489197015762329,4.050392150878906,0.5855,0.8724095176712524,11.232740691552928,53.78834915161133,1,21.0,5.00505246881358,4.53820662305659,0.6741731093688994,0.20108740937839775,0.9570310708647093,3.190858395698097,0.8666122436523438,-3.6943433748502237,9.980176896776574e-06,preset_pos_2x,S7,80cb4b3354,42,renders/S7_glass_preset_pos_2x_seed42_00001_.png,stage9_images.csv
S7_glass_preset_pos_2x_seed777_00001_.png,1024,1280,4.0,2.4386916160583496,0.6096729040145874,0.12815628051757813,57.48699520876112,2922,3.4245312213897705,4.048512935638428,0.5793,0.8784150764386275,11.421342273204742,52.63650894165039,1,21.0,4.74372372600638,4.996642554698069,0.6589488166194523,0.19616020884344115,0.9536682653340232,3.1930792319332406,0.8671638488769532,-3.7356495628137147,9.292411340271366e-06,preset_pos_2x,S7,80cb4b3354,777,renders/S7_glass_preset_pos_2x_seed777_00001_.png,stage9_images.csv
S7_glass_preset_pos_2x_seed1337_00001_.png,1024,1280,4.393799781799316,2.5417392253875732,0.5784831698331732,0.11697158813476563,59.74941543257989,2566,3.3617749214172363,4.029304027557373,0.63505,0.8385232077563975,10.225452846983462,57.9930305480957,2,21.0,5.268271737586629,5.178535589583324,0.6745746725603545,0.20259207852281289,0.9534907259489889,3.176528870626211,0.8684356689453124,-3.7525101365903217,9.552066097290408e-06,preset_pos_2x,S7,80cb4b3354,1337,renders/S7_glass_preset_pos_2x_seed1337_00001_.png,stage9_images.csv
S7_glass_preset_pos_2x_seed9999_00001_.png,1024,1280,4.0,2.3968684673309326,0.5992171168327332,0.143463134765625,56.86120350771092,3307,3.4912638664245605,4.049482345581055,0.58935,0.8778845641066331,11.404555055538806,51.33607482910156,1,22.0,4.652406407890505,4.948428342685871,0.6377115620477927,0.1728265870321657,0.9513895912135426,3.203348927475451,0.8678855895996094,-3.6815753132473064,9.94543824594419e-06,preset_pos_2x,S7,80cb4b3354,9999,renders/S7_glass_preset_pos_2x_seed9999_00001_.png,stage9_images.csv
S7_glass_preset_pos_2x_seed4242145_00001_.png,1024,1280,4.0,2.459413766860962,0.6148534417152405,0.12849349975585939,57.55946684894053,2926,3.52470326423645,4.041589260101318,0.6131500000000001,0.8598330833142086,10.847813183943792,52.667625427246094,0,22.0,4.869652179932438,4.426609559442935,0.6629604357068601,0.19723649291840412,0.953970160651304,3.201012276508605,0.8650535583496094,-3.6654579396534084,1.0014116617369564e-05,preset_pos_2x,S7,80cb4b3354,4242145,renders/S7_glass_preset_pos_2x_seed4242145_00001_.png,stage9_images.csv
S7_glass_blockshuf_neg_1x_seed42_00001_.png,1024,1280,5.599999904632568,2.48714017868042,0.4441321823278867,0.10701980590820312,130.9738562091503,1071,2.946834087371826,3.7944071292877197,0.54695,0.8811492183909011,11.50825248635305,58.55979537963867,5,16.0,5.85141167575222,8.784338611629526,0.7171646486524303,0.16701336438069986,0.9158396712909689,3.157838827216363,0.8288948059082031,-3.5281104168521638,1.4234400563370064e-05,blockshuf_neg_1x,S7,80cb4b3354,42,renders/S7_glass_blockshuf_neg_1x_seed42_00001_.png,stage9_images.csv
S7_glass_blockshuf_neg_1x_seed777_00001_.png,1024,1280,5.599999904632568,2.245401620864868,0.40096458198282686,0.10844879150390625,133.59586466165413,1064,2.957226276397705,3.765157461166382,0.52155,0.9102533436357918,12.47539313471258,59.04802703857422,4,17.0,5.95805241785635,8.899300243197816,0.7105366912776871,0.1682459833693879,0.9134682919150399,3.155966368724839,0.8335334777832032,-3.494821881249707,1.5795463048089513e-05,blockshuf_neg_1x,S7,80cb4b3354,777,renders/S7_glass_blockshuf_neg_1x_seed777_00001_.png,stage9_images.csv
S7_glass_blockshuf_neg_1x_seed1337_00001_.png,1024,1280,6.0,2.2462894916534424,0.3743815819422404,0.09728469848632812,168.22295514511873,758,2.7721140384674072,3.68963623046875,0.5379999999999999,0.8865988029007912,11.683456210651764,66.16624450683594,4,15.0,5.465508465119704,9.551173555119316,0.72066836163146,0.1666824954375493,0.9154548635153821,3.1338105241396708,0.8450927734375,-3.6994887923880277,1.0555903066512044e-05,blockshuf_neg_1x,S7,80cb4b3354,1337,renders/S7_glass_blockshuf_neg_1x_seed1337_00001_.png,stage9_images.csv
S7_glass_blockshuf_neg_1x_seed9999_00001_.png,1024,1280,5.599999904632568,2.0763070583343506,0.370769123873866,0.111236572265625,137.9375591296121,1057,2.939000129699707,3.782414197921753,0.5176999999999999,0.9035704147044237,12.24636479544406,58.81904220581055,4,17.0,5.779076364990278,9.540522237233139,0.7008528104670715,0.1454624855210196,0.9035369649701956,3.1665895273869062,0.8253822326660156,-3.5285457257353148,1.557367055096251e-05,blockshuf_neg_1x,S7,80cb4b3354,9999,renders/S7_glass_blockshuf_neg_1x_seed9999_00001_.png,stage9_images.csv
S7_glass_blockshuf_neg_1x_seed4242145_00001_.png,1024,1280,5.599999904632568,2.205563545227051,0.3938506397834955,0.1144805908203125,119.65869218500798,1254,3.075305223464966,3.8917324542999268,0.5296,0.9004711157280767,12.141581635924501,52.452823638916016,3,18.0,5.619098401052469,8.331465419132424,0.6913851832627989,0.142828989442429,0.9151438520805328,3.180977931451875,0.8272438049316406,-3.5285589825080814,1.3176804067800552e-05,blockshuf_neg_1x,S7,80cb4b3354,4242145,renders/S7_glass_blockshuf_neg_1x_seed4242145_00001_.png,stage9_images.csv
S7_glass_blockshuf_neg_2x_seed42_00001_.png,1024,1280,4.393799781799316,1.5027167797088623,0.3420084788418558,0.1024993896484375,170.49238578680203,788,2.4661691188812256,3.3804497718811035,0.47155,0.9332438133378717,13.29650570765381,85.23363494873047,4,16.0,5.680318057418941,14.098042318403104,0.7054758118481924,0.12715291021495984,0.8845066602197226,3.1104958491056895,0.83935546875,-3.526634835263731,1.6744444553716953e-05,blockshuf_neg_2x,S7,80cb4b3354,42,renders/S7_glass_blockshuf_neg_2x_seed42_00001_.png,stage9_images.csv
S7_glass_blockshuf_neg_2x_seed777_00001_.png,1024,1280,5.599999904632568,1.7018169164657593,0.3038958831156302,0.101318359375,151.94508009153319,874,2.372612953186035,3.383455514907837,0.49755,0.9075372293409966,12.381797952005911,80.56163024902344,6,16.0,6.080694347687606,14.603812031626134,0.7098258597828497,0.13330673985453928,0.8915048833654236,3.1157809444674083,0.8314331054687499,-3.415279994539546,2.1544203570114635e-05,blockshuf_neg_2x,S7,80cb4b3354,777,renders/S7_glass_blockshuf_neg_2x_seed777_00001_.png,stage9_images.csv
S7_glass_blockshuf_neg_2x_seed1337_00001_.png,1024,1280,5.599999904632568,1.6625316143035889,0.2968806504672025,0.09218826293945312,198.73848684210526,608,2.1943984031677246,3.2097833156585693,0.48925,0.9196165347167986,12.803498231742953,89.8322982788086,5,14.0,5.543037573823076,15.515083117230953,0.7454050421845425,0.14629491053516308,0.8903319925997929,3.05504601172495,0.8554771423339844,-3.5710589001680484,1.5766164441808814e-05,blockshuf_neg_2x,S7,80cb4b3354,1337,renders/S7_glass_blockshuf_neg_2x_seed1337_00001_.png,stage9_images.csv
S7_glass_blockshuf_neg_2x_seed9999_00001_.png,1024,1280,5.599999904632568,1.353074073791504,0.24162037443468187,0.10217056274414063,176.20657894736843,760,2.341723680496216,3.3021581172943115,0.47065,0.9201068936214298,12.82091723993376,81.1898193359375,4,14.0,5.135163093807246,15.359275747033069,0.7063753538495832,0.1425051898069552,0.879740088616193,3.099014632380024,0.8420356750488281,-3.5672195626777525,1.6194872368798355e-05,blockshuf_neg_2x,S7,80cb4b3354,9999,renders/S7_glass_blockshuf_neg_2x_seed9999_00001_.png,stage9_images.csv
S7_glass_blockshuf_neg_2x_seed4242145_00001_.png,1024,1280,4.393799781799316,1.5961796045303345,0.3632800045059584,0.10962677001953125,160.18952062430324,897,2.336167097091675,3.2948572635650635,0.50305,0.9254993195331555,13.014042617086195,90.56317138671875,5,15.0,5.180792860541237,14.441414597214212,0.7185962948005066,0.14421446617937234,0.8829407064215539,3.101423985560195,0.8350059509277343,-3.4323942644208953,2.0795491372586368e-05,blockshuf_neg_2x,S7,80cb4b3354,4242145,renders/S7_glass_blockshuf_neg_2x_seed4242145_00001_.png,stage9_images.csv
S7_glass_rand_pos_1x_seed42_00001_.png,1024,1280,4.0,2.119948387145996,0.529987096786499,0.15981597900390626,64.9934843313683,3223,3.384666919708252,4.003781318664551,0.5177499999999999,0.9032801844507135,12.236514242679995,52.628700256347656,2,21.0,5.101685383282665,9.90105202398438,0.6095661398702877,0.12664243024091207,0.905013410624253,3.1802674432110045,0.8712707519531251,-3.469892265596331,1.6529276896226018e-05,rand_pos_1x,S7,80cb4b3354,42,renders/S7_glass_rand_pos_1x_seed42_00001_.png,stage9_images.csv
S7_glass_rand_pos_1x_seed777_00001_.png,1024,1280,5.599999904632568,2.06010365486145,0.36787565891871554,0.12383804321289063,94.20603598374927,1723,3.0783934593200684,3.8459510803222656,0.5653,0.8891863186565624,11.767576074590833,60.16457748413086,2,18.0,5.715696452533146,11.402060059345354,0.6550708584366303,0.14303863502365682,0.904323081471679,3.145684596870694,0.8709701538085937,-3.6130246316514105,1.3965433642489814e-05,rand_pos_1x,S7,80cb4b3354,777,renders/S7_glass_rand_pos_1x_seed777_00001_.png,stage9_images.csv
S7_glass_rand_pos_1x_seed1337_00001_.png,1024,1280,5.599999904632568,2.0229218006134033,0.36123604197563514,0.12150421142578124,93.95752212389381,1695,3.0172839164733887,3.8426995277404785,0.54045,0.908973513826677,12.431203378304902,64.10143280029297,3,18.0,5.474472006504372,11.19059329331671,0.659462094080439,0.14025029363313227,0.8999300214338705,3.1256515094314152,0.8799209594726562,-3.604396306919558,1.456955139225634e-05,rand_pos_1x,S7,80cb4b3354,1337,renders/S7_glass_rand_pos_1x_seed1337_00001_.png,stage9_images.csv
S7_glass_rand_pos_1x_seed9999_00001_.png,1024,1280,4.393799781799316,2.1720283031463623,0.4943393898246518,0.15314483642578125,73.66238532110091,2725,3.297010660171509,3.9317445755004883,0.51965,0.9002663683623963,12.13469105599201,54.276859283447266,1,20.0,5.055585541367013,10.223385470192454,0.6127427445288152,0.13396947148961624,0.9087017063583683,3.1563325061529026,0.8783538818359374,-3.5501785255377425,1.409497476751406e-05,rand_pos_1x,S7,80cb4b3354,9999,renders/S7_glass_rand_pos_1x_seed9999_00001_.png,stage9_images.csv
S7_glass_rand_pos_1x_seed4242145_00001_.png,1024,1280,4.393799781799316,2.0159873962402344,0.4588255032901527,0.14360885620117186,87.75337995337995,2145,3.209697723388672,3.903992176055908,0.5599000000000001,0.8838955464665826,11.596215835014739,58.06945037841797,1,20.0,5.0817379839480115,10.579453961960146,0.6287093082292513,0.1341316906935825,0.8996472305615032,3.1636284936808963,0.8707427978515625,-3.481366508170875,1.8008637730787925e-05,rand_pos_1x,S7,80cb4b3354,4242145,renders/S7_glass_rand_pos_1x_seed4242145_00001_.png,stage9_images.csv
S7_glass_rand_pos_2x_seed42_00001_.png,1024,1280,5.599999904632568,3.0068602561950684,0.5369393406074275,0.10167694091796875,61.67052290606201,2161,3.1308627128601074,3.9916880130767822,0.5558000000000001,0.8883519043835479,11.74038340031035,74.07686614990234,2,19.0,5.4046818534951715,8.815998524784696,0.6804739591435485,0.13458768016180916,0.9386966041145234,3.0957624871226668,0.8954147338867187,-3.5151901313276017,1.2283844671450632e-05,rand_pos_2x,S7,80cb4b3354,42,renders/S7_glass_rand_pos_2x_seed42_00001_.png,stage9_images.csv
S7_glass_rand_pos_2x_seed777_00001_.png,1024,1280,6.393799781799316,2.8028411865234375,0.43836861994053145,0.08945541381835938,67.34692705341757,1741,2.988739252090454,3.9045753479003906,0.52615,0.9026447982706925,12.214976585870954,73.27312469482422,2,18.0,5.531638404442214,8.808350863067254,0.695222461336066,0.16393532258408483,0.9392811980139602,3.046731561150836,0.9046859741210938,-3.459505655186076,1.4690086594648637e-05,rand_pos_2x,S7,80cb4b3354,777,renders/S7_glass_rand_pos_2x_seed777_00001_.png,stage9_images.csv
S7_glass_rand_pos_2x_seed1337_00001_.png,1024,1280,5.599999904632568,2.560105323791504,0.4571616727481854,0.09416275024414063,74.48461074230538,1657,3.0837910175323486,3.9602503776550293,0.5642999999999999,0.9018567596232405,12.188317132030114,64.93476867675781,0,18.0,5.5970614538977355,7.943392460627173,0.6889420677609821,0.1405204371110345,0.9364222974230818,3.0310707021753975,0.9045326232910155,-3.5006571300862928,1.2574370630395288e-05,rand_pos_2x,S7,80cb4b3354,1337,renders/S7_glass_rand_pos_2x_seed1337_00001_.png,stage9_images.csv
S7_glass_rand_pos_2x_seed9999_00001_.png,1024,1280,6.0,2.575575590133667,0.42926259835561115,0.10904464721679688,66.16990740740741,2160,3.066727876663208,3.925311803817749,0.52275,0.909012731073637,12.432555137518696,66.10356903076172,1,18.0,5.116150744211902,8.055967392265284,0.6727461740475621,0.15782274899722426,0.9398773547336842,3.0489023825595263,0.9071029663085937,-3.499671579292976,1.2785323671336475e-05,rand_pos_2x,S7,80cb4b3354,9999,renders/S7_glass_rand_pos_2x_seed9999_00001_.png,stage9_images.csv
S7_glass_rand_pos_2x_seed4242145_00001_.png,1024,1280,6.0,2.403449296951294,0.40057488282521564,0.09585723876953126,70.78422535211267,1775,2.989173412322998,3.8848299980163574,0.5637,0.8949039754671542,11.9556105449766,72.69873046875,3,18.0,5.450788940749552,8.436236301314512,0.6870478463516438,0.15986747279554359,0.9320182404311392,3.0516654484319754,0.9038719177246093,-3.5166659380524203,1.4183861512123048e-05,rand_pos_2x,S7,80cb4b3354,4242145,renders/S7_glass_rand_pos_2x_seed4242145_00001_.png,stage9_images.csv
S8_charcoal_baseline_seed42_00001_.png,1024,1280,4.0,2.225296974182129,0.5563242435455322,0.20810928344726562,41.74670951943679,6534,3.628046751022339,4.050134181976318,0.4002,0.9500090693109029,13.929159263578596,25.27649688720703,4,19.0,5.368785265382728,13.364627064919988,0.5186176986978677,0.11156724804196351,0.9102596014868343,3.2394455716383423,0.8514259338378906,-3.6092667292669582,1.2941405185668133e-05,baseline,S8,eda77bf9e8,42,renders/S8_charcoal_baseline_seed42_00001_.png,stage9_images.csv
S8_charcoal_baseline_seed777_00001_.png,1024,1280,4.0,2.2630550861358643,0.5657637715339661,0.20669326782226563,38.89132931380993,6966,3.6046173572540283,4.022670745849609,0.39435,0.9410223296359187,13.586381062146687,24.37037467956543,4,19.0,5.320180921094512,15.286112186216352,0.5129869918608958,0.10377725863349646,0.904113090127009,3.2360515420798213,0.8544990539550781,-3.601629029470676,1.3043731451624428e-05,baseline,S8,eda77bf9e8,777,renders/S8_charcoal_baseline_seed777_00001_.png,stage9_images.csv
S8_charcoal_baseline_seed1337_00001_.png,1024,1280,4.393799781799316,2.425403356552124,0.5520058894351555,0.18901290893554687,41.70757575757576,5940,3.518104076385498,4.0330400466918945,0.39015,0.9598081668115565,14.312786503349187,25.039867401123047,3,18.0,5.863066470499886,15.45847896645967,0.549114049943971,0.1273347055214381,0.9131322144977903,3.2238700466987527,0.8552413940429688,-3.669866760931768,1.162283448879071e-05,baseline,S8,eda77bf9e8,1337,renders/S8_charcoal_baseline_seed1337_00001_.png,stage9_images.csv
S8_charcoal_baseline_seed9999_00001_.png,1024,1280,4.0,2.281120777130127,0.5702801942825317,0.19248046875,40.372539606337014,6249,3.556622266769409,4.036096572875977,0.39445,0.9496514029710843,13.915353097033822,24.1854248046875,4,19.0,5.493306270253636,14.933362882232906,0.5435253136693232,0.13303984153354897,0.9132178893208222,3.225397788939035,0.8575721740722657,-3.6391009985454876,1.2519234498618984e-05,baseline,S8,eda77bf9e8,9999,renders/S8_charcoal_baseline_seed9999_00001_.png,stage9_images.csv
S8_charcoal_baseline_seed4242145_00001_.png,1024,1280,4.0,2.322603225708008,0.580650806427002,0.2018829345703125,42.4193651811478,6238,3.5325915813446045,4.037517070770264,0.4465,0.9299786003374289,13.176674448536959,20.737703323364258,4,19.0,5.573199516436784,17.432737984670453,0.5259150469506426,0.12372732782881153,0.8972156385499048,3.225979667808536,0.8569152832031249,-3.6106756209230206,1.3333806040266599e-05,baseline,S8,eda77bf9e8,4242145,renders/S8_charcoal_baseline_seed4242145_00001_.png,stage9_images.csv
S8_charcoal_preset_pos_1x_seed42_00001_.png,1024,1280,2.799999952316284,1.8157235383987427,0.6484727033286896,0.2441986083984375,31.420045155590458,10187,3.8537118434906006,4.09930944442749,0.4651,0.9151278364315509,12.645142112590584,19.694032669067383,2,22.0,4.54357097575477,9.570311197554068,0.4973785989672171,0.11443058605754212,0.9273735686581404,3.269426986047654,0.8283134460449219,-3.224376549028631,2.6641660057328237e-05,preset_pos_1x,S8,eda77bf9e8,42,renders/S8_charcoal_preset_pos_1x_seed42_00001_.png,stage9_images.csv
S8_charcoal_preset_pos_1x_seed777_00001_.png,1024,1280,2.799999952316284,1.7561450004577637,0.6271946537016911,0.23287124633789064,31.492880726372267,9692,3.802724599838257,4.098599433898926,0.50065,0.9079835119838118,12.397128154029744,20.688749313354492,4,21.0,4.5135158749980695,10.005752719827365,0.5026643092415386,0.11682300794954015,0.9289276022991806,3.2683284036846385,0.8273017883300781,-3.2556153290203125,2.442001780486644e-05,preset_pos_1x,S8,eda77bf9e8,777,renders/S8_charcoal_preset_pos_1x_seed777_00001_.png,stage9_images.csv
S8_charcoal_preset_pos_1x_seed1337_00001_.png,1024,1280,2.799999952316284,2.0160841941833496,0.7200300816132355,0.21202316284179687,32.02754408205601,8677,3.7497072219848633,4.102537155151367,0.49365000000000003,0.9065854416589957,12.349166504601339,21.67038917541504,3,20.0,4.9215422989428985,9.933275849923872,0.5349979377870671,0.1273373502319206,0.9353581628048399,3.262029888525438,0.8279151916503906,-3.2763246930649403,2.5816846743340847e-05,preset_pos_1x,S8,eda77bf9e8,1337,renders/S8_charcoal_preset_pos_1x_seed1337_00001_.png,stage9_images.csv
S8_charcoal_preset_pos_1x_seed9999_00001_.png,1024,1280,2.799999952316284,1.9070781469345093,0.681099349789949,0.22855300903320314,31.201853973544424,9601,3.8390140533447266,4.0905375480651855,0.44095,0.942565687697043,13.644643072191071,21.438385009765625,3,21.0,4.745787441247237,9.752098187796829,0.5143469391554065,0.12275393861742656,0.9338584101215147,3.267536457914144,0.8286582946777343,-3.23349592845783,2.5774115171688732e-05,preset_pos_1x,S8,eda77bf9e8,9999,renders/S8_charcoal_preset_pos_1x_seed9999_00001_.png,stage9_images.csv
S8_charcoal_preset_pos_1x_seed4242145_00001_.png,1024,1280,2.799999952316284,1.829552412033081,0.6534115868536334,0.23729248046875,30.193573439471894,10301,3.8338842391967773,4.097955703735352,0.42879999999999996,0.9364876784109014,13.416632594845009,15.804887771606445,2,21.0,4.87932415256154,10.99374834380513,0.49747106194389845,0.1294760011832366,0.9197374357964124,3.2681936489342025,0.8260757446289062,-3.1989944550488847,2.922423269657778e-05,preset_pos_1x,S8,eda77bf9e8,4242145,renders/S8_charcoal_preset_pos_1x_seed4242145_00001_.png,stage9_images.csv
S8_charcoal_preset_pos_2x_seed42_00001_.png,1024,1280,2.0,1.2116367816925049,0.6058183908462524,0.25327072143554685,24.23116788321168,13700,4.004715919494629,4.13015079498291,0.47509999999999997,0.919664892029127,12.805214975068353,13.415799140930176,2,23.0,4.006361573453653,8.816719466961903,0.4875824325711191,0.11764291997929421,0.9305873322559066,3.253308691245154,0.814348602294922,-2.8698120028167273,4.780237642594023e-05,preset_pos_2x,S8,eda77bf9e8,42,renders/S8_charcoal_preset_pos_2x_seed42_00001_.png,stage9_images.csv
S8_charcoal_preset_pos_2x_seed777_00001_.png,1024,1280,2.0,1.431154489517212,0.715577244758606,0.24442214965820314,25.164480402167936,12731,3.950111150741577,4.1266703605651855,0.50545,0.9106212237449027,12.488124280871915,15.968277931213379,2,22.0,4.505556899871588,9.867527399932515,0.4948693639158228,0.1176327344076873,0.9331348797405753,3.2567841232996186,0.8168838500976563,-2.9363982788611014,4.3025832791771e-05,preset_pos_2x,S8,eda77bf9e8,777,renders/S8_charcoal_preset_pos_2x_seed777_00001_.png,stage9_images.csv
S8_charcoal_preset_pos_2x_seed1337_00001_.png,1024,1280,2.0,1.5251152515411377,0.7625576257705688,0.22474594116210939,28.0979587943533,10484,3.9504551887512207,4.127421855926514,0.4898,0.9224785548706387,12.905500782715434,15.488478660583496,3,22.0,4.391019643655721,7.976383019901567,0.5275649432271148,0.12102176551704222,0.9489479419892646,3.2618990858516916,0.8202255249023438,-3.066900268264875,2.837174365196172e-05,preset_pos_2x,S8,eda77bf9e8,1337,renders/S8_charcoal_preset_pos_2x_seed1337_00001_.png,stage9_images.csv
S8_charcoal_preset_pos_2x_seed9999_00001_.png,1024,1280,2.0,1.3638596534729004,0.6819298267364502,0.24441375732421874,27.983752620545072,11448,3.975682497024536,4.12386417388916,0.45395,0.9346556401496504,13.348655752192242,16.789485931396484,3,23.0,3.895519165162192,8.071191283867547,0.5048743446949233,0.11790029618517912,0.9398301188435241,3.2645626368057066,0.8217308044433594,-3.0002845517501235,3.609954502473625e-05,preset_pos_2x,S8,eda77bf9e8,9999,renders/S8_charcoal_preset_pos_2x_seed9999_00001_.png,stage9_images.csv
S8_charcoal_preset_pos_2x_seed4242145_00001_.png,1024,1280,2.0,1.2743462324142456,0.6371731162071228,0.2559089660644531,27.096292107601585,12379,3.9848854541778564,4.127518653869629,0.42619999999999997,0.9492178185397268,13.898634788137178,12.084152221679688,2,23.0,3.983917805166054,7.7642295532147365,0.4918048889991532,0.11224008241483718,0.9351710514801368,3.2625321271357084,0.8190727233886719,-2.9488278852080834,3.909775415143697e-05,preset_pos_2x,S8,eda77bf9e8,4242145,renders/S8_charcoal_preset_pos_2x_seed4242145_00001_.png,stage9_images.csv
S8_charcoal_blockshuf_neg_1x_seed42_00001_.png,1024,1280,4.393799781799316,3.03776216506958,0.6913747362028358,0.15631942749023436,37.84466198743997,5414,3.393281936645508,4.026536464691162,0.4835,0.9294315949001295,13.156705572392472,26.678123474121094,6,15.0,6.690631101903133,21.285015747360408,0.6241109106707845,0.1682151597842243,0.8985183123920684,3.197884019358479,0.8348579406738281,-3.394909594914839,2.2533533712520128e-05,blockshuf_neg_1x,S8,eda77bf9e8,42,renders/S8_charcoal_blockshuf_neg_1x_seed42_00001_.png,stage9_images.csv
S8_charcoal_blockshuf_neg_1x_seed777_00001_.png,1024,1280,4.393799781799316,2.8381309509277344,0.6459399817634576,0.16282196044921876,39.15134837644469,5451,3.402951955795288,3.980313539505005,0.46945000000000003,0.9369865403333665,13.435202501252915,26.460477828979492,6,15.0,6.274663446001454,22.85712719712385,0.6095246535642915,0.14390080207940842,0.8937228942774638,3.194495438687984,0.8456535339355469,-3.4433866135106377,1.831842646934181e-05,blockshuf_neg_1x,S8,eda77bf9e8,777,renders/S8_charcoal_blockshuf_neg_1x_seed777_00001_.png,stage9_images.csv
S8_charcoal_blockshuf_neg_1x_seed1337_00001_.png,1024,1280,5.599999904632568,3.0676701068878174,0.547798242701773,0.1542938232421875,44.18527419707232,4577,3.2485153675079346,3.9698169231414795,0.5085,0.9151879731516691,12.647250668451886,29.156627655029297,6,15.0,6.51011498720422,24.535175366799212,0.6286363385989704,0.16103301262380645,0.8976117482549553,3.1689670415632323,0.8632644653320312,-3.475198108416037,1.967246524752462e-05,blockshuf_neg_1x,S8,eda77bf9e8,1337,renders/S8_charcoal_blockshuf_neg_1x_seed1337_00001_.png,stage9_images.csv
S8_charcoal_blockshuf_neg_1x_seed9999_00001_.png,1024,1280,4.393799781799316,2.86454439163208,0.6519515075534491,0.15941390991210938,38.515576036866356,5425,3.3470940589904785,3.9711782932281494,0.48455,0.9282506819999581,13.113698518940073,27.3963565826416,4,15.0,6.485796358859312,21.404667355421758,0.6244323484768914,0.18041870534005552,0.907199733121052,3.1538959739076566,0.8725395202636719,-3.5342607475523917,1.555727187724756e-05,blockshuf_neg_1x,S8,eda77bf9e8,9999,renders/S8_charcoal_blockshuf_neg_1x_seed9999_00001_.png,stage9_images.csv
S8_charcoal_blockshuf_neg_1x_seed4242145_00001_.png,1024,1280,4.393799781799316,2.8678431510925293,0.6527022835615216,0.17198104858398439,44.69052339413164,5044,3.2894465923309326,3.973797082901001,0.4739,0.9216075185488534,12.874371273869887,22.517284393310547,4,16.0,6.4523401762461345,20.901869637836633,0.5944674848329956,0.15210152671323146,0.8994368838403485,3.1851728955528245,0.8631576538085938,-3.551519055953658,1.4249628694080103e-05,blockshuf_neg_1x,S8,eda77bf9e8,4242145,renders/S8_charcoal_blockshuf_neg_1x_seed4242145_00001_.png,stage9_images.csv
S8_charcoal_blockshuf_neg_2x_seed42_00001_.png,1024,1280,6.196899890899658,3.7882440090179443,0.6113127653685514,0.09625778198242188,42.01365301365301,3003,2.844731330871582,3.848221778869629,0.78145,0.6897233555126115,6.768768716922493,39.42955017089844,1,10.0,6.823255337404084,22.09928868193351,0.7675388902537458,0.4302280822276666,0.9300033631240487,2.38855886409901,0.9486396789550782,-3.536363925377389,1.5640272052597348e-05,blockshuf_neg_2x,S8,eda77bf9e8,42,renders/S8_charcoal_blockshuf_neg_2x_seed42_00001_.png,stage9_images.csv
S8_charcoal_blockshuf_neg_2x_seed777_00001_.png,1024,1280,6.0,3.9488565921783447,0.6581427653630575,0.09456939697265625,37.89483338428615,3271,2.927025556564331,3.9366636276245117,0.77555,0.6794602712877333,6.578875837536837,44.33482360839844,0,9.0,6.966860925018388,24.70317974293718,0.7693923686871955,0.443006854384894,0.9310385162351928,2.401298750729883,0.94600830078125,-3.618862651587312,1.4354377611705446e-05,blockshuf_neg_2x,S8,eda77bf9e8,777,renders/S8_charcoal_blockshuf_neg_2x_seed777_00001_.png,stage9_images.csv
S8_charcoal_blockshuf_neg_2x_seed1337_00001_.png,1024,1280,7.19379997253418,3.804691791534424,0.5288848461259251,0.09483795166015625,43.70815752461322,2844,2.8659262657165527,3.9196364879608154,0.7592000000000001,0.6915666133423639,6.80344970314744,58.967227935791016,2,10.0,6.799569532568198,23.311832442552728,0.7738894280428923,0.4335627324314993,0.9294144717690425,2.3656707640233816,0.9484352111816406,-3.567403272743116,1.543879137426134e-05,blockshuf_neg_2x,S8,eda77bf9e8,1337,renders/S8_charcoal_blockshuf_neg_2x_seed1337_00001_.png,stage9_images.csv
S8_charcoal_blockshuf_neg_2x_seed9999_00001_.png,1024,1280,8.0,3.9400970935821533,0.49251213669776917,0.07472915649414062,36.72628421447319,2667,2.654139757156372,3.7758798599243164,0.8237499999999999,0.5992174795779089,5.266592800509051,45.19144821166992,0,7.0,6.297175634154228,20.056340056341064,0.8098505638504887,0.507563136109487,0.9464071101846465,2.0887989311307282,0.9612648010253906,-3.600523126847804,1.2065373954500385e-05,blockshuf_neg_2x,S8,eda77bf9e8,9999,renders/S8_charcoal_blockshuf_neg_2x_seed9999_00001_.png,stage9_images.csv
S8_charcoal_blockshuf_neg_2x_seed4242145_00001_.png,1024,1280,7.19379997253418,3.948695421218872,0.5489025878249231,0.0944610595703125,39.7470304975923,3115,2.7621424198150635,3.828866481781006,0.7911999999999999,0.6440958608592265,5.964426578171165,40.03483200073242,0,10.0,6.871495378639806,25.564746012390458,0.7712635320321302,0.47958775533447195,0.9296849540568639,2.242047911907322,0.9531867980957032,-3.5942232834617,1.493510706039699e-05,blockshuf_neg_2x,S8,eda77bf9e8,4242145,renders/S8_charcoal_blockshuf_neg_2x_seed4242145_00001_.png,stage9_images.csv
S8_charcoal_rand_pos_1x_seed42_00001_.png,1024,1280,4.0,1.9739352464675903,0.4934838116168976,0.23505020141601562,43.58870967741935,7068,3.72949481010437,4.049901008605957,0.41125,0.9231512428803541,12.929593127074616,21.102758407592773,3,21.0,4.6651627785105205,10.181502573722147,0.4980249085537649,0.09886182107713015,0.9122878533444958,3.2498255022468596,0.8558639526367188,-3.502509737384948,1.4828584422041044e-05,rand_pos_1x,S8,eda77bf9e8,42,renders/S8_charcoal_rand_pos_1x_seed42_00001_.png,stage9_images.csv
S8_charcoal_rand_pos_1x_seed777_00001_.png,1024,1280,4.0,2.0251424312591553,0.5062856078147888,0.224761962890625,38.686802363755746,7615,3.686941623687744,4.03695011138916,0.4455,0.9185691525453681,12.766371318690238,21.325986862182617,3,20.0,5.068388030989804,12.567628764739673,0.501134587043809,0.09641645821104344,0.9042558724933598,3.2483037171764395,0.8542961120605469,-3.422239681016181,1.7437254157373403e-05,rand_pos_1x,S8,eda77bf9e8,777,renders/S8_charcoal_rand_pos_1x_seed777_00001_.png,stage9_images.csv
S8_charcoal_rand_pos_1x_seed1337_00001_.png,1024,1280,4.0,2.1269264221191406,0.5317316055297852,0.20660934448242188,40.38279152997316,6706,3.6115200519561768,4.031773090362549,0.4708,0.9113561018189862,12.51359495680149,24.57549285888672,4,20.0,5.392485536203524,12.242896039230624,0.5339968680412686,0.11769725443285699,0.9115378778575988,3.2453588556914474,0.8499160766601561,-3.4262532942062824,1.7822488876791364e-05,rand_pos_1x,S8,eda77bf9e8,1337,renders/S8_charcoal_rand_pos_1x_seed1337_00001_.png,stage9_images.csv
S8_charcoal_rand_pos_1x_seed9999_00001_.png,1024,1280,4.0,2.2343835830688477,0.5585958957672119,0.20386123657226562,40.59015646361841,6583,3.588559150695801,4.036523818969727,0.41885,0.9366615630820313,13.423102456153027,29.325782775878906,4,20.0,5.411651820769374,12.354229769956877,0.536384521849578,0.10389720682308767,0.9204537030652558,3.2357204633061474,0.8601730346679688,-3.516047304175286,1.3790827216567608e-05,rand_pos_1x,S8,eda77bf9e8,9999,renders/S8_charcoal_rand_pos_1x_seed9999_00001_.png,stage9_images.csv
S8_charcoal_rand_pos_1x_seed4242145_00001_.png,1024,1280,4.0,1.9902369976043701,0.49755924940109253,0.21741409301757814,40.62280826799715,7015,3.6724908351898193,4.030574321746826,0.4163,0.9383498797954933,13.48608339665219,16.989164352416992,3,20.0,5.153685007384959,12.174793907222307,0.5151599944873126,0.11537170530705687,0.9040378553555836,3.247969735537838,0.85299072265625,-3.4099377991313102,1.8862187374657684e-05,rand_pos_1x,S8,eda77bf9e8,4242145,renders/S8_charcoal_rand_pos_1x_seed4242145_00001_.png,stage9_images.csv
S8_charcoal_rand_pos_2x_seed42_00001_.png,1024,1280,4.0,2.309056282043457,0.5772640705108643,0.19988632202148438,45.87550341446332,5711,3.584655284881592,4.076501846313477,0.43795000000000006,0.9126500658637807,12.558569735142854,26.401798248291016,1,21.0,5.025809131548712,10.995983323147522,0.5261434009508881,0.09227736506714357,0.9178712442976334,3.2003616774982033,0.8762107849121094,-3.6062157860860378,1.1843803535302762e-05,rand_pos_2x,S8,eda77bf9e8,42,renders/S8_charcoal_rand_pos_2x_seed42_00001_.png,stage9_images.csv
S8_charcoal_rand_pos_2x_seed777_00001_.png,1024,1280,4.0,2.2996132373809814,0.5749033093452454,0.20219268798828124,43.26118184786157,6126,3.5700266361236572,4.052060604095459,0.39395,0.9354580969891751,13.378388009685258,22.673974990844727,4,21.0,4.921661651360644,13.141164805242902,0.523597002295784,0.09247204326023654,0.9104279264690677,3.2160417672611246,0.8693923950195312,-3.4665766028022857,1.6731102393902682e-05,rand_pos_2x,S8,eda77bf9e8,777,renders/S8_charcoal_rand_pos_2x_seed777_00001_.png,stage9_images.csv
S8_charcoal_rand_pos_2x_seed1337_00001_.png,1024,1280,4.0,2.293774127960205,0.5734435319900513,0.19565582275390625,47.115561271357706,5443,3.5053632259368896,4.043602466583252,0.46765,0.912087443252939,12.538994628935727,35.1955680847168,4,21.0,4.911056982873754,11.783312271424197,0.5325620163551441,0.09479487589810581,0.9133294167916761,3.2044513252871916,0.8699684143066406,-3.465983520511834,1.684844611516065e-05,rand_pos_2x,S8,eda77bf9e8,1337,renders/S8_charcoal_rand_pos_2x_seed1337_00001_.png,stage9_images.csv
S8_charcoal_rand_pos_2x_seed9999_00001_.png,1024,1280,4.0,2.370933771133423,0.5927334427833557,0.18273086547851564,43.68210833485318,5483,3.5485587120056152,4.08866024017334,0.4334,0.9434448440995744,13.677942991990811,34.67617416381836,3,20.0,5.155583059694238,12.561185621195412,0.5511457811018168,0.1168806941869294,0.9290298937606407,3.216260451530591,0.8738182067871093,-3.5075895092449345,1.6251769909353706e-05,rand_pos_2x,S8,eda77bf9e8,9999,renders/S8_charcoal_rand_pos_2x_seed9999_00001_.png,stage9_images.csv
S8_charcoal_rand_pos_2x_seed4242145_00001_.png,1024,1280,4.0,2.246647357940674,0.5616618394851685,0.20238876342773438,46.43357255382461,5713,3.59501576423645,4.054145336151123,0.40865,0.9423629190226972,13.636974289691663,22.971790313720703,3,21.0,5.277480018430397,11.630717755707902,0.5351823690891322,0.09508570716612641,0.9151170308592386,3.21047324498105,0.8722686767578125,-3.549062773132293,1.3381582450003422e-05,rand_pos_2x,S8,eda77bf9e8,4242145,renders/S8_charcoal_rand_pos_2x_seed4242145_00001_.png,stage9_images.csv
I06_chaos_edges_v2_seed42_00001_.png,1024,1280,4.393799781799316,2.580589532852173,0.5873252448921077,0.08252716064453125,154.08831908831908,702,2.57800030708313,3.6894071102142334,0.53575,0.8832932352309963,11.576866763488187,41.384761810302734,3,13.0,5.588957399082924,7.796711987198693,0.7958811346252179,0.24263358764650161,0.9055011080948543,2.8857596296193013,0.86314697265625,-3.5754566831428964,9.139282297119166e-06,chaos_edges_v2,I06,a324a148e4,42,renders/I06_chaos_edges_v2_seed42_00001_.png,stage9_images.csv
I06_chaos_edges_v2_seed777_00001_.png,1024,1280,4.393799781799316,2.5388457775115967,0.5778246400822359,0.0922943115234375,162.3785234899329,745,2.4352293014526367,3.465393543243408,0.53125,0.8915510503978548,11.844982825039319,43.877662658691406,4,13.0,5.472082051443293,8.024811689628773,0.792864882149962,0.2712410643603143,0.9176754525734859,2.8368041460470512,0.8768211364746095,-3.519828840740291,1.0977148786540292e-05,chaos_edges_v2,I06,a324a148e4,777,renders/I06_chaos_edges_v2_seed777_00001_.png,stage9_images.csv
I06_chaos_edges_v2_seed1337_00001_.png,1024,1280,4.393799781799316,2.410611629486084,0.5486393894122568,0.09920883178710938,148.10364464692483,878,2.5064961910247803,3.6350772380828857,0.51195,0.9079690476316531,12.396630993294547,39.57073211669922,4,14.0,5.286253030192054,7.746482299616666,0.7776328847593542,0.25220175476554696,0.9299682804506229,3.0009506061834217,0.8492843627929687,-3.5339666944544654,9.917117576175484e-06,chaos_edges_v2,I06,a324a148e4,1337,renders/I06_chaos_edges_v2_seed1337_00001_.png,stage9_images.csv
I06_chaos_edges_v2_seed9999_00001_.png,1024,1280,4.393799781799316,2.4447426795959473,0.5564073924631118,0.09313583374023438,138.40702947845804,882,2.525648832321167,3.5845673084259033,0.5798,0.8681659796065172,11.101355345797334,44.711483001708984,3,13.0,5.439191424013997,8.279544298253725,0.7832124739004692,0.2810909610177941,0.9121998070638037,2.8131439643470513,0.8805587768554687,-3.491925210968401,1.3335034242152979e-05,chaos_edges_v2,I06,a324a148e4,9999,renders/I06_chaos_edges_v2_seed9999_00001_.png,stage9_images.csv
I06_chaos_edges_v2_seed4242145_00001_.png,1024,1280,4.393799781799316,2.4491848945617676,0.5574184114413141,0.09310073852539062,142.0593713620489,859,2.4265084266662598,3.5623550415039062,0.57785,0.8611089324469736,10.886254242346373,43.34413528442383,4,13.0,5.3852339717679465,7.829876538790696,0.7924679770401701,0.27999976074782673,0.919698351365288,2.7821428111645585,0.8869110107421875,-3.5401327172750965,1.117735869900505e-05,chaos_edges_v2,I06,a324a148e4,4242145,renders/I06_chaos_edges_v2_seed4242145_00001_.png,stage9_images.csv
I07_chaos_edges_v2_seed42_00001_.png,1024,1280,4.0,2.435349702835083,0.6088374257087708,0.07161865234375,73.5097885669538,1277,2.868072032928467,3.53117299079895,0.65645,0.8189569008076742,9.685507219838868,84.93090057373047,2,15.0,5.939481594214897,3.761843502303008,0.8385899176327127,0.3402857622131322,0.9501141942075987,2.433970807163141,0.9435287475585938,-3.370538294382768,1.1543675388769587e-05,chaos_edges_v2,I07,402376662d,42,renders/I07_chaos_edges_v2_seed42_00001_.png,stage9_images.csv
I07_chaos_edges_v2_seed777_00001_.png,1024,1280,4.0,2.3324825763702393,0.5831206440925598,0.068310546875,84.62759924385634,1058,2.769310712814331,3.490262746810913,0.5950500000000001,0.8683450987632184,11.106869911780397,78.55889892578125,2,15.0,5.88388661795107,3.9549259614603245,0.8375363032290544,0.2985736531611112,0.9635357687339938,2.390078579261426,0.945989227294922,-3.5465514678721126,6.044851986811332e-06,chaos_edges_v2,I07,402376662d,777,renders/I07_chaos_edges_v2_seed777_00001_.png,stage9_images.csv
I07_chaos_edges_v2_seed1337_00001_.png,1024,1280,4.0,2.3841261863708496,0.5960315465927124,0.06615447998046875,90.22892819979188,961,2.8368866443634033,3.4693264961242676,0.67935,0.8130334145917802,9.527737450509346,83.98760986328125,3,16.0,6.285770746389748,4.64702437250015,0.845510416478917,0.33502618177275945,0.9343636613610686,2.3028926411223636,0.950421142578125,-3.5236868133843418,9.163744261512236e-06,chaos_edges_v2,I07,402376662d,1337,renders/I07_chaos_edges_v2_seed1337_00001_.png,stage9_images.csv
I07_chaos_edges_v2_seed9999_00001_.png,1024,1280,4.0,2.5446925163269043,0.6361731290817261,0.07398910522460937,85.29375549692172,1137,2.80426287651062,3.5202555656433105,0.63835,0.8314750626595646,10.027570823394157,73.91912841796875,3,15.0,5.692061706696899,4.6496327379880436,0.8224823350253263,0.31820943721393,0.9545210634145243,2.4523501205498204,0.9454711914062499,-3.560594754661906,7.278857062795686e-06,chaos_edges_v2,I07,402376662d,9999,renders/I07_chaos_edges_v2_seed9999_00001_.png,stage9_images.csv
I07_chaos_edges_v2_seed4242145_00001_.png,1024,1280,4.0,2.2456400394439697,0.5614100098609924,0.06792678833007812,87.11643835616438,1022,2.837838649749756,3.5285189151763916,0.6305499999999999,0.8325913427426114,10.058654086699496,94.75428771972656,3,15.5,6.239952744978634,2.65532798048935,0.8396895936157942,0.3299555261664926,0.945658889966199,2.3952992338321355,0.941070556640625,-3.432673918864388,1.0037304280816415e-05,chaos_edges_v2,I07,402376662d,4242145,renders/I07_chaos_edges_v2_seed4242145_00001_.png,stage9_images.csv
I20_chaos_edges_v2_seed42_00001_.png,1024,1280,2.799999952316284,2.1614179611206055,0.7719349992604766,0.05374069213867187,154.13347921225383,457,3.0738089084625244,3.7345364093780518,0.5818,0.8456808926123847,10.430407158204815,29.267995834350586,3,16.0,6.023308529222141,1.9035311459789677,0.8541058855308767,0.312627032874134,0.9452037345133854,2.9713640440141003,0.8343063354492188,-3.523002031548368,8.279869635177537e-06,chaos_edges_v2,I20,952efcc3c6,42,renders/I20_chaos_edges_v2_seed42_00001_.png,stage9_images.csv
I20_chaos_edges_v2_seed777_00001_.png,1024,1280,4.0,2.130953550338745,0.5327383875846863,0.060577392578125,170.752688172043,465,3.0060999393463135,3.741941213607788,0.54845,0.8693005138839313,11.13633071559996,29.16073226928711,3,16.0,5.877375374708562,1.9506742650964324,0.8371177867217031,0.28709581705524667,0.9365954283824662,2.961012042729418,0.8353561401367187,-3.5414846854880406,9.314489600182988e-06,chaos_edges_v2,I20,952efcc3c6,777,renders/I20_chaos_edges_v2_seed777_00001_.png,stage9_images.csv
I20_chaos_edges_v2_seed1337_00001_.png,1024,1280,4.0,2.1991336345672607,0.5497834086418152,0.06025009155273438,171.67608695652174,460,3.0274925231933594,3.671470880508423,0.5202,0.8793095647328807,11.44970290538829,29.624008178710938,3,15.0,6.000183123557845,2.144483570674451,0.8417694735870104,0.26244396112471496,0.9463708907073682,2.9268956778091244,0.8603858947753906,-3.5864224535080806,7.350852327156935e-06,chaos_edges_v2,I20,952efcc3c6,1337,renders/I20_chaos_edges_v2_seed1337_00001_.png,stage9_images.csv
I20_chaos_edges_v2_seed9999_00001_.png,1024,1280,4.0,2.247580051422119,0.5618950128555298,0.062322235107421874,178.35589519650654,458,3.096909999847412,3.9151387214660645,0.57815,0.869502714142445,11.14257569515558,29.515666961669922,3,16.0,5.743476355206144,2.0817379092186212,0.8387798580443714,0.28906420938023486,0.9377884171037307,3.031577787911501,0.8225852966308594,-3.551014381439741,8.811941002087614e-06,chaos_edges_v2,I20,952efcc3c6,9999,renders/I20_chaos_edges_v2_seed9999_00001_.png,stage9_images.csv
I20_chaos_edges_v2_seed4242145_00001_.png,1024,1280,4.0,2.2983570098876953,0.5745892524719238,0.05645675659179687,161.5698689956332,458,2.834092378616333,3.5085206031799316,0.63195,0.8321858744034549,10.047352532287476,29.767074584960938,3,15.0,5.838315001573696,2.0454906666311845,0.8616970534149447,0.3323119155035705,0.9339778498069442,2.607604661811407,0.9008941650390625,-3.546491717527835,8.898353046307775e-06,chaos_edges_v2,I20,952efcc3c6,4242145,renders/I20_chaos_edges_v2_seed4242145_00001_.png,stage9_images.csv
I24_chaos_edges_v2_seed42_00001_.png,1024,1280,4.0,2.398547410964966,0.5996368527412415,0.074237060546875,135.33240611961057,719,2.589275360107422,3.500232696533203,0.4947,0.9271647886858657,13.074276015680708,81.15858459472656,5,15.0,6.457534786088235,5.426660448285269,0.8136357305962341,0.24684200798252995,0.9149430055309146,2.703376310589539,0.92047119140625,-3.50727263881424,5.054587245248946e-06,chaos_edges_v2,I24,66faaa372d,42,renders/I24_chaos_edges_v2_seed42_00001_.png,stage9_images.csv
I24_chaos_edges_v2_seed777_00001_.png,1024,1280,4.0,2.4396886825561523,0.6099221706390381,0.07607498168945312,138.29819694868237,721,2.6415352821350098,3.613170862197876,0.5122500000000001,0.9304633118308508,13.194394559795475,87.10975646972656,4,17.0,5.7195508434990145,5.653501383364149,0.7967933580014734,0.24033251486914467,0.9060602667039068,2.841348951669652,0.9081016540527344,-3.5067153478322473,5.197921876168751e-06,chaos_edges_v2,I24,66faaa372d,777,renders/I24_chaos_edges_v2_seed777_00001_.png,stage9_images.csv
I24_chaos_edges_v2_seed1337_00001_.png,1024,1280,4.0,2.3035013675689697,0.5758753418922424,0.07124176025390624,118.2,790,2.5623319149017334,3.49273419380188,0.42215,0.9532415358287972,14.054557660284008,85.5858154296875,4,15.5,6.048884065470258,4.944298442657043,0.8026315244179045,0.2136804701085569,0.9262414148172895,2.7790066102971442,0.9196159362792969,-3.4935725732415537,4.962450407026682e-06,chaos_edges_v2,I24,66faaa372d,1337,renders/I24_chaos_edges_v2_seed1337_00001_.png,stage9_images.csv
I24_chaos_edges_v2_seed9999_00001_.png,1024,1280,4.0,2.4880194664001465,0.6220048666000366,0.06517486572265625,177.23236514522821,482,2.6490113735198975,3.6026759147644043,0.45025,0.9424120213205425,13.638830960260737,85.75119018554688,5,15.0,6.020093308039336,5.024018771150472,0.8137659838788955,0.2456310510804269,0.9035538977830713,2.835140479663304,0.9097602844238281,-3.5524130585954445,4.8253698733932e-06,chaos_edges_v2,I24,66faaa372d,9999,renders/I24_chaos_edges_v2_seed9999_00001_.png,stage9_images.csv
I24_chaos_edges_v2_seed4242145_00001_.png,1024,1280,4.0,2.328923463821411,0.5822308659553528,0.0751495361328125,134.93150684931507,730,2.490405559539795,3.4695401191711426,0.46640000000000004,0.9362400794879484,13.407425371679096,84.74980163574219,5,16.0,6.004571045253774,5.94541049662813,0.8028112060797857,0.26094581135329886,0.916840775584217,2.782178638328537,0.9197036743164062,-3.4854982124956977,5.784796422722265e-06,chaos_edges_v2,I24,66faaa372d,4242145,renders/I24_chaos_edges_v2_seed4242145_00001_.png,stage9_images.csv
I01_baseline_seed4242145_00001_.png,1024,1280,4.0,2.2864561080932617,0.5716140270233154,0.11595077514648437,85.28563411896745,1782,2.991621732711792,4.004787921905518,0.5558,0.8999102007624072,12.122713887216046,41.771392822265625,6,13.0,5.392351767590474,19.084537236617194,0.7109415044873724,0.1834286436367249,0.8905594367468033,3.115170029999302,0.8254547119140626,-3.4106022897687933,1.1984774594409941e-05,baseline,I01,2adb8ea1cd,4242145,renders/I01_baseline_seed4242145_00001_.png,stage7a_images.csv
I01_baseline_seed42_00001_.png,1024,1280,4.0,2.419079303741455,0.6047698259353638,0.11516036987304687,74.42948717948718,2028,2.9704513549804688,4.058276653289795,0.5590999999999999,0.8994599562089872,12.107590024392701,41.67897415161133,6,14.0,5.864790441603518,19.602998636428666,0.7109649463366313,0.21785550322642458,0.8855470429714551,3.1229104863568082,0.8239021301269531,-3.46218638801735,1.0003223801638374e-05,baseline,I01,2adb8ea1cd,42,renders/I01_baseline_seed42_00001_.png,stage7a_images.csv
I01_baseline_seed1337_00001_.png,1024,1280,4.0,2.4070827960968018,0.6017706990242004,0.1129119873046875,99.86234817813765,1482,2.9138643741607666,3.968740463256836,0.5610499999999999,0.8947588619644531,11.950801291442795,38.94624328613281,6,13.0,5.8725526817560345,19.322894421900592,0.7182368470349283,0.2228324769275326,0.897194292076952,3.0914790042946807,0.8229377746582032,-3.453043881438483,1.0134219385173619e-05,baseline,I01,2adb8ea1cd,1337,renders/I01_baseline_seed1337_00001_.png,stage7a_images.csv
I01_baseline_seed777_00001_.png,1024,1280,4.0,2.389617443084717,0.5974043607711792,0.11260147094726562,81.67625899280576,1807,2.998867988586426,4.06125545501709,0.59715,0.8806379306034051,11.491950051860517,40.408599853515625,6,13.0,5.835580385660025,18.65530968429165,0.7042526210303126,0.17070326396744706,0.8902975904595756,3.129290274069692,0.8228324890136718,-3.4230542902082433,1.0981626568969821e-05,baseline,I01,2adb8ea1cd,777,renders/I01_baseline_seed777_00001_.png,stage7a_images.csv
I01_baseline_seed9999_00001_.png,1024,1280,4.0,2.302588939666748,0.575647234916687,0.1248504638671875,78.52399232245682,2084,2.945272445678711,4.036726474761963,0.5647,0.8990241143068003,12.09296792391032,39.62357711791992,5,15.0,5.846099126768208,19.595514937879337,0.7022842671971006,0.21388089146198658,0.8835543976105045,3.1164607372484827,0.8278488159179687,-3.4365122409097792,1.0743465887692029e-05,baseline,I01,2adb8ea1cd,9999,renders/I01_baseline_seed9999_00001_.png,stage7a_images.csv
I02_baseline_seed4242145_00001_.png,1024,1280,4.0,2.2985141277313232,0.5746285319328308,0.10867462158203126,112.5134281200632,1266,2.7137691974639893,3.833313465118408,0.5174,0.9036972548728445,12.25067230076016,26.5526180267334,6,13.0,5.824424037177687,14.504700838271074,0.7306090647586472,0.23219621770071094,0.8993617659499579,3.118281354042359,0.8296318054199219,-3.514106825717794,1.139651735997929e-05,baseline,I02,0aa12a28b0,4242145,renders/I02_baseline_seed4242145_00001_.png,stage7a_images.csv
I02_baseline_seed42_00001_.png,1024,1280,4.393799781799316,2.1948444843292236,0.4995322029513159,0.10723800659179687,119.93088737201366,1172,2.6861720085144043,3.8431546688079834,0.42889999999999995,0.9499703171781652,13.927662743201907,26.86710548400879,6,13.0,6.418631685070843,13.877327806465862,0.7348132673585417,0.18930793966625423,0.9003072002511471,3.1223160680401905,0.8223991394042969,-3.5411826777677424,8.597647864032649e-06,baseline,I02,0aa12a28b0,42,renders/I02_baseline_seed42_00001_.png,stage7a_images.csv
I02_baseline_seed1337_00001_.png,1024,1280,4.393799781799316,2.141554355621338,0.48740371932567766,0.09818344116210938,136.32521186440678,944,2.692775249481201,3.9662559032440186,0.4615,0.9330073718329327,13.287791972667513,28.30530548095703,5,13.0,6.1427462802887005,14.25486024404386,0.7470947758020454,0.20853752376017576,0.899322991224313,3.0989899499919216,0.8343360900878906,-3.5628404570210868,1.007912583660528e-05,baseline,I02,0aa12a28b0,1337,renders/I02_baseline_seed1337_00001_.png,stage7a_images.csv
I02_baseline_seed777_00001_.png,1024,1280,4.0,2.329479217529297,0.5823698043823242,0.109759521484375,118.40658436213992,1215,2.6788434982299805,3.8179497718811035,0.476,0.9345425896163868,13.344472370038067,29.13245964050293,6,11.0,5.897668661552139,15.819858584943162,0.7229284516641564,0.20089604947379663,0.8911044739651037,3.12927408973686,0.8214485168457032,-3.536871414650495,1.085365240762606e-05,baseline,I02,0aa12a28b0,777,renders/I02_baseline_seed777_00001_.png,stage7a_images.csv
I02_baseline_seed9999_00001_.png,1024,1280,4.0,2.2376317977905273,0.5594079494476318,0.11082992553710938,119.46299342105263,1216,2.6269941329956055,3.742344856262207,0.4817,0.9256789034944294,13.020524084602528,23.842885971069336,5,12.0,6.260768481322222,16.17831688718963,0.7280839978745184,0.2208820737425143,0.8927874287134676,3.1167560552654345,0.8290992736816406,-3.5147138329100205,1.1667163131604022e-05,baseline,I02,0aa12a28b0,9999,renders/I02_baseline_seed9999_00001_.png,stage7a_images.csv
I03_baseline_seed4242145_00001_.png,1024,1280,4.0,2.66683292388916,0.66670823097229,0.11418838500976562,84.75028312570781,1766,3.1111443042755127,3.8473262786865234,0.55345,0.8857700239503574,11.656640048647985,32.70527648925781,5,12.0,6.02236013818929,15.981546160253536,0.7349832731061094,0.2588030278219733,0.8918396551986245,3.1005089604367946,0.8343460083007812,-3.445412065154299,1.565091371430618e-05,baseline,I03,c31d285321,4242145,renders/I03_baseline_seed4242145_00001_.png,stage7a_images.csv
I03_baseline_seed42_00001_.png,1024,1280,4.0,2.7809691429138184,0.6952422857284546,0.11205825805664063,77.75383800952885,1889,3.097093343734741,3.955918550491333,0.57065,0.8784289892045619,11.421782852875488,36.229774475097656,4,11.0,6.22236276968002,15.047881712843033,0.7351168398581641,0.23841158643339233,0.8948727549810664,3.1113502229980314,0.827783203125,-3.4014406033362494,1.6324576923074853e-05,baseline,I03,c31d285321,42,renders/I03_baseline_seed42_00001_.png,stage7a_images.csv
I03_baseline_seed1337_00001_.png,1024,1280,4.0,2.7673428058624268,0.6918357014656067,0.11053695678710937,76.17402733964248,1902,3.1520116329193115,3.956085205078125,0.5484,0.8931860964074082,11.898801702289251,34.70798873901367,4,13.0,6.062619562503939,16.388056330031382,0.7175469240627903,0.20092139506683554,0.8875403772495509,3.130235588903493,0.8229438781738282,-3.4460921451882474,1.4619417427116332e-05,baseline,I03,c31d285321,1337,renders/I03_baseline_seed1337_00001_.png,stage7a_images.csv
I03_baseline_seed777_00001_.png,1024,1280,4.0,2.6794190406799316,0.6698547601699829,0.11666107177734375,74.15615906886518,2062,3.1064651012420654,3.8718833923339844,0.5802499999999999,0.8713699033925331,11.20040980143268,33.89657211303711,4,12.0,6.260059424895306,16.740086789164195,0.7304392923922445,0.2647784621754023,0.905307304199826,3.114587025892788,0.8307991027832031,-3.4418000318003896,1.3807056869632274e-05,baseline,I03,c31d285321,777,renders/I03_baseline_seed777_00001_.png,stage7a_images.csv
I03_baseline_seed9999_00001_.png,1024,1280,4.393799781799316,2.7531044483184814,0.6265885076791211,0.11128768920898438,78.25482832618026,1864,3.1110281944274902,3.838637351989746,0.62995,0.8396535570674821,10.257549621592908,30.06247901916504,6,12.0,6.035142953178752,17.091846220569725,0.7411029085490959,0.2959615817154967,0.9305341506408781,3.071642905256866,0.8418258666992187,-3.4677083966124207,1.1850632627896077e-05,baseline,I03,c31d285321,9999,renders/I03_baseline_seed9999_00001_.png,stage7a_images.csv
I04_baseline_seed4242145_00001_.png,1024,1280,4.393799781799316,2.714852809906006,0.6178826857682257,0.09434661865234376,96.76212832550861,1278,2.9070706367492676,3.91339111328125,0.587,0.8161530578310064,9.610504930175383,43.49821472167969,2,10.0,5.716369039871377,14.086591536345484,0.7671613906761704,0.3321850044269323,0.8932843272737063,3.024501013953414,0.8384376525878906,-3.4076856501557202,1.9902457814718827e-05,baseline,I04,bb8edafd35,4242145,renders/I04_baseline_seed4242145_00001_.png,stage7a_images.csv
I04_baseline_seed42_00001_.png,1024,1280,4.393799781799316,2.687777519226074,0.6117205272665828,0.08952255249023437,98.77020202020202,1188,2.831390857696533,3.824083089828491,0.6306499999999999,0.8022818404983779,9.247910027510873,41.78281784057617,3,9.0,6.006619889841131,13.82774494376217,0.7854751188148819,0.3724528165735063,0.9035391043454412,2.9485756746627807,0.8422706604003907,-3.4369518886934123,1.781656189996081e-05,baseline,I04,bb8edafd35,42,renders/I04_baseline_seed42_00001_.png,stage7a_images.csv
I04_baseline_seed1337_00001_.png,1024,1280,4.393799781799316,2.7376937866210938,0.6230811421953264,0.09112091064453125,97.73649754500818,1222,2.8656768798828125,3.82015323638916,0.6040000000000001,0.8371004877900626,10.185196797992692,38.76167678833008,4,9.0,5.907756351027745,13.319979737248307,0.7759661664698301,0.3336958016952106,0.9001904612904994,3.0358304486213172,0.8286376953125,-3.4696575878640683,1.6557363209900586e-05,baseline,I04,bb8edafd35,1337,renders/I04_baseline_seed1337_00001_.png,stage7a_images.csv
I04_baseline_seed777_00001_.png,1024,1280,4.393799781799316,2.6964383125305176,0.6136916669940504,0.0920196533203125,90.75395033860045,1329,2.981975793838501,3.9282655715942383,0.5941500000000001,0.820724007293449,9.733077409279371,41.765750885009766,3,9.0,6.233156177852437,13.293133714994072,0.7751053930664956,0.3321890034564263,0.8934675358516875,3.065703454672392,0.8191703796386718,-3.367175585401413,2.1419209532668423e-05,baseline,I04,bb8edafd35,777,renders/I04_baseline_seed777_00001_.png,stage7a_images.csv
I04_baseline_seed9999_00001_.png,1024,1280,4.393799781799316,2.709566831588745,0.6166796317876695,0.09817581176757813,93.85922684172137,1371,2.8952345848083496,3.8762173652648926,0.59865,0.8016171880585236,9.230883599269601,36.977474212646484,2,10.0,6.000081249449877,14.47703745795564,0.7636625364181491,0.34473028839014314,0.8939787552527365,3.0530012621413762,0.8361351013183593,-3.415509336381728,1.9790431412288172e-05,baseline,I04,bb8edafd35,9999,renders/I04_baseline_seed9999_00001_.png,stage7a_images.csv
I05_baseline_seed4242145_00001_.png,1024,1280,4.0,2.3690903186798096,0.5922725796699524,0.10469894409179688,100.75697503671071,1362,2.9717609882354736,4.030397891998291,0.51735,0.9026770387827927,12.216068527525634,42.705902099609375,5,13.0,6.025580610911082,9.321169904678252,0.7485464892056259,0.20651278594850814,0.9010725787223683,3.1187576280216263,0.8183296203613281,-3.389139467986065,1.3706349383400058e-05,baseline,I05,5b67e787c8,4242145,renders/I05_baseline_seed4242145_00001_.png,stage7a_images.csv
I05_baseline_seed42_00001_.png,1024,1280,4.0,2.2392194271087646,0.5598048567771912,0.09762496948242187,104.8844262295082,1220,3.0750322341918945,4.036732196807861,0.5582,0.8778004002564722,11.401894093234581,47.974849700927734,3,14.0,6.140536926849313,8.965007180511662,0.7714939954613094,0.2580658984731077,0.9151930755268607,3.104815752663771,0.8130050659179687,-3.4750929204581804,8.948400255291579e-06,baseline,I05,5b67e787c8,42,renders/I05_baseline_seed42_00001_.png,stage7a_images.csv
I05_baseline_seed1337_00001_.png,1024,1280,4.393799781799316,2.4097516536712646,0.5484436645596175,0.10164642333984375,122.11732355637031,1091,2.7933099269866943,3.738712787628174,0.5494,0.8889766710781934,11.76073796427276,43.906639099121094,5,13.0,6.000745305508191,9.792419669682491,0.753881472297951,0.21000247455661916,0.9356578685035718,3.063302639849255,0.8332633972167969,-3.53081439627796,8.729179922787454e-06,baseline,I05,5b67e787c8,1337,renders/I05_baseline_seed1337_00001_.png,stage7a_images.csv
I05_baseline_seed777_00001_.png,1024,1280,4.0,2.1077375411987305,0.5269343852996826,0.10112991333007812,102.43663060278207,1294,3.0172643661499023,4.0005316734313965,0.5690000000000001,0.8872295235501262,11.70390528360306,45.39690399169922,4,13.0,6.036716305244102,9.887871574293703,0.7631377182486042,0.23599994569727997,0.9048624902782662,3.1038137375993684,0.8189453125,-3.4427463181303493,1.1230334292913383e-05,baseline,I05,5b67e787c8,777,renders/I05_baseline_seed777_00001_.png,stage7a_images.csv
I05_baseline_seed9999_00001_.png,1024,1280,4.0,2.2422752380371094,0.5605688095092773,0.105999755859375,105.81568926123381,1313,2.892298936843872,3.8804588317871094,0.53655,0.8912640850499032,11.835562267941375,48.62728500366211,4,12.0,5.974688976800754,10.57489281332202,0.7563236260808386,0.21668733918919453,0.9198854828627412,3.0890917854394395,0.8332534790039062,-3.4752506612705965,1.0631491971622688e-05,baseline,I05,5b67e787c8,9999,renders/I05_baseline_seed9999_00001_.png,stage7a_images.csv
I06_baseline_seed4242145_00001_.png,1024,1280,4.0,2.520078182220459,0.6300195455551147,0.10156173706054687,105.31566455696202,1264,2.9029908180236816,3.951622724533081,0.45415,0.9435053146192551,13.680236426536844,39.02945327758789,4,10.0,6.030633686089015,18.039338777894116,0.7476495578086886,0.19915393196991676,0.8918208082214387,3.1025373142066073,0.8178009033203124,-3.4145569703108194,1.2128352002956143e-05,baseline,I06,a324a148e4,4242145,renders/I06_baseline_seed4242145_00001_.png,stage7a_images.csv
I06_baseline_seed42_00001_.png,1024,1280,4.0,2.619112968444824,0.654778242111206,0.10114364624023438,96.69657184536834,1371,2.989311456680298,3.970518112182617,0.5195,0.9149204084436753,12.637871824116395,58.88274002075195,4,11.0,5.676842352231664,18.20519069096722,0.7403696091289402,0.19472475390476207,0.884704724256742,3.1048879927783917,0.8166732788085938,-3.4213752879080332,1.2546693275464363e-05,baseline,I06,a324a148e4,42,renders/I06_baseline_seed42_00001_.png,stage7a_images.csv
I06_baseline_seed1337_00001_.png,1024,1280,4.393799781799316,2.4746298789978027,0.5632095229392566,0.09666519165039063,106.20368818105617,1193,3.1014435291290283,3.9618396759033203,0.50065,0.9322944175473551,13.261551552418608,46.83290100097656,7,12.0,5.874298802688444,13.362521899661303,0.7545120085071748,0.1884864267607411,0.9227360290280815,3.1136227363263744,0.8175308227539063,-3.4000383047124147,1.0449805459225641e-05,baseline,I06,a324a148e4,1337,renders/I06_baseline_seed1337_00001_.png,stage7a_images.csv
I06_baseline_seed777_00001_.png,1024,1280,4.393799781799316,2.5367681980133057,0.5773517966206615,0.109149169921875,110.98836307214896,1289,2.811861038208008,3.807666540145874,0.48835,0.9300714976784668,13.180068750560164,52.80146408081055,5,11.0,6.010566597981739,20.24533790484689,0.7422289979445087,0.1924699919495134,0.8762552269708836,3.067606816238579,0.8350509643554687,-3.3850319945621785,1.4974515358945422e-05,baseline,I06,a324a148e4,777,renders/I06_baseline_seed777_00001_.png,stage7a_images.csv
I06_baseline_seed9999_00001_.png,1024,1280,4.0,2.695667028427124,0.673916757106781,0.1016693115234375,102.50769230769231,1300,2.9289302825927734,3.8915352821350098,0.49044999999999994,0.9249693333173027,12.994933386238074,42.088287353515625,3,12.0,6.280350936877534,16.419787295091986,0.7302938109782575,0.19146816450320045,0.9214984648037043,3.0360563037077557,0.8518585205078125,-3.460455853881301,1.0469432559974844e-05,baseline,I06,a324a148e4,9999,renders/I06_baseline_seed9999_00001_.png,stage7a_images.csv
I07_baseline_seed4242145_00001_.png,1024,1280,4.0,2.590343475341797,0.6475858688354492,0.10327301025390626,79.85958702064897,1695,3.1045145988464355,3.9944989681243896,0.5065000000000001,0.914953113109041,12.63901783514963,36.966434478759766,3,13.0,6.410655596321432,12.481161307834014,0.7400713185305474,0.20376278086700406,0.9040278490369034,3.1338051311289887,0.8187873840332032,-3.4174361824322044,1.2399370941475455e-05,baseline,I07,402376662d,4242145,renders/I07_baseline_seed4242145_00001_.png,stage7a_images.csv
I07_baseline_seed42_00001_.png,1024,1280,4.0,2.6659278869628906,0.6664819717407227,0.09550399780273437,71.73581661891117,1745,3.119119882583618,3.9450817108154297,0.5948,0.8458891196350488,10.43643066181139,35.72508239746094,4,13.0,6.129716330380307,11.8326035744828,0.765058918495807,0.26580121264761053,0.9170264832389541,3.0941662467091597,0.8171356201171875,-3.4200114004018074,1.0964208470052372e-05,baseline,I07,402376662d,42,renders/I07_baseline_seed42_00001_.png,stage7a_images.csv
I07_baseline_seed1337_00001_.png,1024,1280,4.0,2.5326180458068848,0.6331545114517212,0.09968795776367187,76.68016431924883,1704,3.011622905731201,3.9112749099731445,0.5677,0.8667711231177082,11.058505282565186,26.754695892333984,5,13.0,6.514459476504382,11.559535648535444,0.7642142716577303,0.28479021082892875,0.9461776944149887,3.059070440804071,0.8326896667480468,-3.4545990972465783,8.750813683559527e-06,baseline,I07,402376662d,1337,renders/I07_baseline_seed1337_00001_.png,stage7a_images.csv
I07_baseline_seed777_00001_.png,1024,1280,4.0,2.6150951385498047,0.6537737846374512,0.09919281005859375,76.07606787595086,1709,3.0318007469177246,3.925093650817871,0.5567000000000001,0.8844921586454217,11.615413707504175,29.483238220214844,3,13.0,6.306034057103242,13.056413639477674,0.7434301655855644,0.2340424883502385,0.9420320107007749,3.0603214669500995,0.8342941284179688,-3.459069857519863,9.400789597449873e-06,baseline,I07,402376662d,777,renders/I07_baseline_seed777_00001_.png,stage7a_images.csv
I07_baseline_seed9999_00001_.png,1024,1280,4.0,2.836916446685791,0.7092291116714478,0.09639816284179688,69.5,1818,3.0871775150299072,3.8876395225524902,0.5991500000000001,0.8448429508820832,10.40620265686004,25.183300018310547,4,12.0,6.238860463118813,12.867057533549978,0.7478932005988306,0.24033840131197554,0.9442437439948603,3.028522897151044,0.8405349731445313,-3.4564580653986723,9.131115347396868e-06,baseline,I07,402376662d,9999,renders/I07_baseline_seed9999_00001_.png,stage7a_images.csv
I08_baseline_seed4242145_00001_.png,1024,1280,2.799999952316284,2.227576971054077,0.7955632174962456,0.14067916870117186,77.57299116533446,2377,2.7067716121673584,3.7270514965057373,0.51015,0.9247267503700028,12.986196156868695,34.856666564941406,5,14.0,6.332885277462398,16.94507314273301,0.6763691100476017,0.15928086919809264,0.9036954620727622,3.158799561249423,0.8266525268554688,-3.3420494062499744,1.4182437847133074e-05,baseline,I08,c00acc77d9,4242145,renders/I08_baseline_seed4242145_00001_.png,stage7a_images.csv
I08_baseline_seed42_00001_.png,1024,1280,2.799999952316284,2.181340456008911,0.7790501761274709,0.12893218994140626,75.04174067495559,2252,2.7654871940612793,3.8168742656707764,0.54795,0.9047140727728273,12.285258344576192,32.705284118652344,4,14.0,6.278534860936905,16.732992662752796,0.6907370231731673,0.1642128863738916,0.9032663455970342,3.1566942688750927,0.8173545837402343,-3.3359175394100147,1.1361353035497612e-05,baseline,I08,c00acc77d9,42,renders/I08_baseline_seed42_00001_.png,stage7a_images.csv
I08_baseline_seed1337_00001_.png,1024,1280,2.799999952316284,2.093402862548828,0.7476438922140239,0.13375473022460938,83.40390104662227,2102,2.6670079231262207,3.6932835578918457,0.5271,0.9117368007306578,12.526810298746053,34.156402587890625,5,15.0,5.870127766922966,16.886363798452493,0.6793308207996704,0.15413830202905915,0.9017984749251211,3.1579239359899396,0.8262084960937499,-3.3835748822693934,1.225621395092403e-05,baseline,I08,c00acc77d9,1337,renders/I08_baseline_seed1337_00001_.png,stage7a_images.csv
I08_baseline_seed777_00001_.png,1024,1280,2.799999952316284,2.1176984310150146,0.756320881099716,0.12849502563476561,78.04494902687674,2158,2.7139036655426025,3.8663485050201416,0.48935,0.9341951084959962,13.331622199698465,34.768253326416016,5,14.0,5.942998434265039,16.651073482391585,0.6941459467880295,0.16079472317326943,0.9075156426377987,3.1544239347980776,0.8216232299804688,-3.3667735489768904,1.1591628115990717e-05,baseline,I08,c00acc77d9,777,renders/I08_baseline_seed777_00001_.png,stage7a_images.csv
I08_baseline_seed9999_00001_.png,1024,1280,2.799999952316284,1.9465833902359009,0.6952083654950068,0.13941192626953125,65.26071428571429,2800,2.7524993419647217,3.7193737030029297,0.5267,0.9199619573694443,12.81576620710029,35.899574279785156,5,15.0,6.651128891127114,17.09336714046545,0.6727781953988736,0.16228765199468068,0.8966755454667263,3.162238568420372,0.8240180969238281,-3.313148753733374,1.2732315434174826e-05,baseline,I08,c00acc77d9,9999,renders/I08_baseline_seed9999_00001_.png,stage7a_images.csv
I09_baseline_seed4242145_00001_.png,1024,1280,4.393799781799316,2.700108528137207,0.6145269839836622,0.1046539306640625,114.02493765586036,1203,2.6136598587036133,3.7271411418914795,0.5806,0.8716098325791152,11.207863072335636,57.210472106933594,7,10.0,5.084090380785928,16.191386434122926,0.7430519722376985,0.2361397266237218,0.88347963932906,3.076896432118326,0.8259109497070313,-3.4748489783970493,1.4492976967092408e-05,baseline,I09,0a1c94584d,4242145,renders/I09_baseline_seed4242145_00001_.png,stage7a_images.csv
I09_baseline_seed42_00001_.png,1024,1280,4.393799781799316,2.827838897705078,0.6435975779822727,0.08564453125,136.56447688564478,822,2.5759031772613525,3.5925018787384033,0.5739,0.8748282093742885,11.30832100901574,52.662723541259766,4,10.0,4.732831472807795,14.988812318685756,0.7955714828379772,0.2988879386978205,0.9226908802176873,2.796367776246711,0.8792984008789062,-3.5439784280622697,8.62447947099388e-06,baseline,I09,0a1c94584d,42,renders/I09_baseline_seed42_00001_.png,stage7a_images.csv
I09_baseline_seed1337_00001_.png,1024,1280,4.393799781799316,2.7390482425689697,0.6233894074816707,0.0930267333984375,122.66800804828974,994,2.719935178756714,3.7347664833068848,0.56065,0.885190036925104,11.637910471341058,55.07304382324219,5,10.0,5.160210503324,13.831792114182381,0.7560989101980828,0.24384523581471795,0.8902965677191745,3.071194323101349,0.824152374267578,-3.493056081924467,1.3523367859284779e-05,baseline,I09,0a1c94584d,1337,renders/I09_baseline_seed1337_00001_.png,stage7a_images.csv
I09_baseline_seed777_00001_.png,1024,1280,5.599999904632568,2.6939542293548584,0.48106326343439754,0.0955810546875,136.32208922742112,919,2.623444080352783,3.6173462867736816,0.5609999999999999,0.8936723755648766,11.914855106351466,54.540523529052734,5,10.0,5.526743685300404,14.2212659595375,0.7724120563212982,0.2634092657588021,0.9315441103754234,2.9971263867481297,0.8452949523925781,-3.5546247976977763,9.861887400748083e-06,baseline,I09,0a1c94584d,777,renders/I09_baseline_seed777_00001_.png,stage7a_images.csv
I09_baseline_seed9999_00001_.png,1024,1280,5.599999904632568,2.938934087753296,0.5248096674648296,0.09003067016601562,121.15503080082135,974,2.6101717948913574,3.6510703563690186,0.5577000000000001,0.8884344491645931,11.74307064398815,52.6781005859375,5,10.0,5.409342658743807,15.589957537882487,0.76455448493691,0.23479599453528333,0.9324405791758267,2.895560988633203,0.8655624389648438,-3.570765037007521,8.995860029094886e-06,baseline,I09,0a1c94584d,9999,renders/I09_baseline_seed9999_00001_.png,stage7a_images.csv
I10_baseline_seed4242145_00001_.png,1024,1280,4.0,2.5812642574310303,0.6453160643577576,0.12207183837890626,93.67798594847775,1708,2.9872894287109375,3.7998037338256836,0.55855,0.8668356355602855,11.060483455285784,33.11312484741211,4,11.0,6.0731870852794305,13.804210510223175,0.7090177185572285,0.22114308305061964,0.8512517999586748,3.153419479876575,0.8233482360839843,-3.356189800968661,2.4402014193094983e-05,baseline,I10,90ec9bbe8c,4242145,renders/I10_baseline_seed4242145_00001_.png,stage7a_images.csv
I10_baseline_seed42_00001_.png,1024,1280,4.0,2.3400981426239014,0.5850245356559753,0.111199951171875,86.80881477069684,1679,3.0356712341308594,3.886833429336548,0.6879500000000001,0.7916954446217852,8.980412899950176,35.91498565673828,3,12.0,6.0068081166289975,12.201888622126893,0.7372319894188634,0.2658355783411083,0.8430031939773905,3.104623658748539,0.8272323608398438,-3.4067482220441105,1.7917292357084954e-05,baseline,I10,90ec9bbe8c,42,renders/I10_baseline_seed42_00001_.png,stage7a_images.csv
I10_baseline_seed1337_00001_.png,1024,1280,4.0,2.635812759399414,0.6589531898498535,0.11298065185546875,104.35940803382664,1419,3.044137716293335,3.9848368167877197,0.47669999999999996,0.919803253240257,12.810128237769788,33.9499397277832,2,11.0,6.456467914850831,13.34285608780696,0.7206417983150853,0.21949838637965818,0.8407324665635518,3.1489830718721827,0.8173034667968749,-3.399351574278667,1.9326762800688192e-05,baseline,I10,90ec9bbe8c,1337,renders/I10_baseline_seed1337_00001_.png,stage7a_images.csv
I10_baseline_seed777_00001_.png,1024,1280,4.0,2.375823974609375,0.5939559936523438,0.11748809814453125,100.38722294654498,1534,3.050272226333618,3.9985995292663574,0.5258,0.9061353053607905,12.333763829562745,32.73883056640625,4,11.5,6.2284717979212205,12.952160014964504,0.7189787304397692,0.22426252301758198,0.8369697324882068,3.1488548285375413,0.8240707397460938,-3.3525368113088874,2.1515352654022988e-05,baseline,I10,90ec9bbe8c,777,renders/I10_baseline_seed777_00001_.png,stage7a_images.csv
I10_baseline_seed9999_00001_.png,1024,1280,4.0,2.313053846359253,0.5782634615898132,0.128704833984375,92.89427312775331,1816,3.0116138458251953,3.8988583087921143,0.49750000000000005,0.9060250171808194,12.329992941402422,28.25421714782715,1,12.0,6.119354413457354,13.562315909038649,0.694334474410068,0.2174029683670964,0.8314388770126269,3.1644162048830933,0.8241157531738281,-3.318185695517851,2.2765281262973025e-05,baseline,I10,90ec9bbe8c,9999,renders/I10_baseline_seed9999_00001_.png,stage7a_images.csv
I11_baseline_seed4242145_00001_.png,1024,1280,4.0,2.4658608436584473,0.6164652109146118,0.132952880859375,99.80756013745705,1746,2.726926565170288,3.5821726322174072,0.5198,0.897617930994079,12.0459120372112,77.92926788330078,4,12.0,6.150003938006869,17.86754718106249,0.687633458961427,0.18454901718658928,0.8427378428148418,3.147201763160287,0.8215782165527343,-3.3909388989140585,1.8883000433551516e-05,baseline,I11,2b36c75165,4242145,renders/I11_baseline_seed4242145_00001_.png,stage7a_images.csv
I11_baseline_seed42_00001_.png,1024,1280,4.393799781799316,2.5956177711486816,0.5907455733191701,0.11831893920898437,101.42773054283846,1529,2.7237548828125,3.6693012714385986,0.48275,0.9225894737293293,12.909470252382444,79.45791625976562,6,11.0,5.832432437960766,18.344233906710745,0.7094536798166401,0.1780819325491307,0.8650605922761517,3.1230251457230054,0.8311920166015625,-3.4949380794348284,1.6331737593099096e-05,baseline,I11,2b36c75165,42,renders/I11_baseline_seed42_00001_.png,stage7a_images.csv
I11_baseline_seed1337_00001_.png,1024,1280,4.0,2.421990394592285,0.6054975986480713,0.12567901611328125,96.33333333333333,1710,2.8751673698425293,3.7429962158203125,0.5257,0.9133138310548871,12.58170315260815,71.92928314208984,5,13.0,5.8096207922720735,16.360821505292254,0.6916999922583968,0.16541997401294006,0.8634213671690827,3.141404920689709,0.8191299438476564,-3.425526916798517,1.618437353800168e-05,baseline,I11,2b36c75165,1337,renders/I11_baseline_seed1337_00001_.png,stage7a_images.csv
I11_baseline_seed777_00001_.png,1024,1280,4.393799781799316,2.357809066772461,0.5366218726077019,0.12721023559570313,86.79698073919833,1921,2.824460029602051,3.6970763206481934,0.5184500000000001,0.9031469738557717,12.231995665111315,67.57262420654297,5,12.0,5.853537392039108,19.31662845754129,0.6895109821421425,0.17803666162421905,0.8518263167700331,3.1432823884186436,0.8252609252929688,-3.4101750043904415,1.8771348684978023e-05,baseline,I11,2b36c75165,777,renders/I11_baseline_seed777_00001_.png,stage7a_images.csv
I11_baseline_seed9999_00001_.png,1024,1280,4.393799781799316,2.4841232299804688,0.5653701473313809,0.12636337280273438,93.89285714285714,1764,2.8194658756256104,3.645986557006836,0.50855,0.9081082498071951,12.401416401167754,72.50221252441406,4,12.0,5.67116045774584,17.39637469384334,0.6970342999966338,0.17464059113147282,0.8753688886281086,3.130121002852082,0.8309631347656249,-3.4910819697251974,1.5010414561122686e-05,baseline,I11,2b36c75165,9999,renders/I11_baseline_seed9999_00001_.png,stage7a_images.csv
I12_baseline_seed4242145_00001_.png,1024,1280,4.0,2.5319347381591797,0.6329836845397949,0.12938232421875,110.83921568627451,1530,2.543848991394043,3.5600228309631348,0.5523,0.892650923369521,11.881159177418564,29.21503448486328,2,13.0,6.1198676194203605,14.474553303038139,0.6984377730111985,0.1994674142969959,0.867365659842255,3.1366482314945614,0.8345596313476562,-3.4258668992562225,1.6489361136516444e-05,baseline,I12,8c3325ffd9,4242145,renders/I12_baseline_seed4242145_00001_.png,stage7a_images.csv
I12_baseline_seed42_00001_.png,1024,1280,4.0,2.5285775661468506,0.6321443915367126,0.11501083374023438,106.45974576271186,1416,2.604982376098633,3.693615674972534,0.5325499999999999,0.8939550634413685,11.92419735898702,30.918485641479492,2,13.0,5.974461666823676,13.516512657650665,0.7181649005536541,0.21162084784443433,0.8721344271427849,3.118280878949927,0.8351615905761719,-3.4703847623334525,1.5820600755273067e-05,baseline,I12,8c3325ffd9,42,renders/I12_baseline_seed42_00001_.png,stage7a_images.csv
I12_baseline_seed1337_00001_.png,1024,1280,4.0,2.569021463394165,0.6422553658485413,0.13351974487304688,103.18808962264151,1696,2.5266480445861816,3.5533411502838135,0.45475,0.9380624246358902,13.475339338558722,36.375648498535156,3,14.0,6.4171741006069025,15.222955242985535,0.6899177401926182,0.1744120085692163,0.8661788111353124,3.129104133645746,0.8430984497070313,-3.446113830538607,1.5421794461720494e-05,baseline,I12,8c3325ffd9,1337,renders/I12_baseline_seed1337_00001_.png,stage7a_images.csv
I12_baseline_seed777_00001_.png,1024,1280,4.0,2.436558246612549,0.6091395616531372,0.11096725463867188,96.19510582010582,1512,2.784322738647461,3.967043161392212,0.5408999999999999,0.9040260852190016,12.26184647027746,32.76127243041992,4,14.0,6.132218195726567,12.5884167229792,0.7292615949632533,0.19614768154645854,0.8785675188105391,3.133069175163755,0.8242233276367188,-3.4311802122457746,1.501556753292871e-05,baseline,I12,8c3325ffd9,777,renders/I12_baseline_seed777_00001_.png,stage7a_images.csv
I12_baseline_seed9999_00001_.png,1024,1280,4.0,2.387432813644409,0.5968582034111023,0.13292388916015624,102.54620364920541,1699,2.5891530513763428,3.623279571533203,0.51275,0.9102131831171268,12.474004094473765,31.205350875854492,4,15.0,6.232621605834345,13.896811857953438,0.689524453662761,0.17473850862655985,0.8623621075234994,3.134255512512634,0.838312530517578,-3.4587406149314104,1.6190214734592584e-05,baseline,I12,8c3325ffd9,9999,renders/I12_baseline_seed9999_00001_.png,stage7a_images.csv
I13_baseline_seed4242145_00001_.png,1024,1280,4.0,2.4521102905273438,0.6130275726318359,0.12436065673828126,79.16561437591064,2059,3.0374433994293213,3.9637410640716553,0.47975,0.9199969310315683,12.817008981203792,46.99559020996094,3,12.0,6.147013502506725,14.12630562687845,0.694133207322766,0.21376580474461307,0.9055931843563734,3.158932824626347,0.8284622192382811,-3.4435987390676397,1.571794665925301e-05,baseline,I13,fb96d83893,4242145,renders/I13_baseline_seed4242145_00001_.png,stage7a_images.csv
I13_baseline_seed42_00001_.png,1024,1280,4.0,2.6346116065979004,0.6586529016494751,0.11456680297851562,81.3021115322144,1847,3.045072317123413,4.031545162200928,0.48950000000000005,0.9136037902805992,12.591822124806528,53.4122314453125,2,12.0,5.535753822729513,12.690138811323882,0.7141037053948729,0.2158107495141223,0.920292539316244,3.1542511427555673,0.8199981689453124,-3.453941171037283,1.2382754486773296e-05,baseline,I13,fb96d83893,42,renders/I13_baseline_seed42_00001_.png,stage7a_images.csv
I13_baseline_seed1337_00001_.png,1024,1280,4.0,2.4099960327148438,0.6024990081787109,0.11306610107421874,95.9210355987055,1545,3.0125925540924072,4.052694797515869,0.47635000000000005,0.9198005076667344,12.810030723010128,48.1203498840332,5,12.0,6.362366532603604,13.331915807085117,0.7117897469290739,0.21727294368672442,0.9138791178423034,3.160125590684873,0.8236091613769532,-3.4791576185087356,1.2673551421291716e-05,baseline,I13,fb96d83893,1337,renders/I13_baseline_seed1337_00001_.png,stage7a_images.csv
I13_baseline_seed777_00001_.png,1024,1280,4.0,2.554476499557495,0.6386191248893738,0.11818771362304688,82.1373276776246,1886,3.0333364009857178,4.0007548332214355,0.51085,0.8959025239628597,11.988756283372137,46.1373176574707,3,12.0,6.393463568729459,13.792667903997774,0.7006680031835539,0.23584255581937302,0.9125694674530289,3.1680717226033552,0.8258110046386719,-3.478804762679557,1.389500939112584e-05,baseline,I13,fb96d83893,777,renders/I13_baseline_seed777_00001_.png,stage7a_images.csv
I13_baseline_seed9999_00001_.png,1024,1280,4.0,2.5154616832733154,0.6288654208183289,0.12423934936523437,85.57172884918549,1903,3.0635745525360107,3.990053176879883,0.5313,0.8919675816644018,11.85867014108961,43.1981315612793,4,13.0,6.087998009449971,13.755939497951749,0.6890307069984523,0.2027357102683112,0.9071054934194486,3.173411280060524,0.8241676330566408,-3.4679104888577825,1.4283732244877865e-05,baseline,I13,fb96d83893,9999,renders/I13_baseline_seed9999_00001_.png,stage7a_images.csv
I14_baseline_seed4242145_00001_.png,1024,1280,4.0,2.470402717590332,0.617600679397583,0.14039535522460939,101.05381658429434,1821,2.9423625469207764,3.74249267578125,0.48329999999999995,0.9305319304333314,13.196905047514516,35.230281829833984,4,13.0,5.956423003783395,15.16748792568294,0.6726374991611943,0.17341432094706422,0.8831557098070907,3.165332279022285,0.8236984252929687,-3.3670540101664357,2.132713138035432e-05,baseline,I14,c478c2b3f1,4242145,renders/I14_baseline_seed4242145_00001_.png,stage7a_images.csv
I14_baseline_seed42_00001_.png,1024,1280,4.0,2.460218906402588,0.615054726600647,0.14291534423828126,105.71218961625283,1772,2.974881649017334,3.7965595722198486,0.5362,0.892973016537617,11.891774170457357,35.9207649230957,3,14.0,5.895657439238668,15.995938067801646,0.6674940417256273,0.19427461249398703,0.8810273824637891,3.161742100218549,0.8280235290527344,-3.371862707584289,2.0900625668745305e-05,baseline,I14,c478c2b3f1,42,renders/I14_baseline_seed42_00001_.png,stage7a_images.csv
I14_baseline_seed1337_00001_.png,1024,1280,4.0,2.449018955230713,0.6122547388076782,0.13579635620117186,101.70914285714285,1750,3.0194475650787354,3.916999101638794,0.45060000000000006,0.9586588798795999,14.26725139669217,35.0665168762207,5,13.0,6.145794483443349,14.708688591680822,0.6752539790460818,0.16080423246803616,0.8884220907652136,3.167879286332977,0.8185089111328125,-3.3841504715647486,1.736506869019704e-05,baseline,I14,c478c2b3f1,1337,renders/I14_baseline_seed1337_00001_.png,stage7a_images.csv
I14_baseline_seed777_00001_.png,1024,1280,4.0,2.379929304122925,0.5949823260307312,0.13379364013671874,101.60254924681344,1726,2.9926917552948,3.8677518367767334,0.51505,0.8937276050756698,11.916679752547418,35.277034759521484,4,13.0,5.906640138962807,15.795804339365237,0.6817792234594624,0.2093374497209467,0.8888657791536358,3.162237366313799,0.820880126953125,-3.363420864962218,2.053724190903711e-05,baseline,I14,c478c2b3f1,777,renders/I14_baseline_seed777_00001_.png,stage7a_images.csv
I14_baseline_seed9999_00001_.png,1024,1280,4.0,2.406691074371338,0.6016727685928345,0.13878707885742186,95.34119496855345,1908,3.0392110347747803,3.848672866821289,0.49010000000000004,0.9183582210072103,12.758907390425474,31.903228759765625,3,13.0,5.770764859359281,15.608080048246427,0.6757904039649745,0.19620669579912856,0.8811408124908,3.159625225228537,0.8277107238769531,-3.3424899091035454,2.1380540754102834e-05,baseline,I14,c478c2b3f1,9999,renders/I14_baseline_seed9999_00001_.png,stage7a_images.csv
I15_baseline_seed4242145_00001_.png,1024,1280,4.0,2.4090449810028076,0.6022612452507019,0.10852813720703125,98.30684174153421,1447,2.6969494819641113,3.765164613723755,0.61075,0.8611029909764119,10.88607491178924,38.59976577758789,3,13.0,5.416362795963727,14.702087796956496,0.7377511153537214,0.2535928849329514,0.937407636316141,2.909562186847492,0.8712661743164063,-3.559241293163273,8.203955450659565e-06,baseline,I15,ef69aba3ba,4242145,renders/I15_baseline_seed4242145_00001_.png,stage7a_images.csv
I15_baseline_seed42_00001_.png,1024,1280,4.0,2.5230863094329834,0.6307715773582458,0.11983489990234375,87.16426193118757,1802,2.7553257942199707,3.729973793029785,0.5323,0.8990038596557348,12.09228882829769,50.93754196166992,7,13.0,5.834316048175656,15.795164268264232,0.7191463044546147,0.22154208251621405,0.8973689856750585,3.1026440290454125,0.8287422180175782,-3.4341966613079604,1.2444088107059625e-05,baseline,I15,ef69aba3ba,42,renders/I15_baseline_seed42_00001_.png,stage7a_images.csv
I15_baseline_seed1337_00001_.png,1024,1280,4.0,2.514643669128418,0.6286609172821045,0.10951614379882812,105.47024246877297,1361,2.7377781867980957,3.7743985652923584,0.57905,0.876565819917471,11.36293231840304,39.74462127685547,4,13.0,5.904271626331227,13.857404630615555,0.7237439531783676,0.21914964724740466,0.9358958094056429,3.0148354107729713,0.8451026916503906,-3.505043894337421,8.536454839396376e-06,baseline,I15,ef69aba3ba,1337,renders/I15_baseline_seed1337_00001_.png,stage7a_images.csv
I15_baseline_seed777_00001_.png,1024,1280,4.0,2.5690951347351074,0.6422737836837769,0.11621322631835937,97.08285532186106,1569,2.711503267288208,3.7286858558654785,0.57795,0.8719465764521517,11.218332205579651,38.29145812988281,4,12.0,5.758862739778374,15.368358090397674,0.7103726299171046,0.21345916644811866,0.9353254597205647,3.00610904136325,0.8590370178222656,-3.504369073401047,9.597119952601974e-06,baseline,I15,ef69aba3ba,777,renders/I15_baseline_seed777_00001_.png,stage7a_images.csv
I15_baseline_seed9999_00001_.png,1024,1280,4.0,2.425741672515869,0.6064354181289673,0.10462722778320313,95.56585365853658,1435,2.7358691692352295,3.7376885414123535,0.5909500000000001,0.8337258493685304,10.09034360095783,39.91090393066406,4,12.0,5.640397081642186,14.157702293954218,0.7287800924259706,0.23344767409195927,0.9483219552354407,2.891161156261804,0.8757400512695312,-3.5690697280630226,6.854984159801876e-06,baseline,I15,ef69aba3ba,9999,renders/I15_baseline_seed9999_00001_.png,stage7a_images.csv
I16_baseline_seed4242145_00001_.png,1024,1280,4.393799781799316,2.9221031665802,0.6650515070542341,0.08662643432617187,121.69667738478027,933,2.5272936820983887,3.5024662017822266,0.56855,0.8805848778001707,11.490259783828051,62.71372985839844,4,9.0,5.006739832465833,16.35229107403196,0.7852658457231554,0.26334352739102684,0.9026220347764391,2.6802269744305334,0.9164154052734375,-3.52785719460966,1.0548255725330288e-05,baseline,I16,5421ab290b,4242145,renders/I16_baseline_seed4242145_00001_.png,stage7a_images.csv
I16_baseline_seed42_00001_.png,1024,1280,4.393799781799316,2.9818084239959717,0.6786400318803064,0.08542556762695312,130.80490654205607,856,2.5779991149902344,3.6266250610351562,0.51155,0.909872368552812,12.462222493612831,55.84721374511719,5,8.0,4.764445796732292,16.585834067767607,0.7996375963455891,0.24956656332161906,0.9050126677734287,2.7165263808898685,0.9038467407226562,-3.492508646313982,1.0274931703476794e-05,baseline,I16,5421ab290b,42,renders/I16_baseline_seed42_00001_.png,stage7a_images.csv
I16_baseline_seed1337_00001_.png,1024,1280,4.393799781799316,2.7490806579589844,0.6256727193957848,0.08769912719726562,130.18006795016987,883,2.7507457733154297,3.690666913986206,0.55495,0.8908311865506165,11.821365162021587,50.185157775878906,5,9.0,5.420662775478863,14.98812452806467,0.7902030368088742,0.26031551306885137,0.9139810057132517,2.8961082165324834,0.8688316345214844,-3.52233250595328,9.257235381952822e-06,baseline,I16,5421ab290b,1337,renders/I16_baseline_seed1337_00001_.png,stage7a_images.csv
I16_baseline_seed777_00001_.png,1024,1280,4.393799781799316,2.832008123397827,0.6445464663931691,0.08114700317382813,103.56475170399221,1027,2.8990964889526367,3.77043080329895,0.5041,0.9154156464658413,12.655236695713976,51.613128662109375,4,8.0,5.047771785649585,14.851284461227735,0.792753578656314,0.23268323417604142,0.9076914347522873,3.005614726634416,0.8285346984863282,-3.4700497468075384,1.0402874712756823e-05,baseline,I16,5421ab290b,777,renders/I16_baseline_seed777_00001_.png,stage7a_images.csv
I16_baseline_seed9999_00001_.png,1024,1280,4.393799781799316,2.8490521907806396,0.648425584293219,0.08541641235351563,114.71004098360656,976,2.6540327072143555,3.6135544776916504,0.5628,0.8864209135510898,11.677695187249833,61.6401252746582,4,10.0,5.245377578163463,15.949460589320331,0.7977883695577102,0.2708549428996149,0.9131668722721281,2.6917310680462605,0.9091346740722657,-3.567566686246756,8.444135986405797e-06,baseline,I16,5421ab290b,9999,renders/I16_baseline_seed9999_00001_.png,stage7a_images.csv
I17_baseline_seed4242145_00001_.png,1024,1280,4.0,2.4850854873657227,0.6212713718414307,0.10860595703125,93.40682414698163,1524,3.147404909133911,3.962895154953003,0.52835,0.883923822641436,11.597124993141394,31.886585235595703,3,13.0,6.227073642746113,9.369872287641138,0.7418331147002488,0.23434709315081015,0.9085443881953643,3.133776354484859,0.82344970703125,-3.487672018758229,1.1069383602638808e-05,baseline,I17,0dee1ceb78,4242145,renders/I17_baseline_seed4242145_00001_.png,stage7a_images.csv
I17_baseline_seed42_00001_.png,1024,1280,4.0,2.454396963119507,0.6135992407798767,0.09305801391601562,80.2453947368421,1520,3.2339959144592285,4.064833641052246,0.53335,0.9032855611476929,12.236696658277742,31.816972732543945,3,14.0,6.486266501641722,9.333751013195933,0.7597060972398161,0.20739544853966327,0.91377904930031,3.125370426698705,0.8099952697753907,-3.4793761588599477,9.437011294808279e-06,baseline,I17,0dee1ceb78,42,renders/I17_baseline_seed42_00001_.png,stage7a_images.csv
I17_baseline_seed1337_00001_.png,1024,1280,4.393799781799316,2.524190664291382,0.5744892324742421,0.09370574951171876,95.87978142076503,1281,3.128912925720215,4.020429611206055,0.57895,0.8813697958434015,11.515292747327061,34.67037582397461,4,13.0,6.5566363210509895,9.427478300745781,0.7674102461156959,0.24658551776489018,0.926441466630919,3.0915402083007963,0.8216529846191406,-3.505950261298913,9.138597902636524e-06,baseline,I17,0dee1ceb78,1337,renders/I17_baseline_seed1337_00001_.png,stage7a_images.csv
I17_baseline_seed777_00001_.png,1024,1280,4.0,2.5556418895721436,0.6389104723930359,0.10148544311523437,87.8013201320132,1515,3.1933329105377197,4.033664703369141,0.4856,0.9211764286233854,12.858992566291601,34.514095306396484,3,14.0,6.3954748537468475,9.914766209515658,0.7511333344206494,0.2271190736461094,0.9151661724506666,3.1336031879761945,0.8199630737304688,-3.4905828622894974,9.984714589107547e-06,baseline,I17,0dee1ceb78,777,renders/I17_baseline_seed777_00001_.png,stage7a_images.csv
I17_baseline_seed9999_00001_.png,1024,1280,4.0,2.394317150115967,0.5985792875289917,0.10353775024414062,90.41239173884077,1501,3.2489569187164307,4.015137672424316,0.51985,0.9115852496334962,12.52154777827537,31.709108352661133,4,14.0,6.338576820773785,7.935922313488756,0.7541808135724273,0.21690578613229594,0.929962055020396,3.123271763063385,0.8114738464355469,-3.454830935523395,9.373348947711448e-06,baseline,I17,0dee1ceb78,9999,renders/I17_baseline_seed9999_00001_.png,stage7a_images.csv
I18_baseline_seed4242145_00001_.png,1024,1280,2.799999952316284,2.236898183822632,0.7988922221131363,0.11184463500976563,73.37187187187187,1998,3.112842559814453,4.0649213790893555,0.49725,0.938438748011397,13.489406709755531,45.091209411621094,5,16.0,6.214066550769705,13.378690393009924,0.7104542668327232,0.16286590945708998,0.8978443727399825,3.17416011437108,0.8151954650878905,-3.364719607298086,9.797762038058746e-06,baseline,I18,3d8a617173,4242145,renders/I18_baseline_seed4242145_00001_.png,stage7a_images.csv
I18_baseline_seed42_00001_.png,1024,1280,2.799999952316284,2.183133840560913,0.7796906706212362,0.10278167724609374,66.00587947084762,2041,3.149764060974121,4.048948287963867,0.46215,0.9368736159697777,13.430996694293803,45.44375991821289,3,15.0,6.2254486535108455,12.906981736480532,0.7280907343816294,0.17235322023017513,0.8830325350456376,3.153384207123691,0.8090934753417969,-3.342413965075368,1.0511571548949463e-05,baseline,I18,3d8a617173,42,renders/I18_baseline_seed42_00001_.png,stage7a_images.csv
I18_baseline_seed1337_00001_.png,1024,1280,2.799999952316284,2.3642990589141846,0.8443925354206994,0.10586166381835938,74.88127361036157,1853,3.037930965423584,4.030346393585205,0.49945,0.9275397312455025,13.087874596884445,44.4812126159668,3,15.0,6.261584139616747,13.724411740788689,0.7316929980420385,0.18357275917261906,0.9043427468461569,3.144593822795923,0.8141548156738281,-3.3648344179645844,8.900466466444413e-06,baseline,I18,3d8a617173,1337,renders/I18_baseline_seed1337_00001_.png,stage7a_images.csv
I18_baseline_seed777_00001_.png,1024,1280,4.0,2.3092398643493652,0.5773099660873413,0.11017608642578125,83.81311665699361,1723,2.938318967819214,3.990757703781128,0.5450499999999999,0.9156390142877187,12.663076601104489,48.74900817871094,4,16.0,6.017890748568189,14.718840201714611,0.7148583315835725,0.15506748513149263,0.8960995115961596,3.157380704153764,0.8268432617187499,-3.4141471500314213,9.356845352675518e-06,baseline,I18,3d8a617173,777,renders/I18_baseline_seed777_00001_.png,stage7a_images.csv
I18_baseline_seed9999_00001_.png,1024,1280,2.799999952316284,2.216305732727051,0.7915377751680404,0.10161514282226562,65.12909535452323,2045,3.133772850036621,4.046566486358643,0.59505,0.8863686219453624,11.676002241337548,41.177459716796875,4,16.0,6.106593309178778,14.979351908992298,0.7268633040118428,0.21568322217691674,0.9051629807842433,3.1480640430636546,0.80955810546875,-3.363348821730799,8.047158966790736e-06,baseline,I18,3d8a617173,9999,renders/I18_baseline_seed9999_00001_.png,stage7a_images.csv
I19_baseline_seed4242145_00001_.png,1024,1280,5.599999904632568,2.472778797149658,0.4415676498680055,0.07892227172851562,151.90161527165932,681,2.7316088676452637,3.7187836170196533,0.6069,0.8245234449715638,9.836150299128331,40.4024772644043,3,8.0,5.105366118156878,12.812933598387904,0.8017038961844626,0.3486254016500202,0.9141141345300451,2.9042311185270235,0.8648262023925781,-3.482559185248491,1.5156822335243476e-05,baseline,I19,f1f616b0ac,4242145,renders/I19_baseline_seed4242145_00001_.png,stage7a_images.csv
I19_baseline_seed42_00001_.png,1024,1280,4.393799781799316,2.691086769104004,0.6124736908248399,0.08026657104492188,129.88518518518518,810,2.85427188873291,3.7517549991607666,0.6047499999999999,0.8560783016762548,10.735468198459506,38.32619094848633,6,10.0,5.533883633614109,11.051820365279017,0.8019203648546542,0.29606598921110217,0.8967186391781728,3.0104877889974593,0.8227348327636719,-3.482927634298629,1.3515250622572053e-05,baseline,I19,f1f616b0ac,42,renders/I19_baseline_seed42_00001_.png,stage7a_images.csv
I19_baseline_seed1337_00001_.png,1024,1280,5.599999904632568,2.5726611614227295,0.45940378664908726,0.080572509765625,104.87388282025819,1007,2.799342393875122,3.7991106510162354,0.60845,0.8227803726524384,9.788728611735637,38.21198654174805,3,9.0,6.044228135171603,12.064732378174376,0.7931318046958515,0.34713078990199064,0.9178860962156113,2.967126371379716,0.8482192993164062,-3.5258542638306283,1.4356750898535518e-05,baseline,I19,f1f616b0ac,1337,renders/I19_baseline_seed1337_00001_.png,stage7a_images.csv
I19_baseline_seed777_00001_.png,1024,1280,4.393799781799316,2.489546060562134,0.5666043479893463,0.08095779418945312,148.4097902097902,715,2.485412120819092,3.436436891555786,0.6013499999999999,0.8471841778393335,10.473971733645085,43.20450973510742,5,10.0,5.562650981097052,13.445131051968952,0.8154110655806178,0.324220133874937,0.8947347199097454,2.390379394748281,0.94404296875,-3.4565392576435707,1.612698615010009e-05,baseline,I19,f1f616b0ac,777,renders/I19_baseline_seed777_00001_.png,stage7a_images.csv
I19_baseline_seed9999_00001_.png,1024,1280,5.599999904632568,2.4629716873168945,0.43981638022518804,0.0689300537109375,164.56830601092895,549,2.6797351837158203,3.593947172164917,0.6412,0.8121567706954481,9.504607709946043,35.420631408691406,4,8.0,5.224799526306855,12.131478607996929,0.8305909971560327,0.35642002733981676,0.9108874697676356,2.6512381097681588,0.90968017578125,-3.546923794866034,1.347399361399983e-05,baseline,I19,f1f616b0ac,9999,renders/I19_baseline_seed9999_00001_.png,stage7a_images.csv
I20_baseline_seed4242145_00001_.png,1024,1280,5.599999904632568,2.3958933353424072,0.4278381028828979,0.09527359008789063,144.1997690531178,866,2.614586114883423,3.5849032402038574,0.61445,0.8452685484102785,10.418489295603221,42.979042053222656,2,11.0,6.118161488551933,8.764984058061243,0.7911015700091513,0.320336179301946,0.8679648456709753,2.8540315570411368,0.8908149719238281,-3.4293897013174632,1.7700280419816203e-05,baseline,I20,952efcc3c6,4242145,renders/I20_baseline_seed4242145_00001_.png,stage7a_images.csv
I20_baseline_seed42_00001_.png,1024,1280,4.393799781799316,2.359123706817627,0.5369210760558453,0.09986801147460937,112.45618556701031,1164,2.9198994636535645,3.9435622692108154,0.56025,0.8755791306324948,11.331889412139711,40.84238052368164,2,12.0,5.793355865740247,7.778947341251309,0.7641271490178967,0.26323905719908613,0.8590867869356396,3.0788195174812243,0.8369216918945312,-3.384165908465111,2.0606159080675898e-05,baseline,I20,952efcc3c6,42,renders/I20_baseline_seed42_00001_.png,stage7a_images.csv
I20_baseline_seed1337_00001_.png,1024,1280,4.0,2.262726306915283,0.5656815767288208,0.10969772338867187,107.14083457526081,1342,2.972223997116089,3.947321653366089,0.5736,0.8813916128254586,11.515989322907188,35.900455474853516,4,13.0,6.022522312121392,8.869853175398251,0.7414021498712495,0.2224349642210099,0.8557350811721898,3.1223627589005036,0.8233184814453125,-3.36533711477179,2.1958114467265336e-05,baseline,I20,952efcc3c6,1337,renders/I20_baseline_seed1337_00001_.png,stage7a_images.csv
I20_baseline_seed777_00001_.png,1024,1280,4.393799781799316,2.2838637828826904,0.519792411193443,0.1048858642578125,123.07609668755596,1117,2.8562300205230713,3.928966760635376,0.5895,0.8654864019378461,11.01918491975536,36.64383316040039,4,12.0,6.217876948766356,9.756793223897011,0.7468356802285352,0.2602776562380586,0.8620209146409568,3.1161532903542364,0.8279289245605469,-3.3851756151973147,2.2231965086381722e-05,baseline,I20,952efcc3c6,777,renders/I20_baseline_seed777_00001_.png,stage7a_images.csv
I20_baseline_seed9999_00001_.png,1024,1280,4.0,2.185295343399048,0.546323835849762,0.10730361938476562,107.03576864535769,1314,2.896393299102783,3.8283531665802,0.57525,0.875670396624513,11.334757230939854,37.31674575805664,4,13.0,6.122851332840421,9.43308674763755,0.7517673368457392,0.2465110609129902,0.8608043662412379,3.074394709782027,0.8408012390136719,-3.379595418566562,2.3004532956353903e-05,baseline,I20,952efcc3c6,9999,renders/I20_baseline_seed9999_00001_.png,stage7a_images.csv
I21_baseline_seed4242145_00001_.png,1024,1280,4.0,2.316276788711548,0.579069197177887,0.12038726806640625,107.05156037991858,1474,2.98443603515625,3.924255609512329,0.43584999999999996,0.9519642710351234,14.004873859425501,76.91313171386719,6,15.0,6.189156185064568,9.629452962481366,0.713566461550848,0.1584550871487391,0.9289102303013399,3.157368089373603,0.8176261901855468,-3.4861403141525886,8.72017327046552e-06,baseline,I21,2f3689f658,4242145,renders/I21_baseline_seed4242145_00001_.png,stage7a_images.csv
I21_baseline_seed42_00001_.png,1024,1280,4.393799781799316,2.345278263092041,0.5337699439121052,0.104510498046875,100.7235294117647,1360,3.1118173599243164,4.030570983886719,0.4302,0.9557425467044127,14.152354504962624,77.78661346435547,5,14.0,6.05765884979943,8.225589826180666,0.7399656952956466,0.17884958857598332,0.9200927365476221,3.1530703015337602,0.8079719543457031,-3.485419468741992,8.015846431748502e-06,baseline,I21,2f3689f658,42,renders/I21_baseline_seed42_00001_.png,stage7a_images.csv
I21_baseline_seed1337_00001_.png,1024,1280,4.393799781799316,2.547060489654541,0.5796942546643506,0.1014739990234375,106.4032,1250,3.0592589378356934,4.0123701095581055,0.4838,0.9386634154953969,13.497812020877385,70.9517822265625,6,14.0,6.230615701751593,9.239346029650422,0.7478671010299686,0.16780885598155681,0.942916594994665,3.132996734274342,0.8089820861816406,-3.4897410830019875,7.340161719524833e-06,baseline,I21,2f3689f658,1337,renders/I21_baseline_seed1337_00001_.png,stage7a_images.csv
I21_baseline_seed777_00001_.png,1024,1280,4.393799781799316,2.3565869331359863,0.5363437230111869,0.10562210083007813,103.00669642857143,1344,3.006848096847534,3.98968505859375,0.4355,0.9565257112228291,14.18311821801493,78.19087982177734,4,14.0,6.017597111804678,8.780129641878402,0.7384214028581859,0.17242610412864753,0.9282883977581602,3.146724484639171,0.8084236145019531,-3.460400887258836,8.769392517725371e-06,baseline,I21,2f3689f658,777,renders/I21_baseline_seed777_00001_.png,stage7a_images.csv
I21_baseline_seed9999_00001_.png,1024,1280,4.0,2.141010284423828,0.535252571105957,0.11909713745117187,91.44874048037492,1707,3.0287811756134033,3.9990854263305664,0.41009999999999996,0.9617647028186418,14.390639614948102,79.66783142089844,4,15.0,6.250574526265006,9.276050601108693,0.7199498345177247,0.16338705959737224,0.9306536637238034,3.1516514981562964,0.8162864685058593,-3.497505656498531,7.955963160797611e-06,baseline,I21,2f3689f658,9999,renders/I21_baseline_seed9999_00001_.png,stage7a_images.csv
I22_baseline_seed4242145_00001_.png,1024,1280,4.0,2.447761058807373,0.6119402647018433,0.11590957641601562,76.15288220551379,1995,2.9386868476867676,3.7758965492248535,0.5365000000000001,0.8959327710425907,11.989761735148646,38.553924560546875,5,11.0,5.952331603584395,18.95096267281251,0.7252681070651378,0.2252736118367014,0.9068078091975568,3.0697480739408545,0.8397300720214844,-3.3907478992249276,1.4882272657576009e-05,baseline,I22,c412444d34,4242145,renders/I22_baseline_seed4242145_00001_.png,stage7a_images.csv
I22_baseline_seed42_00001_.png,1024,1280,4.0,2.510650873184204,0.627662718296051,0.113983154296875,76.81233933161954,1945,2.9510703086853027,3.753086566925049,0.55665,0.8871403605982644,11.701012293096479,40.457481384277344,6,11.0,5.663660339171126,19.78459247577431,0.727876440945839,0.23728369783696365,0.9039498547145928,3.0710854571966877,0.8429481506347657,-3.4380313488102385,1.3809793710279319e-05,baseline,I22,c412444d34,42,renders/I22_baseline_seed42_00001_.png,stage7a_images.csv
I22_baseline_seed1337_00001_.png,1024,1280,4.393799781799316,2.3291003704071045,0.5300879616898039,0.1080902099609375,80.95771428571429,1750,2.9320003986358643,3.749690294265747,0.5810000000000001,0.8682975877663827,11.10540691733915,32.81285858154297,4,11.0,5.555713367742508,20.402426241225527,0.7454851899102137,0.29446197475369573,0.9225985719277536,2.9869801107881453,0.8591239929199218,-3.4656553165783595,1.1374197912640989e-05,baseline,I22,c412444d34,1337,renders/I22_baseline_seed1337_00001_.png,stage7a_images.csv
I22_baseline_seed777_00001_.png,1024,1280,4.393799781799316,2.5258312225341797,0.5748626127656231,0.11297607421875,77.65076035658102,1907,2.8778722286224365,3.7194981575012207,0.56565,0.8724692587748436,11.234601408850388,37.43584060668945,6,10.0,5.7880863921736525,20.67652525277603,0.7216850021258845,0.2302367623114475,0.9035066076185692,3.0743442438936883,0.8392616271972657,-3.4176750032207712,1.533946741247313e-05,baseline,I22,c412444d34,777,renders/I22_baseline_seed777_00001_.png,stage7a_images.csv
I22_baseline_seed9999_00001_.png,1024,1280,4.0,2.367076873779297,0.5917692184448242,0.11158218383789062,71.72780774889652,2039,3.0130860805511475,3.9097514152526855,0.5690999999999999,0.8857452866630078,11.655840589974018,35.340972900390625,4,11.0,5.847373341937386,19.366710034406097,0.7278604825871615,0.2233342622982037,0.9001249353567805,3.1065375466336937,0.8303855895996093,-3.391228649287071,1.417411326914316e-05,baseline,I22,c412444d34,9999,renders/I22_baseline_seed9999_00001_.png,stage7a_images.csv
I23_baseline_seed4242145_00001_.png,1024,1280,4.0,2.4838955402374268,0.6209738850593567,0.11902313232421875,97.56472795497186,1599,2.901007890701294,3.8214142322540283,0.4868,0.9287042126208357,13.130198762057889,48.797523498535156,4,12.0,5.799470746326771,14.240764556037698,0.7218394656350977,0.18530727505336714,0.9143765610762415,3.118033229384491,0.8157272338867188,-3.398585873052859,1.3648934197979449e-05,baseline,I23,92b7d2e00d,4242145,renders/I23_baseline_seed4242145_00001_.png,stage7a_images.csv
I23_baseline_seed42_00001_.png,1024,1280,4.0,2.4856624603271484,0.6214156150817871,0.11492919921875,95.70520965692504,1574,2.969951868057251,3.9007859230041504,0.4299,0.9543145645962878,14.096433177793116,54.71282958984375,4,13.0,6.24568651150536,15.429291848288308,0.724567268538343,0.16832874284571836,0.9094587471698935,3.1120263837353765,0.8130531311035156,-3.369863793289247,1.4177756041246789e-05,baseline,I23,92b7d2e00d,42,renders/I23_baseline_seed42_00001_.png,stage7a_images.csv
I23_baseline_seed1337_00001_.png,1024,1280,4.0,2.352576971054077,0.5881442427635193,0.113543701171875,103.56576200417537,1437,2.954044818878174,3.874336004257202,0.47695,0.9379230261513489,13.470132198110816,52.244197845458984,5,14.0,6.203055698605326,12.654746933335643,0.7325663465475913,0.17690619080195807,0.9291562395973018,3.1044378337820486,0.8195831298828126,-3.43100313925508,1.0893393924909301e-05,baseline,I23,92b7d2e00d,1337,renders/I23_baseline_seed1337_00001_.png,stage7a_images.csv
I23_baseline_seed777_00001_.png,1024,1280,4.0,2.5011298656463623,0.6252824664115906,0.11208877563476563,89.47442143727162,1642,2.9694457054138184,3.890302896499634,0.50045,0.9194076274424589,12.796084414222662,52.443763732910156,4,13.0,6.213759067887797,14.699372369806722,0.7323846779122991,0.17098794890774285,0.9186543059343188,3.113816774678606,0.8130401611328124,-3.3981498817980076,1.2350701040241217e-05,baseline,I23,92b7d2e00d,777,renders/I23_baseline_seed777_00001_.png,stage7a_images.csv
I23_baseline_seed9999_00001_.png,1024,1280,4.0,2.4731898307800293,0.6182974576950073,0.11468353271484374,88.78795038393385,1693,2.9985218048095703,3.965031147003174,0.46934999999999993,0.9400853120023048,13.551129936558407,51.976009368896484,4,12.0,6.128536662787084,14.102954683029296,0.7263323083671396,0.1680429825354118,0.920736259911648,3.1141356657873,0.8162391662597657,-3.3735061134994195,1.2650687842333803e-05,baseline,I23,92b7d2e00d,9999,renders/I23_baseline_seed9999_00001_.png,stage7a_images.csv
I24_baseline_seed4242145_00001_.png,1024,1280,2.799999952316284,2.5024425983428955,0.8937295146282999,0.11845169067382813,73.54666035054477,2111,2.847870111465454,3.9798390865325928,0.43695,0.9506716348864158,13.954770950804107,66.17366027832031,4,14.0,6.2808025551088305,13.355121649077105,0.7172713885048988,0.19257985330562838,0.8854427932715745,3.1409789465576345,0.81634521484375,-3.4030511231208163,1.5760559189256208e-05,baseline,I24,66faaa372d,4242145,renders/I24_baseline_seed4242145_00001_.png,stage7a_images.csv
I24_baseline_seed42_00001_.png,1024,1280,2.799999952316284,2.3072314262390137,0.8240112376896184,0.1130584716796875,63.16624040920716,2346,2.974513530731201,3.9974935054779053,0.42625,0.9512416502046747,13.97684275934754,72.36248779296875,6,14.0,6.342228941037056,13.606437249231373,0.7251801874307395,0.1702760212664232,0.8883627688106751,3.138412779639393,0.8137947082519531,-3.4295477127923073,1.2890032577847021e-05,baseline,I24,66faaa372d,42,renders/I24_baseline_seed42_00001_.png,stage7a_images.csv
I24_baseline_seed1337_00001_.png,1024,1280,2.799999952316284,2.2861058712005615,0.816466396475969,0.11850509643554688,81.15308254963428,1914,2.949129343032837,3.9933700561523438,0.44865,0.9456236644043433,13.760821151198298,71.78507232666016,4,14.0,6.306881473031052,11.917329780736782,0.7222671416357511,0.17857781843145384,0.897992172235694,3.147524484228365,0.812322235107422,-3.430899660002488,1.346743815671154e-05,baseline,I24,66faaa372d,1337,renders/I24_baseline_seed1337_00001_.png,stage7a_images.csv
I24_baseline_seed777_00001_.png,1024,1280,2.799999952316284,2.422358274459839,0.8651279698972697,0.11569290161132813,84.52675585284281,1794,2.996586561203003,4.004318714141846,0.43885,0.9423778008439637,13.637536978812049,63.249813079833984,5,15.0,6.430412950817944,12.81124181072908,0.7208349230362732,0.1889510843240169,0.8974379470664205,3.1487312923210142,0.8115081787109376,-3.4195180010162742,1.3661360101448857e-05,baseline,I24,66faaa372d,777,renders/I24_baseline_seed777_00001_.png,stage7a_images.csv
I24_baseline_seed9999_00001_.png,1024,1280,2.799999952316284,2.3907957077026367,0.8538556244348735,0.12344589233398437,72.75314748201438,2224,2.9654881954193115,3.991192102432251,0.4373,0.9447179199800249,13.726307550232917,64.0127182006836,5,15.0,6.3084557069244065,13.524917101032095,0.7034373662484711,0.1778147443398178,0.8937976847477287,3.163594407274045,0.8158325195312499,-3.383706818369781,1.447064177943171e-05,baseline,I24,66faaa372d,9999,renders/I24_baseline_seed9999_00001_.png,stage7a_images.csv
