file,width_px,height_px,stroke_width_median_px,stroke_width_std_px,stroke_width_cv,edge_density,contour_mean_length_px,contour_n_components,crosshatch_entropy_mean,crosshatch_entropy_p90,color_top4_cluster_share,color_cluster_entropy_norm,color_n_effective,colorfulness_hs,luminance_hist_n_peaks,shadow_edge_transition_width_px,shadow_edge_transition_width_std,glcm_contrast,glcm_homogeneity,glcm_energy,glcm_correlation,lbp_entropy,lbp_uniform_share,fft_radial_slope,fft_high_freq_share
A01_Block_1neg_0.050_krea2_seed1337_00001_.png,1024,1280,2.799999952316284,2.0959718227386475,0.748561378011727,0.11353988647460937,85.8736295441431,1733,2.8134067058563232,3.69193434715271,0.6055999999999999,0.8522222554200953,10.621304199143829,34.29971694946289,3,17.0,6.2954685870372105,11.361344544855175,0.7424046441691889,0.26064998809567275,0.9594841460048457,2.7979560339850513,0.9123764038085938,-3.526088614120009,6.818195567579486e-06
A01_Block_1neg_0.050_krea2_seed42_00001_.png,1024,1280,2.799999952316284,2.1040430068969727,0.7514439438316471,0.11013031005859375,88.55828220858896,1630,2.8085875511169434,3.740419864654541,0.5959000000000001,0.8663172276078207,11.044597287593596,38.2426643371582,5,16.0,6.204433586970718,11.461708322123414,0.7412159003238054,0.22191666833921703,0.9586083410365526,2.872831230619726,0.9053619384765624,-3.563896535847122,7.052004539458487e-06
A01_Block_1neg_0.050_krea2_seed777_00001_.png,1024,1280,4.0,2.0882811546325684,0.5220702886581421,0.11756973266601563,83.38798701298701,1848,2.7173993587493896,3.62288498878479,0.5925,0.8619323779946207,10.911136779933914,35.48094940185547,3,16.0,6.267799394099479,12.78157168811296,0.7380481105653788,0.25654475142732636,0.9546881730104778,2.770669208357108,0.9155738830566406,-3.4811383767778277,8.460746006226572e-06
A01_Block_1pos_0.020_krea2_seed1337_00001_.png,1024,1280,2.799999952316284,2.0192956924438477,0.7211770452972318,0.11367645263671874,84.56186152099886,1762,2.7096033096313477,3.652660846710205,0.6234,0.8430932173634086,10.355841392543557,32.25374984741211,3,17.0,6.276668657105976,10.011349174785853,0.731361296798565,0.2140674178818878,0.9636067370853103,2.8671313131746325,0.8864730834960938,-3.547760948448601,5.967740965747417e-06
A01_Block_1pos_0.020_krea2_seed42_00001_.png,1024,1280,2.799999952316284,2.0487194061279297,0.7316855146490764,0.110028076171875,78.80655737704917,1830,2.70569109916687,3.6701645851135254,0.5981500000000001,0.8686990444948194,11.117774943444898,37.539955139160156,5,15.0,6.044433833658041,10.68437550248637,0.7512678387855203,0.23378925825363334,0.9595440310085481,2.855769880375256,0.8856979370117188,-3.4810775392124103,8.03096820061925e-06
A01_Block_1pos_0.020_krea2_seed777_00001_.png,1024,1280,2.799999952316284,2.0471813678741455,0.7311362152633704,0.12025375366210937,87.81002785515321,1795,2.655911684036255,3.5683000087738037,0.6202,0.8549720032531805,10.702589633957942,34.88072204589844,5,17.0,6.3649223041212375,11.168120703611224,0.7314437061271594,0.23107906648863047,0.959494389378454,2.8889502909789755,0.88321533203125,-3.4859472326129755,7.734622471898376e-06
A01_Block_1pos_0.035_krea2_seed1337_00001_.png,1024,1280,2.799999952316284,2.235731363296509,0.7984755004895671,0.11401748657226562,73.65450961064563,2029,2.6367905139923096,3.621691942214966,0.6148,0.8447425987646007,10.403307688271045,32.61564254760742,4,18.0,6.232598747048651,10.519096640673972,0.7434277323353081,0.25578357727109935,0.9605749260812666,2.8050086065866093,0.8860282897949219,-3.5111514438238984,6.59815759142915e-06
A01_Block_1pos_0.035_krea2_seed42_00001_.png,1024,1280,2.799999952316284,2.036062479019165,0.7271651834618225,0.10880889892578124,76.42979635584138,1866,2.668893337249756,3.6487858295440674,0.58145,0.8749232678954417,11.311301802350583,37.186527252197266,3,16.0,6.295583939487548,10.08816828952026,0.7653517192676669,0.2678640305276969,0.9615820008703413,2.8134776670613273,0.8863006591796876,-3.48830625413601,7.71573623493215e-06
A01_Block_1pos_0.035_krea2_seed777_00001_.png,1024,1280,2.799999952316284,2.0690104961395264,0.7389323326337734,0.11955642700195312,90.11213341000575,1739,2.6691336631774902,3.590843439102173,0.5842499999999999,0.8660332886662622,11.035905895163037,34.77982711791992,4,16.0,6.187040892058174,10.937994535053496,0.7268992172791983,0.2173253307486835,0.9595623074119191,2.8928168371146183,0.8772933959960937,-3.5050822358973104,7.5751293101453715e-06
A01_Block_1pos_0.050_krea2_seed1337_00001_.png,1024,1280,2.799999952316284,2.1379177570343018,0.7635420690867232,0.11349334716796874,84.04406779661016,1770,2.6104469299316406,3.6155190467834473,0.6398499999999999,0.836858143059918,10.178355436172714,31.809463500976562,4,17.0,6.443899088442419,10.046588119382832,0.7590932849864389,0.29986367373180645,0.9625312765386482,2.749068889436828,0.8883010864257812,-3.5247623445600027,6.273109023290596e-06
A01_Block_1pos_0.050_krea2_seed42_00001_.png,1024,1280,2.799999952316284,1.971841812133789,0.7042292306121627,0.1086212158203125,80.0292299044407,1779,2.621514081954956,3.6116905212402344,0.6123999999999999,0.8612592661505668,10.89079272620321,36.98768615722656,3,16.0,6.264212363132639,10.047243457121363,0.7694131813613081,0.2825738887118966,0.961838210411484,2.786409682515101,0.8873802185058594,-3.5057023866845594,7.404579811734654e-06
A01_Block_1pos_0.050_krea2_seed777_00001_.png,1024,1280,2.799999952316284,2.0193328857421875,0.7211903286182937,0.11793365478515624,84.10119695321,1838,2.6521716117858887,3.587616205215454,0.5997499999999999,0.8613278117867612,10.892862705614519,34.12017059326172,3,16.0,6.442194585778127,10.680990915432183,0.7392957456239797,0.24674585717917935,0.9599033472578156,2.8172360974028514,0.8794837951660157,-3.487581283770796,7.549448496494921e-06
A01_Block_1pos_0.080_krea2_seed1337_00001_.png,1024,1280,2.799999952316284,2.177820920944214,0.7777931992972442,0.11172256469726563,85.78617457527827,1707,2.5630993843078613,3.6053924560546875,0.5785999999999999,0.8654204831835461,11.017171175896927,31.579814910888672,4,17.0,6.1723773119507594,10.281060552534798,0.7638640913635901,0.3074623146215462,0.9610439324853254,2.8387336425674556,0.8698547363281249,-3.545593289328174,6.493171865573881e-06
A01_Block_1pos_0.080_krea2_seed42_00001_.png,1024,1280,2.799999952316284,2.091529130935669,0.7469747023407851,0.10265350341796875,81.64441747572816,1648,2.60831880569458,3.5873730182647705,0.6079,0.8624311671193703,10.926236634480484,36.41514205932617,3,16.0,6.2302826619463065,8.909920438352374,0.7823841480444904,0.29376164023866824,0.9657688976664633,2.8509592039966707,0.8697906494140625,-3.47751139042352,7.185662877080687e-06
A01_Block_1pos_0.080_krea2_seed777_00001_.png,1024,1280,2.799999952316284,2.0751259326934814,0.7411164171545236,0.11669769287109374,79.9989539748954,1912,2.541292905807495,3.538335084915161,0.63415,0.846787288359311,10.46245239599944,34.14490509033203,3,16.0,6.621192119809647,10.341205520430542,0.7558437189688378,0.28842745431389816,0.9608127256336907,2.722960597021912,0.8852699279785157,-3.4835550415663032,7.579043326218275e-06
A01_Block_1pos_0.120_krea2_seed1337_00001_.png,1024,1280,2.799999952316284,1.954068660736084,0.6978816764334556,0.1124847412109375,86.16949152542372,1711,2.5277512073516846,3.561396837234497,0.62985,0.8508885249959436,10.582100358100984,30.618541717529297,6,17.0,6.486439066065748,10.209915269454491,0.760386337530692,0.29071586016398177,0.959969951627534,2.8398064044694937,0.8657722473144531,-3.5162580088667394,6.864344286257419e-06
A01_Block_1pos_0.120_krea2_seed42_00001_.png,1024,1280,2.799999952316284,2.0350115299224854,0.7267898444923306,0.09206619262695312,77.0581098339719,1566,2.4883391857147217,3.518181324005127,0.6585000000000001,0.8342720823240497,10.105636795486578,40.75791931152344,3,16.0,6.159408162190138,7.399303443738313,0.8065293481959728,0.31538146702165404,0.9727751049250772,2.619447861135212,0.8936531066894531,-3.458079167789062,6.8300344066980935e-06
A01_Block_1pos_0.120_krea2_seed777_00001_.png,1024,1280,2.799999952316284,2.10764217376709,0.7527293605928653,0.1085052490234375,79.09899888765295,1798,2.471621036529541,3.48819899559021,0.6275999999999999,0.8476243559518176,10.486762316469264,32.792518615722656,5,15.0,6.347444000521882,9.31162581824289,0.7771555401107872,0.316130956400577,0.9657161133450797,2.7460460385121963,0.8793418884277344,-3.4742112851875633,6.994694931272669e-06
A01_Block_1pos_0.200_krea2_seed1337_00001_.png,1024,1280,2.799999952316284,2.1305768489837646,0.7609203161668832,0.08789901733398438,52.51185050136736,2194,2.567662239074707,3.5773675441741943,0.6485500000000001,0.825151321689322,9.853288414504823,30.992427825927734,5,17.0,6.077895788388357,7.684105442818803,0.8075522542089933,0.3389872759982736,0.9734819930394306,2.606376406118242,0.8987205505371094,-3.3615178205036904,7.396807164207151e-06
A01_Block_1pos_0.200_krea2_seed42_00001_.png,1024,1280,2.799999952316284,2.085218667984009,0.7447209655339542,0.08127059936523437,53.39498746867168,1995,2.4108080863952637,3.4275929927825928,0.6418499999999999,0.8356140687977109,10.143307650979995,41.795902252197266,4,17.0,5.926044919136766,8.24487658819325,0.8118130720441061,0.32704384188563207,0.9709538667871588,2.5533709605873,0.9170112609863281,-3.3772127258186977,8.422054310697888e-06
A01_Block_1pos_0.200_krea2_seed777_00001_.png,1024,1280,2.799999952316284,2.217956066131592,0.7921271799654139,0.09695892333984375,57.117303370786516,2225,2.4752986431121826,3.500696897506714,0.6434,0.847107989303855,10.471759451031886,35.53431701660156,4,18.0,6.561049836609857,7.318653068787871,0.7909554508941097,0.3067928801832508,0.9725474132677135,2.724517693471811,0.8814140319824219,-3.373270769501539,7.029210817966906e-06
A01_Block_6neg_0.050_krea2_seed1337_00001_.png,1024,1280,2.799999952316284,2.0814130306243896,0.7433618093109439,0.10299911499023437,81.47435123717563,1657,2.5537095069885254,3.652146577835083,0.5967,0.8531641059111211,10.649076537148163,34.22679138183594,3,17.0,6.465241903726388,9.425062732406225,0.7768400843121037,0.31133911693647087,0.96756591090774,2.602539831010331,0.8925209045410156,-3.549301381042138,6.02408127662539e-06
A01_Block_6neg_0.050_krea2_seed42_00001_.png,1024,1280,2.799999952316284,2.0579872131347656,0.7349954457793142,0.1027587890625,77.49597238204834,1738,2.5456833839416504,3.6038997173309326,0.6306499999999999,0.8434682280275078,10.3666144818228,41.114646911621094,4,16.0,6.409628049981391,9.438818958233847,0.7783551669449641,0.2972335914500728,0.9674712311770848,2.6538721424898504,0.8886100769042968,-3.4785413092370256,7.531496222997212e-06
A01_Block_6neg_0.050_krea2_seed777_00001_.png,1024,1280,2.799999952316284,1.9160120487213135,0.6842900290538588,0.11531143188476563,74.01616062683644,2042,2.5325613021850586,3.52583909034729,0.6304500000000001,0.8408522459752278,10.291697006347897,36.80514144897461,4,16.0,6.087952450292241,10.121164828239074,0.7603466359891107,0.29956579037407655,0.9650200560418575,2.6202071236643563,0.8946525573730468,-3.4577158620989756,7.709391598745859e-06
A01_Block_6pos_0.020_krea2_seed1337_00001_.png,1024,1280,4.0,2.0855419635772705,0.5213854908943176,0.11674575805664063,78.91748323878288,1939,2.8345539569854736,3.715053081512451,0.64115,0.8321446203259438,10.046203375898202,31.802961349487305,4,17.0,6.0128845614118225,11.027385312748986,0.7459935559197889,0.2853436494630648,0.9587472475141925,2.8275275875202617,0.9110984802246094,-3.5335658117675326,6.597103198950906e-06
A01_Block_6pos_0.020_krea2_seed42_00001_.png,1024,1280,2.799999952316284,1.9870275259017944,0.7096526999073829,0.10860748291015625,83.10215995329831,1713,2.798060655593872,3.712029457092285,0.5752999999999999,0.877807300843251,11.402112241935665,37.2759895324707,4,17.0,6.113835837494402,10.667885856391607,0.7605275527835234,0.26833660212691757,0.9588045901337121,2.8715752302381037,0.9048896789550781,-3.5301730999289247,7.156921220669518e-06
A01_Block_6pos_0.020_krea2_seed777_00001_.png,1024,1280,2.799999952316284,2.026988983154297,0.7239246491691836,0.12493438720703125,82.45417925478348,1986,2.822624683380127,3.67394757270813,0.57855,0.8715697383436385,11.206617221446031,34.48471450805664,4,16.0,6.356906431781561,12.221453778075558,0.7267093115481538,0.23659341611142193,0.9533062713779406,2.8701461162819704,0.9053611755371094,-3.464589612540005,8.72442447390621e-06
A01_Block_6pos_0.035_krea2_seed1337_00001_.png,1024,1280,4.0,2.1361806392669678,0.5340451598167419,0.11882781982421875,77.7972027972028,2002,2.938218355178833,3.743314504623413,0.6045,0.8527991321944728,10.63830595262152,30.610340118408203,5,17.0,6.099639337419783,11.046530323679498,0.744511690029534,0.2981068777879007,0.9582825389500863,2.8565596954273285,0.9175582885742188,-3.5489427605012267,6.491807139345312e-06
A01_Block_6pos_0.035_krea2_seed42_00001_.png,1024,1280,2.799999952316284,1.9745168685913086,0.7051846079346896,0.11224365234375,83.49602724177072,1762,2.852968692779541,3.7418582439422607,0.6253000000000001,0.8594774997238659,10.837123735539125,37.013038635253906,4,17.0,5.99543707608173,10.937827051211059,0.7557011842102657,0.2687704484478838,0.9572613563727186,2.8918634914684054,0.9108207702636719,-3.523856632857484,7.524322857326359e-06
A01_Block_6pos_0.035_krea2_seed777_00001_.png,1024,1280,2.799999952316284,1.9991289377212524,0.7139746327736486,0.125762939453125,83.84537131230925,1966,2.9041645526885986,3.698079824447632,0.5658,0.8822490860236307,11.543400242949652,34.02223587036133,4,17.0,6.189060374685888,12.44810868543495,0.7334127970363387,0.27336335025415104,0.9512604745286177,2.892619365299673,0.9129707336425782,-3.4712293643630767,8.54366900408212e-06
A01_Block_6pos_0.050_krea2_seed1337_00001_.png,1024,1280,4.0,2.1397759914398193,0.5349439978599548,0.11912841796875,77.64495275982098,2011,2.9979212284088135,3.7785606384277344,0.60755,0.8538640283818456,10.669762169461062,32.78287887573242,5,18.0,5.73351826672442,11.246849785366122,0.7383254826594385,0.28917334225220537,0.956246505112044,2.880036523295016,0.9233665466308595,-3.539165428527604,6.72999820151494e-06
A01_Block_6pos_0.050_krea2_seed42_00001_.png,1024,1280,2.799999952316284,1.9818276166915894,0.7077955894435404,0.11362991333007813,80.24622844827586,1856,2.9391446113586426,3.757772445678711,0.5505,0.888177100101922,11.7346946802921,36.11140441894531,5,17.0,5.844118097359357,11.843626565417889,0.7477565472533004,0.2661399330804105,0.9533322758809937,2.901994947180702,0.9200500488281249,-3.5318808756126265,7.684969216987785e-06
A01_Block_6pos_0.050_krea2_seed777_00001_.png,1024,1280,2.799999952316284,2.0712673664093018,0.7397383577438483,0.12646102905273438,78.5941204362257,2109,2.977950096130371,3.7424864768981934,0.57455,0.8785794270661512,11.426547898670886,34.13676834106445,5,18.0,6.1110918623434225,12.626165410994664,0.7269624455272858,0.27095701108946707,0.9496191884898946,2.9096395526910888,0.9201385498046875,-3.486304113058351,8.454373976109492e-06
A01_Block_6pos_0.080_krea2_seed1337_00001_.png,1024,1280,4.0,2.0826454162597656,0.5206613540649414,0.12220840454101563,78.7130221130221,2035,3.149369955062866,3.8437254428863525,0.5703,0.8698844137769862,11.154374081572142,32.706668853759766,4,19.0,5.866725406285313,11.658189404256873,0.7229473107620212,0.27574695086187917,0.9532271624176276,2.8998905186215977,0.9349380493164061,-3.539357259746921,6.929224976535903e-06
A01_Block_6pos_0.080_krea2_seed42_00001_.png,1024,1280,2.799999952316284,1.9354556798934937,0.6912341831621814,0.1177581787109375,82.7603217158177,1865,3.110999345779419,3.841787099838257,0.5838,0.8786543515284292,11.428921835955324,36.15635299682617,4,19.0,5.617437794656749,11.556242634091987,0.7306041462371313,0.2464315470827628,0.9526654053061886,2.9104075420654762,0.9320922851562499,-3.5144354129095885,7.857709681608157e-06
A01_Block_6pos_0.080_krea2_seed777_00001_.png,1024,1280,2.799999952316284,2.028505325317383,0.7244661999509369,0.12845687866210936,75.0985727029438,2242,3.1148345470428467,3.826070785522461,0.5858,0.8768084128445144,11.370577715908363,33.0533561706543,5,18.0,5.816877634925547,12.692627580631463,0.7102194818659422,0.2493587523862397,0.9480930919338276,2.9265026390880884,0.93243408203125,-3.494528347672862,8.438730201808793e-06
A01_Block_6pos_0.120_krea2_seed1337_00001_.png,1024,1280,4.0,2.0095155239105225,0.5023788809776306,0.12950820922851564,73.67578125,2304,3.307957410812378,3.899434804916382,0.5770000000000001,0.876936483736323,11.374615987516416,32.06450271606445,6,20.0,5.398601191342044,12.15985449435101,0.6794302710813515,0.1982646687816986,0.9457183979775142,2.8797061298287483,0.9447875976562499,-3.5345458044331766,7.6053411140561105e-06
A01_Block_6pos_0.120_krea2_seed42_00001_.png,1024,1280,2.799999952316284,1.9878603219985962,0.7099501270898773,0.12381668090820312,69.44330338040223,2337,3.319730758666992,3.9562578201293945,0.5432,0.8996616746789027,12.114363479812441,35.115604400634766,5,20.0,5.2794068390655635,11.586018565288262,0.6934579920061121,0.19458672934806215,0.9477808540182836,2.8670262889779243,0.9464309692382812,-3.4900055694197607,8.743067279626947e-06
A01_Block_6pos_0.120_krea2_seed777_00001_.png,1024,1280,4.0,1.9395415782928467,0.48488539457321167,0.13152694702148438,70.97365170852203,2429,3.3107171058654785,3.9175453186035156,0.54985,0.8890806379022549,11.76412857084431,33.13241195678711,6,19.0,5.4979125357606105,13.04427573798073,0.6788538590946702,0.17424214367426777,0.9427341973919325,2.879065957086864,0.945764923095703,-3.504058622314365,8.680654162342903e-06
A01_Block_6pos_0.200_krea2_seed1337_00001_.png,1024,1280,4.0,2.005474805831909,0.5013687014579773,0.14496231079101562,59.618763727643554,3187,3.6769704818725586,4.017310619354248,0.44500000000000006,0.9461158919126658,13.779613976116337,32.067813873291016,3,22.0,4.728499126109397,11.619825540366081,0.6095830778985261,0.1069991660222499,0.9368721916023449,2.6555289862952183,0.9608489990234375,-3.547350652446315,8.082818668143284e-06
A01_Block_6pos_0.200_krea2_seed42_00001_.png,1024,1280,4.0,2.0305099487304688,0.5076274871826172,0.14021072387695313,55.893248175182485,3288,3.6708574295043945,4.031079292297363,0.4115,0.958793214869672,14.272566305213601,32.32661819458008,3,21.0,4.978594754966072,11.382242068616744,0.6132862826196862,0.10408516719350269,0.9347429010701184,2.6242289444468763,0.9628273010253907,-3.563006184058738,8.118450799463277e-06
A01_Block_6pos_0.200_krea2_seed777_00001_.png,1024,1280,4.0,1.9261165857315063,0.4815291464328766,0.14295272827148436,56.55629338967703,3313,3.6543328762054443,4.018977165222168,0.43584999999999996,0.9476822313108512,13.839586420061657,31.638748168945312,4,22.0,4.88591775470585,11.446456460618604,0.6170938922414384,0.1158178279596444,0.9374277695104744,2.703551748833932,0.9586967468261718,-3.553808112525113,8.00460570048955e-06
A01_baseline_krea2_seed1337_00001_.png,1024,1280,2.799999952316284,2.120818614959717,0.7574352325275154,0.11254959106445313,81.189323059989,1817,2.729762315750122,3.6884098052978516,0.6089,0.8496331352008664,10.545331484842945,32.133602142333984,2,16.0,6.1943517618875985,10.75364731883333,0.7336584957855412,0.2235706616321952,0.9614035348958565,2.83871304000296,0.8965141296386718,-3.541387642931715,6.486798782296464e-06
A01_baseline_krea2_seed42_00001_.png,1024,1280,2.799999952316284,2.0594794750213623,0.7355283964621747,0.10665969848632813,89.96203346203346,1554,2.6953940391540527,3.662285089492798,0.5944,0.869859834466827,11.153613955639438,38.619789123535156,5,16.0,6.246143043707679,10.612447645029462,0.7442635778622134,0.20781409992474542,0.9607434101010878,2.8968116230083054,0.8875350952148438,-3.5303895086878008,7.242098279395195e-06
A01_baseline_krea2_seed777_00001_.png,1024,1280,2.799999952316284,2.0144193172454834,0.7194354826967287,0.1209381103515625,82.30321910695743,1926,2.708934783935547,3.619450092315674,0.6095999999999999,0.8598469970138345,10.848231667743269,35.513587951660156,4,17.0,6.45931299223661,11.345903619207704,0.7352570228526323,0.24428609202486623,0.9590437543539698,2.872290857773645,0.8908065795898437,-3.445303856832782,8.401491094800811e-06
P01_Block_1neg_0.020_krea2_seed1337_00001_.png,1024,1280,2.799999952316284,2.221259832382202,0.793307096503583,0.12602157592773439,60.416605705925384,2734,3.221989393234253,3.9699532985687256,0.54035,0.8616104791960556,10.901403011275438,38.81132888793945,1,17.0,6.2629080710352305,9.448066616524063,0.7047145526554817,0.2695220256289509,0.8827207287723623,3.140243968576626,0.8526145935058593,-3.4180473680220516,2.00472627691943e-05
P01_Block_1neg_0.020_krea2_seed42_00001_.png,1024,1280,2.799999952316284,2.046468734741211,0.7308817034258451,0.1294342041015625,59.94770318021202,2830,3.229321002960205,3.992748498916626,0.51135,0.8970020905870059,12.02536152738194,38.85075759887695,3,17.0,6.193716447941414,9.09449005108312,0.7029991960218975,0.23552128798486882,0.8780479089960955,3.1594775657480327,0.8442756652832031,-3.376445082022434,2.1292264556928358e-05
P01_Block_1neg_0.020_krea2_seed777_00001_.png,1024,1280,2.799999952316284,2.251485586166382,0.8041020087531977,0.12125091552734375,68.1208744106301,2333,3.229846477508545,4.008419036865234,0.56545,0.8653090189758892,11.01376690684742,42.50790023803711,1,16.0,6.214431041172385,9.429364260407349,0.7157093249191218,0.24647794968043515,0.879086344883466,3.1504613294210637,0.8394149780273438,-3.398881367163493,2.0193514274228923e-05
P01_Block_1neg_0.035_krea2_seed1337_00001_.png,1024,1280,2.799999952316284,2.2721762657165527,0.8114915372898159,0.12465972900390625,58.459391771019675,2795,3.267390012741089,3.999711036682129,0.55265,0.8591481622513886,10.827232686233717,38.02516174316406,1,17.0,6.2249372486797006,9.636847357815302,0.7026585622996935,0.2661759768490124,0.8818087322080899,3.1389378657780638,0.8587097167968749,-3.419097118941403,2.0778198996346914e-05
P01_Block_1neg_0.035_krea2_seed42_00001_.png,1024,1280,2.799999952316284,2.055432081222534,0.7340828986522623,0.12986221313476562,58.49243986254295,2910,3.231492280960083,3.9920196533203125,0.5231,0.8905807380905753,11.813159366802992,38.416603088378906,1,17.0,5.913337323947836,9.265877858382783,0.6976558148716863,0.2287499734546766,0.877370501882565,3.1612485821630876,0.8470932006835938,-3.3737824169412174,2.144968018343615e-05
P01_Block_1neg_0.035_krea2_seed777_00001_.png,1024,1280,2.799999952316284,2.205782651901245,0.7877795319519645,0.1254180908203125,65.33704292527823,2516,3.2408030033111572,4.007741928100586,0.5396,0.8684904603861402,11.111347193481098,43.062408447265625,1,16.0,6.122906853329402,9.436543340914694,0.707979901465428,0.24569044878348179,0.8794818100685988,3.149282634146241,0.8489273071289063,-3.4245860770538434,1.9465488273554446e-05
P01_Block_1neg_0.050_krea2_seed1337_00001_.png,1024,1280,2.799999952316284,2.224241018295288,0.7943718057763884,0.1254791259765625,58.26000708466171,2823,3.280622959136963,3.99629282951355,0.54175,0.85992284892338,10.850513357486687,38.398193359375,1,17.0,6.066530842651863,9.568752276154976,0.7024897420690499,0.2646206747960263,0.8814180819520169,3.132615167776517,0.8656051635742188,-3.4111588923075007,2.073265101848356e-05
P01_Block_1neg_0.050_krea2_seed42_00001_.png,1024,1280,2.799999952316284,2.100862979888916,0.7503082198808572,0.13178558349609376,62.83521280465624,2749,3.209243059158325,3.9752161502838135,0.5106999999999999,0.8934486651517415,11.90746712590305,40.150428771972656,1,18.0,5.937240265942544,9.728633416528197,0.6934937798694094,0.2322156647327957,0.8741657687269837,3.154853137254128,0.8551742553710937,-3.385487457767844,2.111115808301382e-05
P01_Block_1neg_0.050_krea2_seed777_00001_.png,1024,1280,2.799999952316284,2.148496389389038,0.7673201521348979,0.1244415283203125,64.57165479018211,2526,3.2561187744140625,4.013655662536621,0.5933999999999999,0.8568782882728506,10.759306256987683,41.127769470214844,3,16.0,6.039543984826264,9.663863409415137,0.7044670901432346,0.23147174526444841,0.8743863082699701,3.150489480504038,0.8541320800781249,-3.4321506720878805,1.959175910677739e-05
P01_Block_1neg_0.080_krea2_seed1337_00001_.png,1024,1280,2.799999952316284,2.217932939529419,0.7921189204644973,0.12716217041015626,56.78841567291312,2935,3.2769687175750732,3.9719817638397217,0.5349,0.8645346765632569,10.990146451616404,38.364933013916016,1,17.0,6.543843100097744,10.073230788408313,0.7014122548098608,0.2619491588887477,0.8782097540888174,3.1221367174425163,0.8750762939453125,-3.3962821966348793,2.3045758964478894e-05
P01_Block_1neg_0.080_krea2_seed42_00001_.png,1024,1280,2.799999952316284,2.123847007751465,0.7585168014001301,0.13070144653320312,58.2103295956507,2943,3.2911815643310547,4.004251003265381,0.5225,0.8881336779126388,11.733282003467762,41.25849914550781,1,17.0,6.091190348202976,10.366853430483122,0.6946856929107168,0.23680010905187607,0.8680696264146495,3.142538436517201,0.8673530578613281,-3.374721231523483,2.293595042688278e-05
P01_Block_1neg_0.080_krea2_seed777_00001_.png,1024,1280,2.799999952316284,2.161083936691284,0.7718157048194018,0.12730712890625,65.77217185652346,2537,3.297410726547241,4.004371643066406,0.5287999999999999,0.8821519035717065,11.54029032772576,41.41645812988281,2,17.0,5.859744527352892,9.90393555126117,0.6981239536629918,0.22761680362126674,0.8747619219714938,3.1417652871121637,0.8678680419921876,-3.427056490717933,1.974004531806898e-05
P01_Block_1neg_0.120_krea2_seed1337_00001_.png,1024,1280,4.0,2.255476474761963,0.5638691186904907,0.12761764526367186,58.83608863876187,2843,3.3005900382995605,3.9708120822906494,0.5331,0.8656399768182924,11.023877887552727,40.79372024536133,1,17.0,6.230202376732338,11.110257119511367,0.6924329428039842,0.25219854602688146,0.8670020836489312,3.1089529364374746,0.885150146484375,-3.3809956804961856,2.5036002264560083e-05
P01_Block_1neg_0.120_krea2_seed42_00001_.png,1024,1280,2.799999952316284,2.153132677078247,0.7689759691949567,0.12590866088867186,59.427799783939506,2777,3.3049392700195312,4.009650707244873,0.5448,0.865628483253272,11.023526596018815,42.38721466064453,2,17.0,5.931219352949582,11.00103983871789,0.6998053975874091,0.24427861657743655,0.865291629955679,3.117246725353518,0.8803657531738281,-3.3737774724250684,2.3467127543833958e-05
P01_Block_1neg_0.120_krea2_seed777_00001_.png,1024,1280,4.0,2.213261842727661,0.5533154606819153,0.1218597412109375,62.80928037750688,2543,3.3208980560302734,4.022155284881592,0.5771,0.8633451043032752,10.953958519807173,42.40182113647461,3,16.0,6.104442219539275,10.835611898007311,0.7042464889502582,0.23222839890994879,0.8683368476410203,3.1103621124769574,0.8842018127441407,-3.4491319697134464,1.9859514843431482e-05
P01_Block_1neg_0.200_krea2_seed1337_00001_.png,1024,1280,4.0,2.1701087951660156,0.5425271987915039,0.12434768676757812,63.492403583950136,2567,3.3551642894744873,4.030781269073486,0.50075,0.9138313297887575,12.599768477684774,42.90543746948242,4,18.0,5.868219072421688,12.285409073925852,0.6876235987211736,0.1851399411455028,0.8463993108634926,3.029149192367954,0.9154579162597656,-3.4421234678412933,2.0576969377120798e-05
P01_Block_1neg_0.200_krea2_seed42_00001_.png,1024,1280,4.0,2.1989080905914307,0.5497270226478577,0.12983779907226561,59.73359073359073,2849,3.3714652061462402,4.018013954162598,0.49695,0.9032878617823374,12.236774712910929,44.91962814331055,2,17.0,6.185721591970435,12.12820346687213,0.6827086126303629,0.21350599245373852,0.8509526205474528,3.0383091942261937,0.9125862121582031,-3.42392927659457,2.1916031181310536e-05
P01_Block_1neg_0.200_krea2_seed777_00001_.png,1024,1280,2.799999952316284,2.185474395751953,0.7805265832037003,0.12302322387695312,63.583990536277604,2536,3.4321701526641846,4.043806076049805,0.46275,0.9230419806774837,12.925676840332406,43.99922561645508,2,17.0,6.053984956452431,11.123219081093556,0.6921631570973689,0.18731920275247288,0.851693962666686,3.0528500580644202,0.9105033874511719,-3.4307538035723786,2.0764525496654475e-05
P01_Block_1pos_0.020_krea2_seed1337_00001_.png,1024,1280,2.799999952316284,2.1375463008880615,0.7634094061750923,0.12558975219726562,59.0010752688172,2790,3.1869630813598633,3.9853286743164062,0.53915,0.8628624208015263,10.939308830063394,37.863670349121094,2,17.0,6.275325008248257,8.668635440527193,0.7076189497535139,0.252811514464968,0.8859316655436154,3.1500171290507364,0.8350807189941406,-3.4107734211911658,1.964464717746213e-05
P01_Block_1pos_0.020_krea2_seed42_00001_.png,1024,1280,2.799999952316284,1.9929275512695312,0.7117598518603163,0.12673416137695312,59.05190188410949,2813,3.1986427307128906,3.9889605045318604,0.5327,0.8777672328315465,11.400845627500908,37.729549407958984,1,17.0,6.139141175423644,8.46367068405316,0.705679135832717,0.23723504873973394,0.8809363281729207,3.15985517104245,0.8246528625488281,-3.3451659543471712,2.1883196300172752e-05
P01_Block_1pos_0.020_krea2_seed777_00001_.png,1024,1280,2.799999952316284,2.1415507793426514,0.7648395770760873,0.12284393310546875,62.55400155400155,2574,3.2135372161865234,3.9982380867004395,0.53445,0.8735648851058003,11.268780883398783,41.015296936035156,2,16.0,6.026015592971373,8.801786698732153,0.7134629438881483,0.24288056399206745,0.8842459593144207,3.1520674720833863,0.8254867553710936,-3.4153570612721778,1.8989251514472105e-05
P01_Block_1pos_0.035_krea2_seed1337_00001_.png,1024,1280,2.799999952316284,2.135646104812622,0.7627307647080211,0.12523880004882812,61.71165413533834,2660,3.158271074295044,3.9863271713256836,0.5404,0.8656738693432886,11.024913850390867,37.36200714111328,1,16.0,6.34520580605091,8.481330647219101,0.7086689440627908,0.24591581956472724,0.883367586449232,3.1513721756085293,0.8282279968261719,-3.3801637815433043,2.052649717128548e-05
P01_Block_1pos_0.035_krea2_seed42_00001_.png,1024,1280,2.799999952316284,2.0285940170288086,0.7244978755626997,0.12411422729492187,58.9203187250996,2761,3.1972427368164062,3.997976303100586,0.5611999999999999,0.8762604033846324,11.353314323362891,36.78044128417969,2,16.0,6.443358610459009,8.327318156449145,0.7110409125140235,0.2436794242696015,0.8827277896837247,3.1559847060089146,0.8206520080566406,-3.3479052049757554,2.2040683701785053e-05
P01_Block_1pos_0.035_krea2_seed777_00001_.png,1024,1280,2.799999952316284,2.152329206466675,0.7686890154002226,0.12047653198242188,63.290981963927855,2495,3.172978162765503,3.9766757488250732,0.5441,0.8778461119621473,11.403339258129268,40.630035400390625,2,15.0,6.276325960016324,8.808410149184441,0.7178433296891451,0.25378685036256704,0.884635296435947,3.1457171851174075,0.8201148986816407,-3.3889803878701117,1.9695229634106903e-05
P01_Block_1pos_0.050_krea2_seed1337_00001_.png,1024,1280,2.799999952316284,2.1296722888946533,0.7605972589866988,0.12587890625,63.58073217726397,2595,3.1779861450195312,3.9949958324432373,0.5448,0.8830736398333119,11.569820359829972,38.096336364746094,1,17.0,6.493149915851246,8.342649107760723,0.7113488893590205,0.24336591555624437,0.8831461235240047,3.1507615834731615,0.8206733703613281,-3.3729979549780573,2.053683912259189e-05
P01_Block_1pos_0.050_krea2_seed42_00001_.png,1024,1280,2.799999952316284,1.994640827178955,0.7123717361241023,0.12575302124023438,59.54732658959538,2768,3.190537452697754,3.9961190223693848,0.50825,0.8857527966531326,11.656083291741435,36.284095764160156,1,17.0,6.077167638608307,8.007072571552737,0.710839073400729,0.24235153758143962,0.8851347632039819,3.1567728885356003,0.813976287841797,-3.339471327372037,2.1667806668129857e-05
P01_Block_1pos_0.050_krea2_seed777_00001_.png,1024,1280,2.799999952316284,2.1157453060150146,0.7556233364449797,0.12104110717773438,61.3262466177039,2587,3.176262378692627,3.982544183731079,0.54335,0.8728908082716805,11.247739900796779,40.21980667114258,2,15.0,6.353049956516948,8.336326327966624,0.7198329577059951,0.24911206837923613,0.8866686992343148,3.1450783127200697,0.8136032104492188,-3.3853448445129715,1.947780910190465e-05
P01_Block_1pos_0.080_krea2_seed1337_00001_.png,1024,1280,2.799999952316284,2.0666983127593994,0.7381065528410937,0.12625885009765625,62.40196078431372,2652,3.1399669647216797,3.970710277557373,0.5456,0.8657880560086569,11.028404809776884,38.348968505859375,1,17.0,6.311619322852111,7.705602172515075,0.7117423918117725,0.2428123175695492,0.8890280962455706,3.1447971364702205,0.8107269287109375,-3.3585032607744987,2.024585921806397e-05
P01_Block_1pos_0.080_krea2_seed42_00001_.png,1024,1280,2.799999952316284,2.0208792686462402,0.7217426082362892,0.12532577514648438,60.28146788990826,2725,3.1778554916381836,4.00023078918457,0.5109,0.8851908271262925,11.63793596890083,36.25102233886719,2,17.0,6.226410985308524,7.596101014636735,0.7098865858410287,0.2328094186332311,0.886785680153486,3.154177397522084,0.8062286376953125,-3.328090357001365,2.143592010037228e-05
P01_Block_1pos_0.080_krea2_seed777_00001_.png,1024,1280,2.799999952316284,2.006854295730591,0.7167336892525416,0.12462310791015625,64.0823852491173,2549,3.1602795124053955,3.9664337635040283,0.5496500000000001,0.8672690481966295,11.073782550599553,40.69173049926758,1,15.0,6.420662913569802,7.594734245458959,0.7198465721944843,0.24312576878913575,0.8917478248846586,3.137898117320807,0.8022171020507812,-3.345035840847369,2.062152139511976e-05
P01_Block_1pos_0.120_krea2_seed1337_00001_.png,1024,1280,2.799999952316284,2.0699005126953125,0.7392501956948245,0.12728652954101563,60.579883805374,2754,3.1500377655029297,3.9738943576812744,0.55055,0.8696632764504427,11.147537176005772,37.660648345947266,1,16.0,6.415942230315138,6.950689170348953,0.713065048171847,0.2398533497593942,0.8951277557299321,3.1412975265639975,0.8012832641601563,-3.330476696137415,2.0580157936156723e-05
P01_Block_1pos_0.120_krea2_seed42_00001_.png,1024,1280,2.799999952316284,1.9331189393997192,0.6903996329716211,0.12650985717773439,57.31731766332527,2893,3.1701927185058594,3.9912972450256348,0.51795,0.8793962022051959,11.452453569779307,35.374210357666016,2,17.0,6.165965632043763,7.047114212622612,0.714517567752052,0.23435543334902637,0.8893469761884935,3.138590844326597,0.7957748413085938,-3.2614962382656567,2.4020277831840075e-05
P01_Block_1pos_0.120_krea2_seed777_00001_.png,1024,1280,2.799999952316284,1.8496853113174438,0.6606019081490705,0.12726898193359376,58.98656294200849,2828,3.153162717819214,3.9755823612213135,0.5273,0.889976975807553,11.793400863492575,41.361785888671875,2,16.0,6.567996577616282,7.384507631095579,0.7104603730519261,0.22359246381634293,0.8880560500067028,3.1482560722901485,0.79140625,-3.3443994539387414,1.962182713282832e-05
P01_Block_1pos_0.200_krea2_seed1337_00001_.png,1024,1280,2.799999952316284,1.8893839120864868,0.6747799800937513,0.12634201049804689,56.86778846153846,2912,3.1880993843078613,3.9849133491516113,0.5316500000000001,0.878651881450163,11.428843565124788,35.9350700378418,1,18.0,6.268971057166378,5.555022571858363,0.7139946424595998,0.2256477033767885,0.9057414576368217,3.149990751294727,0.7965194702148437,-3.2705595585005938,2.138367181891077e-05
P01_Block_1pos_0.200_krea2_seed42_00001_.png,1024,1280,2.0,1.7838642597198486,0.8919321298599243,0.12746124267578124,61.99109461966605,2695,3.14882230758667,3.9822275638580322,0.51065,0.8940014294217389,11.925730358335477,36.21122741699219,3,18.0,5.946368154221431,5.514827763327649,0.7113511102953063,0.21121515115986123,0.89867974394786,3.1490499975220017,0.7922607421875,-3.221130198406115,2.2078812666363803e-05
P01_Block_1pos_0.200_krea2_seed777_00001_.png,1024,1280,2.0,1.8311727046966553,0.9155863523483276,0.13259658813476563,55.722026290477714,3119,3.147559642791748,3.987637996673584,0.55365,0.8790914730814737,11.442781609537066,39.515419006347656,2,17.0,6.390373381828235,6.12550300687487,0.7028412913492266,0.21419616328759422,0.8961864581607292,3.1532385875423192,0.7886558532714844,-3.2510614609907633,2.2722417225673597e-05
P01_Block_2neg_0.020_krea2_seed1337_00001_.png,1024,1280,2.799999952316284,2.1583733558654785,0.7708476402222708,0.12710037231445312,61.09020902090209,2727,3.1915533542633057,3.975125551223755,0.5639,0.855435738281419,10.716359301475396,38.037818908691406,2,17.0,6.4137606823856865,9.06781997467862,0.7035014751277961,0.24876481056469735,0.8821200587358369,3.1517661782292086,0.8416885375976564,-3.402011588507225,2.0380812731501098e-05
P01_Block_2neg_0.020_krea2_seed42_00001_.png,1024,1280,2.799999952316284,2.044935703277588,0.7303341921795129,0.12666168212890624,60.745700695206736,2733,3.192742109298706,3.9927079677581787,0.5266500000000001,0.882328870497499,11.54595403557158,37.55555725097656,2,17.0,6.281741903521178,8.867839845445669,0.7058537423839616,0.24274414940662098,0.8801604184206111,3.1584593457543777,0.83350830078125,-3.3483388485445325,2.2109985787591393e-05
P01_Block_2neg_0.020_krea2_seed777_00001_.png,1024,1280,2.799999952316284,2.2091259956359863,0.7889735833061352,0.12215652465820312,65.37893017558187,2449,3.2183151245117188,3.997236490249634,0.5496500000000001,0.8603541534151005,10.863496487806067,41.05893325805664,3,16.0,6.238808234461189,8.914159600587048,0.7154159890167187,0.24281998394110071,0.8811244996028135,3.1528690935179253,0.8340194702148438,-3.4102527240350407,1.91385671818248e-05
P01_Block_2neg_0.035_krea2_seed1337_00001_.png,1024,1280,2.799999952316284,2.1221723556518555,0.75791871135437,0.12538909912109375,56.2649777473468,2921,3.2125582695007324,3.979536771774292,0.5456,0.8683329286810603,11.106495143073166,37.97892761230469,1,17.0,6.2597449344020095,9.072989107188777,0.7065896891843861,0.2628114115337919,0.8852704874150623,3.148349165649023,0.8421310424804689,-3.4232324171110506,1.9533466999264574e-05
P01_Block_2neg_0.035_krea2_seed42_00001_.png,1024,1280,2.799999952316284,1.9965723752975464,0.7130615747496328,0.12617950439453124,59.1932712956335,2794,3.1991634368896484,3.9945311546325684,0.5571,0.8647664831323214,10.997212136098724,37.43282699584961,1,17.0,6.0093103545664865,8.6371373532246,0.7076743112954562,0.24236809225107755,0.8800436630857564,3.160373016784594,0.8347282409667969,-3.3276123035803353,2.2263247326916322e-05
P01_Block_2neg_0.035_krea2_seed777_00001_.png,1024,1280,2.799999952316284,2.277272939682007,0.8133117780227623,0.12314071655273437,66.86122618061309,2414,3.2158565521240234,3.9946200847625732,0.54925,0.8677350388158251,11.088099127889459,40.623600006103516,2,17.0,6.020340392162224,9.19329511530721,0.7130932741472678,0.24444866865140025,0.8811497898097598,3.1513981780295373,0.8356887817382812,-3.435385630037051,1.841068472039247e-05
P01_Block_2neg_0.050_krea2_seed1337_00001_.png,1024,1280,2.799999952316284,2.2408742904663086,0.8003122602243468,0.12224807739257812,60.71731716559303,2639,3.2183101177215576,3.9984946250915527,0.5679,0.862398944685283,10.925260532938907,37.973106384277344,1,17.0,6.325656956988737,8.971596360464513,0.7088215915200713,0.23668125352486843,0.8823561649823828,3.1567235541140795,0.8400238037109374,-3.4183769876583834,1.9662426290628376e-05
P01_Block_2neg_0.050_krea2_seed42_00001_.png,1024,1280,2.799999952316284,1.9889171123504639,0.7103275522219717,0.12554168701171875,58.001409940077544,2837,3.2288613319396973,4.007340908050537,0.5267,0.8852635797962474,11.640283731361018,36.74657440185547,1,17.0,6.157351224689825,8.504477432139534,0.7096263087189727,0.2414807044368537,0.880692535577436,3.1600326196542965,0.8373489379882811,-3.365806215939169,2.065059463151893e-05
P01_Block_2neg_0.050_krea2_seed777_00001_.png,1024,1280,2.799999952316284,2.2321019172668457,0.7971792697426127,0.12451019287109374,67.24268644416976,2427,3.201611280441284,3.9951114654541016,0.535,0.8829303593800516,11.5652250716255,41.58837890625,1,15.0,6.2969791900984005,9.207444974693335,0.7120395299449842,0.2403518051539754,0.8829324743320522,3.1510791820028117,0.8364791870117188,-3.4507886884555075,1.7927263932608763e-05
P01_Block_2neg_0.080_krea2_seed1337_00001_.png,1024,1280,2.799999952316284,2.256171464920044,0.8057755369080056,0.12151107788085938,61.80325960419092,2577,3.241321086883545,3.9957892894744873,0.5682,0.8541114689415833,10.67708468097795,38.59514617919922,2,17.0,6.227623998783318,8.864636054194804,0.709348920687404,0.24133251394210953,0.8839216503184588,3.1552494817637475,0.8404190063476562,-3.4308354045692044,1.810764361711584e-05
P01_Block_2neg_0.080_krea2_seed42_00001_.png,1024,1280,2.799999952316284,2.030550241470337,0.7251965271608579,0.12711563110351562,61.59445471349353,2705,3.21378493309021,3.9955191612243652,0.55035,0.8761356545613725,11.34938815004161,36.75123977661133,2,17.0,6.26439643927613,8.44085479792453,0.7084194577110599,0.24622465807317565,0.8814343718728292,3.1574271241000345,0.8393722534179687,-3.3631535238320276,2.0677439132031294e-05
P01_Block_2neg_0.080_krea2_seed777_00001_.png,1024,1280,2.799999952316284,2.2130062580108643,0.7903593913207632,0.12422561645507812,69.85199485199485,2331,3.1965034008026123,3.9990501403808594,0.5143500000000001,0.887427074885098,11.710317603243576,41.601829528808594,2,16.0,6.174466099829193,9.20597431600875,0.7145833646834827,0.2445057257267766,0.8828679145507405,3.1484278880306555,0.8363433837890625,-3.4354354849772966,1.845970394703377e-05
P01_Block_2neg_0.120_krea2_seed1337_00001_.png,1024,1280,2.799999952316284,2.1479647159576416,0.7671302687633084,0.12496566772460938,58.22787060078208,2813,3.224433183670044,4.0108208656311035,0.5756,0.87064955122781,11.178062215913405,39.248252868652344,2,17.0,6.323648888390051,8.774317883998604,0.7109085560053151,0.24327928197034104,0.8834146632356864,3.1523042577699734,0.8367118835449219,-3.386777524244453,1.940907688181931e-05
P01_Block_2neg_0.120_krea2_seed42_00001_.png,1024,1280,2.799999952316284,2.0560452938079834,0.7343019031507952,0.12639236450195312,62.139909977494376,2666,3.2379212379455566,4.015010833740234,0.55965,0.8754895476505928,11.329075183611447,38.11094284057617,1,17.0,6.184968945906404,8.26829355739412,0.7071008450320972,0.22885658104146084,0.8838085515437777,3.165043235449541,0.8364128112792968,-3.383441394346623,1.9350320496249385e-05
P01_Block_2neg_0.120_krea2_seed777_00001_.png,1024,1280,2.799999952316284,2.2398629188537598,0.7999510560708566,0.1209991455078125,59.28822429906542,2675,3.1847152709960938,3.98978328704834,0.5922000000000001,0.8478287940515322,10.492708137084362,41.8427848815918,1,16.0,6.216859008977122,8.933207759583983,0.7233608318358906,0.2647127305142482,0.8842679236135342,3.1408338052303364,0.8307243347167969,-3.373825300633582,2.1527710069357068e-05
P01_Block_2neg_0.200_krea2_seed1337_00001_.png,1024,1280,2.799999952316284,2.1428840160369873,0.7653157330464591,0.12160491943359375,61.611905682257444,2587,3.174656867980957,4.012674808502197,0.59945,0.8649470513800662,11.002719175149691,40.17735290527344,2,17.0,6.340443193378029,8.839921854723592,0.7181226259781787,0.22548217887921912,0.8822952358599614,3.1519427494345633,0.8357231140136718,-3.4013238502123806,1.8535935278873996e-05
P01_Block_2neg_0.200_krea2_seed42_00001_.png,1024,1280,2.799999952316284,2.0212647914886475,0.7218802949680652,0.12468719482421875,63.02738141149248,2593,3.143192768096924,4.005331039428711,0.593,0.8721886268877344,11.225863425929122,40.86509704589844,2,17.0,6.303411110417678,8.287087434503963,0.7114196036533535,0.23223315928752303,0.887754886418822,3.15247022018086,0.8355331420898438,-3.3756792529043507,1.975927179168756e-05
P01_Block_2neg_0.200_krea2_seed777_00001_.png,1024,1280,2.799999952316284,2.063309907913208,0.7368964082325596,0.11791152954101562,69.71087054578258,2217,3.1842756271362305,4.0070061683654785,0.5579999999999999,0.8738185994944508,11.276710647073687,41.696983337402344,2,15.0,6.3609278243054455,8.643219512884308,0.7214904139984135,0.2467335034672304,0.8842357213745726,3.1537435313990274,0.8302177429199218,-3.4170949482111843,1.7691538313345835e-05
P01_Block_2pos_0.020_krea2_seed1337_00001_.png,1024,1280,2.799999952316284,2.2106151580810547,0.7895054270455739,0.1282684326171875,58.25502425502425,2886,3.2085297107696533,3.9836220741271973,0.56235,0.8517866342169973,10.608483548495172,37.8161506652832,1,16.0,6.145925936559811,8.990728680548461,0.7038991459933472,0.25647194450651184,0.8830811205789593,3.1458521974707345,0.84334716796875,-3.389319333264531,2.1402469670607598e-05
P01_Block_2pos_0.020_krea2_seed42_00001_.png,1024,1280,2.799999952316284,2.125918388366699,0.7592565802038836,0.12617874145507812,59.9003984063745,2761,3.217921733856201,3.994143486022949,0.5398,0.8765306016806513,11.3618228312485,39.02306365966797,1,17.0,6.20386408601425,8.924777559193123,0.7038766539186952,0.24470682655058193,0.8805810056023229,3.1600154306093557,0.8339027404785156,-3.3705732518611,2.1776161253699226e-05
P01_Block_2pos_0.020_krea2_seed777_00001_.png,1024,1280,2.799999952316284,2.1505134105682373,0.7680405168540225,0.124249267578125,65.56199677938808,2484,3.1812705993652344,4.00035285949707,0.51405,0.8912705251279041,11.835773601930976,41.38584899902344,2,16.0,5.922820353527654,9.344410660764066,0.7077724682456352,0.22704973294610528,0.8755627254843539,3.1560965190398447,0.8306190490722656,-3.4079396455836957,1.9586672951904174e-05
P01_Block_2pos_0.035_krea2_seed1337_00001_.png,1024,1280,2.799999952316284,2.210634469985962,0.7895123241545868,0.12639541625976564,59.571736785329016,2781,3.2063233852386475,3.977077007293701,0.54745,0.8637741126604599,10.966995608232757,37.721588134765625,1,17.0,6.3946602244713535,8.956512477039077,0.704201039552953,0.25973449315724223,0.8831133824611125,3.145195834405479,0.8419868469238282,-3.3927137148974196,2.120616838195108e-05
P01_Block_2pos_0.035_krea2_seed42_00001_.png,1024,1280,2.799999952316284,2.0113911628723145,0.718353998973608,0.126318359375,60.96023564064801,2716,3.1954047679901123,3.99644136428833,0.53825,0.8829612478715612,11.566215572441337,39.11150360107422,1,17.0,6.02557413101809,8.871546518762536,0.7028570884164783,0.23399807325813615,0.8780212800764244,3.162488275522915,0.8340850830078126,-3.3757119757906713,2.1640429392155377e-05
P01_Block_2pos_0.035_krea2_seed777_00001_.png,1024,1280,2.799999952316284,2.117574453353882,0.7562766033628431,0.12088775634765625,62.951926897099725,2517,3.208113670349121,4.0117340087890625,0.5391999999999999,0.8711007297329827,11.192053966043986,41.727699279785156,2,15.0,6.377807176376101,9.145159783798192,0.7119960110462198,0.2395447528756402,0.8774106122498957,3.154599437229515,0.8327018737792968,-3.4204993945998177,1.943849920446909e-05
P01_Block_2pos_0.050_krea2_seed1337_00001_.png,1024,1280,2.799999952316284,2.2272634506225586,0.7954512459116535,0.12653884887695313,61.33764792899408,2704,3.2182815074920654,3.984386444091797,0.56905,0.8465297700502703,10.454984951094472,38.33152770996094,1,16.0,6.252700031290532,9.057303034729218,0.7038039894707748,0.2561520267743427,0.8818312224736186,3.147949641663655,0.8402992248535157,-3.3765156160216097,2.205851607645551e-05
P01_Block_2pos_0.050_krea2_seed42_00001_.png,1024,1280,2.799999952316284,1.9771947860717773,0.7061410070511445,0.13019790649414062,59.440264716126784,2871,3.2335047721862793,4.00998592376709,0.54725,0.8734866147061959,11.266335692249447,39.764404296875,2,18.0,6.065591666862081,8.476947923698397,0.6996514807782652,0.22337049355365207,0.879280611234208,3.1695766383266175,0.8264244079589844,-3.3276327502744887,2.1558401092944027e-05
P01_Block_2pos_0.050_krea2_seed777_00001_.png,1024,1280,2.799999952316284,2.1438822746276855,0.7656722539777799,0.12010040283203124,65.48169717138103,2404,3.2001497745513916,3.9932925701141357,0.5357,0.8808567132276521,11.498923117226195,40.49911880493164,3,15.0,6.367069960845815,8.874884188639818,0.7178758904156171,0.23745788112387003,0.879828887619809,3.1536497890766926,0.8295890808105469,-3.403664978714314,2.016135114056077e-05
P01_Block_2pos_0.080_krea2_seed1337_00001_.png,1024,1280,2.799999952316284,2.16961932182312,0.7748640567041134,0.1281707763671875,63.15639097744361,2660,3.209800958633423,3.9822006225585938,0.53335,0.8718614041843581,11.21568333535233,37.845733642578125,1,16.0,6.171177385267841,8.803582210053273,0.6991835091363221,0.24373090770358238,0.8815427102360542,3.155535314615968,0.8418586730957031,-3.381521369999561,2.1667911258312265e-05
P01_Block_2pos_0.080_krea2_seed42_00001_.png,1024,1280,2.799999952316284,2.03991436958313,0.7285408586866661,0.127691650390625,57.376756942063764,2917,3.2175700664520264,4.016798496246338,0.51975,0.8980040310467635,12.058814050262843,39.7923698425293,1,17.0,6.017932334601608,8.7443209561227,0.7001403585539764,0.2198966499175848,0.8754411241035915,3.1692299341171997,0.8261642456054688,-3.339331172136359,2.26063590459493e-05
P01_Block_2pos_0.080_krea2_seed777_00001_.png,1024,1280,2.799999952316284,2.041459321975708,0.7290926274076978,0.12179107666015625,61.44495765973826,2598,3.2320287227630615,4.009296417236328,0.51105,0.8960932997099487,11.995099325713777,41.326194763183594,1,16.0,6.217316629589805,9.08831358597829,0.7102513245098793,0.23363026753674082,0.8745619069633606,3.161438898403982,0.8257423400878906,-3.376099140377268,2.0379041199190082e-05
P01_Block_2pos_0.120_krea2_seed1337_00001_.png,1024,1280,2.799999952316284,2.0849554538726807,0.7446269604925932,0.13144454956054688,62.832603938730855,2742,3.2145025730133057,3.986954689025879,0.54115,0.8613630104786076,10.893925808256284,37.82499313354492,1,16.0,6.056050243808912,8.864051828780816,0.6933498206071856,0.2384145846248526,0.877896793949976,3.1623236249087165,0.8418006896972656,-3.3699142380313636,2.363997250895945e-05
P01_Block_2pos_0.120_krea2_seed42_00001_.png,1024,1280,2.799999952316284,2.028270721435547,0.7243824128488543,0.12757644653320313,59.08727915194346,2830,3.2373554706573486,4.015732765197754,0.5326500000000001,0.8819568341833968,11.534050481729123,39.91167068481445,1,17.0,6.303855467093134,8.946970853940268,0.700961725755365,0.21769864859634547,0.8741917865225666,3.169789273929445,0.8247146606445312,-3.3361993658323774,2.2899769730720893e-05
P01_Block_2pos_0.120_krea2_seed777_00001_.png,1024,1280,4.0,2.1003098487854004,0.5250774621963501,0.12247848510742188,65.9823263460748,2433,3.1860809326171875,4.004657745361328,0.54405,0.8787718149217568,11.432644586874908,41.46619415283203,2,15.0,6.116305563818734,9.339588647511764,0.7075158810273188,0.22382719086883954,0.8785660033727279,3.162362102330049,0.8277290344238282,-3.3849841281621225,2.0782954605091587e-05
P01_Block_2pos_0.200_krea2_seed1337_00001_.png,1024,1280,2.799999952316284,2.071770668029785,0.7399181083256535,0.13391571044921874,64.86548410938654,2706,3.157219648361206,3.941943407058716,0.5357999999999999,0.872570574816264,11.237757738345769,37.13045883178711,3,17.0,6.268306111746241,9.017214412785712,0.6929728406085809,0.22844810425206807,0.8771632498593804,3.168884262930339,0.8328697204589843,-3.34840585350278,2.372461491023785e-05
P01_Block_2pos_0.200_krea2_seed42_00001_.png,1024,1280,2.799999952316284,2.1714041233062744,0.7755014858160953,0.12877655029296875,67.75993576876756,2491,3.1484694480895996,3.9770407676696777,0.5451999999999999,0.8852043821389097,11.638373359558802,40.777320861816406,3,16.0,6.127711211509507,9.187512721559461,0.6977898897293295,0.22184196741943496,0.8730484588485781,3.171573806210816,0.8238067626953124,-3.334394448290195,2.4514569282571464e-05
P01_Block_2pos_0.200_krea2_seed777_00001_.png,1024,1280,2.799999952316284,2.1957015991210938,0.7841791558977392,0.1247650146484375,72.26336721166594,2263,3.1644093990325928,3.9415082931518555,0.5549000000000001,0.8631354914655408,10.947594255193204,39.9859733581543,2,16.0,6.025006309466415,8.99657477702339,0.7047806830722305,0.2410816052626301,0.8855379028946231,3.1634523971276303,0.8270980834960937,-3.4025674863551,2.103197722586079e-05
P01_Block_3neg_0.020_krea2_seed1337_00001_.png,1024,1280,2.799999952316284,2.1244351863861084,0.7587268652017946,0.12700958251953126,62.163554891710234,2678,3.2209339141845703,4.000826835632324,0.5241,0.8705768168981112,11.175808248535942,38.21675491333008,1,17.0,6.187361614614099,8.733516755017732,0.7020380757775451,0.24361353492904128,0.8828913611091176,3.154962992350345,0.8437545776367187,-3.4039869660387647,1.96608513034683e-05
P01_Block_3neg_0.020_krea2_seed42_00001_.png,1024,1280,2.799999952316284,2.057526111602783,0.7348307666579446,0.12594146728515626,62.03457346862082,2661,3.224257469177246,4.006257057189941,0.5243,0.8870752325990343,11.69889959513037,38.825111389160156,1,17.0,6.195925172100574,8.666126856411157,0.7018280924512559,0.2283756871996277,0.8789626250454121,3.170341746379364,0.8306381225585938,-3.359604857237238,2.095878120033232e-05
P01_Block_3neg_0.020_krea2_seed777_00001_.png,1024,1280,2.799999952316284,2.2108757495880127,0.789598495442501,0.12172698974609375,65.82095709570957,2424,3.2045207023620605,3.9981513023376465,0.4995,0.8965068518613785,12.008860915005279,40.77574920654297,2,16.0,6.268339889261747,9.056676179889408,0.7098443004415581,0.23295860848973202,0.8797153585866042,3.159818305828575,0.832049560546875,-3.426607468016779,1.910095320779525e-05
P01_Block_3neg_0.035_krea2_seed1337_00001_.png,1024,1280,2.799999952316284,2.175658941268921,0.7770210636857758,0.12153549194335937,61.743798449612406,2580,3.231137752532959,4.017758369445801,0.54305,0.868347486821712,11.106943451765183,38.12702178955078,1,16.0,6.183942706429695,8.691008062604762,0.7062537226780206,0.2335295151835817,0.8804030492313014,3.1556580651079913,0.8373855590820313,-3.4142417035620087,1.9074165061901614e-05
P01_Block_3neg_0.035_krea2_seed42_00001_.png,1024,1280,2.799999952316284,2.1233179569244385,0.7583278546729745,0.1251007080078125,60.95613382899628,2690,3.2191321849823,4.009769916534424,0.53425,0.8741907051336367,11.288350786708655,36.994380950927734,1,16.0,6.204174294641596,8.875354669390926,0.7043604754519932,0.23862004396696473,0.8780691631988606,3.1666584816785988,0.8334983825683593,-3.369195957817197,2.1445334620265933e-05
P01_Block_3neg_0.035_krea2_seed777_00001_.png,1024,1280,2.799999952316284,2.167714834213257,0.7741838825461503,0.121929931640625,63.54512922465209,2515,3.214036703109741,4.003412246704102,0.5178,0.8903143586807098,11.80443785443073,40.635353088378906,2,16.0,6.138275128760295,8.960225548451811,0.7123147179846434,0.23192258865585055,0.8797873942799672,3.158087188071676,0.8347839355468751,-3.4066054688569367,1.9420246104234787e-05
P01_Block_3neg_0.050_krea2_seed1337_00001_.png,1024,1280,2.799999952316284,2.2405362129211426,0.8001915182418741,0.12126312255859376,59.752631578947366,2660,3.2573611736297607,4.019070148468018,0.5571,0.8598507085124695,10.848343301603649,39.6991081237793,1,16.0,6.468062581661741,8.812887008671128,0.7094564166556743,0.24322049358090256,0.8822095302689816,3.152133186493646,0.8370201110839843,-3.388270641218865,2.1123085787372063e-05
P01_Block_3neg_0.050_krea2_seed42_00001_.png,1024,1280,2.799999952316284,2.1097793579101562,0.753492640656959,0.12432174682617188,61.840986717267555,2635,3.2100865840911865,4.0084967613220215,0.52335,0.8748466439550439,11.308899009157114,36.93757629394531,1,16.0,6.044443810614633,8.808715627950697,0.7060653615750818,0.23489823910451643,0.8761993058286466,3.166456980406825,0.8330482482910156,-3.363427590099257,2.1607991952957815e-05
P01_Block_3neg_0.050_krea2_seed777_00001_.png,1024,1280,2.799999952316284,2.1952505111694336,0.784018053055117,0.12245941162109375,63.34254143646409,2534,3.275402307510376,4.019828796386719,0.49959999999999993,0.8975938014378446,12.045106176565614,40.4832878112793,1,17.0,5.898203782444882,8.827921811058076,0.7083493519522003,0.2264827817262812,0.879288352700935,3.1642457699839612,0.8343406677246094,-3.425153828533388,1.8506134747401464e-05
P01_Block_3neg_0.080_krea2_seed1337_00001_.png,1024,1280,2.799999952316284,2.334880828857422,0.8338860245072165,0.117919921875,65.10530749789385,2374,3.2268736362457275,4.022072792053223,0.5206500000000001,0.8742355662579118,11.289754935439582,38.80747604370117,1,16.0,6.31900110777012,8.770978100891188,0.7144593978847806,0.2325837709771254,0.8781075811682154,3.152455227771376,0.8378547668457031,-3.432434941816268,1.8949595292289764e-05
P01_Block_3neg_0.080_krea2_seed42_00001_.png,1024,1280,2.799999952316284,2.1864428520202637,0.780872460448273,0.12077484130859376,62.79333597778659,2521,3.238696336746216,4.031743049621582,0.5167499999999999,0.8893860658031463,11.774094959540763,38.470550537109375,1,17.0,5.974276823615445,8.440925967557819,0.7122049908904833,0.2266403237739943,0.8758405549363681,3.1686979490051344,0.8317703247070313,-3.356485424198546,2.2351181510276542e-05
P01_Block_3neg_0.080_krea2_seed777_00001_.png,1024,1280,2.799999952316284,2.178433895111084,0.7780121186462832,0.11950531005859374,65.70385906040268,2384,3.241048812866211,4.018208026885986,0.5415,0.8732094006931225,11.257679708530882,40.93265914916992,3,15.0,6.126930650649664,9.013633991038727,0.714139362150265,0.2370080785972596,0.8786526947501099,3.1548557890109756,0.8366394042968751,-3.4388590229305755,1.8056211214892216e-05
P01_Block_3neg_0.120_krea2_seed1337_00001_.png,1024,1280,2.799999952316284,2.417858839035034,0.8635210286467591,0.1160675048828125,62.47720739219712,2435,3.2232584953308105,4.034693717956543,0.5242,0.8882831589422204,11.738145863193623,38.44076156616211,2,15.0,6.056585113917868,9.063762249324286,0.7167535028016743,0.23156386810176166,0.8728598804977156,3.1536986216817993,0.837127685546875,-3.4005893325789103,2.0674321498018053e-05
P01_Block_3neg_0.120_krea2_seed42_00001_.png,1024,1280,2.799999952316284,2.2199127674102783,0.79282600186256,0.12163543701171875,60.13956997359487,2651,3.2326455116271973,4.02472448348999,0.5378999999999999,0.8789501223037666,11.438297975420289,38.611534118652344,1,16.0,6.088257139773254,8.58164080143509,0.7180538593240291,0.2330121564693326,0.868659286357151,3.1553426527819606,0.8331306457519532,-3.3453420186422442,2.3510850396413502e-05
P01_Block_3neg_0.120_krea2_seed777_00001_.png,1024,1280,2.799999952316284,2.32590651512146,0.8306809124040759,0.11647872924804688,56.14968738506804,2719,3.256843090057373,4.028953552246094,0.5266,0.8766906315144855,11.366865155508345,40.00415802001953,2,15.0,6.086531331134268,9.119704483771724,0.7241259885331159,0.2364043956451455,0.869741183190218,3.1503674853793133,0.8375381469726563,-3.4088212137846856,2.108171538560033e-05
P01_Block_3neg_0.200_krea2_seed1337_00001_.png,1024,1280,2.799999952316284,2.423215627670288,0.8654341674776447,0.12064437866210938,61.12524159257828,2587,3.2410104274749756,4.017362117767334,0.51675,0.8835669003047072,11.585654168330333,40.982200622558594,3,16.5,6.186220877215624,8.950089976182348,0.7189656532150086,0.2248858321638243,0.8735511989091057,3.1397286626088228,0.8470230102539061,-3.3850722283071644,2.216605578778291e-05
P01_Block_3neg_0.200_krea2_seed42_00001_.png,1024,1280,2.799999952316284,2.250478506088257,0.8037423372905993,0.12180862426757813,59.00110864745011,2706,3.228308916091919,4.0369415283203125,0.53915,0.8804076325893964,11.4846145348409,40.28456115722656,2,17.0,6.1821525639504165,8.316757377724496,0.7207305684955102,0.2240257583331811,0.8633099013720558,3.1415765506971525,0.8449951171875,-3.3362421269519893,2.603862945137287e-05
P01_Block_3neg_0.200_krea2_seed777_00001_.png,1024,1280,4.0,2.3968870639801025,0.5992217659950256,0.11375579833984376,66.56339285714286,2240,3.1752235889434814,4.023838043212891,0.5447,0.8786562449851715,11.428981835401629,40.96576690673828,2,15.0,6.227242319314395,8.87423742086507,0.735332525581823,0.23194296135676767,0.8598725027838803,3.116943309189817,0.8437973022460937,-3.394059163575488,2.2900751240201937e-05
P01_Block_3pos_0.020_krea2_seed1337_00001_.png,1024,1280,2.799999952316284,2.1655375957489014,0.7734062973670669,0.12398147583007812,59.744485294117645,2720,3.181946039199829,3.9671430587768555,0.5729000000000001,0.8462678350146259,10.447394898844713,37.418846130371094,1,16.0,6.093696790722209,9.083477028665772,0.7120999803676442,0.2761946578430756,0.8859043616258542,3.1358765274480893,0.84217529296875,-3.3910634305395844,2.128731400611692e-05
P01_Block_3pos_0.020_krea2_seed42_00001_.png,1024,1280,2.799999952316284,1.9983760118484497,0.7137057306716397,0.12689971923828125,56.9233401779603,2922,3.219480514526367,4.0025434494018555,0.54125,0.8816333786993816,11.523711277976355,37.930328369140625,1,17.0,6.216347918912188,8.566773520220604,0.7081242571813071,0.24273070809348546,0.8822938009356522,3.156762461989213,0.8334671020507812,-3.340626915871061,2.2392100149713353e-05
P01_Block_3pos_0.020_krea2_seed777_00001_.png,1024,1280,2.799999952316284,2.183281898498535,0.7797435484570018,0.12074661254882812,69.84333627537511,2266,3.205528974533081,4.001247406005859,0.5275,0.8798137527024641,11.465719704765906,41.605377197265625,1,16.0,6.011643134965763,8.970026366392108,0.7149998345883479,0.2383112844960539,0.8810962637627682,3.1524830840132294,0.8338645935058594,-3.4386899779414226,1.8098904565146327e-05
P01_Block_3pos_0.035_krea2_seed1337_00001_.png,1024,1280,2.799999952316284,2.1931211948394775,0.7832575829243248,0.12325286865234375,63.95486935866983,2526,3.171074390411377,3.9565775394439697,0.53015,0.8712141866246089,11.19557519641176,38.21001052856445,2,16.0,6.071310922756011,9.018781171957428,0.7139808748198744,0.26981864680860457,0.8849712198584043,3.136403727992438,0.84027099609375,-3.3972056806516866,2.0196994406622632e-05
P01_Block_3pos_0.035_krea2_seed42_00001_.png,1024,1280,2.799999952316284,2.012985944747925,0.7189235639388828,0.12840576171875,61.762935779816516,2725,3.178694725036621,3.980846881866455,0.5208,0.8833763529689839,11.57953497495265,38.60206985473633,2,17.0,6.1037177884126095,8.683996474906383,0.7082582855065656,0.24669023256694828,0.8801967911781678,3.154631237689226,0.8355865478515626,-3.3378994104622373,2.3202267168397674e-05
P01_Block_3pos_0.035_krea2_seed777_00001_.png,1024,1280,2.799999952316284,2.0208075046539307,0.7217169782385993,0.12404022216796876,64.7479091995221,2511,3.189085006713867,4.002073287963867,0.537,0.8881674674620891,11.734381281895995,41.74518585205078,2,16.0,6.2004927979556586,9.051865263490207,0.7129476011558706,0.2302808455622662,0.8764293980294066,3.1541422552488743,0.8319221496582031,-3.4145687840318546,1.8622693956729346e-05
P01_Block_3pos_0.050_krea2_seed1337_00001_.png,1024,1280,2.799999952316284,2.080343008041382,0.7429796583819331,0.12617416381835939,63.72986512524085,2595,3.1278088092803955,3.9328670501708984,0.5708,0.8548836408505308,10.699967899851321,38.50928497314453,1,17.0,6.121847344199729,9.018756554557365,0.7106464098972639,0.2622594357763988,0.8802488477760653,3.137900736516522,0.8413070678710937,-3.404466028930966,2.1168954627322414e-05
P01_Block_3pos_0.050_krea2_seed42_00001_.png,1024,1280,2.799999952316284,1.9698140621185303,0.7035050341658087,0.12846145629882813,60.02745098039216,2805,3.1745853424072266,3.9719936847686768,0.5285,0.8814449537064738,11.51769257529028,39.46474075317383,2,17.0,6.299620509670233,8.821884619490811,0.7114273973449351,0.254080021502738,0.8795450083656546,3.146885979063638,0.8358451843261719,-3.3476550052470864,2.3300766838501112e-05
P01_Block_3pos_0.050_krea2_seed777_00001_.png,1024,1280,2.799999952316284,1.9337241649627686,0.6906157849621055,0.1227203369140625,66.66058847907169,2413,3.1488029956817627,3.980490207672119,0.5699500000000001,0.8790385978749007,11.44110420696302,41.75519943237305,2,16.0,6.030572646225726,8.687467563491762,0.7203653069557112,0.23991403312503345,0.8800853869964418,3.145938590042378,0.8273757934570312,-3.3788926801215307,1.954728916889172e-05
P01_Block_3pos_0.080_krea2_seed1337_00001_.png,1024,1280,2.799999952316284,2.0803933143615723,0.7429976249251642,0.12996673583984375,63.350687988099665,2689,3.0890190601348877,3.923487901687622,0.6097,0.8381990853578514,10.216267788618191,39.50933837890625,2,16.0,6.222692801097113,9.780804200000057,0.7121336956677942,0.27166134443103485,0.8754307589324868,3.1242169809485976,0.8413551330566406,-3.358886244921383,2.4511512512770443e-05
P01_Block_3pos_0.080_krea2_seed42_00001_.png,1024,1280,2.799999952316284,1.9765868186950684,0.7059238758414792,0.12811126708984374,60.817819630568636,2761,3.1103506088256836,3.923424005508423,0.5728000000000001,0.8613252300622183,10.892784734124934,41.17627716064453,2,16.0,6.2471962461171335,9.123088085256317,0.711691343516065,0.24767896241914855,0.8734780282945431,3.1408612141024324,0.8355308532714844,-3.3350497498932623,2.4855898694712532e-05
P01_Block_3pos_0.080_krea2_seed777_00001_.png,1024,1280,2.799999952316284,1.9563119411468506,0.6986828480223732,0.12386932373046874,64.30019801980198,2525,3.1317617893218994,3.97768497467041,0.5590499999999999,0.8771657498482903,11.381848681680161,42.460121154785156,2,16.0,6.352102019634033,8.750858018776693,0.7231965944286193,0.2526886365063227,0.8761767510891825,3.14112402857074,0.8268638610839844,-3.3292576463818704,2.3394365056217135e-05
P01_Block_3pos_0.120_krea2_seed1337_00001_.png,1024,1280,2.799999952316284,2.033555030822754,0.7262696662335679,0.12952651977539062,64.08946772366932,2649,3.066348075866699,3.915623903274536,0.5590999999999999,0.8588598520546212,10.818581227180514,41.67788314819336,1,15.0,6.035095974678851,10.070813260367137,0.715584842847117,0.26720492817612873,0.8716218573381689,3.1122756697549954,0.8453872680664063,-3.3408753233105224,2.5292851504928824e-05
P01_Block_3pos_0.120_krea2_seed42_00001_.png,1024,1280,2.799999952316284,1.9286972284317017,0.6888204504561501,0.13413467407226562,70.29708116753298,2501,3.0548219680786133,3.8969929218292236,0.55425,0.8707574956894918,11.18140814960788,42.015655517578125,2,16.0,6.203816179789513,9.63717931642328,0.7070079817410156,0.24944990074445564,0.8688989539155965,3.126423209589498,0.8433265686035156,-3.293055699634409,2.676309797443648e-05
P01_Block_3pos_0.120_krea2_seed777_00001_.png,1024,1280,2.799999952316284,1.9508569240570068,0.6967346275999653,0.1345672607421875,66.78530859522908,2641,3.014970302581787,3.897113800048828,0.55195,0.8826259746691083,11.555468906758687,44.04744338989258,1,15.0,6.187062017138803,9.82790803796114,0.7029552998118952,0.23660740373657269,0.8656014603922726,3.1352427732937866,0.8315567016601563,-3.325097250921975,2.5747534920420024e-05
P01_Block_3pos_0.200_krea2_seed1337_00001_.png,1024,1280,2.799999952316284,1.8822771310806274,0.6722418439770059,0.14008865356445313,72.29015748031496,2540,2.9207417964935303,3.891798257827759,0.5735,0.8522568506881494,10.622323027041531,47.5370979309082,3,16.0,6.117824240487789,9.424152917599221,0.7107301999610081,0.2606442890635118,0.8711419980511728,2.9752077549437255,0.8779228210449219,-3.2913698901930974,2.6735782195726756e-05
P01_Block_3pos_0.200_krea2_seed42_00001_.png,1024,1280,2.799999952316284,1.7585543394088745,0.6280551319131703,0.146832275390625,57.656081485919714,3338,3.001443862915039,3.8873684406280518,0.53385,0.8815689466561751,11.52165282508151,47.61330032348633,2,17.0,6.0421321516084046,9.06966111682127,0.7000727616843314,0.22572581539862538,0.8670964872704692,3.096960004350355,0.8536674499511718,-3.216307654575964,3.225559033815108e-05
P01_Block_3pos_0.200_krea2_seed777_00001_.png,1024,1280,2.799999952316284,1.9356907606124878,0.691318140563252,0.13928756713867188,68.53115615615616,2664,2.8525311946868896,3.8440475463867188,0.55615,0.8756267579741842,11.333385898617513,50.376163482666016,3,15.0,6.372647163901092,9.977835056875215,0.7122156558874237,0.2503264289623728,0.8606017407669599,2.979416206759701,0.8732398986816408,-3.2918122536014582,2.855584573389108e-05
P01_Block_4neg_0.020_krea2_seed1337_00001_.png,1024,1280,2.799999952316284,2.1121275424957275,0.7543312780232306,0.1244384765625,63.98744605727737,2549,3.1835670471191406,3.9761087894439697,0.52365,0.8747882146965645,11.307067112477721,37.873779296875,1,17.0,6.227283576898185,9.049815334394765,0.7063857418510966,0.25217383893085743,0.8818008058729478,3.1490524854661084,0.8412933349609376,-3.411808383993959,2.012485435965774e-05
P01_Block_4neg_0.020_krea2_seed42_00001_.png,1024,1280,2.799999952316284,1.979873776435852,0.7070977893403222,0.12392425537109375,58.7237888647867,2766,3.201430320739746,4.000792980194092,0.52915,0.8753040779670785,11.323250917857083,37.534278869628906,1,17.0,6.068721899527915,8.574641172312113,0.7082151361675886,0.23716400082159178,0.8793673564277826,3.1592174001204585,0.8319717407226563,-3.369343126642546,2.0912613998441814e-05
P01_Block_4neg_0.020_krea2_seed777_00001_.png,1024,1280,2.799999952316284,2.1754391193389893,0.7769425558523204,0.12086410522460937,63.647649658497386,2489,3.1919116973876953,3.9920477867126465,0.52935,0.8805879960452705,11.490359124576123,41.15595245361328,1,15.0,6.2447718738400395,9.41681205769424,0.7157285088374568,0.2518016139088187,0.8791624643047267,3.144869844161324,0.835767364501953,-3.433358969289234,1.8962746830805893e-05
P01_Block_4neg_0.035_krea2_seed1337_00001_.png,1024,1280,2.799999952316284,2.1338958740234375,0.7621056822726673,0.12495498657226563,60.86250464511334,2691,3.1765196323394775,3.9801721572875977,0.518,0.8792428876980747,11.447586417413325,37.53851318359375,1,17.0,6.210417336674594,8.985276163921622,0.7057854725178745,0.2513911088869683,0.882388717577903,3.1491164779052667,0.843060302734375,-3.407943629422582,2.0286020266079683e-05
P01_Block_4neg_0.035_krea2_seed42_00001_.png,1024,1280,2.799999952316284,1.9990782737731934,0.7139565385061765,0.1231903076171875,61.231702692453545,2637,3.1983842849731445,3.9952430725097656,0.5277999999999999,0.8898746572932401,11.79005570162048,37.367794036865234,1,17.5,6.098755848272753,8.4744775645898,0.7086469253780012,0.2341331685815532,0.8798759272537997,3.163372361605815,0.8317924499511717,-3.3709235731395086,2.0817169250499182e-05
P01_Block_4neg_0.035_krea2_seed777_00001_.png,1024,1280,2.799999952316284,2.2055342197418213,0.7876908061792307,0.1211822509765625,64.46266233766234,2464,3.1782689094543457,3.9854507446289062,0.53115,0.8757866093836588,11.338409993615631,40.68238830566406,1,15.0,6.224909135883029,9.44608380183812,0.7151254920533339,0.25423778209542314,0.8794567763847709,3.142101015579974,0.8374191284179686,-3.4291112993419866,1.9322636437211697e-05
P01_Block_4neg_0.050_krea2_seed1337_00001_.png,1024,1280,2.799999952316284,2.094034194946289,0.7478693680740998,0.12112579345703126,61.51181712514529,2581,3.1730027198791504,3.98538875579834,0.56935,0.8533468204257989,10.654472642985914,37.702056884765625,1,16.0,6.470110121581843,8.845093442213251,0.7110833511334658,0.2583141846049877,0.8834012781140819,3.1469957279741805,0.8422279357910156,-3.424171236051869,2.0020409672735986e-05
P01_Block_4neg_0.050_krea2_seed42_00001_.png,1024,1280,2.799999952316284,2.036139726638794,0.7271927718978741,0.12138900756835938,63.41450777202073,2509,3.175508975982666,4.012405872344971,0.5599000000000001,0.8791320924912636,11.444070378670357,37.41730880737305,2,17.0,6.373567874131904,8.731440736776507,0.7099458994312945,0.24698232388651165,0.8791620973421196,3.1542358691394465,0.8370635986328124,-3.3889399992943607,2.059309892029275e-05
P01_Block_4neg_0.050_krea2_seed777_00001_.png,1024,1280,4.0,2.1470563411712646,0.5367640852928162,0.11789932250976562,62.589307411907654,2469,3.1711273193359375,3.998481035232544,0.55475,0.8742679097212467,11.29076739098252,39.839111328125,1,15.0,6.587220935260779,9.144341011770152,0.7194633363351408,0.25631814583307566,0.8813850408812607,3.13868092945409,0.8383682250976563,-3.426335627936018,1.9405527764181768e-05
P01_Block_4neg_0.080_krea2_seed1337_00001_.png,1024,1280,2.799999952316284,2.116551160812378,0.7559111417346536,0.12047195434570312,65.93110647181628,2395,3.1208362579345703,3.968188762664795,0.54245,0.8741787902235819,11.287977880560383,37.81037902832031,1,16.0,6.240825227299773,8.954162553619705,0.7107164231223291,0.257394585968419,0.8834235798473512,3.1439481252964767,0.8429656982421875,-3.4258209994805986,1.9671320626433567e-05
P01_Block_4neg_0.080_krea2_seed42_00001_.png,1024,1280,2.799999952316284,2.0776379108428955,0.7420135522231639,0.11934738159179688,65.97680303669338,2371,3.146991729736328,4.01181173324585,0.5365,0.8829041925600805,11.564386046949151,39.659828186035156,1,16.0,6.345748391145703,8.812282483993723,0.7173550979636776,0.2538582128307344,0.8820010831668754,3.145704358881152,0.8357322692871093,-3.4071537912451118,2.0412911594390716e-05
P01_Block_4neg_0.080_krea2_seed777_00001_.png,1024,1280,2.799999952316284,2.101771831512451,0.7506328097519331,0.12116470336914062,66.50460636515913,2388,3.124579429626465,3.9748523235321045,0.5566,0.8558046484274707,10.727325988347207,40.287567138671875,2,15.0,6.298084677361744,9.09415936859375,0.7177212793786888,0.25411679957630895,0.8798314664981894,3.137351240848836,0.8413116455078125,-3.436819848096566,1.9296055292556137e-05
P01_Block_4neg_0.120_krea2_seed1337_00001_.png,1024,1280,4.0,2.1467037200927734,0.5366759300231934,0.11696014404296876,65.3461210571185,2346,3.047689199447632,3.9534263610839844,0.5651,0.8592931239218435,10.831585232398103,40.04652786254883,1,15.0,6.080194932099385,9.50982946409569,0.7222320425801438,0.27611529345403596,0.8828584646763684,3.1282470183889988,0.8412269592285156,-3.4262270427870387,2.0435033883480033e-05
P01_Block_4neg_0.120_krea2_seed42_00001_.png,1024,1280,2.799999952316284,2.158830404281616,0.7710108718022427,0.11566390991210937,67.83131991051454,2235,3.082937002182007,4.0024285316467285,0.5521,0.8740159235611634,11.282881806312583,41.11821365356445,2,15.0,6.327622850447078,9.007936018582011,0.7296792726540438,0.27469347571562064,0.8810897227496947,3.1209536834511544,0.8356491088867187,-3.422835393759447,2.1131953591564305e-05
P01_Block_4neg_0.120_krea2_seed777_00001_.png,1024,1280,2.799999952316284,2.085644245147705,0.7448729573807198,0.11902236938476562,63.313717532467535,2464,3.1147775650024414,4.0040130615234375,0.5939,0.8363450512476878,10.163886077774507,40.59161376953125,2,15.0,6.264043023361499,9.555426790060757,0.7201829157863849,0.2657187669531711,0.8766819306820501,3.128412731153252,0.8419227600097656,-3.4295414248020624,2.12006627100799e-05
P01_Block_4neg_0.200_krea2_seed1337_00001_.png,1024,1280,4.0,2.289947271347046,0.5724868178367615,0.11553878784179687,64.114733276884,2362,2.8511242866516113,3.8561367988586426,0.5495,0.8601779916806245,10.858191790557736,42.949249267578125,2,14.0,6.563519991171436,10.834053063098114,0.7389861000580357,0.3017419207170101,0.8769416036844396,2.999325223556503,0.8688194274902343,-3.4335657092948044,2.336497227333137e-05
P01_Block_4neg_0.200_krea2_seed42_00001_.png,1024,1280,2.799999952316284,2.1525204181671143,0.7687573052943997,0.11884765625,62.83824122630093,2479,2.9105329513549805,3.9290969371795654,0.5458,0.8608340956807401,10.877961974963727,42.66132736206055,2,15.0,6.628447388676692,10.197215764273325,0.7346903071623092,0.27967163179544147,0.8708411227249476,3.008450154076219,0.8670509338378907,-3.3782160007114213,2.495407901095227e-05
P01_Block_4neg_0.200_krea2_seed777_00001_.png,1024,1280,4.0,2.271167755126953,0.5677919387817383,0.11447830200195312,62.10637417218543,2416,2.941711902618408,3.9572527408599854,0.6036,0.827464755791768,9.916692515836939,43.33804702758789,2,13.0,6.345288483394589,10.257684193856983,0.7434073264316872,0.30802747655470564,0.8745443269655706,3.058389953080251,0.8495750427246095,-3.4159109682679767,2.3386280904497392e-05
P01_Block_4pos_0.020_krea2_seed1337_00001_.png,1024,1280,2.799999952316284,2.126983165740967,0.7596368578440267,0.12753982543945314,58.94534555712271,2836,3.21916127204895,3.9829370975494385,0.5377,0.8650637898773234,11.006280977899058,38.85276794433594,2,17.0,6.352197492595934,9.157113707989394,0.7056715344313609,0.25796682871843857,0.8831463916477182,3.142096828085641,0.8455467224121094,-3.398401337213263,2.0589044018317022e-05
P01_Block_4pos_0.020_krea2_seed42_00001_.png,1024,1280,2.799999952316284,2.036369562149048,0.7272748560100769,0.12999038696289061,60.50461647727273,2816,3.2296977043151855,4.006658554077148,0.5237,0.8779270339209395,11.405898036111239,37.78929901123047,2,17.0,5.7746562805718735,8.689575480211273,0.7038788224039969,0.23531789559268795,0.8792517305078607,3.161045925170705,0.8334953308105468,-3.3418057186755896,2.2240075295207136e-05
P01_Block_4pos_0.020_krea2_seed777_00001_.png,1024,1280,2.799999952316284,2.1907553672790527,0.7824126444954982,0.12015151977539062,63.65602263540825,2474,3.271686553955078,4.022406101226807,0.5573,0.8695660731148184,11.144533265227219,41.61408233642578,2,17.0,6.0267375844924675,8.63807981225494,0.7152019396749327,0.23979376149379641,0.8859013199541597,3.16210055171873,0.8318443298339844,-3.3871156369493516,1.8824483968578827e-05
P01_Block_4pos_0.035_krea2_seed1337_00001_.png,1024,1280,2.799999952316284,2.154369354248047,0.7694176396202639,0.1287017822265625,59.54535827744441,2833,3.252126455307007,3.9887447357177734,0.56635,0.8411039935395221,10.298883040841565,38.69779968261719,1,17.0,6.3682697724025585,9.176635347196413,0.7043073320604168,0.2562239714489306,0.8803854698598199,3.1403155110715417,0.8453208923339843,-3.3527725263563832,2.3273410049977977e-05
P01_Block_4pos_0.035_krea2_seed42_00001_.png,1024,1280,2.799999952316284,1.9822291135787964,0.7079389811914134,0.1295501708984375,58.13214652516262,2921,3.249084234237671,4.010197639465332,0.55375,0.8693305207144972,11.137257258994264,37.40403747558594,2,17.0,6.0834137106446615,8.55872930972383,0.7076664871255494,0.23938402885785373,0.8787172477192213,3.157363692808236,0.8345718383789062,-3.304572961600855,2.2833286211096882e-05
P01_Block_4pos_0.035_krea2_seed777_00001_.png,1024,1280,2.799999952316284,2.1572675704956055,0.7704527168691621,0.12269058227539062,60.70705926764817,2649,3.300849676132202,4.008957862854004,0.5096499999999999,0.8930810601844968,11.895337011042134,41.14118194580078,2,17.0,6.232358978548973,8.975259655630811,0.7122097359064745,0.2338430722265299,0.8807851667549278,3.1610733765557426,0.8305046081542968,-3.3905091789681716,1.9197126392158146e-05
P01_Block_4pos_0.050_krea2_seed1337_00001_.png,1024,1280,2.799999952316284,2.1456949710845947,0.7663196455805582,0.12842254638671874,62.55146785581568,2691,3.2423527240753174,3.9780983924865723,0.5396,0.8617816233317418,10.906577088581368,38.558860778808594,1,17.0,6.467677269503648,9.234697159856662,0.713174665734577,0.2721596691885809,0.8793263316817315,3.1279737783554977,0.84324951171875,-3.3248712586029305,2.502056865414007e-05
P01_Block_4pos_0.050_krea2_seed42_00001_.png,1024,1280,2.799999952316284,2.027327537536621,0.7240455614506442,0.1310699462890625,57.15103127079175,3006,3.288106918334961,4.011167526245117,0.5115999999999999,0.8946161513511908,11.946073559629905,37.99724197387695,1,18.0,6.0665677291435856,8.594539453586348,0.7094115793689537,0.23774539168178271,0.877516030056475,3.1560897308292044,0.835729217529297,-3.2817854157441313,2.403294404286797e-05
P01_Block_4pos_0.050_krea2_seed777_00001_.png,1024,1280,2.799999952316284,2.1229629516601562,0.7582010670764288,0.127325439453125,60.70862131684249,2749,3.3186240196228027,4.023677825927734,0.4977499999999999,0.898416308055048,12.072606055255598,42.05078887939453,1,16.0,6.159591353505675,8.920844150823594,0.7096964201832333,0.22519345846900915,0.8765492972317741,3.1617367064440187,0.8322334289550781,-3.351420730334547,2.1173259012715923e-05
P01_Block_4pos_0.080_krea2_seed1337_00001_.png,1024,1280,2.799999952316284,2.159026861190796,0.7710810349852875,0.1326019287109375,53.00518450747179,3279,3.2733659744262695,4.010068416595459,0.5745,0.8502115019720712,10.562255261292282,38.53094482421875,3,17.0,6.53406350883583,8.9590271878055,0.7203335747028526,0.28324949552661804,0.8810505422811715,3.098169749974471,0.853643798828125,-3.267925468499107,2.8405994683146643e-05
P01_Block_4pos_0.080_krea2_seed42_00001_.png,1024,1280,2.799999952316284,2.0080831050872803,0.7171725497445472,0.1355560302734375,51.351445086705205,3460,3.3342370986938477,4.021158695220947,0.54325,0.8815753987778071,11.521858938690428,40.444740295410156,1,17.0,5.964205206898904,8.394169999234286,0.713999485285499,0.23524957642668826,0.8743716320566666,3.138903222421385,0.8409080505371093,-3.247019584211702,2.7427382747694802e-05
P01_Block_4pos_0.080_krea2_seed777_00001_.png,1024,1280,2.799999952316284,2.044646739959717,0.7302309909928014,0.13054122924804687,53.62049514258853,3191,3.329031229019165,4.014447212219238,0.5407,0.8755370962601433,11.330568825071943,42.64543533325195,1,16.0,6.134441214348845,8.64494442046378,0.7173085786025226,0.23609846730498574,0.8766746550313813,3.1416548302033096,0.8362197875976564,-3.268020302390425,2.6065337615667216e-05
P01_Block_4pos_0.120_krea2_seed1337_00001_.png,1024,1280,2.799999952316284,2.1023590564727783,0.7508425329556215,0.1395050048828125,57.33835058011916,3189,3.265026569366455,4.002588272094727,0.5837500000000001,0.8426076380448161,10.341908582730717,42.06098556518555,3,18.0,6.305682204375247,9.330387439897272,0.7140740015155961,0.2719172403388674,0.8832216528695467,3.064015277002927,0.8697196960449218,-3.2768402113424058,2.901984832913251e-05
P01_Block_4pos_0.120_krea2_seed42_00001_.png,1024,1280,2.799999952316284,2.000492811203003,0.7144617304539975,0.13133316040039061,53.45993788819876,3220,3.373152017593384,4.034524440765381,0.556,0.8783321874042583,11.418717753873091,43.701629638671875,2,18.0,6.0319603217534326,7.949413179969837,0.7255531031517326,0.23870431943905845,0.8875760250721836,3.096454300089801,0.8517494201660156,-3.232733551710081,2.7489226064623964e-05
P01_Block_4pos_0.120_krea2_seed777_00001_.png,1024,1280,2.799999952316284,1.949687123298645,0.6963168416077212,0.1332305908203125,54.503121098626714,3204,3.368426561355591,4.001674652099609,0.49995,0.9048163944701707,12.28874411745862,44.454811096191406,3,17.0,6.206482162857311,8.329048375799315,0.7189658737111084,0.2203800108578613,0.8873541494393715,3.124844043864747,0.8492134094238282,-3.2620111473017617,2.571513035213254e-05
P01_Block_4pos_0.200_krea2_seed1337_00001_.png,1024,1280,4.0,2.2485644817352295,0.5621411204338074,0.1283843994140625,63.78923426838514,2638,3.1215999126434326,4.0319390296936035,0.61205,0.8633780717050579,10.954959812654682,47.96229934692383,4,16.0,6.488575986327446,7.780780888064076,0.7342887550940524,0.22500404840882166,0.8975932780438021,3.00110615685248,0.8786949157714844,-3.365117093433337,1.93566684806284e-05
P01_Block_4pos_0.200_krea2_seed42_00001_.png,1024,1280,2.799999952316284,2.117778778076172,0.7563495764791893,0.1089691162109375,61.11596063329054,2337,3.2357354164123535,4.043891429901123,0.56205,0.8889118571977577,11.75862472327054,47.060577392578125,3,17.0,6.049169521112312,6.1602858831732705,0.7446595524506416,0.21069152017426368,0.912031416356307,3.0541682309960794,0.8608367919921875,-3.3304571118992894,1.9543514723550006e-05
P01_Block_4pos_0.200_krea2_seed777_00001_.png,1024,1280,4.0,2.239617109298706,0.5599042773246765,0.11825103759765625,78.67715736040608,1970,3.1805484294891357,3.9883511066436768,0.5222,0.8925841555064935,11.878959942889505,47.04299545288086,3,18.0,6.046510696898895,7.638960827504193,0.7373062650355529,0.19898748650576176,0.8943311995237789,3.085041231901655,0.8556289672851561,-3.373191307912808,1.97317873749097e-05
P01_Block_5neg_0.020_krea2_seed1337_00001_.png,1024,1280,2.799999952316284,2.1002631187438965,0.7500939837539874,0.13216552734375,57.285714285714285,3024,3.2091169357299805,3.977494716644287,0.52365,0.8820448329469239,11.536864953206603,37.17612838745117,2,16.0,6.181009930770198,8.794266260085609,0.6984186721405534,0.2461416039387609,0.8812580636103697,3.1543911672642397,0.8405693054199219,-3.379844813319645,2.126336144895784e-05
P01_Block_5neg_0.020_krea2_seed42_00001_.png,1024,1280,2.799999952316284,1.9860012531280518,0.7092861739105186,0.13178024291992188,59.11259411362081,2922,3.2095491886138916,3.9927003383636475,0.5378,0.8745178466724897,11.298594292446417,37.64408874511719,1,18.0,6.202740825635067,8.594811323450479,0.6988589648984271,0.23287351303296483,0.8792354639528686,3.1647799912755543,0.8324455261230468,-3.329590929923633,2.2560190745448005e-05
P01_Block_5neg_0.020_krea2_seed777_00001_.png,1024,1280,2.799999952316284,2.204761505126953,0.7874148366692209,0.12337188720703125,62.74970896391152,2577,3.2370715141296387,3.991647720336914,0.5328999999999999,0.867567018075784,11.082934913174487,41.08926773071289,1,16.0,6.314945666073463,8.82300008572218,0.7124233624406916,0.24379414037373032,0.8820840376370365,3.1561724043075015,0.831279754638672,-3.3937163904641814,1.9582992012665894e-05
P01_Block_5neg_0.035_krea2_seed1337_00001_.png,1024,1280,2.799999952316284,2.0356507301330566,0.727018130285708,0.13349990844726561,56.86740331491713,3077,3.2155368328094482,3.9777753353118896,0.5241,0.8888073064133094,11.755216670319358,36.9758186340332,1,17.0,6.209176668621125,8.673728646835865,0.6988743254485371,0.24589436589051983,0.879558974756739,3.1553980222077227,0.8390655517578125,-3.357891769148974,2.2503173453281836e-05
P01_Block_5neg_0.035_krea2_seed42_00001_.png,1024,1280,2.799999952316284,1.9080663919448853,0.6814522944425224,0.13213272094726564,57.55699567962778,3009,3.214031457901001,3.989452600479126,0.51835,0.8937508504278895,11.917447804941066,37.48988342285156,2,17.0,6.119354151209179,8.505981272339557,0.698152377335512,0.2301135030953262,0.8777991094354468,3.166223309099702,0.8312660217285157,-3.3364608214437186,2.2313816626687873e-05
P01_Block_5neg_0.035_krea2_seed777_00001_.png,1024,1280,2.799999952316284,2.0376033782958984,0.7277155046414563,0.12449417114257813,60.86422976501306,2681,3.229137659072876,3.9927971363067627,0.5288,0.8824133776780636,11.548659611762421,41.070560455322266,1,16.0,6.266031156750847,8.626396949739155,0.7107878094351017,0.24159062683304006,0.8815927685731093,3.1599586263581667,0.830156707763672,-3.4006007731281236,1.8557293444690885e-05
P01_Block_5neg_0.050_krea2_seed1337_00001_.png,1024,1280,2.799999952316284,2.027693748474121,0.7241763510734073,0.13733139038085937,56.747477931904164,3172,3.2190186977386475,3.984243392944336,0.5241499999999999,0.8778941185884956,11.40485717360153,37.21567916870117,1,17.0,5.836687023374031,8.74162377286552,0.6954719001969444,0.24726168489358094,0.8793474450893737,3.1560141259766534,0.8393531799316406,-3.359353219473867,2.2242514663068776e-05
P01_Block_5neg_0.050_krea2_seed42_00001_.png,1024,1280,2.799999952316284,1.8649559020996094,0.6660556906641498,0.13726043701171875,58.14802844214609,3094,3.1778054237365723,3.95965313911438,0.5146999999999999,0.890831040543323,11.82136037651908,37.43242263793945,1,17.0,6.12439092543179,8.450297086897045,0.6975198014389798,0.23487825733437134,0.8771504533390242,3.162453066362346,0.8332626342773437,-3.3090197111613047,2.3038009961511432e-05
P01_Block_5neg_0.050_krea2_seed777_00001_.png,1024,1280,2.799999952316284,2.096926212310791,0.7489022314361543,0.1285614013671875,60.05274411974341,2806,3.1925296783447266,3.963017225265503,0.5224,0.8802260469042801,11.478833918267432,40.337890625,2,16.0,6.19765000395928,8.769869673526959,0.709797670429083,0.24226019579101218,0.8792542556276239,3.1548709566331867,0.8283088684082032,-3.3785131871679552,2.0409388415749536e-05
P01_Block_5neg_0.080_krea2_seed1337_00001_.png,1024,1280,2.799999952316284,2.0530011653900146,0.7332147144115774,0.13799972534179689,51.7832808474091,3493,3.181328535079956,3.987239122390747,0.5693499999999999,0.8577222048527819,10.78451071881878,37.809478759765625,2,17.0,6.3602751512808,8.94667276921001,0.7008014488841185,0.26349510138260057,0.877311606179813,3.1472301614841887,0.8386734008789062,-3.310309921824968,2.549785234604144e-05
P01_Block_5neg_0.080_krea2_seed42_00001_.png,1024,1280,2.799999952316284,1.9526723623275757,0.6973829984219244,0.14100265502929688,54.89010989010989,3367,3.1662042140960693,3.9589221477508545,0.5216500000000001,0.8847317418318726,11.623131990945096,38.53777313232422,1,18.0,6.189215407843021,8.38425222856798,0.6956257638836403,0.23782581243621337,0.8716587876765517,3.1593527077418373,0.8326248168945313,-3.2912180562130273,2.4845615987315606e-05
P01_Block_5neg_0.080_krea2_seed777_00001_.png,1024,1280,2.799999952316284,1.967891812324524,0.7028185163705437,0.13783950805664064,57.981065468549424,3116,3.1943910121917725,3.9813506603240967,0.55305,0.8780944166701707,11.411192553906927,41.236473083496094,1,17.0,5.956622252457599,8.383480305368948,0.7013829009577375,0.2411412423063138,0.8800035928172012,3.1590125114521737,0.8300270080566406,-3.3320295970180296,2.1687880377494373e-05
P01_Block_5neg_0.120_krea2_seed1337_00001_.png,1024,1280,2.799999952316284,1.9469304084777832,0.6953323005835039,0.14141311645507812,49.866290018832395,3717,3.139094352722168,3.9699769020080566,0.5172,0.878839749579601,11.434798183930118,38.56850051879883,2,16.0,6.219732016948035,9.213692066265367,0.7018903738148702,0.25712431109530604,0.8721052355189371,3.1244726613359597,0.8483528137207031,-3.3316020386417238,2.4931882140136114e-05
P01_Block_5neg_0.120_krea2_seed42_00001_.png,1024,1280,2.799999952316284,1.8514235019683838,0.6612226905349781,0.14699859619140626,51.1478630209716,3767,3.127659320831299,3.959632158279419,0.54145,0.8784367062060845,11.422027236771239,40.583251953125,2,18.0,6.04346547934213,8.353030919962183,0.6928763704963017,0.23409352971623745,0.8667966393720625,3.1499676678460053,0.8366607666015624,-3.2842990072730194,2.5846779281056324e-05
P01_Block_5neg_0.120_krea2_seed777_00001_.png,1024,1280,2.799999952316284,2.047279119491577,0.7311711265559048,0.14200592041015625,52.98320523768859,3513,3.1437249183654785,3.951659679412842,0.5256500000000001,0.8994757857233684,12.108121422840298,41.14301681518555,1,16.0,6.202887536544452,8.585289275263072,0.7010661080148797,0.22948595678255224,0.8715470759589354,3.1386879830985825,0.8362136840820313,-3.340492446320319,2.2906843868448037e-05
P01_Block_5neg_0.200_krea2_seed1337_00001_.png,1024,1280,2.799999952316284,1.9012844562530518,0.6790301745113334,0.14805145263671876,53.355512785262576,3637,2.9400691986083984,3.8585689067840576,0.50725,0.9041828007456172,12.267175494673017,42.61125183105469,3,17.0,6.2992359997913,8.266229071241826,0.7020711156349602,0.2288787529225886,0.8744460857622283,3.0285421169819986,0.8669151306152344,-3.3228217599231944,2.3894738709445168e-05
P01_Block_5neg_0.200_krea2_seed42_00001_.png,1024,1280,2.0,1.86708664894104,0.93354332447052,0.151190185546875,51.24592707525213,3867,2.993638277053833,3.91471004486084,0.5321,0.8984342087992021,12.07320525048153,46.17449951171875,1,17.0,5.898145615769817,7.65401624125763,0.6998522982267597,0.22909505297726282,0.8734035994620577,3.0503139057647353,0.8630706787109375,-3.3059707088948054,2.4843560183980975e-05
P01_Block_5neg_0.200_krea2_seed777_00001_.png,1024,1280,2.799999952316284,1.9118776321411133,0.6828134516786414,0.1474456787109375,49.73237261966032,3886,3.039271116256714,3.9439821243286133,0.5682,0.8733894994351609,11.263302519131097,46.621238708496094,3,17.0,6.1974663843818165,8.76284407060221,0.7006317167719647,0.24145842386039362,0.8731605904517069,3.0200999529258223,0.8710731506347656,-3.351342377852341,2.335549006290333e-05
P01_Block_5pos_0.020_krea2_seed1337_00001_.png,1024,1280,2.799999952316284,2.2179975509643555,0.7921419959773676,0.12210540771484375,62.78775990584543,2549,3.1812453269958496,3.96177339553833,0.5289,0.8663026425007895,11.044150669640437,38.338279724121094,2,16.0,6.2446345748336425,9.460192190026726,0.7108469971315112,0.2648609371835576,0.8845585193143168,3.1362836711983744,0.847271728515625,-3.4305633135266,2.0013660890654018e-05
P01_Block_5pos_0.020_krea2_seed42_00001_.png,1024,1280,2.799999952316284,2.002516746520996,0.7151845645084477,0.12586898803710939,63.600231303006936,2594,3.190161943435669,4.005990982055664,0.5209,0.8879066942156261,11.725900191543753,37.83129119873047,1,17.0,6.412887035583502,8.932753134707633,0.7043724838647614,0.2312829692853705,0.8780541488762575,3.163345492697306,0.8341323852539062,-3.340814218586083,2.222376095394165e-05
P01_Block_5pos_0.020_krea2_seed777_00001_.png,1024,1280,4.0,2.2893636226654053,0.5723409056663513,0.11810989379882812,68.46926138876603,2261,3.180739641189575,3.9964663982391357,0.5451,0.8723593350633269,11.231177924666483,42.45014953613281,1,15.0,6.450354120873324,9.14457581026383,0.7199560133174193,0.2464585495324383,0.8816913720976336,3.1445598508133092,0.8344467163085938,-3.41943220208287,1.9577212384919177e-05
P01_Block_5pos_0.035_krea2_seed1337_00001_.png,1024,1280,2.799999952316284,2.2163121700286865,0.791540074204378,0.11742477416992188,64.50586756077116,2386,3.20040225982666,3.98367977142334,0.5409999999999999,0.8621426500427433,10.917499804498686,38.86200714111328,2,17.0,6.43414180503202,9.211216805226911,0.7160617512664069,0.2646071955129222,0.8874269210797883,3.1388855903929604,0.8463951110839844,-3.436439549972718,1.9579715061456664e-05
P01_Block_5pos_0.035_krea2_seed42_00001_.png,1024,1280,2.799999952316284,2.1025030612945557,0.7508939632499892,0.11988296508789062,64.7170510708402,2428,3.1851511001586914,4.000410556793213,0.52485,0.8836353679343604,11.587853711692667,38.903564453125,1,17.0,6.09647667471159,9.077967438817817,0.7129663528316026,0.2440077093177655,0.8790322778645345,3.1571276155769477,0.8353309631347656,-3.375835926461378,2.1568072800736845e-05
P01_Block_5pos_0.035_krea2_seed777_00001_.png,1024,1280,4.0,2.2663612365722656,0.5665903091430664,0.113043212890625,73.45959345562717,2017,3.193988561630249,4.015511512756348,0.5438000000000001,0.8570075930505912,10.763164256297953,42.993186950683594,1,15.0,6.402302320259486,9.384253076269829,0.7235336311526711,0.24762513488075535,0.8832935697771289,3.1373639281569026,0.8414764404296875,-3.435759719334497,1.897301641814806e-05
P01_Block_5pos_0.050_krea2_seed1337_00001_.png,1024,1280,4.0,2.323336124420166,0.5808340311050415,0.11362533569335938,66.99550157444894,2223,3.184061288833618,3.982356548309326,0.57285,0.848037704929654,10.498787525375079,40.22631072998047,2,17.0,6.566252732275708,9.388554866683538,0.7208154941663825,0.28093521494012896,0.888071742929659,3.1267343848786773,0.8495262145996094,-3.4643403825577237,1.89475186346153e-05
P01_Block_5pos_0.050_krea2_seed42_00001_.png,1024,1280,2.799999952316284,2.1981489658355713,0.7850532154535091,0.11815414428710938,68.92167334223409,2247,3.166430950164795,3.999757766723633,0.51705,0.8839588215217477,11.598250403770328,39.18623352050781,1,17.0,6.301776019542411,9.216557889668195,0.7122656505197513,0.24323849532683517,0.8821836356302957,3.152484428502359,0.8414253234863281,-3.3825687866326946,2.116700448026102e-05
P01_Block_5pos_0.050_krea2_seed777_00001_.png,1024,1280,4.0,2.3679287433624268,0.5919821858406067,0.11202774047851563,72.98061630218687,2012,3.166970729827881,4.011776924133301,0.5503,0.8572613626833803,10.770739870772978,43.79111099243164,1,15.0,6.237270912626772,9.72909023436604,0.7273255698223664,0.27184605773614334,0.8855307231364931,3.1277411642380253,0.8448722839355469,-3.458297668518883,1.848614593568395e-05
P01_Block_5pos_0.080_krea2_seed1337_00001_.png,1024,1280,4.0,2.4013354778289795,0.6003338694572449,0.10909042358398438,72.14278506559032,1982,3.1505608558654785,3.9859206676483154,0.5429999999999999,0.8533892753050835,10.655726853918209,41.27971649169922,2,16.0,6.35129465148642,9.579585770408121,0.7251459409440484,0.28882355030680945,0.8914841616509346,3.1110190360685106,0.8584739685058593,-3.484007687514091,1.824607796398125e-05
P01_Block_5pos_0.080_krea2_seed42_00001_.png,1024,1280,4.0,2.2896454334259033,0.5724113583564758,0.1114044189453125,70.43897732754462,2073,3.107069253921509,4.000394821166992,0.53005,0.8709887787432258,11.18858055815771,42.854801177978516,1,16.0,6.408283213934915,9.840496513402735,0.7252077236506169,0.2664306095597028,0.8828640524572829,3.111005319266606,0.8541648864746094,-3.439203574175947,2.069372371810557e-05
P01_Block_5pos_0.080_krea2_seed777_00001_.png,1024,1280,4.0,2.4307498931884766,0.6076874732971191,0.105487060546875,74.41550053821314,1858,3.1873764991760254,4.037835121154785,0.53745,0.8687288313304842,11.118693161089023,45.544769287109375,3,16.0,6.188456605828484,9.552882278700654,0.7355704887075161,0.26541479098008003,0.888186550919116,3.110984131488677,0.8547012329101562,-3.4805446249928482,1.806250887450558e-05
P01_Block_5pos_0.120_krea2_seed1337_00001_.png,1024,1280,4.0,2.585782051086426,0.6464455127716064,0.09652328491210938,84.62541806020067,1495,3.072721004486084,3.9879202842712402,0.5841000000000001,0.8322145143061033,10.048150390782546,44.124000549316406,1,15.0,6.411661574776964,9.83833609592285,0.7445230519732441,0.3096862374607167,0.8946078227369025,3.079866483919448,0.8664916992187499,-3.528267385283677,1.7064849893960535e-05
P01_Block_5pos_0.120_krea2_seed42_00001_.png,1024,1280,4.0,2.3793413639068604,0.5948353409767151,0.10336380004882813,78.63087637840975,1723,3.1188466548919678,4.0278239250183105,0.51855,0.8731328643910242,11.255291040828975,42.66680908203125,1,16.0,5.99321855714979,9.591082337139442,0.7296278947410393,0.25563777680195576,0.884460680813443,3.1115686112947056,0.8633453369140626,-3.481809959846891,1.9121083170707865e-05
P01_Block_5pos_0.120_krea2_seed777_00001_.png,1024,1280,4.0,2.468770742416382,0.6171926856040955,0.097625732421875,77.27053140096618,1656,3.175929307937622,4.060091018676758,0.5757,0.8419819223994094,10.323982454562799,47.3514289855957,2,14.0,5.964559916708022,9.416258807468015,0.7476702123085592,0.25938295864374294,0.8917334154638112,3.094817417782677,0.861077880859375,-3.4996658838426726,1.7453805386690292e-05
P01_Block_5pos_0.200_krea2_seed1337_00001_.png,1024,1280,4.0,2.61895751953125,0.6547393798828125,0.08216400146484375,75.46881569726699,1427,3.109896183013916,4.063204288482666,0.5411,0.8628890155434983,10.940115483759936,46.70389175415039,1,17.0,6.829442510863002,8.36160944077081,0.7604154240459791,0.28513349889309136,0.9108527825683252,3.078677158646352,0.8745361328125,-3.4832349882076934,1.600822982356118e-05
P01_Block_5pos_0.200_krea2_seed42_00001_.png,1024,1280,4.0,2.4439697265625,0.610992431640625,0.0859375,77.20356408498972,1459,3.161087989807129,4.054261684417725,0.5231,0.8820531257886765,11.537130219233216,44.50944137573242,1,17.0,6.256210986739961,7.6768124739604575,0.7545272406745712,0.2430094139158572,0.9015332382044086,3.1132931440460907,0.8629730224609375,-3.470103882385427,1.7531200361517317e-05
P01_Block_5pos_0.200_krea2_seed777_00001_.png,1024,1280,4.0,2.6291143894195557,0.6572785973548889,0.07770004272460937,78.52197378565921,1297,3.1188745498657227,4.043846607208252,0.5331,0.8859283239147631,11.661757278974678,49.243690490722656,2,16.0,6.262539421033611,8.06785920929069,0.7757921566166682,0.26179120346050366,0.9091766847325806,3.0713886321684227,0.8687454223632813,-3.515157404402523,1.5313376626121024e-05
P01_Block_6neg_0.020_krea2_seed1337_00001_.png,1024,1280,2.799999952316284,2.1420726776123047,0.7650259693184235,0.12585983276367188,65.38525564803805,2523,3.1247570514678955,3.965193271636963,0.5269,0.8702746613138828,11.166449600468004,38.42267990112305,1,16.0,6.141561283582539,8.537258246267001,0.7145513139671767,0.26862016565309454,0.8901566615979066,3.1295410148536353,0.8266197204589845,-3.418791767931034,1.9502032715969166e-05
P01_Block_6neg_0.020_krea2_seed42_00001_.png,1024,1280,2.799999952316284,2.070047616958618,0.7393027329326142,0.12659759521484376,64.14147661383842,2587,3.1346206665039062,3.9652252197265625,0.51575,0.8910525971453154,11.8286242956813,38.003665924072266,1,17.0,6.196411628195509,8.408726747006696,0.7112843503344315,0.24913404041894655,0.885662740790691,3.1519739058700895,0.8176353454589843,-3.356123919478738,2.1626620838260812e-05
P01_Block_6neg_0.020_krea2_seed777_00001_.png,1024,1280,2.799999952316284,2.2210724353790283,0.7932401690013097,0.12375869750976562,69.82910030133448,2323,3.1291496753692627,3.968092203140259,0.5325500000000001,0.8708901768216621,11.18552221325424,41.489418029785156,3,16.0,6.06853443866172,8.393150777034418,0.7189438683658169,0.2536656793119997,0.8900300383706485,3.1391050763267465,0.8178955078125001,-3.4269335996818167,1.7887026885795087e-05
P01_Block_6neg_0.035_krea2_seed1337_00001_.png,1024,1280,2.799999952316284,2.239223003387451,0.7997225148289973,0.12271041870117187,64.46452905811623,2495,3.1052372455596924,3.9713680744171143,0.5297000000000001,0.8636517718132357,10.96327622480917,38.78544998168945,1,17.0,5.944985248528043,8.014188553493266,0.7188002517299327,0.27752849661076506,0.896156162179484,3.121440941359388,0.8230598449707032,-3.430634312857001,1.868466306033439e-05
P01_Block_6neg_0.035_krea2_seed42_00001_.png,1024,1280,2.799999952316284,2.0848190784454346,0.744578254982033,0.1194122314453125,65.76302521008404,2380,3.1077065467834473,4.002521514892578,0.5267,0.8868312019459441,11.690986836186838,38.29945373535156,1,16.0,6.126027350016829,7.744695249376047,0.7201126791214816,0.25413467616902613,0.8930140929881978,3.135776443642373,0.8087966918945313,-3.3858613074681543,1.944766425283798e-05
P01_Block_6neg_0.035_krea2_seed777_00001_.png,1024,1280,2.799999952316284,2.215452194213867,0.7912329399795692,0.11842193603515624,66.67439862542955,2328,3.1113030910491943,3.984646797180176,0.54635,0.8698765623886204,11.15413126831724,42.69563293457031,2,16.0,5.828865012277104,7.972547735071955,0.7275175827868884,0.2600894591097086,0.8943835542777181,3.124036955883259,0.8088485717773437,-3.4289993342340193,1.732659737641856e-05
P01_Block_6neg_0.050_krea2_seed1337_00001_.png,1024,1280,2.799999952316284,2.140690565109253,0.7645323577017845,0.12301025390625,64.57028434120946,2497,3.0913171768188477,3.9764537811279297,0.5385500000000001,0.864611597510697,10.992490571770336,38.91326904296875,1,16.0,6.292750665448298,7.656738424898219,0.7198535445498369,0.2826985501525817,0.8992821795352733,3.108519868098709,0.8205856323242188,-3.420675068783858,1.8563492070847537e-05
P01_Block_6neg_0.050_krea2_seed42_00001_.png,1024,1280,2.799999952316284,2.0407140254974365,0.7288264500894964,0.12205963134765625,66.68862025844102,2399,3.071894407272339,3.9769747257232666,0.55335,0.8720695160740487,11.222156749398556,38.89834213256836,2,17.0,6.247708105477775,7.566160053161047,0.7183682732551975,0.2535554523193238,0.8938209713262637,3.123590369632353,0.8055824279785156,-3.362046639875162,2.0625031356020214e-05
P01_Block_6neg_0.050_krea2_seed777_00001_.png,1024,1280,2.799999952316284,2.1909430027008057,0.7824796571472654,0.11845321655273437,74.32216371469603,2089,3.088623523712158,3.9917702674865723,0.53575,0.8696821858670953,11.148121634799837,42.808834075927734,2,16.0,6.148555597658689,7.565834389358318,0.7267531494075281,0.26383198078269043,0.8976749826688293,3.1222849440190616,0.8068130493164063,-3.429261456576118,1.6679245644122648e-05
P01_Block_6neg_0.080_krea2_seed1337_00001_.png,1024,1280,2.799999952316284,2.106961488723755,0.7524862587875342,0.12052001953125,67.04923599320882,2356,3.086458444595337,3.9902656078338623,0.5523,0.86600853921517,11.035148636741827,39.07678985595703,2,18.0,5.648404388251834,6.524571273361093,0.7225589159583794,0.28248056225568846,0.9098404533635804,3.0414515532614743,0.8350799560546875,-3.4194899512611134,1.78222310117474e-05
P01_Block_6neg_0.080_krea2_seed42_00001_.png,1024,1280,2.799999952316284,2.03835129737854,0.7279826186040915,0.11573486328125,69.2675799086758,2190,3.043536901473999,4.005763530731201,0.5159,0.8859354985857222,11.661989261759972,39.99635696411133,2,17.0,6.002251854501336,6.608531094530894,0.7249081263773046,0.2643827081521206,0.9043389179821625,3.0548298075120086,0.8260581970214844,-3.394810918964853,1.8505157164069986e-05
P01_Block_6neg_0.080_krea2_seed777_00001_.png,1024,1280,2.799999952316284,2.158726692199707,0.7709738317723586,0.11521377563476562,77.9623128549303,1937,3.043196439743042,3.9984006881713867,0.52705,0.8754850638019918,11.328934342918942,43.47376251220703,2,16.0,5.858275820881835,6.624162489117708,0.7326735349512823,0.26519962617919013,0.9088916716541946,3.053808092324018,0.8257774353027343,-3.466870419842885,1.532923961449694e-05
P01_Block_6neg_0.120_krea2_seed1337_00001_.png,1024,1280,2.799999952316284,2.1106979846954346,0.7538207216572884,0.11660079956054688,65.59270386266094,2330,3.158932685852051,3.9965174198150635,0.5437,0.8618427359759308,10.908425258063367,39.43212890625,2,20.0,5.678373906698916,5.186758934841498,0.7210263618120524,0.2936140043277341,0.9261116088828647,3.0012758508329336,0.8541435241699219,-3.4378147992194505,1.6262558134206734e-05
P01_Block_6neg_0.120_krea2_seed42_00001_.png,1024,1280,2.799999952316284,1.97220778465271,0.7043599350854317,0.11349105834960938,61.77533222591362,2408,3.175419569015503,4.027216911315918,0.5134,0.8861933008947556,11.670327995639935,40.829647064208984,1,19.0,5.712716567804553,5.3441387143850045,0.7217377521834999,0.2712359171906027,0.9184573135751064,3.039207211334444,0.8432037353515625,-3.3809384185836877,1.9059685793981667e-05
P01_Block_6neg_0.120_krea2_seed777_00001_.png,1024,1280,2.799999952316284,2.0096442699432373,0.7177301086311699,0.11166915893554688,71.46826171875,2048,3.1810505390167236,4.030525207519531,0.5397,0.8706041228863731,11.176654381730577,44.042686462402344,3,19.0,5.5698368412535775,5.305180143983867,0.7336961925836517,0.2753652573817972,0.92285869745683,3.029590184029258,0.8426284790039062,-3.452446168397432,1.4893523835200824e-05
P01_Block_6neg_0.200_krea2_seed1337_00001_.png,1024,1280,2.0,1.6750507354736328,0.8375253677368164,0.10787734985351563,43.64104938271605,3240,3.580759286880493,4.085453987121582,0.56155,0.8530568669418199,10.645910722608747,40.52674102783203,1,23.0,4.542405205955553,3.669541604601145,0.7193759123899444,0.30956278965357,0.9395563567187545,3.004474012243883,0.8835494995117188,-3.309548597838559,2.1017743003668515e-05
P01_Block_6neg_0.200_krea2_seed42_00001_.png,1024,1280,2.0,1.602274775505066,0.801137387752533,0.10091171264648438,41.115013988187755,3217,3.64400315284729,4.096532821655273,0.54165,0.8717462820348867,11.212104013330183,44.860469818115234,1,23.0,4.188602728639131,3.434057594965976,0.7323475675693452,0.3029838567609544,0.9426103143114504,3.0120108641088663,0.8780853271484375,-3.2881110085647487,2.2093485826523552e-05
P01_Block_6neg_0.200_krea2_seed777_00001_.png,1024,1280,2.0,1.6337982416152954,0.8168991208076477,0.108648681640625,47.390349417637275,3005,3.5593101978302,4.084366321563721,0.5644,0.8554851715295723,10.717828165616933,43.969173431396484,2,23.0,4.364135436147351,3.709307241392955,0.725752819562963,0.2979761830498543,0.9414090601151948,3.0187351819708907,0.8822067260742188,-3.3566728310661347,1.8379938704012207e-05
P01_Block_6pos_0.020_krea2_seed1337_00001_.png,1024,1280,2.799999952316284,2.2141802310943604,0.790778667429152,0.12547073364257813,59.15719424460432,2780,3.261444568634033,3.9795193672180176,0.5721999999999999,0.8515426267486813,10.601308993322302,37.0247802734375,1,17.0,6.525215864350788,9.634287384887267,0.6977865027198005,0.2536133857064174,0.8799831181393873,3.1393769340230047,0.8637763977050781,-3.4204288272011856,2.0496633503297734e-05
P01_Block_6pos_0.020_krea2_seed42_00001_.png,1024,1280,2.799999952316284,1.979936957359314,0.7071203539562285,0.12817535400390626,57.832013769363165,2905,3.267524242401123,4.015275001525879,0.4949,0.9013774964231941,12.172132055096737,37.40058898925781,2,18.0,5.958055994444978,9.157851981826475,0.695113728477306,0.21980420803566503,0.8732045271661909,3.1671386788568765,0.8531715393066406,-3.3631659882737277,2.113268555661095e-05
P01_Block_6pos_0.020_krea2_seed777_00001_.png,1024,1280,2.799999952316284,2.18827486038208,0.7815267491600641,0.12528305053710936,62.91609195402299,2610,3.2750232219696045,3.991760015487671,0.552,0.8624557204678357,10.926980477967065,40.30062484741211,1,17.0,6.30177204460083,9.223587769071889,0.7040983221376125,0.23511326761581963,0.8791146158867151,3.15658517169122,0.8535446166992187,-3.3975458372601572,2.0003680802455116e-05
P01_Block_6pos_0.035_krea2_seed1337_00001_.png,1024,1280,2.799999952316284,2.144014358520508,0.7657194267974483,0.12857437133789062,57.340932289894525,2939,3.3194668292999268,3.9981000423431396,0.53325,0.8784059438848488,11.42105307916433,36.925418853759766,1,18.0,6.180764611888764,9.827877036000142,0.687451206763498,0.22774397433151217,0.8730127421772431,3.132572040415751,0.8775215148925781,-3.4075722855353763,2.087502184679855e-05
P01_Block_6pos_0.035_krea2_seed42_00001_.png,1024,1280,2.799999952316284,1.9928656816482544,0.7117377555666269,0.13197402954101561,53.93857187402557,3207,3.331272602081299,4.007278919219971,0.5239,0.883546972355971,11.585014055381524,38.052886962890625,2,19.0,6.308761918556337,9.598274683207094,0.6832326130818818,0.2143548167392749,0.8717492031743024,3.148661312407981,0.8709693908691406,-3.3577598816379686,2.2143036320438727e-05
P01_Block_6pos_0.035_krea2_seed777_00001_.png,1024,1280,2.799999952316284,2.190988779067993,0.7824960058501108,0.12523574829101564,61.89630467571644,2652,3.3299505710601807,4.021252155303955,0.54905,0.8673837849732955,11.07730587935945,40.138553619384766,2,17.0,6.204275507746367,9.55136585913165,0.6977770050353008,0.22016698264647908,0.8753671492767089,3.1434693011705135,0.8714027404785156,-3.393954854529768,2.078430250463138e-05
P01_Block_6pos_0.050_krea2_seed1337_00001_.png,1024,1280,2.799999952316284,2.0771284103393555,0.7418315877545151,0.1309600830078125,56.16884816753927,3056,3.395204782485962,4.007696151733398,0.52725,0.8733225062425362,11.261210616129919,37.036434173583984,3,18.0,6.142302840286907,10.110620761268102,0.6771433469371075,0.2049549514156655,0.8695393095050611,3.104350167684648,0.8938804626464845,-3.391701290501291,2.1548909065694494e-05
P01_Block_6pos_0.050_krea2_seed42_00001_.png,1024,1280,2.799999952316284,2.0140328407287598,0.7192974553669769,0.1338134765625,57.713721618953606,3039,3.3489415645599365,4.016845226287842,0.49535000000000007,0.9035887688138141,12.246988009170977,37.079471588134766,2,18.0,6.069575372993923,10.005977478309745,0.6745620201531328,0.19225157194945536,0.864549920810423,3.1254798274179088,0.885888671875,-3.35192282049931,2.235055836613567e-05
P01_Block_6pos_0.050_krea2_seed777_00001_.png,1024,1280,2.799999952316284,2.152101993560791,0.7686078679324536,0.12779998779296875,59.8463737048946,2799,3.3699376583099365,4.016530990600586,0.5536,0.8713948928987097,11.201185855688017,39.992591857910156,1,18.0,6.000245307485353,10.084051313096918,0.6879430165583055,0.21140423739214712,0.868424617738379,3.1184026053766,0.8875274658203125,-3.386515204345584,2.1558859530450296e-05
P01_Block_6pos_0.080_krea2_seed1337_00001_.png,1024,1280,2.799999952316284,2.102674961090088,0.7509553560351535,0.13148956298828124,54.07781612802008,3187,3.458724021911621,4.018519878387451,0.52745,0.8790901164343118,11.442738568457532,36.08579635620117,2,19.0,5.862198894130649,10.543145594964715,0.6570088793529103,0.17302056552370976,0.861456308682212,3.0224566755174695,0.9194427490234375,-3.396352389086554,2.105347116582398e-05
P01_Block_6pos_0.080_krea2_seed42_00001_.png,1024,1280,2.799999952316284,1.9515302181243896,0.6969750897709828,0.13590240478515625,51.542245370370374,3456,3.4979753494262695,4.039182662963867,0.48260000000000003,0.9066165293259115,12.350230966070121,36.779502868652344,2,20.0,5.827949915694872,10.075310933508081,0.6573151327850894,0.16172855369510988,0.860294401451423,3.0536026181458773,0.9144241333007813,-3.3172660308186694,2.4019141369783282e-05
P01_Block_6pos_0.080_krea2_seed777_00001_.png,1024,1280,2.799999952316284,2.0710928440093994,0.7396760283142504,0.13421783447265626,55.07889793362555,3194,3.4910483360290527,4.037276268005371,0.5094000000000001,0.879269074814447,11.448417612232369,38.80949020385742,2,19.0,5.673741146614982,10.444361156974862,0.6589911873373815,0.17594665489053604,0.8613545823146187,3.0505338171799776,0.913294219970703,-3.3574128035271324,2.2620243262188903e-05
P01_Block_6pos_0.120_krea2_seed1337_00001_.png,1024,1280,2.799999952316284,1.99214768409729,0.711481327865487,0.148321533203125,51.05252100840336,3808,3.6172680854797363,4.047353267669678,0.47520000000000007,0.9230989185402554,12.927717516948489,35.62417221069336,2,21.0,4.989539036623013,10.726084692839326,0.6206188204438058,0.14776675882016577,0.8496331369433796,2.8827664281088716,0.9422645568847657,-3.401901870935204,2.1406207223007743e-05
P01_Block_6pos_0.120_krea2_seed42_00001_.png,1024,1280,2.799999952316284,2.0769238471984863,0.7417585294886747,0.14468917846679688,51.10401509027216,3711,3.5734426975250244,4.0370025634765625,0.4722,0.9100997917540989,12.47008303848337,35.542320251464844,2,20.0,5.561654245197137,10.985163169125773,0.6297818433733506,0.15455129126744982,0.8532708792339001,2.927435681826571,0.9380264282226562,-3.3428912214848077,2.433484117360675e-05
P01_Block_6pos_0.120_krea2_seed777_00001_.png,1024,1280,2.799999952316284,1.998734474182129,0.7138337529358482,0.14249954223632813,51.25603732162459,3644,3.6086885929107666,4.054836273193359,0.49155000000000004,0.9012263504739533,12.167032202491246,37.96485900878906,2,20.0,5.276337627362598,10.991681030887168,0.6311403112544617,0.1535489790959015,0.8521176741637563,2.9113918127819276,0.9402679443359376,-3.3576442892928933,2.341922313483126e-05
P01_Block_6pos_0.200_krea2_seed1337_00001_.png,1024,1280,4.0,1.9401705265045166,0.48504263162612915,0.17208251953125,46.63055612983254,4837,3.8321750164031982,4.074912071228027,0.44465,0.9286353141484547,13.127690777459001,36.433494567871094,2,23.0,4.269213858725305,11.368893043171404,0.5561291437497136,0.10952467019101,0.8377838081209832,2.6646710250978582,0.9605171203613281,-3.4086080031045154,2.0940093513816332e-05
P01_Block_6pos_0.200_krea2_seed42_00001_.png,1024,1280,2.799999952316284,1.885192632675171,0.6732830945642181,0.17158737182617187,45.62852505579225,4929,3.830005407333374,4.072267532348633,0.43390000000000006,0.9405684026193812,13.569292638095346,35.175132751464844,2,22.0,4.277875137863523,11.226571819625741,0.562723037728531,0.11283129964067037,0.8418455737353367,2.699249869904122,0.9581047058105469,-3.332120353002141,2.4011469138862917e-05
P01_Block_6pos_0.200_krea2_seed777_00001_.png,1024,1280,4.0,1.9815502166748047,0.49538755416870117,0.1648529052734375,44.04321239298818,4906,3.8257791996002197,4.075472354888916,0.42005000000000003,0.9420942181778538,13.62681856914318,36.647056579589844,2,22.0,4.421743282352926,11.22979615364868,0.5690871317104624,0.11844443144566577,0.84372147075966,2.7070525104914367,0.9573295593261718,-3.370774980056773,2.360480349744658e-05
P01_Projectionneg_0.050_krea2_seed1337_00001_.png,1024,1280,2.799999952316284,2.0502147674560547,0.7322195722753588,0.12748947143554687,57.70131215469613,2896,3.366157293319702,4.005728244781494,0.5323000000000001,0.8818792928951817,11.531571041585755,36.67408752441406,2,18.0,6.161669426751123,8.522752492483416,0.6881275028265426,0.21136108959793531,0.8806016625750711,3.133959120314297,0.8797538757324219,-3.4064111238740042,1.9292880937076793e-05
P01_Projectionneg_0.050_krea2_seed42_00001_.png,1024,1280,2.799999952316284,1.9618992805480957,0.7006783264139436,0.12863922119140625,54.95762711864407,3068,3.3950464725494385,4.026191711425781,0.5234,0.8902538249433548,11.802456820992347,36.92683029174805,2,19.0,6.0594126717689,8.391037340080103,0.6879144325154505,0.2061712743184295,0.8735912852386285,3.154164144686259,0.8731643676757813,-3.329521019285705,2.2827594347474384e-05
P01_Projectionneg_0.050_krea2_seed777_00001_.png,1024,1280,2.799999952316284,2.141366481781006,0.7647737565172358,0.12435379028320312,62.569289827255275,2605,3.3885273933410645,4.029333591461182,0.5385500000000001,0.8740750936811017,11.284732964640401,40.18790817260742,2,18.0,5.953849841221825,8.682414768991421,0.6935002296897377,0.20682939820653143,0.8774277138391813,3.1432328217978145,0.8741477966308595,-3.3823526163211852,2.0059239196957985e-05
P01_Projectionpos_0.050_krea2_seed1337_00001_.png,1024,1280,2.799999952316284,2.237175703048706,0.7989913361241364,0.12335357666015626,60.32910447761194,2680,3.0410871505737305,3.9459612369537354,0.5307499999999999,0.8685227171806693,11.112340979308698,39.35051727294922,2,15.0,6.6418858407125825,9.171802319214953,0.7215748335828975,0.2880593739658104,0.8884747349142484,3.1102842334890553,0.821893310546875,-3.412727881293154,1.9948705998716102e-05
P01_Projectionpos_0.050_krea2_seed42_00001_.png,1024,1280,2.799999952316284,2.1116113662719727,0.7541469293687502,0.12532196044921876,60.70288248337029,2706,3.0503079891204834,3.960094928741455,0.5215,0.87847557808806,11.423258320566292,38.5133171081543,2,16.0,6.253544720758588,9.29033649961411,0.7157040534939836,0.26407526084196803,0.8829103151072142,3.1290069181021183,0.8116783142089844,-3.389940902172655,2.061813724597025e-05
P01_Projectionpos_0.050_krea2_seed777_00001_.png,1024,1280,2.799999952316284,2.344083070755005,0.837172539526608,0.12017593383789063,70.38293118856122,2238,3.029477596282959,3.9533133506774902,0.5359,0.8700184881226037,11.158521301501622,41.923484802246094,3,15.0,6.157338176499524,9.42106711116918,0.7266776670449464,0.2639458342978754,0.8855475957627916,3.115772673555935,0.8100486755371095,-3.427490181375319,1.8610729352571366e-05
P01_Text_Fusionneg_0.050_krea2_seed1337_00001_.png,1024,1280,2.799999952316284,2.2155072689056396,0.7912526095126801,0.122662353515625,60.26086956521739,2668,3.198338508605957,3.9634511470794678,0.5324,0.8706923104587775,11.17938749579287,37.91615295410156,1,16.0,6.532931485807526,8.671555857119646,0.7116545711551827,0.2651411786317938,0.887748341163777,3.141801527676257,0.8432601928710938,-3.396204203110588,2.024955896117487e-05
P01_Text_Fusionneg_0.050_krea2_seed42_00001_.png,1024,1280,2.799999952316284,2.175941228866577,0.7771218806866558,0.12625885009765625,64.56886461178307,2563,3.193957567214966,3.988126039505005,0.5429999999999999,0.8800572407143502,11.473462735075346,39.36421585083008,1,17.0,6.1898922131785765,8.86830629934811,0.7071684167146391,0.23421270604175853,0.878063004376143,3.1600902512389553,0.8312728881835938,-3.375088468268085,2.1448516241995172e-05
P01_Text_Fusionneg_0.050_krea2_seed777_00001_.png,1024,1280,4.0,2.2360546588897705,0.5590136647224426,0.11668701171875,70.31908045977012,2175,3.164815664291382,3.985740900039673,0.54655,0.8670949028381921,11.0684370484879,41.23362731933594,3,15.0,6.064432861674429,8.995578930582695,0.7243748937819849,0.25118039884060217,0.8817785216163179,3.1436515962754235,0.8292335510253905,-3.411174251580196,1.9674546147297368e-05
P01_Text_Fusionpos_0.050_krea2_seed1337_00001_.png,1024,1280,2.799999952316284,2.133910894393921,0.7621110466907883,0.12635955810546876,57.90979020979021,2860,3.234630823135376,3.992928981781006,0.5359999999999999,0.8795922765125443,11.458681198824065,38.10942459106445,1,16.0,6.112865403188589,9.063483752735458,0.7033595745543402,0.25041236196451205,0.8821451763310231,3.156567629339422,0.8417442321777343,-3.4034785653938178,2.0249193464290315e-05
P01_Text_Fusionpos_0.050_krea2_seed42_00001_.png,1024,1280,2.799999952316284,1.994153618812561,0.7121977331331412,0.12581558227539064,60.71759941089838,2716,3.2083449363708496,4.016636371612549,0.5296000000000001,0.8763187513024685,11.355151151850256,37.66307830810547,1,17.0,6.1863632727398485,8.657925097131292,0.7052896976448726,0.23223662312439064,0.8777027787987371,3.162318536813764,0.8334190368652343,-3.3494641216728396,2.1507204807260973e-05
P01_Text_Fusionpos_0.050_krea2_seed777_00001_.png,1024,1280,2.799999952316284,2.2379095554351807,0.7992534262666264,0.12322463989257812,63.53776553894571,2542,3.21833872795105,4.008397102355957,0.5405000000000001,0.8756533594401801,11.334221822466471,42.577789306640625,2,16.0,6.243959363183801,9.399444268411498,0.7128115353472013,0.2473598730349075,0.8809057787364376,3.149578556084093,0.835369873046875,-3.405672812708521,2.0213557811701165e-05
P01_Time_Embedneg_0.050_krea2_seed1337_00001_.png,1024,1280,2.799999952316284,2.0644543170928955,0.7373051258036941,0.13306045532226562,56.07877813504823,3110,3.312769889831543,4.025496959686279,0.516,0.8763249488123532,11.355346270746864,39.61577606201172,1,18.0,5.682399604561588,7.498309144264548,0.6976223434077595,0.25658296148049275,0.89379677470981,3.1517676663996252,0.8648010253906251,-3.4151538856454837,1.9083457760809672e-05
P01_Time_Embedneg_0.050_krea2_seed42_00001_.png,1024,1280,2.799999952316284,1.9424827098846436,0.6937438367731884,0.13942337036132812,55.71493902439025,3280,3.324180841445923,4.037327766418457,0.5072000000000001,0.8911184953023409,11.830785683175387,39.359683990478516,1,19.0,6.18775971116976,7.65096045618214,0.6896657658956222,0.247809773857885,0.8917796727197858,3.1586774111132647,0.8628700256347657,-3.3922560694704913,1.96667128493664e-05
P01_Time_Embedneg_0.050_krea2_seed777_00001_.png,1024,1280,2.799999952316284,2.0947017669677734,0.7481077866572616,0.13067855834960937,58.67865707434053,2919,3.2788798809051514,4.000791072845459,0.5540999999999999,0.8691652361105683,11.132154599388448,41.33138656616211,3,19.0,6.277928191786842,7.845963685529431,0.6974195360110966,0.24437448731757697,0.8925634266308597,3.148061358459563,0.8631111145019531,-3.4564277523120017,1.7149433644147573e-05
P01_Time_Embedpos_0.050_krea2_seed1337_00001_.png,1024,1280,2.799999952316284,2.0217342376708984,0.7220479543217242,0.12813034057617187,60.47641339575081,2777,3.3384668827056885,4.032079219818115,0.5297,0.8834456676321305,11.581760556031572,36.496055603027344,2,18.0,5.870973193752597,8.908100564125952,0.6877056868752931,0.20241008062086618,0.8767207461999227,3.1597260038624686,0.8620681762695312,-3.400316917829547,2.0154398776623543e-05
P01_Time_Embedpos_0.050_krea2_seed42_00001_.png,1024,1280,2.799999952316284,2.115882635116577,0.7556723825535158,0.12356643676757813,56.98838845883181,2842,3.3567116260528564,4.036925792694092,0.5197,0.8857368377707812,11.655567551570963,37.0411376953125,2,17.0,6.152766158462566,9.396246528073572,0.6985961494187194,0.2260023195565928,0.8744245810436801,3.1628178559699736,0.8517326354980468,-3.340217787401939,2.3433559160873176e-05
P01_Time_Embedpos_0.050_krea2_seed777_00001_.png,1024,1280,2.799999952316284,2.2299156188964844,0.7963984488827578,0.12515716552734374,62.327507598784194,2632,3.326594829559326,4.051941394805908,0.50535,0.8977322449848155,12.0497305421086,40.19475173950195,3,17.0,6.251331051354421,9.89034822909537,0.6927077598453353,0.19641893273431016,0.8638065686989704,3.172752783083229,0.8501495361328124,-3.373120295988868,2.1627720728805892e-05
P01_baseline_krea2_seed1337_00001_.png,1024,1280,2.799999952316284,2.1549129486083984,0.7696117804665528,0.12537918090820313,59.28463203463203,2772,3.208986282348633,3.969346523284912,0.52875,0.8700453262718485,11.159351650796333,37.39680480957031,1,15.0,6.342067975202148,9.132513218452857,0.7092032731699575,0.26274263978633605,0.8850768761553525,3.1424750108825275,0.8437278747558594,-3.4115304691175328,2.0387901089645923e-05
P01_baseline_krea2_seed42_00001_.png,1024,1280,2.799999952316284,2.0030555725097656,0.7153770023648569,0.12876739501953124,60.84282624369142,2774,3.2052533626556396,4.012314319610596,0.5282,0.8924910343652288,11.875893350194245,38.251468658447266,2,17.0,6.213991935990239,8.821996759267394,0.7008196284295745,0.23139988670689676,0.877830771053556,3.162736350611474,0.8339241027832031,-3.3544639680051698,2.2115763444926053e-05
P01_baseline_krea2_seed777_00001_.png,1024,1280,2.799999952316284,2.25372052192688,0.8049002001098258,0.12303848266601562,64.94925493354813,2483,3.2012743949890137,3.977804183959961,0.5168999999999999,0.8851365719302277,11.636185436762117,41.9869270324707,1,16.0,6.071089737616692,9.065037605094952,0.7129759440336405,0.23574076209385847,0.8821687307957305,3.15393041483365,0.8325996398925781,-3.4059045947590905,1.9717197157159327e-05
P02_Block_1neg_0.020_krea2_seed1337_00001_.png,1024,1280,2.799999952316284,2.400394916534424,0.8572839133617522,0.13968124389648437,55.61452004860267,3292,2.9208335876464844,3.898650646209717,0.4661,0.9401809934236618,13.55472532805848,36.17534637451172,6,15.0,6.502390600356611,20.479914925293095,0.6632800408625275,0.15142371908794877,0.8754846362474993,3.1516689417251094,0.8356971740722656,-3.409914072735726,1.5953425731513947e-05
P02_Block_1neg_0.020_krea2_seed42_00001_.png,1024,1280,4.0,2.2966110706329346,0.5741527676582336,0.13778076171875,54.39518072289157,3320,2.9908103942871094,3.910275936126709,0.43455,0.9532576124091068,14.055184138519014,35.64867401123047,3,15.0,6.544353362823558,19.33803714094105,0.6642755055342027,0.15153100179608872,0.8780568197751464,3.169318720297122,0.8334060668945312,-3.401844393462454,1.5057146500596407e-05
P02_Block_1neg_0.020_krea2_seed777_00001_.png,1024,1280,2.799999952316284,2.378715991973877,0.8495414401725606,0.1466766357421875,54.55505107832009,3524,3.0543384552001953,3.8961973190307617,0.4692,0.9438002332053773,13.69142716560205,32.7244873046875,3,15.0,6.2382922778387275,19.15743717831208,0.6510519012152459,0.14490413962122997,0.8809356858015898,3.173373646122278,0.8288818359375001,-3.350042300188513,1.776858126084749e-05
P02_Block_1neg_0.035_krea2_seed1337_00001_.png,1024,1280,4.0,2.574777841567993,0.6436944603919983,0.13596343994140625,58.873472084572185,3027,2.954983711242676,3.8866913318634033,0.45685,0.9439835761735549,13.698388761642066,36.264503479003906,5,14.0,6.809302460604904,20.556818842858938,0.6689614157313505,0.15831195428252604,0.8753797209209444,3.1436498294702555,0.8438140869140625,-3.4228267313893617,1.5950398623784207e-05
P02_Block_1neg_0.035_krea2_seed42_00001_.png,1024,1280,4.0,2.305830478668213,0.5764576196670532,0.13504104614257811,62.08383023500526,2851,2.9387757778167725,3.8779585361480713,0.43189999999999995,0.9514261650047992,13.983994912942961,35.94923400878906,3,13.0,6.445389744723703,20.591945136330143,0.670333401788404,0.15104247711762425,0.8736135925771717,3.1488754822757423,0.8456047058105469,-3.4111561415252383,1.4900444735674094e-05
P02_Block_1neg_0.035_krea2_seed777_00001_.png,1024,1280,4.0,2.4249536991119385,0.6062384247779846,0.14580459594726564,55.23381502890173,3460,3.0263967514038086,3.9041664600372314,0.44575,0.941855815528631,13.61781432051485,34.247650146484375,3,15.0,6.390396681057872,19.836016840199846,0.6428529646725354,0.1405014173363281,0.8761299555471928,3.181050330617623,0.8353187561035156,-3.3945043783178432,1.809270360490826e-05
P02_Block_1neg_0.050_krea2_seed1337_00001_.png,1024,1280,4.0,2.561896800994873,0.6404742002487183,0.13685073852539062,58.56121449559256,3063,2.9904603958129883,3.888091802597046,0.46345000000000003,0.9390760182724308,13.513262053826276,36.20663833618164,4,14.0,6.310353471676527,21.158265576967036,0.6635349418845536,0.1524295105036409,0.8736489364870028,3.1394382985245155,0.8523765563964844,-3.4534551307117716,1.5064199310396914e-05
P02_Block_1neg_0.050_krea2_seed42_00001_.png,1024,1280,4.0,2.291916608810425,0.5729791522026062,0.13446731567382814,61.09150779896014,2885,2.9523072242736816,3.859610080718994,0.4512,0.9404914776820608,13.566398871496796,35.31861114501953,4,14.0,6.239679478947616,21.224203561460598,0.671078269190237,0.1532053220576147,0.8729974731784876,3.1340869957045046,0.8568710327148438,-3.429902880027151,1.449322815934933e-05
P02_Block_1neg_0.050_krea2_seed777_00001_.png,1024,1280,4.0,2.41803240776062,0.604508101940155,0.14630203247070311,57.67248120300752,3325,3.0505592823028564,3.909337043762207,0.45389999999999997,0.945894065885601,13.771141673512487,34.65257263183594,3,15.0,6.35436414993664,20.450576698499543,0.6397641976476287,0.14141216731138145,0.8736303323212228,3.1774852302413734,0.8444351196289063,-3.384403457575925,1.866177237977711e-05
P02_Block_1neg_0.080_krea2_seed1337_00001_.png,1024,1280,4.0,2.5344347953796387,0.6336086988449097,0.13669052124023437,57.4056392181993,3121,3.0212581157684326,3.91064715385437,0.45355000000000006,0.9408288329207267,13.57909410276028,37.17463302612305,4,15.0,6.343406746357593,20.742599200331988,0.6575091434281484,0.1501244511903622,0.8756073433175633,3.136998612842635,0.8648231506347657,-3.4458852593915767,1.4755535879284555e-05
P02_Block_1neg_0.080_krea2_seed42_00001_.png,1024,1280,4.0,2.33670973777771,0.5841774344444275,0.13565216064453126,58.048318641854394,3063,2.9987952709198,3.8738627433776855,0.45814999999999995,0.9449432175248782,13.73488446879728,39.37299728393555,4,15.0,6.30502961432379,21.73228975908451,0.664322892456584,0.16353782683833604,0.8735422347150201,3.1265554951060355,0.8713203430175781,-3.413827148946732,1.4818274584901892e-05
P02_Block_1neg_0.080_krea2_seed777_00001_.png,1024,1280,4.0,2.345201015472412,0.586300253868103,0.14445266723632813,59.297525837770124,3193,3.081803321838379,3.9309744834899902,0.5074000000000001,0.9182247466535673,12.754186581672439,34.87717056274414,3,16.0,6.20243387207796,21.25601225228096,0.6357728301482566,0.14802395101462965,0.8697931567105474,3.1614365236179127,0.8606887817382813,-3.428013636995951,1.6568758535272843e-05
P02_Block_1neg_0.120_krea2_seed1337_00001_.png,1024,1280,4.0,2.4967527389526367,0.6241881847381592,0.14213409423828124,60.525666016894085,3078,3.099003553390503,3.9319629669189453,0.45245,0.9381548883195377,13.478794370159928,39.67801284790039,4,15.0,6.55658866845652,21.67341076149754,0.6441084047809197,0.1515766173456424,0.8758035289156988,3.0969005890608994,0.8891555786132813,-3.494849559446869,1.3739019293286027e-05
P02_Block_1neg_0.120_krea2_seed42_00001_.png,1024,1280,4.0,2.3814496994018555,0.5953624248504639,0.131591796875,65.90752770347727,2617,3.0187275409698486,3.87920880317688,0.5284500000000001,0.9141189391140997,12.609819821999862,40.43325424194336,3,15.0,6.2764033280165785,22.854969491264477,0.6631280841314048,0.1577678175420184,0.8711037430194288,3.0857433773621405,0.8917274475097656,-3.465465761380999,1.3145619133911417e-05
P02_Block_1neg_0.120_krea2_seed777_00001_.png,1024,1280,4.0,2.314005136489868,0.578501284122467,0.1492340087890625,57.92241634586912,3377,3.1457643508911133,3.9374358654022217,0.4569,0.9445318239630136,13.719227045462421,35.51700973510742,3,17.0,6.250154873081146,21.838187890682267,0.632153516580584,0.1556400692910609,0.8703234470264487,3.1240021707104955,0.8837089538574219,-3.4434918292631673,1.566839365701904e-05
P02_Block_1neg_0.200_krea2_seed1337_00001_.png,1024,1280,4.0,2.551819324493408,0.637954831123352,0.12424545288085938,68.74250738708315,2369,3.125549077987671,3.9323599338531494,0.47535000000000005,0.9323797916038353,13.264691027993846,40.64426803588867,2,16.0,6.414081623720349,22.344328645841145,0.6620313781897016,0.16645438225257353,0.8785196412834653,2.993177292782709,0.9227989196777344,-3.5637774894029826,1.1238051661037066e-05
P02_Block_1neg_0.200_krea2_seed42_00001_.png,1024,1280,4.0,2.3081915378570557,0.5770478844642639,0.1265045166015625,65.43488555643252,2534,3.0931460857391357,3.9141576290130615,0.43684999999999996,0.9466395495438829,13.799634952439666,42.36548614501953,3,16.0,6.2517768044907465,24.69223457182537,0.655437377036066,0.16264185960197192,0.8650334099691738,2.9825358883885618,0.9244766235351562,-3.58549906455175,1.0961871277017436e-05
P02_Block_1neg_0.200_krea2_seed777_00001_.png,1024,1280,4.0,2.4421563148498535,0.6105390787124634,0.139599609375,66.31968104385648,2759,3.1507904529571533,3.9447829723358154,0.41945000000000005,0.9518266534093469,13.999531220014772,39.803714752197266,2,17.0,6.399247880610658,26.425212016001,0.6297831019970894,0.1513287594241855,0.8548385205718254,3.012970150898352,0.9195228576660157,-3.5200342477916284,1.3939002267011565e-05
P02_Block_1pos_0.020_krea2_seed1337_00001_.png,1024,1280,4.0,2.303969144821167,0.5759922862052917,0.14063034057617188,57.15565891472868,3225,2.9236268997192383,3.881625175476074,0.51605,0.9237961456996048,12.952732570811747,35.047142028808594,3,13.0,6.506131635381325,19.37152754230499,0.6642861932262019,0.15460813524145867,0.8744375552774546,3.158667076471099,0.8148193359375,-3.400176539708343,1.5956057832087624e-05
P02_Block_1pos_0.020_krea2_seed42_00001_.png,1024,1280,2.799999952316284,2.1582534313201904,0.7708048100267957,0.14524917602539061,50.646714551742484,3759,2.977417469024658,3.8652188777923584,0.4354,0.953787011754552,14.075829579382269,33.931331634521484,4,15.0,6.523172157777227,18.126371715973356,0.6586730607921979,0.14854821345712166,0.8779449206479046,3.167218507082315,0.8161254882812501,-3.335837318256713,1.610387795546292e-05
P02_Block_1pos_0.020_krea2_seed777_00001_.png,1024,1280,2.799999952316284,2.4261534214019775,0.8664833795425445,0.14534072875976561,51.03160996517546,3733,3.0057716369628906,3.9275357723236084,0.47015,0.9402980863133082,13.55912658979799,32.87476348876953,3,15.0,6.5750052281348035,18.150067359556385,0.6515659982251594,0.14344192025290992,0.8836793527606592,3.1734733833849527,0.8110183715820313,-3.3307068020798667,1.7488002038993383e-05
P02_Block_1pos_0.035_krea2_seed1337_00001_.png,1024,1280,2.799999952316284,2.3120667934417725,0.8257381545771557,0.14448394775390624,57.42207398423287,3298,2.922344207763672,3.898423433303833,0.4853,0.9324242932646791,13.266327790256598,34.38728713989258,5,14.0,6.450324494143871,18.67253062779389,0.6628821898625702,0.15285000887780806,0.8788070851057688,3.1599534334739627,0.8127456665039063,-3.385625670394446,1.5926532225643504e-05
P02_Block_1pos_0.035_krea2_seed42_00001_.png,1024,1280,2.799999952316284,2.2941837310791016,0.8193513464817208,0.1447998046875,54.05639418968955,3511,2.929746150970459,3.8624887466430664,0.47255,0.9389568744148761,13.508798861736423,33.02098083496094,4,14.0,6.431972748504148,18.989202057918966,0.6635643151673881,0.15316498843527995,0.8749704164579797,3.1546033787265007,0.8083969116210937,-3.3333985673999234,1.7079974569862315e-05
P02_Block_1pos_0.035_krea2_seed777_00001_.png,1024,1280,2.799999952316284,2.4345314502716064,0.8694755327612252,0.14669876098632811,55.031768746422436,3494,2.950221538543701,3.86924409866333,0.43175,0.9495095025127989,13.909879434083265,31.55553436279297,3,15.0,6.7842298752327075,18.40970853220422,0.6521903855634696,0.1443043475036242,0.8806209456838867,3.1705358299293813,0.8067558288574219,-3.351284698675915,1.804219303607486e-05
P02_Block_1pos_0.050_krea2_seed1337_00001_.png,1024,1280,4.0,2.3934178352355957,0.5983544588088989,0.14166336059570311,55.51001494768311,3345,2.8294668197631836,3.867187023162842,0.42774999999999996,0.9544320777587708,14.101026764890355,32.80907440185547,4,13.0,6.507708178926352,18.004608889870056,0.6664466338868704,0.152597620424733,0.8816675717792811,3.1532919774205834,0.8062164306640625,-3.418325918923848,1.5031941089746302e-05
P02_Block_1pos_0.050_krea2_seed42_00001_.png,1024,1280,2.799999952316284,2.1866238117218018,0.7809370889142085,0.1476715087890625,53.990516039051606,3585,2.922494649887085,3.851860284805298,0.42094999999999994,0.9510705992454819,13.97021575788028,32.119205474853516,4,15.0,6.6158677340558185,18.124278172051454,0.6513451965219916,0.13946500892610308,0.8750322960643073,3.1653550403637274,0.8037200927734375,-3.3275149077239874,1.762789062480147e-05
P02_Block_1pos_0.050_krea2_seed777_00001_.png,1024,1280,2.799999952316284,2.358506917953491,0.8423239136137948,0.15072479248046874,56.99884593190998,3466,2.9112913608551025,3.8492062091827393,0.49559999999999993,0.9219264637310097,12.88576116482364,32.18947982788086,3,14.0,6.58968403942473,18.324667903784686,0.6510136619164841,0.15046162970944704,0.878724139720274,3.1640343237091706,0.8016929626464844,-3.307118442063811,1.9680881737151416e-05
P02_Block_1pos_0.080_krea2_seed1337_00001_.png,1024,1280,2.799999952316284,2.2918660640716553,0.8185236082506794,0.1422760009765625,53.12934472934473,3510,2.842074155807495,3.8639278411865234,0.45380000000000004,0.9373144250609389,13.447421856150504,32.74315643310547,4,13.0,6.748254867000801,17.01475496630609,0.662747587457272,0.14865009416401812,0.8822040798965491,3.153087601530234,0.7955490112304687,-3.4071829386343078,1.4266008620010085e-05
P02_Block_1pos_0.080_krea2_seed42_00001_.png,1024,1280,2.799999952316284,2.2153162956237793,0.791184404767997,0.15098648071289061,50.459204487506376,3922,2.8760738372802734,3.8161182403564453,0.4488,0.9444213972926924,13.715027303658378,31.575239181518555,3,15.0,6.4107467145021415,16.640287270166958,0.6538848097219423,0.13971980827741443,0.8793575631024562,3.1606603158217443,0.7950393676757812,-3.2993453102461543,1.6940526362864977e-05
P02_Block_1pos_0.080_krea2_seed777_00001_.png,1024,1280,2.799999952316284,2.2510156631469727,0.8039341791005505,0.15015487670898436,58.52245019327981,3363,2.8825414180755615,3.8389413356781006,0.42724999999999996,0.9480091874330828,13.852137898960002,31.14639663696289,5,15.0,6.6647042356339,18.24123653161744,0.6496681048263939,0.1424952482612818,0.8741083141184641,3.161665004051953,0.796856689453125,-3.3086986210541216,1.8493935388366217e-05
P02_Block_1pos_0.120_krea2_seed1337_00001_.png,1024,1280,2.799999952316284,2.211061477661133,0.7896648268983164,0.14737625122070314,51.70476445396146,3736,2.801970958709717,3.7854034900665283,0.44265,0.9515676684798022,13.989482343171387,31.515087127685547,4,16.0,6.627358070905782,15.398111523247067,0.6683935320225742,0.15403667668693927,0.888219362735348,3.1438663739753085,0.7866447448730468,-3.38942817371984,1.4179949083556778e-05
P02_Block_1pos_0.120_krea2_seed42_00001_.png,1024,1280,2.799999952316284,2.2011067867279053,0.7861095800759039,0.149542236328125,49.57207890743551,3954,2.8014795780181885,3.852328300476074,0.39294999999999997,0.9660564803732102,14.562901511186016,29.99237823486328,3,16.0,6.451966629634924,15.50508290568943,0.6558520403047139,0.13968215540828866,0.8887373818285231,3.1558273551062244,0.7905929565429688,-3.271289202559665,1.661848011208202e-05
P02_Block_1pos_0.120_krea2_seed777_00001_.png,1024,1280,2.799999952316284,2.2435312271118164,0.8012611661853307,0.15467681884765624,53.776657824933686,3770,2.85212779045105,3.865020751953125,0.4171,0.9537048458048928,14.072623296298989,28.804203033447266,3,15.0,6.545719434081117,16.649315299561746,0.6485517465278758,0.1495391995119657,0.8801448843467105,3.15574550074699,0.7890258789062501,-3.2875369601464883,1.8432794538000824e-05
P02_Block_1pos_0.200_krea2_seed1337_00001_.png,1024,1280,2.799999952316284,2.102586030960083,0.7509235952738965,0.16056365966796876,46.28414339124698,4547,2.8420331478118896,3.798706531524658,0.41345,0.95642207971704,14.179043602890578,30.072961807250977,3,17.0,6.399617176050455,14.002648341729389,0.6448415410718181,0.13458127398146544,0.8915653269217285,3.1610085429074806,0.7927009582519531,-3.2688959777170488,1.6443891764703e-05
P02_Block_1pos_0.200_krea2_seed42_00001_.png,1024,1280,2.0,1.8848263025283813,0.9424131512641907,0.15358352661132812,43.54423534501406,4623,2.8112220764160156,3.8266615867614746,0.37255,0.9721468450954621,14.810899746573538,30.735877990722656,3,17.0,6.361027789870251,14.169631791190879,0.656020591531018,0.13823934004573302,0.8879302121517856,3.159124314537973,0.7894241333007813,-3.2225554530093916,1.542321419960948e-05
P02_Block_1pos_0.200_krea2_seed777_00001_.png,1024,1280,2.799999952316284,2.003796339035034,0.7156415618426725,0.16344985961914063,44.40145077720207,4825,2.8341147899627686,3.77929425239563,0.4093,0.9585294448404464,14.262132224945129,28.564420700073242,5,16.0,6.431951492354401,14.599055229916857,0.6478676263094072,0.14015511264578112,0.8913138451618905,3.1547742962962584,0.7900238037109375,-3.2072379804205697,1.9477018441119674e-05
P02_Block_2neg_0.020_krea2_seed1337_00001_.png,1024,1280,4.0,2.369040012359619,0.5922600030899048,0.1414031982421875,58.55924170616114,3165,2.9295170307159424,3.8735129833221436,0.5156000000000001,0.9143324731918567,12.617287577558757,34.538978576660156,4,14.0,6.705509068942164,20.161048611157682,0.6621583183495894,0.1648350755580743,0.87580959847722,3.154269209697616,0.8284217834472656,-3.404526153503362,1.5993435944068853e-05
P02_Block_2neg_0.020_krea2_seed42_00001_.png,1024,1280,4.0,2.3803980350494385,0.5950995087623596,0.14249114990234374,52.37408861469434,3566,2.994838237762451,3.9146761894226074,0.46345000000000003,0.9473123235535158,13.825399787658057,34.30849075317383,3,16.0,6.4213541246524075,18.014173956724157,0.6588632114619901,0.1519143058212637,0.8829542684348479,3.1683848776912025,0.823542022705078,-3.3613360972737456,1.6276811651046315e-05
P02_Block_2neg_0.020_krea2_seed777_00001_.png,1024,1280,2.799999952316284,2.361499547958374,0.8433927100623115,0.14523773193359374,52.399119185246356,3633,3.008511543273926,3.916297197341919,0.48564999999999997,0.930041877206568,13.178986376767906,32.705745697021484,3,15.0,6.495208110806079,18.322594778703053,0.654836213031971,0.1523420473235251,0.8843070603709471,3.1767520900621853,0.8189071655273438,-3.353529917097508,1.667516412044814e-05
P02_Block_2neg_0.035_krea2_seed1337_00001_.png,1024,1280,2.799999952316284,2.3847343921661377,0.8516908688492583,0.14119644165039064,55.726889491117134,3321,2.9413578510284424,3.8706154823303223,0.50485,0.9226085949934102,12.910154671268662,34.726016998291016,5,15.0,6.420976253257731,19.00179689561211,0.6603446322965622,0.1553109546907787,0.8801526617080845,3.1585587163954236,0.8263526916503907,-3.4288908901949116,1.5273597558236946e-05
P02_Block_2neg_0.035_krea2_seed42_00001_.png,1024,1280,4.0,2.4344968795776367,0.6086242198944092,0.13796005249023438,55.14699603537664,3279,2.9267451763153076,3.898970365524292,0.49739999999999995,0.9316546855103386,13.238050203503603,34.95073699951172,3,14.0,6.243163055346536,19.499879419270282,0.6657689355774542,0.1517871282210418,0.8735508677137808,3.168044556466657,0.8238861083984376,-3.3839976612212803,1.7451738215169508e-05
P02_Block_2neg_0.035_krea2_seed777_00001_.png,1024,1280,2.799999952316284,2.3721227645874023,0.8471867160658618,0.145953369140625,53.60156906696554,3569,3.016488552093506,3.8821182250976562,0.4889,0.9329811833080397,13.286827181003028,33.92945861816406,3,15.0,6.528372571897226,19.37867480265197,0.6488777528767476,0.15434055305282346,0.8777292640161022,3.1785477360872103,0.8215927124023439,-3.3596931552961857,1.7306735216758022e-05
P02_Block_2neg_0.050_krea2_seed1337_00001_.png,1024,1280,4.0,2.4035074710845947,0.6008768677711487,0.1417572021484375,57.0826420890937,3255,2.918856143951416,3.842155694961548,0.4948,0.925021086437556,12.996798164542714,33.764137268066406,4,14.0,6.460139196449253,19.456562609855695,0.6579063704052126,0.14778673223456695,0.876794763238559,3.154903165032152,0.8309616088867187,-3.4520818438617753,1.548086997485822e-05
P02_Block_2neg_0.050_krea2_seed42_00001_.png,1024,1280,4.0,2.38920521736145,0.5973013043403625,0.13979721069335938,56.976057213930346,3216,2.9498636722564697,3.8871827125549316,0.4211,0.9491581299610332,13.896334867249184,33.59414291381836,3,13.0,6.311592013905842,19.816604203860074,0.661604691846921,0.14932287329698612,0.869952230954582,3.1721003040325533,0.8222190856933593,-3.3749676833781144,1.7234443945038488e-05
P02_Block_2neg_0.050_krea2_seed777_00001_.png,1024,1280,2.799999952316284,2.3954989910125732,0.8555353685027424,0.14604415893554687,52.116253743533896,3673,3.029559373855591,3.914777994155884,0.5289,0.9150902765755362,12.643825340925698,31.792600631713867,4,16.0,6.6142992185338905,18.886683086472605,0.6478552334520642,0.1517965805085837,0.8807928662389605,3.1733893527073564,0.8238670349121093,-3.3752917940306735,1.6761034457380238e-05
P02_Block_2neg_0.080_krea2_seed1337_00001_.png,1024,1280,2.799999952316284,2.487603187561035,0.8884297249730949,0.13563232421875,56.22264389626818,3162,2.981799840927124,3.8909659385681152,0.44634999999999997,0.9422401761172762,13.632334204259603,33.32015609741211,4,14.0,6.422891970873834,18.046150451081857,0.6742779266504779,0.17040741116379432,0.8847728599775317,3.156367451426881,0.8258583068847656,-3.4702521049345347,1.2253136829814536e-05
P02_Block_2neg_0.080_krea2_seed42_00001_.png,1024,1280,2.799999952316284,2.3561463356018066,0.8414808484738359,0.14260787963867189,54.89544787077827,3405,2.9249281883239746,3.868347644805908,0.44020000000000004,0.9487347601411557,13.880032497081805,33.83738708496094,3,14.0,6.540594272503073,19.146991892746275,0.6555423757391389,0.14494416595892878,0.8727238014411286,3.170615039064782,0.8249435424804688,-3.405456910974471,1.6456276327945883e-05
P02_Block_2neg_0.080_krea2_seed777_00001_.png,1024,1280,2.799999952316284,2.389763593673706,0.8534870122754065,0.14769210815429687,57.820489844683394,3348,2.9633727073669434,3.8993401527404785,0.5052,0.9198936209429842,12.813338249206156,32.3648681640625,4,16.0,6.520950365345771,19.319397137142285,0.6461029561562437,0.15301398771933877,0.8784671302736216,3.1713935791314833,0.8270767211914063,-3.407762016807064,1.6514051191767352e-05
P02_Block_2neg_0.120_krea2_seed1337_00001_.png,1024,1280,2.799999952316284,2.376859426498413,0.8488783810628888,0.13552703857421874,55.28727046374105,3213,2.91530179977417,3.872945785522461,0.41375,0.961191305041577,14.367779606820042,32.91730880737305,3,15.0,6.2955336350463575,18.463551112566922,0.6741212786009734,0.16148541932732954,0.8845081098760383,3.154615734814484,0.8259902954101562,-3.460179721242795,1.3158444224193029e-05
P02_Block_2neg_0.120_krea2_seed42_00001_.png,1024,1280,2.799999952316284,2.2656660079956055,0.8091664452070244,0.14596176147460938,57.00685339690107,3356,2.90730619430542,3.8989417552948,0.42215,0.9531516889690419,14.05105698809339,33.410667419433594,3,15.0,6.400349599826559,18.730047142461984,0.6501760008803408,0.14162884755065483,0.8740120618591898,3.172039839569873,0.8250007629394531,-3.402856256101218,1.5487301990988876e-05
P02_Block_2neg_0.120_krea2_seed777_00001_.png,1024,1280,2.799999952316284,2.326186418533325,0.8307808779100159,0.14359817504882813,56.36927223719677,3339,2.971698760986328,3.8925819396972656,0.50895,0.9273789540052702,13.082041726132688,31.54505157470703,3,16.0,6.650403065792328,18.80239680799891,0.6509503128810126,0.14730166011041604,0.8786261227455916,3.1706763931768625,0.8278099060058595,-3.479072032576942,1.3623164243182593e-05
P02_Block_2neg_0.200_krea2_seed1337_00001_.png,1024,1280,4.0,2.472371816635132,0.618092954158783,0.13089752197265625,58.06091370558376,2955,2.878244400024414,3.84208083152771,0.5582,0.901500256223318,12.17627569676096,32.66790771484375,5,14.0,6.966214730321025,17.710471460159418,0.6882905069447682,0.16964637972171256,0.893325138473889,3.138448691150984,0.8318252563476562,-3.4672564334815488,1.264457142062426e-05
P02_Block_2neg_0.200_krea2_seed42_00001_.png,1024,1280,4.0,2.1190218925476074,0.5297554731369019,0.13874435424804688,57.952517527087316,3138,2.8864681720733643,3.8655266761779785,0.4507,0.9345619977547422,13.34519046589918,35.40184783935547,4,16.0,6.80563690994458,18.156090905269203,0.671869317832464,0.15389092530988058,0.8830423591145766,3.144208373176556,0.8308845520019532,-3.447622793036769,1.1333812567198763e-05
P02_Block_2neg_0.200_krea2_seed777_00001_.png,1024,1280,2.799999952316284,2.207948923110962,0.7885532002543245,0.14097747802734376,55.5234375,3328,2.8656866550445557,3.8427107334136963,0.46665,0.9340886494656,13.327687724033868,35.454872131347656,5,16.0,7.004382445119627,19.584395679599893,0.6672372477634493,0.16253082809941516,0.875869703761539,3.1418333353453,0.8375259399414062,-3.4767293430158803,1.318294678934417e-05
P02_Block_2pos_0.020_krea2_seed1337_00001_.png,1024,1280,4.0,2.3236305713653564,0.5809076428413391,0.14116897583007812,51.01543975737524,3627,2.9098446369171143,3.8819408416748047,0.49285,0.9326097409072457,13.27315069249394,36.048500061035156,5,14.0,6.6089464695592754,20.153818917608437,0.6637442231411637,0.1462889179189663,0.8736472966028426,3.1534050048793927,0.827265167236328,-3.3801214401310142,1.7327094506170798e-05
P02_Block_2pos_0.020_krea2_seed42_00001_.png,1024,1280,4.0,2.3027939796447754,0.5756984949111938,0.13719940185546875,54.57663125948407,3295,2.9745399951934814,3.921203136444092,0.4523,0.9511833113078125,13.974582191108844,33.955902099609375,3,15.0,6.39777292794141,18.78324827561213,0.665475400931381,0.1508819404452233,0.8797997829595503,3.169451733030944,0.82230224609375,-3.3748432060822156,1.5433892454102955e-05
P02_Block_2pos_0.020_krea2_seed777_00001_.png,1024,1280,2.799999952316284,2.3455581665039062,0.8376993594459016,0.14498519897460938,54.545063145809415,3484,2.9823482036590576,3.8604490756988525,0.46334999999999993,0.9410417292201835,13.587111853409588,32.23480224609375,4,15.0,6.555288776057085,19.8884409789106,0.6472240505047324,0.14232647262995196,0.8741236188846717,3.178547224599851,0.823199462890625,-3.3490941885849943,1.8537178378174975e-05
P02_Block_2pos_0.035_krea2_seed1337_00001_.png,1024,1280,2.799999952316284,2.2737860679626465,0.8120664666732118,0.13656463623046874,57.537126325940214,3111,2.933825731277466,3.924090623855591,0.43389999999999995,0.9469879823686276,13.812972681974571,34.09850311279297,4,15.0,6.469015397402899,18.4133627883032,0.6686183080510465,0.1456574823396581,0.885538032181219,3.1593215308975275,0.821014404296875,-3.3773850915688146,1.4015093807208616e-05
P02_Block_2pos_0.035_krea2_seed42_00001_.png,1024,1280,4.0,2.2212228775024414,0.5553057193756104,0.13873062133789063,60.95776064364733,2983,2.929227352142334,3.880701780319214,0.43454999999999994,0.9555206399802472,14.143649860862853,33.89198684692383,5,14.0,6.27787494366767,19.731424349493672,0.6667311406330672,0.1480073231177525,0.8739702754108932,3.158738951127431,0.824261474609375,-3.3535496335095503,1.631750893314807e-05
P02_Block_2pos_0.035_krea2_seed777_00001_.png,1024,1280,2.799999952316284,2.3934543132781982,0.8548051264423153,0.1432159423828125,55.735154394299286,3368,2.969313621520996,3.8685555458068848,0.44295000000000007,0.9483644867711978,13.865790348694407,32.34099197387695,3,15.0,6.423869063889768,19.584329944623974,0.654228686278834,0.14868702569658948,0.8732349845700574,3.177980103868422,0.818677520751953,-3.352999332014097,1.834669940837882e-05
P02_Block_2pos_0.050_krea2_seed1337_00001_.png,1024,1280,4.0,2.416529893875122,0.6041324734687805,0.13656768798828126,56.325361862806794,3178,2.9192652702331543,3.8816938400268555,0.4389,0.9423403768193138,13.636122001902663,35.244693756103516,3,14.0,6.318692194072685,18.320796951610372,0.6685571743492595,0.14435486385968488,0.8889907665663568,3.157235192517729,0.8240898132324219,-3.4095089959568767,1.3865013419413896e-05
P02_Block_2pos_0.050_krea2_seed42_00001_.png,1024,1280,4.0,2.272599935531616,0.568149983882904,0.13701019287109376,58.2680077871512,3082,2.9255099296569824,3.88175630569458,0.42085,0.958535681618052,14.262378848142442,34.242313385009766,3,15.0,6.574396835451903,18.658879748942137,0.6702230256932118,0.1500197801293316,0.8819799855098884,3.15782911309975,0.8265815734863281,-3.371844822936879,1.5123406778448892e-05
P02_Block_2pos_0.050_krea2_seed777_00001_.png,1024,1280,2.799999952316284,2.374959945678711,0.8481999950442994,0.14119033813476561,59.25744476464938,3123,2.9567794799804688,3.8907151222229004,0.4454,0.9454136472258836,13.75281067774569,32.55160903930664,4,14.0,6.394829543303636,19.28308197144998,0.6549737036320715,0.1492939800711312,0.874759530569249,3.181734037984104,0.8170539855957031,-3.3613671633253333,1.747116545720814e-05
P02_Block_2pos_0.080_krea2_seed1337_00001_.png,1024,1280,2.799999952316284,2.3014392852783203,0.8219426158827138,0.1408538818359375,60.73026315789474,3040,2.8844687938690186,3.8800649642944336,0.43665,0.9492374077131824,13.89938968131625,32.40074920654297,4,14.0,6.487090545845649,18.071409168661553,0.6640025624043864,0.14351023570456706,0.8852023801937263,3.160076839695845,0.8213005065917969,-3.3840986991702553,1.4327508768407603e-05
P02_Block_2pos_0.080_krea2_seed42_00001_.png,1024,1280,2.799999952316284,2.172748565673828,0.7759816438126844,0.139324951171875,58.81352657004831,3105,2.903952121734619,3.8423547744750977,0.43820000000000003,0.9575216716517396,14.222337444568403,34.54771041870117,4,15.0,6.275401840787906,19.339940447287105,0.6647171511335135,0.145749768615562,0.8766542053349757,3.163689584850204,0.8263343811035155,-3.3616466408411974,1.529526468426231e-05
P02_Block_2pos_0.080_krea2_seed777_00001_.png,1024,1280,2.799999952316284,2.3067073822021484,0.8238240791018363,0.1458709716796875,58.88389282414536,3247,2.9708704948425293,3.864839553833008,0.4243,0.9502947405204158,13.940196207414802,32.055458068847656,3,16.0,6.174866395315772,19.26735732061625,0.6440129731727549,0.13730437217065336,0.8774085193665178,3.183579053895529,0.8205978393554687,-3.3644945430394606,1.652491993929293e-05
P02_Block_2pos_0.120_krea2_seed1337_00001_.png,1024,1280,2.799999952316284,2.129615545272827,0.7605769934071301,0.14050064086914063,57.747569771088116,3189,2.9310975074768066,3.9043190479278564,0.42085000000000006,0.9549587433742586,14.121632507828604,33.19569396972656,4,15.0,6.240975484649816,17.623386278848614,0.662272783517418,0.13791962997213839,0.8857017617245193,3.1702502150266096,0.8214393615722657,-3.3333138175056556,1.4370613568924204e-05
P02_Block_2pos_0.120_krea2_seed42_00001_.png,1024,1280,2.799999952316284,2.174532890319824,0.7766189026256783,0.14171524047851564,55.71355728854229,3334,2.956942319869995,3.86214280128479,0.3984,0.9665590263752614,14.583206922217036,33.419830322265625,3,15.0,6.313644141566019,18.390851483858455,0.6602515265089516,0.13573579865628754,0.8822659561067114,3.167446823162194,0.8236907958984375,-3.334416112473675,1.5996654014288358e-05
P02_Block_2pos_0.120_krea2_seed777_00001_.png,1024,1280,4.0,2.32491135597229,0.5812278389930725,0.1449310302734375,59.197257712683076,3209,2.9595754146575928,3.871610641479492,0.41309999999999997,0.9590128589135345,14.281260696833318,31.90056610107422,4,16.0,6.379880362318717,20.226085262129555,0.6459369618108222,0.13912088136072068,0.870101015037643,3.1799690761562096,0.8194549560546875,-3.3317613800453736,1.8041884317005472e-05
P02_Block_2pos_0.200_krea2_seed1337_00001_.png,1024,1280,2.799999952316284,2.1779820919036865,0.777850760355179,0.13705596923828126,56.52674638137193,3178,2.895535945892334,3.904169797897339,0.43105,0.9563375498101871,14.175720897089125,33.171295166015625,4,15.5,6.56547206509174,18.578607820228555,0.6719044437722974,0.15851498342551024,0.8818613993905713,3.165787183892514,0.8198913574218749,-3.344765459062933,1.654609038571e-05
P02_Block_2pos_0.200_krea2_seed42_00001_.png,1024,1280,2.799999952316284,2.2463412284851074,0.802264738121454,0.1396636962890625,50.695098310717256,3611,2.9112367630004883,3.874079942703247,0.39354999999999996,0.9680330295166335,14.642927587912803,33.774681091308594,4,16.0,6.509642166911041,18.386805220426766,0.6619856836786031,0.13253344722659635,0.8789076592127515,3.180335135734579,0.8151763916015625,-3.2656401825577013,2.1152478947888318e-05
P02_Block_2pos_0.200_krea2_seed777_00001_.png,1024,1280,2.799999952316284,2.100130796432495,0.750046725784825,0.14107894897460938,56.67024210848912,3263,2.8915138244628906,3.814969062805176,0.42485,0.9507495825379105,13.957787136872557,31.02146339416504,4,16.0,6.578158337521319,19.396126324179573,0.662039768768462,0.141250372316635,0.8778953353864967,3.1764621867193865,0.8132232666015625,-3.297289822802318,1.8914768828449464e-05
P02_Block_3neg_0.020_krea2_seed1337_00001_.png,1024,1280,4.0,2.376641035079956,0.594160258769989,0.1375274658203125,55.773514851485146,3232,2.94924259185791,3.9120430946350098,0.49005,0.9314986107022225,13.232322924729932,34.32848358154297,4,14.0,6.6461337445164315,19.36091978347893,0.6720740503364566,0.1568038632715607,0.8784938194922542,3.1601538617743863,0.8258132934570311,-3.4031970157315254,1.5611444782130516e-05
P02_Block_3neg_0.020_krea2_seed42_00001_.png,1024,1280,4.0,2.2504916191101074,0.5626229047775269,0.1355224609375,60.48076268300987,2937,2.970435619354248,3.9301815032958984,0.45840000000000003,0.9433453409072738,13.67417002200525,35.33567810058594,3,14.0,6.533500439820648,18.746681416357493,0.6677531382523494,0.1478688758143451,0.8792364319247342,3.1717778569151514,0.8222618103027344,-3.4037798656723997,1.477109571333448e-05
P02_Block_3neg_0.020_krea2_seed777_00001_.png,1024,1280,2.799999952316284,2.3411104679107666,0.836110895635586,0.14156417846679686,53.95492875835999,3439,2.978761672973633,3.9061949253082275,0.46124999999999994,0.9421909578444361,13.630474035209035,33.98931121826172,4,15.0,6.39211498587006,19.217199685081933,0.6564343412482504,0.15041206959445785,0.8798541940298074,3.1757251314537376,0.8200492858886719,-3.365052627643307,1.749871785406334e-05
P02_Block_3neg_0.035_krea2_seed1337_00001_.png,1024,1280,4.0,2.5070955753326416,0.6267738938331604,0.13451004028320312,55.12976860537836,3198,2.9283390045166016,3.8859174251556396,0.45099999999999996,0.9427928857160739,13.653240904418062,35.21652603149414,4,14.0,6.5252360289768605,19.358131102071205,0.6755131856449224,0.1516616432800022,0.8806480586524197,3.1546090347526703,0.8255607604980468,-3.4112964984145724,1.546129520058282e-05
P02_Block_3neg_0.035_krea2_seed42_00001_.png,1024,1280,4.0,2.313948631286621,0.5784871578216553,0.13468399047851562,60.14752981260647,2935,2.9744749069213867,3.9132421016693115,0.4598,0.943410735417573,13.676649539014573,34.25321960449219,4,14.0,6.330154680969212,19.24513521296514,0.6645178805842945,0.14817789429499068,0.8735039857261301,3.172244244057382,0.8233421325683593,-3.426049914128942,1.3732133107478636e-05
P02_Block_3neg_0.035_krea2_seed777_00001_.png,1024,1280,2.799999952316284,2.389714002609253,0.8534693011806573,0.13486785888671876,54.059327217125386,3270,2.9436237812042236,3.876601457595825,0.4415,0.9489072066795108,13.886670451158075,32.16172409057617,4,15.0,6.646048520549636,19.220808664933045,0.6684636769686245,0.1536664651020333,0.8848592351294065,3.169026476126475,0.8170005798339843,-3.4103488091620946,1.533703005693748e-05
P02_Block_3neg_0.050_krea2_seed1337_00001_.png,1024,1280,4.0,2.4830117225646973,0.6207529306411743,0.13163299560546876,60.923022598870055,2832,2.9343528747558594,3.9005115032196045,0.44689999999999996,0.9498216177347715,13.921921796510096,33.985626220703125,4,14.0,6.4680695294268435,18.562323653688665,0.6745860439183792,0.14834418656899712,0.8860653330630286,3.1577986812444023,0.82286376953125,-3.4082254821976266,1.3927324694505948e-05
P02_Block_3neg_0.050_krea2_seed42_00001_.png,1024,1280,4.0,2.421065330505371,0.6052663326263428,0.13441085815429688,57.72444298820446,3052,2.989223003387451,3.904417037963867,0.45189999999999997,0.947306419775121,13.825173485005783,34.3316650390625,4,14.0,6.721329853533451,18.613324706486758,0.6686985496982736,0.1458189129846409,0.8789115191819776,3.169897206170278,0.8241073608398437,-3.4013349372949464,1.4160666758075865e-05
P02_Block_3neg_0.050_krea2_seed777_00001_.png,1024,1280,4.0,2.484143018722534,0.6210357546806335,0.130023193359375,57.09346733668342,2985,3.0052192211151123,3.9364120960235596,0.47475,0.9342903499663272,13.335143085052543,32.141876220703125,5,14.0,6.7301263065743,18.6624118980854,0.6720834416541308,0.15473762506294303,0.8903633696078186,3.1711381000474645,0.8229385375976562,-3.4537799035949326,1.359063039102033e-05
P02_Block_3neg_0.080_krea2_seed1337_00001_.png,1024,1280,4.0,2.6204943656921387,0.6551235914230347,0.12556991577148438,57.99400986610289,2838,2.96124529838562,3.9243268966674805,0.46635000000000004,0.9368383305801492,13.429682778998771,34.235748291015625,4,13.0,6.568492860384792,18.157641150190546,0.6856452321763026,0.15176642857054948,0.8889491185287934,3.159725993532959,0.8195930480957031,-3.433790258073967,1.3123658518644123e-05
P02_Block_3neg_0.080_krea2_seed42_00001_.png,1024,1280,4.0,2.279933214187622,0.5699833035469055,0.1338897705078125,56.83031088082902,3088,2.9663302898406982,3.8827309608459473,0.43345,0.9569763631284364,14.200850708470304,34.63605499267578,3,15.0,6.506480613499984,18.58818611459804,0.668367401052333,0.1433198499443321,0.881758900137046,3.1650475810525474,0.8264396667480468,-3.434549383190432,1.2782515644309904e-05
P02_Block_3neg_0.080_krea2_seed777_00001_.png,1024,1280,2.799999952316284,2.515066623687744,0.8982380951853837,0.12852554321289061,56.89327929753462,2961,3.0168397426605225,3.955211639404297,0.46525,0.9302555834593297,13.186797497688675,32.399513244628906,5,15.0,6.4999027636957765,18.488917914778547,0.6745141322361952,0.15345276702497007,0.8892379579753076,3.174156348812207,0.8202621459960937,-3.4414017786283004,1.3423529963287783e-05
P02_Block_3neg_0.120_krea2_seed1337_00001_.png,1024,1280,4.0,2.5748848915100098,0.6437212228775024,0.12002029418945312,61.35452418096724,2564,2.879472494125366,3.925985813140869,0.5015,0.9268746110076943,13.063761424041967,33.05234909057617,6,14.0,6.449333298876715,18.88056026619494,0.7011983496305598,0.16769012267937353,0.8861830541724163,3.132898396926299,0.8275093078613281,-3.4764890275434928,1.1053950406524321e-05
P02_Block_3neg_0.120_krea2_seed42_00001_.png,1024,1280,4.0,2.5341014862060547,0.6335253715515137,0.12478256225585938,58.47515194851627,2797,2.9607393741607666,3.920437812805176,0.45740000000000003,0.9436122040814656,13.684291309306964,32.880672454833984,3,14.0,6.443034514109016,19.654155937351227,0.691332519755101,0.155660712782152,0.8805517879176132,3.1468036102371952,0.8314888000488282,-3.4276206472740074,1.3340849953583136e-05
P02_Block_3neg_0.120_krea2_seed777_00001_.png,1024,1280,2.799999952316284,2.52850079536438,0.9030360137230331,0.12804489135742186,57.733402132782935,2907,2.994729518890381,3.957876682281494,0.4464,0.9505828723768314,13.951337077256891,32.68890380859375,4,15.0,6.68868644892872,18.25065806363683,0.6829289922956792,0.15584669237891186,0.8899911830162075,3.1629406908805864,0.8249794006347656,-3.4099360977048616,1.389493436182786e-05
P02_Block_3neg_0.200_krea2_seed1337_00001_.png,1024,1280,4.0,2.8874707221984863,0.7218676805496216,0.10717620849609374,78.21714922048997,1796,2.8330087661743164,3.831930160522461,0.5470999999999999,0.902289465358154,12.20294841434367,34.61994171142578,4,12.0,6.093323703037612,19.807884475148047,0.7275000230718636,0.19024457932087402,0.8896641343913216,3.0787226493286832,0.8498634338378905,-3.5791154068305553,1.148347349263878e-05
P02_Block_3neg_0.200_krea2_seed42_00001_.png,1024,1280,4.0,2.915203094482422,0.7288007736206055,0.11033782958984376,71.27747658945293,2029,2.8974335193634033,3.8300793170928955,0.50015,0.9128401401520564,12.565189818348346,34.80771255493164,3,11.0,6.515679174365924,18.731934711592714,0.7262547444444053,0.18591706578403203,0.8959366257178838,3.074918973102174,0.846186065673828,-3.4833232371684435,1.2691855516681407e-05
P02_Block_3neg_0.200_krea2_seed777_00001_.png,1024,1280,4.0,3.0296082496643066,0.7574020624160767,0.11403121948242187,63.064556962025314,2370,2.951822280883789,3.964054584503174,0.49145,0.9172623510433664,12.720199602864906,32.454044342041016,5,12.0,6.291570625646668,21.0576592046084,0.7131421654135806,0.18973216900036288,0.8848472211881654,3.1181032744426678,0.8398948669433595,-3.4785156581056036,1.4493354233004107e-05
P02_Block_3pos_0.020_krea2_seed1337_00001_.png,1024,1280,4.0,2.3856260776519775,0.5964065194129944,0.13838577270507812,56.93188951663528,3186,2.926241874694824,3.879831314086914,0.52195,0.913639213508151,12.593058879276004,34.4534912109375,5,13.0,6.679747258504621,19.357587311759083,0.6709576296835845,0.16618061333255768,0.8778344093735568,3.1541165643261366,0.8237258911132812,-3.388858913515243,1.6788615752657243e-05
P02_Block_3pos_0.020_krea2_seed42_00001_.png,1024,1280,4.0,2.2886435985565186,0.5721608996391296,0.1420440673828125,56.17984308992155,3314,2.9639792442321777,3.851437568664551,0.43709999999999993,0.957652849236892,14.22751107070459,35.02199172973633,4,15.0,6.4794677661137845,18.750205514604247,0.6587621433106778,0.14890366649236814,0.8796124885704981,3.1612358318258287,0.825763702392578,-3.372083354738781,1.6090718452757702e-05
P02_Block_3pos_0.020_krea2_seed777_00001_.png,1024,1280,2.799999952316284,2.3618667125701904,0.8435238402830505,0.14711685180664064,52.08779038357645,3702,3.031481981277466,3.910670042037964,0.47020000000000006,0.9320937261672885,13.254174418165865,32.996463775634766,4,15.5,6.518895132612581,18.8507459043681,0.6484243564800791,0.1442716709730477,0.8823890169409869,3.1762879119473544,0.8204246520996095,-3.3468472532322755,1.757738883869928e-05
P02_Block_3pos_0.035_krea2_seed1337_00001_.png,1024,1280,2.799999952316284,2.3929145336151123,0.8546123479879302,0.14244766235351564,55.288421676043825,3377,2.967679023742676,3.92030930519104,0.48055,0.9335990673297203,13.309608861648623,34.17803192138672,4,14.0,6.389029171165209,19.90554918405045,0.6593415307920235,0.15955363335792866,0.8744356702196614,3.157799158220374,0.8233352661132813,-3.3813172321546214,1.6175852769778973e-05
P02_Block_3pos_0.035_krea2_seed42_00001_.png,1024,1280,2.799999952316284,2.241771936416626,0.8006328480692054,0.14444808959960936,52.25807341981783,3623,2.969898223876953,3.890537977218628,0.44685,0.944111281287586,13.703239860414964,36.48012161254883,4,15.0,6.421359915678972,18.89421940901841,0.654188971308,0.14745603786489409,0.8757701050500839,3.1643776283574714,0.8248085021972656,-3.3635471514931843,1.6077018780399824e-05
P02_Block_3pos_0.035_krea2_seed777_00001_.png,1024,1280,2.799999952316284,2.2954258918762207,0.8197949753453898,0.14752960205078125,53.62451469772601,3606,2.9834773540496826,3.9166946411132812,0.47750000000000004,0.9363465851496611,13.411385120698988,33.09255599975586,4,15.0,6.494367521550148,20.565706876207038,0.646899071813722,0.1446683002997992,0.8688239527612126,3.174064154696943,0.8193557739257812,-3.337751589597703,1.8696127167025586e-05
P02_Block_3pos_0.050_krea2_seed1337_00001_.png,1024,1280,2.799999952316284,2.381223678588867,0.850437042550309,0.1431640625,51.11631707981476,3671,2.9677298069000244,3.9205596446990967,0.5102,0.9158116578727239,12.669139482577505,34.700443267822266,4,15.0,6.654742669705569,19.777643321542328,0.662133662004238,0.16627570166746408,0.8761716176509607,3.1568660679912903,0.8252983093261719,-3.3679689493398275,1.6928770424799675e-05
P02_Block_3pos_0.050_krea2_seed42_00001_.png,1024,1280,2.799999952316284,2.285224199295044,0.8161515136472074,0.14443130493164064,52.79113218070273,3586,2.9505703449249268,3.86993408203125,0.4438,0.9475318983271049,13.833819122819287,35.234554290771484,4,15.0,6.663889097830182,19.399715483808915,0.6561745976153164,0.14883187343073104,0.8748128596519686,3.155590649809778,0.8255393981933594,-3.34866881786009,1.674459462268384e-05
P02_Block_3pos_0.050_krea2_seed777_00001_.png,1024,1280,2.799999952316284,2.2656917572021484,0.809175641352375,0.15122146606445314,55.62980634296941,3563,3.0118887424468994,3.912860870361328,0.48055,0.9262226037393212,13.04016676848801,33.348876953125,3,16.0,6.293337517426178,19.587769946132745,0.6411179976201509,0.1413718350657889,0.8733618785231534,3.1770162706350447,0.8215072631835938,-3.3395361792522062,1.8266943919039717e-05
P02_Block_3pos_0.080_krea2_seed1337_00001_.png,1024,1280,2.799999952316284,2.356264352798462,0.841522997473359,0.14367141723632812,50.39149050040139,3737,2.9448344707489014,3.875933885574341,0.49105,0.9311262048808272,13.218667229574958,35.72978591918945,4,14.0,6.624124536776076,19.751126089468265,0.6579692173103711,0.17147843370901533,0.8785343674331177,3.148474455036151,0.8246879577636719,-3.3576680714880065,1.706014761714827e-05
P02_Block_3pos_0.080_krea2_seed42_00001_.png,1024,1280,2.799999952316284,2.1341660022735596,0.7622021566493538,0.14894332885742187,52.992128121606946,3684,2.928565502166748,3.856898546218872,0.43674999999999997,0.950676229392442,13.95494871723647,36.33110427856445,5,15.0,6.442363575389082,20.951963109291224,0.652635420294059,0.14981605926951658,0.8613176860845092,3.155621937402718,0.8238197326660157,-3.3282717596828704,1.8003007018628334e-05
P02_Block_3pos_0.080_krea2_seed777_00001_.png,1024,1280,2.799999952316284,2.295172691345215,0.8197045465827763,0.15109024047851563,54.24185154752123,3651,3.006138563156128,3.9033010005950928,0.4315,0.9498525302413827,13.923115063085623,34.91242980957031,6,16.0,6.565443503248486,20.470252659231324,0.6436805384708666,0.13978729204199694,0.8692909098565353,3.171164332557628,0.8219375610351562,-3.307738274563177,1.98946981402326e-05
P02_Block_3pos_0.120_krea2_seed1337_00001_.png,1024,1280,2.799999952316284,2.3882222175598145,0.8529365207967847,0.14248733520507811,49.22535582498682,3794,2.932802200317383,3.876986265182495,0.5074500000000001,0.9212437417610372,12.861392685206264,36.59138870239258,4,14.0,6.377402899731827,20.424256860930463,0.6625702438872028,0.1668453954738081,0.8727909631498678,3.150366976440823,0.822490692138672,-3.3477091925954507,1.6837374173986783e-05
P02_Block_3pos_0.120_krea2_seed42_00001_.png,1024,1280,2.799999952316284,2.1452975273132324,0.7661777013740829,0.14367828369140626,50.19243070362474,3752,2.9016647338867188,3.819281816482544,0.4157,0.9635936156494974,14.46379733072705,37.70039367675781,5,15.0,6.618396386918941,21.735769036491405,0.658789987474313,0.15537943376757996,0.8586404615527476,3.1538390091631916,0.8194969177246093,-3.310871619438017,1.956345356793132e-05
P02_Block_3pos_0.120_krea2_seed777_00001_.png,1024,1280,2.799999952316284,2.1859352588653564,0.780691177175576,0.14893341064453125,53.205233033524124,3669,2.9838669300079346,3.888921022415161,0.48280000000000006,0.9230945182963016,12.927559798893798,35.854122161865234,4,16.0,6.611151636364711,20.90092561990175,0.6471252717395661,0.13955950452687266,0.8649112583184282,3.167120911125369,0.8210617065429687,-3.296767856852533,2.24314272519834e-05
P02_Block_3pos_0.200_krea2_seed1337_00001_.png,1024,1280,2.799999952316284,2.0824272632598877,0.7437240352583618,0.13895416259765625,54.677274091864305,3331,2.8361830711364746,3.934622049331665,0.54935,0.8894110483584257,11.774910536380867,37.93453598022461,6,15.0,6.150377910136905,21.472161422570796,0.6846101479169523,0.1828009389762853,0.87909408330254,3.0634611017636804,0.8548568725585938,-3.3949918839869073,1.4760317370573748e-05
P02_Block_3pos_0.200_krea2_seed42_00001_.png,1024,1280,2.799999952316284,1.9653711318969727,0.7019182733453729,0.1392608642578125,51.54815024004518,3541,2.7755320072174072,3.8917746543884277,0.45235,0.9407289519616393,13.575334180883186,37.3795166015625,4,15.0,6.780039523299256,22.202899118196438,0.6864620826578767,0.16647773980048608,0.8709020221422219,3.0394999037459174,0.8629974365234375,-3.356768199144883,1.5358880946369283e-05
P02_Block_3pos_0.200_krea2_seed777_00001_.png,1024,1280,2.799999952316284,2.0883138179779053,0.7458263762648851,0.14400253295898438,55.33479917912636,3411,2.794734239578247,3.9607951641082764,0.46199999999999997,0.9341961039239518,13.33165899385764,38.7072868347168,5,14.0,6.190234118149329,22.260800543945393,0.692306778473005,0.18232461869615582,0.87608729897464,3.027892606090485,0.8716781616210938,-3.364043666682686,1.7540675831944927e-05
P02_Block_4neg_0.020_krea2_seed1337_00001_.png,1024,1280,2.799999952316284,2.392596483230591,0.8544987585629524,0.1456939697265625,54.374715261959,3512,2.9648311138153076,3.8680741786956787,0.44645,0.9476943253514301,13.840050494093285,33.430809020996094,4,14.0,6.67484986248263,19.70205913704858,0.656355066996784,0.15224325997525706,0.8717486405983421,3.1615359008982664,0.8260635375976563,-3.394161180637854,1.6576735801548734e-05
P02_Block_4neg_0.020_krea2_seed42_00001_.png,1024,1280,2.799999952316284,2.258753538131714,0.8066977059278778,0.14092864990234374,55.337926902336726,3338,2.995712995529175,3.9148404598236084,0.4446,0.9529891088030908,14.044724649471084,33.898494720458984,4,15.0,6.415753300320444,18.62223932657983,0.6574291365409933,0.14529606462338213,0.8778025977819397,3.1733228313010833,0.8232666015625,-3.3768656672836057,1.5121677230230504e-05
P02_Block_4neg_0.020_krea2_seed777_00001_.png,1024,1280,2.799999952316284,2.373255491256714,0.847591261311791,0.14793701171875,50.88008396746261,3811,3.025300979614258,3.904858112335205,0.44175000000000003,0.954363649925678,14.098351740293754,31.632537841796875,4,16.0,6.631316209981448,18.459038325190832,0.643104467225675,0.13856128789037292,0.8810225680493033,3.179933863523028,0.8200622558593751,-3.3443917157111938,1.7244186039110264e-05
P02_Block_4neg_0.035_krea2_seed1337_00001_.png,1024,1280,2.799999952316284,2.411667823791504,0.8613099517364153,0.1445892333984375,54.039349871685204,3507,2.943577289581299,3.8618173599243164,0.4842,0.9337581487844865,13.315480591674449,33.6076774597168,3,15.0,6.749952860498147,19.447297397017017,0.6546473874841233,0.15106969287453842,0.8729896168075195,3.1654066004560186,0.824810791015625,-3.4021100131910536,1.648253942786081e-05
P02_Block_4neg_0.035_krea2_seed42_00001_.png,1024,1280,2.799999952316284,2.2712769508361816,0.8111703533984994,0.14421157836914061,54.45721694036301,3471,2.979201078414917,3.8718059062957764,0.4452,0.9519001942650025,14.002385995121776,33.0824089050293,4,15.0,6.3825146885847435,18.66657703689941,0.6528519469993137,0.14991127546382726,0.8741693770734423,3.172435692688202,0.8242134094238283,-3.384980948231658,1.5060466197551286e-05
P02_Block_4neg_0.035_krea2_seed777_00001_.png,1024,1280,2.799999952316284,2.2656664848327637,0.8091666155060123,0.15136260986328126,53.40349932705249,3715,3.031604766845703,3.9022653102874756,0.45395,0.938068121869301,13.47555219784687,30.663597106933594,3,16.0,6.542003587395836,18.036785371040658,0.6388329874415831,0.1341385847292701,0.8788490837422005,3.181411028406727,0.8202880859374999,-3.346684097407902,1.6763583600819894e-05
P02_Block_4neg_0.050_krea2_seed1337_00001_.png,1024,1280,2.799999952316284,2.4257757663726807,0.8663485027440702,0.14235000610351561,51.9869044302034,3589,2.9678986072540283,3.8782548904418945,0.45075000000000004,0.9489044311022687,13.886563586222454,32.539031982421875,3,15.0,6.5514024023486765,19.2123551390778,0.657990592690044,0.14712681717399007,0.8731964398294136,3.168413950143261,0.8228431701660157,-3.403367535173542,1.5352616440909153e-05
P02_Block_4neg_0.050_krea2_seed42_00001_.png,1024,1280,2.799999952316284,2.2159156799316406,0.7913984705958788,0.14555282592773439,56.52711111111111,3375,2.9569244384765625,3.819185972213745,0.43689999999999996,0.9519418150254916,14.004001925210208,32.3353157043457,4,16.0,6.610076469867804,18.716045660944047,0.654537813074191,0.15171655267943068,0.8726296372401432,3.170217516178242,0.8234840393066406,-3.3730310315119616,1.5368011009993128e-05
P02_Block_4neg_0.050_krea2_seed777_00001_.png,1024,1280,2.799999952316284,2.1502277851104736,0.7679385077602269,0.1541839599609375,50.751381215469614,3982,3.002274751663208,3.875012159347534,0.41345,0.9570362441671756,14.203208607435968,30.85025405883789,3,17.0,6.022954917438781,17.77416763173856,0.6334351319439583,0.1332320989545459,0.8824124545729617,3.181673240531573,0.8226486206054687,-3.3678833272889728,1.620769300198649e-05
P02_Block_4neg_0.080_krea2_seed1337_00001_.png,1024,1280,4.0,2.3436174392700195,0.5859043598175049,0.13914260864257813,54.57121484141233,3342,2.9543020725250244,3.8691318035125732,0.4999,0.9243438408603337,12.97241666987544,31.512882232666016,4,15.0,6.575312533104165,18.075754964217953,0.6661072671986552,0.14977385352781244,0.8804843949538497,3.1651766934746344,0.823577880859375,-3.4180779967092416,1.428660312822125e-05
P02_Block_4neg_0.080_krea2_seed42_00001_.png,1024,1280,2.799999952316284,2.1904280185699463,0.7822957342402549,0.14268646240234376,54.620911214953274,3424,2.972235918045044,3.849447011947632,0.4563999999999999,0.933578660043312,13.308855811812311,31.838680267333984,4,15.0,6.31656737773769,18.644051131895836,0.6589749780079787,0.15021014079686157,0.8719285773164845,3.1698461306440398,0.8225471496582032,-3.367747800076528,1.5368602460492985e-05
P02_Block_4neg_0.080_krea2_seed777_00001_.png,1024,1280,2.799999952316284,2.169280767440796,0.7747431444226528,0.14529266357421874,53.705019740552736,3546,3.0107460021972656,3.860931634902954,0.43205000000000005,0.9497402525496917,13.918781473849336,30.374422073364258,3,16.0,6.355080754697694,17.7527505106605,0.6503167736459159,0.1420968838437896,0.8831914624598896,3.177646819223989,0.8195404052734374,-3.3600525388450992,1.573277639542064e-05
P02_Block_4neg_0.120_krea2_seed1337_00001_.png,1024,1280,4.0,2.417860507965088,0.604465126991272,0.138714599609375,53.8076353950873,3379,2.9389379024505615,3.834308385848999,0.45225,0.9503646960428427,13.942900280722474,32.41106414794922,4,15.0,6.485574256571272,18.97811362473064,0.6670249495927418,0.15070471128552854,0.873622562285497,3.1595032913160703,0.8218704223632812,-3.4333241531768697,1.4523824843799106e-05
P02_Block_4neg_0.120_krea2_seed42_00001_.png,1024,1280,4.0,2.1871602535247803,0.5467900633811951,0.13445968627929689,55.1436170212766,3196,2.909104108810425,3.7966949939727783,0.43744999999999995,0.9469211582825295,13.81041371075331,32.81373596191406,5,16.0,6.750792725519614,18.538206488191047,0.671087133958937,0.15266265064494683,0.8753058417961784,3.1605410288212274,0.8223358154296874,-3.406293150202295,1.4212436921874356e-05
P02_Block_4neg_0.120_krea2_seed777_00001_.png,1024,1280,2.799999952316284,2.1467418670654297,0.7666935370086523,0.14465484619140626,49.517367458866545,3829,3.0183634757995605,3.8343071937561035,0.42194999999999994,0.9433149513150257,13.673017914503003,30.33563804626465,3,16.0,6.4729655289688335,17.927937010128456,0.6534771275617248,0.1389503248472962,0.8837100670243483,3.1763679935446314,0.8175941467285155,-3.341723389946347,1.7075827156277427e-05
P02_Block_4neg_0.200_krea2_seed1337_00001_.png,1024,1280,4.0,2.3664462566375732,0.5916115641593933,0.12933425903320311,52.53207313294081,3227,2.809691905975342,3.7251436710357666,0.43429999999999996,0.9488727948412757,13.885345588875166,33.93959426879883,6,14.0,6.553033488200817,21.104940847102704,0.6927555114874655,0.15842983312587045,0.869093274727365,3.0902049834154104,0.8421249389648438,-3.5098678523675497,1.1932554231442785e-05
P02_Block_4neg_0.200_krea2_seed42_00001_.png,1024,1280,4.0,2.1995511054992676,0.5498877763748169,0.12837142944335939,50.848896947718345,3309,2.8333213329315186,3.766115665435791,0.472,0.9382458981116701,13.482195940195544,34.97013854980469,6,14.0,6.828755377080072,20.61636494303523,0.6910386721672213,0.15530850301289217,0.8690830156124745,3.099165402560662,0.8409408569335938,-3.474790786356958,1.2576323841245593e-05
P02_Block_4neg_0.200_krea2_seed777_00001_.png,1024,1280,4.0,2.320211887359619,0.5800529718399048,0.13216094970703124,54.992380952380955,3150,2.828962802886963,3.7514801025390625,0.44535,0.9495372241441276,13.910948597996255,31.795822143554688,4,14.5,6.872942874053297,20.766488452738958,0.6877128994342963,0.1601820114325525,0.8714211149392349,3.112824098357462,0.8401893615722656,-3.459385068005432,1.4778656129512697e-05
P02_Block_4pos_0.020_krea2_seed1337_00001_.png,1024,1280,4.0,2.464787006378174,0.6161967515945435,0.13659133911132812,58.412071778140294,3065,2.927854061126709,3.9187941551208496,0.46875,0.9387323694026964,13.500392790414091,36.32978057861328,4,13.0,6.7250654250359165,20.5931163254197,0.6713071020147042,0.1623897104044999,0.8763982244323127,3.1444768823866642,0.8282485961914063,-3.391682942974637,1.6863405550179357e-05
P02_Block_4pos_0.020_krea2_seed42_00001_.png,1024,1280,4.0,2.317568302154541,0.5793920755386353,0.13520355224609376,56.799358974358974,3120,2.9115800857543945,3.888536214828491,0.45475000000000004,0.944164918312346,13.705277867477617,36.11981964111328,3,14.0,6.693541756622455,19.187749291318916,0.6735946009388032,0.15808684395024777,0.8794862339280964,3.153257500643756,0.8249359130859375,-3.3938495304056326,1.5588903564738767e-05
P02_Block_4pos_0.020_krea2_seed777_00001_.png,1024,1280,2.799999952316284,2.4213473796844482,0.8647669360427676,0.14008407592773436,50.74930901050304,3618,3.0161006450653076,3.932328224182129,0.49855,0.9292816821181341,13.151238170250675,33.80354309082031,3,15.0,6.756111931984253,18.938799585545787,0.6623817553908302,0.15331661274927844,0.8833055658662643,3.17056819207244,0.8171699523925782,-3.3381937480737394,1.7714364311790262e-05
P02_Block_4pos_0.035_krea2_seed1337_00001_.png,1024,1280,4.0,2.6259841918945312,0.6564960479736328,0.13409347534179689,61.454195804195805,2860,2.893193244934082,3.9051787853240967,0.52285,0.9128383563315586,12.565127673578749,37.59510040283203,4,13.0,6.74773295262935,20.88853364071613,0.6777578645156814,0.1665343770225936,0.8758472501048664,3.1336722002775663,0.8306785583496095,-3.41169806478997,1.6717415394632763e-05
P02_Block_4pos_0.035_krea2_seed42_00001_.png,1024,1280,4.0,2.41892671585083,0.6047316789627075,0.13047637939453124,57.65947403910991,2966,2.933581590652466,3.9061739444732666,0.48455,0.9380290408334108,13.474092124877705,37.377174377441406,3,12.0,6.917837451111438,19.13197141760628,0.6812882988458512,0.16146182826055955,0.8806376070673965,3.1504664897288097,0.8248008728027344,-3.407988149737678,1.4625737783733285e-05
P02_Block_4pos_0.035_krea2_seed777_00001_.png,1024,1280,2.799999952316284,2.483036756515503,0.8867988567147741,0.14079666137695312,55.50225563909775,3325,2.973320484161377,3.913022994995117,0.5198499999999999,0.9182086842279714,12.753618592997004,35.50209426879883,3,14.0,6.604884083010087,19.671155044845108,0.664061807882582,0.1559329085886687,0.8825332232252462,3.1659692882770774,0.821881103515625,-3.3343423651689643,1.7945840862390108e-05
P02_Block_4pos_0.050_krea2_seed1337_00001_.png,1024,1280,4.0,2.611989974975586,0.6529974937438965,0.1336700439453125,59.735424480054554,2933,2.8655083179473877,3.9074416160583496,0.48925,0.9336245988876337,13.310551062370491,38.367958068847656,5,12.0,6.809021474301575,20.85395530681884,0.6819582242541855,0.17816778735279135,0.8765174634120185,3.124178739839119,0.8327819824218751,-3.409711609761478,1.6569786585689514e-05
P02_Block_4pos_0.050_krea2_seed42_00001_.png,1024,1280,4.0,2.473942279815674,0.6184855699539185,0.13355941772460939,64.81266197704554,2701,2.900383234024048,3.9204232692718506,0.4709,0.9409721347234944,13.584490379124105,37.07291030883789,3,12.0,6.6779487868656195,19.870710619113183,0.6807425295865446,0.16399641567216935,0.8787594543874313,3.1335118940331235,0.8317466735839844,-3.4114373314251467,1.5125507136436769e-05
P02_Block_4pos_0.050_krea2_seed777_00001_.png,1024,1280,2.799999952316284,2.452584981918335,0.8759232227448603,0.13530426025390624,54.568,3250,2.9576523303985596,3.9355976581573486,0.47459999999999997,0.9372505746162015,13.445041456011301,35.82487487792969,3,13.5,6.765311222515931,19.591386155609044,0.6749268594044291,0.16146878098671594,0.8822277203684266,3.1529707260174487,0.8221206665039062,-3.3581930206388755,1.681599174452706e-05
P02_Block_4pos_0.080_krea2_seed1337_00001_.png,1024,1280,4.0,2.5998501777648926,0.6499625444412231,0.128997802734375,60.493738819320214,2795,2.8737471103668213,3.941541910171509,0.52445,0.9082633346766358,12.40674999014885,40.523860931396484,6,11.0,6.641911904715388,20.11568973971032,0.6926060817652605,0.17678430092438258,0.8846375712526597,3.0829424462527157,0.848468017578125,-3.434670168964142,1.5765717496738742e-05
P02_Block_4pos_0.080_krea2_seed42_00001_.png,1024,1280,4.0,2.5149905681610107,0.6287476420402527,0.12545166015625,67.2523517382413,2445,2.8660173416137695,3.883666753768921,0.532,0.9126477241061807,12.558488195996139,39.902042388916016,5,11.0,6.372472047800603,19.945256116185796,0.6973034613322215,0.17835158862771697,0.8819785423780715,3.10221993543196,0.8385688781738281,-3.441749208837922,1.39252704403063e-05
P02_Block_4pos_0.080_krea2_seed777_00001_.png,1024,1280,2.799999952316284,2.515831232070923,0.8985111696125979,0.1347564697265625,60.05712342740564,2941,2.8873915672302246,3.8556721210479736,0.5076999999999999,0.9204011488485629,12.831381436927614,39.556175231933594,3,12.0,6.6402879032087165,20.81613340632426,0.6850355654457467,0.17132258432048178,0.8800675903956621,3.1227687733715292,0.8332763671875001,-3.399707987626867,1.6419475780184818e-05
P02_Block_4pos_0.120_krea2_seed1337_00001_.png,1024,1280,4.0,2.6602070331573486,0.6650517582893372,0.11761703491210937,66.47822337214316,2319,2.7486953735351562,3.8757481575012207,0.51245,0.910373367898317,12.479545360895893,43.289039611816406,5,10.0,6.2016226455259265,19.68074510648232,0.7224368207842755,0.20742968819773183,0.8961265289767542,3.0208996007017115,0.8600280761718749,-3.519250770084635,1.2259338270854594e-05
P02_Block_4pos_0.120_krea2_seed42_00001_.png,1024,1280,4.0,2.5655198097229004,0.6413799524307251,0.11983413696289062,63.745535714285715,2464,2.751274347305298,3.8261404037475586,0.5029,0.909955863947849,12.465107812024282,43.97544860839844,5,11.0,6.446234850670583,20.034880717959854,0.7197194962372278,0.20046322191740784,0.8893056176524519,3.000876390269457,0.8714973449707031,-3.5029121657795947,1.1771066688685569e-05
P02_Block_4pos_0.120_krea2_seed777_00001_.png,1024,1280,2.799999952316284,2.8021748065948486,1.0007767336841435,0.13144454956054688,66.36633281972264,2596,2.7934303283691406,3.8591043949127197,0.57385,0.8908211110658806,11.82103493472541,40.45893859863281,4,12.0,6.440541626377611,20.19679163728506,0.7082137223430591,0.19515444942572507,0.8918103301315028,3.0417764372937235,0.8612045288085938,-3.428574830416884,1.4494736032767165e-05
P02_Block_4pos_0.200_krea2_seed1337_00001_.png,1024,1280,4.0,2.608436346054077,0.6521090865135193,0.1182281494140625,80.00206504904492,1937,2.5677196979522705,3.8400864601135254,0.51825,0.9044522430385836,12.276343144723345,39.63945007324219,5,13.0,6.514535550405723,15.414675708653515,0.7481238974462666,0.22462142379674746,0.9219303356958484,2.7742598944782055,0.9189651489257813,-3.5412111486702194,8.38926357695643e-06
P02_Block_4pos_0.200_krea2_seed42_00001_.png,1024,1280,4.0,2.426795244216919,0.6066988110542297,0.11704254150390625,97.1564281190627,1579,2.5631682872772217,3.7512662410736084,0.45944999999999997,0.9359857428386021,13.397974177864631,40.80961608886719,5,12.0,6.516250719355417,16.03268983659202,0.749588446050002,0.20784734198505958,0.9100420276350218,2.782503536290908,0.9191871643066406,-3.526070820787724,9.407924346861014e-06
P02_Block_4pos_0.200_krea2_seed777_00001_.png,1024,1280,4.0,2.742509365081787,0.6856273412704468,0.11140594482421876,78.63327948303716,1857,2.6230969429016113,3.8803789615631104,0.5841,0.8792408658065709,11.447522243870937,36.78242492675781,4,12.0,6.678307357462014,14.408627582503055,0.7546894808299681,0.25209163418633584,0.9275350017657341,2.8373909273438698,0.9029281616210938,-3.5267004620415676,9.936433811400167e-06
P02_Block_5neg_0.020_krea2_seed1337_00001_.png,1024,1280,4.0,2.441876173019409,0.6104690432548523,0.14215164184570311,56.495148574893875,3298,2.9165074825286865,3.883974313735962,0.4394,0.9493116050632692,13.902249340326277,35.029449462890625,4,14.0,6.6166077741921505,20.16317812400859,0.6637440317318667,0.152021721595464,0.8749689971857224,3.15149960063302,0.8280540466308595,-3.391147627533504,1.724489760672185e-05
P02_Block_5neg_0.020_krea2_seed42_00001_.png,1024,1280,2.799999952316284,2.240861177444458,0.8003075770021775,0.14291763305664062,51.97697003329634,3604,2.957352638244629,3.9246158599853516,0.49015,0.9317263830270588,13.240682026982256,35.373985290527344,3,14.0,6.696205898678743,19.16316693269917,0.6605065532885784,0.15389542409854903,0.8777042346904114,3.1659295089545556,0.8250160217285156,-3.368538935562064,1.638395695632812e-05
P02_Block_5neg_0.020_krea2_seed777_00001_.png,1024,1280,2.799999952316284,2.336421251296997,0.8344361753878623,0.14662933349609375,52.77045579352004,3642,2.9941353797912598,3.884873867034912,0.48075,0.9402162851729472,13.556051716128716,33.08710479736328,4,16.0,6.405528647779439,18.47465634138579,0.6544938502593727,0.15300688698541992,0.8811990021902905,3.171490930954922,0.8209678649902344,-3.3445677565212817,1.7166999360956644e-05
P02_Block_5neg_0.035_krea2_seed1337_00001_.png,1024,1280,2.799999952316284,2.523314952850342,0.9011839270793357,0.14155044555664062,52.75319874893375,3517,2.93428111076355,3.897477865219116,0.47425,0.9293224441171468,13.152724557978127,34.88678741455078,4,13.0,6.529237187288828,20.038687713146803,0.6665350930352119,0.15048196332172392,0.8756565110901419,3.1534086036567657,0.8233062744140625,-3.3759200773592717,1.7391844041271496e-05
P02_Block_5neg_0.035_krea2_seed42_00001_.png,1024,1280,2.799999952316284,2.3200631141662598,0.8285939834559642,0.143878173828125,50.968648648648646,3700,2.9715371131896973,3.918147087097168,0.45515,0.951958190866994,14.004637769974718,35.006500244140625,5,15.0,6.647356147371675,19.32332522276712,0.6600677630303748,0.15423747708080826,0.8777327820428077,3.1648087711562005,0.8243904113769531,-3.3632469940425005,1.6777813288155295e-05
P02_Block_5neg_0.035_krea2_seed777_00001_.png,1024,1280,2.799999952316284,2.3848843574523926,0.8517444278809757,0.14905624389648436,52.05728750333067,3753,2.979968786239624,3.879748821258545,0.47000000000000003,0.943546717933159,13.681806930679185,32.380126953125,3,16.0,6.701691833969986,18.925873884453907,0.6578348099798585,0.16357238498000165,0.879923667904153,3.1688384141200467,0.8233642578125,-3.352605663101506,1.7451823696143068e-05
P02_Block_5neg_0.050_krea2_seed1337_00001_.png,1024,1280,2.799999952316284,2.3654441833496094,0.8448015084403159,0.14426040649414062,50.92512792889846,3713,2.9417946338653564,3.9050021171569824,0.47109999999999996,0.937157666685535,13.441578520130898,34.952632904052734,4,14.0,6.731711589272462,19.668973950606,0.6634911314890638,0.1517440575787498,0.8752554886143185,3.1565115120744838,0.8260025024414062,-3.377795839182377,1.6917870461402655e-05
P02_Block_5neg_0.050_krea2_seed42_00001_.png,1024,1280,2.799999952316284,2.277233600616455,0.8132977283562546,0.14762725830078124,49.72963248522231,3891,2.951221466064453,3.8922502994537354,0.42435,0.9565067303750854,14.182371835678396,35.583168029785156,3,14.0,6.635316378101349,19.41205593547692,0.6588003535174949,0.15451234558205773,0.8755855185986489,3.1613505642688184,0.8251861572265624,-3.359536402745249,1.7194218119769904e-05
P02_Block_5neg_0.050_krea2_seed777_00001_.png,1024,1280,2.799999952316284,2.3498940467834473,0.8392478881435376,0.15017471313476563,51.27298775722844,3839,2.9687647819519043,3.8883543014526367,0.52315,0.9170692782063596,12.713392155054335,31.551769256591797,3,14.0,6.683585751591322,18.80407830090065,0.6548828820935471,0.15754475558054798,0.8815193940492654,3.170695941840343,0.8186859130859374,-3.3454406468175035,1.7907845805855302e-05
P02_Block_5neg_0.080_krea2_seed1337_00001_.png,1024,1280,2.799999952316284,2.4216866493225098,0.8648881037727101,0.14622344970703124,47.32296296296296,4050,2.912043333053589,3.8858327865600586,0.48275,0.9346599854563269,13.34881657440547,36.549583435058594,3,14.0,6.598173989824761,19.779244679889644,0.6661551315192429,0.16199784563476335,0.8750723792932886,3.144149366141664,0.8283241271972657,-3.3681672705020684,1.7147157395459415e-05
P02_Block_5neg_0.080_krea2_seed42_00001_.png,1024,1280,2.799999952316284,2.2504923343658447,0.8037472759612505,0.15048446655273437,48.89514129895885,4034,2.912853240966797,3.8557486534118652,0.4881,0.9273304921344644,13.080284077821371,34.9640007019043,4,14.0,6.459256802256743,19.733902905271005,0.6573534771382284,0.16224228585616296,0.8726315866159814,3.1568237079478143,0.8266342163085938,-3.346021277658715,1.813229579974807e-05
P02_Block_5neg_0.080_krea2_seed777_00001_.png,1024,1280,2.799999952316284,2.344959259033203,0.8374854639170078,0.1510833740234375,51.0118495620814,3882,2.9172561168670654,3.8970401287078857,0.5267499999999999,0.9174947418948666,12.728398176971453,33.280677795410156,3,14.0,6.706501799682932,19.759312888097956,0.6581299776176766,0.1635987844739364,0.8755480192348826,3.1641349583614184,0.8209060668945312,-3.317036812175145,1.906660784800117e-05
P02_Block_5neg_0.120_krea2_seed1337_00001_.png,1024,1280,2.799999952316284,2.36191987991333,0.8435428286202095,0.15244827270507813,48.46398253698763,4123,2.8122785091400146,3.890692949295044,0.4325,0.9398081349162885,13.540719920005172,37.48600387573242,3,14.0,6.7444061890481946,20.44718347792464,0.6626990587472352,0.1711917516727754,0.8721920816727576,3.132575646631654,0.831720733642578,-3.37408204459689,1.7331408703939043e-05
P02_Block_5neg_0.120_krea2_seed42_00001_.png,1024,1280,2.799999952316284,2.2890119552612305,0.8175042836581687,0.15301055908203126,48.302986512524086,4152,2.8707363605499268,3.8399226665496826,0.4767,0.9415797380748204,13.607394563368528,36.76827621459961,3,14.0,6.679983024745015,20.742228036704088,0.6560445730928499,0.1642056844126899,0.8666422209232876,3.1455167031162086,0.8313606262207032,-3.345210252586233,1.8487594654366253e-05
P02_Block_5neg_0.120_krea2_seed777_00001_.png,1024,1280,2.799999952316284,2.322376251220703,0.8294201038466199,0.158221435546875,52.58215010141988,3944,2.8643901348114014,3.922726631164551,0.5418,0.9101862398199582,12.473072287718917,34.83643341064453,3,14.0,6.916530809408717,20.030732256382457,0.6609806038534802,0.17834556703568646,0.8737009710206265,3.150928951254986,0.8302490234375001,-3.3178666842834432,1.9583435975044225e-05
P02_Block_5neg_0.200_krea2_seed1337_00001_.png,1024,1280,2.799999952316284,2.378955841064453,0.8496271005635109,0.14772415161132812,47.42223855008572,4083,2.7143454551696777,3.8572564125061035,0.52285,0.9150021303932737,12.640735654681986,40.77621078491211,5,13.0,6.7097454863362,20.329571375868493,0.6714275651001493,0.1811418453488529,0.8731845020751894,3.0775191310814423,0.8537628173828125,-3.4496085405752654,1.3950053929443722e-05
P02_Block_5neg_0.200_krea2_seed42_00001_.png,1024,1280,2.799999952316284,2.3526597023010254,0.8402356222737793,0.15688018798828124,49.028612303290416,4194,2.7690038681030273,3.8237502574920654,0.45955,0.9472365152570535,13.822494198220623,41.27114486694336,3,14.0,6.855869292073763,21.126486342279406,0.6561332515876992,0.16865794984951848,0.8630466195634732,3.113076158678825,0.8445655822753907,-3.402041616364982,1.6164570456193594e-05
P02_Block_5neg_0.200_krea2_seed777_00001_.png,1024,1280,2.799999952316284,2.347489356994629,0.8383890703471911,0.16129379272460936,52.08450357230845,4059,2.797257661819458,3.8957512378692627,0.53205,0.9075061612935145,12.380731443261167,38.385257720947266,5,14.0,6.543576359698202,19.730105733062686,0.6571154618963625,0.18301541113259856,0.8733938188806266,3.099625874609822,0.8511573791503906,-3.343164745375488,1.8753466601509947e-05
P02_Block_5pos_0.020_krea2_seed1337_00001_.png,1024,1280,4.0,2.4576711654663086,0.6144177913665771,0.13889007568359374,56.15237507711289,3242,2.9377620220184326,3.893826484680176,0.5245500000000001,0.9107511380073174,12.492623298709088,35.694149017333984,5,14.0,6.536275023885502,20.674653513139617,0.6615045484363851,0.1500844910330296,0.8724702378413577,3.1521106874862848,0.8297859191894532,-3.408949350877784,1.6630572833716806e-05
P02_Block_5pos_0.020_krea2_seed42_00001_.png,1024,1280,4.0,2.2641897201538086,0.5660474300384521,0.1362335205078125,57.918910152448916,3083,2.9681241512298584,3.898491859436035,0.43195000000000006,0.9556092300565114,14.14712430522887,34.69422912597656,4,15.0,6.49857493970859,18.56423913786122,0.6672788572094579,0.1536230732040452,0.8808084742494353,3.162072195710491,0.826507568359375,-3.3988049532768434,1.4538160093978527e-05
P02_Block_5pos_0.020_krea2_seed777_00001_.png,1024,1280,2.799999952316284,2.435687780380249,0.8698885078070591,0.14066925048828124,56.92435937017598,3239,3.0104644298553467,3.9035942554473877,0.4897,0.9300224158755017,13.17827528068668,33.10651397705078,3,15.0,6.867924788614622,18.550405873096132,0.6591928524328026,0.1469594296470306,0.8836633701749422,3.17620780500622,0.8164283752441407,-3.362347698385848,1.6922597402450566e-05
P02_Block_5pos_0.035_krea2_seed1337_00001_.png,1024,1280,4.0,2.509565830230713,0.6273914575576782,0.134844970703125,59.091942494149116,2991,2.9246840476989746,3.9029831886291504,0.48305,0.9336827890478168,13.312698725074606,35.553401947021484,4,13.0,6.559770265603819,20.0518850655256,0.6727366169729183,0.1530222303916135,0.8778635218803916,3.1518029175494626,0.8274169921875,-3.4186634883976152,1.6190994705616373e-05
P02_Block_5pos_0.035_krea2_seed42_00001_.png,1024,1280,4.0,2.1694271564483643,0.5423567891120911,0.13980789184570314,59.13165537270087,3099,2.979404926300049,3.8804409503936768,0.44920000000000004,0.9448181688927341,13.730123294022535,35.12905502319336,4,16.0,6.357900596895173,18.56599897626281,0.6593040456046684,0.1465743206672138,0.8804117949694565,3.1660226097319706,0.8306900024414062,-3.3746214698245818,1.4804593514867001e-05
P02_Block_5pos_0.035_krea2_seed777_00001_.png,1024,1280,4.0,2.4279675483703613,0.6069918870925903,0.14123458862304689,60.123091912958756,3079,3.020739793777466,3.922560453414917,0.45415000000000005,0.9477284665103799,13.841360646870177,34.21735763549805,5,14.0,6.500811367629429,19.990106772158125,0.6487260001817389,0.14507401725410934,0.8753534421545547,3.184982032128555,0.818463134765625,-3.3744690093359266,1.8294220722938487e-05
P02_Block_5pos_0.050_krea2_seed1337_00001_.png,1024,1280,4.0,2.3891518115997314,0.5972879528999329,0.13190460205078125,62.415162454873645,2770,2.8804562091827393,3.872598648071289,0.49145000000000005,0.9258119429402507,13.025327768761713,36.654808044433594,4,13.0,6.515291508251953,20.353451897540904,0.6742686689672007,0.15120309603364884,0.877423636489858,3.1522095585293575,0.8281341552734376,-3.4244179252208333,1.5877589092527953e-05
P02_Block_5pos_0.050_krea2_seed42_00001_.png,1024,1280,4.0,2.2466580867767334,0.5616645216941833,0.1351318359375,58.84385382059801,3010,2.977328300476074,3.888455867767334,0.4313,0.9579606813072822,14.239659317171558,35.01768493652344,4,15.0,6.315591322275374,18.277594583195146,0.6693356776468675,0.1555153073260327,0.8868982789374479,3.1556386014640636,0.8339996337890625,-3.4108238332101064,1.407131808569105e-05
P02_Block_5pos_0.050_krea2_seed777_00001_.png,1024,1280,4.0,2.4860262870788574,0.6215065717697144,0.13832168579101561,63.14907697666318,2871,2.9926483631134033,3.893291711807251,0.4468500000000001,0.9418939312200382,13.6192535154134,33.71628952026367,5,14.0,6.1481534149581964,20.05398143168215,0.6561833673221669,0.14572286291880543,0.8800602962696307,3.176712761842153,0.8243873596191407,-3.3999124096237763,1.7048564509626066e-05
P02_Block_5pos_0.080_krea2_seed1337_00001_.png,1024,1280,4.0,2.4193389415740967,0.6048347353935242,0.12751998901367187,68.22163265306122,2450,2.84826397895813,3.847236394882202,0.45435,0.9366086158752471,13.421132078222808,35.501033782958984,4,13.0,6.61601287011882,20.462221048504706,0.6816813414052225,0.16048219511569234,0.8775106119821761,3.1413891790105852,0.8340667724609375,-3.4986337152780234,1.2684598220528147e-05
P02_Block_5pos_0.080_krea2_seed42_00001_.png,1024,1280,4.0,2.3407087326049805,0.5851771831512451,0.12767181396484376,65.11361867704281,2570,2.9199705123901367,3.811126947402954,0.43975,0.9570881537212738,14.205252934929913,37.40249252319336,3,14.0,6.1680104358275685,18.89234233538101,0.6787310691041003,0.15708770919844434,0.8859665745839409,3.1418987263656186,0.8380126953125,-3.489487506140662,1.194548988926191e-05
P02_Block_5pos_0.080_krea2_seed777_00001_.png,1024,1280,4.0,2.480103015899658,0.6200257539749146,0.13612289428710939,67.89155251141553,2628,2.9495389461517334,3.8622279167175293,0.40954999999999997,0.9555328137198342,14.144127256323888,34.38990783691406,5,15.0,6.186193801522872,19.704067804996722,0.6636855229746372,0.1498401534156789,0.884346647438728,3.1644259301888455,0.8287933349609375,-3.43561560516712,1.4209301841376963e-05
P02_Block_5pos_0.120_krea2_seed1337_00001_.png,1024,1280,4.0,2.5325193405151367,0.6331298351287842,0.12013320922851563,69.42724867724868,2268,2.8179690837860107,3.8308212757110596,0.44505,0.9472227461563371,13.821966520016916,35.515098571777344,4,14.0,6.31408172499966,19.040182527717008,0.6949276165089301,0.16805500151050506,0.8906470165778662,3.116255193428755,0.8430091857910156,-3.597553714484781,8.962228740620744e-06
P02_Block_5pos_0.120_krea2_seed42_00001_.png,1024,1280,4.0,2.5977890491485596,0.6494472622871399,0.11988449096679688,75.91062801932367,2070,2.8873493671417236,3.8210184574127197,0.42100000000000004,0.9602080820471748,14.32866532937962,35.78152847290039,3,14.0,6.444609060098215,18.22076732164009,0.6926441881260856,0.1643516145007837,0.8941385289408245,3.1164210064727054,0.8505950927734374,-3.557560684122782,1.0348418675767713e-05
P02_Block_5pos_0.120_krea2_seed777_00001_.png,1024,1280,4.0,2.5721070766448975,0.6430267691612244,0.12672576904296876,71.44172043010752,2325,2.8788442611694336,3.8587374687194824,0.4383,0.9475488343077989,13.834468725923859,34.71539306640625,3,15.0,6.2856856229054285,19.35167162143726,0.6773380071576477,0.15827762896705216,0.8901391002694238,3.152370179920162,0.8381362915039062,-3.5157057682603825,1.2227614538125572e-05
P02_Block_5pos_0.200_krea2_seed1337_00001_.png,1024,1280,4.0,2.547098159790039,0.6367745399475098,0.10138092041015626,76.36896551724138,1740,2.778395891189575,3.847261667251587,0.40795,0.9577674797096796,14.232033621823852,38.77478790283203,3,14.0,6.741589088449399,15.920405821620166,0.7225323420635201,0.17421265767902044,0.9058352356708768,3.1003224340078153,0.8576499938964843,-3.632122149566312,7.719162533436463e-06
P02_Block_5pos_0.200_krea2_seed42_00001_.png,1024,1280,4.393799781799316,2.451601266860962,0.5579683619213528,0.10825958251953124,84.71522388059701,1675,2.7712604999542236,3.831414222717285,0.46889999999999993,0.9494640931675662,13.908128270492801,36.66173553466797,3,16.0,6.628892441637294,15.935074068500624,0.7120700119404264,0.17862404900406165,0.9056041606350802,3.1016768746847174,0.8620414733886719,-3.633965886432221,8.032999654870999e-06
P02_Block_5pos_0.200_krea2_seed777_00001_.png,1024,1280,4.0,2.7551627159118652,0.6887906789779663,0.1115570068359375,87.55688622754491,1670,2.774324417114258,3.8208320140838623,0.4974,0.9304472634944633,13.193807482511689,39.42158126831055,4,15.0,6.650477182828706,16.50179263445157,0.7091099542993446,0.16658365030887812,0.9061047679570455,3.106874002654744,0.857373046875,-3.587175245592238,9.995881221732577e-06
P02_Block_6neg_0.020_krea2_seed1337_00001_.png,1024,1280,2.799999952316284,2.4057061672210693,0.8591807886392864,0.143212890625,60.689298415777564,3093,2.828138589859009,3.86200213432312,0.5216000000000001,0.9135143549932285,12.588700152150329,35.53456115722656,4,13.0,6.6408884947723665,20.079831071244996,0.6662823189448299,0.16319895478143975,0.8777541482879955,3.1354716939208798,0.8081802368164063,-3.377215347361848,1.678047111490189e-05
P02_Block_6neg_0.020_krea2_seed42_00001_.png,1024,1280,2.799999952316284,2.372164487838745,0.8472016172273094,0.14142227172851562,57.370783039306716,3231,2.903439521789551,3.881756067276001,0.45765,0.9448911265223073,13.732900924892963,35.01301574707031,3,14.0,6.358342149984005,18.472930478792144,0.6651266051220392,0.15327089031688954,0.8849863328388443,3.146866421566572,0.8073440551757812,-3.3864348395601436,1.5296848790273947e-05
P02_Block_6neg_0.020_krea2_seed777_00001_.png,1024,1280,2.799999952316284,2.394542694091797,0.855193833882363,0.1445648193359375,55.550864849017884,3411,2.9266879558563232,3.9005331993103027,0.5055000000000001,0.925976424152098,13.03126917764802,34.30018615722656,4,15.0,6.472699757897693,18.944923326582916,0.6530237200924225,0.14630249363403655,0.8828254666125475,3.161142961486639,0.7976280212402344,-3.340288535709615,1.7331959906762957e-05
P02_Block_6neg_0.035_krea2_seed1337_00001_.png,1024,1280,2.799999952316284,2.422636032104492,0.8652271690577638,0.14121932983398439,61.230234866027125,3023,2.785797357559204,3.8642709255218506,0.4696,0.9392457261587814,13.519621947485236,36.57953643798828,4,13.0,6.606409648023653,19.69622201595621,0.6714301140273209,0.16864267240474468,0.8820159373575238,3.123374949073222,0.7992630004882812,-3.4164833291401333,1.573367141492225e-05
P02_Block_6neg_0.035_krea2_seed42_00001_.png,1024,1280,2.799999952316284,2.402066230773926,0.8578808113145966,0.14199371337890626,55.639461883408075,3345,2.849241018295288,3.8434090614318848,0.45915000000000006,0.9423525226805785,13.636581212560682,35.13825988769531,4,14.0,6.6512551061793825,18.596285476701045,0.6685515569414402,0.159987510781756,0.8873701392857337,3.1282257501642556,0.8001922607421874,-3.385180526490979,1.5217336388639785e-05
P02_Block_6neg_0.035_krea2_seed777_00001_.png,1024,1280,2.799999952316284,2.4351799488067627,0.8697071393848681,0.14439468383789061,56.31091936923535,3361,2.8946726322174072,3.872776985168457,0.49829999999999997,0.920610006799755,12.838813949154055,33.49401092529297,3,14.0,6.535276107022094,18.413872926092786,0.6552908565274855,0.15149857120156324,0.8905403784171821,3.146890175557488,0.7899497985839844,-3.338638328569699,1.790743002128393e-05
P02_Block_6neg_0.050_krea2_seed1337_00001_.png,1024,1280,2.799999952316284,2.4385015964508057,0.8708934421350861,0.140478515625,62.352861496782936,2953,2.783130168914795,3.880905866622925,0.4375,0.9499148306967462,13.925520259760427,35.44076156616211,5,13.0,6.308007299215756,19.315365118383138,0.6732724137143742,0.1638025684224113,0.8860785143965879,3.1225054237385064,0.7938720703125,-3.438386211052064,1.461734798992685e-05
P02_Block_6neg_0.050_krea2_seed42_00001_.png,1024,1280,2.799999952316284,2.3304572105407715,0.8323061607957936,0.14451675415039061,58.66243419015175,3229,2.811070442199707,3.833588123321533,0.4585,0.9421917174255977,13.630502741101576,35.25297164916992,3,14.0,6.526598748817808,18.440086140613268,0.6636163993081684,0.16047145095798976,0.887845021375091,3.1282247071725973,0.7973548889160156,-3.374837326019381,1.5359174438808524e-05
P02_Block_6neg_0.050_krea2_seed777_00001_.png,1024,1280,2.799999952316284,2.4100332260131836,0.8607261668056448,0.14657211303710938,56.17397660818713,3420,2.885080099105835,3.895096778869629,0.49495,0.9287546859171516,13.132036352865567,33.654178619384766,3,15.0,6.519491151543579,18.3016859121056,0.6568702313203858,0.16166730737091262,0.8933846124197018,3.1430077456271435,0.7875083923339844,-3.3471355459600716,1.718100415837179e-05
P02_Block_6neg_0.080_krea2_seed1337_00001_.png,1024,1280,2.799999952316284,2.5555732250213623,0.9127047387651842,0.13943328857421874,62.481367521367524,2925,2.7864527702331543,3.8887579441070557,0.4481,0.935860472061528,13.393321543309225,36.69224166870117,6,14.0,6.237725175716738,17.79593740184358,0.6685092568776663,0.16316239373889305,0.8992182111319607,3.1338034365984497,0.7976654052734375,-3.4314677622590053,1.4652468634885987e-05
P02_Block_6neg_0.080_krea2_seed42_00001_.png,1024,1280,2.799999952316284,2.285391330718994,0.8162112034424919,0.14864883422851563,60.43331265508685,3224,2.809302806854248,3.8383538722991943,0.452,0.9448775516902495,13.732384063573654,36.055179595947266,5,15.0,6.351530914125645,18.074971724209085,0.6540294784596098,0.1564809355242377,0.8940319383161159,3.1319928859218757,0.8027076721191406,-3.372780966302709,1.5506320560547762e-05
P02_Block_6neg_0.080_krea2_seed777_00001_.png,1024,1280,2.799999952316284,2.4250752925872803,0.8660983335307383,0.14882354736328124,55.796910755148744,3496,2.8952417373657227,3.884686231613159,0.42705000000000004,0.9505306545225626,13.949317367943438,34.389461517333984,2,16.0,6.375263597491479,17.467903992841592,0.6556290474716516,0.16328104068525673,0.9012660541753775,3.1455235273193156,0.7925514221191405,-3.361603584871818,1.6345931541764537e-05
P02_Block_6neg_0.120_krea2_seed1337_00001_.png,1024,1280,2.799999952316284,2.383406162261963,0.8512165010182602,0.14972152709960937,57.14705882352941,3434,2.9369266033172607,3.9269843101501465,0.4266,0.953789484802523,14.075926094086034,38.6557731628418,4,17.0,6.3158853251019345,17.138063153887558,0.6461749432494853,0.1764447041133873,0.90670588251566,3.1583569526503683,0.8209182739257813,-3.417122717124937,1.444320966846433e-05
P02_Block_6neg_0.120_krea2_seed42_00001_.png,1024,1280,2.799999952316284,2.2721433639526367,0.8114797866596458,0.15398025512695312,52.151162790697676,3870,2.9560108184814453,3.879546642303467,0.41245000000000004,0.9589854696507599,14.280176231054078,37.15091323852539,3,17.0,6.211019989036656,16.986236929030827,0.6343235816560326,0.16530587254022727,0.9049802811348091,3.1555353103148858,0.8246612548828126,-3.3824922131903215,1.4436264394556598e-05
P02_Block_6neg_0.120_krea2_seed777_00001_.png,1024,1280,2.799999952316284,2.4094202518463135,0.8605072474566059,0.15382537841796876,54.054155495978556,3730,2.9986629486083984,3.9320173263549805,0.42594999999999994,0.9491223534517935,13.894956508880012,34.644596099853516,3,17.0,6.092340349775282,16.367443421648126,0.6404465543637802,0.17960789823262158,0.9142822589257488,3.163010184216119,0.8142982482910157,-3.356671288127662,1.6713717871194625e-05
P02_Block_6neg_0.200_krea2_seed1337_00001_.png,1024,1280,2.799999952316284,2.2537918090820312,0.8049256598085277,0.16388473510742188,35.05908274849029,6127,3.3891377449035645,4.080216884613037,0.50185,0.9226318274864,12.910986294666916,40.24716567993164,3,21.0,5.2999852594134635,14.083619890861435,0.6107739649409453,0.17397021207162625,0.9336507538659888,3.162364520318583,0.881048583984375,-3.37856411628656,1.1998415469947863e-05
P02_Block_6neg_0.200_krea2_seed42_00001_.png,1024,1280,2.799999952316284,1.8528825044631958,0.6617437628634276,0.17889633178710937,32.24907165451795,7271,3.4065756797790527,4.034006595611572,0.42805,0.949386748081714,13.905146046224132,39.392486572265625,2,21.0,5.2863190651738075,15.368098265160034,0.5805974318833079,0.1601011549588685,0.9239780664853148,3.17947744117378,0.8759292602539062,-3.301039112530559,1.5313221944389893e-05
P02_Block_6neg_0.200_krea2_seed777_00001_.png,1024,1280,2.0,2.0872771739959717,1.0436385869979858,0.17277069091796876,33.16063845365353,6829,3.439479351043701,4.0965118408203125,0.5041,0.9295459804690942,13.160878806170043,33.90290451049805,2,22.0,5.546728036850834,13.562404722364414,0.6015363199897806,0.18289907675851189,0.9364432687022413,3.1642240809282676,0.8737342834472657,-3.2801793175085905,1.630851262819968e-05
P02_Block_6pos_0.020_krea2_seed1337_00001_.png,1024,1280,4.0,2.551849365234375,0.6379623413085938,0.13743972778320312,56.10246029274369,3211,2.9834349155426025,3.902973175048828,0.51145,0.9196771963964309,12.805651831788863,35.27979278564453,3,13.0,6.266867115034433,20.50471580311948,0.6641952279654075,0.15977726596686323,0.8697519042830482,3.1517899653303014,0.8519920349121095,-3.392458182309266,1.72425008214879e-05
P02_Block_6pos_0.020_krea2_seed42_00001_.png,1024,1280,4.0,2.197643280029297,0.5494108200073242,0.13964767456054689,53.645662368112546,3412,3.0946285724639893,3.9784014225006104,0.46554999999999996,0.9429871754795965,13.660597690104144,33.785316467285156,4,15.0,6.551175433820535,18.828228644480287,0.6572354208629771,0.1444964830531436,0.8759864788679023,3.170793044306347,0.8470169067382813,-3.3484258827940914,1.651263281718572e-05
P02_Block_6pos_0.020_krea2_seed777_00001_.png,1024,1280,2.799999952316284,2.3747735023498535,0.8481334081400022,0.14585800170898439,50.53634681469733,3783,3.0927655696868896,3.9370131492614746,0.4974,0.9215246060749889,12.871412025359263,33.25603485107422,3,16.0,6.625591440656409,18.795243231101352,0.6454376844793326,0.1479252587460378,0.8755615640433543,3.1862794378251116,0.8390983581542968,-3.336027830767523,1.7842365470217528e-05
P02_Block_6pos_0.035_krea2_seed1337_00001_.png,1024,1280,4.0,2.392141103744507,0.5980352759361267,0.1400177001953125,54.04122497055359,3396,3.0732316970825195,3.921071767807007,0.4845,0.9375359842881839,13.455685045832753,34.526668548583984,4,16.0,6.6820538571609855,20.122402757366228,0.6573908766631157,0.16077340353569203,0.8666815124838911,3.1468695703032554,0.8678977966308593,-3.379801344227424,1.724520636221512e-05
P02_Block_6pos_0.035_krea2_seed42_00001_.png,1024,1280,4.0,2.294982671737671,0.5737456679344177,0.137860107421875,50.50195640022359,3578,3.125004768371582,3.9415838718414307,0.4514500000000001,0.9473691142800833,13.827576869561527,34.090606689453125,3,17.0,6.197659988346978,18.534065592570272,0.6557303158884964,0.14447046483932557,0.8770741788160856,3.155665647405494,0.8682701110839844,-3.3859233526616586,1.5476735198708938e-05
P02_Block_6pos_0.035_krea2_seed777_00001_.png,1024,1280,2.799999952316284,2.384192943572998,0.8514974943484153,0.14702529907226564,49.42523724031803,3899,3.122199535369873,3.916084051132202,0.4582,0.941107819589897,13.589601803117914,32.729190826416016,5,17.0,6.573724266318206,19.72219749685217,0.6413653626333332,0.14824643736259357,0.865773647566914,3.1732317032757624,0.8587112426757812,-3.3271718467308116,1.83855888723046e-05
P02_Block_6pos_0.050_krea2_seed1337_00001_.png,1024,1280,4.0,2.3844876289367676,0.5961219072341919,0.138348388671875,51.41366600510349,3527,3.0996553897857666,3.9265761375427246,0.48015,0.9391767989092378,13.5170385011115,33.930091857910156,4,16.0,6.523917995551336,20.966311058165978,0.6526776773067118,0.15665919335384032,0.8602399696613021,3.120552439581769,0.8844589233398439,-3.3917216347489814,1.775595297991286e-05
P02_Block_6pos_0.050_krea2_seed42_00001_.png,1024,1280,4.0,2.311506986618042,0.5778767466545105,0.13879928588867188,49.99367958230283,3639,3.165731191635132,3.954575538635254,0.44909999999999994,0.9518802701186257,14.001612504190872,33.624053955078125,3,16.0,6.180677551854651,18.69272089650098,0.6511911313825891,0.14460621941965854,0.8754812510751632,3.12328829365113,0.8863357543945313,-3.382866433900018,1.6061098067148712e-05
P02_Block_6pos_0.050_krea2_seed777_00001_.png,1024,1280,4.0,2.2841696739196777,0.5710424184799194,0.14846572875976563,47.42797952717524,4103,3.1962697505950928,3.9503254890441895,0.47325000000000006,0.9379215516328682,13.470077129180234,32.38189697265625,4,17.0,6.593080471631145,20.207803602030907,0.6296677048117445,0.14087918181383763,0.862837550105161,3.1440448144599547,0.8777999877929688,-3.3419169368649464,1.915248000594983e-05
P02_Block_6pos_0.080_krea2_seed1337_00001_.png,1024,1280,4.0,2.4077255725860596,0.6019313931465149,0.13714752197265626,50.00333796940195,3595,3.2405800819396973,3.990370273590088,0.46385000000000004,0.9438009282805928,13.691453551166811,33.6298828125,4,16.0,6.379469451777928,20.40650048894873,0.6390306711774092,0.13887513194732273,0.86092147998162,3.048400711846553,0.9121315002441408,-3.373331720572052,1.787069805515054e-05
P02_Block_6pos_0.080_krea2_seed42_00001_.png,1024,1280,4.0,2.151313066482544,0.537828266620636,0.14030838012695312,47.33719433719434,3885,3.288851022720337,3.994309425354004,0.44235,0.9441385371636769,13.70427544426266,33.1563835144043,4,18.0,6.1712068060881355,18.286904523857245,0.6367432126746222,0.13660695047662763,0.8725301688554102,3.0534807763463205,0.91361083984375,-3.3624693535962806,1.5898525235773063e-05
P02_Block_6pos_0.080_krea2_seed777_00001_.png,1024,1280,4.0,2.1807284355163574,0.5451821088790894,0.1518646240234375,47.711409395973156,4172,3.3286170959472656,3.993389368057251,0.42245000000000005,0.9556719326176609,14.149583974149136,31.298076629638672,3,19.0,6.086012574799815,19.409348624488814,0.6080726580181386,0.1258695441504838,0.8635183199578678,3.0459850294148794,0.9141502380371093,-3.3784295458508247,1.767542607101864e-05
P02_Block_6pos_0.120_krea2_seed1337_00001_.png,1024,1280,4.0,2.2782182693481445,0.5695545673370361,0.14239730834960937,47.31128010139417,3945,3.436401605606079,4.041038513183594,0.4397,0.9489063509410506,13.886637503532818,33.47553634643555,3,19.0,6.163094292477561,20.109020560224,0.6045790923153965,0.12411009632331702,0.8552566782919903,2.883697465538024,0.9404754638671874,-3.436281590082504,1.578218382901377e-05
P02_Block_6pos_0.120_krea2_seed42_00001_.png,1024,1280,4.0,2.1026573181152344,0.5256643295288086,0.15016632080078124,44.32019815356902,4441,3.4599506855010986,4.043560981750488,0.40945,0.9584663434155769,14.259637221862294,32.46087646484375,3,20.0,5.748374773696124,18.104186123528976,0.5993659767717622,0.11561634138869553,0.8640485742571182,2.9140856593790856,0.9379478454589845,-3.380619140248761,1.4906324060348731e-05
P02_Block_6pos_0.120_krea2_seed777_00001_.png,1024,1280,4.0,2.097043752670288,0.524260938167572,0.158538818359375,45.440629783511916,4573,3.4970486164093018,4.043425559997559,0.38595,0.967421011417489,14.618101447163117,30.92462730407715,3,20.0,5.597119945077734,19.104056467091016,0.5782618591012401,0.11159857772176476,0.8595508486563576,2.873952493085672,0.9408409118652344,-3.4149686512693442,1.6814797549828614e-05
P02_Block_6pos_0.200_krea2_seed1337_00001_.png,1024,1280,4.0,2.0862913131713867,0.5215728282928467,0.16471328735351562,41.06771923150085,5257,3.7627408504486084,4.070627212524414,0.3779,0.9729595859067216,14.844312200535215,32.041709899902344,3,21.0,5.1155957532054055,17.066551969280777,0.5371851312561273,0.09354514997008473,0.8556036438265855,2.628203309901032,0.9602043151855468,-3.4969764759537156,1.3192212102680475e-05
P02_Block_6pos_0.200_krea2_seed42_00001_.png,1024,1280,4.0,1.931820273399353,0.48295506834983826,0.16826019287109376,39.460010735373054,5589,3.7901878356933594,4.077689170837402,0.36360000000000003,0.9805073387465705,15.15822955588845,31.404281616210938,3,22.0,4.583873912316548,15.468493365246388,0.5406083334892282,0.09470774126998283,0.8657047206454889,2.6496635604557977,0.9594596862792968,-3.4805160050203843,1.221088432527687e-05
P02_Block_6pos_0.200_krea2_seed777_00001_.png,1024,1280,4.0,1.9508084058761597,0.4877021014690399,0.17500076293945313,41.26227738801943,5559,3.7498881816864014,4.064699649810791,0.3364,0.9786200272456463,15.079117669670971,29.30261993408203,3,22.0,4.812442240059539,17.01519613286854,0.5315190265564868,0.09422853808764932,0.853168106998879,2.670955040896796,0.9567871093750001,-3.4151739028489807,1.5885207485684695e-05
P02_Projectionneg_0.050_krea2_seed1337_00001_.png,1024,1280,4.0,2.421905994415283,0.6054764986038208,0.139520263671875,54.58865671641791,3350,3.1118016242980957,3.9233429431915283,0.4686,0.9380292727190489,13.474100787691029,35.0033073425293,4,16.0,6.702370614056401,18.280120827527238,0.6535566614587177,0.15417595957224206,0.8750553375892114,3.146556410502548,0.8708641052246094,-3.431143148938869,1.5254025384204172e-05
P02_Projectionneg_0.050_krea2_seed42_00001_.png,1024,1280,2.799999952316284,2.225627899169922,0.7948671203829071,0.14298629760742188,53.70057306590258,3490,3.180155038833618,3.931802272796631,0.42555000000000004,0.9637207123882379,14.468895082790327,33.666961669921875,5,17.0,6.300865484755014,17.07879200668579,0.6508638841589486,0.14661086465412704,0.8752871494103109,3.159363632324952,0.8678863525390625,-3.373092858260889,1.560171619269271e-05
P02_Projectionneg_0.050_krea2_seed777_00001_.png,1024,1280,2.799999952316284,2.2781789302825928,0.8136353460999105,0.14618377685546874,50.053814002089865,3828,3.2228927612304688,3.9620707035064697,0.43284999999999996,0.9542574342111168,14.094200492837798,33.218231201171875,3,17.0,6.187906843388647,17.269036514859724,0.6341130476356678,0.13718053563224025,0.8751832603760312,3.17904286993378,0.8593658447265626,-3.37261817836707,1.7361696936541984e-05
P02_Projectionpos_0.050_krea2_seed1337_00001_.png,1024,1280,2.799999952316284,2.437380075454712,0.8704928989153743,0.141131591796875,58.63201267828843,3155,2.755897045135498,3.8658554553985596,0.5116,0.9229616762436069,12.922799243652449,35.33326721191406,5,12.0,6.4746642531076395,22.830288547856938,0.6780494957470685,0.16993007185215891,0.8712493961597093,3.1086644514123862,0.8022789001464844,-3.384364044641457,1.7769186423100703e-05
P02_Projectionpos_0.050_krea2_seed42_00001_.png,1024,1280,4.0,2.4107937812805176,0.6026984453201294,0.13864212036132811,57.76255562619199,3146,2.800266981124878,3.8619678020477295,0.4599500000000001,0.9470374385003287,13.814866867551583,36.34642028808594,5,14.0,6.522482272877405,20.8592552316659,0.6759501213296855,0.17268776840881517,0.8794120997037314,3.124061173833218,0.8015716552734375,-3.3826748702268112,1.605969478921115e-05
P02_Projectionpos_0.050_krea2_seed777_00001_.png,1024,1280,2.799999952316284,2.5329599380493164,0.90462856470906,0.14232711791992186,55.57074769139113,3357,2.836028575897217,3.8291587829589844,0.5184,0.9215568712841435,12.872563529636547,34.04928207397461,4,14.0,6.621363161878026,21.141393989758626,0.6689202309947908,0.16845213949500565,0.8804423155514138,3.1377306371748164,0.7924232482910156,-3.34745400758431,1.791348729814015e-05
P02_Text_Fusionneg_0.050_krea2_seed1337_00001_.png,1024,1280,4.0,2.353635549545288,0.588408887386322,0.13609695434570312,54.87080898185174,3251,2.9570820331573486,3.9130303859710693,0.47175,0.9362003375544926,13.405948115192368,34.47679138183594,5,14.0,6.506328092240873,19.53895740121787,0.6700117201504547,0.1545390928398757,0.8777677063693217,3.1581863519009676,0.8211898803710938,-3.386130989420297,1.6659750857608922e-05
P02_Text_Fusionneg_0.050_krea2_seed42_00001_.png,1024,1280,2.799999952316284,2.267500877380371,0.8098217557127434,0.139825439453125,55.96091603053435,3275,2.9767353534698486,3.8847010135650635,0.43270000000000003,0.9557175769843451,14.151374760558829,34.25978469848633,4,15.0,6.6288727459651255,18.752452845914718,0.6639670216851117,0.15135161347401832,0.8780300571277948,3.1688610228904577,0.8226417541503905,-3.3930091230514625,1.5149039735413651e-05
P02_Text_Fusionneg_0.050_krea2_seed777_00001_.png,1024,1280,2.799999952316284,2.4041199684143066,0.8586142890557952,0.14695053100585936,53.134068965517244,3625,3.008146047592163,3.903085470199585,0.48619999999999997,0.9397174683260325,13.537316465848305,32.906375885009766,5,16.0,6.592028803790226,18.020996823364438,0.6512999120998945,0.1452968614622699,0.8852728421499807,3.177772797660387,0.8213233947753906,-3.3542848792779374,1.6826209492096506e-05
P02_Text_Fusionpos_0.050_krea2_seed1337_00001_.png,1024,1280,4.0,2.4461209774017334,0.6115302443504333,0.13713531494140624,61.367702287470124,2929,2.873453140258789,3.8623392581939697,0.4858,0.9303796975516834,13.191336084129185,35.55265808105469,5,13.0,6.5502483612260365,19.76115163696883,0.6681674419939849,0.15921802971989202,0.8796221921398647,3.149191937496776,0.8255752563476563,-3.4059856959658434,1.618211753950744e-05
P02_Text_Fusionpos_0.050_krea2_seed42_00001_.png,1024,1280,4.0,2.324887275695801,0.5812218189239502,0.139794921875,55.55852031534263,3298,2.920245885848999,3.858513832092285,0.4769,0.9406911583919586,13.573911750102111,34.28951644897461,4,14.0,6.427767472470219,19.319226107284866,0.6631032390751902,0.1492327934123225,0.877827231025378,3.1613987078575256,0.8240318298339844,-3.366726040490592,1.623567475954594e-05
P02_Text_Fusionpos_0.050_krea2_seed777_00001_.png,1024,1280,4.0,2.3634958267211914,0.5908739566802979,0.14925537109375,59.12118464792989,3309,2.9526102542877197,3.8519856929779053,0.48120000000000007,0.9353552080035367,13.374572116743847,34.01312255859375,3,14.0,6.426768733538782,20.918638158384773,0.644406591174264,0.15427976982310743,0.8704050125160255,3.1716953277798527,0.8261894226074219,-3.3265982478697596,1.97511043958371e-05
P02_Time_Embedneg_0.050_krea2_seed1337_00001_.png,1024,1280,2.799999952316284,2.3254168033599854,0.8305060153434279,0.15710067749023438,55.04276931301791,3741,3.0164413452148438,3.8979687690734863,0.47640000000000005,0.9378703397718913,13.468164656409664,35.85755920410156,3,16.0,6.49366664560317,18.646834533894975,0.6352775811789542,0.14814891942138206,0.8848280561543523,3.143511026591795,0.8676681518554688,-3.4311678285416476,1.4919773904164117e-05
P02_Time_Embedneg_0.050_krea2_seed42_00001_.png,1024,1280,2.799999952316284,2.1690120697021484,0.7746471809429302,0.15855331420898439,53.327944572748265,3897,3.0255465507507324,3.8620734214782715,0.42215,0.9534552672268817,14.062888708463658,34.0372200012207,4,17.0,6.099366770411499,18.436461101453787,0.6301278817858358,0.15503331506600515,0.8825617238056387,3.1487533219724346,0.8658638000488281,-3.4568214521176746,1.2536361452141289e-05
P02_Time_Embedneg_0.050_krea2_seed777_00001_.png,1024,1280,2.799999952316284,2.3365321159362793,0.834475769902566,0.16402053833007812,51.28458969465649,4192,3.1241819858551025,3.919891357421875,0.44055,0.9401192521693348,13.552405186673552,32.490657806396484,4,17.0,6.093733974337902,17.727671241027547,0.6237498843534321,0.1528911271427576,0.8929780551622777,3.1620201516346222,0.8610305786132812,-3.4190455834848374,1.5684633059732634e-05
P02_Time_Embedpos_0.050_krea2_seed1337_00001_.png,1024,1280,4.0,2.3691585063934326,0.5922896265983582,0.13514480590820313,55.87917981072555,3170,3.048675060272217,3.9079325199127197,0.44329999999999997,0.9464081773468366,13.790785326208956,36.767478942871094,4,16.0,6.679847373817759,20.27725012817106,0.6540255808131278,0.14007532954773072,0.8670413625218598,3.1665935719223324,0.8521217346191406,-3.4298227881992243,1.5887323582997317e-05
P02_Time_Embedpos_0.050_krea2_seed42_00001_.png,1024,1280,4.0,2.181472063064575,0.5453680157661438,0.14021072387695313,54.51705725304064,3371,3.1237964630126953,3.9112608432769775,0.43305,0.9456204414004723,13.760698184166682,35.739952087402344,3,17.0,6.55183876689911,19.320014246976278,0.6502485695502197,0.1406009968154183,0.8667875197551436,3.1776370246815686,0.8479888916015625,-3.379605023174762,1.58440324983897e-05
P02_Time_Embedpos_0.050_krea2_seed777_00001_.png,1024,1280,4.0,2.3747506141662598,0.5936876535415649,0.14057159423828125,56.0882800608828,3285,3.1379332542419434,3.9181361198425293,0.4739,0.9420689083316863,13.62586235713432,34.17622756958008,3,16.0,6.466096194768525,20.752313971708304,0.6384582998393166,0.13616675411161258,0.8604685780156716,3.185608102265783,0.8469062805175781,-3.4093207292181886,1.6681264691871464e-05
P02_baseline_krea2_seed1337_00001_.png,1024,1280,4.0,2.462035655975342,0.6155089139938354,0.14220962524414063,58.39505012531328,3192,2.9007415771484375,3.870703935623169,0.47609999999999997,0.9348557762204033,13.356064910157443,34.81697463989258,4,14.0,6.494859618761304,20.588160062797826,0.6625372742334483,0.15273527028569342,0.8724186965166456,3.1502471215318906,0.8285659790039063,-3.3991213704670877,1.704007000344781e-05
P02_baseline_krea2_seed42_00001_.png,1024,1280,4.0,2.237377405166626,0.5593443512916565,0.14180145263671876,55.02131438721137,3378,2.975520610809326,3.9067251682281494,0.4605,0.9429495396655249,13.659172299770434,34.61689758300781,4,14.0,6.22289673303358,18.703176422833977,0.6584624293311854,0.1499720504532407,0.8807476677422359,3.167759077688286,0.8249343872070313,-3.364189576323653,1.5844610251777472e-05
P02_baseline_krea2_seed777_00001_.png,1024,1280,2.799999952316284,2.3000831604003906,0.8214582855609193,0.14732131958007813,52.31563261988621,3691,3.014857769012451,3.8983075618743896,0.46409999999999996,0.9418459148657471,13.61744051029304,32.2347526550293,4,16.0,6.394802908573365,18.666817153134566,0.6486982589366186,0.14715410599022025,0.8782712653970297,3.1836265031007014,0.8176795959472657,-3.3235011468482765,1.7721806898281002e-05
