file,width_px,height_px,stroke_width_median_px,stroke_width_std_px,stroke_width_cv,edge_density,contour_mean_length_px,contour_n_components,crosshatch_entropy_mean,crosshatch_entropy_p90,color_top4_cluster_share,color_cluster_entropy_norm,color_n_effective,colorfulness_hs,luminance_hist_n_peaks,shadow_edge_transition_width_px,shadow_edge_transition_width_std,glcm_contrast,glcm_homogeneity,glcm_energy,glcm_correlation,lbp_entropy,lbp_uniform_share,fft_radial_slope,fft_high_freq_share,condition,prompt_dir,prompt_sha1,seed,rel_path,source_manifest
P0_empty_baseline_seed42_00001_.png,1024,1280,5.599999904632568,2.5597240924835205,0.45709359572774333,0.01996307373046875,117.33632286995515,223,3.1592345237731934,3.5191268920898438,0.8612500000000001,0.4275377209604918,3.271950412321382,16.76862335205078,2,17.0,7.9207457359605575,1.5570991357319002,0.9402243826809409,0.743814201796723,0.9821975365850697,1.8820725759337544,0.9490371704101562,-3.746685927576642,9.044841296943149e-07,baseline,P0,da39a3ee5e,42,renders/P0_empty_baseline_seed42_00001_.png,stage8_images.csv
P0_empty_baseline_seed777_00001_.png,1024,1280,4.393799781799316,2.542480945587158,0.5786519804837307,0.04605941772460938,169.1064425770308,357,2.539764881134033,3.361755132675171,0.6211500000000001,0.8090253796214232,9.422445325018435,28.24881935119629,5,12.0,7.390933141517494,4.865197719924816,0.8513558298152213,0.25245627096972134,0.9821933920877743,2.2850489547679302,0.9352371215820312,-3.8130981671482482,2.3125660585759515e-06,baseline,P0,da39a3ee5e,777,renders/P0_empty_baseline_seed777_00001_.png,stage8_images.csv
P0_empty_baseline_seed1337_00001_.png,1024,1280,4.393799781799316,2.9624860286712646,0.6742423814901483,0.055593109130859374,49.16801619433198,1482,2.522698402404785,3.406121015548706,0.533,0.8881576542861028,11.734062018354239,48.26162338256836,5,15.0,7.405409644389387,6.6245719521554145,0.8360409111003763,0.20820497123343032,0.9650799848379886,2.4802964988176823,0.9229232788085937,-3.5365627041247234,3.777185924740244e-06,baseline,P0,da39a3ee5e,1337,renders/P0_empty_baseline_seed1337_00001_.png,stage8_images.csv
P0_empty_baseline_seed9999_00001_.png,1024,1280,4.0,2.9864535331726074,0.7466133832931519,0.02635040283203125,45.444736842105264,760,2.8462486267089844,3.384229898452759,0.8699,0.5357572130959697,4.416883720799324,11.467399597167969,2,12.0,7.3482249089754665,7.130133948858477,0.8797609136816456,0.40002166454269195,0.9727971310145715,1.7408812010259922,0.9587844848632813,-3.74543612155626,1.415552413852559e-06,baseline,P0,da39a3ee5e,9999,renders/P0_empty_baseline_seed9999_00001_.png,stage8_images.csv
P0_empty_baseline_seed4242145_00001_.png,1024,1280,2.799999952316284,1.8421519994735718,0.6579114395875836,0.09353866577148437,68.99437253798537,1777,3.2436957359313965,4.064694404602051,0.41035,0.9566024704258024,14.186137014573676,18.87351417541504,3,21.0,5.347443821618704,3.62246012223939,0.7307190849428489,0.14798200784106816,0.9763027195920491,3.1525823027655395,0.8386642456054687,-3.6950277331872794,3.7765722465272826e-06,baseline,P0,da39a3ee5e,4242145,renders/P0_empty_baseline_seed4242145_00001_.png,stage8_images.csv
P0_empty_preset_pos_seed42_00001_.png,1024,1280,6.0,2.407505989074707,0.40125099817911786,0.0089111328125,197.96610169491527,59,2.7481491565704346,3.332789421081543,0.8084000000000001,0.5077694827932946,4.087101100993761,30.198890686035156,4,5.0,5.808687662673213,0.8766070012562639,0.9598664024025793,0.662917473785323,0.9884539120486108,1.62888638857169,0.9373634338378907,-4.16704790636014,2.113356753357294e-07,preset_pos,P0,da39a3ee5e,42,renders/P0_empty_preset_pos_seed42_00001_.png,stage8_images.csv
P0_empty_preset_pos_seed777_00001_.png,1024,1280,5.599999904632568,2.7720842361450195,0.49501505059880957,0.03482894897460938,174.24045801526717,262,2.2750773429870605,3.2723963260650635,0.65145,0.7985109825048704,9.151726451175827,18.710752487182617,4,14.0,6.8325692691035345,3.7292081640981416,0.897344935697986,0.36813552870064337,0.9857927289553885,2.2620941976358067,0.9138244628906249,-3.848403705458299,1.949648862319975e-06,preset_pos,P0,da39a3ee5e,777,renders/P0_empty_preset_pos_seed777_00001_.png,stage8_images.csv
P0_empty_preset_pos_seed1337_00001_.png,1024,1280,5.599999904632568,2.8948686122894287,0.5169408324265622,0.03430938720703125,84.53007518796993,532,2.3240835666656494,3.3394012451171875,0.6431,0.8224346779941163,9.77935091256071,60.38029861450195,5,13.0,7.801667352848875,4.148369219673343,0.898710775951622,0.32856474477391706,0.9807004373107304,2.0265107227756625,0.9530509948730469,-3.9235802343779667,1.5550743353421078e-06,preset_pos,P0,da39a3ee5e,1337,renders/P0_empty_preset_pos_seed1337_00001_.png,stage8_images.csv
P0_empty_preset_pos_seed9999_00001_.png,1024,1280,5.599999904632568,3.324274778366089,0.5936205062460985,0.021292877197265626,71.56153846153846,390,2.301547050476074,3.2644155025482178,0.79875,0.5912318409358633,5.151267157487282,12.591294288635254,1,12.0,7.664974530779922,4.319151692967326,0.9437011764919745,0.6055576529394487,0.9815706329649074,1.200612471748545,0.9750473022460938,-3.806687509292494,1.0765448882714878e-06,preset_pos,P0,da39a3ee5e,9999,renders/P0_empty_preset_pos_seed9999_00001_.png,stage8_images.csv
P0_empty_preset_pos_seed4242145_00001_.png,1024,1280,4.0,2.326324939727783,0.5815812349319458,0.0331085205078125,185.45299145299145,234,3.0015807151794434,3.784696102142334,0.4424,0.9486643153578298,13.87732179142757,50.300777435302734,4,11.0,6.447191418611182,1.3604558743882538,0.8687306719779333,0.18064443400324887,0.9896437941218712,2.955546088741746,0.8124252319335938,-3.7853244726711694,1.665308370291615e-06,preset_pos,P0,da39a3ee5e,4242145,renders/P0_empty_preset_pos_seed4242145_00001_.png,stage8_images.csv
P0_empty_blockshuf_neg_seed42_00001_.png,1024,1280,5.599999904632568,2.3836448192596436,0.4256508678308703,0.0200592041015625,147.7078651685393,178,3.142967462539673,3.4391672611236572,0.8676,0.42627903581675025,3.260551807740464,28.11322021484375,3,15.0,7.15345014445334,1.1930642535710927,0.9503662981492368,0.7442795761236178,0.982107755446564,1.7771754282503132,0.9526260375976563,-3.735751517528062,7.728769119354669e-07,blockshuf_neg,P0,da39a3ee5e,42,renders/P0_empty_blockshuf_neg_seed42_00001_.png,stage8_images.csv
P0_empty_blockshuf_neg_seed777_00001_.png,1024,1280,4.393799781799316,2.9498796463012695,0.671373251580721,0.03600006103515625,64.02442333785618,737,2.5132944583892822,3.373401165008545,0.64935,0.7670620310641342,8.38754222520493,53.075565338134766,4,14.0,7.91728253750388,5.827001653104201,0.8754779166216735,0.28018215619247655,0.9787218823240749,2.0171135738383987,0.9511405944824219,-3.651260149276889,2.9138017569023154e-06,blockshuf_neg,P0,da39a3ee5e,777,renders/P0_empty_blockshuf_neg_seed777_00001_.png,stage8_images.csv
P0_empty_blockshuf_neg_seed1337_00001_.png,1024,1280,4.393799781799316,3.2608835697174072,0.7421557038682437,0.044976806640625,60.46358974358974,975,2.4114856719970703,3.3738303184509277,0.69615,0.7794843536012174,8.681458356290408,49.037315368652344,6,11.0,7.864830174335952,8.435705521936669,0.8676676748374419,0.28623380765557604,0.9633196280233207,2.049756722186441,0.9546905517578126,-3.4502786579278073,5.1891208190917525e-06,blockshuf_neg,P0,da39a3ee5e,1337,renders/P0_empty_blockshuf_neg_seed1337_00001_.png,stage8_images.csv
P0_empty_blockshuf_neg_seed9999_00001_.png,1024,1280,5.599999904632568,2.856680154800415,0.5101214649016766,0.02049560546875,80.91566265060241,332,2.9165396690368652,3.3810501098632812,0.84745,0.5279372370055848,4.322149419687033,11.07540512084961,3,13.0,6.888835848258204,6.093120510310145,0.8925476046889775,0.3944890058039455,0.9774435830929014,1.643471722234533,0.9643005371093749,-3.9904024632914203,8.417021288695233e-07,blockshuf_neg,P0,da39a3ee5e,9999,renders/P0_empty_blockshuf_neg_seed9999_00001_.png,stage8_images.csv
P0_empty_blockshuf_neg_seed4242145_00001_.png,1024,1280,2.799999952316284,2.0745203495025635,0.7409001374397982,0.08716583251953125,78.41455044612216,1457,2.9858946800231934,3.8875391483306885,0.40599999999999997,0.9590181871531116,14.281471675698207,31.106029510498047,2,21.0,6.489311371617179,3.792179163298006,0.7750749813234161,0.1821621795047756,0.9749989332581276,3.0492427460213034,0.8399330139160157,-3.5667546335448534,5.231044511900391e-06,blockshuf_neg,P0,da39a3ee5e,4242145,renders/P0_empty_blockshuf_neg_seed4242145_00001_.png,stage8_images.csv
P0_empty_rand_pos_seed42_00001_.png,1024,1280,5.599999904632568,2.4359185695648193,0.43498546625861895,0.01591796875,270.961038961039,77,3.047762393951416,3.4127182960510254,0.9263,0.37460755854790545,2.8253512470142423,29.19706153869629,3,9.0,6.209056787029931,1.9635756251663956,0.923978816309785,0.5298675769116368,0.9822770115978572,1.618238141430047,0.9761703491210938,-3.9865757253032217,4.897751769550827e-07,rand_pos,P0,da39a3ee5e,42,renders/P0_empty_rand_pos_seed42_00001_.png,stage8_images.csv
P0_empty_rand_pos_seed777_00001_.png,1024,1280,5.599999904632568,2.860419511795044,0.5107892072335176,0.032000732421875,84.56451612903226,496,2.403794288635254,3.3792905807495117,0.6266499999999999,0.794793102539925,9.057873618974892,14.72862720489502,2,15.0,7.50066225434664,5.2463484912914735,0.9102725536386645,0.38613729920026607,0.9839241483000625,1.8701431931870818,0.9664901733398437,-3.693920695490008,2.7264691659928475e-06,rand_pos,P0,da39a3ee5e,777,renders/P0_empty_rand_pos_seed777_00001_.png,stage8_images.csv
P0_empty_rand_pos_seed1337_00001_.png,1024,1280,4.393799781799316,2.7049167156219482,0.6156212959058073,0.04807205200195312,54.981675392670155,1146,2.4258744716644287,3.562535285949707,0.46604999999999996,0.934239291379964,13.333255436328168,51.218990325927734,6,16.0,7.248645926399407,6.741085635776321,0.8616433440743947,0.23578280199281743,0.9626727857548412,2.4509964141441416,0.9449539184570312,-3.666345699348726,2.507088678896475e-06,rand_pos,P0,da39a3ee5e,1337,renders/P0_empty_rand_pos_seed1337_00001_.png,stage8_images.csv
P0_empty_rand_pos_seed9999_00001_.png,1024,1280,7.19379997253418,2.6569018363952637,0.36933218139776963,0.01643218994140625,226.7157894736842,95,2.44180965423584,3.4203619956970215,0.8842,0.5118514428853594,4.1336200067355335,26.290205001831055,3,8.0,5.799917162042422,4.241902728852127,0.9535598984845406,0.6256326466834166,0.9849004696231359,1.157631717193604,0.9877037048339843,-3.930915686680209,7.256924946377776e-07,rand_pos,P0,da39a3ee5e,9999,renders/P0_empty_rand_pos_seed9999_00001_.png,stage8_images.csv
P0_empty_rand_pos_seed4242145_00001_.png,1024,1280,4.0,2.0103840827941895,0.5025960206985474,0.10057449340820312,73.76888640179071,1787,3.2159006595611572,4.114735126495361,0.41515,0.9552362544813962,14.132502214313906,19.25153160095215,3,23.0,5.465371315125705,4.688865032401859,0.7010328734250952,0.1351062712308307,0.9692987820345399,3.1589955860510655,0.8546112060546875,-3.6214988858384385,4.368135647391913e-06,rand_pos,P0,da39a3ee5e,4242145,renders/P0_empty_rand_pos_seed4242145_00001_.png,stage8_images.csv
B1_free_baseline_seed42_00001_.png,1024,1280,4.0,2.7750000953674316,0.6937500238418579,0.09952926635742188,104.86736334405144,1244,2.907945394515991,3.976985216140747,0.5683,0.890325081220672,11.804788796062944,40.24482727050781,5,12.0,5.783673024079098,11.095752844547242,0.7638025565859363,0.268538079439938,0.9475128254764005,3.06996060921151,0.8314697265625,-3.5131675168443355,7.181202219412824e-06,baseline,B1,cc43624c75,42,renders/B1_free_baseline_seed42_00001_.png,stage8_images.csv
B1_free_baseline_seed777_00001_.png,1024,1280,4.0,2.604184865951538,0.6510462164878845,0.1117095947265625,103.55021216407356,1414,2.9150264263153076,3.955047607421875,0.5624,0.8843242598798949,11.610007825563361,37.977664947509766,4,13.0,5.6592844070606665,10.721717931028772,0.7439205737885106,0.2519303597698379,0.9481775136169015,3.0924277903492112,0.8331314086914062,-3.4811259916493755,8.036186772885141e-06,baseline,B1,cc43624c75,777,renders/B1_free_baseline_seed777_00001_.png,stage8_images.csv
B1_free_baseline_seed1337_00001_.png,1024,1280,4.0,2.618034601211548,0.654508650302887,0.1031219482421875,87.03412749517064,1553,3.000175952911377,4.050645351409912,0.5088,0.917899721578605,12.7426981851826,39.506431579589844,6,14.0,5.844713278443691,9.750947205211396,0.7393176159166932,0.21168734875035394,0.9494634119799741,3.115799060565627,0.8226150512695313,-3.4844679755816514,7.725087167886995e-06,baseline,B1,cc43624c75,1337,renders/B1_free_baseline_seed1337_00001_.png,stage8_images.csv
B1_free_baseline_seed9999_00001_.png,1024,1280,4.0,2.5317442417144775,0.6329360604286194,0.10843963623046875,92.29480519480519,1540,2.9197864532470703,3.880702257156372,0.5529499999999999,0.8903243058460859,11.804763418216265,37.10614776611328,5,14.0,5.8618169911299685,9.399614144896209,0.7502414231582717,0.2643213608040983,0.9497544301161405,3.0683090684825385,0.8363235473632813,-3.4626330850755194,8.204131966594305e-06,baseline,B1,cc43624c75,9999,renders/B1_free_baseline_seed9999_00001_.png,stage8_images.csv
B1_free_baseline_seed4242145_00001_.png,1024,1280,4.0,2.7981021404266357,0.6995255351066589,0.10276718139648437,103.93441358024691,1296,2.9193649291992188,3.968977451324463,0.5209999999999999,0.9201971813610839,12.82412711175022,38.704917907714844,4,14.0,5.797882695432876,9.891420356583598,0.7345903317898759,0.19827763554709682,0.9457698521276704,3.102647684732748,0.8314224243164063,-3.5298094998560035,7.989555118391144e-06,baseline,B1,cc43624c75,4242145,renders/B1_free_baseline_seed4242145_00001_.png,stage8_images.csv
B1_free_preset_pos_seed42_00001_.png,1024,1280,4.0,3.0012307167053223,0.7503076791763306,0.0970306396484375,122.64223722275796,1037,2.780055284500122,3.842362403869629,0.53655,0.9047193490582287,12.285438066559147,40.67341995239258,5,12.0,5.507939723707949,7.407099213210351,0.773740077862296,0.22833703558637375,0.9647673724112731,3.0707324513927627,0.7988265991210938,-3.561093399865109,6.091242962402767e-06,preset_pos,B1,cc43624c75,42,renders/B1_free_preset_pos_seed42_00001_.png,stage8_images.csv
B1_free_preset_pos_seed777_00001_.png,1024,1280,4.393799781799316,3.0153720378875732,0.6862788901711722,0.0973541259765625,123.40812379110251,1034,2.7895240783691406,3.943708896636963,0.5637,0.8925700925924863,11.878496783231425,42.14297103881836,5,13.0,5.479061136499574,8.328190915854591,0.7526538474811177,0.2194794220013742,0.954714601953462,3.0917559241371664,0.8007606506347655,-3.569086891039969,7.129019068892552e-06,preset_pos,B1,cc43624c75,777,renders/B1_free_preset_pos_seed777_00001_.png,stage8_images.csv
B1_free_preset_pos_seed1337_00001_.png,1024,1280,4.393799781799316,2.774726390838623,0.6315095199222613,0.10071487426757812,125.72285714285714,1050,2.788151979446411,3.9987173080444336,0.5157,0.9101317211772353,12.471187028366792,41.24811553955078,6,13.0,5.249106089144701,7.9122103655317675,0.7505156860165744,0.23702677061163285,0.9571566635839703,3.076120015541608,0.8058975219726563,-3.609500485237782,6.421780441624156e-06,preset_pos,B1,cc43624c75,1337,renders/B1_free_preset_pos_seed1337_00001_.png,stage8_images.csv
B1_free_preset_pos_seed9999_00001_.png,1024,1280,4.393799781799316,2.850154399871826,0.6486764398501226,0.10224456787109375,110.9387417218543,1208,2.8076796531677246,3.9415366649627686,0.5389499999999999,0.9047960774730024,12.288051903676935,39.18010711669922,4,13.0,5.141980254483675,8.139846559748811,0.750907410157529,0.24641795689306376,0.9562849129922697,3.105885758308596,0.7976776123046876,-3.567282855455256,6.978432313424772e-06,preset_pos,B1,cc43624c75,9999,renders/B1_free_preset_pos_seed9999_00001_.png,stage8_images.csv
B1_free_preset_pos_seed4242145_00001_.png,1024,1280,4.393799781799316,2.5828042030334473,0.5878292892935956,0.100347900390625,117.01779359430606,1124,2.871692419052124,3.9262068271636963,0.5379,0.9014619157050064,12.174981397146452,41.657203674316406,5,13.0,5.2739748707687255,7.642299187573496,0.7432119613999797,0.1835118275682011,0.957360248469372,3.099497109392235,0.7979949951171874,-3.5694866486935033,6.97097540896198e-06,preset_pos,B1,cc43624c75,4242145,renders/B1_free_preset_pos_seed4242145_00001_.png,stage8_images.csv
B1_free_blockshuf_neg_seed42_00001_.png,1024,1280,4.0,2.608671188354492,0.652167797088623,0.0919586181640625,107.42602495543672,1122,2.5829055309295654,3.722790479660034,0.5811,0.8683274601463497,11.10632674769634,43.692047119140625,5,12.0,6.230312398526137,12.918082407907859,0.7963201497604765,0.31381171081227166,0.9302994552620696,2.7211794902665285,0.8916526794433594,-3.4892622174086747,6.900046319509008e-06,blockshuf_neg,B1,cc43624c75,42,renders/B1_free_blockshuf_neg_seed42_00001_.png,stage8_images.csv
B1_free_blockshuf_neg_seed777_00001_.png,1024,1280,2.799999952316284,2.297708034515381,0.8206100263018272,0.10676116943359375,79.28271954674221,1765,2.803341865539551,3.9469032287597656,0.61975,0.8445357869571823,10.397344099082988,46.36193084716797,4,13.0,5.976449952350648,10.964727445280293,0.7639656762553,0.2908810538207044,0.9443504644603564,2.90182341909237,0.8610549926757812,-3.4158501239038537,7.713357701942855e-06,blockshuf_neg,B1,cc43624c75,777,renders/B1_free_blockshuf_neg_seed777_00001_.png,stage8_images.csv
B1_free_blockshuf_neg_seed1337_00001_.png,1024,1280,4.0,2.6061620712280273,0.6515405178070068,0.10337448120117188,89.02431011826545,1522,2.792870044708252,3.971137285232544,0.5306000000000001,0.8974165060338729,12.03918665203768,40.587181091308594,5,13.0,6.398571349673454,13.366524525723435,0.756978808333957,0.25905350365220225,0.9304173512089092,3.061179357395514,0.8279457092285156,-3.4648055212517095,8.318795706139734e-06,blockshuf_neg,B1,cc43624c75,1337,renders/B1_free_blockshuf_neg_seed1337_00001_.png,stage8_images.csv
B1_free_blockshuf_neg_seed9999_00001_.png,1024,1280,4.0,2.440694570541382,0.6101736426353455,0.10483627319335938,91.60733333333333,1500,2.64095139503479,3.660738468170166,0.54,0.9049762736378968,12.29419266936736,40.651309967041016,4,12.0,5.997633987914438,12.675445604156018,0.7693868352736913,0.27864772947845007,0.9327054375462659,2.8597867364427985,0.8718833923339844,-3.4569822180219654,8.256340256055538e-06,blockshuf_neg,B1,cc43624c75,9999,renders/B1_free_blockshuf_neg_seed9999_00001_.png,stage8_images.csv
B1_free_blockshuf_neg_seed4242145_00001_.png,1024,1280,4.0,2.7907021045684814,0.6976755261421204,0.10518417358398438,94.49417409184373,1459,2.6416983604431152,3.757772922515869,0.5562,0.8917508196507905,11.851545317415047,40.73078155517578,4,12.0,5.53282489301401,13.783540931058008,0.7638646952754541,0.24733586704678343,0.9266433680730832,2.909993379019429,0.8643646240234375,-3.4334991312306054,8.882783788951076e-06,blockshuf_neg,B1,cc43624c75,4242145,renders/B1_free_blockshuf_neg_seed4242145_00001_.png,stage8_images.csv
B1_free_rand_pos_seed42_00001_.png,1024,1280,4.0,3.0206000804901123,0.7551500201225281,0.0855621337890625,94.24201680672269,1190,2.9573490619659424,4.032070636749268,0.6466000000000001,0.8314920139084364,10.028042118680492,40.22504806518555,5,12.0,6.005772093369845,12.665179492158007,0.7815257189144451,0.2985336932115355,0.9396106534103454,2.884849365394706,0.8822891235351562,-3.437999625616279,8.40008080987701e-06,rand_pos,B1,cc43624c75,42,renders/B1_free_rand_pos_seed42_00001_.png,stage8_images.csv
B1_free_rand_pos_seed777_00001_.png,1024,1280,4.0,2.70357084274292,0.67589271068573,0.103375244140625,97.40905823148813,1391,3.0069503784179688,4.024650573730469,0.5888,0.873101886835175,11.254324387657114,41.11656951904297,4,13.0,5.748230122985625,13.424752521050163,0.7413203395353141,0.2731630106293752,0.9240434014696752,3.104711411125904,0.8417137145996094,-3.4016534273427657,1.0183590082295644e-05,rand_pos,B1,cc43624c75,777,renders/B1_free_rand_pos_seed777_00001_.png,stage8_images.csv
B1_free_rand_pos_seed1337_00001_.png,1024,1280,4.0,2.8266961574554443,0.7066740393638611,0.10472030639648437,80.59835584263065,1703,2.767930030822754,3.792698621749878,0.5875,0.8616247111877723,10.901833183235668,51.53266525268555,4,14.0,5.831529333096818,12.059066656560521,0.7622181111153661,0.25754458292994065,0.9379035404298193,2.842641363133211,0.9091209411621095,-3.3928953146682206,1.1327085322865513e-05,rand_pos,B1,cc43624c75,1337,renders/B1_free_rand_pos_seed1337_00001_.png,stage8_images.csv
B1_free_rand_pos_seed9999_00001_.png,1024,1280,4.393799781799316,2.5810444355010986,0.5874287777501159,0.1112060546875,96.27476882430648,1514,2.9378855228424072,3.8934004306793213,0.5518500000000001,0.8881132619565038,11.732617859253551,43.57710647583008,5,14.0,6.181150775230553,11.77320144713504,0.732710881078843,0.26271777020148596,0.9348352529948697,3.1275488248043053,0.83372802734375,-3.355326664841381,1.1429458291605342e-05,rand_pos,B1,cc43624c75,9999,renders/B1_free_rand_pos_seed9999_00001_.png,stage8_images.csv
B1_free_rand_pos_seed4242145_00001_.png,1024,1280,4.393799781799316,2.726127862930298,0.6204488138542158,0.10441207885742188,92.59472259810555,1478,2.714980125427246,3.659842014312744,0.5865,0.8628610141467257,10.93926616601912,50.68109893798828,4,12.0,5.844773311301536,12.900879267668977,0.7667099316343173,0.27710173933789417,0.9396291318666858,2.8433767849857134,0.9034667968749999,-3.3780426167972077,1.2175073141571517e-05,rand_pos,B1,cc43624c75,4242145,renders/B1_free_rand_pos_seed4242145_00001_.png,stage8_images.csv
B1_fixed_baseline_seed42_00001_.png,1024,1280,4.393799781799316,2.7752437591552734,0.6316272695563693,0.09164581298828126,111.5338904363974,1077,3.0998592376708984,4.064148426055908,0.476,0.9388119515089344,13.503371959823497,73.0657958984375,6,13.0,5.855704203596401,8.713608295881855,0.7585956861911269,0.17514800797149385,0.924477940815303,3.1439525503759107,0.7939636230468751,-3.488226921171271,7.961683212448356e-06,baseline,B1,3ca8ef5830,42,renders/B1_fixed_baseline_seed42_00001_.png,stage8_images.csv
B1_fixed_baseline_seed777_00001_.png,1024,1280,4.0,2.6902518272399902,0.6725629568099976,0.09295730590820313,113.12999071494893,1077,2.995431423187256,4.094939708709717,0.48584999999999995,0.927977499498086,13.10376966633268,68.93992614746094,5,14.0,6.196229299288278,9.238351996223635,0.7510068595867523,0.16835350209109998,0.9126364378864601,3.1284147688886064,0.8060798645019532,-3.407798951395207,1.0721497869809474e-05,baseline,B1,3ca8ef5830,777,renders/B1_fixed_baseline_seed777_00001_.png,stage8_images.csv
B1_fixed_baseline_seed1337_00001_.png,1024,1280,4.0,2.479537010192871,0.6198842525482178,0.096197509765625,118.72693032015066,1062,3.094447612762451,4.049088954925537,0.46155,0.9323961680861271,13.265293328281329,65.33343505859375,5,15.0,6.028763559799349,7.9590326456651725,0.7493991217540189,0.17312723954618808,0.9285910268154526,3.156591724189944,0.8049606323242188,-3.5020575276119326,7.600389119042181e-06,baseline,B1,3ca8ef5830,1337,renders/B1_fixed_baseline_seed1337_00001_.png,stage8_images.csv
B1_fixed_baseline_seed9999_00001_.png,1024,1280,4.0,2.5984883308410645,0.6496220827102661,0.10216598510742188,104.53629976580797,1281,3.04433274269104,4.085594654083252,0.4836,0.9284753611376887,13.121870148547716,67.22834777832031,5,15.0,6.090003327264745,8.671255875953161,0.7317932152422604,0.16071197526882752,0.9200108811313095,3.157697002996193,0.8083564758300781,-3.427445691742562,9.613655286633641e-06,baseline,B1,3ca8ef5830,9999,renders/B1_fixed_baseline_seed9999_00001_.png,stage8_images.csv
B1_fixed_baseline_seed4242145_00001_.png,1024,1280,4.0,2.531923532485962,0.6329808831214905,0.09865341186523438,113.42719298245613,1140,2.996262550354004,4.0541863441467285,0.4078,0.9562431539437293,14.172011299909213,65.58950805664062,6,14.0,5.937248444622462,7.94811530198299,0.7430028747602675,0.13859823243880112,0.9357390217460936,3.1556991768755416,0.8048431396484375,-3.508788370752377,7.346090096424781e-06,baseline,B1,3ca8ef5830,4242145,renders/B1_fixed_baseline_seed4242145_00001_.png,stage8_images.csv
B1_fixed_preset_pos_seed42_00001_.png,1024,1280,4.0,2.8896102905273438,0.7224025726318359,0.09044342041015625,139.9598583234947,847,2.9505345821380615,4.016293525695801,0.46180000000000004,0.9312998530489924,13.225032954662604,67.68232727050781,6,14.0,5.861822332468288,6.428266517347842,0.7668343823260073,0.1873850792482155,0.9509558938433937,3.1105188835703013,0.7887481689453125,-3.5564620073693347,6.879610280768214e-06,preset_pos,B1,3ca8ef5830,42,renders/B1_fixed_preset_pos_seed42_00001_.png,stage8_images.csv
B1_fixed_preset_pos_seed777_00001_.png,1024,1280,4.393799781799316,2.839226722717285,0.646189372232748,0.090484619140625,130.61674008810573,908,2.926449775695801,4.060659885406494,0.46869999999999995,0.9427537875540414,13.651760930681764,69.34455871582031,6,13.0,5.734799171852165,7.06386930221747,0.7548384781914503,0.1830784261324555,0.9295646256608894,3.1280046614664796,0.7884292602539062,-3.538875518101423,8.165830385728993e-06,preset_pos,B1,3ca8ef5830,777,renders/B1_fixed_preset_pos_seed777_00001_.png,stage8_images.csv
B1_fixed_preset_pos_seed1337_00001_.png,1024,1280,4.393799781799316,2.968900203704834,0.6757022056405656,0.0953704833984375,148.81428571428572,840,2.9075350761413574,3.9815056324005127,0.48679999999999995,0.9257764418523395,13.024045749939493,65.31422424316406,5,13.0,5.71220598892168,6.1831392981278634,0.759696716053613,0.20366248945106924,0.9464961683707815,3.122382326543423,0.788530731201172,-3.5746144322128064,6.86592194045242e-06,preset_pos,B1,3ca8ef5830,1337,renders/B1_fixed_preset_pos_seed1337_00001_.png,stage8_images.csv
B1_fixed_preset_pos_seed9999_00001_.png,1024,1280,4.393799781799316,2.7428033351898193,0.6242440419227766,0.09633712768554688,129.37602459016392,976,2.9730706214904785,4.065828800201416,0.46735000000000004,0.940405970270285,13.56318297312676,64.57796478271484,5,14.0,5.7124403716800405,6.464910527783834,0.7535047632635667,0.16847643986908223,0.9345043491388497,3.1311880495483138,0.7842109680175782,-3.5256932090895305,8.151517785481629e-06,preset_pos,B1,3ca8ef5830,9999,renders/B1_fixed_preset_pos_seed9999_00001_.png,stage8_images.csv
B1_fixed_preset_pos_seed4242145_00001_.png,1024,1280,4.393799781799316,2.772160053253174,0.6309254383270827,0.09241256713867188,122.474216380182,989,2.9360899925231934,4.03266716003418,0.45904999999999996,0.9479897280979275,13.851390558420487,63.531005859375,6,15.0,5.718722244422469,6.38789704729649,0.7576021111304916,0.18238189125078816,0.9497592595373484,3.1387252316994765,0.7929527282714843,-3.566972404145614,6.746557128212872e-06,preset_pos,B1,3ca8ef5830,4242145,renders/B1_fixed_preset_pos_seed4242145_00001_.png,stage8_images.csv
B1_fixed_blockshuf_neg_seed42_00001_.png,1024,1280,4.0,2.635066509246826,0.6587666273117065,0.093438720703125,104.23148936170213,1175,2.9973087310791016,3.9663665294647217,0.5452,0.8699626549367431,11.156794068631473,75.15868377685547,5,12.0,6.482530148361304,10.0752069966547,0.7687048702263929,0.2456921875265592,0.8979235464329798,3.104667058969586,0.8004768371582032,-3.4139307798283403,9.219896874271842e-06,blockshuf_neg,B1,3ca8ef5830,42,renders/B1_fixed_blockshuf_neg_seed42_00001_.png,stage8_images.csv
B1_fixed_blockshuf_neg_seed777_00001_.png,1024,1280,4.0,2.556828260421753,0.6392070651054382,0.106683349609375,91.03645833333333,1536,2.848104238510132,3.98433256149292,0.5411999999999999,0.8827557693532939,11.559628090227449,62.18643569946289,6,11.0,6.002188657416296,11.339261291852036,0.762304927120562,0.28365675814558344,0.915720462802492,3.0887958633510264,0.8125129699707031,-3.3624533611539196,9.81383274659374e-06,blockshuf_neg,B1,3ca8ef5830,777,renders/B1_fixed_blockshuf_neg_seed777_00001_.png,stage8_images.csv
B1_fixed_blockshuf_neg_seed1337_00001_.png,1024,1280,4.0,2.587376117706299,0.6468440294265747,0.09570693969726562,113.62771739130434,1104,2.9337899684906006,4.015367031097412,0.5375500000000001,0.8930059665328247,11.892860614341089,64.03487396240234,7,13.0,6.352496850619444,10.827739428574974,0.7539079223794658,0.2324243336418675,0.8998282037248433,3.1203425913077862,0.7945549011230468,-3.4196717910970134,9.588561206135437e-06,blockshuf_neg,B1,3ca8ef5830,1337,renders/B1_fixed_blockshuf_neg_seed1337_00001_.png,stage8_images.csv
B1_fixed_blockshuf_neg_seed9999_00001_.png,1024,1280,4.0,2.508556842803955,0.6271392107009888,0.10373687744140625,104.83423284502699,1297,2.9799015522003174,4.019455432891846,0.5161999999999999,0.9116040522050655,12.52220056608867,65.32113647460938,6,12.0,6.250913589549585,11.10962412881128,0.7468826133284598,0.22204848096621266,0.9004641503862798,3.136414462683337,0.8042556762695313,-3.3831079457105724,1.0558427710804677e-05,blockshuf_neg,B1,3ca8ef5830,9999,renders/B1_fixed_blockshuf_neg_seed9999_00001_.png,stage8_images.csv
B1_fixed_blockshuf_neg_seed4242145_00001_.png,1024,1280,4.0,2.5595014095306396,0.6398753523826599,0.09969635009765625,94.48590021691975,1383,2.94979190826416,3.955040693283081,0.496,0.9134964192983401,12.58807415298998,64.89332580566406,7,12.0,6.662614747534139,10.525020351689495,0.7591530391871363,0.2307988310812924,0.9062806632450661,3.109098658594316,0.80123291015625,-3.3846881270083684,9.71315573748008e-06,blockshuf_neg,B1,3ca8ef5830,4242145,renders/B1_fixed_blockshuf_neg_seed4242145_00001_.png,stage8_images.csv
B1_fixed_rand_pos_seed42_00001_.png,1024,1280,4.0,2.83273983001709,0.7081849575042725,0.0950439453125,95.8276923076923,1300,3.1336445808410645,4.0652666091918945,0.45505,0.9449407919224592,13.734792099291534,76.96440887451172,3,15.0,6.025572128937898,9.856438480864782,0.748054372932657,0.18412520702606805,0.9041761137656177,3.1566982774951065,0.8194732666015625,-3.405273972573584,1.036912360729228e-05,rand_pos,B1,3ca8ef5830,42,renders/B1_fixed_rand_pos_seed42_00001_.png,stage8_images.csv
B1_fixed_rand_pos_seed777_00001_.png,1024,1280,4.393799781799316,2.9565322399139404,0.6728873382353356,0.09428024291992188,114.42129629629629,1080,2.9697349071502686,4.071396827697754,0.48385,0.930770750094162,13.205646254682993,71.04222869873047,3,15.0,6.202090912384044,10.354566261143122,0.7405218463241022,0.19734630994544933,0.9005471444231681,3.1495756159841206,0.8310646057128905,-3.4120672043221942,1.1976763184769894e-05,rand_pos,B1,3ca8ef5830,777,renders/B1_fixed_rand_pos_seed777_00001_.png,stage8_images.csv
B1_fixed_rand_pos_seed1337_00001_.png,1024,1280,4.0,2.6568856239318848,0.6642214059829712,0.10113372802734374,105.20476190476191,1260,3.034987211227417,4.031630039215088,0.50495,0.9171297118969234,12.715522561157053,68.2267837524414,6,15.0,6.0149473218082745,10.00497453568228,0.7447235482599148,0.20315099651852175,0.9006407474742071,3.146895439483307,0.8273094177246095,-3.3600768215039856,1.2224765839678502e-05,rand_pos,B1,3ca8ef5830,1337,renders/B1_fixed_rand_pos_seed1337_00001_.png,stage8_images.csv
B1_fixed_rand_pos_seed9999_00001_.png,1024,1280,4.0,2.691328525543213,0.6728321313858032,0.0999908447265625,107.86831275720165,1215,3.0613765716552734,4.077356338500977,0.46740000000000004,0.9516987915247476,13.994569147931934,66.91972351074219,5,16.0,6.027247521383466,9.617378948667824,0.7264267338858826,0.16245105500985282,0.9011759633123222,3.1707426231599767,0.8259933471679688,-3.3891191377757606,1.1908856979995116e-05,rand_pos,B1,3ca8ef5830,9999,renders/B1_fixed_rand_pos_seed9999_00001_.png,stage8_images.csv
B1_fixed_rand_pos_seed4242145_00001_.png,1024,1280,4.0,2.5764288902282715,0.6441072225570679,0.10541305541992188,91.1993399339934,1515,3.1185667514801025,4.080994129180908,0.46885,0.9417852475913502,13.61515017588282,68.00553131103516,5,15.0,5.848764916847967,9.811391033292724,0.7262491565979098,0.16489364506389897,0.9020965811530189,3.164568675629473,0.83355712890625,-3.4131333211222,1.1235277937898216e-05,rand_pos,B1,3ca8ef5830,4242145,renders/B1_fixed_rand_pos_seed4242145_00001_.png,stage8_images.csv
B2_free_baseline_seed42_00001_.png,1024,1280,4.0,2.5564286708831787,0.6391071677207947,0.08201522827148437,114.11783439490446,942,2.895624876022339,3.824718952178955,0.5919,0.8635425970926748,10.959958180587918,24.207727432250977,3,12.0,6.258979617634933,10.176346082877398,0.8173550003878234,0.3003998305263157,0.9447608182622936,2.8967288353009,0.8524162292480468,-3.4926870987593865,1.005752850812008e-05,baseline,B2,97baa02678,42,renders/B2_free_baseline_seed42_00001_.png,stage8_images.csv
B2_free_baseline_seed777_00001_.png,1024,1280,4.0,2.649270534515381,0.6623176336288452,0.07737503051757813,125.67162329615861,807,2.7357442378997803,3.6001811027526855,0.6711499999999999,0.8155326094139075,9.593986687373954,15.872421264648438,5,12.0,5.977742172942186,10.948044845010003,0.8292751548730544,0.33851984247318045,0.9606994457138582,2.6001406851886477,0.9009117126464844,-3.572419161180634,7.251000938696329e-06,baseline,B2,97baa02678,777,renders/B2_free_baseline_seed777_00001_.png,stage8_images.csv
B2_free_baseline_seed1337_00001_.png,1024,1280,4.0,2.3627004623413086,0.5906751155853271,0.07336273193359374,102.73290598290598,936,2.945237159729004,3.8282904624938965,0.63425,0.8338112809970756,10.092733951139119,26.03312873840332,3,11.0,6.623229433431207,9.48625282164055,0.8319659653708791,0.33590526481498306,0.9598483764976509,2.820162393904031,0.8629905700683593,-3.5332815285463517,7.6087491467469465e-06,baseline,B2,97baa02678,1337,renders/B2_free_baseline_seed1337_00001_.png,stage8_images.csv
B2_free_baseline_seed9999_00001_.png,1024,1280,4.0,2.4180891513824463,0.6045222878456116,0.07388916015625,101.41151832460733,955,2.7957611083984375,3.7778563499450684,0.6739999999999998,0.7831535744037021,8.770227687848497,16.748775482177734,3,11.0,5.764462242335417,11.363716390069733,0.806031297026179,0.31809243266561127,0.9655038354516445,2.629264474813733,0.9021903991699219,-3.5483595135513566,6.949453559158603e-06,baseline,B2,97baa02678,9999,renders/B2_free_baseline_seed9999_00001_.png,stage8_images.csv
B2_free_baseline_seed4242145_00001_.png,1024,1280,4.0,2.658128261566162,0.6645320653915405,0.08308563232421876,120.2008830022075,906,2.8556461334228516,3.7312612533569336,0.6245499999999999,0.8327220279627366,10.062299363251286,24.070276260375977,4,10.0,6.2762186793722226,11.580498498967422,0.8093884273467378,0.31558857348106834,0.9434378206053909,2.9005760084475036,0.8559967041015626,-3.470759947674557,1.0800113093800595e-05,baseline,B2,97baa02678,4242145,renders/B2_free_baseline_seed4242145_00001_.png,stage8_images.csv
B2_free_preset_pos_seed42_00001_.png,1024,1280,4.393799781799316,2.6981210708618164,0.6140746517486743,0.07728652954101563,152.1036036036036,666,2.6134860515594482,3.550642490386963,0.6708999999999999,0.814076021726141,9.555319325710455,18.549213409423828,5,12.0,5.6507543638301,9.16286611583026,0.8339926979979206,0.364647490393852,0.9594322736462406,2.65930639587435,0.8678169250488281,-3.5561881568353524,7.678713136936285e-06,preset_pos,B2,97baa02678,42,renders/B2_free_preset_pos_seed42_00001_.png,stage8_images.csv
B2_free_preset_pos_seed777_00001_.png,1024,1280,4.393799781799316,2.73641037940979,0.6227890471352328,0.07009201049804688,175.66156787762907,523,2.6524863243103027,3.5344583988189697,0.65815,0.80489812390899,9.315237133561839,17.611576080322266,6,10.0,5.3511388083633955,9.490732810672197,0.8369363712836656,0.37364518170521793,0.964851060332347,2.7063342275900264,0.8537406921386719,-3.6070024468221695,7.01504629788673e-06,preset_pos,B2,97baa02678,777,renders/B2_free_preset_pos_seed777_00001_.png,stage8_images.csv
B2_free_preset_pos_seed1337_00001_.png,1024,1280,4.393799781799316,2.69222092628479,0.6127318175573061,0.07509765625,162.96688741721854,604,2.630389928817749,3.421736001968384,0.65705,0.797657335700512,9.130091652587637,18.09641456604004,5,11.0,5.658413053951615,8.915241447671566,0.8327443834194522,0.3620674044947899,0.9661504973203954,2.674765058053443,0.8675765991210938,-3.5983779256987662,6.983012572075843e-06,preset_pos,B2,97baa02678,1337,renders/B2_free_preset_pos_seed1337_00001_.png,stage8_images.csv
B2_free_preset_pos_seed9999_00001_.png,1024,1280,4.393799781799316,2.635662317276001,0.5998594492616284,0.0756500244140625,124.88161209068011,794,2.8092989921569824,3.618117332458496,0.6701,0.7907557968264876,8.957047067669949,16.029991149902344,4,11.0,5.729646602764009,9.806049902351077,0.8289111933276114,0.39619666160262257,0.9669457503398479,2.8807293975257653,0.8369071960449219,-3.536411061328942,7.410364045111066e-06,preset_pos,B2,97baa02678,9999,renders/B2_free_preset_pos_seed9999_00001_.png,stage8_images.csv
B2_free_preset_pos_seed4242145_00001_.png,1024,1280,4.393799781799316,2.8682236671447754,0.6527888865182204,0.08095169067382812,118.28874024526199,897,2.7200396060943604,3.707458972930908,0.5958,0.859470579570899,10.836915808479283,19.293062210083008,5,10.0,5.33730030826088,10.259099511151172,0.8026176253762854,0.30502384328687115,0.9534299290542287,2.910660710959289,0.8319946289062501,-3.5505752186811455,8.526002713270766e-06,preset_pos,B2,97baa02678,4242145,renders/B2_free_preset_pos_seed4242145_00001_.png,stage8_images.csv
B2_free_blockshuf_neg_seed42_00001_.png,1024,1280,4.393799781799316,2.5249061584472656,0.574652074249338,0.08394775390625,109.70289132602194,1003,2.6991662979125977,3.7245633602142334,0.7200500000000001,0.7720115081479949,8.503436712767748,34.27058029174805,4,10.0,5.910487052636986,11.163988081781774,0.8120901456777939,0.36228460782194005,0.9478618124756504,2.85759251056699,0.8662261962890625,-3.4917899683614215,1.0214526684191647e-05,blockshuf_neg,B2,97baa02678,42,renders/B2_free_blockshuf_neg_seed42_00001_.png,stage8_images.csv
B2_free_blockshuf_neg_seed777_00001_.png,1024,1280,4.0,2.5244476795196533,0.6311119198799133,0.08006210327148437,85.31626016260162,1230,2.740938186645508,4.036406993865967,0.6262,0.8282874767560885,9.939338973790093,26.18333625793457,5,11.0,6.1290720411742585,10.877445538772298,0.8015275767143193,0.3304176160233476,0.9600588012327782,2.78381577784255,0.8849342346191407,-3.5576109485738203,7.035827443147518e-06,blockshuf_neg,B2,97baa02678,777,renders/B2_free_blockshuf_neg_seed777_00001_.png,stage8_images.csv
B2_free_blockshuf_neg_seed1337_00001_.png,1024,1280,4.0,2.398120641708374,0.5995301604270935,0.0826171875,101.96610169491525,1062,2.7111635208129883,3.798387289047241,0.659,0.8230822490259665,9.796925001926693,28.948530197143555,6,9.0,5.898492057185667,10.732169804977987,0.8116973242900936,0.33124915268364585,0.9428958197816899,2.770848723862127,0.8823379516601562,-3.4771916561248633,1.0665397260635378e-05,blockshuf_neg,B2,97baa02678,1337,renders/B2_free_blockshuf_neg_seed1337_00001_.png,stage8_images.csv
B2_free_blockshuf_neg_seed9999_00001_.png,1024,1280,4.0,2.620730400085449,0.6551826000213623,0.08599777221679687,117.660751565762,958,2.6666743755340576,3.8691563606262207,0.6789999999999999,0.8027219695028158,9.259202110173545,16.975297927856445,5,9.0,5.786317885898303,13.44419670701441,0.8073439079341944,0.38015596862045187,0.9552219342875443,2.785057830011071,0.8844543457031251,-3.4651234340886683,9.516909871187457e-06,blockshuf_neg,B2,97baa02678,9999,renders/B2_free_blockshuf_neg_seed9999_00001_.png,stage8_images.csv
B2_free_blockshuf_neg_seed4242145_00001_.png,1024,1280,4.393799781799316,2.8174431324005127,0.6412315700117619,0.08906173706054688,81.23521224773835,1437,2.6868109703063965,3.6169722080230713,0.64675,0.8180205686190549,9.660395632328626,28.037866592407227,4,9.0,6.000483183669462,11.855543764722572,0.8043097948892122,0.3463325479163728,0.9484321710120109,2.7984386565264687,0.8794059753417968,-3.488410078613155,9.772736357336267e-06,blockshuf_neg,B2,97baa02678,4242145,renders/B2_free_blockshuf_neg_seed4242145_00001_.png,stage8_images.csv
B2_free_rand_pos_seed42_00001_.png,1024,1280,4.393799781799316,2.6753227710723877,0.608885908309825,0.085693359375,122.08695652173913,920,2.842409372329712,3.9178688526153564,0.64,0.8318878099958918,10.039052729523886,26.531078338623047,5,10.0,5.66411950769278,11.154633284721188,0.8005495551327073,0.3053776738487313,0.9471705121770058,2.9780530148991167,0.8489356994628907,-3.3830252193797,1.2869194452346603e-05,rand_pos,B2,97baa02678,42,renders/B2_free_rand_pos_seed42_00001_.png,stage8_images.csv
B2_free_rand_pos_seed777_00001_.png,1024,1280,4.393799781799316,3.069826364517212,0.6986723376048053,0.07977676391601562,125.98192771084338,830,2.7074227333068848,3.730074167251587,0.65245,0.8092000623705089,9.427009941249857,21.955324172973633,5,12.0,6.342038328043285,12.053045107619125,0.8149788957616446,0.3707138968840323,0.9570627561569307,2.82637311885798,0.8828300476074218,-3.448541062075128,1.0148198814005955e-05,rand_pos,B2,97baa02678,777,renders/B2_free_rand_pos_seed777_00001_.png,stage8_images.csv
B2_free_rand_pos_seed1337_00001_.png,1024,1280,4.393799781799316,2.924713611602783,0.6656456272126893,0.08113479614257812,116.35120350109409,914,2.8083958625793457,3.908137798309326,0.6350500000000001,0.8272001833856462,9.909420788802223,23.260963439941406,3,9.0,5.702324346294237,12.705532008782221,0.7989414904605687,0.3185223285860047,0.9404568802322681,2.997577894215942,0.8488227844238281,-3.351708813958535,1.5400347605132756e-05,rand_pos,B2,97baa02678,1337,renders/B2_free_rand_pos_seed1337_00001_.png,stage8_images.csv
B2_free_rand_pos_seed9999_00001_.png,1024,1280,4.393799781799316,2.761599063873291,0.6285218264411633,0.08721923828125,123.32254584681769,927,2.8438479900360107,3.852644205093384,0.6061500000000001,0.839353856745389,10.249029694791558,22.78960418701172,5,10.0,5.6749349685354975,11.947402555468514,0.7961282636535838,0.3427211541485945,0.950476451588923,3.0096274492806177,0.849767303466797,-3.417734247195075,1.2200776268589936e-05,rand_pos,B2,97baa02678,9999,renders/B2_free_rand_pos_seed9999_00001_.png,stage8_images.csv
B2_free_rand_pos_seed4242145_00001_.png,1024,1280,4.393799781799316,2.654686689376831,0.6041892715215401,0.099127197265625,125.41312741312741,1036,2.711505651473999,3.831012010574341,0.5624,0.8818684383463069,11.531224001873444,22.543474197387695,5,11.0,5.94991004209635,15.405232055114517,0.7725602886252712,0.2905332661003338,0.9244353021192376,3.023343583426931,0.8577346801757812,-3.368335382966788,1.666277051474451e-05,rand_pos,B2,97baa02678,4242145,renders/B2_free_rand_pos_seed4242145_00001_.png,stage8_images.csv
B2_fixed_baseline_seed42_00001_.png,1024,1280,4.0,2.124375581741333,0.5310938954353333,0.07588653564453125,97.61138370951913,1019,3.06996488571167,4.0185723304748535,0.6334000000000001,0.8261011025854367,9.87926978332669,33.406654357910156,3,14.0,6.900350987449841,8.913206973430855,0.8118899938143911,0.3285883614950328,0.9048191134128757,3.0343138590525336,0.8168708801269531,-3.381546010711439,1.4832782650283665e-05,baseline,B2,c9b4b41489,42,renders/B2_fixed_baseline_seed42_00001_.png,stage8_images.csv
B2_fixed_baseline_seed777_00001_.png,1024,1280,4.0,2.1255645751953125,0.5313911437988281,0.08731155395507813,70.33866011063307,1627,3.01374888420105,4.074665546417236,0.51585,0.9092040198632695,12.4391506802434,27.22804069519043,5,16.0,6.485823000976823,9.704450761508133,0.7852686750086113,0.21628595236071924,0.9372475722770182,3.0841772894535104,0.8217903137207032,-3.422655314397988,1.135904545239224e-05,baseline,B2,c9b4b41489,777,renders/B2_fixed_baseline_seed777_00001_.png,stage8_images.csv
B2_fixed_baseline_seed1337_00001_.png,1024,1280,4.0,2.496508836746216,0.624127209186554,0.08377151489257813,140.23116219667943,783,2.9886960983276367,4.033810138702393,0.59025,0.8856018219157078,11.651205182915337,31.391143798828125,5,13.0,6.244110295808558,9.119597393834084,0.8030457474899704,0.24629418942584164,0.9158848360065652,3.047000291629136,0.8279380798339844,-3.43154057969211,1.5908539520211534e-05,baseline,B2,c9b4b41489,1337,renders/B2_fixed_baseline_seed1337_00001_.png,stage8_images.csv
B2_fixed_baseline_seed9999_00001_.png,1024,1280,4.0,2.158341884613037,0.5395854711532593,0.08487472534179688,75.42169491525424,1475,2.9472687244415283,3.958892822265625,0.48965000000000003,0.9052325825727455,12.302932510444206,34.206748962402344,3,13.0,6.328703534693838,9.703636682911053,0.8001367484043322,0.2730527294888446,0.9338394489163273,3.028948693168126,0.8314247131347656,-3.45637616036666,1.1555072163245796e-05,baseline,B2,c9b4b41489,9999,renders/B2_fixed_baseline_seed9999_00001_.png,stage8_images.csv
B2_fixed_baseline_seed4242145_00001_.png,1024,1280,4.393799781799316,2.3930466175079346,0.5446417079405361,0.0881591796875,108.70366886171213,1063,2.8718578815460205,4.014541149139404,0.6210500000000001,0.8639159952210678,10.971310675440403,32.87114334106445,6,12.0,6.1793893280271925,10.743560811061796,0.7811967231618058,0.2282404835189067,0.9229758664886638,3.046884560741323,0.8294486999511719,-3.464623637998984,1.213139777577499e-05,baseline,B2,c9b4b41489,4242145,renders/B2_fixed_baseline_seed4242145_00001_.png,stage8_images.csv
B2_fixed_preset_pos_seed42_00001_.png,1024,1280,4.0,2.315429925918579,0.5788574814796448,0.078173828125,156.67278287461772,654,2.8407790660858154,3.86346697807312,0.53765,0.8907285583365632,11.81800192039409,35.85087585449219,5,13.0,5.967484260894887,7.414048919673742,0.8140830169099514,0.2306128496185716,0.9219628236033439,2.979385005972415,0.8037734985351561,-3.470346567318366,1.1618531015279006e-05,preset_pos,B2,c9b4b41489,42,renders/B2_fixed_preset_pos_seed42_00001_.png,stage8_images.csv
B2_fixed_preset_pos_seed777_00001_.png,1024,1280,4.0,2.4776804447174072,0.6194201111793518,0.0791168212890625,166.7202572347267,622,2.8587381839752197,3.9743940830230713,0.49369999999999997,0.9180052521421045,12.746427153072041,33.56208419799805,3,14.0,6.178628131838893,7.450922324799836,0.805166642556864,0.23290585935850455,0.9461848136594966,3.0250256482832687,0.8005455017089844,-3.4999430851665445,1.014329542174385e-05,preset_pos,B2,c9b4b41489,777,renders/B2_fixed_preset_pos_seed777_00001_.png,stage8_images.csv
B2_fixed_preset_pos_seed1337_00001_.png,1024,1280,4.393799781799316,2.379026412963867,0.5414508013812195,0.08383026123046874,149.4938775510204,735,2.7230224609375,3.7750303745269775,0.5448999999999999,0.878885961708679,11.43626338678735,37.2996826171875,6,12.0,6.160455996752763,7.435148626783606,0.7981523058984922,0.23325633692168307,0.9297236235650665,3.015990032632978,0.8067413330078125,-3.5051627711533504,1.0722087815950939e-05,preset_pos,B2,c9b4b41489,1337,renders/B2_fixed_preset_pos_seed1337_00001_.png,stage8_images.csv
B2_fixed_preset_pos_seed9999_00001_.png,1024,1280,4.393799781799316,2.487014055252075,0.566028080194772,0.08298568725585938,153.63135593220338,708,2.795212745666504,3.835038900375366,0.49960000000000004,0.9062785005693419,12.338661570185742,34.72456359863281,5,13.0,5.5795297572111044,7.978004711847173,0.7992228406886561,0.26124037071968803,0.9382492429615414,3.0096255628625763,0.8065925598144531,-3.5252470132612275,1.0438418638771548e-05,preset_pos,B2,c9b4b41489,9999,renders/B2_fixed_preset_pos_seed9999_00001_.png,stage8_images.csv
B2_fixed_preset_pos_seed4242145_00001_.png,1024,1280,4.0,2.5782158374786377,0.6445539593696594,0.08544692993164063,153.84203296703296,728,2.7518372535705566,3.913864850997925,0.5108,0.9026621880634221,12.215565542028358,32.83557891845703,4,12.0,5.97505504542753,8.371486793130584,0.7992065693629,0.24811601880339162,0.9203327389933901,3.0173616701361547,0.8125495910644531,-3.4852543527266766,1.2843823462638505e-05,preset_pos,B2,c9b4b41489,4242145,renders/B2_fixed_preset_pos_seed4242145_00001_.png,stage8_images.csv
B2_fixed_blockshuf_neg_seed42_00001_.png,1024,1280,4.0,2.516199827194214,0.6290499567985535,0.07864837646484375,84.63546798029557,1218,2.881251573562622,3.967918872833252,0.5511499999999999,0.8821114292469053,11.538995364510624,29.07748794555664,7,12.0,6.821599363169767,11.0354676758256,0.8039973236012736,0.2556964587878138,0.8747421753569409,2.9823339444135226,0.8382400512695314,-3.400033886139207,1.7775459940452157e-05,blockshuf_neg,B2,c9b4b41489,42,renders/B2_fixed_blockshuf_neg_seed42_00001_.png,stage8_images.csv
B2_fixed_blockshuf_neg_seed777_00001_.png,1024,1280,4.0,2.3462626934051514,0.5865656733512878,0.07651443481445312,96.24664107485604,1042,2.8652291297912598,3.8727006912231445,0.62315,0.8669525861730512,11.064070464379272,22.15772247314453,4,12.0,7.3283816584083326,8.966343890180472,0.8250119440841782,0.28787640317044116,0.9435505992808642,2.901895792194065,0.8519630432128906,-3.443864668278259,8.841491916607341e-06,blockshuf_neg,B2,c9b4b41489,777,renders/B2_fixed_blockshuf_neg_seed777_00001_.png,stage8_images.csv
B2_fixed_blockshuf_neg_seed1337_00001_.png,1024,1280,4.393799781799316,2.226980447769165,0.5068461373670488,0.07122573852539063,67.4057761732852,1385,2.794233798980713,3.8081328868865967,0.6677500000000001,0.8250402717327256,9.850255094818811,29.318798065185547,5,12.0,6.689141831231147,9.561394445113294,0.8290340900283792,0.29918675230375635,0.9158760751460238,2.823863549729644,0.8661682128906251,-3.4482271940451565,1.1218451255848494e-05,blockshuf_neg,B2,c9b4b41489,1337,renders/B2_fixed_blockshuf_neg_seed1337_00001_.png,stage8_images.csv
B2_fixed_blockshuf_neg_seed9999_00001_.png,1024,1280,4.0,2.465777635574341,0.6164444088935852,0.083160400390625,84.89096573208722,1284,2.7795791625976562,3.9503188133239746,0.6255999999999999,0.8539625092195362,10.672675912293778,27.797605514526367,4,12.0,7.275033166377088,11.088248654856905,0.7935851255899975,0.2928581937741279,0.9066370913817541,2.9273936892825367,0.8624755859375,-3.427527665350623,1.4560699883740516e-05,blockshuf_neg,B2,c9b4b41489,9999,renders/B2_fixed_blockshuf_neg_seed9999_00001_.png,stage8_images.csv
B2_fixed_blockshuf_neg_seed4242145_00001_.png,1024,1280,4.393799781799316,2.5970544815063477,0.5910725591694624,0.07458343505859374,111.8512585812357,874,2.7531304359436035,3.8252389430999756,0.6725,0.8295047651278523,9.9729413132355,26.191286087036133,6,11.0,6.796725515232408,11.298653638253565,0.8170296132181137,0.2775180339872423,0.9201703955444216,2.844347618950053,0.8628883361816406,-3.463230153906767,1.1465145315748707e-05,blockshuf_neg,B2,c9b4b41489,4242145,renders/B2_fixed_blockshuf_neg_seed4242145_00001_.png,stage8_images.csv
B2_fixed_rand_pos_seed42_00001_.png,1024,1280,4.0,2.2421834468841553,0.5605458617210388,0.08750534057617188,117.99897119341564,972,3.0616447925567627,4.08291482925415,0.52555,0.903915734732978,12.258095452341394,29.861003875732422,5,16.0,6.09179647336423,10.052961498595467,0.7773726143727555,0.20964312983223243,0.8910596258069212,3.134783470843927,0.8354423522949218,-3.291392924193689,2.018145369342966e-05,rand_pos,B2,c9b4b41489,42,renders/B2_fixed_rand_pos_seed42_00001_.png,stage8_images.csv
B2_fixed_rand_pos_seed777_00001_.png,1024,1280,4.393799781799316,2.4044723510742188,0.5472421299291788,0.09542388916015625,136.09793253536452,919,2.939772605895996,4.077181816101074,0.48934999999999995,0.9176005553853132,12.732132947759808,37.279361724853516,5,14.0,5.949411342077505,10.622381836688561,0.7515575573589574,0.18220013497156906,0.9121184601393512,3.145939472472029,0.8349601745605468,-3.390570973860456,1.596075007781272e-05,rand_pos,B2,c9b4b41489,777,renders/B2_fixed_rand_pos_seed777_00001_.png,stage8_images.csv
B2_fixed_rand_pos_seed1337_00001_.png,1024,1280,4.0,2.394686222076416,0.598671555519104,0.09321746826171876,117.82256509161041,1037,2.9540340900421143,4.041441917419434,0.5728,0.874657398159822,11.302966777739062,36.80577087402344,5,14.0,6.03600293171857,9.513844619883152,0.7794240662644301,0.235918380185552,0.9158095595792046,3.1031907069302687,0.8400070190429687,-3.3593686777752634,1.6311828519328848e-05,rand_pos,B2,c9b4b41489,1337,renders/B2_fixed_rand_pos_seed1337_00001_.png,stage8_images.csv
B2_fixed_rand_pos_seed9999_00001_.png,1024,1280,4.0,2.51275372505188,0.62818843126297,0.09393768310546875,124.49544994944388,989,2.9864022731781006,4.053721904754639,0.49845,0.9120701982625227,12.538395112983393,33.74164581298828,3,15.0,6.064008671775139,10.461934543110683,0.7685263237253535,0.2090570168885597,0.9128848418031703,3.1332136870314695,0.8392868041992188,-3.3179554335765165,1.8125213565389765e-05,rand_pos,B2,c9b4b41489,9999,renders/B2_fixed_rand_pos_seed9999_00001_.png,stage8_images.csv
B2_fixed_rand_pos_seed4242145_00001_.png,1024,1280,4.0,2.501127243041992,0.625281810760498,0.1036102294921875,135.804,1000,2.861039161682129,4.013899326324463,0.51055,0.9039693787820832,12.259918769839818,36.062137603759766,5,14.0,5.85123189414058,11.581783513932226,0.7478672122385417,0.20994271555151228,0.8796609348639415,3.1438125675129585,0.8382560729980468,-3.3185751298471096,2.3867304925450965e-05,rand_pos,B2,c9b4b41489,4242145,renders/B2_fixed_rand_pos_seed4242145_00001_.png,stage8_images.csv
B3_free_baseline_seed42_00001_.png,1024,1280,5.599999904632568,3.0709874629974365,0.5483906277314361,0.06309432983398437,117.13739376770538,706,2.648432970046997,3.4111621379852295,0.7528,0.7445286664811178,7.879557788384395,7.45656681060791,4,7.0,4.614944651093153,13.8530043258815,0.8597996942148046,0.3667411307854541,0.9397396230763442,1.9615914464980484,0.965765380859375,-3.537829489976722,8.7689853395611e-06,baseline,B3,d01529e1d1,42,renders/B3_free_baseline_seed42_00001_.png,stage8_images.csv
B3_free_baseline_seed777_00001_.png,1024,1280,5.599999904632568,2.627326250076294,0.46916540978917753,0.073638916015625,125.02590673575129,772,2.5510036945343018,3.4272899627685547,0.72775,0.7897409546299712,8.93187968962874,29.852916717529297,3,10.0,5.636238633831963,10.664303008956725,0.8423685458660575,0.33186954459591533,0.9563902680759965,1.949394653322929,0.9675674438476562,-3.5161391607334287,8.505616455991924e-06,baseline,B3,d01529e1d1,777,renders/B3_free_baseline_seed777_00001_.png,stage8_images.csv
B3_free_baseline_seed1337_00001_.png,1024,1280,8.393799781799316,3.7881364822387695,0.45130174422944536,0.050386810302734376,118.99639639639639,555,2.5674703121185303,3.3947956562042236,0.9043000000000001,0.534416587345603,4.400496621387874,1.668567419052124,1,5.0,3.3550705562625653,28.55453798034913,0.8727454824066792,0.5538897756258636,0.9185607214419951,1.7908949293739465,0.9704490661621094,-3.59763236058685,9.513840432364818e-06,baseline,B3,d01529e1d1,1337,renders/B3_free_baseline_seed1337_00001_.png,stage8_images.csv
B3_free_baseline_seed9999_00001_.png,1024,1280,7.19379997253418,3.240121841430664,0.4504047726933471,0.05544967651367187,167.07816091954024,435,2.4595112800598145,3.376277446746826,0.8949999999999999,0.554616265712022,4.653980167504315,1.7218360900878906,1,5.0,2.9541218555604645,33.641127009536845,0.8383322067061241,0.48453786864605813,0.9039893248760659,1.8357022943260584,0.9694503784179687,-3.6021845243773134,9.083970391991155e-06,baseline,B3,d01529e1d1,9999,renders/B3_free_baseline_seed9999_00001_.png,stage8_images.csv
B3_free_baseline_seed4242145_00001_.png,1024,1280,6.393799781799316,3.05509090423584,0.4778208590347959,0.058797454833984374,127.80597014925372,603,2.541412830352783,3.4026529788970947,0.8358000000000001,0.6963140290585359,6.893592962752135,1.6331895589828491,2,6.0,4.052579425501738,16.437391765440704,0.8467606997032784,0.38128706267729484,0.9360003711394935,1.862071852549137,0.9731918334960937,-3.5564183289825118,9.252300322585177e-06,baseline,B3,d01529e1d1,4242145,renders/B3_free_baseline_seed4242145_00001_.png,stage8_images.csv
B3_free_preset_pos_seed42_00001_.png,1024,1280,8.0,3.6927523612976074,0.4615940451622009,0.0521514892578125,153.2645739910314,446,2.2194719314575195,3.3269307613372803,0.8546,0.6226844290096001,5.620652865439905,1.3172075748443604,2,6.0,3.6353464415375876,23.42861436688934,0.8694034131040871,0.5215554298478768,0.9193588026188579,1.9451265690548531,0.9519676208496093,-3.6445765563055263,8.312530764868824e-06,preset_pos,B3,d01529e1d1,42,renders/B3_free_preset_pos_seed42_00001_.png,stage8_images.csv
B3_free_preset_pos_seed777_00001_.png,1024,1280,7.19379997253418,2.7022175788879395,0.3756314589236517,0.05409393310546875,162.24713958810068,437,2.3076462745666504,3.339052200317383,0.84995,0.6931852840763211,6.834051578849374,1.324461579322815,2,6.0,4.076505856735643,20.877857403996334,0.8505057915297094,0.37601532851173136,0.924836459868837,1.8738701870045043,0.9563636779785156,-3.626532081132881,8.995917938292153e-06,preset_pos,B3,d01529e1d1,777,renders/B3_free_preset_pos_seed777_00001_.png,stage8_images.csv
B3_free_preset_pos_seed1337_00001_.png,1024,1280,8.399999618530273,3.4330697059631348,0.4086987930796847,0.050518798828125,116.98939929328623,566,2.478095054626465,3.3838088512420654,0.84825,0.6022558586414128,5.311146904991447,1.9459447860717773,0,6.0,3.3358660972892062,24.24639153842217,0.8438810551718241,0.565512434665242,0.9360937447876192,2.3756586284433956,0.9373954772949218,-3.7864208001791333,5.5741246291908145e-06,preset_pos,B3,d01529e1d1,1337,renders/B3_free_preset_pos_seed1337_00001_.png,stage8_images.csv
B3_free_preset_pos_seed9999_00001_.png,1024,1280,8.393799781799316,3.4181792736053467,0.40722668665711453,0.05284194946289063,108.05148205928238,641,2.2196450233459473,3.362152099609375,0.8237000000000001,0.61694148757087,5.531865003799295,1.735939860343933,0,6.0,3.8297091127193053,24.16916978064878,0.8435068195149003,0.5944572726482237,0.9305953211413147,2.2016947062139574,0.9430389404296875,-3.778254821566766,5.393500565533402e-06,preset_pos,B3,d01529e1d1,9999,renders/B3_free_preset_pos_seed9999_00001_.png,stage8_images.csv
B3_free_preset_pos_seed4242145_00001_.png,1024,1280,7.19379997253418,3.6521835327148438,0.5076848879116497,0.055384063720703126,119.7904290429043,606,2.3448283672332764,3.35578989982605,0.81965,0.6795844213249416,6.581140788190035,1.5650701522827148,1,7.0,4.327657612677095,21.231443758183303,0.8448159101814035,0.46948437137936994,0.9403363459602048,2.31778146473757,0.9343177795410156,-3.7157866631212704,7.252047960728804e-06,preset_pos,B3,d01529e1d1,4242145,renders/B3_free_preset_pos_seed4242145_00001_.png,stage8_images.csv
B3_free_blockshuf_neg_seed42_00001_.png,1024,1280,4.393799781799316,2.876143455505371,0.6545913783826431,0.07097930908203125,85.1959706959707,1092,2.5598201751708984,3.4109151363372803,0.6604500000000001,0.8067668100378603,9.363625535131556,38.35325241088867,4,9.0,5.334153517663323,12.413736600525763,0.8462053779418993,0.3468198042820766,0.9461511599877702,2.0054387216627347,0.9619148254394531,-3.4586379529611055,1.0431242767619655e-05,blockshuf_neg,B3,d01529e1d1,42,renders/B3_free_blockshuf_neg_seed42_00001_.png,stage8_images.csv
B3_free_blockshuf_neg_seed777_00001_.png,1024,1280,4.393799781799316,2.9686262607574463,0.675639858023243,0.06362457275390625,95.1986301369863,876,2.689652681350708,3.4345850944519043,0.8555,0.6531304643890102,6.115717885514426,41.171607971191406,3,8.0,4.720278621177364,13.087988779368885,0.8613999113700844,0.4299413456910716,0.9488190584089402,1.9398389978430477,0.9640083312988281,-3.53640025260134,8.224711531015483e-06,blockshuf_neg,B3,d01529e1d1,777,renders/B3_free_blockshuf_neg_seed777_00001_.png,stage8_images.csv
B3_free_blockshuf_neg_seed1337_00001_.png,1024,1280,4.393799781799316,3.0098063945770264,0.6850121862731926,0.06434097290039062,78.96348314606742,1068,2.588406562805176,3.4213905334472656,0.7152499999999999,0.7667764127325827,8.380902741616081,50.298851013183594,4,8.0,5.307943413053675,13.402833433000799,0.853427105251391,0.3564142718698282,0.9413538393470224,2.0374156315401324,0.9578857421875,-3.5332243518042716,8.662122940465145e-06,blockshuf_neg,B3,d01529e1d1,1337,renders/B3_free_blockshuf_neg_seed1337_00001_.png,stage8_images.csv
B3_free_blockshuf_neg_seed9999_00001_.png,1024,1280,7.19379997253418,3.2049314975738525,0.44551301256779907,0.04734954833984375,154.76807980049875,401,2.597264289855957,3.3730621337890625,0.9402999999999999,0.38395470251880026,2.899529487253651,1.4071598052978516,0,5.0,2.7771362835662208,31.243715273745003,0.8304750768612223,0.45601021079711723,0.9114533343873417,1.7273082253276488,0.9670867919921875,-3.663891342727823,7.578201210240591e-06,blockshuf_neg,B3,d01529e1d1,9999,renders/B3_free_blockshuf_neg_seed9999_00001_.png,stage8_images.csv
B3_free_blockshuf_neg_seed4242145_00001_.png,1024,1280,4.393799781799316,2.9922640323638916,0.6810196597393707,0.07473068237304688,110.92978482446206,883,2.480715751647949,3.451756477355957,0.7445999999999999,0.7556109758379622,8.125428538370013,41.90090560913086,4,10.0,5.348455384501211,12.438015863245436,0.8356455053705015,0.37145875451156957,0.9461735681512966,2.1382887996836812,0.9564666748046875,-3.517403411185623,9.28109556896373e-06,blockshuf_neg,B3,d01529e1d1,4242145,renders/B3_free_blockshuf_neg_seed4242145_00001_.png,stage8_images.csv
B3_free_rand_pos_seed42_00001_.png,1024,1280,5.599999904632568,2.4132070541381836,0.4309298384347956,0.06836013793945313,141.99841521394612,631,2.6531355381011963,3.4837934970855713,0.73875,0.7406049238438647,7.794301263939089,42.02356719970703,4,9.0,5.280145004237273,14.638994862830216,0.854352920398333,0.34227010964390275,0.944302670049044,2.051975672367592,0.9532676696777344,-3.067244124668176,2.3622209395423718e-05,rand_pos,B3,d01529e1d1,42,renders/B3_free_rand_pos_seed42_00001_.png,stage8_images.csv
B3_free_rand_pos_seed777_00001_.png,1024,1280,5.599999904632568,2.691696882247925,0.48066016572986614,0.07791671752929688,109.5783261802575,932,2.688706159591675,3.503904104232788,0.6786000000000001,0.7847036895341589,8.808001765845429,42.04282760620117,5,9.0,5.845301788247349,17.758582565988654,0.8314040424824204,0.367065934219448,0.9278156107257137,2.109262435822203,0.9558319091796874,-3.098379511860027,2.4536133181504057e-05,rand_pos,B3,d01529e1d1,777,renders/B3_free_rand_pos_seed777_00001_.png,stage8_images.csv
B3_free_rand_pos_seed1337_00001_.png,1024,1280,8.0,3.3914601802825928,0.4239325225353241,0.056850433349609375,130.270979020979,572,2.3549609184265137,3.416440725326538,0.8836999999999999,0.5729261043371481,4.896342293047795,1.8005449771881104,1,5.0,3.198305309383365,32.562061839319966,0.847867954623105,0.5004713743229106,0.9149326087957876,1.6954484020330205,0.9749389648437501,-3.533670059552637,1.0744452955428084e-05,rand_pos,B3,d01529e1d1,1337,renders/B3_free_rand_pos_seed1337_00001_.png,stage8_images.csv
B3_free_rand_pos_seed9999_00001_.png,1024,1280,8.0,3.8150112628936768,0.4768764078617096,0.05896148681640625,152.42998027613413,507,2.1936237812042236,3.3709709644317627,0.8828999999999999,0.5232373874807505,4.266193934780857,1.9042776823043823,0,5.0,2.7590122213393693,34.66489329858421,0.8481655107790833,0.5469566463778757,0.907554561426592,1.5709687840157789,0.9806297302246094,-3.540813742397832,1.0991153317700585e-05,rand_pos,B3,d01529e1d1,9999,renders/B3_free_rand_pos_seed9999_00001_.png,stage8_images.csv
B3_free_rand_pos_seed4242145_00001_.png,1024,1280,7.19379997253418,3.7010738849639893,0.5144810669040888,0.055193328857421876,101.32072829131653,714,2.537954330444336,3.476438283920288,0.7954000000000001,0.6960409044489754,6.88837468134795,11.699606895446777,1,5.0,3.7459931800861113,31.67081820661714,0.8586780604985733,0.3848081540444501,0.9026933698100891,1.6953411788652717,0.9739936828613281,-3.513708838959988,1.1903561493682097e-05,rand_pos,B3,d01529e1d1,4242145,renders/B3_free_rand_pos_seed4242145_00001_.png,stage8_images.csv
B3_fixed_baseline_seed42_00001_.png,1024,1280,4.393799781799316,2.666247606277466,0.6068204603500627,0.07064056396484375,108.92941176470588,850,2.768376350402832,3.4566428661346436,0.73165,0.7940307631673713,9.038748631192375,83.9510726928711,4,13.0,6.481024104067195,5.83792186459155,0.8359881004725576,0.2851416656146488,0.9529887896811108,2.3321989658782445,0.9462654113769531,-3.516030280481451,8.14689212773439e-06,baseline,B3,1a77f2e506,42,renders/B3_fixed_baseline_seed42_00001_.png,stage8_images.csv
B3_fixed_baseline_seed777_00001_.png,1024,1280,4.393799781799316,2.3659467697143555,0.5384739604009608,0.07138442993164062,129.41217150760718,723,2.752505302429199,3.4583561420440674,0.717,0.7910590058631505,8.964580189864378,76.8027572631836,4,14.0,6.251701768318767,5.379133085518613,0.8409674957976497,0.28947972892990015,0.9562025179345135,2.3343625424731327,0.9473793029785156,-3.5634487713343606,6.6436101300280126e-06,baseline,B3,1a77f2e506,777,renders/B3_fixed_baseline_seed777_00001_.png,stage8_images.csv
B3_fixed_baseline_seed1337_00001_.png,1024,1280,4.393799781799316,2.504413604736328,0.5699881034885798,0.064154052734375,106.57541191381496,789,2.7959885597229004,3.47578763961792,0.7522,0.7725249040895503,8.515549427778206,82.70396423339844,3,13.0,6.6028536047399475,4.542082986102388,0.8590836482720581,0.3294297937405385,0.9654083769448081,2.2708227409483053,0.9512428283691405,-3.5666634797877395,6.262779168889228e-06,baseline,B3,1a77f2e506,1337,renders/B3_fixed_baseline_seed1337_00001_.png,stage8_images.csv
B3_fixed_baseline_seed9999_00001_.png,1024,1280,4.393799781799316,2.3863162994384766,0.5431099317095532,0.07714080810546875,120.36904761904762,840,2.865213632583618,3.5720596313476562,0.6296499999999999,0.8669249874354417,11.063223874666457,67.00482177734375,4,14.0,6.009596268736286,5.375673457182388,0.8195168163349725,0.25506238368176043,0.9640044034255077,2.6227587291055796,0.9216087341308594,-3.5652787373170747,5.496552273422339e-06,baseline,B3,1a77f2e506,9999,renders/B3_fixed_baseline_seed9999_00001_.png,stage8_images.csv
B3_fixed_baseline_seed4242145_00001_.png,1024,1280,4.393799781799316,2.50622820854187,0.5704010954080247,0.07121429443359376,151.77560975609757,615,2.9461162090301514,3.630401134490967,0.7055,0.8058896749828428,9.340881475943412,73.8177490234375,5,13.0,5.8633050077074245,5.78084976016329,0.8325130570310655,0.31368050288954247,0.9455276669371788,2.74212685972203,0.8896987915039063,-3.6526969671631613,5.4349846935166095e-06,baseline,B3,1a77f2e506,4242145,renders/B3_fixed_baseline_seed4242145_00001_.png,stage8_images.csv
B3_fixed_preset_pos_seed42_00001_.png,1024,1280,4.0,2.491849422454834,0.6229623556137085,0.07097549438476562,113.03645200486027,823,2.429324150085449,3.4499430656433105,0.7855000000000001,0.7574894648042614,8.16785842094892,76.97272491455078,3,13.0,6.418808848782722,4.483992555244889,0.8472008457931652,0.35386794767479957,0.9599159535855266,2.2209278620123243,0.9436660766601563,-3.576707817415695,6.094133627061256e-06,preset_pos,B3,1a77f2e506,42,renders/B3_fixed_preset_pos_seed42_00001_.png,stage8_images.csv
B3_fixed_preset_pos_seed777_00001_.png,1024,1280,4.393799781799316,2.291074752807617,0.5214335806328875,0.07071380615234375,148.2976,625,2.490504026412964,3.3964016437530518,0.7102,0.8000420812872262,9.190659089322732,70.32003021240234,3,12.0,6.213632209599793,4.865953775184842,0.8527408887079263,0.3347384610867521,0.9528943959659963,2.1733155570710796,0.9435470581054688,-3.6453562828484185,5.9185866606554085e-06,preset_pos,B3,1a77f2e506,777,renders/B3_fixed_preset_pos_seed777_00001_.png,stage8_images.csv
B3_fixed_preset_pos_seed1337_00001_.png,1024,1280,4.393799781799316,2.331990957260132,0.5307458402906907,0.0629180908203125,127.85736434108527,645,2.462045192718506,3.4017930030822754,0.74855,0.7868254013570642,8.859968720333747,75.26373291015625,3,12.0,6.006053231773181,5.393186485723518,0.8604301675415331,0.3500583843508641,0.953271856028768,2.2073618090250355,0.9405838012695313,-3.71959239115935,5.215544321849197e-06,preset_pos,B3,1a77f2e506,1337,renders/B3_fixed_preset_pos_seed1337_00001_.png,stage8_images.csv
B3_fixed_preset_pos_seed9999_00001_.png,1024,1280,4.393799781799316,2.266575574874878,0.5158577284890953,0.072515869140625,127.23962516733602,747,2.5214247703552246,3.4095091819763184,0.76545,0.7573113038138359,8.163824763509435,68.9323959350586,3,12.0,6.153522552908063,5.7249695104149225,0.8497568609084026,0.34819136499990144,0.9517586400542122,2.2151176063006095,0.9411163330078125,-3.5380916996472007,7.719769286056184e-06,preset_pos,B3,1a77f2e506,9999,renders/B3_fixed_preset_pos_seed9999_00001_.png,stage8_images.csv
B3_fixed_preset_pos_seed4242145_00001_.png,1024,1280,4.393799781799316,2.3678319454193115,0.5389030140216481,0.07073974609375,155.5704697986577,596,2.7601447105407715,3.469820022583008,0.6186499999999999,0.850227275630316,10.562717199659758,66.42353057861328,3,12.0,5.869743744090008,4.800183352229338,0.8374435992037972,0.3065569101468002,0.9514448177964003,2.8510696969089833,0.8351219177246094,-3.694230517806238,5.4602955399449305e-06,preset_pos,B3,1a77f2e506,4242145,renders/B3_fixed_preset_pos_seed4242145_00001_.png,stage8_images.csv
B3_fixed_blockshuf_neg_seed42_00001_.png,1024,1280,4.393799781799316,2.736262321472168,0.6227553501201263,0.06835861206054687,83.34790697674418,1075,2.646540880203247,3.4646689891815186,0.8523000000000001,0.6101174015796095,5.428183930295018,88.27860260009766,2,10.0,5.839880839643144,7.0626345969409146,0.8515997881785302,0.4789302883373241,0.9393630659036376,2.310885775074638,0.9395538330078125,-3.419958290023276,9.401025011059013e-06,blockshuf_neg,B3,1a77f2e506,42,renders/B3_fixed_blockshuf_neg_seed42_00001_.png,stage8_images.csv
B3_fixed_blockshuf_neg_seed777_00001_.png,1024,1280,4.393799781799316,2.491342544555664,0.5670132159584722,0.0691162109375,91.6923076923077,988,2.6466081142425537,3.4419326782226562,0.82965,0.7000751251709627,6.965855281639837,90.78691101074219,3,13.0,6.532809440755511,8.222609143311598,0.8303870694355793,0.30480970467864166,0.9340419249754793,2.2578367375494435,0.9476257324218751,-3.5042825176469954,8.603419435769656e-06,blockshuf_neg,B3,1a77f2e506,777,renders/B3_fixed_blockshuf_neg_seed777_00001_.png,stage8_images.csv
B3_fixed_blockshuf_neg_seed1337_00001_.png,1024,1280,4.0,2.485715389251709,0.6214288473129272,0.07247848510742187,91.78647342995168,1035,2.7389540672302246,3.6258089542388916,0.6165,0.865469231405653,11.018660343846014,89.28374481201172,3,13.0,6.306885993697683,7.77819362299048,0.8289639445545172,0.27807734845699006,0.9324257962531386,2.635683904618554,0.9099655151367188,-3.5331348978213883,8.118702066557834e-06,blockshuf_neg,B3,1a77f2e506,1337,renders/B3_fixed_blockshuf_neg_seed1337_00001_.png,stage8_images.csv
B3_fixed_blockshuf_neg_seed9999_00001_.png,1024,1280,4.393799781799316,2.5605716705322266,0.5827693107772062,0.07468185424804688,77.0763779527559,1270,2.521087169647217,3.468627691268921,0.8340500000000001,0.656987588939007,6.181471684337691,72.8550796508789,2,10.0,6.651401129863206,7.801162305887323,0.8343382723428332,0.4300731446764744,0.9528991913450895,2.306523752132857,0.9401535034179688,-3.4489172379878537,7.728153710533342e-06,blockshuf_neg,B3,1a77f2e506,9999,renders/B3_fixed_blockshuf_neg_seed9999_00001_.png,stage8_images.csv
B3_fixed_blockshuf_neg_seed4242145_00001_.png,1024,1280,4.0,2.3650200366973877,0.5912550091743469,0.07735061645507812,91.09164420485175,1113,2.6803979873657227,3.5148956775665283,0.79345,0.7013234951216492,6.990007388226664,87.47895812988281,3,11.0,6.559627097770024,6.439534609920328,0.8365436941373381,0.430487902706791,0.9321220960648753,2.5424011200111107,0.9181632995605469,-3.377631966727422,1.0456737849782546e-05,blockshuf_neg,B3,1a77f2e506,4242145,renders/B3_fixed_blockshuf_neg_seed4242145_00001_.png,stage8_images.csv
B3_fixed_rand_pos_seed42_00001_.png,1024,1280,4.393799781799316,2.9051496982574463,0.6611930089057793,0.06875381469726563,104.90919674039581,859,2.9128236770629883,3.564008951187134,0.6928,0.7950586984904149,9.064546187965398,97.46275329589844,2,13.0,5.833135949041476,5.510666187343196,0.8331580058667656,0.3024511260675117,0.9394353574700367,2.349858516368683,0.9581993103027344,-3.4295308077463242,1.1271483235694465e-05,rand_pos,B3,1a77f2e506,42,renders/B3_fixed_rand_pos_seed42_00001_.png,stage8_images.csv
B3_fixed_rand_pos_seed777_00001_.png,1024,1280,5.599999904632568,2.5581371784210205,0.45681021821175677,0.07115097045898437,113.04121212121213,825,2.843285322189331,3.545159339904785,0.68575,0.8119467396645005,9.49907450612718,80.90383911132812,3,11.0,6.228320292703893,6.589539377489596,0.83839351813819,0.3358589201318869,0.9555773796635852,2.3527081629051163,0.9602470397949219,-3.5143354433615874,6.964641875354073e-06,rand_pos,B3,1a77f2e506,777,renders/B3_fixed_rand_pos_seed777_00001_.png,stage8_images.csv
B3_fixed_rand_pos_seed1337_00001_.png,1024,1280,5.599999904632568,2.7210240364074707,0.4858971576332562,0.06672210693359375,108.23514851485149,808,2.8639075756073,3.5240917205810547,0.7524,0.765831443694352,8.358973428507793,91.91864013671875,3,12.0,6.0435539580462345,6.189828917385884,0.8545173140017999,0.3617527911391688,0.942387739704196,2.306230595097777,0.9634620666503906,-3.477030402012093,9.769941991952143e-06,rand_pos,B3,1a77f2e506,1337,renders/B3_fixed_rand_pos_seed1337_00001_.png,stage8_images.csv
B3_fixed_rand_pos_seed9999_00001_.png,1024,1280,4.393799781799316,2.4461493492126465,0.5567275412378753,0.07155303955078125,135.9217391304348,690,2.889451742172241,3.6238293647766113,0.6823000000000001,0.8141377765795981,9.55695553530006,82.20381164550781,3,11.0,5.864485804399223,8.06638164298042,0.8319302486041092,0.2813170320055669,0.9389031824593497,2.458616921051817,0.9482307434082031,-3.5552543335027678,8.992994915566714e-06,rand_pos,B3,1a77f2e506,9999,renders/B3_fixed_rand_pos_seed9999_00001_.png,stage8_images.csv
B3_fixed_rand_pos_seed4242145_00001_.png,1024,1280,4.393799781799316,2.589357614517212,0.5893208027464641,0.07238006591796875,101.2486659551761,937,2.9425241947174072,3.588744640350342,0.7983,0.7260088220945035,7.48517106799374,93.6991958618164,2,12.0,5.852499332550154,6.049385830399577,0.8264159862420484,0.3009207606300953,0.9361941026795942,2.449283631826039,0.9526237487792969,-3.423696536158588,1.1414354842849258e-05,rand_pos,B3,1a77f2e506,4242145,renders/B3_fixed_rand_pos_seed4242145_00001_.png,stage8_images.csv
B4_free_baseline_seed42_00001_.png,1024,1280,4.393799781799316,2.332571506500244,0.5308779694884109,0.080181884765625,176.04020100502512,597,2.77108097076416,3.83335542678833,0.5304,0.8929717426993922,11.89173217081275,54.44721221923828,4,12.0,6.444823019292307,10.0208453926792,0.7970883729640676,0.2837422409648525,0.9232767528531286,2.998259437728799,0.8336662292480469,-3.6338478859859293,4.434580828142021e-06,baseline,B4,4671cedb95,42,renders/B4_free_baseline_seed42_00001_.png,stage8_images.csv
B4_free_baseline_seed777_00001_.png,1024,1280,4.393799781799316,2.301438808441162,0.52379237169034,0.09263153076171875,164.74084124830392,737,2.7584145069122314,3.86248779296875,0.5660000000000001,0.8595127758278536,10.838183724487092,53.38644790649414,6,13.0,6.3378544033055855,10.42920947545226,0.7789101983596236,0.28120106981236903,0.9217706105471843,3.0414482543051395,0.8316520690917969,-3.5971196542945765,5.004851892782159e-06,baseline,B4,4671cedb95,777,renders/B4_free_baseline_seed777_00001_.png,stage8_images.csv
B4_free_baseline_seed1337_00001_.png,1024,1280,4.0,2.1023430824279785,0.5255857706069946,0.09147109985351562,155.30181347150258,772,2.751584529876709,3.8424570560455322,0.44484999999999997,0.942145965456629,13.628773802500538,55.232826232910156,5,14.0,6.637160877261456,10.328718227737774,0.7684575369959497,0.20200539978763024,0.9210576452231583,3.0624280303080673,0.8246978759765625,-3.5657011184957854,5.50245739854709e-06,baseline,B4,4671cedb95,1337,renders/B4_free_baseline_seed1337_00001_.png,stage8_images.csv
B4_free_baseline_seed9999_00001_.png,1024,1280,4.393799781799316,2.3031723499298096,0.5241869143583578,0.086376953125,169.7391304347826,667,2.8418893814086914,3.92413067817688,0.5186499999999999,0.907665066537702,12.38618733393918,54.27278137207031,5,14.0,6.568006618259455,9.909094313702491,0.7781843096135733,0.23727979639554303,0.9254507846909893,3.085557222565325,0.8190277099609375,-3.557610887877135,5.446740709207652e-06,baseline,B4,4671cedb95,9999,renders/B4_free_baseline_seed9999_00001_.png,stage8_images.csv
B4_free_baseline_seed4242145_00001_.png,1024,1280,4.393799781799316,2.4302399158477783,0.5531066585953001,0.08801727294921875,176.4006116207951,654,2.7915561199188232,3.8077855110168457,0.5579,0.875222304299123,11.320683947637477,54.41304016113281,6,13.0,6.240782173709082,10.140727844341118,0.7536330256040541,0.19785610979895948,0.925743631902894,3.0772056358034128,0.8170791625976563,-3.583674588379111,5.101539808051579e-06,baseline,B4,4671cedb95,4242145,renders/B4_free_baseline_seed4242145_00001_.png,stage8_images.csv
B4_free_preset_pos_seed42_00001_.png,1024,1280,4.393799781799316,2.4081532955169678,0.5480798887314794,0.06789398193359375,155.84938704028022,571,2.669884443283081,3.5874862670898438,0.5576,0.8865965596503206,11.683383544325492,54.184844970703125,6,13.0,6.228695793186442,6.262105426515653,0.8287111609175587,0.28944127584385254,0.9455330575613231,2.8661058727773137,0.8289222717285156,-3.626242629414432,3.349593397276751e-06,preset_pos,B4,4671cedb95,42,renders/B4_free_preset_pos_seed42_00001_.png,stage8_images.csv
B4_free_preset_pos_seed777_00001_.png,1024,1280,4.393799781799316,2.3045573234558105,0.5245021252452394,0.07908172607421875,188.1197822141561,551,2.6755330562591553,3.7994658946990967,0.4993,0.8966794014325202,12.014607436570621,56.574302673339844,5,13.0,6.035685645137731,7.2041299445238725,0.7966693167439296,0.2841136429685326,0.9415461118938713,3.0260678777844903,0.7947463989257814,-3.6561707273892163,3.7286012920148114e-06,preset_pos,B4,4671cedb95,777,renders/B4_free_preset_pos_seed777_00001_.png,stage8_images.csv
B4_free_preset_pos_seed1337_00001_.png,1024,1280,4.393799781799316,2.506909132003784,0.570556069120012,0.0800994873046875,179.46666666666667,585,2.622450590133667,3.8959169387817383,0.47665,0.9120962207086517,12.539299785066884,55.641578674316406,4,13.0,6.493034248331053,7.194921067241386,0.7782961894900261,0.21595014431679196,0.9449952659527721,3.0439292409086147,0.7991500854492188,-3.6505027968478347,3.982501297280668e-06,preset_pos,B4,4671cedb95,1337,renders/B4_free_preset_pos_seed1337_00001_.png,stage8_images.csv
B4_free_preset_pos_seed9999_00001_.png,1024,1280,4.393799781799316,2.2875382900238037,0.5206287049081303,0.08580398559570312,176.0015649452269,639,2.6810142993927,3.840445041656494,0.4074,0.9638610351828988,14.474525408651395,54.14833068847656,4,13.0,5.771830163604955,7.992656357363715,0.7687858923003716,0.17527626456875978,0.9395012650597723,3.0993630961462215,0.7860282897949219,-3.6474417189612494,4.14164741857384e-06,preset_pos,B4,4671cedb95,9999,renders/B4_free_preset_pos_seed9999_00001_.png,stage8_images.csv
B4_free_preset_pos_seed4242145_00001_.png,1024,1280,4.393799781799316,2.311060905456543,0.5259822978347307,0.087249755859375,170.43219076005963,671,2.621323823928833,3.774387836456299,0.5327,0.8915316012923317,11.844344109016678,58.73746871948242,5,14.0,5.940951102306768,7.66935360489616,0.7698857108717552,0.2487043093692668,0.9408837395258596,3.065135798706118,0.7962364196777343,-3.6008120456275288,4.3665852463787956e-06,preset_pos,B4,4671cedb95,4242145,renders/B4_free_preset_pos_seed4242145_00001_.png,stage8_images.csv
B4_free_blockshuf_neg_seed42_00001_.png,1024,1280,4.393799781799316,2.146219491958618,0.4884654737453044,0.08008804321289062,186.45293072824157,563,2.499044418334961,3.6019811630249023,0.6228,0.8206104257816632,9.730012801542816,48.68962860107422,7,14.0,6.53985985818127,10.076082960088769,0.8082167647377236,0.3451934699024774,0.9269589503996116,2.673399429829896,0.8954307556152343,-3.630182913073711,3.831357935125477e-06,blockshuf_neg,B4,4671cedb95,42,renders/B4_free_blockshuf_neg_seed42_00001_.png,stage8_images.csv
B4_free_blockshuf_neg_seed777_00001_.png,1024,1280,4.393799781799316,2.3449485301971436,0.5336948988688004,0.07685470581054688,162.21417069243157,621,2.690993547439575,3.692547559738159,0.5722,0.8757047049979687,11.335835478439853,49.96106719970703,6,12.0,6.405895937645005,9.430636219531932,0.8015330441641508,0.23856344051988873,0.9304242868237612,2.8254650048523904,0.8653793334960938,-3.6337875686362544,4.2975967645084415e-06,blockshuf_neg,B4,4671cedb95,777,renders/B4_free_blockshuf_neg_seed777_00001_.png,stage8_images.csv
B4_free_blockshuf_neg_seed1337_00001_.png,1024,1280,4.393799781799316,2.328002691268921,0.5298381371204799,0.08956680297851563,143.1670731707317,820,2.4685559272766113,3.73042893409729,0.5428,0.883157216864252,11.572501684021171,57.99968338012695,6,12.0,6.639984344149558,10.38366689453122,0.7932213250446012,0.2818872774900068,0.92452740883138,2.7425102924115476,0.8978721618652343,-3.5353401345876088,5.488112462889108e-06,blockshuf_neg,B4,4671cedb95,1337,renders/B4_free_blockshuf_neg_seed1337_00001_.png,stage8_images.csv
B4_free_blockshuf_neg_seed9999_00001_.png,1024,1280,4.393799781799316,2.4230618476867676,0.5514729773814347,0.0820404052734375,168.01875,640,2.586475133895874,3.7129433155059814,0.6135,0.840539895642097,10.282788059300234,56.61930847167969,6,12.0,6.654517248302667,10.409658779471673,0.8125423077559291,0.3515233919557763,0.9342653325718469,2.7465084075738484,0.8919715881347656,-3.5600928831136884,5.145971376540422e-06,blockshuf_neg,B4,4671cedb95,9999,renders/B4_free_blockshuf_neg_seed9999_00001_.png,stage8_images.csv
B4_free_blockshuf_neg_seed4242145_00001_.png,1024,1280,4.393799781799316,2.4043405055999756,0.5472121227643577,0.075689697265625,161.31382113821138,615,2.6516401767730713,3.6068973541259766,0.5623,0.8832817871632621,11.576499310498393,56.093658447265625,6,11.0,6.410989363317134,9.533554638410086,0.8160954131612965,0.2685421767504401,0.9284392310333478,2.8365512482852955,0.8642898559570311,-3.603728035476794,4.426331131484072e-06,blockshuf_neg,B4,4671cedb95,4242145,renders/B4_free_blockshuf_neg_seed4242145_00001_.png,stage8_images.csv
B4_free_rand_pos_seed42_00001_.png,1024,1280,4.393799781799316,2.428807020187378,0.5527805409450749,0.08794479370117188,174.38880484114978,661,2.80942440032959,3.9673759937286377,0.4624,0.932641124931222,13.274305705832138,44.99680709838867,3,14.0,6.719447521932142,11.107682654503769,0.772280255541537,0.21781405874408405,0.9080460211501811,3.1000021308823484,0.8299041748046876,-3.4864822713827963,6.1278901322306196e-06,rand_pos,B4,4671cedb95,42,renders/B4_free_rand_pos_seed42_00001_.png,stage8_images.csv
B4_free_rand_pos_seed777_00001_.png,1024,1280,4.393799781799316,2.457003116607666,0.5591977874789489,0.09193038940429688,146.23179611650485,824,2.7938218116760254,3.8894076347351074,0.4741,0.9222338555536783,12.896748007896122,43.56661605834961,3,14.0,6.419376945061053,12.087628214412424,0.7625473146688307,0.2084548015558696,0.89825472183536,3.0973580289262386,0.8376617431640625,-3.4707022928060476,6.907949144612185e-06,rand_pos,B4,4671cedb95,777,renders/B4_free_rand_pos_seed777_00001_.png,stage8_images.csv
B4_free_rand_pos_seed1337_00001_.png,1024,1280,4.393799781799316,2.219270944595337,0.5050915050313279,0.09403457641601562,128.79101358411702,957,2.886169910430908,4.012448787689209,0.5039,0.9251112384006032,13.000047176373892,45.86572265625,4,14.0,5.908370340683021,11.775200215251814,0.7502846032764665,0.19843140488253344,0.9123490503586001,3.128038249477304,0.8295539855957031,-3.4657739536868224,7.0895789266408785e-06,rand_pos,B4,4671cedb95,1337,renders/B4_free_rand_pos_seed1337_00001_.png,stage8_images.csv
B4_free_rand_pos_seed9999_00001_.png,1024,1280,4.393799781799316,2.5133495330810547,0.572021862145891,0.09078140258789062,159.50268096514745,746,2.8068618774414062,3.96730637550354,0.46785,0.9371405846217449,13.440941921382139,46.63898849487305,5,14.0,5.938159504902501,12.013309417276298,0.7638193751149818,0.19744223213859546,0.9159097676334809,3.0946776162377354,0.8397575378417969,-3.4762095384665033,6.837001014940114e-06,rand_pos,B4,4671cedb95,9999,renders/B4_free_rand_pos_seed9999_00001_.png,stage8_images.csv
B4_free_rand_pos_seed4242145_00001_.png,1024,1280,4.393799781799316,2.2558295726776123,0.5134120088999189,0.09496002197265625,151.23450789793438,823,2.728187322616577,3.7947328090667725,0.4872,0.9155358378159374,12.659454644504338,50.708396911621094,6,15.0,6.310264862802327,10.863015423751527,0.7655327911061653,0.23742909749069235,0.9227197950414483,3.057209978780672,0.8517768859863281,-3.5120870211220256,6.2649110122603666e-06,rand_pos,B4,4671cedb95,4242145,renders/B4_free_rand_pos_seed4242145_00001_.png,stage8_images.csv
B4_fixed_baseline_seed42_00001_.png,1024,1280,4.393799781799316,2.2605793476104736,0.5144930265085356,0.07232666015625,154.90196078431373,612,3.001525402069092,3.8844382762908936,0.4975,0.902994047346843,12.226810370010869,55.57139587402344,7,14.0,6.592644701351152,6.248415698282646,0.803304812700171,0.22347020079916613,0.9005427897617767,3.0543365539158325,0.8309844970703124,-3.5354924732992647,7.039336765168333e-06,baseline,B4,0d2e3ec37c,42,renders/B4_fixed_baseline_seed42_00001_.png,stage8_images.csv
B4_fixed_baseline_seed777_00001_.png,1024,1280,4.393799781799316,2.349172830581665,0.5346563219181665,0.08199462890625,163.82926829268294,656,2.8585634231567383,3.785912275314331,0.48655,0.919573144956199,12.801958038445301,57.76170349121094,6,13.0,6.2962860736701725,7.266754678902499,0.7940225786378015,0.2090222980394505,0.9026379392060513,3.0516187728791904,0.8359191894531249,-3.571870556261945,7.0475263499821665e-06,baseline,B4,0d2e3ec37c,777,renders/B4_fixed_baseline_seed777_00001_.png,stage8_images.csv
B4_fixed_baseline_seed1337_00001_.png,1024,1280,4.393799781799316,2.3886055946350098,0.5436309602748548,0.07945327758789063,184.64716312056737,564,2.8252415657043457,3.8281984329223633,0.5305500000000001,0.9159319231019869,12.673364661088993,60.03626251220703,6,12.0,6.403909590229739,6.489219001294902,0.7871080842760896,0.20350690713190506,0.904474191009447,3.0608747102444784,0.8273422241210938,-3.594593178534454,6.00754172815524e-06,baseline,B4,0d2e3ec37c,1337,renders/B4_fixed_baseline_seed1337_00001_.png,stage8_images.csv
B4_fixed_baseline_seed9999_00001_.png,1024,1280,4.393799781799316,2.337693452835083,0.5320436908660795,0.0782623291015625,170.3986710963455,602,2.9473323822021484,3.865825653076172,0.49095,0.9242212890555094,12.968009576298911,56.896427154541016,7,14.0,6.277571458710843,6.007058905775084,0.7987108331215411,0.22135299233093358,0.9054892394059197,3.0742000052617717,0.8265350341796875,-3.5517407905921536,6.296761707788216e-06,baseline,B4,0d2e3ec37c,9999,renders/B4_fixed_baseline_seed9999_00001_.png,stage8_images.csv
B4_fixed_baseline_seed4242145_00001_.png,1024,1280,4.0,2.140537977218628,0.535134494304657,0.08313064575195313,176.59805510534846,617,2.7929060459136963,3.7719008922576904,0.51825,0.9179820786600057,12.74560821461546,62.194602966308594,6,15.0,6.4577824487356414,7.204093768702925,0.7816703442579032,0.20947874255205212,0.8880226373578305,3.037805986760666,0.8434623718261718,-3.5512880661884774,7.80526364807998e-06,baseline,B4,0d2e3ec37c,4242145,renders/B4_fixed_baseline_seed4242145_00001_.png,stage8_images.csv
B4_fixed_preset_pos_seed42_00001_.png,1024,1280,4.393799781799316,2.331364393234253,0.5306032384296605,0.07494277954101562,208.99787234042554,470,2.6139397621154785,3.640671491622925,0.52735,0.9106516791200686,12.489178825477287,56.64659118652344,6,13.0,6.074267213516652,6.1120651606573055,0.795339364351445,0.21243256670172062,0.9115735342663833,3.023560651232405,0.8151008605957032,-3.6226035697968495,5.7079885898916905e-06,preset_pos,B4,0d2e3ec37c,42,renders/B4_fixed_preset_pos_seed42_00001_.png,stage8_images.csv
B4_fixed_preset_pos_seed777_00001_.png,1024,1280,4.393799781799316,2.302488088607788,0.5240311809713118,0.07498931884765625,199.77642276422765,492,2.214153289794922,3.160121440887451,0.5700500000000001,0.8700565647461794,11.159699377897276,54.568397521972656,7,14.0,6.3864882741722475,6.958936142430256,0.8154404354990836,0.2924399247185766,0.9039024038583703,2.7474686641914596,0.8840484619140625,-3.632966071491068,5.1022728422495365e-06,preset_pos,B4,0d2e3ec37c,777,renders/B4_fixed_preset_pos_seed777_00001_.png,stage8_images.csv
B4_fixed_preset_pos_seed1337_00001_.png,1024,1280,4.393799781799316,2.2978036403656006,0.5229650312888452,0.06787567138671875,207.8644859813084,428,2.656850814819336,3.605203866958618,0.5059,0.9240497614576394,12.961843775143977,59.52317810058594,5,14.0,6.302157838823849,4.789090631657201,0.8152858846731357,0.21306558108386003,0.9215193803112105,3.029477164522129,0.8082801818847656,-3.6875069781161685,3.857158165699074e-06,preset_pos,B4,0d2e3ec37c,1337,renders/B4_fixed_preset_pos_seed1337_00001_.png,stage8_images.csv
B4_fixed_preset_pos_seed9999_00001_.png,1024,1280,4.393799781799316,2.224062204360962,0.506181964315675,0.06848220825195313,195.98471615720524,458,2.811274290084839,3.7959535121917725,0.5387000000000001,0.9065934548072045,12.349440871111012,62.40025329589844,6,15.0,5.908326540741139,4.458616299491147,0.7993462526236437,0.21896294761809715,0.9284276012803694,3.0640335101712424,0.8041931152343751,-3.661804535339066,4.640270248108623e-06,preset_pos,B4,0d2e3ec37c,9999,renders/B4_fixed_preset_pos_seed9999_00001_.png,stage8_images.csv
B4_fixed_preset_pos_seed4242145_00001_.png,1024,1280,4.393799781799316,2.154073715209961,0.4902530434210729,0.08184890747070313,178.50415973377704,601,2.6476738452911377,3.7493767738342285,0.51555,0.907982571923676,12.397095842195414,62.772216796875,6,15.0,6.165426767760116,5.285280396742744,0.7967580114872521,0.23102521077070276,0.920534738084883,3.056731364439197,0.8126930236816406,-3.604428135439155,5.735226597251992e-06,preset_pos,B4,0d2e3ec37c,4242145,renders/B4_fixed_preset_pos_seed4242145_00001_.png,stage8_images.csv
B4_fixed_blockshuf_neg_seed42_00001_.png,1024,1280,4.393799781799316,2.2688238620758057,0.5163694239036749,0.064666748046875,137.15210355987054,618,2.9114348888397217,3.709137201309204,0.70155,0.7679972008502313,8.40931800864727,58.27156448364258,6,11.0,6.838882828520545,6.995530425223233,0.8328335281469881,0.3211198899723161,0.8881396678308311,2.7382524625156606,0.8851539611816406,-3.5914457463631395,7.020155261520451e-06,blockshuf_neg,B4,0d2e3ec37c,42,renders/B4_fixed_blockshuf_neg_seed42_00001_.png,stage8_images.csv
B4_fixed_blockshuf_neg_seed777_00001_.png,1024,1280,4.393799781799316,2.3675239086151123,0.5388329068662253,0.0758453369140625,136.18082191780823,730,2.697322130203247,3.6503305435180664,0.6476500000000001,0.8187506161906273,9.679969251417702,67.1263656616211,5,9.0,5.935783225816185,7.522255611033662,0.8156018789250175,0.3223610528383654,0.881015076512743,2.7703186526805847,0.8872871398925781,-3.629790847257597,6.250950108235531e-06,blockshuf_neg,B4,0d2e3ec37c,777,renders/B4_fixed_blockshuf_neg_seed777_00001_.png,stage8_images.csv
B4_fixed_blockshuf_neg_seed1337_00001_.png,1024,1280,4.393799781799316,2.4065945148468018,0.5477251204790381,0.073284912109375,161.43865546218487,595,2.821345329284668,3.8835721015930176,0.5293,0.8906223490126423,11.814522329304042,64.71388244628906,5,11.0,6.840624139805614,6.296390586273679,0.8152866712717293,0.2590933437947648,0.8791423800136313,2.860244807484858,0.8750427246093749,-3.6305197680246692,5.923472117878326e-06,blockshuf_neg,B4,0d2e3ec37c,1337,renders/B4_fixed_blockshuf_neg_seed1337_00001_.png,stage8_images.csv
B4_fixed_blockshuf_neg_seed9999_00001_.png,1024,1280,5.599999904632568,2.4526026248931885,0.4379647619037077,0.07014083862304688,147.096,625,2.8575987815856934,3.722973108291626,0.725,0.7740515845871319,8.551670926529074,59.68769073486328,7,10.0,6.40679704981358,6.642984570704092,0.8137446288590859,0.293975485657223,0.885036872129813,2.80826397416554,0.883343505859375,-3.619620240188757,6.499373336161065e-06,blockshuf_neg,B4,0d2e3ec37c,9999,renders/B4_fixed_blockshuf_neg_seed9999_00001_.png,stage8_images.csv
B4_fixed_blockshuf_neg_seed4242145_00001_.png,1024,1280,4.393799781799316,2.1776230335235596,0.4956127137481434,0.07700347900390625,151.3193403298351,667,2.732368230819702,3.6932921409606934,0.71495,0.7670998524420294,8.388421815218017,68.5988998413086,6,12.0,6.714896699835505,8.333051114679966,0.8244366406115309,0.3479123905695991,0.8762632408029736,2.7623603486279857,0.8924240112304688,-3.573227458798391,9.344232225721863e-06,blockshuf_neg,B4,0d2e3ec37c,4242145,renders/B4_fixed_blockshuf_neg_seed4242145_00001_.png,stage8_images.csv
B4_fixed_rand_pos_seed42_00001_.png,1024,1280,4.393799781799316,2.2897422313690186,0.5211303074969292,0.0863922119140625,140.49131513647643,806,2.905266284942627,3.9993176460266113,0.45330000000000004,0.9341525795097849,13.330050288978335,54.018253326416016,6,14.0,6.7546413527401254,8.483152115780712,0.7742003191457472,0.19326101074736202,0.8927608566555727,3.100125498776848,0.8486648559570313,-3.473703284681257,9.257608241406524e-06,rand_pos,B4,0d2e3ec37c,42,renders/B4_fixed_rand_pos_seed42_00001_.png,stage8_images.csv
B4_fixed_rand_pos_seed777_00001_.png,1024,1280,4.393799781799316,2.762282371520996,0.6286773427781924,0.082232666015625,159.68,675,2.6042659282684326,3.7402076721191406,0.46545000000000003,0.9277174222174045,13.094324109926061,54.70381164550781,6,14.0,6.674024697762551,8.601702735175651,0.801810617158321,0.2131705875801136,0.905847152656376,2.827846345756728,0.9206558227539062,-3.4639868898280946,9.373452245067412e-06,rand_pos,B4,0d2e3ec37c,777,renders/B4_fixed_rand_pos_seed777_00001_.png,stage8_images.csv
B4_fixed_rand_pos_seed1337_00001_.png,1024,1280,4.393799781799316,2.735914468765259,0.6226761811265026,0.07582855224609375,201.19433198380565,494,2.716266632080078,3.816972494125366,0.4638,0.9372462691125392,13.444880958253767,55.5748405456543,5,12.0,6.0812458940104905,8.556989601228768,0.7996321528029018,0.2101999632039035,0.9049077397990366,2.97010282055275,0.8806732177734375,-3.502508980998711,8.121487810037246e-06,rand_pos,B4,0d2e3ec37c,1337,renders/B4_fixed_rand_pos_seed1337_00001_.png,stage8_images.csv
B4_fixed_rand_pos_seed9999_00001_.png,1024,1280,4.393799781799316,2.4016273021698,0.5465946154665935,0.0928009033203125,156.34447300771208,778,2.8240067958831787,3.9436988830566406,0.50615,0.9103568464200638,12.478973720156203,53.96330261230469,6,16.0,6.228474109593938,8.637284027969695,0.7641969492522982,0.20914634127126033,0.8837952927697357,3.114525972268682,0.8441200256347655,-3.453049533467374,9.474209980552763e-06,rand_pos,B4,0d2e3ec37c,9999,renders/B4_fixed_rand_pos_seed9999_00001_.png,stage8_images.csv
B4_fixed_rand_pos_seed4242145_00001_.png,1024,1280,4.0,2.138545274734497,0.5346363186836243,0.09194869995117187,142.28925619834712,847,2.8460476398468018,3.979665994644165,0.49435000000000007,0.9296608794484318,13.165072103822476,56.21514129638672,5,16.0,6.119880673135355,9.176441607583099,0.75982956482226,0.2046466010907337,0.8727754274980042,3.1134915708091064,0.8425338745117187,-3.43709168324071,1.0996789437338311e-05,rand_pos,B4,0d2e3ec37c,4242145,renders/B4_fixed_rand_pos_seed4242145_00001_.png,stage8_images.csv
I06_chaos_edges_seed42_00001_.png,1024,1280,2.0,1.3858410120010376,0.6929205060005188,0.14944610595703126,29.706096451319382,6594,3.6965107917785645,4.065186023712158,0.4281,0.9472340341993803,13.822399114266311,33.41332244873047,4,22.0,4.322856107031314,6.415290172409367,0.6291439653740954,0.12773290114742208,0.9551376734834265,3.2158555475375823,0.8142356872558594,-2.9726607290370115,1.770648789975255e-05,chaos_edges,I06,a324a148e4,42,renders/I06_chaos_edges_seed42_00001_.png,stage8_images.csv
I06_chaos_edges_seed777_00001_.png,1024,1280,2.0,1.4465323686599731,0.7232661843299866,0.13184280395507814,29.225266362252665,5913,3.6863746643066406,4.075109481811523,0.4258,0.9530127725388862,14.045646151374044,36.173362731933594,4,22.0,4.505956956144659,6.510021972544026,0.6737726752311294,0.1824301283820272,0.9662219921186833,3.1182834113771456,0.8394744873046875,-2.9947087564399113,1.6158202983468843e-05,chaos_edges,I06,a324a148e4,777,renders/I06_chaos_edges_seed777_00001_.png,stage8_images.csv
I06_chaos_edges_seed1337_00001_.png,1024,1280,2.0,1.5816391706466675,0.7908195853233337,0.11882858276367188,34.30638766519824,4540,3.6524627208709717,4.055206775665283,0.4939,0.9136885854506196,12.594782837056323,29.262985229492188,3,22.0,4.3625691899254635,5.129912326706866,0.6927291996727651,0.19389929273849996,0.9766296357810712,3.127820436342459,0.8304298400878907,-3.160706572821225,9.69025668002593e-06,chaos_edges,I06,a324a148e4,1337,renders/I06_chaos_edges_seed1337_00001_.png,stage8_images.csv
I06_chaos_edges_seed9999_00001_.png,1024,1280,2.0,1.384807825088501,0.6924039125442505,0.14438858032226562,28.22565249813572,6705,3.718738317489624,4.070991516113281,0.5352,0.8909892675669088,11.82654752683917,26.19638442993164,2,22.0,4.336327471201869,7.465452762081045,0.6446645111537642,0.25060989324256455,0.9695286539266785,3.1291592201046683,0.8330825805664063,-3.011589742088897,1.4460418747264059e-05,chaos_edges,I06,a324a148e4,9999,renders/I06_chaos_edges_seed9999_00001_.png,stage8_images.csv
I06_chaos_edges_seed4242145_00001_.png,1024,1280,2.0,1.4936225414276123,0.7468112707138062,0.1396087646484375,33.15,5520,3.6932027339935303,4.071531295776367,0.424,0.9539608498778612,14.082615505742874,27.7884578704834,5,23.0,4.013825910213346,5.9649580225625005,0.6474868822115154,0.14550998983162033,0.965355486657353,3.196812272970864,0.8112396240234374,-3.043369621808097,1.437507017207036e-05,chaos_edges,I06,a324a148e4,4242145,renders/I06_chaos_edges_seed4242145_00001_.png,stage8_images.csv
I06_chaos_mid_seed42_00001_.png,1024,1280,4.0,2.4623231887817383,0.6155807971954346,0.11597747802734375,93.8358024691358,1620,2.853792905807495,3.772054672241211,0.51605,0.9048891677898843,12.29122387348798,47.37502670288086,4,13.0,6.1320351854814845,17.406916667894734,0.7161362337616342,0.19607505243717227,0.8834103147492418,3.058383979378166,0.8763534545898437,-3.421402324285664,1.5058902069203247e-05,chaos_mid,I06,a324a148e4,42,renders/I06_chaos_mid_seed42_00001_.png,stage8_images.csv
I06_chaos_mid_seed777_00001_.png,1024,1280,4.393799781799316,2.768022060394287,0.629983658304236,0.10631637573242188,101.41994177583697,1374,2.7526118755340576,3.78588604927063,0.644,0.8544216453071048,10.686270832412983,50.52260971069336,5,11.0,5.9029477305653915,19.407691764738317,0.7491432112454273,0.2867247862455241,0.8914204948314745,2.8030012998866214,0.9277748107910155,-3.465748287739036,1.4470026628039194e-05,chaos_mid,I06,a324a148e4,777,renders/I06_chaos_mid_seed777_00001_.png,stage8_images.csv
I06_chaos_mid_seed1337_00001_.png,1024,1280,4.0,2.68330717086792,0.67082679271698,0.10558700561523438,98.08291991495393,1411,2.734661340713501,3.7422568798065186,0.57715,0.8816981769197821,11.525781800278375,44.33331298828125,5,13.0,5.997446201301018,16.630895487291145,0.7509992904788299,0.2383260530454544,0.9077223551078906,2.7709981194889086,0.9302688598632813,-3.4768702071232984,1.172359184157156e-05,chaos_mid,I06,a324a148e4,1337,renders/I06_chaos_mid_seed1337_00001_.png,stage8_images.csv
I06_chaos_mid_seed9999_00001_.png,1024,1280,4.0,2.440178871154785,0.6100447177886963,0.1127593994140625,112.13657056145675,1318,2.9309346675872803,3.7636513710021973,0.5408,0.8992845099352417,12.10170183618546,36.62770080566406,4,14.0,5.906878809969116,15.436423739504887,0.7396999810377023,0.2632672159890395,0.9308372041942568,2.900082597472792,0.9070922851562501,-3.469422305238021,1.0813108194850028e-05,chaos_mid,I06,a324a148e4,9999,renders/I06_chaos_mid_seed9999_00001_.png,stage8_images.csv
I06_chaos_mid_seed4242145_00001_.png,1024,1280,4.0,2.349771738052368,0.587442934513092,0.11583251953125,104.27472527472527,1456,2.821187734603882,3.8103206157684326,0.5723,0.8796432820310427,11.460301769457043,37.28139877319336,3,13.0,5.894122999861811,17.549519051562196,0.7294413943464677,0.24418064115455454,0.8983058191564998,2.940338071511669,0.90594482421875,-3.4638932820633324,1.300891843774517e-05,chaos_mid,I06,a324a148e4,4242145,renders/I06_chaos_mid_seed4242145_00001_.png,stage8_images.csv
I06_chaos_attn_seed42_00001_.png,1024,1280,4.0,2.5322093963623047,0.6330523490905762,0.10237197875976563,98.22913616398243,1366,2.9570839405059814,3.8483164310455322,0.53585,0.9071161910725726,12.367352295943231,32.97231674194336,4,11.0,5.271047689975874,16.846458952309103,0.7467770849534412,0.23542479424001433,0.8980104709775648,3.0415188638987534,0.848253631591797,-3.4540976024681647,1.0578401794808983e-05,chaos_attn,I06,a324a148e4,42,renders/I06_chaos_attn_seed42_00001_.png,stage8_images.csv
I06_chaos_attn_seed777_00001_.png,1024,1280,4.393799781799316,2.470014810562134,0.5621591636455113,0.10330429077148437,107.71917263325378,1257,2.9500088691711426,3.7808377742767334,0.5450999999999999,0.8966901310489638,12.01496486220354,47.039527893066406,5,10.0,5.296682334254151,19.125403643019617,0.7361931220372564,0.2201575875741218,0.8903341790659433,3.014567009974891,0.8554252624511719,-3.4654046412290094,1.1355358938620382e-05,chaos_attn,I06,a324a148e4,777,renders/I06_chaos_attn_seed777_00001_.png,stage8_images.csv
I06_chaos_attn_seed1337_00001_.png,1024,1280,4.393799781799316,2.4831204414367676,0.5651419192387275,0.09298629760742187,111.20346715328468,1096,2.87951397895813,3.8056936264038086,0.5509499999999999,0.8980237565889209,12.059473574674733,32.47640609741211,7,10.0,5.336906774152326,14.85756925375761,0.7695100413282117,0.25273732765677537,0.9222570803938978,2.947721219497748,0.8667213439941406,-3.5767121549693,8.357863978389621e-06,chaos_attn,I06,a324a148e4,1337,renders/I06_chaos_attn_seed1337_00001_.png,stage8_images.csv
I06_chaos_attn_seed9999_00001_.png,1024,1280,4.393799781799316,2.4418091773986816,0.5557397466114694,0.10012283325195312,108.45702479338843,1210,3.018141508102417,3.8267219066619873,0.5434,0.901619674528501,12.180307902909194,50.597530364990234,4,11.0,5.86985731094362,16.7336425796441,0.7483796929983704,0.23862555956821097,0.9198118406706463,3.007131340774601,0.8572715759277344,-3.5433890721246657,9.014285244510172e-06,chaos_attn,I06,a324a148e4,9999,renders/I06_chaos_attn_seed9999_00001_.png,stage8_images.csv
I06_chaos_attn_seed4242145_00001_.png,1024,1280,4.393799781799316,2.4226441383361816,0.5513779094740813,0.0999298095703125,100.44478527607362,1304,3.0291972160339355,3.8922548294067383,0.5608500000000001,0.9049319951149818,12.292683451513962,35.70981216430664,6,10.0,5.448227779516932,16.83970685344055,0.7510857812960607,0.20763378846564862,0.89095794351053,3.0986658670398617,0.8302337646484375,-3.4505010155933906,1.1228130136271593e-05,chaos_attn,I06,a324a148e4,4242145,renders/I06_chaos_attn_seed4242145_00001_.png,stage8_images.csv
I06_chaos_mlp_seed42_00001_.png,1024,1280,4.0,2.51733136177063,0.6293328404426575,0.09885787963867188,89.73337950138504,1444,2.832571029663086,3.9160478115081787,0.4355,0.9485144709991927,13.871557561494171,51.54942321777344,6,11.0,5.202431973365918,15.031550287237778,0.7361887421809914,0.1746599068839935,0.9129359474391012,3.0768104897867077,0.8079147338867188,-3.5096733005700584,9.571541478800527e-06,chaos_mlp,I06,a324a148e4,42,renders/I06_chaos_mlp_seed42_00001_.png,stage8_images.csv
I06_chaos_mlp_seed777_00001_.png,1024,1280,4.393799781799316,2.606125831604004,0.5931371389291576,0.09337921142578125,100.7358024691358,1215,2.7049741744995117,3.8422999382019043,0.49150000000000005,0.9197668792869442,12.808836401315787,45.3250732421875,4,11.0,5.2691883252763,15.04257946422437,0.7531533421836571,0.209822466309934,0.9272038710998363,3.0376601034830437,0.8265136718749999,-3.530327663638716,9.71199867975254e-06,chaos_mlp,I06,a324a148e4,777,renders/I06_chaos_mlp_seed777_00001_.png,stage8_images.csv
I06_chaos_mlp_seed1337_00001_.png,1024,1280,4.393799781799316,2.705127477645874,0.6156692639595176,0.09352645874023438,130.41170212765957,940,2.7323970794677734,3.826164722442627,0.52425,0.9062989489928769,12.33936113127907,54.34170913696289,5,11.0,5.235855798004754,13.208009919647152,0.7613192677230481,0.20813045239569208,0.9332487036856078,3.060915388055637,0.8152748107910156,-3.532047978761828,8.092110787946996e-06,chaos_mlp,I06,a324a148e4,1337,renders/I06_chaos_mlp_seed1337_00001_.png,stage8_images.csv
I06_chaos_mlp_seed9999_00001_.png,1024,1280,4.393799781799316,2.549166440963745,0.5801735553639245,0.09925308227539062,102.03372549019608,1275,2.756667375564575,3.850860834121704,0.5334,0.8958160456053252,11.98588209682417,38.50886917114258,4,11.0,5.41967151479305,13.07022196014082,0.7531656089027222,0.2603873374723601,0.9481799855189502,2.868872914065387,0.8495399475097656,-3.5092022192996857,7.729011856917962e-06,chaos_mlp,I06,a324a148e4,9999,renders/I06_chaos_mlp_seed9999_00001_.png,stage8_images.csv
I06_chaos_mlp_seed4242145_00001_.png,1024,1280,4.393799781799316,2.486607551574707,0.5659355626251158,0.10236892700195313,108.0330112721417,1242,2.782654047012329,3.843740224838257,0.46955,0.9391350630199117,13.515474447814846,49.675113677978516,4,11.0,5.3885783720629155,14.781567179034084,0.7471243501306783,0.19468991579550254,0.919874324208146,3.0877782062527204,0.8099014282226563,-3.5136678338383205,9.834248876810808e-06,chaos_mlp,I06,a324a148e4,4242145,renders/I06_chaos_mlp_seed4242145_00001_.png,stage8_images.csv
I06_chaos_ramp_seed42_00001_.png,1024,1280,4.393799781799316,2.6447553634643555,0.6019289669092056,0.09811019897460938,109.72269624573379,1172,2.836463689804077,3.8174266815185547,0.4665,0.9365231407601503,13.41795181668554,41.954551696777344,4,12.0,5.171000816030485,14.364547143091356,0.7429502165344835,0.20227187717228295,0.927534099534268,3.0338081428912727,0.8335159301757812,-3.570629720598251,8.662205479345225e-06,chaos_ramp,I06,a324a148e4,42,renders/I06_chaos_ramp_seed42_00001_.png,stage8_images.csv
I06_chaos_ramp_seed777_00001_.png,1024,1280,4.393799781799316,2.695260763168335,0.6134236644858204,0.0957672119140625,108.77296360485269,1154,2.851768970489502,3.8003244400024414,0.5054500000000001,0.9276364124922988,13.091383367918306,45.05630874633789,3,12.0,5.154900429445752,13.743573204508081,0.743728757512361,0.21926609382681972,0.9374436700426552,3.014735904188362,0.8377670288085938,-3.5441589058605354,8.050416229899296e-06,chaos_ramp,I06,a324a148e4,777,renders/I06_chaos_ramp_seed777_00001_.png,stage8_images.csv
I06_chaos_ramp_seed1337_00001_.png,1024,1280,4.393799781799316,2.804431676864624,0.6382702481077037,0.08871612548828126,114.67652859960552,1014,2.782658100128174,3.7659242153167725,0.5508000000000001,0.8884049818534214,11.74211126568122,35.59804916381836,5,12.0,5.459893853289677,11.951141239496367,0.7520552676703084,0.2261389093282925,0.9484935860715855,2.998880798028869,0.8426132202148438,-3.6466147268470395,6.299290638855335e-06,chaos_ramp,I06,a324a148e4,1337,renders/I06_chaos_ramp_seed1337_00001_.png,stage8_images.csv
I06_chaos_ramp_seed9999_00001_.png,1024,1280,4.393799781799316,2.673689365386963,0.6085141558935699,0.0962066650390625,108.61326442721791,1161,2.868025779724121,3.7912049293518066,0.5426,0.900356033218353,12.137708160933274,49.56881332397461,2,13.0,5.285923376052665,13.957062595563645,0.7381509646382094,0.2577530344763375,0.9409385256121295,2.9851138961775363,0.8533119201660156,-3.6215622664976563,6.83462408108091e-06,chaos_ramp,I06,a324a148e4,9999,renders/I06_chaos_ramp_seed9999_00001_.png,stage8_images.csv
I06_chaos_ramp_seed4242145_00001_.png,1024,1280,4.393799781799316,2.8177757263183594,0.641307266205117,0.09385833740234376,119.78773125608569,1027,2.826310634613037,3.8294851779937744,0.48535,0.9222608185539865,12.897712170130957,36.304386138916016,4,12.0,5.438979540088379,14.019041836782947,0.7534133887907,0.23089284344650693,0.9363455599597577,2.9959537537276058,0.838885498046875,-3.5842007026245852,8.464674563617847e-06,chaos_ramp,I06,a324a148e4,4242145,renders/I06_chaos_ramp_seed4242145_00001_.png,stage8_images.csv
I06_chaos_rand2_seed42_00001_.png,1024,1280,4.393799781799316,2.7557971477508545,0.6272013484015243,0.094573974609375,113.93382352941177,1088,2.7268152236938477,3.7848098278045654,0.4577,0.9398313949359753,13.541593195532101,61.15159606933594,5,9.0,5.0950343472836375,17.9487399323301,0.7640829295290741,0.20323223337017776,0.8992853700143358,2.9826934940121803,0.8229255676269532,-3.4418591395599543,1.1930837464802491e-05,chaos_rand2,I06,a324a148e4,42,renders/I06_chaos_rand2_seed42_00001_.png,stage8_images.csv
I06_chaos_rand2_seed777_00001_.png,1024,1280,4.393799781799316,2.626089334487915,0.5976807011931022,0.09562911987304687,94.81316187594554,1322,2.643934726715088,3.7161076068878174,0.5195000000000001,0.9007890589997432,12.152289473884693,67.97734069824219,4,10.0,5.907779696087186,18.4352130985639,0.7743462688212042,0.2329701468663577,0.8895761342401358,2.7600568153942566,0.8704360961914063,-3.4374115682748854,1.2403458542705628e-05,chaos_rand2,I06,a324a148e4,777,renders/I06_chaos_rand2_seed777_00001_.png,stage8_images.csv
I06_chaos_rand2_seed1337_00001_.png,1024,1280,4.393799781799316,2.6330225467681885,0.5992586548151569,0.09097976684570312,109.20238095238095,1092,2.721663236618042,3.691363573074341,0.57055,0.8924456575855901,11.874399324409053,44.280887603759766,4,10.0,5.432681054276976,14.497522943184562,0.7818773043485294,0.2375218412363193,0.9368014629596229,2.866175969031019,0.8443832397460938,-3.457104074821743,9.610775103993675e-06,chaos_rand2,I06,a324a148e4,1337,renders/I06_chaos_rand2_seed1337_00001_.png,stage8_images.csv
I06_chaos_rand2_seed9999_00001_.png,1024,1280,4.0,2.6110036373138428,0.6527509093284607,0.0998504638671875,85.31681877444589,1534,2.807976007461548,3.8085386753082275,0.5741,0.8825158405794207,11.551940907489223,43.53761672973633,4,11.0,5.346344399447159,17.41213263450676,0.7602822723544778,0.2742028881650648,0.9294924743136772,2.7330023755166923,0.874627685546875,-3.5052211820519963,9.370431236737043e-06,chaos_rand2,I06,a324a148e4,9999,renders/I06_chaos_rand2_seed9999_00001_.png,stage8_images.csv
I06_chaos_rand2_seed4242145_00001_.png,1024,1280,4.0,2.504194974899292,0.626048743724823,0.10734405517578124,104.6860119047619,1344,2.5844390392303467,3.7608373165130615,0.5359,0.9138766454100142,12.601351631962382,45.27663803100586,4,11.0,5.519922837927422,17.009581643032405,0.7564172627403855,0.23787844791463786,0.9044668740573674,2.9301105592103607,0.8440078735351563,-3.442364911995528,1.0843838979456579e-05,chaos_rand2,I06,a324a148e4,4242145,renders/I06_chaos_rand2_seed4242145_00001_.png,stage8_images.csv
I07_chaos_edges_seed42_00001_.png,1024,1280,2.0,1.566009283065796,0.783004641532898,0.071514892578125,46.75112219451371,2005,3.4711074829101562,4.037333965301514,0.6292000000000001,0.8289018348409644,9.956283696464414,42.94522476196289,4,21.0,5.009869370208088,1.8402506331218231,0.8048942033195423,0.33335816402480795,0.9880490229919272,2.6808786926995265,0.9022285461425781,-3.380844529618354,5.4044202958202395e-06,chaos_edges,I07,402376662d,42,renders/I07_chaos_edges_seed42_00001_.png,stage8_images.csv
I07_chaos_edges_seed777_00001_.png,1024,1280,2.0,1.5322465896606445,0.7661232948303223,0.08596420288085938,30.912208504801097,3645,3.5322699546813965,4.077603340148926,0.6247,0.8313013841813701,10.022743319477295,38.02870178222656,4,20.0,5.027030121614729,2.928210622070435,0.7810870199346868,0.3202134018861223,0.986461114181673,2.763213353923479,0.893963623046875,-3.285147607144356,7.5714661589416555e-06,chaos_edges,I07,402376662d,777,renders/I07_chaos_edges_seed777_00001_.png,stage8_images.csv
I07_chaos_edges_seed1337_00001_.png,1024,1280,2.0,1.5717928409576416,0.7858964204788208,0.07613143920898438,47.58559847401049,2097,3.532052755355835,4.051490306854248,0.6254,0.8367607178699783,10.175606430273886,39.71613311767578,3,21.0,4.886950175015136,2.1005972151891577,0.8008596225318352,0.3352438354283752,0.9907706675289758,2.6988720101911903,0.8996009826660156,-3.4557678706040162,4.746840335758863e-06,chaos_edges,I07,402376662d,1337,renders/I07_chaos_edges_seed1337_00001_.png,stage8_images.csv
I07_chaos_edges_seed9999_00001_.png,1024,1280,2.0,1.7169700860977173,0.8584850430488586,0.10240402221679687,47.47895295366113,2827,3.691495180130005,4.100301742553711,0.5803499999999999,0.8596599778699674,10.842608023018833,26.822996139526367,4,24.0,4.731883210897069,2.49749005157485,0.7402471251285666,0.24062617686061105,0.9893454319839494,3.0407282745375896,0.8391433715820312,-3.4485934749493437,5.276367308635663e-06,chaos_edges,I07,402376662d,9999,renders/I07_chaos_edges_seed9999_00001_.png,stage8_images.csv
I07_chaos_edges_seed4242145_00001_.png,1024,1280,2.0,1.6801397800445557,0.8400698900222778,0.0815765380859375,57.67206040992449,1854,3.674818754196167,4.08636999130249,0.56415,0.8776969796936285,11.39862515218952,31.31220245361328,4,23.0,4.745810709875044,1.8281482160892575,0.7560257300873271,0.25127503179449473,0.9877877995579711,3.0622034910433236,0.8249099731445312,-3.441313321239296,5.950840430468374e-06,chaos_edges,I07,402376662d,4242145,renders/I07_chaos_edges_seed4242145_00001_.png,stage8_images.csv
I07_chaos_mid_seed42_00001_.png,1024,1280,4.0,2.6337990760803223,0.6584497690200806,0.099468994140625,79.83833435394979,1633,2.986328125,3.8328628540039062,0.6025,0.852373825996743,10.625768664533055,34.6766357421875,4,12.0,6.254556339181861,11.436309213834331,0.775954095031681,0.30811768113595345,0.9393085554286567,2.725600862936305,0.932568359375,-3.4373076694212004,1.1057442992565791e-05,chaos_mid,I07,402376662d,42,renders/I07_chaos_mid_seed42_00001_.png,stage8_images.csv
I07_chaos_mid_seed777_00001_.png,1024,1280,4.0,2.4905683994293213,0.6226420998573303,0.10648422241210938,79.89181453921007,1747,2.9633750915527344,3.8885269165039062,0.61815,0.8334889276298663,10.083717566570252,32.980796813964844,4,14.0,6.405197530875297,12.296906433872064,0.7579041839508763,0.2989815221018194,0.943267705170683,2.7721324190080923,0.9238037109375,-3.459748701341365,1.0355679450357422e-05,chaos_mid,I07,402376662d,777,renders/I07_chaos_mid_seed777_00001_.png,stage8_images.csv
I07_chaos_mid_seed1337_00001_.png,1024,1280,4.0,2.419637441635132,0.604909360408783,0.09945831298828126,71.50959956116291,1823,3.128828763961792,3.9178671836853027,0.6186499999999999,0.8343222282862015,10.1070419215757,33.42042922973633,5,14.0,6.3411899285544955,11.749017674829922,0.7679916883945717,0.31453724818909856,0.9430217959060209,2.832041171761868,0.9161354064941407,-3.4845327093266114,9.300396464410935e-06,chaos_mid,I07,402376662d,1337,renders/I07_chaos_mid_seed1337_00001_.png,stage8_images.csv
I07_chaos_mid_seed9999_00001_.png,1024,1280,4.0,2.6135101318359375,0.6533775329589844,0.10202102661132813,83.26338729763387,1606,3.084414482116699,3.8723654747009277,0.5966,0.8512001129961821,10.591246241503958,29.336933135986328,4,13.0,6.268227296253702,12.83709832069929,0.7586536271144748,0.3077193408438834,0.9459776595482849,2.9127161679327376,0.8999351501464843,-3.5478818268273473,8.623758177017003e-06,chaos_mid,I07,402376662d,9999,renders/I07_chaos_mid_seed9999_00001_.png,stage8_images.csv
I07_chaos_mid_seed4242145_00001_.png,1024,1280,4.0,2.8263516426086426,0.7065879106521606,0.10660247802734375,78.10285075461151,1789,3.031471014022827,3.8401076793670654,0.50945,0.9096324265675731,12.453934627065673,39.233097076416016,3,13.0,6.513627541547029,12.674306644980218,0.7530220844169766,0.2519042195480298,0.8877055977337922,2.8918072412057745,0.9130744934082031,-3.3895815754047374,1.676156975596602e-05,chaos_mid,I07,402376662d,4242145,renders/I07_chaos_mid_seed4242145_00001_.png,stage8_images.csv
I07_chaos_attn_seed42_00001_.png,1024,1280,4.0,2.5394389629364014,0.6348597407341003,0.10301055908203124,86.05353728489484,1569,3.0720324516296387,3.8600246906280518,0.55875,0.881022947445857,11.504224182290557,32.409942626953125,4,14.0,6.387335981260105,11.907408712360006,0.750239647788685,0.2353448867752809,0.926629353040455,2.8798932503944923,0.8774894714355468,-3.4549354919495276,9.309999016526334e-06,chaos_attn,I07,402376662d,42,renders/I07_chaos_attn_seed42_00001_.png,stage8_images.csv
I07_chaos_attn_seed777_00001_.png,1024,1280,2.799999952316284,2.2887725830078125,0.8174187935662064,0.09984512329101562,88.12727272727273,1485,3.019792079925537,3.82857608795166,0.55375,0.8848739232125742,11.627714854780487,31.760087966918945,4,14.0,6.466697048021151,12.04267356842919,0.7691768861836735,0.28510612791672224,0.9315178183117527,2.8918590404755613,0.8810127258300781,-3.4582402159645893,8.549183398948384e-06,chaos_attn,I07,402376662d,777,renders/I07_chaos_attn_seed777_00001_.png,stage8_images.csv
I07_chaos_attn_seed1337_00001_.png,1024,1280,4.0,2.779695510864258,0.6949238777160645,0.09449844360351563,90.87380777696258,1363,3.0954577922821045,3.8472578525543213,0.5733,0.8574687609934541,10.776935152708647,32.07195281982422,4,13.0,6.4618375865352995,11.621671724943784,0.7705021557330127,0.28936089420754896,0.9326585297564085,2.912087663563001,0.8713462829589843,-3.4867298030783545,9.013501345161752e-06,chaos_attn,I07,402376662d,1337,renders/I07_chaos_attn_seed1337_00001_.png,stage8_images.csv
I07_chaos_attn_seed9999_00001_.png,1024,1280,4.0,2.465472936630249,0.6163682341575623,0.10275955200195312,75.83840090090091,1776,3.093385934829712,3.855380058288574,0.5634499999999999,0.8744766901660159,11.29730508266674,27.054176330566406,5,13.0,6.193040776495323,12.48121170761824,0.7599532544367361,0.30396871452393204,0.9335275880376901,2.971863495020482,0.866107177734375,-3.5390210905662425,8.533839145114285e-06,chaos_attn,I07,402376662d,9999,renders/I07_chaos_attn_seed9999_00001_.png,stage8_images.csv
I07_chaos_attn_seed4242145_00001_.png,1024,1280,4.0,2.4583892822265625,0.6145973205566406,0.10408782958984375,87.84932388924662,1553,2.978701114654541,3.8353195190429688,0.5641,0.8877628361580451,11.72122414065015,35.1516227722168,3,13.0,6.433236581677368,12.874797010935158,0.7555055663375106,0.23500252121721688,0.8913305088224464,3.0329404500413246,0.8556350708007812,-3.4291516478586903,1.1780454277120331e-05,chaos_attn,I07,402376662d,4242145,renders/I07_chaos_attn_seed4242145_00001_.png,stage8_images.csv
I07_chaos_mlp_seed42_00001_.png,1024,1280,4.0,2.627920627593994,0.6569801568984985,0.09723434448242188,81.33184428844926,1567,2.9228971004486084,3.909468412399292,0.5182,0.9065157794425366,12.346781559168557,29.52535629272461,5,14.0,5.900552807788436,8.746805354292878,0.7606451890841937,0.26276680861016366,0.9503541760479979,3.0817314040352066,0.8039825439453124,-3.558184956660669,7.03648527337507e-06,chaos_mlp,I07,402376662d,42,renders/I07_chaos_mlp_seed42_00001_.png,stage8_images.csv
I07_chaos_mlp_seed777_00001_.png,1024,1280,4.0,2.4963417053222656,0.6240854263305664,0.09520263671875,82.85790172642763,1506,2.8956332206726074,3.838982343673706,0.48174999999999996,0.9302330276632136,13.18597284824595,33.294559478759766,3,14.0,5.817189461721461,9.934851157378557,0.7588372624750952,0.2179885282019425,0.9442929210783104,3.0109363978463324,0.818988037109375,-3.519838814622483,8.333693613840654e-06,chaos_mlp,I07,402376662d,777,renders/I07_chaos_mlp_seed777_00001_.png,stage8_images.csv
I07_chaos_mlp_seed1337_00001_.png,1024,1280,4.393799781799316,2.719815254211426,0.6190121055305864,0.08436126708984375,82.95123780945237,1333,2.905118227005005,3.9100089073181152,0.5759,0.8659067848065976,11.032035805237983,31.39432716369629,4,14.0,5.9938452760582,8.792491085684164,0.7716109823550066,0.275292674436722,0.9612023264618439,2.8665685487064585,0.8557929992675781,-3.62302792275146,5.988782248314489e-06,chaos_mlp,I07,402376662d,1337,renders/I07_chaos_mlp_seed1337_00001_.png,stage8_images.csv
I07_chaos_mlp_seed9999_00001_.png,1024,1280,4.0,2.701014757156372,0.675253689289093,0.09337387084960938,82.19408999328408,1489,2.850679874420166,3.8694069385528564,0.57455,0.8726773652620752,11.241085573561147,28.56851577758789,3,14.0,5.910001982867688,9.025207927563178,0.764814648430447,0.2655187455455431,0.9609580108678885,2.875192805253426,0.8512557983398438,-3.5984023414699453,6.363108628304856e-06,chaos_mlp,I07,402376662d,9999,renders/I07_chaos_mlp_seed9999_00001_.png,stage8_images.csv
I07_chaos_mlp_seed4242145_00001_.png,1024,1280,4.0,2.6908626556396484,0.6727156639099121,0.1033721923828125,84.57677902621722,1602,3.004530191421509,3.9883155822753906,0.5282,0.8972028537838515,12.03205711309135,33.49641418457031,4,15.0,5.7904773490430665,9.349557485612845,0.7417803008925994,0.24518619845431097,0.9361704181661341,3.1045493838879965,0.8060134887695313,-3.4810523255662544,9.0878401170025e-06,chaos_mlp,I07,402376662d,4242145,renders/I07_chaos_mlp_seed4242145_00001_.png,stage8_images.csv
I07_chaos_ramp_seed42_00001_.png,1024,1280,4.0,2.4853906631469727,0.6213476657867432,0.09475173950195312,100.47977346278317,1236,2.883635997772217,3.8681440353393555,0.47824999999999995,0.9351152528888642,13.365677015383763,34.45259094238281,4,15.0,5.423732570840859,7.9500602748143825,0.7591966388837963,0.21267364007303702,0.9564026634451287,3.043459734832021,0.8242462158203125,-3.6253140377306217,5.750284771542548e-06,chaos_ramp,I07,402376662d,42,renders/I07_chaos_ramp_seed42_00001_.png,stage8_images.csv
I07_chaos_ramp_seed777_00001_.png,1024,1280,4.0,2.757178544998169,0.6892946362495422,0.09216537475585937,93.35625965996908,1294,2.928237199783325,3.9141714572906494,0.56175,0.876669628258826,11.366203243692134,30.224645614624023,4,14.0,5.774675315548052,9.091723381039753,0.7573869436785566,0.2879563743160596,0.9581509258033114,2.9088417975624874,0.8545486450195313,-3.647535303789832,6.082785181399798e-06,chaos_ramp,I07,402376662d,777,renders/I07_chaos_ramp_seed777_00001_.png,stage8_images.csv
I07_chaos_ramp_seed1337_00001_.png,1024,1280,4.393799781799316,2.7487707138061523,0.6256021781403285,0.08868789672851562,90.60405300077943,1283,3.0197556018829346,3.946448802947998,0.57075,0.8628678002678958,10.939471991594136,30.205556869506836,3,15.0,5.810882973998013,7.86542546208344,0.7692072185104056,0.29892594028478914,0.9645960839610739,2.89663439746108,0.8576614379882812,-3.6671735191485877,5.438355722115105e-06,chaos_ramp,I07,402376662d,1337,renders/I07_chaos_ramp_seed1337_00001_.png,stage8_images.csv
I07_chaos_ramp_seed9999_00001_.png,1024,1280,4.0,2.713085174560547,0.6782712936401367,0.0918914794921875,101.12846347607054,1191,2.9300272464752197,3.862272262573242,0.6082,0.8424373442659423,10.3370267554885,26.686115264892578,4,15.0,5.972373436375496,8.369234963507616,0.7599301985570717,0.300984720915367,0.964179544218743,2.9000569556615514,0.8511558532714844,-3.626323063077824,6.126204588415718e-06,chaos_ramp,I07,402376662d,9999,renders/I07_chaos_ramp_seed9999_00001_.png,stage8_images.csv
I07_chaos_ramp_seed4242145_00001_.png,1024,1280,4.0,2.668248414993286,0.6670621037483215,0.0944000244140625,95.17846153846153,1300,2.9304592609405518,3.922877073287964,0.5682999999999999,0.8732832872783395,11.25998616053238,35.53705596923828,3,15.0,5.886876273263809,7.8440392121139,0.7575902744747793,0.26054841471194995,0.9470653051057829,3.035972614612679,0.82274169921875,-3.580252428098036,7.86111162606435e-06,chaos_ramp,I07,402376662d,4242145,renders/I07_chaos_ramp_seed4242145_00001_.png,stage8_images.csv
I07_chaos_rand2_seed42_00001_.png,1024,1280,4.0,2.463728189468384,0.615932047367096,0.109600830078125,70.07609756097561,2050,2.9292173385620117,3.9601690769195557,0.5706,0.8886852443267438,11.751239049374941,43.82891082763672,5,14.0,6.319752764151458,11.117637643645097,0.7442109819633329,0.20717545184547334,0.923366429529389,3.087407461390607,0.7977447509765624,-3.3837455765739115,1.0622468106114532e-05,chaos_rand2,I07,402376662d,42,renders/I07_chaos_rand2_seed42_00001_.png,stage8_images.csv
I07_chaos_rand2_seed777_00001_.png,1024,1280,2.799999952316284,2.6024794578552246,0.9294569650625666,0.1047210693359375,79.15801614763552,1734,2.8069636821746826,3.8009533882141113,0.5327000000000001,0.9008018858269016,12.15272165971472,46.65298080444336,4,15.0,6.218664722241085,10.321163502077816,0.7629629082251324,0.2272733161435495,0.9278861388361666,2.8989456969226013,0.8445457458496094,-3.3956684511446436,1.150555776325076e-05,chaos_rand2,I07,402376662d,777,renders/I07_chaos_rand2_seed777_00001_.png,stage8_images.csv
I07_chaos_rand2_seed1337_00001_.png,1024,1280,4.0,2.576016426086426,0.6440041065216064,0.10725326538085937,71.61436576668365,1963,2.804570198059082,3.8171255588531494,0.5575,0.8924790869324962,11.875499963974901,42.78081130981445,3,13.0,6.339266340691543,12.236401151303065,0.7439447504463643,0.23024211672350892,0.9186342933336827,3.060817264889143,0.809032440185547,-3.3934218953026907,1.239909998581674e-05,chaos_rand2,I07,402376662d,1337,renders/I07_chaos_rand2_seed1337_00001_.png,stage8_images.csv
I07_chaos_rand2_seed9999_00001_.png,1024,1280,4.393799781799316,2.6296327114105225,0.5984871505304811,0.10882110595703125,85.0530709600477,1677,2.836503028869629,3.8868837356567383,0.5427500000000001,0.8913959369572406,11.839889798554298,41.826202392578125,3,12.0,6.095269554129661,13.913516447802724,0.7415668997826623,0.245682012872116,0.9057482477357477,3.0739831424893285,0.8086181640625,-3.400372494007279,1.5722389620444153e-05,chaos_rand2,I07,402376662d,9999,renders/I07_chaos_rand2_seed9999_00001_.png,stage8_images.csv
I07_chaos_rand2_seed4242145_00001_.png,1024,1280,4.0,2.6777069568634033,0.6694267392158508,0.1118499755859375,79.41711809317444,1846,2.857698440551758,3.8518505096435547,0.5502,0.8867571597104363,11.68858705541403,43.13222122192383,4,14.0,6.159949269271623,12.405720302699708,0.7341798660696159,0.2111629854238412,0.9150116405882198,3.05816182690758,0.8133460998535156,-3.40537565344521,1.2208871153024804e-05,chaos_rand2,I07,402376662d,4242145,renders/I07_chaos_rand2_seed4242145_00001_.png,stage8_images.csv
I20_chaos_edges_seed42_00001_.png,1024,1280,2.799999952316284,1.7070626020431519,0.6096652253979483,0.03359909057617187,53.31598062953995,826,3.254686117172241,3.948265790939331,0.6991,0.7957858475664737,9.082839520800627,32.523216247558594,2,20.0,4.840419552155991,1.4359504326472914,0.8700029721354066,0.38380132564271097,0.9667101711372609,2.465000986428743,0.9305892944335937,-3.1520802712708353,1.788099905280237e-05,chaos_edges,I20,952efcc3c6,42,renders/I20_chaos_edges_seed42_00001_.png,stage8_images.csv
I20_chaos_edges_seed777_00001_.png,1024,1280,2.799999952316284,1.4383295774459839,0.5136891435502111,0.04035491943359375,42.6908797417272,1239,3.360741376876831,3.942450761795044,0.76295,0.7472159236037975,7.9384849353327525,33.931671142578125,2,20.0,4.243978916840845,1.6422862872092134,0.8578313154703135,0.3942505542317205,0.9566955858455526,2.4788928680879927,0.921795654296875,-3.0081957960310945,2.7350196428067324e-05,chaos_edges,I20,952efcc3c6,777,renders/I20_chaos_edges_seed777_00001_.png,stage8_images.csv
I20_chaos_edges_seed1337_00001_.png,1024,1280,2.799999952316284,1.549522876739502,0.5534010368313285,0.040830230712890624,60.063973063973066,891,3.3697919845581055,3.931502342224121,0.6812500000000001,0.8014331371744534,9.226174304991021,35.412925720214844,1,21.0,4.372584383965432,1.4896863826010356,0.8387709427784313,0.3576430493702445,0.9554523837124844,2.5904725667001998,0.9161079406738282,-3.0228556577756907,2.8606411988057856e-05,chaos_edges,I20,952efcc3c6,1337,renders/I20_chaos_edges_seed1337_00001_.png,stage8_images.csv
I20_chaos_edges_seed9999_00001_.png,1024,1280,2.799999952316284,1.5549914836883545,0.5553541107748936,0.03613739013671875,40.58783204798629,1167,3.409266471862793,3.966707706451416,0.7404999999999999,0.741712965855217,7.8182833052049565,33.28573226928711,2,20.0,4.621548196685733,1.8158241165995386,0.8581520768530457,0.4065426789655382,0.9566733659483908,2.46465128913793,0.9249626159667969,-2.9805227406544073,3.341082499867704e-05,chaos_edges,I20,952efcc3c6,9999,renders/I20_chaos_edges_seed9999_00001_.png,stage8_images.csv
I20_chaos_edges_seed4242145_00001_.png,1024,1280,2.799999952316284,1.8230255842208862,0.6510805768810098,0.02899169921875,45.94921402660218,827,3.2636892795562744,3.9346871376037598,0.7358,0.7473620123664296,7.941701022751806,28.723594665527344,1,19.0,4.716905151521765,1.3972439266346552,0.8812294683966508,0.43095789012616653,0.9697312975013129,2.4514579195212285,0.9252632141113281,-3.1340608912331605,2.2237256749097525e-05,chaos_edges,I20,952efcc3c6,4242145,renders/I20_chaos_edges_seed4242145_00001_.png,stage8_images.csv
I20_chaos_mid_seed42_00001_.png,1024,1280,4.393799781799316,2.3576390743255615,0.5365831834422092,0.09506454467773437,175.74471086036672,709,2.7384819984436035,3.5774762630462646,0.6353,0.8269710709845499,9.903127982159855,32.28449630737305,3,11.0,5.979033208865983,8.742416835720753,0.7944690736857551,0.3312544153522148,0.8742847603179889,2.6074553870828203,0.9498191833496094,-3.4454963054432217,1.773669884613062e-05,chaos_mid,I20,952efcc3c6,42,renders/I20_chaos_mid_seed42_00001_.png,stage8_images.csv
I20_chaos_mid_seed777_00001_.png,1024,1280,4.393799781799316,2.469508409500122,0.5620439100865965,0.09798507690429688,115.1847533632287,1115,2.7975711822509766,3.5940473079681396,0.6817,0.8120536282323426,9.501890050392099,36.23930740356445,4,12.0,6.159126865879611,9.010193730063508,0.7825985698564357,0.2908649525162998,0.869480217843184,2.590852146911361,0.9468254089355469,-3.3539050005408257,2.0916722706606292e-05,chaos_mid,I20,952efcc3c6,777,renders/I20_chaos_mid_seed777_00001_.png,stage8_images.csv
I20_chaos_mid_seed1337_00001_.png,1024,1280,5.599999904632568,2.6560492515563965,0.4742945172836869,0.08753280639648438,139.40583232077765,823,2.7805163860321045,3.597810745239258,0.6075,0.8537430230479431,10.666183085756824,29.22931671142578,3,11.0,5.713888916758876,10.090553879357994,0.7875882870174549,0.30695563597359987,0.8583527484731592,2.6409827613409735,0.9482421875,-3.4594625304122033,1.8941135089315524e-05,chaos_mid,I20,952efcc3c6,1337,renders/I20_chaos_mid_seed1337_00001_.png,stage8_images.csv
I20_chaos_mid_seed9999_00001_.png,1024,1280,5.599999904632568,2.4272632598876953,0.4334398752185255,0.08892440795898438,149.2381562099872,781,2.7655951976776123,3.586866855621338,0.62715,0.8242270446178953,9.828070307932222,36.11453628540039,3,10.0,5.878132856315393,8.634840826794587,0.7955942155916329,0.3317679125602253,0.8750958197415217,2.6376410300350517,0.9473724365234375,-3.4469452332361983,1.8529869065681204e-05,chaos_mid,I20,952efcc3c6,9999,renders/I20_chaos_mid_seed9999_00001_.png,stage8_images.csv
I20_chaos_mid_seed4242145_00001_.png,1024,1280,4.393799781799316,2.430197238922119,0.5530969456070487,0.09106063842773438,147.71658415841586,808,2.784797430038452,3.5708487033843994,0.61185,0.8432196608763993,10.359472536984887,37.252567291259766,2,12.0,6.213714167066264,8.231304088985333,0.800348415829521,0.31016822405088884,0.8798750774916085,2.623035765286805,0.9496879577636719,-3.4551685184480703,1.747189626851094e-05,chaos_mid,I20,952efcc3c6,4242145,renders/I20_chaos_mid_seed4242145_00001_.png,stage8_images.csv
I20_chaos_attn_seed42_00001_.png,1024,1280,4.393799781799316,2.2938730716705322,0.52207045964465,0.09877395629882812,161.62921348314606,801,2.6290080547332764,3.5043108463287354,0.6749499999999999,0.8055828874724152,9.33293954150497,34.11821746826172,3,10.0,5.716659979355575,9.290028714149184,0.7799249589861118,0.319277194357081,0.869229906367003,2.7117783915796676,0.9181976318359375,-3.4112860399568796,2.1457731615506067e-05,chaos_attn,I20,952efcc3c6,42,renders/I20_chaos_attn_seed42_00001_.png,stage8_images.csv
I20_chaos_attn_seed777_00001_.png,1024,1280,4.393799781799316,2.3504703044891357,0.5349516184660077,0.10869293212890625,153.51939655172413,928,2.6613471508026123,3.526309013366699,0.6534,0.8250968154643417,9.85179946511394,37.4600830078125,4,12.0,5.78044335278476,9.094814767824118,0.776753616651735,0.32322910187543047,0.856307989373513,2.750730457114326,0.9165573120117188,-3.407659126968864,2.0907556169921286e-05,chaos_attn,I20,952efcc3c6,777,renders/I20_chaos_attn_seed777_00001_.png,stage8_images.csv
I20_chaos_attn_seed1337_00001_.png,1024,1280,4.393799781799316,2.3924672603607178,0.5445098500553369,0.09157791137695312,137.02397260273972,876,2.671509265899658,3.50895357131958,0.63625,0.8367176620555713,10.174391778916247,35.67094802856445,3,9.0,5.189807865389529,8.656230856227554,0.789379949684758,0.31365444314288776,0.8702780351647601,2.685136438195419,0.920391082763672,-3.4804690261949105,1.767950925573966e-05,chaos_attn,I20,952efcc3c6,1337,renders/I20_chaos_attn_seed1337_00001_.png,stage8_images.csv
I20_chaos_attn_seed9999_00001_.png,1024,1280,4.393799781799316,2.2605793476104736,0.5144930265085356,0.10152206420898438,137.4659090909091,968,2.695358991622925,3.57948899269104,0.64275,0.825932639157354,9.8746564534446,35.68904495239258,2,12.0,5.805187481852075,9.183975502591661,0.7835872753138329,0.3249517176594674,0.8516575905171733,2.696362042407755,0.9230285644531251,-3.3997676239551384,2.208545799752469e-05,chaos_attn,I20,952efcc3c6,9999,renders/I20_chaos_attn_seed9999_00001_.png,stage8_images.csv
I20_chaos_attn_seed4242145_00001_.png,1024,1280,4.393799781799316,2.4535977840423584,0.5584227561315002,0.09835586547851563,160.74438902743142,802,2.619687557220459,3.4986188411712646,0.6305000000000001,0.8373761053204258,10.192983035785954,34.732662200927734,3,11.0,5.964116526150373,9.918900035849637,0.7877657840115861,0.33764370066492816,0.8525829704222092,2.6698136064586566,0.9244178771972655,-3.413709309323427,1.9042687436757558e-05,chaos_attn,I20,952efcc3c6,4242145,renders/I20_chaos_attn_seed4242145_00001_.png,stage8_images.csv
I20_chaos_mlp_seed42_00001_.png,1024,1280,4.393799781799316,2.2657055854797363,0.5156597246112797,0.09032440185546875,137.983682983683,858,2.402780771255493,3.40771222114563,0.6928,0.7929103723970427,9.010714382878417,45.147117614746094,3,10.0,5.426647237227758,7.377186912267482,0.8123152043572512,0.37710657481140275,0.8813093170825723,2.3781609345955275,0.9311241149902343,-3.2924122734302945,2.443096768041783e-05,chaos_mlp,I20,952efcc3c6,42,renders/I20_chaos_mlp_seed42_00001_.png,stage8_images.csv
I20_chaos_mlp_seed777_00001_.png,1024,1280,5.599999904632568,2.494182825088501,0.44538979777931825,0.08031005859375,130.60049627791562,806,2.298232078552246,3.3990025520324707,0.6873,0.7850562056729808,8.816614759021233,43.015804290771484,3,10.0,5.3001142381556265,7.481555112357,0.8324472279557912,0.40156938627964983,0.903001267464314,2.242103377357781,0.9442771911621094,-3.457008151436616,1.6866978504737216e-05,chaos_mlp,I20,952efcc3c6,777,renders/I20_chaos_mlp_seed777_00001_.png,stage8_images.csv
I20_chaos_mlp_seed1337_00001_.png,1024,1280,5.599999904632568,2.273372173309326,0.40595932357582576,0.07905197143554688,143.1146408839779,724,2.3644893169403076,3.405144691467285,0.638,0.8285834489296549,9.947498633392213,49.480247497558594,3,10.0,5.27243003614367,7.556135882128249,0.8209070996406302,0.33587639650469425,0.8981615047692334,2.348207292926628,0.9370765686035156,-3.5194267115198383,1.467363824403091e-05,chaos_mlp,I20,952efcc3c6,1337,renders/I20_chaos_mlp_seed1337_00001_.png,stage8_images.csv
I20_chaos_mlp_seed9999_00001_.png,1024,1280,4.393799781799316,2.112955331802368,0.4808947691597104,0.08482742309570312,129.58624708624708,858,2.3385398387908936,3.420722484588623,0.684,0.7932448372481958,9.019074195520922,48.86498260498047,3,9.0,5.225166115780435,7.902850086109712,0.8203545789179514,0.3763946920160933,0.893822109132347,2.274152856410124,0.9407272338867188,-3.3862743676235496,2.0227275361300982e-05,chaos_mlp,I20,952efcc3c6,9999,renders/I20_chaos_mlp_seed9999_00001_.png,stage8_images.csv
I20_chaos_mlp_seed4242145_00001_.png,1024,1280,4.393799781799316,2.3244104385375977,0.5290205639697406,0.08215713500976562,135.1129234629862,797,2.3238778114318848,3.376680850982666,0.6727500000000001,0.797082672814876,9.115556225287353,42.751068115234375,3,10.0,5.739851778356302,7.241133526067788,0.8259114857570775,0.40145115095063766,0.9052468859215972,2.260587830802771,0.9416297912597655,-3.4635332522285074,1.6408384684097774e-05,chaos_mlp,I20,952efcc3c6,4242145,renders/I20_chaos_mlp_seed4242145_00001_.png,stage8_images.csv
I20_chaos_ramp_seed42_00001_.png,1024,1280,4.393799781799316,2.2465426921844482,0.5112983758364293,0.0878692626953125,162.6723163841808,708,2.619746446609497,3.574733018875122,0.55855,0.8720020735261437,11.22005850946512,35.23744201660156,3,13.0,5.815147742814928,4.899404642132936,0.8039401353638008,0.2744084310531947,0.9136697437598709,2.9093551013579453,0.8533889770507812,-3.591422994516863,1.0629658800281197e-05,chaos_ramp,I20,952efcc3c6,42,renders/I20_chaos_ramp_seed42_00001_.png,stage8_images.csv
I20_chaos_ramp_seed777_00001_.png,1024,1280,4.393799781799316,2.3831138610839844,0.5423810777531763,0.08283233642578125,169.11214953271028,642,2.433528423309326,3.454549551010132,0.652,0.8300647497713233,9.988437399351097,43.83774185180664,4,12.0,5.376047927593107,5.374663242700276,0.8177796644947699,0.33230639878966906,0.9060640847179593,2.5327948553188384,0.9156448364257812,-3.522358585915803,1.2432945772375892e-05,chaos_ramp,I20,952efcc3c6,777,renders/I20_chaos_ramp_seed777_00001_.png,stage8_images.csv
I20_chaos_ramp_seed1337_00001_.png,1024,1280,4.393799781799316,2.3311688899993896,0.5305587431762188,0.08563613891601562,166.2888888888889,675,2.703045606613159,3.653242588043213,0.513,0.9022933577242631,12.203080108423965,34.025184631347656,1,13.0,5.539077468304573,4.624120583023705,0.7969982250743923,0.25804035071840625,0.9043615268285689,2.9941704576030244,0.8374305725097656,-3.6115843474000364,1.1114245762288623e-05,chaos_ramp,I20,952efcc3c6,1337,renders/I20_chaos_ramp_seed1337_00001_.png,stage8_images.csv
I20_chaos_ramp_seed9999_00001_.png,1024,1280,4.393799781799316,2.350955009460449,0.5350619341370406,0.08252410888671875,147.3651226158038,734,2.4135351181030273,3.4466867446899414,0.652,0.821168325218221,9.745075081626414,44.805118560791016,3,12.0,5.756449361745386,4.926459554713025,0.8234678364678123,0.36674403762986474,0.9174034154181976,2.462623251282957,0.9274314880371093,-3.5545808899364353,1.133718921682461e-05,chaos_ramp,I20,952efcc3c6,9999,renders/I20_chaos_ramp_seed9999_00001_.png,stage8_images.csv
I20_chaos_ramp_seed4242145_00001_.png,1024,1280,5.599999904632568,2.3276381492614746,0.4156496765894494,0.07921295166015625,184.74377224199287,562,2.363983154296875,3.3954710960388184,0.6114999999999999,0.8399567688072793,10.266176579037875,35.926876068115234,3,11.0,5.616199947091016,4.649887117661437,0.8240360012298643,0.37337452895848783,0.9139696144463657,2.5196834133735244,0.922399139404297,-3.6218979540692025,1.0528057626584558e-05,chaos_ramp,I20,952efcc3c6,4242145,renders/I20_chaos_ramp_seed4242145_00001_.png,stage8_images.csv
I20_chaos_rand2_seed42_00001_.png,1024,1280,4.393799781799316,2.3565917015075684,0.536344808261271,0.09375534057617188,152.46526054590572,806,2.4946985244750977,3.521315813064575,0.71525,0.7754127726146793,8.584006035444647,52.76298522949219,3,12.0,5.796378749529631,7.711627922562226,0.8042666242973197,0.3760869336007167,0.883983159056303,2.7045720740027352,0.888568115234375,-3.422525546569345,1.806256120919722e-05,chaos_rand2,I20,952efcc3c6,42,renders/I20_chaos_rand2_seed42_00001_.png,stage8_images.csv
I20_chaos_rand2_seed777_00001_.png,1024,1280,4.393799781799316,2.2735157012939453,0.5174372557237717,0.08655929565429688,175.08487654320987,648,2.6101884841918945,3.508779287338257,0.714,0.7820507281779301,8.743451578578274,41.85841369628906,3,11.0,5.944529474434823,6.819545150434729,0.8096521035719554,0.37214203167082927,0.8858413654027765,2.668348339210307,0.8804656982421876,-3.42617059329744,1.9470143913558437e-05,chaos_rand2,I20,952efcc3c6,777,renders/I20_chaos_rand2_seed777_00001_.png,stage8_images.csv
I20_chaos_rand2_seed1337_00001_.png,1024,1280,4.393799781799316,2.149930238723755,0.4893100153606297,0.09439926147460938,136.7193370165746,905,2.5001022815704346,3.4673197269439697,0.67655,0.8075018180046487,9.382726888113694,42.450923919677734,4,12.0,5.810378246089713,7.364280143064244,0.7885363922128936,0.28829084388138915,0.8855478163573229,2.730270961313127,0.8778976440429688,-3.4374745290860504,1.779121740931666e-05,chaos_rand2,I20,952efcc3c6,1337,renders/I20_chaos_rand2_seed1337_00001_.png,stage8_images.csv
I20_chaos_rand2_seed9999_00001_.png,1024,1280,4.393799781799316,2.0978944301605225,0.477467006769573,0.0945068359375,132.6252676659529,934,2.5642783641815186,3.5090279579162598,0.6932,0.7972715042092708,9.120329940641582,44.63557052612305,3,11.0,6.1167723830301695,8.680500905219855,0.8021118294753081,0.36406655687196476,0.8747271066758648,2.6603685755140734,0.8881370544433593,-3.405133243395804,2.15569467687844e-05,chaos_rand2,I20,952efcc3c6,9999,renders/I20_chaos_rand2_seed9999_00001_.png,stage8_images.csv
I20_chaos_rand2_seed4242145_00001_.png,1024,1280,4.393799781799316,2.348632335662842,0.5345333088211515,0.0879119873046875,151.01965923984272,763,2.575822353363037,3.5273656845092773,0.6649,0.7973014572186925,9.121087391564219,47.09213638305664,3,11.0,5.880683288317779,6.691574214618097,0.8084634194030504,0.33151555305714914,0.8941558779402043,2.6475694594358843,0.8893836975097655,-3.4758530743886777,1.7209869724862585e-05,chaos_rand2,I20,952efcc3c6,4242145,renders/I20_chaos_rand2_seed4242145_00001_.png,stage8_images.csv
I24_chaos_edges_seed42_00001_.png,1024,1280,2.0,1.4768427610397339,0.7384213805198669,0.12852096557617188,29.28633518776078,5752,3.574774742126465,4.053778171539307,0.45389999999999997,0.9478152643614289,13.844692036799811,80.91454315185547,4,22.0,4.4145070824487735,5.017413725860825,0.6818143615719646,0.14358871566371667,0.9612465040845827,3.1823165819537316,0.8097488403320312,-3.1941966875789642,9.630805430757307e-06,chaos_edges,I24,66faaa372d,42,renders/I24_chaos_edges_seed42_00001_.png,stage8_images.csv
I24_chaos_edges_seed777_00001_.png,1024,1280,2.0,1.5007805824279785,0.7503902912139893,0.12404861450195312,29.492653727553055,5513,3.32393479347229,4.01038932800293,0.4784,0.9362409658321204,13.407458320036453,100.71434020996094,5,22.0,4.439666956409049,4.619945809417741,0.7117642922783128,0.1823750641017825,0.9678924132200281,2.9330663821737235,0.8973602294921874,-3.3647168961806377,5.895884096900207e-06,chaos_edges,I24,66faaa372d,777,renders/I24_chaos_edges_seed777_00001_.png,stage8_images.csv
I24_chaos_edges_seed1337_00001_.png,1024,1280,2.0,1.5850800275802612,0.7925400137901306,0.12641525268554688,35.94251626898048,4610,3.506730794906616,4.029272079467773,0.43055000000000004,0.9582448313271771,14.250882184494644,83.1993637084961,4,22.0,4.316164960567932,4.344251449445406,0.6775434449371642,0.13494099484779895,0.9615710604637413,3.201787472972005,0.8143676757812501,-3.305059283254394,6.390401511092749e-06,chaos_edges,I24,66faaa372d,1337,renders/I24_chaos_edges_seed1337_00001_.png,stage8_images.csv
I24_chaos_edges_seed9999_00001_.png,1024,1280,2.0,1.438940405845642,0.719470202922821,0.14207305908203124,30.10800323362975,6185,3.4730095863342285,4.002688407897949,0.48974999999999996,0.9356224605107273,13.384486096993014,85.35490417480469,4,22.0,4.35800997612303,5.941379053005736,0.6547762923147559,0.15762743919250435,0.9562781383728804,3.186144868548359,0.8227035522460938,-3.193180199178337,9.536537809936852e-06,chaos_edges,I24,66faaa372d,9999,renders/I24_chaos_edges_seed9999_00001_.png,stage8_images.csv
I24_chaos_edges_seed4242145_00001_.png,1024,1280,2.0,1.6396862268447876,0.8198431134223938,0.11889495849609374,30.371857337750924,5131,3.4848079681396484,4.032612323760986,0.5057,0.931252828649936,13.223308796278653,80.38038635253906,3,21.0,4.481632546446881,4.3034915454655565,0.7057225832789501,0.18883577699642698,0.9699881785020865,3.1206377229492004,0.840863037109375,-3.2843222200224766,7.783868389167952e-06,chaos_edges,I24,66faaa372d,4242145,renders/I24_chaos_edges_seed4242145_00001_.png,stage8_images.csv
I24_chaos_mid_seed42_00001_.png,1024,1280,2.799999952316284,2.2487428188323975,0.8031224489743786,0.1250701904296875,76.24744186046512,2150,2.9273641109466553,3.8062684535980225,0.54155,0.9025215585256944,12.210803525317365,63.236141204833984,5,15.0,6.201243602613121,17.317975764181845,0.6965429055266255,0.19280666195924342,0.8752551136222555,3.0962866803685754,0.8668037414550782,-3.4558021182878016,1.3250701711737783e-05,chaos_mid,I24,66faaa372d,42,renders/I24_chaos_mid_seed42_00001_.png,stage8_images.csv
I24_chaos_mid_seed777_00001_.png,1024,1280,2.799999952316284,2.5063581466674805,0.8951279247680379,0.11329498291015624,77.10176531671858,1926,2.7558786869049072,3.6764183044433594,0.6573,0.8123594073993304,9.509949167316917,76.00564575195312,4,13.0,5.683313156733491,17.90214895178396,0.7377414219624439,0.33357317411590515,0.8686272274029905,2.837035322054491,0.9186874389648437,-3.5052875307356812,1.146826695834393e-05,chaos_mid,I24,66faaa372d,777,renders/I24_chaos_mid_seed777_00001_.png,stage8_images.csv
I24_chaos_mid_seed1337_00001_.png,1024,1280,2.799999952316284,2.5155436992645264,0.8984084793228504,0.1107452392578125,77.29286474973377,1878,2.96565580368042,3.9557695388793945,0.5587,0.8990262035276987,12.093037973238191,59.279541015625,5,14.0,6.136102055662048,16.171735264322333,0.7228937302435775,0.20687646783619995,0.8646873162827564,3.126533609467192,0.8486503601074218,-3.4387122550138804,1.2739751401677793e-05,chaos_mid,I24,66faaa372d,1337,renders/I24_chaos_mid_seed1337_00001_.png,stage8_images.csv
I24_chaos_mid_seed9999_00001_.png,1024,1280,2.799999952316284,2.3652215003967285,0.8447219788129327,0.13195877075195311,91.46536224219989,1891,2.989069938659668,3.8533713817596436,0.48350000000000004,0.9328666281236735,13.282607763306702,66.55992889404297,5,15.0,5.876163581581099,16.689894460344327,0.6778655812360138,0.15774077845219317,0.8595904227985756,3.157511159888964,0.8451034545898438,-3.428730820427093,1.4075242014973403e-05,chaos_mid,I24,66faaa372d,9999,renders/I24_chaos_mid_seed9999_00001_.png,stage8_images.csv
I24_chaos_mid_seed4242145_00001_.png,1024,1280,4.0,2.37147855758667,0.5928696393966675,0.11366729736328125,87.3305978898007,1706,2.8604044914245605,3.888634443283081,0.57435,0.8849410244215101,11.629878323248116,66.65877532958984,3,13.0,5.760018310517771,16.659885157161305,0.7151010836764191,0.21828550861832782,0.8820721135485776,3.100003229970581,0.8606117248535157,-3.478307723022917,1.4376651911187108e-05,chaos_mid,I24,66faaa372d,4242145,renders/I24_chaos_mid_seed4242145_00001_.png,stage8_images.csv
I24_chaos_attn_seed42_00001_.png,1024,1280,2.799999952316284,2.635457754135132,0.9412349282202538,0.115240478515625,84.05564830272677,1797,3.088266372680664,4.029062271118164,0.48655000000000004,0.9204743296180151,12.833985190622471,56.61334228515625,4,13.0,6.357273081224295,15.259336510920189,0.7105240238702194,0.18911593024359102,0.8856637505609142,3.139436936921802,0.8253952026367187,-3.5766371331495694,1.0088032536640978e-05,chaos_attn,I24,66faaa372d,42,renders/I24_chaos_attn_seed42_00001_.png,stage8_images.csv
I24_chaos_attn_seed777_00001_.png,1024,1280,2.799999952316284,2.341059446334839,0.836092673643873,0.11099700927734375,84.0473714615829,1731,2.9122493267059326,3.914996862411499,0.4972,0.9364161605134089,13.413972478323343,59.70587921142578,4,13.0,5.808691763211404,15.350611605324772,0.7293810788669668,0.20218576194413757,0.8742237796012521,3.103190380372424,0.8282447814941406,-3.5049500612766575,9.530855173787607e-06,chaos_attn,I24,66faaa372d,777,renders/I24_chaos_attn_seed777_00001_.png,stage8_images.csv
I24_chaos_attn_seed1337_00001_.png,1024,1280,4.0,2.3896658420562744,0.5974164605140686,0.119329833984375,80.9146404552509,1933,3.0308403968811035,4.04396915435791,0.4585,0.9321830161392278,13.257456085690288,56.38395690917969,5,13.0,6.219186614465594,14.202028471890667,0.7090095965167154,0.18496293635637331,0.8792860000392333,3.15791384425384,0.8142257690429688,-3.4724376000177104,1.1524664706480642e-05,chaos_attn,I24,66faaa372d,1337,renders/I24_chaos_attn_seed1337_00001_.png,stage8_images.csv
I24_chaos_attn_seed9999_00001_.png,1024,1280,2.799999952316284,2.460826873779297,0.8788667556024748,0.11937332153320312,89.25556189389617,1753,2.9819600582122803,3.969467878341675,0.5347999999999999,0.8970575104678424,12.027209444754199,60.73365783691406,5,13.5,5.746574234506329,16.245286286314677,0.6979951028195772,0.1848935822939076,0.8851363540576126,3.1432037089745437,0.8215141296386719,-3.516173917801025,1.1505209960341789e-05,chaos_attn,I24,66faaa372d,9999,renders/I24_chaos_attn_seed9999_00001_.png,stage8_images.csv
I24_chaos_attn_seed4242145_00001_.png,1024,1280,2.799999952316284,2.38437819480896,0.8515636555052426,0.12319869995117187,90.41377379619261,1786,2.7846219539642334,3.7573611736297607,0.503,0.9267764896587101,13.060207909233439,60.20199966430664,5,13.0,5.581303051259624,16.276108353439763,0.6967034928109299,0.1921001418356974,0.880630331161961,3.107058602524949,0.8328567504882813,-3.550393177946723,9.98247671210355e-06,chaos_attn,I24,66faaa372d,4242145,renders/I24_chaos_attn_seed4242145_00001_.png,stage8_images.csv
I24_chaos_mlp_seed42_00001_.png,1024,1280,2.799999952316284,2.3949599266052246,0.8553428454968393,0.11335525512695313,71.98498062015504,2064,2.869946241378784,4.016637325286865,0.4884,0.927634211105309,13.091303464370409,65.36565399169922,5,14.0,5.650230083810746,13.678531273388442,0.7174061445488278,0.18183630593641695,0.9059820786283377,3.1287514267039986,0.7946830749511719,-3.4775546643706163,1.1671847135022264e-05,chaos_mlp,I24,66faaa372d,42,renders/I24_chaos_mlp_seed42_00001_.png,stage8_images.csv
I24_chaos_mlp_seed777_00001_.png,1024,1280,4.0,2.534226655960083,0.6335566639900208,0.10144805908203125,88.94314381270902,1495,2.7857322692871094,3.9185502529144287,0.5793999999999999,0.8921419160097046,11.864403503047035,70.36627197265625,3,13.0,6.021526201066888,13.700514002634959,0.7347883500121801,0.19982573339025855,0.9110944015326214,3.113121941040242,0.7967987060546875,-3.5070460218370934,1.0882903027974329e-05,chaos_mlp,I24,66faaa372d,777,renders/I24_chaos_mlp_seed777_00001_.png,stage8_images.csv
I24_chaos_mlp_seed1337_00001_.png,1024,1280,4.0,2.4809319972991943,0.6202329993247986,0.11232223510742187,86.5,1702,2.701799154281616,3.8719680309295654,0.47914999999999996,0.9349168438708239,13.358326490138099,74.20855712890625,4,14.0,5.847291455902771,13.178807551566633,0.7237604067072637,0.18787199377653407,0.9104916956402181,3.1195940847886763,0.8064918518066406,-3.541858559409085,1.1991895199082078e-05,chaos_mlp,I24,66faaa372d,1337,renders/I24_chaos_mlp_seed1337_00001_.png,stage8_images.csv
I24_chaos_mlp_seed9999_00001_.png,1024,1280,4.0,2.4794540405273438,0.6198635101318359,0.12314453125,82.09969481180062,1966,2.7150168418884277,3.7960474491119385,0.4589,0.9452629045056372,13.747063925000003,68.70817565917969,5,14.0,5.64648549431414,14.654489203316745,0.7024788635807848,0.1715760348630529,0.9015469262448128,3.13024588957904,0.8044807434082031,-3.498309205709693,1.246540160342923e-05,chaos_mlp,I24,66faaa372d,9999,renders/I24_chaos_mlp_seed9999_00001_.png,stage8_images.csv
I24_chaos_mlp_seed4242145_00001_.png,1024,1280,4.0,2.8517744541168213,0.7129436135292053,0.10243988037109375,94.35699226985243,1423,2.6843369007110596,3.835690975189209,0.4939,0.9235443237337585,12.943692145592653,71.29791259765625,4,12.0,6.233324629561659,13.67309053898634,0.7435558592603957,0.21033318039211807,0.9143596380609514,3.068405534734058,0.8171012878417969,-3.5418063163945854,1.1526327910742497e-05,chaos_mlp,I24,66faaa372d,4242145,renders/I24_chaos_mlp_seed4242145_00001_.png,stage8_images.csv
I24_chaos_ramp_seed42_00001_.png,1024,1280,2.799999952316284,2.5495848655700684,0.9105660389247288,0.11045761108398437,75.64211076280041,1914,2.9968128204345703,4.048464775085449,0.4541,0.9433551624274185,13.674542388891172,70.45578002929688,4,16.0,5.848063247776993,11.610722524002439,0.7190692701887863,0.18997172826776365,0.9255114927811542,3.1204385168806863,0.8128379821777344,-3.5506151049721666,9.322538365934738e-06,chaos_ramp,I24,66faaa372d,42,renders/I24_chaos_ramp_seed42_00001_.png,stage8_images.csv
I24_chaos_ramp_seed777_00001_.png,1024,1280,4.0,2.478250026702881,0.6195625066757202,0.09164199829101563,104.44956521739131,1150,2.735044240951538,3.9272708892822266,0.52625,0.9159857310899134,12.675255508713562,65.72314453125,4,15.0,6.059384135065051,10.905949659030494,0.742646176142392,0.21249830177182966,0.9245320727540891,3.0995770410508827,0.8089187622070313,-3.600804365675344,7.70333392553471e-06,chaos_ramp,I24,66faaa372d,777,renders/I24_chaos_ramp_seed777_00001_.png,stage8_images.csv
I24_chaos_ramp_seed1337_00001_.png,1024,1280,4.0,2.387171745300293,0.5967929363250732,0.11194686889648438,92.98542458808619,1578,2.8450021743774414,3.827688217163086,0.4802,0.9370452995753584,13.43739147841629,70.1777572631836,4,16.0,6.0399663699394885,10.833156629062755,0.7181655114254601,0.18878961613941558,0.9240569604877725,3.127241131852543,0.8216896057128906,-3.592045882238484,9.085548477395773e-06,chaos_ramp,I24,66faaa372d,1337,renders/I24_chaos_ramp_seed1337_00001_.png,stage8_images.csv
I24_chaos_ramp_seed9999_00001_.png,1024,1280,2.799999952316284,2.660651922225952,0.9502328455487804,0.12088241577148437,80.38711314053779,1971,2.934865951538086,3.9692864418029785,0.44964999999999994,0.9431716960489909,13.667588235125143,70.34246826171875,5,16.0,6.160614712205821,12.752344609475289,0.6876403374292226,0.1604527894530841,0.9116841293464858,3.1713431528171765,0.7990997314453125,-3.5050350396679812,1.1093668060807792e-05,chaos_ramp,I24,66faaa372d,9999,renders/I24_chaos_ramp_seed9999_00001_.png,stage8_images.csv
I24_chaos_ramp_seed4242145_00001_.png,1024,1280,4.0,2.693049192428589,0.6732622981071472,0.1007476806640625,87.80053191489361,1504,2.8363516330718994,3.9529013633728027,0.50685,0.92741939053306,13.083508486559829,70.10153198242188,4,14.0,5.870834193802293,11.96001259677106,0.7353928417722635,0.20054790402928868,0.9213827778053663,3.1110684243673385,0.8160003662109374,-3.5733356076227603,8.832146434554325e-06,chaos_ramp,I24,66faaa372d,4242145,renders/I24_chaos_ramp_seed4242145_00001_.png,stage8_images.csv
I24_chaos_rand2_seed42_00001_.png,1024,1280,4.0,2.508202075958252,0.627050518989563,0.0988677978515625,79.25871559633028,1635,2.705122709274292,3.905226707458496,0.47025,0.9304766906793771,13.194884002332605,84.41667938232422,5,13.0,5.689120648219722,14.318673808541352,0.756115211251285,0.1970964574820009,0.905604904027248,3.0677536591283108,0.811004638671875,-3.523095253787333,1.0589286511125312e-05,chaos_rand2,I24,66faaa372d,42,renders/I24_chaos_rand2_seed42_00001_.png,stage8_images.csv
I24_chaos_rand2_seed777_00001_.png,1024,1280,4.0,2.436009168624878,0.6090022921562195,0.1003265380859375,70.73695535233996,1859,2.6618435382843018,3.8185977935791016,0.45515,0.9403354885725834,13.560532758809115,75.54315185546875,4,12.0,5.913602434218926,13.127932027356776,0.7588126511877499,0.21660134447143678,0.916350850907145,3.0190696463870803,0.8202751159667968,-3.4370243671388163,1.1153465237642322e-05,chaos_rand2,I24,66faaa372d,777,renders/I24_chaos_rand2_seed777_00001_.png,stage8_images.csv
I24_chaos_rand2_seed1337_00001_.png,1024,1280,2.799999952316284,2.355813980102539,0.8413621500792189,0.11753692626953124,97.62864385297846,1578,2.6043553352355957,3.853529214859009,0.43720000000000003,0.9460350544075778,13.77652590895633,77.73540496826172,5,14.0,6.033575756283042,12.553099751965028,0.7262641619796252,0.16488377518605452,0.9042513859067519,3.113629217923728,0.7982337951660157,-3.4296333799795287,1.2190288332108925e-05,chaos_rand2,I24,66faaa372d,1337,renders/I24_chaos_rand2_seed1337_00001_.png,stage8_images.csv
I24_chaos_rand2_seed9999_00001_.png,1024,1280,2.799999952316284,2.443189859390259,0.8725678217848338,0.1200836181640625,88.02908277404921,1788,2.51267409324646,3.766956329345703,0.4777,0.9325607229922463,13.27134690737211,80.24201965332031,5,13.0,5.673532849997433,15.213568934688261,0.7193639881603758,0.1710723279472959,0.8932526961957455,3.082949968992137,0.8138435363769531,-3.454750098283974,1.3617110172729899e-05,chaos_rand2,I24,66faaa372d,9999,renders/I24_chaos_rand2_seed9999_00001_.png,stage8_images.csv
I24_chaos_rand2_seed4242145_00001_.png,1024,1280,2.799999952316284,2.3913118839263916,0.8540399730893539,0.122308349609375,78.77739557739558,2035,2.6214447021484375,3.8301384449005127,0.40690000000000004,0.9547781061460701,14.114561702695699,74.03315734863281,5,13.0,6.139686346834014,14.234613657325239,0.7224723101518549,0.1963361974073196,0.9026950885019762,3.0734747009732177,0.8165596008300782,-3.4032145290214886,1.4166213976378958e-05,chaos_rand2,I24,66faaa372d,4242145,renders/I24_chaos_rand2_seed4242145_00001_.png,stage8_images.csv
I01_baseline_seed4242145_00001_.png,1024,1280,4.0,2.2864561080932617,0.5716140270233154,0.11595077514648437,85.28563411896745,1782,2.991621732711792,4.004787921905518,0.5558,0.8999102007624072,12.122713887216046,41.771392822265625,6,13.0,5.392351767590474,19.084537236617194,0.7109415044873724,0.1834286436367249,0.8905594367468033,3.115170029999302,0.8254547119140626,-3.4106022897687933,1.1984774594409941e-05,baseline,I01,2adb8ea1cd,4242145,renders/I01_baseline_seed4242145_00001_.png,stage7a_images.csv
I01_baseline_seed42_00001_.png,1024,1280,4.0,2.419079303741455,0.6047698259353638,0.11516036987304687,74.42948717948718,2028,2.9704513549804688,4.058276653289795,0.5590999999999999,0.8994599562089872,12.107590024392701,41.67897415161133,6,14.0,5.864790441603518,19.602998636428666,0.7109649463366313,0.21785550322642458,0.8855470429714551,3.1229104863568082,0.8239021301269531,-3.46218638801735,1.0003223801638374e-05,baseline,I01,2adb8ea1cd,42,renders/I01_baseline_seed42_00001_.png,stage7a_images.csv
I01_baseline_seed1337_00001_.png,1024,1280,4.0,2.4070827960968018,0.6017706990242004,0.1129119873046875,99.86234817813765,1482,2.9138643741607666,3.968740463256836,0.5610499999999999,0.8947588619644531,11.950801291442795,38.94624328613281,6,13.0,5.8725526817560345,19.322894421900592,0.7182368470349283,0.2228324769275326,0.897194292076952,3.0914790042946807,0.8229377746582032,-3.453043881438483,1.0134219385173619e-05,baseline,I01,2adb8ea1cd,1337,renders/I01_baseline_seed1337_00001_.png,stage7a_images.csv
I01_baseline_seed777_00001_.png,1024,1280,4.0,2.389617443084717,0.5974043607711792,0.11260147094726562,81.67625899280576,1807,2.998867988586426,4.06125545501709,0.59715,0.8806379306034051,11.491950051860517,40.408599853515625,6,13.0,5.835580385660025,18.65530968429165,0.7042526210303126,0.17070326396744706,0.8902975904595756,3.129290274069692,0.8228324890136718,-3.4230542902082433,1.0981626568969821e-05,baseline,I01,2adb8ea1cd,777,renders/I01_baseline_seed777_00001_.png,stage7a_images.csv
I01_baseline_seed9999_00001_.png,1024,1280,4.0,2.302588939666748,0.575647234916687,0.1248504638671875,78.52399232245682,2084,2.945272445678711,4.036726474761963,0.5647,0.8990241143068003,12.09296792391032,39.62357711791992,5,15.0,5.846099126768208,19.595514937879337,0.7022842671971006,0.21388089146198658,0.8835543976105045,3.1164607372484827,0.8278488159179687,-3.4365122409097792,1.0743465887692029e-05,baseline,I01,2adb8ea1cd,9999,renders/I01_baseline_seed9999_00001_.png,stage7a_images.csv
I02_baseline_seed4242145_00001_.png,1024,1280,4.0,2.2985141277313232,0.5746285319328308,0.10867462158203126,112.5134281200632,1266,2.7137691974639893,3.833313465118408,0.5174,0.9036972548728445,12.25067230076016,26.5526180267334,6,13.0,5.824424037177687,14.504700838271074,0.7306090647586472,0.23219621770071094,0.8993617659499579,3.118281354042359,0.8296318054199219,-3.514106825717794,1.139651735997929e-05,baseline,I02,0aa12a28b0,4242145,renders/I02_baseline_seed4242145_00001_.png,stage7a_images.csv
I02_baseline_seed42_00001_.png,1024,1280,4.393799781799316,2.1948444843292236,0.4995322029513159,0.10723800659179687,119.93088737201366,1172,2.6861720085144043,3.8431546688079834,0.42889999999999995,0.9499703171781652,13.927662743201907,26.86710548400879,6,13.0,6.418631685070843,13.877327806465862,0.7348132673585417,0.18930793966625423,0.9003072002511471,3.1223160680401905,0.8223991394042969,-3.5411826777677424,8.597647864032649e-06,baseline,I02,0aa12a28b0,42,renders/I02_baseline_seed42_00001_.png,stage7a_images.csv
I02_baseline_seed1337_00001_.png,1024,1280,4.393799781799316,2.141554355621338,0.48740371932567766,0.09818344116210938,136.32521186440678,944,2.692775249481201,3.9662559032440186,0.4615,0.9330073718329327,13.287791972667513,28.30530548095703,5,13.0,6.1427462802887005,14.25486024404386,0.7470947758020454,0.20853752376017576,0.899322991224313,3.0989899499919216,0.8343360900878906,-3.5628404570210868,1.007912583660528e-05,baseline,I02,0aa12a28b0,1337,renders/I02_baseline_seed1337_00001_.png,stage7a_images.csv
I02_baseline_seed777_00001_.png,1024,1280,4.0,2.329479217529297,0.5823698043823242,0.109759521484375,118.40658436213992,1215,2.6788434982299805,3.8179497718811035,0.476,0.9345425896163868,13.344472370038067,29.13245964050293,6,11.0,5.897668661552139,15.819858584943162,0.7229284516641564,0.20089604947379663,0.8911044739651037,3.12927408973686,0.8214485168457032,-3.536871414650495,1.085365240762606e-05,baseline,I02,0aa12a28b0,777,renders/I02_baseline_seed777_00001_.png,stage7a_images.csv
I02_baseline_seed9999_00001_.png,1024,1280,4.0,2.2376317977905273,0.5594079494476318,0.11082992553710938,119.46299342105263,1216,2.6269941329956055,3.742344856262207,0.4817,0.9256789034944294,13.020524084602528,23.842885971069336,5,12.0,6.260768481322222,16.17831688718963,0.7280839978745184,0.2208820737425143,0.8927874287134676,3.1167560552654345,0.8290992736816406,-3.5147138329100205,1.1667163131604022e-05,baseline,I02,0aa12a28b0,9999,renders/I02_baseline_seed9999_00001_.png,stage7a_images.csv
I03_baseline_seed4242145_00001_.png,1024,1280,4.0,2.66683292388916,0.66670823097229,0.11418838500976562,84.75028312570781,1766,3.1111443042755127,3.8473262786865234,0.55345,0.8857700239503574,11.656640048647985,32.70527648925781,5,12.0,6.02236013818929,15.981546160253536,0.7349832731061094,0.2588030278219733,0.8918396551986245,3.1005089604367946,0.8343460083007812,-3.445412065154299,1.565091371430618e-05,baseline,I03,c31d285321,4242145,renders/I03_baseline_seed4242145_00001_.png,stage7a_images.csv
I03_baseline_seed42_00001_.png,1024,1280,4.0,2.7809691429138184,0.6952422857284546,0.11205825805664063,77.75383800952885,1889,3.097093343734741,3.955918550491333,0.57065,0.8784289892045619,11.421782852875488,36.229774475097656,4,11.0,6.22236276968002,15.047881712843033,0.7351168398581641,0.23841158643339233,0.8948727549810664,3.1113502229980314,0.827783203125,-3.4014406033362494,1.6324576923074853e-05,baseline,I03,c31d285321,42,renders/I03_baseline_seed42_00001_.png,stage7a_images.csv
I03_baseline_seed1337_00001_.png,1024,1280,4.0,2.7673428058624268,0.6918357014656067,0.11053695678710937,76.17402733964248,1902,3.1520116329193115,3.956085205078125,0.5484,0.8931860964074082,11.898801702289251,34.70798873901367,4,13.0,6.062619562503939,16.388056330031382,0.7175469240627903,0.20092139506683554,0.8875403772495509,3.130235588903493,0.8229438781738282,-3.4460921451882474,1.4619417427116332e-05,baseline,I03,c31d285321,1337,renders/I03_baseline_seed1337_00001_.png,stage7a_images.csv
I03_baseline_seed777_00001_.png,1024,1280,4.0,2.6794190406799316,0.6698547601699829,0.11666107177734375,74.15615906886518,2062,3.1064651012420654,3.8718833923339844,0.5802499999999999,0.8713699033925331,11.20040980143268,33.89657211303711,4,12.0,6.260059424895306,16.740086789164195,0.7304392923922445,0.2647784621754023,0.905307304199826,3.114587025892788,0.8307991027832031,-3.4418000318003896,1.3807056869632274e-05,baseline,I03,c31d285321,777,renders/I03_baseline_seed777_00001_.png,stage7a_images.csv
I03_baseline_seed9999_00001_.png,1024,1280,4.393799781799316,2.7531044483184814,0.6265885076791211,0.11128768920898438,78.25482832618026,1864,3.1110281944274902,3.838637351989746,0.62995,0.8396535570674821,10.257549621592908,30.06247901916504,6,12.0,6.035142953178752,17.091846220569725,0.7411029085490959,0.2959615817154967,0.9305341506408781,3.071642905256866,0.8418258666992187,-3.4677083966124207,1.1850632627896077e-05,baseline,I03,c31d285321,9999,renders/I03_baseline_seed9999_00001_.png,stage7a_images.csv
I04_baseline_seed4242145_00001_.png,1024,1280,4.393799781799316,2.714852809906006,0.6178826857682257,0.09434661865234376,96.76212832550861,1278,2.9070706367492676,3.91339111328125,0.587,0.8161530578310064,9.610504930175383,43.49821472167969,2,10.0,5.716369039871377,14.086591536345484,0.7671613906761704,0.3321850044269323,0.8932843272737063,3.024501013953414,0.8384376525878906,-3.4076856501557202,1.9902457814718827e-05,baseline,I04,bb8edafd35,4242145,renders/I04_baseline_seed4242145_00001_.png,stage7a_images.csv
I04_baseline_seed42_00001_.png,1024,1280,4.393799781799316,2.687777519226074,0.6117205272665828,0.08952255249023437,98.77020202020202,1188,2.831390857696533,3.824083089828491,0.6306499999999999,0.8022818404983779,9.247910027510873,41.78281784057617,3,9.0,6.006619889841131,13.82774494376217,0.7854751188148819,0.3724528165735063,0.9035391043454412,2.9485756746627807,0.8422706604003907,-3.4369518886934123,1.781656189996081e-05,baseline,I04,bb8edafd35,42,renders/I04_baseline_seed42_00001_.png,stage7a_images.csv
I04_baseline_seed1337_00001_.png,1024,1280,4.393799781799316,2.7376937866210938,0.6230811421953264,0.09112091064453125,97.73649754500818,1222,2.8656768798828125,3.82015323638916,0.6040000000000001,0.8371004877900626,10.185196797992692,38.76167678833008,4,9.0,5.907756351027745,13.319979737248307,0.7759661664698301,0.3336958016952106,0.9001904612904994,3.0358304486213172,0.8286376953125,-3.4696575878640683,1.6557363209900586e-05,baseline,I04,bb8edafd35,1337,renders/I04_baseline_seed1337_00001_.png,stage7a_images.csv
I04_baseline_seed777_00001_.png,1024,1280,4.393799781799316,2.6964383125305176,0.6136916669940504,0.0920196533203125,90.75395033860045,1329,2.981975793838501,3.9282655715942383,0.5941500000000001,0.820724007293449,9.733077409279371,41.765750885009766,3,9.0,6.233156177852437,13.293133714994072,0.7751053930664956,0.3321890034564263,0.8934675358516875,3.065703454672392,0.8191703796386718,-3.367175585401413,2.1419209532668423e-05,baseline,I04,bb8edafd35,777,renders/I04_baseline_seed777_00001_.png,stage7a_images.csv
I04_baseline_seed9999_00001_.png,1024,1280,4.393799781799316,2.709566831588745,0.6166796317876695,0.09817581176757813,93.85922684172137,1371,2.8952345848083496,3.8762173652648926,0.59865,0.8016171880585236,9.230883599269601,36.977474212646484,2,10.0,6.000081249449877,14.47703745795564,0.7636625364181491,0.34473028839014314,0.8939787552527365,3.0530012621413762,0.8361351013183593,-3.415509336381728,1.9790431412288172e-05,baseline,I04,bb8edafd35,9999,renders/I04_baseline_seed9999_00001_.png,stage7a_images.csv
I05_baseline_seed4242145_00001_.png,1024,1280,4.0,2.3690903186798096,0.5922725796699524,0.10469894409179688,100.75697503671071,1362,2.9717609882354736,4.030397891998291,0.51735,0.9026770387827927,12.216068527525634,42.705902099609375,5,13.0,6.025580610911082,9.321169904678252,0.7485464892056259,0.20651278594850814,0.9010725787223683,3.1187576280216263,0.8183296203613281,-3.389139467986065,1.3706349383400058e-05,baseline,I05,5b67e787c8,4242145,renders/I05_baseline_seed4242145_00001_.png,stage7a_images.csv
I05_baseline_seed42_00001_.png,1024,1280,4.0,2.2392194271087646,0.5598048567771912,0.09762496948242187,104.8844262295082,1220,3.0750322341918945,4.036732196807861,0.5582,0.8778004002564722,11.401894093234581,47.974849700927734,3,14.0,6.140536926849313,8.965007180511662,0.7714939954613094,0.2580658984731077,0.9151930755268607,3.104815752663771,0.8130050659179687,-3.4750929204581804,8.948400255291579e-06,baseline,I05,5b67e787c8,42,renders/I05_baseline_seed42_00001_.png,stage7a_images.csv
I05_baseline_seed1337_00001_.png,1024,1280,4.393799781799316,2.4097516536712646,0.5484436645596175,0.10164642333984375,122.11732355637031,1091,2.7933099269866943,3.738712787628174,0.5494,0.8889766710781934,11.76073796427276,43.906639099121094,5,13.0,6.000745305508191,9.792419669682491,0.753881472297951,0.21000247455661916,0.9356578685035718,3.063302639849255,0.8332633972167969,-3.53081439627796,8.729179922787454e-06,baseline,I05,5b67e787c8,1337,renders/I05_baseline_seed1337_00001_.png,stage7a_images.csv
I05_baseline_seed777_00001_.png,1024,1280,4.0,2.1077375411987305,0.5269343852996826,0.10112991333007812,102.43663060278207,1294,3.0172643661499023,4.0005316734313965,0.5690000000000001,0.8872295235501262,11.70390528360306,45.39690399169922,4,13.0,6.036716305244102,9.887871574293703,0.7631377182486042,0.23599994569727997,0.9048624902782662,3.1038137375993684,0.8189453125,-3.4427463181303493,1.1230334292913383e-05,baseline,I05,5b67e787c8,777,renders/I05_baseline_seed777_00001_.png,stage7a_images.csv
I05_baseline_seed9999_00001_.png,1024,1280,4.0,2.2422752380371094,0.5605688095092773,0.105999755859375,105.81568926123381,1313,2.892298936843872,3.8804588317871094,0.53655,0.8912640850499032,11.835562267941375,48.62728500366211,4,12.0,5.974688976800754,10.57489281332202,0.7563236260808386,0.21668733918919453,0.9198854828627412,3.0890917854394395,0.8332534790039062,-3.4752506612705965,1.0631491971622688e-05,baseline,I05,5b67e787c8,9999,renders/I05_baseline_seed9999_00001_.png,stage7a_images.csv
I06_baseline_seed4242145_00001_.png,1024,1280,4.0,2.520078182220459,0.6300195455551147,0.10156173706054687,105.31566455696202,1264,2.9029908180236816,3.951622724533081,0.45415,0.9435053146192551,13.680236426536844,39.02945327758789,4,10.0,6.030633686089015,18.039338777894116,0.7476495578086886,0.19915393196991676,0.8918208082214387,3.1025373142066073,0.8178009033203124,-3.4145569703108194,1.2128352002956143e-05,baseline,I06,a324a148e4,4242145,renders/I06_baseline_seed4242145_00001_.png,stage7a_images.csv
I06_baseline_seed42_00001_.png,1024,1280,4.0,2.619112968444824,0.654778242111206,0.10114364624023438,96.69657184536834,1371,2.989311456680298,3.970518112182617,0.5195,0.9149204084436753,12.637871824116395,58.88274002075195,4,11.0,5.676842352231664,18.20519069096722,0.7403696091289402,0.19472475390476207,0.884704724256742,3.1048879927783917,0.8166732788085938,-3.4213752879080332,1.2546693275464363e-05,baseline,I06,a324a148e4,42,renders/I06_baseline_seed42_00001_.png,stage7a_images.csv
I06_baseline_seed1337_00001_.png,1024,1280,4.393799781799316,2.4746298789978027,0.5632095229392566,0.09666519165039063,106.20368818105617,1193,3.1014435291290283,3.9618396759033203,0.50065,0.9322944175473551,13.261551552418608,46.83290100097656,7,12.0,5.874298802688444,13.362521899661303,0.7545120085071748,0.1884864267607411,0.9227360290280815,3.1136227363263744,0.8175308227539063,-3.4000383047124147,1.0449805459225641e-05,baseline,I06,a324a148e4,1337,renders/I06_baseline_seed1337_00001_.png,stage7a_images.csv
I06_baseline_seed777_00001_.png,1024,1280,4.393799781799316,2.5367681980133057,0.5773517966206615,0.109149169921875,110.98836307214896,1289,2.811861038208008,3.807666540145874,0.48835,0.9300714976784668,13.180068750560164,52.80146408081055,5,11.0,6.010566597981739,20.24533790484689,0.7422289979445087,0.1924699919495134,0.8762552269708836,3.067606816238579,0.8350509643554687,-3.3850319945621785,1.4974515358945422e-05,baseline,I06,a324a148e4,777,renders/I06_baseline_seed777_00001_.png,stage7a_images.csv
I06_baseline_seed9999_00001_.png,1024,1280,4.0,2.695667028427124,0.673916757106781,0.1016693115234375,102.50769230769231,1300,2.9289302825927734,3.8915352821350098,0.49044999999999994,0.9249693333173027,12.994933386238074,42.088287353515625,3,12.0,6.280350936877534,16.419787295091986,0.7302938109782575,0.19146816450320045,0.9214984648037043,3.0360563037077557,0.8518585205078125,-3.460455853881301,1.0469432559974844e-05,baseline,I06,a324a148e4,9999,renders/I06_baseline_seed9999_00001_.png,stage7a_images.csv
I07_baseline_seed4242145_00001_.png,1024,1280,4.0,2.590343475341797,0.6475858688354492,0.10327301025390626,79.85958702064897,1695,3.1045145988464355,3.9944989681243896,0.5065000000000001,0.914953113109041,12.63901783514963,36.966434478759766,3,13.0,6.410655596321432,12.481161307834014,0.7400713185305474,0.20376278086700406,0.9040278490369034,3.1338051311289887,0.8187873840332032,-3.4174361824322044,1.2399370941475455e-05,baseline,I07,402376662d,4242145,renders/I07_baseline_seed4242145_00001_.png,stage7a_images.csv
I07_baseline_seed42_00001_.png,1024,1280,4.0,2.6659278869628906,0.6664819717407227,0.09550399780273437,71.73581661891117,1745,3.119119882583618,3.9450817108154297,0.5948,0.8458891196350488,10.43643066181139,35.72508239746094,4,13.0,6.129716330380307,11.8326035744828,0.765058918495807,0.26580121264761053,0.9170264832389541,3.0941662467091597,0.8171356201171875,-3.4200114004018074,1.0964208470052372e-05,baseline,I07,402376662d,42,renders/I07_baseline_seed42_00001_.png,stage7a_images.csv
I07_baseline_seed1337_00001_.png,1024,1280,4.0,2.5326180458068848,0.6331545114517212,0.09968795776367187,76.68016431924883,1704,3.011622905731201,3.9112749099731445,0.5677,0.8667711231177082,11.058505282565186,26.754695892333984,5,13.0,6.514459476504382,11.559535648535444,0.7642142716577303,0.28479021082892875,0.9461776944149887,3.059070440804071,0.8326896667480468,-3.4545990972465783,8.750813683559527e-06,baseline,I07,402376662d,1337,renders/I07_baseline_seed1337_00001_.png,stage7a_images.csv
I07_baseline_seed777_00001_.png,1024,1280,4.0,2.6150951385498047,0.6537737846374512,0.09919281005859375,76.07606787595086,1709,3.0318007469177246,3.925093650817871,0.5567000000000001,0.8844921586454217,11.615413707504175,29.483238220214844,3,13.0,6.306034057103242,13.056413639477674,0.7434301655855644,0.2340424883502385,0.9420320107007749,3.0603214669500995,0.8342941284179688,-3.459069857519863,9.400789597449873e-06,baseline,I07,402376662d,777,renders/I07_baseline_seed777_00001_.png,stage7a_images.csv
I07_baseline_seed9999_00001_.png,1024,1280,4.0,2.836916446685791,0.7092291116714478,0.09639816284179688,69.5,1818,3.0871775150299072,3.8876395225524902,0.5991500000000001,0.8448429508820832,10.40620265686004,25.183300018310547,4,12.0,6.238860463118813,12.867057533549978,0.7478932005988306,0.24033840131197554,0.9442437439948603,3.028522897151044,0.8405349731445313,-3.4564580653986723,9.131115347396868e-06,baseline,I07,402376662d,9999,renders/I07_baseline_seed9999_00001_.png,stage7a_images.csv
I08_baseline_seed4242145_00001_.png,1024,1280,2.799999952316284,2.227576971054077,0.7955632174962456,0.14067916870117186,77.57299116533446,2377,2.7067716121673584,3.7270514965057373,0.51015,0.9247267503700028,12.986196156868695,34.856666564941406,5,14.0,6.332885277462398,16.94507314273301,0.6763691100476017,0.15928086919809264,0.9036954620727622,3.158799561249423,0.8266525268554688,-3.3420494062499744,1.4182437847133074e-05,baseline,I08,c00acc77d9,4242145,renders/I08_baseline_seed4242145_00001_.png,stage7a_images.csv
I08_baseline_seed42_00001_.png,1024,1280,2.799999952316284,2.181340456008911,0.7790501761274709,0.12893218994140626,75.04174067495559,2252,2.7654871940612793,3.8168742656707764,0.54795,0.9047140727728273,12.285258344576192,32.705284118652344,4,14.0,6.278534860936905,16.732992662752796,0.6907370231731673,0.1642128863738916,0.9032663455970342,3.1566942688750927,0.8173545837402343,-3.3359175394100147,1.1361353035497612e-05,baseline,I08,c00acc77d9,42,renders/I08_baseline_seed42_00001_.png,stage7a_images.csv
I08_baseline_seed1337_00001_.png,1024,1280,2.799999952316284,2.093402862548828,0.7476438922140239,0.13375473022460938,83.40390104662227,2102,2.6670079231262207,3.6932835578918457,0.5271,0.9117368007306578,12.526810298746053,34.156402587890625,5,15.0,5.870127766922966,16.886363798452493,0.6793308207996704,0.15413830202905915,0.9017984749251211,3.1579239359899396,0.8262084960937499,-3.3835748822693934,1.225621395092403e-05,baseline,I08,c00acc77d9,1337,renders/I08_baseline_seed1337_00001_.png,stage7a_images.csv
I08_baseline_seed777_00001_.png,1024,1280,2.799999952316284,2.1176984310150146,0.756320881099716,0.12849502563476561,78.04494902687674,2158,2.7139036655426025,3.8663485050201416,0.48935,0.9341951084959962,13.331622199698465,34.768253326416016,5,14.0,5.942998434265039,16.651073482391585,0.6941459467880295,0.16079472317326943,0.9075156426377987,3.1544239347980776,0.8216232299804688,-3.3667735489768904,1.1591628115990717e-05,baseline,I08,c00acc77d9,777,renders/I08_baseline_seed777_00001_.png,stage7a_images.csv
I08_baseline_seed9999_00001_.png,1024,1280,2.799999952316284,1.9465833902359009,0.6952083654950068,0.13941192626953125,65.26071428571429,2800,2.7524993419647217,3.7193737030029297,0.5267,0.9199619573694443,12.81576620710029,35.899574279785156,5,15.0,6.651128891127114,17.09336714046545,0.6727781953988736,0.16228765199468068,0.8966755454667263,3.162238568420372,0.8240180969238281,-3.313148753733374,1.2732315434174826e-05,baseline,I08,c00acc77d9,9999,renders/I08_baseline_seed9999_00001_.png,stage7a_images.csv
I09_baseline_seed4242145_00001_.png,1024,1280,4.393799781799316,2.700108528137207,0.6145269839836622,0.1046539306640625,114.02493765586036,1203,2.6136598587036133,3.7271411418914795,0.5806,0.8716098325791152,11.207863072335636,57.210472106933594,7,10.0,5.084090380785928,16.191386434122926,0.7430519722376985,0.2361397266237218,0.88347963932906,3.076896432118326,0.8259109497070313,-3.4748489783970493,1.4492976967092408e-05,baseline,I09,0a1c94584d,4242145,renders/I09_baseline_seed4242145_00001_.png,stage7a_images.csv
I09_baseline_seed42_00001_.png,1024,1280,4.393799781799316,2.827838897705078,0.6435975779822727,0.08564453125,136.56447688564478,822,2.5759031772613525,3.5925018787384033,0.5739,0.8748282093742885,11.30832100901574,52.662723541259766,4,10.0,4.732831472807795,14.988812318685756,0.7955714828379772,0.2988879386978205,0.9226908802176873,2.796367776246711,0.8792984008789062,-3.5439784280622697,8.62447947099388e-06,baseline,I09,0a1c94584d,42,renders/I09_baseline_seed42_00001_.png,stage7a_images.csv
I09_baseline_seed1337_00001_.png,1024,1280,4.393799781799316,2.7390482425689697,0.6233894074816707,0.0930267333984375,122.66800804828974,994,2.719935178756714,3.7347664833068848,0.56065,0.885190036925104,11.637910471341058,55.07304382324219,5,10.0,5.160210503324,13.831792114182381,0.7560989101980828,0.24384523581471795,0.8902965677191745,3.071194323101349,0.824152374267578,-3.493056081924467,1.3523367859284779e-05,baseline,I09,0a1c94584d,1337,renders/I09_baseline_seed1337_00001_.png,stage7a_images.csv
I09_baseline_seed777_00001_.png,1024,1280,5.599999904632568,2.6939542293548584,0.48106326343439754,0.0955810546875,136.32208922742112,919,2.623444080352783,3.6173462867736816,0.5609999999999999,0.8936723755648766,11.914855106351466,54.540523529052734,5,10.0,5.526743685300404,14.2212659595375,0.7724120563212982,0.2634092657588021,0.9315441103754234,2.9971263867481297,0.8452949523925781,-3.5546247976977763,9.861887400748083e-06,baseline,I09,0a1c94584d,777,renders/I09_baseline_seed777_00001_.png,stage7a_images.csv
I09_baseline_seed9999_00001_.png,1024,1280,5.599999904632568,2.938934087753296,0.5248096674648296,0.09003067016601562,121.15503080082135,974,2.6101717948913574,3.6510703563690186,0.5577000000000001,0.8884344491645931,11.74307064398815,52.6781005859375,5,10.0,5.409342658743807,15.589957537882487,0.76455448493691,0.23479599453528333,0.9324405791758267,2.895560988633203,0.8655624389648438,-3.570765037007521,8.995860029094886e-06,baseline,I09,0a1c94584d,9999,renders/I09_baseline_seed9999_00001_.png,stage7a_images.csv
I10_baseline_seed4242145_00001_.png,1024,1280,4.0,2.5812642574310303,0.6453160643577576,0.12207183837890626,93.67798594847775,1708,2.9872894287109375,3.7998037338256836,0.55855,0.8668356355602855,11.060483455285784,33.11312484741211,4,11.0,6.0731870852794305,13.804210510223175,0.7090177185572285,0.22114308305061964,0.8512517999586748,3.153419479876575,0.8233482360839843,-3.356189800968661,2.4402014193094983e-05,baseline,I10,90ec9bbe8c,4242145,renders/I10_baseline_seed4242145_00001_.png,stage7a_images.csv
I10_baseline_seed42_00001_.png,1024,1280,4.0,2.3400981426239014,0.5850245356559753,0.111199951171875,86.80881477069684,1679,3.0356712341308594,3.886833429336548,0.6879500000000001,0.7916954446217852,8.980412899950176,35.91498565673828,3,12.0,6.0068081166289975,12.201888622126893,0.7372319894188634,0.2658355783411083,0.8430031939773905,3.104623658748539,0.8272323608398438,-3.4067482220441105,1.7917292357084954e-05,baseline,I10,90ec9bbe8c,42,renders/I10_baseline_seed42_00001_.png,stage7a_images.csv
I10_baseline_seed1337_00001_.png,1024,1280,4.0,2.635812759399414,0.6589531898498535,0.11298065185546875,104.35940803382664,1419,3.044137716293335,3.9848368167877197,0.47669999999999996,0.919803253240257,12.810128237769788,33.9499397277832,2,11.0,6.456467914850831,13.34285608780696,0.7206417983150853,0.21949838637965818,0.8407324665635518,3.1489830718721827,0.8173034667968749,-3.399351574278667,1.9326762800688192e-05,baseline,I10,90ec9bbe8c,1337,renders/I10_baseline_seed1337_00001_.png,stage7a_images.csv
I10_baseline_seed777_00001_.png,1024,1280,4.0,2.375823974609375,0.5939559936523438,0.11748809814453125,100.38722294654498,1534,3.050272226333618,3.9985995292663574,0.5258,0.9061353053607905,12.333763829562745,32.73883056640625,4,11.5,6.2284717979212205,12.952160014964504,0.7189787304397692,0.22426252301758198,0.8369697324882068,3.1488548285375413,0.8240707397460938,-3.3525368113088874,2.1515352654022988e-05,baseline,I10,90ec9bbe8c,777,renders/I10_baseline_seed777_00001_.png,stage7a_images.csv
I10_baseline_seed9999_00001_.png,1024,1280,4.0,2.313053846359253,0.5782634615898132,0.128704833984375,92.89427312775331,1816,3.0116138458251953,3.8988583087921143,0.49750000000000005,0.9060250171808194,12.329992941402422,28.25421714782715,1,12.0,6.119354413457354,13.562315909038649,0.694334474410068,0.2174029683670964,0.8314388770126269,3.1644162048830933,0.8241157531738281,-3.318185695517851,2.2765281262973025e-05,baseline,I10,90ec9bbe8c,9999,renders/I10_baseline_seed9999_00001_.png,stage7a_images.csv
I11_baseline_seed4242145_00001_.png,1024,1280,4.0,2.4658608436584473,0.6164652109146118,0.132952880859375,99.80756013745705,1746,2.726926565170288,3.5821726322174072,0.5198,0.897617930994079,12.0459120372112,77.92926788330078,4,12.0,6.150003938006869,17.86754718106249,0.687633458961427,0.18454901718658928,0.8427378428148418,3.147201763160287,0.8215782165527343,-3.3909388989140585,1.8883000433551516e-05,baseline,I11,2b36c75165,4242145,renders/I11_baseline_seed4242145_00001_.png,stage7a_images.csv
I11_baseline_seed42_00001_.png,1024,1280,4.393799781799316,2.5956177711486816,0.5907455733191701,0.11831893920898437,101.42773054283846,1529,2.7237548828125,3.6693012714385986,0.48275,0.9225894737293293,12.909470252382444,79.45791625976562,6,11.0,5.832432437960766,18.344233906710745,0.7094536798166401,0.1780819325491307,0.8650605922761517,3.1230251457230054,0.8311920166015625,-3.4949380794348284,1.6331737593099096e-05,baseline,I11,2b36c75165,42,renders/I11_baseline_seed42_00001_.png,stage7a_images.csv
I11_baseline_seed1337_00001_.png,1024,1280,4.0,2.421990394592285,0.6054975986480713,0.12567901611328125,96.33333333333333,1710,2.8751673698425293,3.7429962158203125,0.5257,0.9133138310548871,12.58170315260815,71.92928314208984,5,13.0,5.8096207922720735,16.360821505292254,0.6916999922583968,0.16541997401294006,0.8634213671690827,3.141404920689709,0.8191299438476564,-3.425526916798517,1.618437353800168e-05,baseline,I11,2b36c75165,1337,renders/I11_baseline_seed1337_00001_.png,stage7a_images.csv
I11_baseline_seed777_00001_.png,1024,1280,4.393799781799316,2.357809066772461,0.5366218726077019,0.12721023559570313,86.79698073919833,1921,2.824460029602051,3.6970763206481934,0.5184500000000001,0.9031469738557717,12.231995665111315,67.57262420654297,5,12.0,5.853537392039108,19.31662845754129,0.6895109821421425,0.17803666162421905,0.8518263167700331,3.1432823884186436,0.8252609252929688,-3.4101750043904415,1.8771348684978023e-05,baseline,I11,2b36c75165,777,renders/I11_baseline_seed777_00001_.png,stage7a_images.csv
I11_baseline_seed9999_00001_.png,1024,1280,4.393799781799316,2.4841232299804688,0.5653701473313809,0.12636337280273438,93.89285714285714,1764,2.8194658756256104,3.645986557006836,0.50855,0.9081082498071951,12.401416401167754,72.50221252441406,4,12.0,5.67116045774584,17.39637469384334,0.6970342999966338,0.17464059113147282,0.8753688886281086,3.130121002852082,0.8309631347656249,-3.4910819697251974,1.5010414561122686e-05,baseline,I11,2b36c75165,9999,renders/I11_baseline_seed9999_00001_.png,stage7a_images.csv
I12_baseline_seed4242145_00001_.png,1024,1280,4.0,2.5319347381591797,0.6329836845397949,0.12938232421875,110.83921568627451,1530,2.543848991394043,3.5600228309631348,0.5523,0.892650923369521,11.881159177418564,29.21503448486328,2,13.0,6.1198676194203605,14.474553303038139,0.6984377730111985,0.1994674142969959,0.867365659842255,3.1366482314945614,0.8345596313476562,-3.4258668992562225,1.6489361136516444e-05,baseline,I12,8c3325ffd9,4242145,renders/I12_baseline_seed4242145_00001_.png,stage7a_images.csv
I12_baseline_seed42_00001_.png,1024,1280,4.0,2.5285775661468506,0.6321443915367126,0.11501083374023438,106.45974576271186,1416,2.604982376098633,3.693615674972534,0.5325499999999999,0.8939550634413685,11.92419735898702,30.918485641479492,2,13.0,5.974461666823676,13.516512657650665,0.7181649005536541,0.21162084784443433,0.8721344271427849,3.118280878949927,0.8351615905761719,-3.4703847623334525,1.5820600755273067e-05,baseline,I12,8c3325ffd9,42,renders/I12_baseline_seed42_00001_.png,stage7a_images.csv
I12_baseline_seed1337_00001_.png,1024,1280,4.0,2.569021463394165,0.6422553658485413,0.13351974487304688,103.18808962264151,1696,2.5266480445861816,3.5533411502838135,0.45475,0.9380624246358902,13.475339338558722,36.375648498535156,3,14.0,6.4171741006069025,15.222955242985535,0.6899177401926182,0.1744120085692163,0.8661788111353124,3.129104133645746,0.8430984497070313,-3.446113830538607,1.5421794461720494e-05,baseline,I12,8c3325ffd9,1337,renders/I12_baseline_seed1337_00001_.png,stage7a_images.csv
I12_baseline_seed777_00001_.png,1024,1280,4.0,2.436558246612549,0.6091395616531372,0.11096725463867188,96.19510582010582,1512,2.784322738647461,3.967043161392212,0.5408999999999999,0.9040260852190016,12.26184647027746,32.76127243041992,4,14.0,6.132218195726567,12.5884167229792,0.7292615949632533,0.19614768154645854,0.8785675188105391,3.133069175163755,0.8242233276367188,-3.4311802122457746,1.501556753292871e-05,baseline,I12,8c3325ffd9,777,renders/I12_baseline_seed777_00001_.png,stage7a_images.csv
I12_baseline_seed9999_00001_.png,1024,1280,4.0,2.387432813644409,0.5968582034111023,0.13292388916015624,102.54620364920541,1699,2.5891530513763428,3.623279571533203,0.51275,0.9102131831171268,12.474004094473765,31.205350875854492,4,15.0,6.232621605834345,13.896811857953438,0.689524453662761,0.17473850862655985,0.8623621075234994,3.134255512512634,0.838312530517578,-3.4587406149314104,1.6190214734592584e-05,baseline,I12,8c3325ffd9,9999,renders/I12_baseline_seed9999_00001_.png,stage7a_images.csv
I13_baseline_seed4242145_00001_.png,1024,1280,4.0,2.4521102905273438,0.6130275726318359,0.12436065673828126,79.16561437591064,2059,3.0374433994293213,3.9637410640716553,0.47975,0.9199969310315683,12.817008981203792,46.99559020996094,3,12.0,6.147013502506725,14.12630562687845,0.694133207322766,0.21376580474461307,0.9055931843563734,3.158932824626347,0.8284622192382811,-3.4435987390676397,1.571794665925301e-05,baseline,I13,fb96d83893,4242145,renders/I13_baseline_seed4242145_00001_.png,stage7a_images.csv
I13_baseline_seed42_00001_.png,1024,1280,4.0,2.6346116065979004,0.6586529016494751,0.11456680297851562,81.3021115322144,1847,3.045072317123413,4.031545162200928,0.48950000000000005,0.9136037902805992,12.591822124806528,53.4122314453125,2,12.0,5.535753822729513,12.690138811323882,0.7141037053948729,0.2158107495141223,0.920292539316244,3.1542511427555673,0.8199981689453124,-3.453941171037283,1.2382754486773296e-05,baseline,I13,fb96d83893,42,renders/I13_baseline_seed42_00001_.png,stage7a_images.csv
I13_baseline_seed1337_00001_.png,1024,1280,4.0,2.4099960327148438,0.6024990081787109,0.11306610107421874,95.9210355987055,1545,3.0125925540924072,4.052694797515869,0.47635000000000005,0.9198005076667344,12.810030723010128,48.1203498840332,5,12.0,6.362366532603604,13.331915807085117,0.7117897469290739,0.21727294368672442,0.9138791178423034,3.160125590684873,0.8236091613769532,-3.4791576185087356,1.2673551421291716e-05,baseline,I13,fb96d83893,1337,renders/I13_baseline_seed1337_00001_.png,stage7a_images.csv
I13_baseline_seed777_00001_.png,1024,1280,4.0,2.554476499557495,0.6386191248893738,0.11818771362304688,82.1373276776246,1886,3.0333364009857178,4.0007548332214355,0.51085,0.8959025239628597,11.988756283372137,46.1373176574707,3,12.0,6.393463568729459,13.792667903997774,0.7006680031835539,0.23584255581937302,0.9125694674530289,3.1680717226033552,0.8258110046386719,-3.478804762679557,1.389500939112584e-05,baseline,I13,fb96d83893,777,renders/I13_baseline_seed777_00001_.png,stage7a_images.csv
I13_baseline_seed9999_00001_.png,1024,1280,4.0,2.5154616832733154,0.6288654208183289,0.12423934936523437,85.57172884918549,1903,3.0635745525360107,3.990053176879883,0.5313,0.8919675816644018,11.85867014108961,43.1981315612793,4,13.0,6.087998009449971,13.755939497951749,0.6890307069984523,0.2027357102683112,0.9071054934194486,3.173411280060524,0.8241676330566408,-3.4679104888577825,1.4283732244877865e-05,baseline,I13,fb96d83893,9999,renders/I13_baseline_seed9999_00001_.png,stage7a_images.csv
I14_baseline_seed4242145_00001_.png,1024,1280,4.0,2.470402717590332,0.617600679397583,0.14039535522460939,101.05381658429434,1821,2.9423625469207764,3.74249267578125,0.48329999999999995,0.9305319304333314,13.196905047514516,35.230281829833984,4,13.0,5.956423003783395,15.16748792568294,0.6726374991611943,0.17341432094706422,0.8831557098070907,3.165332279022285,0.8236984252929687,-3.3670540101664357,2.132713138035432e-05,baseline,I14,c478c2b3f1,4242145,renders/I14_baseline_seed4242145_00001_.png,stage7a_images.csv
I14_baseline_seed42_00001_.png,1024,1280,4.0,2.460218906402588,0.615054726600647,0.14291534423828126,105.71218961625283,1772,2.974881649017334,3.7965595722198486,0.5362,0.892973016537617,11.891774170457357,35.9207649230957,3,14.0,5.895657439238668,15.995938067801646,0.6674940417256273,0.19427461249398703,0.8810273824637891,3.161742100218549,0.8280235290527344,-3.371862707584289,2.0900625668745305e-05,baseline,I14,c478c2b3f1,42,renders/I14_baseline_seed42_00001_.png,stage7a_images.csv
I14_baseline_seed1337_00001_.png,1024,1280,4.0,2.449018955230713,0.6122547388076782,0.13579635620117186,101.70914285714285,1750,3.0194475650787354,3.916999101638794,0.45060000000000006,0.9586588798795999,14.26725139669217,35.0665168762207,5,13.0,6.145794483443349,14.708688591680822,0.6752539790460818,0.16080423246803616,0.8884220907652136,3.167879286332977,0.8185089111328125,-3.3841504715647486,1.736506869019704e-05,baseline,I14,c478c2b3f1,1337,renders/I14_baseline_seed1337_00001_.png,stage7a_images.csv
I14_baseline_seed777_00001_.png,1024,1280,4.0,2.379929304122925,0.5949823260307312,0.13379364013671874,101.60254924681344,1726,2.9926917552948,3.8677518367767334,0.51505,0.8937276050756698,11.916679752547418,35.277034759521484,4,13.0,5.906640138962807,15.795804339365237,0.6817792234594624,0.2093374497209467,0.8888657791536358,3.162237366313799,0.820880126953125,-3.363420864962218,2.053724190903711e-05,baseline,I14,c478c2b3f1,777,renders/I14_baseline_seed777_00001_.png,stage7a_images.csv
I14_baseline_seed9999_00001_.png,1024,1280,4.0,2.406691074371338,0.6016727685928345,0.13878707885742186,95.34119496855345,1908,3.0392110347747803,3.848672866821289,0.49010000000000004,0.9183582210072103,12.758907390425474,31.903228759765625,3,13.0,5.770764859359281,15.608080048246427,0.6757904039649745,0.19620669579912856,0.8811408124908,3.159625225228537,0.8277107238769531,-3.3424899091035454,2.1380540754102834e-05,baseline,I14,c478c2b3f1,9999,renders/I14_baseline_seed9999_00001_.png,stage7a_images.csv
I15_baseline_seed4242145_00001_.png,1024,1280,4.0,2.4090449810028076,0.6022612452507019,0.10852813720703125,98.30684174153421,1447,2.6969494819641113,3.765164613723755,0.61075,0.8611029909764119,10.88607491178924,38.59976577758789,3,13.0,5.416362795963727,14.702087796956496,0.7377511153537214,0.2535928849329514,0.937407636316141,2.909562186847492,0.8712661743164063,-3.559241293163273,8.203955450659565e-06,baseline,I15,ef69aba3ba,4242145,renders/I15_baseline_seed4242145_00001_.png,stage7a_images.csv
I15_baseline_seed42_00001_.png,1024,1280,4.0,2.5230863094329834,0.6307715773582458,0.11983489990234375,87.16426193118757,1802,2.7553257942199707,3.729973793029785,0.5323,0.8990038596557348,12.09228882829769,50.93754196166992,7,13.0,5.834316048175656,15.795164268264232,0.7191463044546147,0.22154208251621405,0.8973689856750585,3.1026440290454125,0.8287422180175782,-3.4341966613079604,1.2444088107059625e-05,baseline,I15,ef69aba3ba,42,renders/I15_baseline_seed42_00001_.png,stage7a_images.csv
I15_baseline_seed1337_00001_.png,1024,1280,4.0,2.514643669128418,0.6286609172821045,0.10951614379882812,105.47024246877297,1361,2.7377781867980957,3.7743985652923584,0.57905,0.876565819917471,11.36293231840304,39.74462127685547,4,13.0,5.904271626331227,13.857404630615555,0.7237439531783676,0.21914964724740466,0.9358958094056429,3.0148354107729713,0.8451026916503906,-3.505043894337421,8.536454839396376e-06,baseline,I15,ef69aba3ba,1337,renders/I15_baseline_seed1337_00001_.png,stage7a_images.csv
I15_baseline_seed777_00001_.png,1024,1280,4.0,2.5690951347351074,0.6422737836837769,0.11621322631835937,97.08285532186106,1569,2.711503267288208,3.7286858558654785,0.57795,0.8719465764521517,11.218332205579651,38.29145812988281,4,12.0,5.758862739778374,15.368358090397674,0.7103726299171046,0.21345916644811866,0.9353254597205647,3.00610904136325,0.8590370178222656,-3.504369073401047,9.597119952601974e-06,baseline,I15,ef69aba3ba,777,renders/I15_baseline_seed777_00001_.png,stage7a_images.csv
I15_baseline_seed9999_00001_.png,1024,1280,4.0,2.425741672515869,0.6064354181289673,0.10462722778320313,95.56585365853658,1435,2.7358691692352295,3.7376885414123535,0.5909500000000001,0.8337258493685304,10.09034360095783,39.91090393066406,4,12.0,5.640397081642186,14.157702293954218,0.7287800924259706,0.23344767409195927,0.9483219552354407,2.891161156261804,0.8757400512695312,-3.5690697280630226,6.854984159801876e-06,baseline,I15,ef69aba3ba,9999,renders/I15_baseline_seed9999_00001_.png,stage7a_images.csv
I16_baseline_seed4242145_00001_.png,1024,1280,4.393799781799316,2.9221031665802,0.6650515070542341,0.08662643432617187,121.69667738478027,933,2.5272936820983887,3.5024662017822266,0.56855,0.8805848778001707,11.490259783828051,62.71372985839844,4,9.0,5.006739832465833,16.35229107403196,0.7852658457231554,0.26334352739102684,0.9026220347764391,2.6802269744305334,0.9164154052734375,-3.52785719460966,1.0548255725330288e-05,baseline,I16,5421ab290b,4242145,renders/I16_baseline_seed4242145_00001_.png,stage7a_images.csv
I16_baseline_seed42_00001_.png,1024,1280,4.393799781799316,2.9818084239959717,0.6786400318803064,0.08542556762695312,130.80490654205607,856,2.5779991149902344,3.6266250610351562,0.51155,0.909872368552812,12.462222493612831,55.84721374511719,5,8.0,4.764445796732292,16.585834067767607,0.7996375963455891,0.24956656332161906,0.9050126677734287,2.7165263808898685,0.9038467407226562,-3.492508646313982,1.0274931703476794e-05,baseline,I16,5421ab290b,42,renders/I16_baseline_seed42_00001_.png,stage7a_images.csv
I16_baseline_seed1337_00001_.png,1024,1280,4.393799781799316,2.7490806579589844,0.6256727193957848,0.08769912719726562,130.18006795016987,883,2.7507457733154297,3.690666913986206,0.55495,0.8908311865506165,11.821365162021587,50.185157775878906,5,9.0,5.420662775478863,14.98812452806467,0.7902030368088742,0.26031551306885137,0.9139810057132517,2.8961082165324834,0.8688316345214844,-3.52233250595328,9.257235381952822e-06,baseline,I16,5421ab290b,1337,renders/I16_baseline_seed1337_00001_.png,stage7a_images.csv
I16_baseline_seed777_00001_.png,1024,1280,4.393799781799316,2.832008123397827,0.6445464663931691,0.08114700317382813,103.56475170399221,1027,2.8990964889526367,3.77043080329895,0.5041,0.9154156464658413,12.655236695713976,51.613128662109375,4,8.0,5.047771785649585,14.851284461227735,0.792753578656314,0.23268323417604142,0.9076914347522873,3.005614726634416,0.8285346984863282,-3.4700497468075384,1.0402874712756823e-05,baseline,I16,5421ab290b,777,renders/I16_baseline_seed777_00001_.png,stage7a_images.csv
I16_baseline_seed9999_00001_.png,1024,1280,4.393799781799316,2.8490521907806396,0.648425584293219,0.08541641235351563,114.71004098360656,976,2.6540327072143555,3.6135544776916504,0.5628,0.8864209135510898,11.677695187249833,61.6401252746582,4,10.0,5.245377578163463,15.949460589320331,0.7977883695577102,0.2708549428996149,0.9131668722721281,2.6917310680462605,0.9091346740722657,-3.567566686246756,8.444135986405797e-06,baseline,I16,5421ab290b,9999,renders/I16_baseline_seed9999_00001_.png,stage7a_images.csv
I17_baseline_seed4242145_00001_.png,1024,1280,4.0,2.4850854873657227,0.6212713718414307,0.10860595703125,93.40682414698163,1524,3.147404909133911,3.962895154953003,0.52835,0.883923822641436,11.597124993141394,31.886585235595703,3,13.0,6.227073642746113,9.369872287641138,0.7418331147002488,0.23434709315081015,0.9085443881953643,3.133776354484859,0.82344970703125,-3.487672018758229,1.1069383602638808e-05,baseline,I17,0dee1ceb78,4242145,renders/I17_baseline_seed4242145_00001_.png,stage7a_images.csv
I17_baseline_seed42_00001_.png,1024,1280,4.0,2.454396963119507,0.6135992407798767,0.09305801391601562,80.2453947368421,1520,3.2339959144592285,4.064833641052246,0.53335,0.9032855611476929,12.236696658277742,31.816972732543945,3,14.0,6.486266501641722,9.333751013195933,0.7597060972398161,0.20739544853966327,0.91377904930031,3.125370426698705,0.8099952697753907,-3.4793761588599477,9.437011294808279e-06,baseline,I17,0dee1ceb78,42,renders/I17_baseline_seed42_00001_.png,stage7a_images.csv
I17_baseline_seed1337_00001_.png,1024,1280,4.393799781799316,2.524190664291382,0.5744892324742421,0.09370574951171876,95.87978142076503,1281,3.128912925720215,4.020429611206055,0.57895,0.8813697958434015,11.515292747327061,34.67037582397461,4,13.0,6.5566363210509895,9.427478300745781,0.7674102461156959,0.24658551776489018,0.926441466630919,3.0915402083007963,0.8216529846191406,-3.505950261298913,9.138597902636524e-06,baseline,I17,0dee1ceb78,1337,renders/I17_baseline_seed1337_00001_.png,stage7a_images.csv
I17_baseline_seed777_00001_.png,1024,1280,4.0,2.5556418895721436,0.6389104723930359,0.10148544311523437,87.8013201320132,1515,3.1933329105377197,4.033664703369141,0.4856,0.9211764286233854,12.858992566291601,34.514095306396484,3,14.0,6.3954748537468475,9.914766209515658,0.7511333344206494,0.2271190736461094,0.9151661724506666,3.1336031879761945,0.8199630737304688,-3.4905828622894974,9.984714589107547e-06,baseline,I17,0dee1ceb78,777,renders/I17_baseline_seed777_00001_.png,stage7a_images.csv
I17_baseline_seed9999_00001_.png,1024,1280,4.0,2.394317150115967,0.5985792875289917,0.10353775024414062,90.41239173884077,1501,3.2489569187164307,4.015137672424316,0.51985,0.9115852496334962,12.52154777827537,31.709108352661133,4,14.0,6.338576820773785,7.935922313488756,0.7541808135724273,0.21690578613229594,0.929962055020396,3.123271763063385,0.8114738464355469,-3.454830935523395,9.373348947711448e-06,baseline,I17,0dee1ceb78,9999,renders/I17_baseline_seed9999_00001_.png,stage7a_images.csv
I18_baseline_seed4242145_00001_.png,1024,1280,2.799999952316284,2.236898183822632,0.7988922221131363,0.11184463500976563,73.37187187187187,1998,3.112842559814453,4.0649213790893555,0.49725,0.938438748011397,13.489406709755531,45.091209411621094,5,16.0,6.214066550769705,13.378690393009924,0.7104542668327232,0.16286590945708998,0.8978443727399825,3.17416011437108,0.8151954650878905,-3.364719607298086,9.797762038058746e-06,baseline,I18,3d8a617173,4242145,renders/I18_baseline_seed4242145_00001_.png,stage7a_images.csv
I18_baseline_seed42_00001_.png,1024,1280,2.799999952316284,2.183133840560913,0.7796906706212362,0.10278167724609374,66.00587947084762,2041,3.149764060974121,4.048948287963867,0.46215,0.9368736159697777,13.430996694293803,45.44375991821289,3,15.0,6.2254486535108455,12.906981736480532,0.7280907343816294,0.17235322023017513,0.8830325350456376,3.153384207123691,0.8090934753417969,-3.342413965075368,1.0511571548949463e-05,baseline,I18,3d8a617173,42,renders/I18_baseline_seed42_00001_.png,stage7a_images.csv
I18_baseline_seed1337_00001_.png,1024,1280,2.799999952316284,2.3642990589141846,0.8443925354206994,0.10586166381835938,74.88127361036157,1853,3.037930965423584,4.030346393585205,0.49945,0.9275397312455025,13.087874596884445,44.4812126159668,3,15.0,6.261584139616747,13.724411740788689,0.7316929980420385,0.18357275917261906,0.9043427468461569,3.144593822795923,0.8141548156738281,-3.3648344179645844,8.900466466444413e-06,baseline,I18,3d8a617173,1337,renders/I18_baseline_seed1337_00001_.png,stage7a_images.csv
I18_baseline_seed777_00001_.png,1024,1280,4.0,2.3092398643493652,0.5773099660873413,0.11017608642578125,83.81311665699361,1723,2.938318967819214,3.990757703781128,0.5450499999999999,0.9156390142877187,12.663076601104489,48.74900817871094,4,16.0,6.017890748568189,14.718840201714611,0.7148583315835725,0.15506748513149263,0.8960995115961596,3.157380704153764,0.8268432617187499,-3.4141471500314213,9.356845352675518e-06,baseline,I18,3d8a617173,777,renders/I18_baseline_seed777_00001_.png,stage7a_images.csv
I18_baseline_seed9999_00001_.png,1024,1280,2.799999952316284,2.216305732727051,0.7915377751680404,0.10161514282226562,65.12909535452323,2045,3.133772850036621,4.046566486358643,0.59505,0.8863686219453624,11.676002241337548,41.177459716796875,4,16.0,6.106593309178778,14.979351908992298,0.7268633040118428,0.21568322217691674,0.9051629807842433,3.1480640430636546,0.80955810546875,-3.363348821730799,8.047158966790736e-06,baseline,I18,3d8a617173,9999,renders/I18_baseline_seed9999_00001_.png,stage7a_images.csv
I19_baseline_seed4242145_00001_.png,1024,1280,5.599999904632568,2.472778797149658,0.4415676498680055,0.07892227172851562,151.90161527165932,681,2.7316088676452637,3.7187836170196533,0.6069,0.8245234449715638,9.836150299128331,40.4024772644043,3,8.0,5.105366118156878,12.812933598387904,0.8017038961844626,0.3486254016500202,0.9141141345300451,2.9042311185270235,0.8648262023925781,-3.482559185248491,1.5156822335243476e-05,baseline,I19,f1f616b0ac,4242145,renders/I19_baseline_seed4242145_00001_.png,stage7a_images.csv
I19_baseline_seed42_00001_.png,1024,1280,4.393799781799316,2.691086769104004,0.6124736908248399,0.08026657104492188,129.88518518518518,810,2.85427188873291,3.7517549991607666,0.6047499999999999,0.8560783016762548,10.735468198459506,38.32619094848633,6,10.0,5.533883633614109,11.051820365279017,0.8019203648546542,0.29606598921110217,0.8967186391781728,3.0104877889974593,0.8227348327636719,-3.482927634298629,1.3515250622572053e-05,baseline,I19,f1f616b0ac,42,renders/I19_baseline_seed42_00001_.png,stage7a_images.csv
I19_baseline_seed1337_00001_.png,1024,1280,5.599999904632568,2.5726611614227295,0.45940378664908726,0.080572509765625,104.87388282025819,1007,2.799342393875122,3.7991106510162354,0.60845,0.8227803726524384,9.788728611735637,38.21198654174805,3,9.0,6.044228135171603,12.064732378174376,0.7931318046958515,0.34713078990199064,0.9178860962156113,2.967126371379716,0.8482192993164062,-3.5258542638306283,1.4356750898535518e-05,baseline,I19,f1f616b0ac,1337,renders/I19_baseline_seed1337_00001_.png,stage7a_images.csv
I19_baseline_seed777_00001_.png,1024,1280,4.393799781799316,2.489546060562134,0.5666043479893463,0.08095779418945312,148.4097902097902,715,2.485412120819092,3.436436891555786,0.6013499999999999,0.8471841778393335,10.473971733645085,43.20450973510742,5,10.0,5.562650981097052,13.445131051968952,0.8154110655806178,0.324220133874937,0.8947347199097454,2.390379394748281,0.94404296875,-3.4565392576435707,1.612698615010009e-05,baseline,I19,f1f616b0ac,777,renders/I19_baseline_seed777_00001_.png,stage7a_images.csv
I19_baseline_seed9999_00001_.png,1024,1280,5.599999904632568,2.4629716873168945,0.43981638022518804,0.0689300537109375,164.56830601092895,549,2.6797351837158203,3.593947172164917,0.6412,0.8121567706954481,9.504607709946043,35.420631408691406,4,8.0,5.224799526306855,12.131478607996929,0.8305909971560327,0.35642002733981676,0.9108874697676356,2.6512381097681588,0.90968017578125,-3.546923794866034,1.347399361399983e-05,baseline,I19,f1f616b0ac,9999,renders/I19_baseline_seed9999_00001_.png,stage7a_images.csv
I20_baseline_seed4242145_00001_.png,1024,1280,5.599999904632568,2.3958933353424072,0.4278381028828979,0.09527359008789063,144.1997690531178,866,2.614586114883423,3.5849032402038574,0.61455,0.8452218626174434,10.4171408083877,42.979042053222656,2,11.0,6.118161488551933,8.764984058061243,0.7911015700091513,0.320336179301946,0.8679648456709753,2.8540315570411368,0.8908149719238281,-3.4293897013174632,1.7700280419816203e-05,baseline,I20,952efcc3c6,4242145,renders/I20_baseline_seed4242145_00001_.png,stage7a_images.csv
I20_baseline_seed42_00001_.png,1024,1280,4.393799781799316,2.359123706817627,0.5369210760558453,0.09986801147460937,112.45618556701031,1164,2.9198994636535645,3.9435622692108154,0.56025,0.8755791306324948,11.331889412139711,40.84238052368164,2,12.0,5.793355865740247,7.778947341251309,0.7641271490178967,0.26323905719908613,0.8590867869356396,3.0788195174812243,0.8369216918945312,-3.384165908465111,2.0606159080675898e-05,baseline,I20,952efcc3c6,42,renders/I20_baseline_seed42_00001_.png,stage7a_images.csv
I20_baseline_seed1337_00001_.png,1024,1280,4.0,2.262726306915283,0.5656815767288208,0.10969772338867187,107.14083457526081,1342,2.972223997116089,3.947321653366089,0.5736,0.8813916128254586,11.515989322907188,35.900455474853516,4,13.0,6.022522312121392,8.869853175398251,0.7414021498712495,0.2224349642210099,0.8557350811721898,3.1223627589005036,0.8233184814453125,-3.36533711477179,2.1958114467265336e-05,baseline,I20,952efcc3c6,1337,renders/I20_baseline_seed1337_00001_.png,stage7a_images.csv
I20_baseline_seed777_00001_.png,1024,1280,4.393799781799316,2.2838637828826904,0.519792411193443,0.1048858642578125,123.07609668755596,1117,2.8562300205230713,3.928966760635376,0.5895,0.8654864019378461,11.01918491975536,36.64383316040039,4,12.0,6.217876948766356,9.756793223897011,0.7468356802285352,0.2602776562380586,0.8620209146409568,3.1161532903542364,0.8279289245605469,-3.3851756151973147,2.2231965086381722e-05,baseline,I20,952efcc3c6,777,renders/I20_baseline_seed777_00001_.png,stage7a_images.csv
I20_baseline_seed9999_00001_.png,1024,1280,4.0,2.185295343399048,0.546323835849762,0.10730361938476562,107.03576864535769,1314,2.896393299102783,3.8283531665802,0.57525,0.875670396624513,11.334757230939854,37.31674575805664,4,13.0,6.122851332840421,9.43308674763755,0.7517673368457392,0.2465110609129902,0.8608043662412379,3.074394709782027,0.8408012390136719,-3.379595418566562,2.3004532956353903e-05,baseline,I20,952efcc3c6,9999,renders/I20_baseline_seed9999_00001_.png,stage7a_images.csv
I21_baseline_seed4242145_00001_.png,1024,1280,4.0,2.316276788711548,0.579069197177887,0.12038726806640625,107.05156037991858,1474,2.98443603515625,3.924255609512329,0.43584999999999996,0.9519642710351234,14.004873859425501,76.91313171386719,6,15.0,6.189156185064568,9.629452962481366,0.713566461550848,0.1584550871487391,0.9289102303013399,3.157368089373603,0.8176261901855468,-3.4861403141525886,8.72017327046552e-06,baseline,I21,2f3689f658,4242145,renders/I21_baseline_seed4242145_00001_.png,stage7a_images.csv
I21_baseline_seed42_00001_.png,1024,1280,4.393799781799316,2.345278263092041,0.5337699439121052,0.104510498046875,100.7235294117647,1360,3.1118173599243164,4.030570983886719,0.4302,0.9557425467044127,14.152354504962624,77.78661346435547,5,14.0,6.05765884979943,8.225589826180666,0.7399656952956466,0.17884958857598332,0.9200927365476221,3.1530703015337602,0.8079719543457031,-3.485419468741992,8.015846431748502e-06,baseline,I21,2f3689f658,42,renders/I21_baseline_seed42_00001_.png,stage7a_images.csv
I21_baseline_seed1337_00001_.png,1024,1280,4.393799781799316,2.547060489654541,0.5796942546643506,0.1014739990234375,106.4032,1250,3.0592589378356934,4.0123701095581055,0.4838,0.9386634154953969,13.497812020877385,70.9517822265625,6,14.0,6.230615701751593,9.239346029650422,0.7478671010299686,0.16780885598155681,0.942916594994665,3.132996734274342,0.8089820861816406,-3.4897410830019875,7.340161719524833e-06,baseline,I21,2f3689f658,1337,renders/I21_baseline_seed1337_00001_.png,stage7a_images.csv
I21_baseline_seed777_00001_.png,1024,1280,4.393799781799316,2.3565869331359863,0.5363437230111869,0.10562210083007813,103.00669642857143,1344,3.006848096847534,3.98968505859375,0.4355,0.9565257112228291,14.18311821801493,78.19087982177734,4,14.0,6.017597111804678,8.780129641878402,0.7384214028581859,0.17242610412864753,0.9282883977581602,3.146724484639171,0.8084236145019531,-3.460400887258836,8.769392517725371e-06,baseline,I21,2f3689f658,777,renders/I21_baseline_seed777_00001_.png,stage7a_images.csv
I21_baseline_seed9999_00001_.png,1024,1280,4.0,2.141010284423828,0.535252571105957,0.11909713745117187,91.44874048037492,1707,3.0287811756134033,3.9990854263305664,0.41009999999999996,0.9617647028186418,14.390639614948102,79.66783142089844,4,15.0,6.250574526265006,9.276050601108693,0.7199498345177247,0.16338705959737224,0.9306536637238034,3.1516514981562964,0.8162864685058593,-3.497505656498531,7.955963160797611e-06,baseline,I21,2f3689f658,9999,renders/I21_baseline_seed9999_00001_.png,stage7a_images.csv
I22_baseline_seed4242145_00001_.png,1024,1280,4.0,2.447761058807373,0.6119402647018433,0.11590957641601562,76.15288220551379,1995,2.9386868476867676,3.7758965492248535,0.5365000000000001,0.8959327710425907,11.989761735148646,38.553924560546875,5,11.0,5.952331603584395,18.95096267281251,0.7252681070651378,0.2252736118367014,0.9068078091975568,3.0697480739408545,0.8397300720214844,-3.3907478992249276,1.4882272657576009e-05,baseline,I22,c412444d34,4242145,renders/I22_baseline_seed4242145_00001_.png,stage7a_images.csv
I22_baseline_seed42_00001_.png,1024,1280,4.0,2.510650873184204,0.627662718296051,0.113983154296875,76.81233933161954,1945,2.9510703086853027,3.753086566925049,0.55665,0.8871403605982644,11.701012293096479,40.457481384277344,6,11.0,5.663660339171126,19.78459247577431,0.727876440945839,0.23728369783696365,0.9039498547145928,3.0710854571966877,0.8429481506347657,-3.4380313488102385,1.3809793710279319e-05,baseline,I22,c412444d34,42,renders/I22_baseline_seed42_00001_.png,stage7a_images.csv
I22_baseline_seed1337_00001_.png,1024,1280,4.393799781799316,2.3291003704071045,0.5300879616898039,0.1080902099609375,80.95771428571429,1750,2.9320003986358643,3.749690294265747,0.5810000000000001,0.8682975877663827,11.10540691733915,32.81285858154297,4,11.0,5.555713367742508,20.402426241225527,0.7454851899102137,0.29446197475369573,0.9225985719277536,2.9869801107881453,0.8591239929199218,-3.4656553165783595,1.1374197912640989e-05,baseline,I22,c412444d34,1337,renders/I22_baseline_seed1337_00001_.png,stage7a_images.csv
I22_baseline_seed777_00001_.png,1024,1280,4.393799781799316,2.5258312225341797,0.5748626127656231,0.11297607421875,77.65076035658102,1907,2.8778722286224365,3.7194981575012207,0.56565,0.8724692587748436,11.234601408850388,37.43584060668945,6,10.0,5.7880863921736525,20.67652525277603,0.7216850021258845,0.2302367623114475,0.9035066076185692,3.0743442438936883,0.8392616271972657,-3.4176750032207712,1.533946741247313e-05,baseline,I22,c412444d34,777,renders/I22_baseline_seed777_00001_.png,stage7a_images.csv
I22_baseline_seed9999_00001_.png,1024,1280,4.0,2.367076873779297,0.5917692184448242,0.11158218383789062,71.72780774889652,2039,3.0130860805511475,3.9097514152526855,0.5690999999999999,0.8857452866630078,11.655840589974018,35.340972900390625,4,11.0,5.847373341937386,19.366710034406097,0.7278604825871615,0.2233342622982037,0.9001249353567805,3.1065375466336937,0.8303855895996093,-3.391228649287071,1.417411326914316e-05,baseline,I22,c412444d34,9999,renders/I22_baseline_seed9999_00001_.png,stage7a_images.csv
I23_baseline_seed4242145_00001_.png,1024,1280,4.0,2.4838955402374268,0.6209738850593567,0.11902313232421875,97.56472795497186,1599,2.901007890701294,3.8214142322540283,0.4868,0.9287042126208357,13.130198762057889,48.797523498535156,4,12.0,5.799470746326771,14.240764556037698,0.7218394656350977,0.18530727505336714,0.9143765610762415,3.118033229384491,0.8157272338867188,-3.398585873052859,1.3648934197979449e-05,baseline,I23,92b7d2e00d,4242145,renders/I23_baseline_seed4242145_00001_.png,stage7a_images.csv
I23_baseline_seed42_00001_.png,1024,1280,4.0,2.4856624603271484,0.6214156150817871,0.11492919921875,95.70520965692504,1574,2.969951868057251,3.9007859230041504,0.4299,0.9543145645962878,14.096433177793116,54.71282958984375,4,13.0,6.24568651150536,15.429291848288308,0.724567268538343,0.16832874284571836,0.9094587471698935,3.1120263837353765,0.8130531311035156,-3.369863793289247,1.4177756041246789e-05,baseline,I23,92b7d2e00d,42,renders/I23_baseline_seed42_00001_.png,stage7a_images.csv
I23_baseline_seed1337_00001_.png,1024,1280,4.0,2.352576971054077,0.5881442427635193,0.113543701171875,103.56576200417537,1437,2.954044818878174,3.874336004257202,0.47695,0.9379230261513489,13.470132198110816,52.244197845458984,5,14.0,6.203055698605326,12.654746933335643,0.7325663465475913,0.17690619080195807,0.9291562395973018,3.1044378337820486,0.8195831298828126,-3.43100313925508,1.0893393924909301e-05,baseline,I23,92b7d2e00d,1337,renders/I23_baseline_seed1337_00001_.png,stage7a_images.csv
I23_baseline_seed777_00001_.png,1024,1280,4.0,2.5011298656463623,0.6252824664115906,0.11208877563476563,89.47442143727162,1642,2.9694457054138184,3.890302896499634,0.50045,0.9194076274424589,12.796084414222662,52.443763732910156,4,13.0,6.213759067887797,14.699372369806722,0.7323846779122991,0.17098794890774285,0.9186543059343188,3.113816774678606,0.8130401611328124,-3.3981498817980076,1.2350701040241217e-05,baseline,I23,92b7d2e00d,777,renders/I23_baseline_seed777_00001_.png,stage7a_images.csv
I23_baseline_seed9999_00001_.png,1024,1280,4.0,2.4731898307800293,0.6182974576950073,0.11468353271484374,88.78795038393385,1693,2.9985218048095703,3.965031147003174,0.46934999999999993,0.9400853120023048,13.551129936558407,51.976009368896484,4,12.0,6.128536662787084,14.102954683029296,0.7263323083671396,0.1680429825354118,0.920736259911648,3.1141356657873,0.8162391662597657,-3.3735061134994195,1.2650687842333803e-05,baseline,I23,92b7d2e00d,9999,renders/I23_baseline_seed9999_00001_.png,stage7a_images.csv
I24_baseline_seed4242145_00001_.png,1024,1280,2.799999952316284,2.5024425983428955,0.8937295146282999,0.11845169067382813,73.54666035054477,2111,2.847870111465454,3.9798390865325928,0.43695,0.9506716348864158,13.954770950804107,66.17366027832031,4,14.0,6.2808025551088305,13.355121649077105,0.7172713885048988,0.19257985330562838,0.8854427932715745,3.1409789465576345,0.81634521484375,-3.4030511231208163,1.5760559189256208e-05,baseline,I24,66faaa372d,4242145,renders/I24_baseline_seed4242145_00001_.png,stage7a_images.csv
I24_baseline_seed42_00001_.png,1024,1280,2.799999952316284,2.3072314262390137,0.8240112376896184,0.1130584716796875,63.16624040920716,2346,2.974513530731201,3.9974935054779053,0.42625,0.9512416502046747,13.97684275934754,72.36248779296875,6,14.0,6.342228941037056,13.606437249231373,0.7251801874307395,0.1702760212664232,0.8883627688106751,3.138412779639393,0.8137947082519531,-3.4295477127923073,1.2890032577847021e-05,baseline,I24,66faaa372d,42,renders/I24_baseline_seed42_00001_.png,stage7a_images.csv
I24_baseline_seed1337_00001_.png,1024,1280,2.799999952316284,2.2861058712005615,0.816466396475969,0.11850509643554688,81.15308254963428,1914,2.949129343032837,3.9933700561523438,0.44865,0.9456236644043433,13.760821151198298,71.78507232666016,4,14.0,6.306881473031052,11.917329780736782,0.7222671416357511,0.17857781843145384,0.897992172235694,3.147524484228365,0.812322235107422,-3.430899660002488,1.346743815671154e-05,baseline,I24,66faaa372d,1337,renders/I24_baseline_seed1337_00001_.png,stage7a_images.csv
I24_baseline_seed777_00001_.png,1024,1280,2.799999952316284,2.422358274459839,0.8651279698972697,0.11569290161132813,84.52675585284281,1794,2.996586561203003,4.004318714141846,0.43885,0.9423778008439637,13.637536978812049,63.249813079833984,5,15.0,6.430412950817944,12.81124181072908,0.7208349230362732,0.1889510843240169,0.8974379470664205,3.1487312923210142,0.8115081787109376,-3.4195180010162742,1.3661360101448857e-05,baseline,I24,66faaa372d,777,renders/I24_baseline_seed777_00001_.png,stage7a_images.csv
I24_baseline_seed9999_00001_.png,1024,1280,2.799999952316284,2.3907957077026367,0.8538556244348735,0.12344589233398437,72.75314748201438,2224,2.9654881954193115,3.991192102432251,0.4373,0.9447179199800249,13.726307550232917,64.0127182006836,5,15.0,6.3084557069244065,13.524917101032095,0.7034373662484711,0.1778147443398178,0.8937976847477287,3.163594407274045,0.8158325195312499,-3.383706818369781,1.447064177943171e-05,baseline,I24,66faaa372d,9999,renders/I24_baseline_seed9999_00001_.png,stage7a_images.csv
