file,bench,stroke_width_median_px,stroke_width_std_px,stroke_width_cv,edge_density,contour_mean_length_px,contour_n_components,crosshatch_entropy_mean,crosshatch_entropy_p90,color_top4_cluster_share,color_cluster_entropy_norm,color_n_effective,colorfulness_hs,luminance_hist_n_peaks,shadow_edge_transition_width_px,shadow_edge_transition_width_std,glcm_contrast,glcm_homogeneity,glcm_energy,glcm_correlation,lbp_entropy,lbp_uniform_share,fft_radial_slope,fft_high_freq_share
P01_blk00pos_0.200_krea2_seed1337_00001_.png,benchmark_profondita,2.0,1.8139675855636597,0.9069837927818298,0.129107666015625,55.33812949640288,3058,3.246891498565674,4.026371955871582,0.49865,0.893302740081609,11.902650455807011,33.94020080566406,2,18.0,5.820351183228532,5.108343358285994,0.7106931673895219,0.23874863367775429,0.91090897084335,3.1510283399912136,0.8078590393066407,-3.3058180240676416,1.9517739710383515e-05
P01_blk00pos_0.200_krea2_seed42_00001_.png,benchmark_profondita,2.799999952316284,1.7928810119628906,0.6403146580340975,0.12200088500976562,58.318380743982495,2742,3.2488174438476562,4.020559310913086,0.50375,0.8848923588444039,11.628309213928205,33.125694274902344,1,18.0,5.90070387647831,4.909749525757653,0.7155461790096536,0.23106709856046243,0.9072970343510942,3.1497410152317857,0.8026405334472656,-3.2547435100094835,2.1238062771546776e-05
P01_blk00pos_0.200_krea2_seed777_00001_.png,benchmark_profondita,2.0,1.7759629487991333,0.8879814743995667,0.1350555419921875,58.49966953073364,3026,3.2090353965759277,3.99460506439209,0.509,0.8940869854143123,11.928559615230954,34.19392013549805,1,18.0,5.559223370118018,5.3514431552128645,0.7051784754344421,0.23275185469403686,0.9087075056250908,3.150086851995483,0.8093742370605469,-3.312516353235019,1.8757929288345358e-05
P01_blk01pos_0.200_krea2_seed1337_00001_.png,benchmark_profondita,2.799999952316284,2.2244794368743896,0.7944569552703747,0.12200775146484374,65.94556701030928,2425,3.1274468898773193,3.9381625652313232,0.5421499999999999,0.8710791369816767,11.191383942242304,40.389713287353516,1,16.0,6.510544706547355,9.875434923552252,0.7175755096174585,0.2723607924270809,0.8760181059306327,3.138898437118266,0.8402359008789062,-3.3336948442624967,2.414330833612462e-05
P01_blk01pos_0.200_krea2_seed42_00001_.png,benchmark_profondita,2.799999952316284,2.1315417289733887,0.7612649161690459,0.128619384765625,66.47634069400631,2536,3.1266350746154785,3.9221925735473633,0.5386500000000001,0.8804154209983694,11.48486253691515,42.069007873535156,2,16.0,6.377638121664542,9.719764632522566,0.7066606622386885,0.2391651588728631,0.8700068225888732,3.151874760785419,0.8357101440429687,-3.27976444852724,2.7510756229469978e-05
P01_blk01pos_0.200_krea2_seed777_00001_.png,benchmark_profondita,2.799999952316284,2.1659207344055176,0.7735431326039031,0.13031768798828125,65.41937954806588,2611,3.1000308990478516,3.950883150100708,0.56265,0.8795746118530976,11.458120002622127,43.3199577331543,1,16.0,6.221424773940463,9.948753692417634,0.7073193593439061,0.2400576898270376,0.8675535801671781,3.1485878510045433,0.8361755371093751,-3.324767031485211,2.4761924756375475e-05
P01_blk02pos_0.200_krea2_seed1337_00001_.png,benchmark_profondita,2.799999952316284,2.107851028442383,0.7528039515495973,0.12492446899414063,63.81176929072486,2566,3.2006475925445557,4.002216339111328,0.54895,0.8658171576963716,11.029294694699395,39.160247802734375,1,17.0,6.37810892330164,9.09238875830835,0.7062061526110184,0.2306891175543952,0.8770960809051704,3.1512637080436767,0.8383117675781251,-3.4186948057817266,1.8431511286934405e-05
P01_blk02pos_0.200_krea2_seed42_00001_.png,benchmark_profondita,2.799999952316284,2.034775733947754,0.7267056316427781,0.12939529418945311,63.592425946756656,2667,3.2097012996673584,3.9733238220214844,0.54675,0.8800224049656502,11.472354621851295,37.96669006347656,2,17.0,6.295457523459075,8.625211268860111,0.7037065514279721,0.22698610710010597,0.8750837165445225,3.1604998954086048,0.8343338012695312,-3.357425431929141,2.1413055675864963e-05
P01_blk02pos_0.200_krea2_seed777_00001_.png,benchmark_profondita,2.799999952316284,2.2822065353393555,0.8150737765018221,0.12092437744140624,65.712271973466,2412,3.1853978633880615,3.9963908195495605,0.49575,0.9014813685473043,12.17563806920367,39.431949615478516,2,16.0,6.325575225148143,8.848058459490566,0.7172048288116699,0.22609296819307434,0.879155788932155,3.1549847906578132,0.8302528381347656,-3.40631827067185,1.9078202907198807e-05
P01_blk03pos_0.200_krea2_seed1337_00001_.png,benchmark_profondita,2.799999952316284,2.05639910697937,0.734428264999871,0.1305267333984375,64.19662288930581,2665,3.286328077316284,3.97696852684021,0.5533,0.8631030000287148,10.946608081301383,37.186256408691406,2,18.0,6.21271981781227,8.030394693397131,0.6974221587796883,0.2334661080995843,0.8886650572692937,3.159007408196449,0.8432861328125,-3.4592656712382794,1.6773255614190503e-05
P01_blk03pos_0.200_krea2_seed42_00001_.png,benchmark_profondita,2.799999952316284,2.0372369289398193,0.7275846298691994,0.12827529907226562,61.18377001455604,2748,3.290240526199341,4.010661602020264,0.50035,0.8859642071514924,11.662917558596385,36.78891372680664,1,18.0,6.151292997220476,8.409774796525795,0.6967789589412061,0.22333039162839263,0.8781696408787556,3.1732128670190116,0.8359024047851562,-3.4255837041462263,1.856631999565665e-05
P01_blk03pos_0.200_krea2_seed777_00001_.png,benchmark_profondita,2.799999952316284,2.1405105590820312,0.7644680698338248,0.12322463989257812,60.81061746987952,2656,3.3345119953155518,4.010898113250732,0.5204,0.8972035758276767,12.032081200458379,38.30247116088867,3,16.0,5.945381446618977,8.094484313345031,0.7035030292406035,0.2099322091769532,0.883233266742421,3.1741892998964967,0.8320152282714843,-3.4642198448730306,1.5627611085278243e-05
P01_blk04pos_0.200_krea2_seed1337_00001_.png,benchmark_profondita,2.799999952316284,2.134690284729004,0.7623894003866298,0.11622848510742187,63.529190992493746,2398,3.2089996337890625,4.003658771514893,0.5840500000000001,0.8563317554425953,10.743014910773622,40.7243537902832,2,16.0,6.2437221063075095,8.926332549698333,0.7170766969743245,0.244658191890601,0.8870694886751564,3.159382235315144,0.82991943359375,-3.426137263486595,1.8089736895537668e-05
P01_blk04pos_0.200_krea2_seed42_00001_.png,benchmark_profondita,2.799999952316284,1.9896080493927002,0.7105743154555443,0.12249526977539063,65.58700980392157,2448,3.236522912979126,4.024201393127441,0.52795,0.8963748332221424,12.004466075309367,39.6885986328125,1,16.0,6.165814930797324,8.520213151365954,0.7113521269066478,0.22821479773538794,0.8837865507146536,3.1696287629410307,0.8255439758300782,-3.358159485041591,2.0281533969355387e-05
P01_blk04pos_0.200_krea2_seed777_00001_.png,benchmark_profondita,2.799999952316284,2.078134536743164,0.7421909186191374,0.11768112182617188,61.42851453604142,2511,3.283977508544922,4.025840759277344,0.5441999999999999,0.875721046393017,11.33634909374196,41.95035171508789,2,16.0,6.121685742021374,8.713004540281222,0.7229998397871954,0.2545960845217802,0.891312858846321,3.1621568798362802,0.8233207702636719,-3.376729180281433,1.97244494054143e-05
P01_blk05pos_0.200_krea2_seed1337_00001_.png,benchmark_profondita,2.799999952316284,2.144632339477539,0.7659401342858609,0.13072891235351564,60.27048892015477,2843,3.235445737838745,3.972761869430542,0.55765,0.8672183872051097,11.072227213152349,37.790992736816406,2,16.0,6.288022247051244,9.38957528230802,0.6923823493910304,0.22172445998591395,0.8784735570148686,3.169110508208178,0.8367271423339844,-3.4059831274837697,1.997497410163295e-05
P01_blk05pos_0.200_krea2_seed42_00001_.png,benchmark_profondita,2.799999952316284,2.0385775566101074,0.7280634254738846,0.13217926025390625,58.629441624365484,2955,3.2165017127990723,3.979034662246704,0.55205,0.8738539023318259,11.27781446833739,37.58745193481445,1,16.0,6.217643551810121,9.691509921865675,0.6933959700680279,0.2237848527114542,0.8734462048407738,3.166158409079825,0.83564453125,-3.3224768312088995,2.354686105486264e-05
P01_blk05pos_0.200_krea2_seed777_00001_.png,benchmark_profondita,2.799999952316284,2.06307315826416,0.7368118547850312,0.13178863525390624,63.297178453646026,2729,3.208977222442627,3.974216938018799,0.55635,0.8860140986698961,11.66453098595772,39.776432037353516,1,16.0,6.221782327279392,9.696616752305506,0.6938934555558791,0.21712619656198318,0.8750054922043884,3.1702782398321534,0.832073974609375,-3.426988226204691,1.8515354017924637e-05
P01_blk06pos_0.200_krea2_seed1337_00001_.png,benchmark_profondita,2.799999952316284,2.082923650741577,0.7439013165048415,0.12775039672851562,60.77858439201452,2755,3.204578399658203,3.9835705757141113,0.52435,0.892620535501713,11.880158195575024,39.06602096557617,1,16.0,6.2105420406895435,9.061939067496839,0.7051459745119409,0.23186903832969563,0.8768635108604157,3.1620886296866186,0.8335853576660157,-3.3396744301403127,2.18658500424588e-05
P01_blk06pos_0.200_krea2_seed42_00001_.png,benchmark_profondita,2.799999952316284,2.0107614994049072,0.71812911915999,0.12791519165039061,63.943935926773456,2622,3.1854922771453857,4.002525806427002,0.57425,0.8683438212483593,11.106830571058154,40.004371643066406,2,17.0,6.437696577504442,9.024270462860844,0.7133199407397155,0.2421554404666537,0.8769643478274501,3.1533053385843632,0.8261650085449218,-3.318367307210751,2.25419351214676e-05
P01_blk06pos_0.200_krea2_seed777_00001_.png,benchmark_profondita,2.799999952316284,2.0344338417053223,0.7265835272684017,0.121087646484375,65.6648738105089,2417,3.2288570404052734,4.018655776977539,0.50335,0.8975394523923949,12.04329126576628,41.31673049926758,3,15.0,6.233195723452141,9.163684355082513,0.7150893907816344,0.22103370741564635,0.8709782312378671,3.161262879890953,0.8249588012695312,-3.3424249566539164,2.2156500892633715e-05
P01_blk07pos_0.200_krea2_seed1337_00001_.png,benchmark_profondita,2.799999952316284,2.1317942142486572,0.7613550894831774,0.12233810424804688,60.60128495842782,2646,3.1633501052856445,3.9657764434814453,0.60055,0.8383157691351646,10.219573450674265,40.19279098510742,3,16.0,6.1261310448559625,9.075548950905162,0.7154567682056878,0.2480951024012219,0.8843282673080692,3.142635206517333,0.8398666381835938,-3.386174852470485,2.0877918845077976e-05
P01_blk07pos_0.200_krea2_seed42_00001_.png,benchmark_profondita,2.799999952316284,2.0522396564483643,0.7329427469277849,0.120782470703125,66.9961912822683,2363,3.149676561355591,4.021662712097168,0.5169,0.8998019190325667,12.1190749438012,42.36421585083008,2,16.0,6.081527357498278,9.479475327895713,0.7100389062821283,0.21890887355027405,0.8772867438738332,3.1613455527669996,0.8329010009765625,-3.4089619461767424,1.9553334389609905e-05
P01_blk07pos_0.200_krea2_seed777_00001_.png,benchmark_profondita,2.799999952316284,2.105363368988037,0.7519155017293436,0.12023544311523438,69.54766107678729,2266,3.1230649948120117,3.9246327877044678,0.53435,0.8871885190110207,11.702574757195304,42.78716278076172,3,15.0,6.174492361372694,9.805915913453921,0.7150684562226,0.2512344402739032,0.8774370017105108,3.1465573371465383,0.8364631652832031,-3.4068157933615986,1.962567648677221e-05
P01_blk08pos_0.200_krea2_seed1337_00001_.png,benchmark_profondita,2.799999952316284,2.1987357139587402,0.7852627683582096,0.12588348388671874,65.71007566706491,2511,3.198817014694214,4.001928329467773,0.5690000000000001,0.8508788183842916,10.581815571771049,38.4873046875,1,16.0,6.317821255905924,8.295564323243159,0.7107495887635336,0.2519479866880412,0.8863012755141191,3.1471195101537663,0.8383209228515625,-3.380995068823922,2.0761312072560298e-05
P01_blk08pos_0.200_krea2_seed42_00001_.png,benchmark_profondita,2.799999952316284,2.1315863132476807,0.7612808391244213,0.12593231201171876,57.87587657784011,2852,3.283277988433838,4.0299248695373535,0.5525500000000001,0.8573258831062304,10.772666805662602,39.761505126953125,2,18.0,5.9911554603431885,8.353688024227619,0.7029106237152807,0.22522454094306832,0.8804143509937906,3.1671748610842605,0.8318916320800782,-3.3715661988976664,2.1963547516301306e-05
P01_blk08pos_0.200_krea2_seed777_00001_.png,benchmark_profondita,2.799999952316284,2.1649587154388428,0.7731995543956681,0.123663330078125,60.79819954988747,2666,3.203782320022583,4.008967399597168,0.5444,0.8637964819574191,10.967675811830377,42.422080993652344,3,16.0,6.129284088496796,8.9252360290908,0.711943903707692,0.25960099281018,0.882762881226716,3.1528909347987315,0.8364036560058594,-3.4096092071289696,2.0099238776427672e-05
P01_blk09pos_0.200_krea2_seed1337_00001_.png,benchmark_profondita,2.799999952316284,2.1488025188446045,0.7674294840851764,0.1236053466796875,65.0912012856569,2489,3.236319065093994,4.015145301818848,0.5872499999999999,0.8476679198318964,10.488029033645166,35.573612213134766,1,17.0,6.38472187628404,8.024070140746172,0.7088929398305657,0.25661996112772034,0.8819094966942749,3.143321557944474,0.8434356689453125,-3.408604810786475,2.141361513804126e-05
P01_blk09pos_0.200_krea2_seed42_00001_.png,benchmark_profondita,2.799999952316284,2.138597249984741,0.7637847451445843,0.11998672485351562,66.16281026503997,2377,3.269061803817749,4.0441179275512695,0.5257999999999999,0.8813678828988455,11.515231672581448,37.829261779785156,1,18.0,5.938176803531535,7.767236314675517,0.7086618821522835,0.23209850290623668,0.8807533215267837,3.163725771144495,0.8341171264648437,-3.3665234281070564,2.160739277117025e-05
P01_blk09pos_0.200_krea2_seed777_00001_.png,benchmark_profondita,2.799999952316284,2.2002673149108887,0.785809768707578,0.12484664916992187,67.45218466611706,2426,3.2038426399230957,4.003843307495117,0.53845,0.8748435472490079,11.308801912585798,38.470584869384766,3,17.0,6.222369158783989,8.438217909203823,0.7083422366323464,0.22853221602327217,0.8726852224179328,3.156915738769925,0.8358268737792969,-3.4046731693189907,2.0028455318208706e-05
P01_blk10pos_0.200_krea2_seed1337_00001_.png,benchmark_profondita,4.0,2.0222973823547363,0.5055743455886841,0.12598800659179688,68.35057947019868,2416,3.059095859527588,3.889394760131836,0.6278999999999999,0.8242031385784654,9.827418909144885,41.79783630371094,1,15.0,6.16795463413402,10.006330642237067,0.711182209531702,0.2725195315421505,0.8685585360424265,3.1300531535843796,0.8421516418457032,-3.3804674673033843,2.3696817458813102e-05
P01_blk10pos_0.200_krea2_seed42_00001_.png,benchmark_profondita,2.799999952316284,1.85601806640625,0.6628636064335892,0.13683319091796875,67.37415477084899,2662,3.036656141281128,3.875337839126587,0.5223,0.8918704288398249,11.855476262651926,41.97675704956055,3,15.0,6.0761034922168875,9.426054553287624,0.6978420984140492,0.2243390690005984,0.8621898547108136,3.144673311860611,0.8384033203125,-3.377169132443748,2.2279561835485685e-05
P01_blk10pos_0.200_krea2_seed777_00001_.png,benchmark_profondita,2.799999952316284,1.8900563716888428,0.6750201442415398,0.12882919311523439,69.66130363036304,2424,3.0123918056488037,3.8923516273498535,0.5265,0.8851086039531473,11.635283158898067,44.9247932434082,2,14.0,6.080913417656943,9.595011897663035,0.709700971054874,0.2435850579508737,0.8646254047900774,3.1377625336183477,0.8363922119140625,-3.3999853377911924,2.062739945222765e-05
P01_blk11pos_0.200_krea2_seed1337_00001_.png,benchmark_profondita,2.799999952316284,2.106039047241211,0.752156815395301,0.128411865234375,64.61113243761996,2605,3.0629467964172363,3.925529956817627,0.5971,0.8501357073307982,10.560035864361586,35.687400817871094,2,16.0,6.131043447081418,8.433163398564988,0.716309126224613,0.26173462396016145,0.8764309777072947,3.1289526802653143,0.8383934020996094,-3.373602882270061,2.2663978796049002e-05
P01_blk11pos_0.200_krea2_seed42_00001_.png,benchmark_profondita,2.799999952316284,1.9716360569000244,0.7041557465988525,0.13053741455078124,60.78081705150977,2815,3.085862159729004,3.9562277793884277,0.57405,0.8669402523948553,11.063692118425477,36.956329345703125,1,17.0,6.502180533814118,8.01432819787364,0.7167692274744549,0.25982908187006915,0.8743597413605341,3.1323423064002616,0.8321830749511718,-3.282416729288899,2.7564837106387144e-05
P01_blk11pos_0.200_krea2_seed777_00001_.png,benchmark_profondita,2.799999952316284,2.0550742149353027,0.7339550892617888,0.120965576171875,66.53462022660511,2383,3.1028804779052734,3.9806008338928223,0.5898000000000001,0.8537040690088001,10.665031162543064,38.46522521972656,2,16.0,6.309947998993335,8.330168324226028,0.7275229763835466,0.27062825366309917,0.878966358689945,3.1302711688091196,0.8321540832519532,-3.366589128430184,2.1965016949225566e-05
P01_blk12pos_0.200_krea2_seed1337_00001_.png,benchmark_profondita,2.799999952316284,1.9630573987960815,0.7010919400809823,0.136395263671875,57.04403318442885,3134,3.232747793197632,3.9543797969818115,0.5606,0.8756642548401108,11.334564217058295,38.76639938354492,1,18.0,5.964517895239219,8.704947556486495,0.6952956096942949,0.21764655399753483,0.8720700674452445,3.159735306907688,0.8372756958007813,-3.3384301859988574,2.297036716831797e-05
P01_blk12pos_0.200_krea2_seed42_00001_.png,benchmark_profondita,2.799999952316284,1.8539774417877197,0.66213481191456,0.13104782104492188,55.895541815815164,3073,3.2518630027770996,3.994023323059082,0.586,0.8633309082987017,10.95352738396595,41.49982833862305,1,18.0,5.955231307833454,8.13234444701666,0.706531101063925,0.23021295039517992,0.8731310935764196,3.1618980021194716,0.8282470703125,-3.252752975409378,2.6708907002834528e-05
P01_blk12pos_0.200_krea2_seed777_00001_.png,benchmark_profondita,2.799999952316284,1.9420981407165527,0.6936064906393884,0.1246368408203125,59.12558812884546,2763,3.2590577602386475,4.018982410430908,0.5670000000000001,0.8678885671196613,11.092820013101244,42.58372497558594,1,17.0,6.178393285424138,8.597103480259296,0.7171725058690563,0.23657389560021297,0.8785136067056276,3.15301727585851,0.832209014892578,-3.2808475907255663,2.469363664749897e-05
P01_blk13pos_0.200_krea2_seed1337_00001_.png,benchmark_profondita,2.799999952316284,2.111116409301758,0.7539701590192345,0.1229034423828125,61.29832572298326,2628,3.205345392227173,4.030247688293457,0.5582,0.8729785337277699,11.250475983175868,40.005149841308594,1,18.0,6.255250168486676,8.40960416331108,0.7131612179310636,0.23528800616847495,0.8812500125920563,3.1546217401048837,0.8339248657226562,-3.356530312094238,2.228498513263278e-05
P01_blk13pos_0.200_krea2_seed42_00001_.png,benchmark_profondita,2.799999952316284,1.9329023361206055,0.6903222746563346,0.125213623046875,52.5184,3125,3.2740187644958496,4.051385402679443,0.5176,0.89866965814633,12.081089262709085,42.11598205566406,1,18.0,6.235833709002461,8.036603679855242,0.7062056534298934,0.22816119023005052,0.8805769475600735,3.158867667838685,0.8314369201660157,-3.3301142004280564,2.2677393022334966e-05
P01_blk13pos_0.200_krea2_seed777_00001_.png,benchmark_profondita,2.799999952316284,2.021552562713623,0.7219830704073067,0.12279586791992188,58.95641025641026,2730,3.2180631160736084,4.018619537353516,0.55705,0.8678561361033419,11.091822615194904,41.509010314941406,2,17.0,6.274623669418383,9.30234307344339,0.7204369358881502,0.2745547861756886,0.8781306125929063,3.131983121522544,0.8349052429199219,-3.3468630875827285,2.392136677246057e-05
P01_blk14pos_0.200_krea2_seed1337_00001_.png,benchmark_profondita,2.799999952316284,2.0447864532470703,0.7302808885962774,0.12774505615234374,57.32214994864772,2921,3.148531436920166,3.962611675262451,0.6163500000000001,0.8404212923539868,10.279407242311972,42.00932312011719,2,16.0,6.39074229081327,9.554472940508573,0.7177226747004624,0.27521055428420216,0.872762461751997,3.123120079172178,0.83607177734375,-3.271513046393292,2.9139009238693093e-05
P01_blk14pos_0.200_krea2_seed42_00001_.png,benchmark_profondita,2.799999952316284,1.994428277015686,0.7122958253502135,0.12500381469726562,58.64173228346457,2794,3.1734001636505127,4.000081539154053,0.56665,0.8642367093878129,10.98107079669745,41.83430099487305,2,17.0,6.437686820330795,9.115322786760826,0.7255803360423052,0.2709219124534681,0.8724243197339745,3.120144862315809,0.831170654296875,-3.257838334236483,3.012221985403722e-05
P01_blk14pos_0.200_krea2_seed777_00001_.png,benchmark_profondita,2.799999952316284,2.1635284423828125,0.7726887425812439,0.1234161376953125,58.06317300789662,2786,3.1321113109588623,3.9896605014801025,0.5849500000000001,0.8453487892298942,10.420807404688171,43.362701416015625,2,15.0,6.424201228059937,9.631290102974914,0.7272420260746796,0.2694555559844365,0.8664016317782175,3.126190536960834,0.8245841979980468,-3.2548092768787424,3.087355153462207e-05
P01_blk15pos_0.200_krea2_seed1337_00001_.png,benchmark_profondita,2.799999952316284,2.0659005641937256,0.7378216426342153,0.1378265380859375,50.63116591928251,3568,3.231184959411621,3.965730905532837,0.58975,0.8454596682444154,10.42401148163067,41.68344497680664,3,15.0,6.309076213061138,9.268248758007669,0.7099828703052522,0.2761274221322101,0.874244611698628,3.0731179498272705,0.8676048278808594,-3.3351587140555123,2.6404833169858494e-05
P01_blk15pos_0.200_krea2_seed42_00001_.png,benchmark_profondita,2.799999952316284,2.0229880809783936,0.7224957555105985,0.13637466430664064,57.01722488038278,3135,3.1496806144714355,3.9025278091430664,0.57765,0.8438773806586548,10.378381166259548,42.849945068359375,1,15.0,6.671131356182296,9.012872552278244,0.7184454681691871,0.2855104756082384,0.8752642228544015,3.0739978575308613,0.8609420776367187,-3.2999705653722398,2.8563879674097837e-05
P01_blk15pos_0.200_krea2_seed777_00001_.png,benchmark_profondita,2.799999952316284,2.108090877532959,0.7528896119405476,0.12889938354492186,53.196158690176325,3176,3.16178035736084,3.953561544418335,0.57835,0.8446807316658678,10.401523340926987,44.049102783203125,3,14.0,6.389870401659176,10.196473025942735,0.7282772356680163,0.28875928328730127,0.8740316000170278,3.064999678179284,0.8604415893554688,-3.3295561158603064,2.6699828930732818e-05
P01_blk16pos_0.200_krea2_seed1337_00001_.png,benchmark_profondita,2.799999952316284,2.0382258892059326,0.7279378299702547,0.14361572265625,59.56962025316456,3160,3.0536065101623535,3.916276693344116,0.5693,0.8630268117838287,10.944295978596623,42.843727111816406,4,15.0,6.17125344493907,10.652154710091583,0.7012248409190934,0.24378630789726474,0.8657653122075046,3.0787366884681666,0.8625862121582032,-3.3244164378344188,2.8220260039829517e-05
P01_blk16pos_0.200_krea2_seed42_00001_.png,benchmark_profondita,2.799999952316284,1.8047999143600464,0.6445714089627165,0.14632720947265626,52.923289183222956,3624,3.0795552730560303,3.9312527179718018,0.53265,0.886883673225299,11.69268777961032,43.5031852722168,3,16.0,6.169757103698068,9.172118978668042,0.7085285615724263,0.22493319079780769,0.8692481385054653,3.0952272175728055,0.8560379028320313,-3.243330939449488,3.0107254845192392e-05
P01_blk16pos_0.200_krea2_seed777_00001_.png,benchmark_profondita,2.799999952316284,1.9131778478622437,0.683277814444096,0.13679656982421876,54.03918022905365,3318,3.136073589324951,3.965574026107788,0.604,0.8521449254340774,10.619027190522417,44.73227310180664,2,15.0,6.081790315153919,10.027163657285522,0.7172420903981309,0.2563157150852873,0.8713197719954896,3.0848153448807842,0.8577491760253906,-3.2929278126752233,2.67846902923486e-05
P01_blk17pos_0.200_krea2_seed1337_00001_.png,benchmark_profondita,2.799999952316284,1.875699520111084,0.6698926971621633,0.13110885620117188,60.76626591230551,2828,3.392979383468628,4.044922828674316,0.49589999999999995,0.9046825839014666,12.28418581844387,37.87222671508789,3,19.0,6.140603033030327,6.849632076846362,0.6990484620155843,0.17765271092610158,0.8839788108299343,3.1797650914426483,0.8294822692871093,-3.3810738588278957,1.7106205059043068e-05
P01_blk17pos_0.200_krea2_seed42_00001_.png,benchmark_profondita,2.799999952316284,1.8624861240386963,0.6651736270559452,0.12796173095703126,58.89115168539326,2848,3.4228436946868896,4.058634281158447,0.49040000000000006,0.9133668990277077,12.583554506039325,38.192020416259766,2,19.0,5.786340682512994,6.836652295254051,0.6987667099131258,0.17828244445803926,0.8860882521402788,3.1840381625785845,0.8277137756347657,-3.3086970739115795,1.902354756328035e-05
P01_blk17pos_0.200_krea2_seed777_00001_.png,benchmark_profondita,2.799999952316284,1.9125514030456543,0.6830540841486469,0.12732620239257814,57.68717594192879,2893,3.4302914142608643,4.0510430335998535,0.48885,0.9163808823540919,12.68915002644009,39.691837310791016,3,19.0,6.139786926710023,7.17140210650322,0.7017023395416038,0.16975335719337348,0.8814465133194068,3.185530552170895,0.8259910583496095,-3.37667443066076,1.7617324737197423e-05
P01_blk18pos_0.200_krea2_seed1337_00001_.png,benchmark_profondita,2.799999952316284,2.0745391845703125,0.7409068642498232,0.12166748046875,71.99638826185101,2215,3.1605749130249023,3.9753503799438477,0.5083000000000001,0.8944382601939058,11.940182981770016,33.73680877685547,1,18.0,6.116128455539871,7.538850483706037,0.7179186577423302,0.2505169239217773,0.8902203852614737,3.1341471918827235,0.8537483215332031,-3.4419105458066888,1.7105509844562703e-05
P01_blk18pos_0.200_krea2_seed42_00001_.png,benchmark_profondita,2.799999952316284,1.933935523033142,0.6906912699885244,0.1197479248046875,66.08673684210527,2375,3.236518144607544,4.034937858581543,0.5015999999999999,0.8975391608654705,12.043281531367413,34.526065826416016,1,18.0,5.922750627875531,7.008862493403145,0.7176631254538708,0.21069960376049413,0.8828344716622676,3.1569376717546276,0.8460006713867188,-3.460666034642793,1.5201892512266562e-05
P01_blk18pos_0.200_krea2_seed777_00001_.png,benchmark_profondita,2.799999952316284,2.2580113410949707,0.8064326355530983,0.11560897827148438,71.20817669172932,2128,3.2481186389923096,4.031252384185791,0.4953000000000001,0.9143502792978077,12.617910495913312,35.94017791748047,2,17.0,5.95342808891306,7.554893742130115,0.7248692023677302,0.23673485123238178,0.892681617590419,3.139134739896633,0.8495140075683594,-3.4802980112603654,1.4932550501546756e-05
P01_blk19pos_0.200_krea2_seed1337_00001_.png,benchmark_profondita,2.799999952316284,2.1636550426483154,0.7727339569625506,0.12029647827148438,59.6124763705104,2645,3.2129440307617188,3.9888830184936523,0.5349,0.8752227202920825,11.32069700466589,43.87055969238281,2,15.0,6.628939885745102,8.866095111795552,0.7280690828920513,0.2536405585644415,0.8775348859356843,3.132375445850299,0.8417716979980469,-3.279253689910802,2.6409175969543415e-05
P01_blk19pos_0.200_krea2_seed42_00001_.png,benchmark_profondita,2.799999952316284,2.097147226333618,0.7489811650170797,0.11571044921875,66.66549450549451,2275,3.182365655899048,4.014889717102051,0.5424,0.8812591355506578,11.511760219204223,45.95729446411133,2,16.0,6.197636762049484,7.686346512408821,0.7369035270417574,0.23487152359482466,0.8855123488321626,3.130804591662982,0.8366447448730467,-3.2788845506270263,2.4645693130211757e-05
P01_blk19pos_0.200_krea2_seed777_00001_.png,benchmark_profondita,2.799999952316284,2.0864198207855225,0.7451499486846574,0.11605758666992187,55.63972201901975,2734,3.2367842197418213,4.016532897949219,0.5399999999999999,0.8920461425275115,11.861253441938917,47.6237678527832,3,16.0,6.206045374737201,8.586893564129237,0.7351315669748477,0.2148424139028194,0.8766392244630282,3.1384779832325727,0.8355499267578126,-3.280019636786713,2.453625539768711e-05
P01_blk20pos_0.200_krea2_seed1337_00001_.png,benchmark_profondita,4.0,2.2747018337249756,0.5686754584312439,0.10948333740234376,64.14930710773358,2237,3.057234764099121,3.9756224155426025,0.57575,0.8482197320610251,10.504087457646559,44.46073913574219,1,14.0,6.480929172683448,9.671926035584415,0.7359722142408818,0.2782143165533839,0.8871750238207782,3.1096452044576086,0.8519256591796875,-3.4576394096075687,1.8343517749184553e-05
P01_blk20pos_0.200_krea2_seed42_00001_.png,benchmark_profondita,4.0,2.148653745651245,0.5371634364128113,0.11512527465820313,71.379848628193,2114,3.0265607833862305,4.006682395935059,0.5144,0.8941954521187873,11.932147472915961,44.47908020019531,1,16.0,6.466590944036897,10.00394935944378,0.7222173393012844,0.2311821063277957,0.8767079939688825,3.141284310300066,0.839080810546875,-3.414442571948036,2.0035571542104013e-05
P01_blk20pos_0.200_krea2_seed777_00001_.png,benchmark_profondita,4.0,2.236163377761841,0.5590408444404602,0.11356430053710938,67.93747147421269,2191,3.0666751861572266,3.981848955154419,0.5296000000000001,0.8810384428749123,11.504718442585245,46.632747650146484,2,14.0,6.364815097476231,10.205536607967607,0.7279186499618615,0.24346850544216697,0.8801927443150308,3.1187976967606605,0.8465736389160156,-3.443256664298077,1.924685988227834e-05
P01_blk21pos_0.200_krea2_seed1337_00001_.png,benchmark_profondita,4.0,2.4197845458984375,0.6049461364746094,0.11420669555664062,72.49055690072639,2065,3.0930352210998535,3.997347831726074,0.55875,0.85839719060155,10.80471237370532,44.997684478759766,2,15.0,6.534098912536268,10.161582239041163,0.7244210697254606,0.2870952402124368,0.883568898078647,3.109231595404874,0.8520736694335939,-3.3980569496420627,2.207975091021011e-05
P01_blk21pos_0.200_krea2_seed42_00001_.png,benchmark_profondita,2.799999952316284,2.314415216445923,0.8265768770929214,0.120892333984375,73.02119815668203,2170,3.09897780418396,4.004836082458496,0.51595,0.8985955676860855,12.078607791549775,43.5185432434082,2,16.0,6.3029658294003115,10.434431587907977,0.7049230655037226,0.22750216541947604,0.869917960436766,3.138946279299682,0.8484786987304688,-3.378430793611923,2.3612216277015144e-05
P01_blk21pos_0.200_krea2_seed777_00001_.png,benchmark_profondita,4.0,2.3925046920776367,0.5981261730194092,0.107940673828125,74.03453689167975,1911,3.1103029251098633,4.046839237213135,0.5239,0.8775058967072729,11.39258782231378,48.57845687866211,2,15.0,6.137649248078293,9.660361819058927,0.7340343397733452,0.23212890316878898,0.8752066725379237,3.1324155048686104,0.8378501892089844,-3.430030132660492,2.062364192259627e-05
P01_blk22pos_0.200_krea2_seed1337_00001_.png,benchmark_profondita,4.0,2.523270845413208,0.630817711353302,0.10023880004882812,81.65630826600373,1609,3.2864418029785156,4.062897205352783,0.5398000000000001,0.870387628492366,11.169947608956404,42.9313850402832,1,17.0,6.278511481455268,8.344696116334088,0.7351005051173405,0.2775283829082705,0.8972055939134613,3.0499519661016015,0.8785781860351561,-3.551489266053388,1.3213381489076877e-05
P01_blk22pos_0.200_krea2_seed42_00001_.png,benchmark_profondita,4.0,2.2823269367218018,0.5705817341804504,0.11235580444335938,74.3397274103988,1981,3.2689311504364014,4.0281572341918945,0.5331,0.8703396528905958,11.168461919177558,41.293426513671875,1,17.0,5.748699964200439,8.616805661161429,0.7184752854110737,0.26973614828225645,0.8912470223076192,3.0595638565213688,0.878759002685547,-3.5152547115724126,1.553604674743499e-05
P01_blk22pos_0.200_krea2_seed777_00001_.png,benchmark_profondita,4.0,2.437432050704956,0.609358012676239,0.1018463134765625,80.51387213510253,1658,3.286367654800415,4.0464911460876465,0.5168,0.8806199947988452,11.491378587373788,42.639278411865234,2,17.0,6.08579228661846,8.41754228226593,0.737346805777363,0.2852023399878925,0.8981866332031019,3.029069033635683,0.8787483215332031,-3.564700350864558,1.3662011591986362e-05
P01_blk23pos_0.200_krea2_seed1337_00001_.png,benchmark_profondita,2.799999952316284,2.0898568630218506,0.7463774637899648,0.11218719482421875,63.354588539422664,2321,3.3206050395965576,4.047432899475098,0.5455,0.8725330733227648,11.236589339541872,32.3237419128418,2,19.0,6.013040325134324,6.155500717875697,0.7189088361151615,0.2515175173950691,0.910062217749178,3.1553968025795536,0.8447189331054688,-3.5037211042210394,1.3469655362249438e-05
P01_blk23pos_0.200_krea2_seed42_00001_.png,benchmark_profondita,2.799999952316284,1.9980671405792236,0.7135954195021803,0.11390304565429688,60.0784708249497,2485,3.292895793914795,4.061542987823486,0.5478000000000001,0.8717007954741504,11.210690082103913,32.1306266784668,1,18.0,5.614361244436066,6.84134005326067,0.7191331118834132,0.23768452752543878,0.8989151571176153,3.1684321317008135,0.8320541381835939,-3.4044379423875593,1.8228852361985835e-05
P01_blk23pos_0.200_krea2_seed777_00001_.png,benchmark_profondita,2.799999952316284,2.085054874420166,0.7446624678315855,0.111431884765625,67.99627560521415,2148,3.3173229694366455,4.062495231628418,0.5753999999999999,0.8530755383046708,10.646461854487606,34.50193786621094,1,18.0,5.739522160558444,6.892648939228577,0.7200677738902275,0.23179396291869833,0.902960613151965,3.1687845300732325,0.8339630126953125,-3.5057149450200753,1.4175029590419527e-05
P01_blk24pos_0.200_krea2_seed1337_00001_.png,benchmark_profondita,2.799999952316284,2.1009209156036377,0.7503289112078958,0.12372512817382812,59.68678689731321,2717,3.3431215286254883,4.0123372077941895,0.5263500000000001,0.8672363920417259,11.07277995260802,38.13039016723633,1,18.0,5.836873155863826,8.238869918914155,0.7039618859985909,0.26631869663276764,0.8938501872674626,3.1529601488185484,0.8549880981445312,-3.4684502769502155,1.8211719360088213e-05
P01_blk24pos_0.200_krea2_seed42_00001_.png,benchmark_profondita,2.799999952316284,1.935624361038208,0.6912944264291768,0.12920913696289063,60.18372423596304,2814,3.307962417602539,4.000764846801758,0.5576000000000001,0.8602955809074859,10.861732426660561,38.55982208251953,1,19.0,5.956911611714093,8.380743042186596,0.6964898771111754,0.24712818468983322,0.8841151571864452,3.1719202311549917,0.8409385681152345,-3.3562386588106237,2.298237996822642e-05
P01_blk24pos_0.200_krea2_seed777_00001_.png,benchmark_profondita,2.799999952316284,2.141690969467163,0.7648896449785513,0.12263031005859375,59.31143911439114,2710,3.318340539932251,4.018995761871338,0.55445,0.8502816782021543,10.564310557383363,41.3941764831543,1,17.0,6.280803307059663,8.562896529325279,0.7104754850328441,0.2659725458715134,0.8898503655583594,3.147449537857326,0.8458755493164063,-3.3657841120520855,2.2271327130005258e-05
P01_blk25pos_0.200_krea2_seed1337_00001_.png,benchmark_profondita,2.799999952316284,1.9571828842163086,0.6989938991239054,0.12014007568359375,58.933383233532936,2672,3.392122268676758,4.040193557739258,0.5445500000000001,0.8713254910770106,11.199030700528267,39.3450813293457,1,20.0,5.71897424503835,6.255397730913357,0.6941736335269254,0.21004579750848845,0.9063772154839103,3.1983758285391284,0.8178779602050781,-3.436222774087111,1.6561502365727918e-05
P01_blk25pos_0.200_krea2_seed42_00001_.png,benchmark_profondita,2.799999952316284,1.7610095739364624,0.6289320014022418,0.12101669311523437,58.18745414526779,2726,3.4003820419311523,4.044679641723633,0.4888,0.9007398461468782,12.150631443551815,39.978271484375,1,20.0,5.503168772968366,6.05279638138963,0.6916029042382007,0.20801885141915502,0.906215333392844,3.199797869082887,0.8124664306640625,-3.3621767478776694,1.7751962399094103e-05
P01_blk25pos_0.200_krea2_seed777_00001_.png,benchmark_profondita,2.799999952316284,1.962327003479004,0.7008310846061551,0.11889190673828125,62.383506805444355,2498,3.4322328567504883,4.057489395141602,0.4938,0.8958088415745273,11.985642695428899,41.9830207824707,1,20.0,5.212239249776883,6.424854960064021,0.6912770654477307,0.19689234890211027,0.9025723103188731,3.204602961788724,0.8121376037597656,-3.433255187547059,1.5562885228689137e-05
P01_blk26pos_0.200_krea2_seed1337_00001_.png,benchmark_profondita,2.799999952316284,1.8997349739074707,0.6784767879499161,0.15797271728515624,45.961820199778025,4505,3.867798328399658,4.084536075592041,0.41775,0.9435612013237614,13.682356354991446,38.98420715332031,2,22.0,4.75971884017323,7.642755500593111,0.5976689270644557,0.12240627488043171,0.8795138937644249,2.8407296763321486,0.9474609375,-3.650174734456764,1.1195747609589247e-05
P01_blk26pos_0.200_krea2_seed42_00001_.png,benchmark_profondita,2.799999952316284,1.906592845916748,0.6809260279949397,0.15359268188476563,45.87898814949863,4388,3.860717296600342,4.083863258361816,0.443,0.9361185950349511,13.402910156996477,38.95155334472656,2,22.0,4.798892755084348,7.179008841192663,0.6077743824691593,0.13243189831263807,0.8885955238211519,2.881390600176223,0.9434509277343749,-3.6024575313524223,1.1487979192032119e-05
P01_blk26pos_0.200_krea2_seed777_00001_.png,benchmark_profondita,2.799999952316284,1.924655795097351,0.6873770813835873,0.15595626831054688,45.57748049052397,4485,3.852217674255371,4.0849761962890625,0.43955000000000005,0.9340128590758773,13.324887396881083,41.614227294921875,2,22.0,4.994718349102695,8.259848875380186,0.598301913556498,0.13019990856597805,0.8745267980453988,2.8788376601874957,0.9431182861328125,-3.614782928157561,1.2148903964887438e-05
P01_blk27pos_0.200_krea2_seed1337_00001_.png,benchmark_profondita,4.0,2.2401177883148193,0.5600294470787048,0.15559768676757812,48.66261035552374,4191,3.753525972366333,4.051526069641113,0.44485,0.9368188088580971,13.428955907603017,34.6676139831543,2,21.0,4.782077046405496,14.418767577974187,0.5508665516640334,0.11402198835507125,0.8137357609978848,2.5280121584397293,0.9682235717773438,-3.446511595163564,2.2360194483300306e-05
P01_blk27pos_0.200_krea2_seed42_00001_.png,benchmark_profondita,4.0,2.127098798751831,0.5317746996879578,0.160101318359375,50.63899613899614,4144,3.728247880935669,4.045372486114502,0.431,0.9460572057030239,13.77737204000505,34.76313018798828,2,21.5,4.534929540522102,13.979193527821394,0.550333090186498,0.11229364156779265,0.8071652817633697,2.5506723466399848,0.9671737670898437,-3.4191501524808796,2.3473693972894826e-05
P01_blk27pos_0.200_krea2_seed777_00001_.png,benchmark_profondita,4.0,2.2009050846099854,0.5502262711524963,0.15253982543945313,50.096968178401404,3991,3.741832971572876,4.053691864013672,0.43825,0.9424366567471573,13.63976257750478,35.61253356933594,2,21.0,4.721498999246529,14.472684454849903,0.5555501778680574,0.11525859907087922,0.814938578933738,2.5360280404490867,0.9681327819824218,-3.457581747206042,2.1603181901332626e-05
P02_blk00pos_0.200_krea2_seed1337_00001_.png,benchmark_profondita,2.799999952316284,2.0232765674591064,0.722598786398322,0.16516799926757814,44.100427785699736,4909,2.8103208541870117,3.787705659866333,0.43610000000000004,0.9526070826046802,14.02985633130632,31.57213592529297,4,15.0,6.304241142701015,15.291532719665561,0.631249660001285,0.14027724390594726,0.8833970095504202,3.1688251745183647,0.7941833496093749,-3.3300288171881913,1.655827077996307e-05
P02_blk00pos_0.200_krea2_seed42_00001_.png,benchmark_profondita,2.799999952316284,1.8525128364562988,0.6616117385730018,0.16266098022460937,47.621844985481346,4477,2.761934280395508,3.7703757286071777,0.44315000000000004,0.9458320059649313,13.768772323337659,31.89491081237793,4,16.0,6.451581201535015,15.471395778655765,0.6356701509896181,0.13333050461429996,0.8793162006924466,3.163088259670536,0.7887451171875,-3.2452509669245178,1.7150165111740737e-05
P02_blk00pos_0.200_krea2_seed777_00001_.png,benchmark_profondita,2.799999952316284,1.9848878383636475,0.7088885257736023,0.17362747192382813,44.31016355140187,5136,2.9357750415802,3.8886520862579346,0.42335,0.9580130076997206,14.241725350624872,28.758291244506836,4,16.0,6.22845085073327,15.326206644723282,0.6181955800104681,0.14543866358898763,0.8910627255048922,3.1787416884830573,0.796595001220703,-3.2486007031116415,1.881674966618434e-05
P02_blk01pos_0.200_krea2_seed1337_00001_.png,benchmark_profondita,4.0,2.406881332397461,0.6017203330993652,0.13987197875976562,57.381220657277,3195,2.852847099304199,3.8375184535980225,0.497,0.9280004655811759,13.104604082022613,35.1873664855957,4,14.0,6.703170891451299,20.55553888027591,0.6643330186411661,0.1496424645509511,0.8668330177514847,3.150937529874383,0.8290573120117187,-3.3655971789518353,1.8271681893277373e-05
P02_blk01pos_0.200_krea2_seed42_00001_.png,benchmark_profondita,4.0,2.323218822479248,0.580804705619812,0.14215621948242188,54.196335078534034,3438,2.8171956539154053,3.7382214069366455,0.46705,0.9337044758159,13.313499221594338,33.479026794433594,4,15.0,6.641546990291325,19.350868703411756,0.6613391787430026,0.14217933149576267,0.8709071457762212,3.164280035907328,0.8277511596679688,-3.309271354219142,1.8667745087011684e-05
P02_blk01pos_0.200_krea2_seed777_00001_.png,benchmark_profondita,4.0,2.4355971813201904,0.6088992953300476,0.14519119262695312,53.15782122905028,3580,2.8974852561950684,3.800261974334717,0.48455000000000004,0.925901177716243,13.028550781163338,33.80129623413086,5,14.0,7.045572024345685,21.142640815771415,0.6548671352334707,0.1540362233214039,0.8682977542389803,3.165990962342615,0.8288932800292969,-3.2896643730489235,2.2049137550083874e-05
P02_blk02pos_0.200_krea2_seed1337_00001_.png,benchmark_profondita,2.799999952316284,2.1877689361572266,0.781346061933825,0.1384307861328125,56.36657347002175,3219,2.8742611408233643,3.8906102180480957,0.4607,0.9363550452566541,13.41169970716541,32.28730392456055,4,15.0,6.816359910760012,17.909214429961885,0.6676714726415818,0.15801250204465894,0.8846781085975881,3.1569083793538506,0.8220100402832032,-3.4117194382416254,1.3149709111502868e-05
P02_blk02pos_0.200_krea2_seed42_00001_.png,benchmark_profondita,4.0,2.2571895122528076,0.5642973780632019,0.14266510009765626,62.70757880617035,2982,2.8840298652648926,3.8127169609069824,0.4548,0.949815785224753,13.921696664823882,32.271263122558594,4,15.0,6.262341296980265,18.56551066855385,0.6591352810743792,0.1555024102530339,0.8813238301359008,3.1613408972925563,0.8244461059570313,-3.3978324717413986,1.4878505447034012e-05
P02_blk02pos_0.200_krea2_seed777_00001_.png,benchmark_profondita,2.799999952316284,2.2315828800201416,0.7969938992942044,0.14136123657226562,64.17907862833391,2887,2.879225730895996,3.8873414993286133,0.43570000000000003,0.9464117035800936,13.790920156543022,30.536237716674805,3,16.0,6.752676000995067,18.595773879378648,0.6558024890403058,0.14975349765525822,0.887882778184818,3.1698517978841347,0.8209976196289062,-3.4370027165205332,1.3832300855890169e-05
P02_blk03pos_0.200_krea2_seed1337_00001_.png,benchmark_profondita,2.799999952316284,2.3193557262420654,0.8283413449073067,0.13691635131835939,55.03189205765103,3261,2.9749910831451416,3.8769049644470215,0.4495,0.945518749885679,13.756818919457547,30.313156127929688,3,14.0,6.716388422173035,18.005561083908198,0.674785636661633,0.15580048401029012,0.884559964351791,3.149510118192555,0.8296234130859375,-3.414948762013582,1.4222359987713826e-05
P02_blk03pos_0.200_krea2_seed42_00001_.png,benchmark_profondita,2.799999952316284,2.266183853149414,0.8093513899079627,0.14338836669921876,51.86037527593819,3624,2.966708183288574,3.885653257369995,0.45225000000000004,0.9452133560515494,13.745175517647036,32.133506774902344,4,16.0,6.494035604883915,18.774361677977446,0.6623620397224406,0.15041871836911755,0.8786694423397408,3.1654437081994238,0.8211631774902344,-3.3607029760082474,1.4834114949125326e-05
P02_blk03pos_0.200_krea2_seed777_00001_.png,benchmark_profondita,2.799999952316284,2.3177647590637207,0.8277731423339357,0.14546737670898438,59.95817610062893,3180,2.960972309112549,3.841001033782959,0.48055,0.9339899727381338,13.324041900946153,30.777915954589844,3,16.0,6.206196500272933,19.665723664756875,0.6533823681841763,0.15384902344636708,0.8761542115349332,3.1677804469588944,0.8253120422363281,-3.366321055493251,1.75774077400148e-05
P02_blk04pos_0.200_krea2_seed1337_00001_.png,benchmark_profondita,2.799999952316284,2.325362205505371,0.830486516109305,0.13970794677734374,56.675332714329926,3231,2.9264044761657715,3.867868185043335,0.47705000000000003,0.9405972238768405,13.570376996720448,34.61064910888672,4,14.0,6.480091762375842,19.403760211989102,0.665823084228065,0.1565613268815728,0.8673102664371052,3.1589830775802725,0.8206047058105469,-3.404780192538829,1.5786777821787953e-05
P02_blk04pos_0.200_krea2_seed42_00001_.png,benchmark_profondita,2.799999952316284,2.1682865619659424,0.7743880710327297,0.14302978515625,59.38295850490972,3157,2.897972345352173,3.8251960277557373,0.4687,0.9414196498651041,13.601356142227381,33.626495361328125,4,15.0,6.269726868054142,18.43483256973441,0.6559354096094108,0.14538636974351102,0.8730659082277219,3.1732477698930834,0.817041015625,-3.362445422835817,1.6297564919664575e-05
P02_blk04pos_0.200_krea2_seed777_00001_.png,benchmark_profondita,2.799999952316284,2.250535726547241,0.803762773169156,0.14274368286132813,52.466909702748175,3566,2.9198520183563232,3.8905270099639893,0.5001,0.9185703649288977,12.766414232165074,32.50644302368164,4,16.0,6.468577896261279,18.81265770211222,0.6585027295790545,0.15168850102762213,0.8809134119509174,3.167918984721179,0.8169357299804688,-3.3918778835832404,1.519311467223206e-05
P02_blk05pos_0.200_krea2_seed1337_00001_.png,benchmark_profondita,2.799999952316284,2.5370869636535645,0.9061025024499638,0.1353759765625,55.41536539662711,3202,2.9213027954101562,3.914607048034668,0.45144999999999996,0.9395992985554011,13.53288187778924,32.33079147338867,3,15.0,6.393262225922543,18.406125533808094,0.6711569202155887,0.1654311915201619,0.8812857110790727,3.165001553008858,0.8198371887207032,-3.403388852257342,1.439747463029558e-05
P02_blk05pos_0.200_krea2_seed42_00001_.png,benchmark_profondita,2.799999952316284,2.2350881099700928,0.7982457671547918,0.13631744384765626,58.79368213228035,3039,2.93971848487854,3.8664233684539795,0.45145,0.9532203901286728,14.053733689198127,34.7933235168457,4,15.0,6.3494038631144,19.395797118506778,0.6670549202912277,0.14862157830902784,0.8729052015610277,3.1651760491704906,0.8204391479492188,-3.3684082835076588,1.5758506509427835e-05
P02_blk05pos_0.200_krea2_seed777_00001_.png,benchmark_profondita,2.799999952316284,2.2698380947113037,0.8106564762022916,0.1456573486328125,54.46961483594865,3505,3.0382111072540283,3.931685209274292,0.47224999999999995,0.9337172375041023,13.313970300310197,32.04875183105469,3,15.0,6.226226661269247,20.58065126009085,0.6427334166997769,0.1415890717875338,0.8645477932313808,3.181242595169506,0.822168731689453,-3.356358667900903,1.853969508176682e-05
P02_blk06pos_0.200_krea2_seed1337_00001_.png,benchmark_profondita,2.799999952316284,2.1688103675842285,0.7745751444710177,0.14361953735351562,56.07536490914507,3357,2.8667564392089844,3.854776620864868,0.4223,0.9481568339100744,13.857809611906276,34.23542022705078,5,15.0,6.583089601972553,18.442256822591876,0.6662862113719229,0.1520373398323115,0.8826749590302845,3.147509808983197,0.8229156494140626,-3.3833451807914137,1.3844264572924695e-05
P02_blk06pos_0.200_krea2_seed42_00001_.png,benchmark_profondita,2.799999952316284,2.0715417861938477,0.7398363648114267,0.14442291259765624,57.4849681141816,3293,2.8947577476501465,3.8215322494506836,0.4357,0.9567343966663533,14.191326929263385,34.5762939453125,4,14.0,6.4909349047344485,19.884818504206105,0.6608992027936718,0.15147159424856899,0.8705877000806547,3.1581651949287135,0.8222908020019531,-3.3376339152287,1.71044960233549e-05
P02_blk06pos_0.200_krea2_seed777_00001_.png,benchmark_profondita,2.799999952316284,2.1309173107147217,0.7610419096442956,0.15269851684570312,53.88933764135703,3714,3.0128157138824463,3.9170644283294678,0.41950000000000004,0.9547764067577996,14.114495199204907,32.1340446472168,3,15.0,6.282936837826828,19.47953230851212,0.6335105816110347,0.1440627976720805,0.8735367115171842,3.1831839067897043,0.8181579589843749,-3.2942243739460313,1.9656992290949495e-05
P02_blk07pos_0.200_krea2_seed1337_00001_.png,benchmark_profondita,4.0,2.5359156131744385,0.6339789032936096,0.1351409912109375,57.962041884816756,3056,2.8788747787475586,3.8216347694396973,0.48505,0.9267360295623589,13.058742907641859,36.74236297607422,4,13.0,6.8311463853075205,20.26135223057986,0.6705347035993998,0.15448581774601702,0.8688292883626549,3.158091780549371,0.8263053894042969,-3.4322019181792385,1.5889998393941657e-05
P02_blk07pos_0.200_krea2_seed42_00001_.png,benchmark_profondita,2.799999952316284,2.4109079837799072,0.8610385802990808,0.13222198486328124,60.46964410327983,2866,2.9110021591186523,3.823044776916504,0.48174999999999996,0.9388482452044933,13.504730838632923,33.875057220458984,3,13.0,6.602166311143638,19.702886825925354,0.6859030947155038,0.165817035538667,0.8814179873117607,3.141247131412184,0.8335739135742187,-3.3834124677526685,1.4340261824452601e-05
P02_blk07pos_0.200_krea2_seed777_00001_.png,benchmark_profondita,4.0,2.2564542293548584,0.5641135573387146,0.1346710205078125,60.5751544269046,2914,2.9199330806732178,3.814470052719116,0.45775000000000005,0.9431208106622377,13.665660089716027,31.728723526000977,3,14.0,6.48126939511305,19.687493256584233,0.6708172943623221,0.1585899820568739,0.8788832628758949,3.1636813744606878,0.8243270874023438,-3.387750246754333,1.6162769866922998e-05
P02_blk08pos_0.200_krea2_seed1337_00001_.png,benchmark_profondita,4.0,2.4525089263916016,0.6131272315979004,0.134625244140625,58.332561983471074,3025,2.908637523651123,3.866560697555542,0.4343,0.9484939578018752,13.8707686438155,33.15315628051758,4,14.0,6.619606162521264,17.295795412499505,0.6757418100698152,0.15359058085913446,0.8967161398545368,3.1499427986416597,0.825653076171875,-3.4017915159040535,1.4164582578165361e-05
P02_blk08pos_0.200_krea2_seed42_00001_.png,benchmark_profondita,2.799999952316284,2.2504265308380127,0.8037237747009103,0.1446990966796875,58.37488457987073,3249,2.9590699672698975,3.8238680362701416,0.41405000000000003,0.9592135150626759,14.289208100737456,31.9204044342041,3,15.0,6.302605713513613,18.613420110257046,0.6542844092122306,0.13249920692008704,0.8814517325103781,3.170681324665555,0.8245170593261719,-3.3223873049334958,1.7078252781912374e-05
P02_blk08pos_0.200_krea2_seed777_00001_.png,benchmark_profondita,2.799999952316284,2.246011972427368,0.8021471466702589,0.14457626342773439,52.20358126721763,3630,2.983982563018799,3.8796446323394775,0.4252,0.9474574732674884,13.830964807627732,29.776582717895508,4,16.0,6.431833753809971,17.416850090018965,0.6575883982777373,0.1412546954557206,0.8902374389167367,3.171959323986811,0.824066162109375,-3.385294954779952,1.5388115361647012e-05
P02_blk09pos_0.200_krea2_seed1337_00001_.png,benchmark_profondita,4.0,2.4182615280151367,0.6045653820037842,0.14217605590820312,55.528307508939214,3356,2.9493110179901123,3.894810676574707,0.43279999999999996,0.9505399015361895,13.94967500743806,36.24394226074219,4,15.0,6.35286128887539,19.390268759055882,0.6573668748534012,0.15513001785187958,0.8755729225145464,3.1706397202838845,0.8265922546386719,-3.406669113819557,1.5390637273892314e-05
P02_blk09pos_0.200_krea2_seed42_00001_.png,benchmark_profondita,4.0,2.2003965377807617,0.5500991344451904,0.14064712524414064,55.5770274344287,3317,2.9318935871124268,3.856138229370117,0.40685,0.9646674003791473,14.506922582829683,35.11707305908203,5,15.0,6.354051856886281,19.856227732296805,0.6585761035087226,0.14103125818887158,0.8769990781280583,3.164277196981008,0.8287528991699218,-3.3797751899091657,1.4715839535444748e-05
P02_blk09pos_0.200_krea2_seed777_00001_.png,benchmark_profondita,4.0,2.116065263748169,0.5290163159370422,0.14174270629882812,54.82000590144585,3389,2.983907699584961,3.8824634552001953,0.43894999999999995,0.9501865771873359,13.936016274791944,32.85495376586914,4,16.0,6.419131950996163,19.52692852997238,0.6500763194478036,0.13976487330709,0.872675405773775,3.1798486516957913,0.8217254638671875,-3.3279217170287976,1.889564506721802e-05
P02_blk10pos_0.200_krea2_seed1337_00001_.png,benchmark_profondita,4.0,2.4371604919433594,0.6092901229858398,0.13288116455078125,55.69875279820915,3127,2.920306921005249,3.8913660049438477,0.53365,0.9185701075075288,12.766405120477401,35.080162048339844,4,14.0,7.124175110114538,18.38215196317555,0.6740171438415428,0.16177510600354605,0.8795389567738638,3.1557180167238297,0.8234962463378906,-3.4245723344688583,1.4864053965965313e-05
P02_blk10pos_0.200_krea2_seed42_00001_.png,benchmark_profondita,4.0,2.1563658714294434,0.5390914678573608,0.13140029907226564,60.49490691956446,2847,2.96529483795166,3.8477439880371094,0.48940000000000006,0.92774361433494,13.095275053874385,37.25139236450195,3,15.0,6.543030523962119,19.06163789061206,0.6751875488241311,0.15405097684958652,0.8752618585536696,3.158811782345264,0.8228546142578126,-3.4561875770131194,1.3015882906932699e-05
P02_blk10pos_0.200_krea2_seed777_00001_.png,benchmark_profondita,4.0,2.226771354675293,0.5566928386688232,0.14129409790039063,62.084143479718406,2983,3.0244836807250977,3.9044861793518066,0.4816,0.9377314345030723,13.462978698802415,35.15349578857422,4,15.0,6.55450036234647,18.985034879419416,0.6537502953424703,0.14801664261062253,0.8781037706432939,3.1648499221917312,0.8249465942382812,-3.4207366662792094,1.5759235966081136e-05
P02_blk11pos_0.200_krea2_seed1337_00001_.png,benchmark_profondita,4.0,2.4228453636169434,0.6057113409042358,0.13387451171875,58.49066666666667,3000,2.8838658332824707,3.8404815196990967,0.44275,0.9489296768947426,13.887535626916746,32.6063346862793,4,14.0,6.346463582184963,17.677073689364924,0.6855118548970971,0.1633754280623267,0.8882019209939549,3.1301583915344504,0.8347381591796874,-3.4569432644579083,1.2478959242452705e-05
P02_blk11pos_0.200_krea2_seed42_00001_.png,benchmark_profondita,4.0,2.111314296722412,0.527828574180603,0.1349945068359375,60.306748466257666,2934,2.908985137939453,3.862558364868164,0.439,0.9524511003431457,14.02379008581409,30.97466468811035,5,15.0,6.35580758881685,17.363237959955732,0.6815034933977657,0.1555370638245568,0.8904949854172353,3.1351881913272517,0.83291015625,-3.3857628315454047,1.2729607307585836e-05
P02_blk11pos_0.200_krea2_seed777_00001_.png,benchmark_profondita,2.799999952316284,2.254487991333008,0.8051742963309679,0.14074935913085937,53.44235225955968,3452,2.9243485927581787,3.867809534072876,0.44465000000000005,0.9406278717079447,13.571530172634546,29.221105575561523,3,15.0,6.457831969786764,17.023969296797844,0.6723558263140323,0.15834248302484183,0.895442306091492,3.153572712847008,0.8287376403808594,-3.3647380476358952,1.5029150551923209e-05
P02_blk12pos_0.200_krea2_seed1337_00001_.png,benchmark_profondita,2.799999952316284,2.219682216644287,0.7927436623018752,0.14568252563476564,51.275241675617615,3724,2.924879550933838,3.8901243209838867,0.47275000000000006,0.9348500259473002,13.355851974210708,36.701271057128906,7,15.0,6.638230029908022,20.345235968067158,0.6559948744769459,0.1389098401847727,0.8690373790005729,3.158746560744377,0.8221504211425782,-3.2732987278421994,2.103988039678875e-05
P02_blk12pos_0.200_krea2_seed42_00001_.png,benchmark_profondita,2.799999952316284,2.3275740146636963,0.8312764479650165,0.137847900390625,57.54140127388535,3140,2.8816800117492676,3.845080614089966,0.4346,0.9507066686250598,13.956126501434252,35.10697937011719,5,14.0,6.353620891861585,21.534744269171398,0.6768954261137942,0.1513796068800473,0.8696907435600346,3.1479340866893857,0.8228416442871094,-3.2888715006259246,2.083848872599872e-05
P02_blk12pos_0.200_krea2_seed777_00001_.png,benchmark_profondita,2.799999952316284,2.4448022842407227,0.8731436878126636,0.14072418212890625,51.94311461560124,3551,2.9784867763519287,3.9564642906188965,0.45215,0.9480983044119429,13.855560973597596,34.265625,3,15.0,6.861066984946988,21.25268197726411,0.6613549434725214,0.15706582425697668,0.8661928133693505,3.175144107451661,0.8159477233886718,-3.2784852572006984,2.3325147104720052e-05
P02_blk13pos_0.200_krea2_seed1337_00001_.png,benchmark_profondita,2.799999952316284,2.5469887256622314,0.9096388460847113,0.13316726684570312,44.03254288597376,3964,2.9415547847747803,3.9119961261749268,0.48205,0.9323431723864346,13.263344331892881,38.240604400634766,5,14.0,6.871382684729472,19.834804231762167,0.679631620169794,0.1733812328494476,0.8797869802233264,3.135886318348966,0.8296218872070313,-3.418888638531333,1.422002565281832e-05
P02_blk13pos_0.200_krea2_seed42_00001_.png,benchmark_profondita,2.799999952316284,2.064465045928955,0.7373089575309235,0.14727935791015626,48.236381809095455,4002,2.926375389099121,3.811983108520508,0.46719999999999995,0.9408510684834298,13.579931280673229,42.35633087158203,6,15.0,6.6984657758325525,20.88582006756259,0.6632129284946948,0.16343658020376078,0.8633039762340997,3.1290781612970022,0.8320320129394532,-3.325375091042281,1.7083872104667547e-05
P02_blk13pos_0.200_krea2_seed777_00001_.png,benchmark_profondita,2.799999952316284,2.266177177429199,0.8093490057221312,0.14875717163085939,49.1254724111867,3969,3.033125162124634,3.9340951442718506,0.54845,0.9020601366378228,12.195191828324825,38.63478088378906,4,16.0,6.587957668068865,20.580919371896478,0.6577768803255175,0.16087524673654913,0.8694875056188235,3.1580154157641878,0.8205558776855468,-3.3198979055241886,1.8519708599479617e-05
P02_blk14pos_0.200_krea2_seed1337_00001_.png,benchmark_profondita,2.799999952316284,2.330340623855591,0.8322645226932343,0.14748001098632812,50.6564465408805,3816,2.91031813621521,3.871706247329712,0.45355,0.9517057593321879,13.994839509726162,35.85554504394531,6,15.0,6.647212644221637,20.10484770467618,0.6592111474947517,0.16709086018063019,0.875060137373609,3.1522067704581453,0.825823974609375,-3.299917459760964,1.8818895239051116e-05
P02_blk14pos_0.200_krea2_seed42_00001_.png,benchmark_profondita,2.799999952316284,2.0722930431365967,0.7401046708669776,0.15838546752929689,48.51577471371816,4279,2.8837146759033203,3.78991961479187,0.45565,0.9452199124611829,13.745425382844406,37.154502868652344,5,16.0,6.629230107095855,21.18436741770133,0.6375361961653713,0.1467467326108095,0.859485335792872,3.163948090087647,0.8256240844726563,-3.2743879656493635,2.0568460022025603e-05
P02_blk14pos_0.200_krea2_seed777_00001_.png,benchmark_profondita,2.799999952316284,2.2234373092651367,0.7940847668321603,0.15699462890625,54.19436397155649,3797,2.919280767440796,3.8561322689056396,0.4505,0.9460405753417528,13.776736791707515,36.34328842163086,4,16.0,6.271835731067898,21.64905226219312,0.6330217315574163,0.15350946336435276,0.8602958886926075,3.1675346326994895,0.8238975524902343,-3.2482480282776973,2.4381782606894287e-05
P02_blk15pos_0.200_krea2_seed1337_00001_.png,benchmark_profondita,4.0,2.7826156616210938,0.6956539154052734,0.132220458984375,60.40571627744859,2869,2.8267955780029297,3.849256992340088,0.49544999999999995,0.9213392616219405,12.864799312660018,41.18224334716797,6,12.0,6.674953183356419,21.761506847794813,0.6979977713807699,0.19009371922869137,0.8800444433332415,3.0302872786574024,0.8680557250976563,-3.454725632513569,1.602569485294281e-05
P02_blk15pos_0.200_krea2_seed42_00001_.png,benchmark_profondita,4.0,2.435418128967285,0.6088545322418213,0.13732070922851564,59.618747929778074,3019,2.827725410461426,3.822026014328003,0.4899,0.9215518310121664,12.872383641951208,40.588191986083984,6,11.0,6.158853946709706,22.047769212467024,0.6863971824463995,0.18247681695585943,0.8760576796511134,3.0416812834773794,0.870684051513672,-3.404648142267127,1.7195756543457012e-05
P02_blk15pos_0.200_krea2_seed777_00001_.png,benchmark_profondita,2.799999952316284,2.5148842334747314,0.8981729558224841,0.13671722412109374,63.410474168435954,2826,2.8317089080810547,3.8468470573425293,0.5066,0.9177753958308859,12.738306480994808,39.37099075317383,5,12.0,6.630601287779261,21.772401816736078,0.6894761696930644,0.19659632810083813,0.8769048124088457,3.0735227643974836,0.8585617065429687,-3.4106024324359736,1.7875295861856452e-05
P02_blk16pos_0.200_krea2_seed1337_00001_.png,benchmark_profondita,4.0,2.4302823543548584,0.6075705885887146,0.13445587158203126,60.62401100791194,2907,2.8135182857513428,3.8290457725524902,0.50015,0.9234946421176572,12.941909317654709,45.9557991027832,5,12.0,6.216188417149209,22.525424250337373,0.6915272057791777,0.20615319640443347,0.8633209421546897,3.0640479091843305,0.8568984985351562,-3.429885854629672,1.5145708975468865e-05
P02_blk16pos_0.200_krea2_seed42_00001_.png,benchmark_profondita,2.799999952316284,2.2034380435943604,0.7869421718281026,0.13887557983398438,52.14179318246921,3491,2.809171438217163,3.8106529712677,0.42465,0.9480543701830205,13.853873309062715,45.892539978027344,7,13.0,6.145583271748907,23.42963015249968,0.6781906669904211,0.16873972545339289,0.8572652672075014,3.0846785335402314,0.8536994934082032,-3.4158440336526166,1.6265405899944536e-05
P02_blk16pos_0.200_krea2_seed777_00001_.png,benchmark_profondita,2.799999952316284,2.3675832748413086,0.8455654697003615,0.13904342651367188,54.19179304192685,3363,2.8635482788085938,3.8262505531311035,0.48535,0.9187610800882463,12.773166574096841,42.304054260253906,5,12.0,6.316697759245439,21.508965100978976,0.6789847037141967,0.1736739558198719,0.8776681183329527,3.094900978636276,0.8470710754394533,-3.3740530081414017,1.7554689905933145e-05
P02_blk17pos_0.200_krea2_seed1337_00001_.png,benchmark_profondita,2.799999952316284,2.242439031600952,0.8008710963533793,0.14989776611328126,49.86649746192894,3940,3.0503549575805664,3.9635348320007324,0.4496,0.9431757675461462,13.667742523756168,33.996700286865234,4,16.0,6.481897749694914,15.727105735190671,0.6536166965977556,0.1538526185837614,0.8943746848262318,3.1591492909538843,0.8392074584960938,-3.4178361519217555,1.3481995032342649e-05
P02_blk17pos_0.200_krea2_seed42_00001_.png,benchmark_profondita,2.799999952316284,2.1884374618530273,0.7815848211149627,0.14961700439453124,52.40673436664885,3742,2.941030263900757,3.8787083625793457,0.42279999999999995,0.9624830764346315,14.419330800812812,33.37577819824219,4,16.0,6.665656381782667,17.43871034543387,0.6534865612862975,0.14924577232943648,0.8823567074520309,3.1520262963337236,0.8390129089355469,-3.3777479964996178,1.533029742592899e-05
P02_blk17pos_0.200_krea2_seed777_00001_.png,benchmark_profondita,4.0,2.2741692066192627,0.5685423016548157,0.1441131591796875,54.29491233112964,3479,2.970430374145508,3.887342929840088,0.50335,0.9216691940487212,12.87657298983986,32.3964729309082,5,15.0,6.776348742689962,17.941744090697632,0.6592214970667094,0.16028967411078776,0.884281216990932,3.161250701306224,0.8326210021972656,-3.397664072950518,1.7541734853944876e-05
P02_blk18pos_0.200_krea2_seed1337_00001_.png,benchmark_profondita,4.0,2.0590944290161133,0.5147736072540283,0.13148880004882812,60.98549186128804,2826,2.8023483753204346,3.9164376258850098,0.47269999999999995,0.9264064305069155,13.04681472282918,33.73305130004883,4,15.0,6.598658496243066,16.9756698930494,0.6840956348356959,0.17738172827768817,0.8761025895334005,3.1466983571286145,0.8308547973632812,-3.5436664426733206,9.854693592605522e-06
P02_blk18pos_0.200_krea2_seed42_00001_.png,benchmark_profondita,4.0,2.1045234203338623,0.5261308550834656,0.12419662475585938,59.38963881794965,2741,2.9105923175811768,3.9362189769744873,0.5778,0.894151922467401,11.930707471077609,33.36439514160156,4,15.0,6.60637890106285,16.78381222068159,0.6921605807892913,0.17491979113215828,0.879578553190195,3.162347316284435,0.8225265502929687,-3.521146334485267,1.019427457634681e-05
P02_blk18pos_0.200_krea2_seed777_00001_.png,benchmark_profondita,4.0,2.091815233230591,0.5229538083076477,0.13044586181640624,63.325185185185184,2700,2.939342975616455,3.9109175205230713,0.49095,0.9388916718664609,13.506356963828773,30.941553115844727,3,15.0,6.435213671666234,18.061154689552946,0.6776738607172944,0.17529006301261177,0.8745312964877787,3.169122339001417,0.825225830078125,-3.489966009826086,1.2160496579373352e-05
P02_blk19pos_0.200_krea2_seed1337_00001_.png,benchmark_profondita,4.0,2.4907612800598145,0.6226903200149536,0.12523880004882812,53.59222984002612,3063,3.003594398498535,3.971952199935913,0.5540499999999999,0.8947715757050281,11.951222564299325,37.04916763305664,4,13.0,6.558697682139954,17.01184474715499,0.7055763964387198,0.2096809592889112,0.9094767818106992,3.096879360730021,0.8408134460449219,-3.401589437518326,1.4024428007034289e-05
P02_blk19pos_0.200_krea2_seed42_00001_.png,benchmark_profondita,4.0,2.4328606128692627,0.6082151532173157,0.12215957641601563,53.532932129722504,2991,2.959716320037842,3.9515366554260254,0.5054500000000001,0.9178072008218404,12.739429821893841,35.690162658691406,3,12.0,6.641785951421332,18.409991299550832,0.7064536287754168,0.20089361545559792,0.8989699529494773,3.113166098733505,0.8320075988769531,-3.3616285936031454,1.610218108901105e-05
P02_blk19pos_0.200_krea2_seed777_00001_.png,benchmark_profondita,4.0,2.5108275413513184,0.6277068853378296,0.12966461181640626,49.062933025404156,3464,2.9987051486968994,3.954923152923584,0.55175,0.8977822142919166,12.051400079691339,32.9091682434082,4,13.0,6.644704658598454,18.38707148228913,0.694328357947433,0.18337953808775526,0.8986052893238907,3.135792076718838,0.8317825317382812,-3.3483770987117127,1.7405357686178335e-05
P02_blk20pos_0.200_krea2_seed1337_00001_.png,benchmark_profondita,4.0,2.388582229614258,0.5971455574035645,0.12913284301757813,60.86192017259978,2781,2.8621487617492676,3.8628063201904297,0.45515,0.9264839308281725,13.049618478150485,37.6488037109375,4,14.0,6.863835935539252,17.702102722338932,0.6965177032384329,0.16371331087301588,0.895179155629636,3.0960269687896607,0.8437057495117188,-3.5061244324407204,1.0853147399838187e-05
P02_blk20pos_0.200_krea2_seed42_00001_.png,benchmark_profondita,4.0,2.2541823387145996,0.5635455846786499,0.1310333251953125,57.44080267558528,2990,2.8579702377319336,3.84346866607666,0.47065,0.938226902857013,13.48148590517288,36.57655334472656,4,13.0,6.454363712830259,17.326109361290854,0.6900287986181046,0.1518987613370904,0.8872269422440093,3.1133967564738185,0.8392471313476562,-3.4685633314883777,1.1908125943453412e-05
P02_blk20pos_0.200_krea2_seed777_00001_.png,benchmark_profondita,4.0,2.345369577407837,0.5863423943519592,0.14112396240234376,69.95990922844176,2644,2.881519079208374,3.861538887023926,0.44015000000000004,0.9434810090917382,13.67931455697996,34.79074478149414,4,15.0,6.259357728523214,17.818499375106782,0.6726669712089435,0.15409589322204365,0.8926304322168696,3.1341549774661925,0.8358055114746095,-3.434569673684885,1.4416116768105094e-05
P02_blk21pos_0.200_krea2_seed1337_00001_.png,benchmark_profondita,4.0,2.6251955032348633,0.6562988758087158,0.12874526977539064,58.797560975609755,2870,2.8516321182250977,3.808947801589966,0.5382,0.9067304523728641,12.354132547847787,39.90816116333008,4,12.0,6.438205786552649,22.107642341428345,0.680912501695194,0.16531387409494813,0.8727886629338524,3.137162852989899,0.8336921691894532,-3.4355956641258816,1.6059624449779862e-05
P02_blk21pos_0.200_krea2_seed42_00001_.png,benchmark_profondita,4.0,2.5333781242370605,0.6333445310592651,0.12863082885742189,56.67193277310924,2975,2.9245991706848145,3.8118605613708496,0.51885,0.9166371434717633,12.698168955983816,38.34416198730469,5,13.0,6.143907349005337,19.63615273825033,0.685837340194219,0.18573093630913265,0.8894181137163787,3.1353715720660724,0.8359756469726562,-3.435902811026069,1.4310440940249056e-05
P02_blk21pos_0.200_krea2_seed777_00001_.png,benchmark_profondita,4.0,2.4852347373962402,0.6213086843490601,0.12990036010742187,57.36623989218329,2968,2.8849294185638428,3.7904975414276123,0.5064000000000001,0.9239376289873031,12.957814600275938,38.30735778808594,3,13.0,6.491746562944367,20.583574704366526,0.6787372874652499,0.1732485306800674,0.8845554306798451,3.152688706404799,0.8260719299316407,-3.414774141039973,1.5981043821245235e-05
P02_blk22pos_0.200_krea2_seed1337_00001_.png,benchmark_profondita,4.0,2.8033230304718018,0.7008307576179504,0.1239410400390625,75.52394235239423,2151,2.9237327575683594,3.8708748817443848,0.46575,0.9336700641689801,13.312229049959166,37.417179107666016,2,14.0,6.488581798051096,19.951407903776172,0.6864962797391474,0.18597147118061522,0.8895268725656428,3.103017222835978,0.8664985656738282,-3.5866368414050926,1.1190790270550615e-05
P02_blk22pos_0.200_krea2_seed42_00001_.png,benchmark_profondita,4.0,2.6662936210632324,0.6665734052658081,0.12638702392578124,70.85457656116338,2338,2.970534563064575,3.8340251445770264,0.49190000000000006,0.9296648040989429,13.165215359567068,37.492408752441406,3,14.0,6.346787136198395,19.292921408537907,0.6837337002456436,0.18355463257158544,0.8945550219683132,3.0886893697500604,0.8720977783203125,-3.571572223229634,1.060122696364005e-05
P02_blk22pos_0.200_krea2_seed777_00001_.png,benchmark_profondita,4.0,2.7769081592559814,0.6942270398139954,0.12894363403320314,70.07006633499171,2412,2.992929220199585,3.9065699577331543,0.4546,0.9283192912896744,13.116193314016735,35.568031311035156,2,15.0,6.308224294522192,19.671997701818313,0.6770452337125787,0.18318052923754075,0.8890548520902806,3.127803846391237,0.8609863281250001,-3.5271719490624607,1.3193604899028727e-05
P02_blk23pos_0.200_krea2_seed1337_00001_.png,benchmark_profondita,4.0,2.4835476875305176,0.6208869218826294,0.13118972778320312,59.913937282229966,2870,3.0059115886688232,3.9459311962127686,0.44749999999999995,0.942743217185809,13.651360840513274,29.793167114257812,4,15.0,6.457044481610763,15.710437018224399,0.6713952210565504,0.15994217980161965,0.8951289491949587,3.180266816066251,0.8223754882812501,-3.485912877512512,1.1598809386650054e-05
P02_blk23pos_0.200_krea2_seed42_00001_.png,benchmark_profondita,2.799999952316284,2.090946912765503,0.7467667672764704,0.13516159057617189,59.013657561625585,3002,3.020890712738037,3.906540632247925,0.40814999999999996,0.9614844056959893,14.379460293486067,31.15985870361328,3,16.0,6.223651637313262,15.18625878576725,0.6602919478566408,0.14439655212622812,0.8945046631188542,3.1862130480291437,0.8227592468261719,-3.441874988725649,1.1732042219530047e-05
P02_blk23pos_0.200_krea2_seed777_00001_.png,benchmark_profondita,2.799999952316284,2.3108575344085693,0.8253062763436569,0.148040771484375,57.40828402366864,3380,3.0808920860290527,3.9431681632995605,0.4281,0.9445252915942793,13.718978570945758,28.618091583251953,3,17.0,6.434506487864138,15.242214429516777,0.6409148588496996,0.14482000084790725,0.8998885363021989,3.195737490020658,0.8226844787597656,-3.4095705075701908,1.4168109322095693e-05
P02_blk24pos_0.200_krea2_seed1337_00001_.png,benchmark_profondita,4.0,2.3012588024139404,0.5753147006034851,0.14389877319335936,51.561235647895025,3658,3.078599214553833,3.9288206100463867,0.46114999999999995,0.9386091773142139,13.495782370231739,35.82576370239258,4,17.0,6.509304313970545,18.081251697233196,0.6506756198006045,0.14545621281732682,0.8936193850980836,3.1781767044986684,0.8382476806640625,-3.3957200147690845,1.6157249233352308e-05
P02_blk24pos_0.200_krea2_seed42_00001_.png,benchmark_profondita,2.799999952316284,2.2557268142700195,0.805616733101721,0.14312744140625,51.751724137931035,3625,3.1386945247650146,3.9616587162017822,0.45155,0.9345578742383489,13.345037893676967,35.02635192871094,4,17.0,6.456771556228388,16.013386758559314,0.6542694734481782,0.15021552730635196,0.9037817179289859,3.1778009008450065,0.838763427734375,-3.3904478702018617,1.4446664446899662e-05
P02_blk24pos_0.200_krea2_seed777_00001_.png,benchmark_profondita,4.0,2.3393750190734863,0.5848437547683716,0.14586715698242186,55.00316455696203,3476,3.149726629257202,3.94858980178833,0.4397,0.9429643176344903,13.659731971645632,32.91313171386719,2,18.0,6.526604523370565,17.357548456500133,0.6427985873314355,0.15202647896122967,0.896106616682312,3.1927520135645566,0.8336395263671876,-3.3912018212547395,1.747632057872631e-05
P02_blk25pos_0.200_krea2_seed1337_00001_.png,benchmark_profondita,2.799999952316284,2.089364528656006,0.7462016300848829,0.152886962890625,48.310511089681775,4148,3.143960952758789,3.961313247680664,0.40615,0.9546393515456948,14.109132741918149,37.3583984375,4,19.0,5.966201209701426,15.637949352651994,0.6209608592985193,0.13162101061600062,0.8969487188852397,3.20302411189777,0.8174575805664064,-3.430748063812234,1.2767502272349439e-05
P02_blk25pos_0.200_krea2_seed42_00001_.png,benchmark_profondita,2.799999952316284,1.9100159406661987,0.6821485618548488,0.15741958618164062,49.1386044296261,4199,3.192134380340576,3.9598798751831055,0.39285,0.9624045978802184,14.41619365789321,36.843563079833984,3,19.0,6.088554708426295,14.536986500771526,0.6222776635025665,0.13920825733054462,0.9032712441394355,3.2018108190256576,0.8191482543945312,-3.423804669622265,1.2165804247919297e-05
P02_blk25pos_0.200_krea2_seed777_00001_.png,benchmark_profondita,2.799999952316284,2.0495498180389404,0.7319820903366309,0.16151657104492187,47.50964991023339,4456,3.213176727294922,3.9646594524383545,0.43139999999999995,0.9504142241676227,13.944815066875123,34.78300476074219,3,19.0,5.865148843834168,15.274981149306424,0.6074624660029062,0.12900262437309984,0.899507993900263,3.212159743798469,0.8191574096679688,-3.3937042929711594,1.633396702999006e-05
P02_blk26pos_0.200_krea2_seed1337_00001_.png,benchmark_profondita,2.799999952316284,1.9837931394577026,0.7084975618719639,0.16651687622070313,42.57842372220055,5126,3.8008408546447754,4.077004909515381,0.3698,0.97377638391602,14.877967391325676,37.15968704223633,3,22.0,4.714557077552461,11.370343290465504,0.5651916211169035,0.09992333113128997,0.898074467481615,2.8681328361892624,0.9418907165527344,-3.666241820143706,7.378050181215317e-06
P02_blk26pos_0.200_krea2_seed42_00001_.png,benchmark_profondita,4.0,1.9444618225097656,0.4861154556274414,0.16441268920898439,42.346040479465515,5089,3.806447744369507,4.071172714233398,0.36835000000000007,0.9777149295116899,15.041324610189953,36.6389045715332,3,22.0,4.626752413465377,11.266870678409575,0.5681035684360404,0.10006883468968517,0.9007164764019522,2.8703864024914227,0.9420440673828124,-3.670204941383229,7.148529122006507e-06
P02_blk26pos_0.200_krea2_seed777_00001_.png,benchmark_profondita,2.799999952316284,1.9198421239852905,0.6856579131000027,0.17618942260742188,43.95413018652455,5254,3.8371264934539795,4.078922748565674,0.36895,0.9696632817929843,14.709263707258021,34.97700500488281,3,23.0,4.552026352974822,11.44714793893968,0.5544405249913639,0.09851063035757283,0.8984266026075965,2.88108622930503,0.9404098510742188,-3.6206740663499843,8.099223386233897e-06
P02_blk27pos_0.200_krea2_seed1337_00001_.png,benchmark_profondita,4.0,2.3447489738464355,0.5861872434616089,0.155975341796875,44.21280276816609,4624,3.6261332035064697,4.049096584320068,0.3542,0.9858489622842507,15.384395471950304,31.77485466003418,3,21.0,5.080456403061915,21.357578752432133,0.5359885377251329,0.09526216538353259,0.8206909552391082,2.5209386766442488,0.9658622741699219,-3.5007157741513737,1.537725019201172e-05
P02_blk27pos_0.200_krea2_seed42_00001_.png,benchmark_profondita,4.0,2.2186272144317627,0.5546568036079407,0.15778274536132814,45.72385584788857,4523,3.644887924194336,4.052544593811035,0.35185,0.984610190243774,15.331646781680263,31.736125946044922,2,21.0,4.7898017104966595,20.508813763704392,0.53614315592026,0.09550466391706736,0.8210791010171885,2.5138962288568827,0.966357421875,-3.5057531019405546,1.4259890207075735e-05
P02_blk27pos_0.200_krea2_seed777_00001_.png,benchmark_profondita,4.0,2.267993688583374,0.5669984221458435,0.16220703125,44.674931708342086,4759,3.6376545429229736,4.04882287979126,0.3595,0.9821208436428073,15.226193098523456,30.201934814453125,3,21.0,5.076748313389191,21.585504519701548,0.5263265520596236,0.09417905732954858,0.8197976333053147,2.5332254072632936,0.9652313232421874,-3.48181139367444,1.609937579408507e-05
P01_blk00neg_0.200_krea2_seed1337_00001_.png,benchmark_profondita_neg,4.0,2.2747890949249268,0.5686972737312317,0.12467193603515625,62.99537393986122,2594,3.345580577850342,3.999220371246338,0.53875,0.8660529994087554,11.036509021498384,43.28962707519531,2,19.0,6.040134346790838,12.645271127667254,0.6814614024783473,0.257497256825426,0.8647694863845068,2.9602337449479657,0.9337501525878906,-3.4182593145570626,2.365150554694447e-05
P01_blk00neg_0.200_krea2_seed42_00001_.png,benchmark_profondita_neg,4.0,2.2092182636260986,0.5523045659065247,0.13278121948242189,57.49554013875124,3027,3.362427234649658,3.995591402053833,0.5457,0.8758410255102637,11.340120788710847,44.353118896484375,1,19.0,5.974532456325115,12.081124962955105,0.6752519600309735,0.24672841686767527,0.8619252128497669,2.9840135051887478,0.9287582397460937,-3.363707074910048,2.6278811560892055e-05
P01_blk00neg_0.200_krea2_seed777_00001_.png,benchmark_profondita_neg,4.0,2.219956636428833,0.5549891591072083,0.12241897583007813,76.9947216890595,2084,3.314732789993286,4.01471471786499,0.5485,0.8781041894319913,11.411501754048661,45.82233428955078,2,17.0,5.941824423155107,12.634985840216105,0.6802926032665135,0.2365441251268452,0.8655197965700883,2.9724556960981383,0.9298553466796875,-3.4445083075865863,2.2355176296622583e-05
P01_blk01neg_0.200_krea2_seed1337_00001_.png,benchmark_profondita_neg,2.799999952316284,2.1199634075164795,0.7571298012925863,0.1245819091796875,58.02842928216062,2814,3.268439769744873,4.026240825653076,0.53795,0.8608078976555384,10.877171868214505,38.20307922363281,1,17.0,6.479063059177216,8.507962850529625,0.7026139381434062,0.24299003452180587,0.8888102243859975,3.158510511212837,0.8405975341796875,-3.460728680965346,1.7166507813343087e-05
P01_blk01neg_0.200_krea2_seed42_00001_.png,benchmark_profondita_neg,2.799999952316284,1.954651951789856,0.6980899946704932,0.129901123046875,62.75856984887578,2713,3.2758948802948,4.029696941375732,0.53715,0.8743404100828467,11.293037217866965,36.60480880737305,1,18.0,5.92819301839894,8.02504710612749,0.6972445653675339,0.22415687497683284,0.8830475473179653,3.1690142758874886,0.8340904235839843,-3.431421569015234,1.6781269255924357e-05
P01_blk01neg_0.200_krea2_seed777_00001_.png,benchmark_profondita_neg,2.799999952316284,2.0711452960968018,0.7396947612029273,0.12111053466796876,68.51186879585671,2317,3.2805280685424805,4.039462089538574,0.52295,0.8892424333744856,11.76940705221095,39.28120040893555,3,17.0,6.043468861686492,8.440586401507172,0.7069850549223973,0.23471113167453195,0.8837252215087892,3.1685632319667514,0.8308700561523438,-3.479209349879677,1.5180876401821896e-05
P01_blk02neg_0.200_krea2_seed1337_00001_.png,benchmark_profondita_neg,2.799999952316284,2.2128584384918213,0.7903065986344916,0.12714004516601562,61.19904517076753,2723,3.21927809715271,3.9703636169433594,0.5366000000000001,0.8619567549029384,10.911874257396569,39.70725631713867,2,16.0,6.259451102162493,9.170133760624186,0.7036412517963415,0.24658009682261073,0.8827035709997897,3.152980722918975,0.8393424987792969,-3.4204143547254913,1.951668743442812e-05
P01_blk02neg_0.200_krea2_seed42_00001_.png,benchmark_profondita_neg,2.799999952316284,2.0911080837249756,0.7468243283344053,0.1267852783203125,58.57596052167783,2837,3.217136859893799,3.978807210922241,0.5398000000000001,0.8730680920840297,11.2532699187273,38.82951736450195,1,16.5,6.3305528984441795,8.842332694692228,0.7093093005719975,0.2563943043755086,0.8807217616897522,3.153310221489622,0.8373558044433593,-3.3689897558613056,2.1428689367770278e-05
P01_blk02neg_0.200_krea2_seed777_00001_.png,benchmark_profondita_neg,2.799999952316284,2.098571300506592,0.7494897629446602,0.12870712280273439,62.64352023765318,2693,3.2368948459625244,3.971386194229126,0.51595,0.8908506093482205,11.822001776576428,42.027320861816406,2,16.0,6.339617730176814,9.33274460428288,0.7014866226094701,0.2390232376662853,0.879892344998211,3.15790297991185,0.8352897644042969,-3.4124350157006655,1.9448692868967733e-05
P01_blk03neg_0.200_krea2_seed1337_00001_.png,benchmark_profondita_neg,2.799999952316284,2.1588709354400635,0.7710253472162204,0.12740478515625,61.16923076923077,2730,3.173837423324585,3.9556679725646973,0.5221,0.8754632789369513,11.328250090612054,38.2060661315918,1,16.0,6.611875951913851,8.925976706057856,0.7080010022438845,0.25834098309837883,0.8832177304686193,3.142510993863298,0.8432861328124999,-3.3826590080174896,2.0957089473698198e-05
P01_blk03neg_0.200_krea2_seed42_00001_.png,benchmark_profondita_neg,2.799999952316284,1.9539214372634888,0.697829096620919,0.13009567260742189,60.48918056048244,2819,3.216697931289673,4.015320301055908,0.50025,0.9013097184541458,12.169844877685698,39.56338882446289,1,17.0,5.9107270068917925,8.537878808463017,0.6990431561449372,0.2270865737024128,0.875751348283299,3.166777654042641,0.8350311279296876,-3.346991233846366,2.1887847062853964e-05
P01_blk03neg_0.200_krea2_seed777_00001_.png,benchmark_profondita_neg,2.799999952316284,2.2176589965820312,0.792021083695907,0.11710662841796875,68.61600357621815,2237,3.1682088375091553,4.020081520080566,0.52915,0.8774241321624553,11.39000542159072,41.20010757446289,2,15.0,6.142056735125458,9.136254673334282,0.7218840017165363,0.2650582372350849,0.8851906845639608,3.1347033102366626,0.8398239135742187,-3.417539652639025,1.8985425999721208e-05
P01_blk04neg_0.200_krea2_seed1337_00001_.png,benchmark_profondita_neg,2.799999952316284,2.118145227432251,0.7564804512514464,0.13215103149414062,63.23950346841913,2739,3.1554129123687744,3.9118382930755615,0.5701499999999999,0.8429934606003318,10.352977523644721,37.17135238647461,1,16.0,6.357418453845164,9.192773600103601,0.6997287977548289,0.2614387881232829,0.8793448457983679,3.137587722647839,0.8472831726074218,-3.3788783611344555,2.176196556347048e-05
P01_blk04neg_0.200_krea2_seed42_00001_.png,benchmark_profondita_neg,2.799999952316284,1.9734960794448853,0.7048200403761871,0.1325653076171875,56.85732984293194,3056,3.239469289779663,3.997925043106079,0.49755000000000005,0.9014848977785057,12.175757209703331,37.6807861328125,1,18.0,6.045920744062243,8.68359003252927,0.6959393910727055,0.21810891154067358,0.8739646315280938,3.166658664598346,0.8363746643066405,-3.3362696868287007,2.1704300958278194e-05
P01_blk04neg_0.200_krea2_seed777_00001_.png,benchmark_profondita_neg,2.799999952316284,2.080057382583618,0.7428776492881375,0.12642669677734375,65.1631930790405,2543,3.244886875152588,4.014646530151367,0.5082,0.9088093250109837,12.42554563360335,39.25297164916992,3,17.0,6.14169968331243,8.659071975057216,0.7023640457774709,0.21426396360508054,0.8743708693499198,3.1641257634229207,0.8361061096191406,-3.40568156360662,1.877104292989286e-05
P01_blk05neg_0.200_krea2_seed1337_00001_.png,benchmark_profondita_neg,2.799999952316284,2.1904947757720947,0.7823195760985711,0.12463760375976562,65.95276544206702,2477,3.1806602478027344,3.9937028884887695,0.5651999999999999,0.8519973530155067,10.614683223338115,39.632259368896484,1,17.0,6.263402599369065,8.858215407885748,0.710121454207533,0.2517759907032557,0.881901071041064,3.141977774239917,0.8398445129394532,-3.4229285404718826,1.9372033398577144e-05
P01_blk05neg_0.200_krea2_seed42_00001_.png,benchmark_profondita_neg,2.799999952316284,2.0936291217803955,0.747724699083817,0.12445526123046875,60.216315983757845,2709,3.2483930587768555,4.0102410316467285,0.5395,0.8853343592603148,11.642568272077897,38.25708770751953,2,17.0,6.281273913976337,8.502503466292328,0.7096007357721135,0.24265967719594567,0.8806702693109261,3.157187268384298,0.8362419128417968,-3.365632795425523,2.0468829374638325e-05
P01_blk05neg_0.200_krea2_seed777_00001_.png,benchmark_profondita_neg,2.799999952316284,2.2116689682006836,0.7898817878089937,0.12169876098632812,69.35347826086957,2300,3.1787452697753906,3.991499185562134,0.53655,0.8724992118812119,11.235534454782025,42.39150619506836,3,16.0,6.295531542800572,8.450727545414516,0.7197253363368414,0.26045534645726537,0.8869809181289036,3.145490999461645,0.832880401611328,-3.422995189491846,1.8297828984840464e-05
P01_blk06neg_0.200_krea2_seed1337_00001_.png,benchmark_profondita_neg,2.799999952316284,2.0374317169189453,0.7276541970057862,0.126348876953125,60.57351865398683,2734,3.242199420928955,3.9858152866363525,0.513,0.8940092379432953,11.925988551031752,38.033565521240234,3,17.0,6.300779673927769,8.278668627663254,0.7009907700529603,0.2260344474001571,0.8848133168814245,3.1602929768037056,0.8419868469238281,-3.4258680657465455,1.7677072350606443e-05
P01_blk06neg_0.200_krea2_seed42_00001_.png,benchmark_profondita_neg,2.799999952316284,2.032003402709961,0.7257155133267047,0.1323211669921875,59.97095435684647,2892,3.224201202392578,3.987215518951416,0.5509000000000001,0.8763003104464455,11.354570590197229,38.45217514038086,2,17.0,6.134264870837376,8.404710222976295,0.6987473467467925,0.21392965187487506,0.8795819921955134,3.1675520077791086,0.8354957580566407,-3.3926138300195654,1.9313284614367074e-05
P01_blk06neg_0.200_krea2_seed777_00001_.png,benchmark_profondita_neg,2.799999952316284,2.2183940410614014,0.7922835995858669,0.1222412109375,72.99498861047836,2195,3.207982301712036,4.00529146194458,0.5137,0.8838510285695301,11.594784604519672,41.72595977783203,2,16.0,6.045962924058664,8.542978907405645,0.7138344701382993,0.23496401741863226,0.8865028595010822,3.156740776642806,0.8328666687011719,-3.4340248685220947,1.7975496105180472e-05
P01_blk07neg_0.200_krea2_seed1337_00001_.png,benchmark_profondita_neg,2.799999952316284,2.0604820251464844,0.7358864500843874,0.12751693725585939,61.04419284149014,2738,3.201903820037842,3.975125789642334,0.5805,0.8491860645314354,10.532268189935852,39.01465606689453,2,17.0,6.354185610910949,8.863483801696974,0.7031491306337482,0.2283462990673072,0.8818623182270549,3.15838988689573,0.8391410827636718,-3.407069145345434,1.9000287908263427e-05
P01_blk07neg_0.200_krea2_seed42_00001_.png,benchmark_profondita_neg,2.799999952316284,2.0785677433013916,0.7423456352497106,0.1285430908203125,61.62545720555962,2734,3.2028093338012695,3.995535135269165,0.5465,0.8704067048713884,11.170538413758162,37.799644470214844,1,17.0,6.332334610964328,8.444793471070604,0.7017028370528224,0.23556399930744237,0.8834559624591837,3.1626625267710144,0.8336883544921875,-3.379879997307601,1.9428256199034953e-05
P01_blk07neg_0.200_krea2_seed777_00001_.png,benchmark_profondita_neg,2.799999952316284,2.2697041034698486,0.8106086221866714,0.1229766845703125,68.09801436417406,2367,3.2222163677215576,3.9988417625427246,0.5658,0.8689866297045277,11.126643297690912,39.26608657836914,1,16.0,6.206954110008745,8.943158850196024,0.7083763060492516,0.24081712539694836,0.8819032040819572,3.1591778904697705,0.8349205017089845,-3.4225212223800674,1.8845093273956064e-05
P01_blk08neg_0.200_krea2_seed1337_00001_.png,benchmark_profondita_neg,2.799999952316284,2.166764259338379,0.7738443915136267,0.11760787963867188,64.14939658759883,2403,3.203972101211548,3.996696949005127,0.5680999999999999,0.8592913569345605,10.831532167194618,38.042015075683594,2,15.0,6.184369920876878,9.259443718976613,0.7162015891138963,0.25357658759454976,0.8795170942784893,3.149368823492784,0.8366935729980468,-3.4326057490750146,1.8867282685045068e-05
P01_blk08neg_0.200_krea2_seed42_00001_.png,benchmark_profondita_neg,2.799999952316284,2.0749197006225586,0.7410427628422254,0.1237213134765625,59.14077315827863,2742,3.250924587249756,4.020973205566406,0.555,0.8683624716890258,11.107404920132831,38.962013244628906,2,17.0,6.351256421418673,8.776436538989952,0.7116522425661272,0.23435092032936095,0.8778839450476388,3.163216748303052,0.8325897216796875,-3.3611516315557703,2.143001937479311e-05
P01_blk08neg_0.200_krea2_seed777_00001_.png,benchmark_profondita_neg,2.799999952316284,2.0671589374542236,0.7382710616634754,0.1279144287109375,59.36968838526912,2824,3.283625364303589,4.001193523406982,0.49895,0.8990189813131666,12.092795821882085,40.11356735229492,2,16.0,5.991479163272507,9.074982678807865,0.7013017606509018,0.21693151209046851,0.874358519297719,3.17098693949788,0.8342704772949219,-3.446364041512982,1.7156768438032183e-05
P01_blk09neg_0.200_krea2_seed1337_00001_.png,benchmark_profondita_neg,2.799999952316284,2.1687891483306885,0.7745675661660529,0.12426986694335937,61.768297307546455,2637,3.1847856044769287,3.9726333618164062,0.5085,0.8953441935344508,11.970211798414676,37.709442138671875,1,16.0,6.1493115762355925,8.965672110188697,0.7094086283963534,0.24063525984961362,0.8826376572270762,3.1566159493692734,0.8364768981933594,-3.3881503597548654,1.9753972675772837e-05
P01_blk09neg_0.200_krea2_seed42_00001_.png,benchmark_profondita_neg,2.799999952316284,2.0233237743377686,0.7226156459981313,0.12465667724609375,66.7988552739166,2446,3.2016284465789795,4.005302906036377,0.5841999999999999,0.8603080939984918,10.862109266395047,37.221466064453125,2,17.0,5.954993227075956,8.739153474501375,0.710705236392148,0.23766710279591674,0.8818825099227756,3.1581998471965385,0.8361335754394532,-3.3392327787636993,2.1196173541188417e-05
P01_blk09neg_0.200_krea2_seed777_00001_.png,benchmark_profondita_neg,2.799999952316284,2.1555988788604736,0.7698567555607516,0.120111083984375,62.64703541583764,2513,3.2593419551849365,4.0052595138549805,0.54395,0.8733548686095333,11.2622211021192,40.44200134277344,1,16.0,5.863703560903937,9.053697392416101,0.7166978096726052,0.23830478731999724,0.8850508556141417,3.1545883394702203,0.83663330078125,-3.399966693507414,1.95657025296933e-05
P01_blk10neg_0.200_krea2_seed1337_00001_.png,benchmark_profondita_neg,2.799999952316284,2.0744450092315674,0.7408732301996985,0.12105789184570312,59.206343283582086,2680,3.3289883136749268,4.046903610229492,0.5466500000000001,0.8806290303428582,11.491666471242914,40.641639709472656,4,18.0,6.0852899335749395,8.266940512220476,0.7005594030388421,0.19282365852230177,0.8748592227479725,3.17991139019696,0.8317543029785157,-3.4000492885956852,1.9784334941360938e-05
P01_blk10neg_0.200_krea2_seed42_00001_.png,benchmark_profondita_neg,2.799999952316284,2.05126953125,0.7325962736367545,0.12636489868164064,61.549238201412116,2691,3.2579598426818848,4.029537677764893,0.5268499999999999,0.8875973956456846,11.715848865642599,40.17994689941406,1,18.0,6.189377997828215,9.119552343149618,0.6932371191479181,0.20890430202163818,0.8698898979931601,3.175600502900913,0.8367744445800781,-3.3788897218324783,2.071401245386823e-05
P01_blk10neg_0.200_krea2_seed777_00001_.png,benchmark_profondita_neg,2.799999952316284,2.0180180072784424,0.7207207291589589,0.12586288452148436,62.53639120545868,2638,3.31705379486084,4.040640354156494,0.5185500000000001,0.8969739585508024,12.024423603002282,41.05183029174805,2,18.0,6.064503293737046,8.263153130723285,0.6965082668169051,0.18158894055405866,0.8691245851758223,3.1821992714059992,0.8301765441894532,-3.4378569377136143,1.690265762635266e-05
P01_blk11neg_0.200_krea2_seed1337_00001_.png,benchmark_profondita_neg,2.799999952316284,2.289982557296753,0.8178509272481872,0.12004241943359376,59.41918429003021,2648,3.143360137939453,3.987699031829834,0.6033499999999999,0.8295524241367778,9.974259213109827,44.125816345214844,2,14.0,6.29200551096721,9.96680622160759,0.7257893088011649,0.282056263899251,0.8833106857561113,3.1045376068102426,0.8401824951171875,-3.4142547204961655,2.2103372445355124e-05
P01_blk11neg_0.200_krea2_seed42_00001_.png,benchmark_profondita_neg,2.799999952316284,2.213332176208496,0.7904757906790425,0.12064285278320312,64.41099796334012,2455,3.196096420288086,4.025062561035156,0.5229,0.8795513261672244,11.457380271596923,42.80413055419922,1,15.0,6.181635983904261,9.511243347657235,0.725114958512851,0.25078057844968604,0.8776405990594306,3.141544636750185,0.823155975341797,-3.3334506084542017,2.4936853074367046e-05
P01_blk11neg_0.200_krea2_seed777_00001_.png,benchmark_profondita_neg,2.799999952316284,2.26029109954834,0.8072468350145959,0.11410446166992187,60.33037515127067,2479,3.154191255569458,4.0127949714660645,0.5886,0.8286706769071823,9.949904700084309,44.21012878417969,3,15.0,6.4936987280157314,10.134845730058228,0.734792635570562,0.2838342716894686,0.8783306446839094,3.1098729507750975,0.8340980529785156,-3.3925085252628615,2.2881309016159083e-05
P01_blk12neg_0.200_krea2_seed1337_00001_.png,benchmark_profondita_neg,2.799999952316284,2.214634656906128,0.79094096236469,0.1241363525390625,63.88221436984688,2547,3.1954081058502197,4.003427028656006,0.5393,0.8768469294269337,11.371792052041666,38.17551040649414,2,16.0,6.323569783862359,8.700842159748737,0.7047667587716963,0.23347541014604423,0.8783744223904076,3.1508030886015033,0.8419586181640625,-3.440113933016454,1.8957540208002105e-05
P01_blk12neg_0.200_krea2_seed42_00001_.png,benchmark_profondita_neg,2.799999952316284,2.116347551345825,0.7558384240667892,0.12029342651367188,66.1926952141058,2382,3.192277669906616,4.004300594329834,0.5082,0.8868121903098333,11.690370603585045,36.70372009277344,1,17.0,6.3314732115806915,8.480090810758192,0.707296882896652,0.2342545283786166,0.8753855533224105,3.162276017835082,0.8348266601562501,-3.40230356399631,2.0157825337130806e-05
P01_blk12neg_0.200_krea2_seed777_00001_.png,benchmark_profondita_neg,4.0,2.2490456104278564,0.5622614026069641,0.11800765991210938,70.56341240875912,2192,3.146209239959717,3.9883875846862793,0.5442499999999999,0.8616681149235081,10.903145196504385,40.847084045410156,1,15.0,6.1374586302068055,8.930164750898513,0.7211050590221445,0.2471690103924981,0.8778878197323765,3.1459733043532316,0.8344833374023438,-3.412199938629741,1.9568426232433876e-05
P01_blk13neg_0.200_krea2_seed1337_00001_.png,benchmark_profondita_neg,2.799999952316284,2.1103622913360596,0.7537008311697556,0.1262451171875,59.71562612775171,2771,3.1964504718780518,3.972010850906372,0.5641499999999999,0.8593752767996138,10.834052690101805,35.91741180419922,1,16.0,5.9355791659786545,8.641499592413304,0.7076415571468473,0.2603618618602436,0.8818254430310908,3.1486225623780326,0.8403228759765624,-3.3565897290342557,2.2072805125867866e-05
P01_blk13neg_0.200_krea2_seed42_00001_.png,benchmark_profondita_neg,2.799999952316284,2.1533167362213135,0.7690417046043141,0.12556686401367187,59.653135193910835,2759,3.195695638656616,3.983858823776245,0.54525,0.8650171009714411,11.004856316571557,35.559444427490234,1,17.0,6.004299102812245,8.664568841324261,0.70496104233677,0.2527234727142398,0.8790294386064033,3.1644584080812606,0.8346435546875,-3.3471246306341436,2.3502878341350755e-05
P01_blk13neg_0.200_krea2_seed777_00001_.png,benchmark_profondita_neg,2.799999952316284,2.197826862335205,0.7849381784871337,0.12490386962890625,59.51072337331879,2751,3.1928329467773438,3.9763436317443848,0.5312,0.8748780369176045,11.309883376009443,39.18090057373047,2,15.0,6.043709813469089,9.37216172432005,0.705009402946372,0.24325062458597357,0.8732206683147208,3.1648215136303968,0.8345748901367187,-3.378135103056093,2.2252964368915917e-05
P01_blk14neg_0.200_krea2_seed1337_00001_.png,benchmark_profondita_neg,2.799999952316284,2.258388042449951,0.8065671717535968,0.12116851806640624,65.76314699792961,2415,3.1850621700286865,3.983980894088745,0.54765,0.8618423295766947,10.908412966697368,37.8174934387207,1,17.0,6.265685422812697,8.636062079459954,0.712703127596308,0.2454250398625578,0.88251182282439,3.1422139909800473,0.8425811767578125,-3.4147445641127847,1.8142252663948645e-05
P01_blk14neg_0.200_krea2_seed42_00001_.png,benchmark_profondita_neg,2.799999952316284,2.087865114212036,0.7456661249172027,0.121356201171875,68.44406196213426,2324,3.164059638977051,3.9767682552337646,0.5472,0.8650522934945981,11.005930161133644,38.50284957885742,1,16.0,6.06515135322277,8.746433557046291,0.7149661349333831,0.2488611520966273,0.8819193278314907,3.1457819199623342,0.8410682678222656,-3.4078484399843374,1.9071592377554962e-05
P01_blk14neg_0.200_krea2_seed777_00001_.png,benchmark_profondita_neg,2.799999952316284,2.0961923599243164,0.7486401412936643,0.12030105590820313,68.08333333333333,2316,3.2057063579559326,3.982065439224243,0.5596,0.8715452982760318,11.205857861511287,40.34736633300781,2,17.0,6.232592444224241,9.130072718699411,0.7175552636610745,0.26541732300250426,0.8821739056622144,3.1394466054727714,0.8430458068847655,-3.457240433293191,1.6480551567778533e-05
P01_blk15neg_0.200_krea2_seed1337_00001_.png,benchmark_profondita_neg,2.799999952316284,2.1101417541503906,0.7536220678878183,0.12122039794921875,68.4853448275862,2320,3.1412205696105957,3.9890036582946777,0.57425,0.8617812353358906,10.906565355805514,38.90685272216797,1,17.0,6.23791260226184,8.0714536031544,0.7105076505239039,0.22458090472969955,0.8856249436005822,3.15058397819377,0.8395759582519531,-3.452976973200054,1.691506330500897e-05
P01_blk15neg_0.200_krea2_seed42_00001_.png,benchmark_profondita_neg,2.799999952316284,1.9542343616485596,0.6979408553317761,0.12069168090820312,68.77956521739131,2300,3.2073006629943848,4.019031047821045,0.5051,0.9035360747639063,12.245198868044424,38.51560974121094,1,18.0,5.8622093478056545,7.890756828772374,0.7110051741655126,0.213588098544633,0.8807844484385884,3.165260146545687,0.8334960937500001,-3.4022161444078205,1.819817810073761e-05
P01_blk15neg_0.200_krea2_seed777_00001_.png,benchmark_profondita_neg,2.799999952316284,2.0603785514831543,0.7358494952039973,0.12386093139648438,68.64566596194503,2365,3.180699110031128,3.984123706817627,0.52115,0.8900678106517764,11.796371378001556,39.82420349121094,1,17.0,6.110996275212132,8.09737070396501,0.7066182484600034,0.21230438985313413,0.8792177937359272,3.1598923653725284,0.8368247985839843,-3.444315331493231,1.6812885845299083e-05
P01_blk16neg_0.200_krea2_seed1337_00001_.png,benchmark_profondita_neg,2.799999952316284,2.0921385288238525,0.7471923444474142,0.12238540649414062,59.72189128816083,2686,3.240325927734375,4.016493797302246,0.56725,0.8568166327629789,10.757467160581271,35.90045928955078,2,17.0,6.31488898343308,7.76006403067727,0.7106288046071877,0.23919841068465048,0.8843264444870942,3.1492927288552623,0.8444976806640625,-3.450372153779984,1.6483488937401015e-05
P01_blk16neg_0.200_krea2_seed42_00001_.png,benchmark_profondita_neg,2.799999952316284,1.9542415142059326,0.6979434098165956,0.12168731689453124,59.916604057099924,2662,3.247394323348999,4.018716335296631,0.511,0.8890863827931582,11.764315953961443,37.06257629394531,2,18.0,6.153663741464496,7.711164507720995,0.7091141123524425,0.22313187877080817,0.8807364146180423,3.1592472903139384,0.8438957214355468,-3.444044382697219,1.6288096108206345e-05
P01_blk16neg_0.200_krea2_seed777_00001_.png,benchmark_profondita_neg,2.799999952316284,2.014216423034668,0.7193630204773463,0.12450714111328125,61.05274971941638,2673,3.268268346786499,4.007393836975098,0.5460499999999999,0.8856586758231573,11.653041936308952,39.027225494384766,1,17.0,5.928701746596635,7.804886440665941,0.7073736973104986,0.22121827198531357,0.8804769679923252,3.1631515563407633,0.8369644165039062,-3.463221295047539,1.559847738883917e-05
P01_blk17neg_0.200_krea2_seed1337_00001_.png,benchmark_profondita_neg,2.799999952316284,2.1700828075408936,0.7750295873204229,0.13142623901367187,57.040728476821194,3020,3.117086887359619,3.951552629470825,0.5505,0.8607159452175638,10.874399127038759,40.73250198364258,2,16.0,6.006296550496738,10.619803043581573,0.7068387663965268,0.2769601201131441,0.8696729676822943,3.1203720528682064,0.8458320617675781,-3.34409329450777,2.6403944723885656e-05
P01_blk17neg_0.200_krea2_seed42_00001_.png,benchmark_profondita_neg,2.799999952316284,2.1368749141693115,0.7631696252000268,0.13168792724609374,56.186848958333336,3072,3.1202454566955566,3.9370594024658203,0.56145,0.8697232472289212,11.14939087909917,43.29633712768555,2,15.0,6.571707825976441,10.404366301052393,0.7100466574582869,0.2607916047838217,0.8697748336316429,3.1287690667396433,0.8361740112304688,-3.249521887663168,3.128818883564107e-05
P01_blk17neg_0.200_krea2_seed777_00001_.png,benchmark_profondita_neg,2.799999952316284,2.2290618419647217,0.7960935285447925,0.12930145263671874,65.46079567400541,2589,3.063096284866333,3.9591829776763916,0.5404500000000001,0.8895512803743404,11.779489578904203,42.49720001220703,2,15.0,6.533322781877647,10.67673148987091,0.7108430264501576,0.25231297655450213,0.8578146986443285,3.1292299037057947,0.8385269165039062,-3.314524476412699,2.777937384143352e-05
P01_blk18neg_0.200_krea2_seed1337_00001_.png,benchmark_profondita_neg,2.799999952316284,2.2896554470062256,0.8177341021424379,0.12650909423828124,59.49695012558306,2787,3.1634445190429688,3.983518123626709,0.55065,0.8622700891916059,10.921358035583477,43.254234313964844,2,16.0,6.313852788159246,9.802186369061637,0.7155250704561632,0.2787970891968764,0.8802643606661504,3.1340895430473448,0.8388267517089844,-3.378529382421654,2.3978392168934276e-05
P01_blk18neg_0.200_krea2_seed42_00001_.png,benchmark_profondita_neg,2.799999952316284,2.188835382461548,0.7817269356204261,0.1306793212890625,63.06480117820324,2716,3.1864991188049316,3.9576327800750732,0.54355,0.8833002961204625,11.577093405361648,45.232139587402344,2,16.0,6.560538512478126,9.637534681477725,0.7067165118711823,0.23768223407517086,0.8761136585042786,3.153131364861363,0.8281997680664064,-3.3215385127792034,2.7135989432675338e-05
P01_blk18neg_0.200_krea2_seed777_00001_.png,benchmark_profondita_neg,2.799999952316284,2.2111411094665527,0.7896932668293078,0.12347946166992188,60.799023290758825,2662,3.138388156890869,3.960637331008911,0.582,0.8596250244416213,10.841557300729209,46.18081283569336,3,15.0,6.426005636279819,10.259147307009767,0.7242473358140606,0.2525694079097727,0.8731902201912856,3.121815002054341,0.832904815673828,-3.36179324686113,2.5159138689100224e-05
P01_blk19neg_0.200_krea2_seed1337_00001_.png,benchmark_profondita_neg,2.799999952316284,2.009538173675537,0.717692217106346,0.1230133056640625,63.93180015860428,2522,3.2020986080169678,3.975982189178467,0.542,0.8754569389937463,11.328050963758708,37.002891540527344,1,17.0,6.1786158228264165,7.946576391983593,0.7113972769339695,0.24460129031857025,0.8884035122805146,3.1549802702182426,0.8367950439453125,-3.4094831311480993,1.8627916923368402e-05
P01_blk19neg_0.200_krea2_seed42_00001_.png,benchmark_profondita_neg,2.799999952316284,1.8874191045761108,0.6740782631138097,0.12682571411132812,62.16641735228123,2674,3.193390369415283,3.9999659061431885,0.51515,0.887902413231919,11.725761012886206,37.92214584350586,1,18.0,5.966368830483964,7.881505507472015,0.7072943561076123,0.2354348676261635,0.8822320116402211,3.163542423952633,0.8330352783203125,-3.351644947970828,2.0937860225226906e-05
P01_blk19neg_0.200_krea2_seed777_00001_.png,benchmark_profondita_neg,2.799999952316284,2.0276753902435303,0.7241697945623703,0.12052459716796875,66.26426174496645,2384,3.1778013706207275,4.000245094299316,0.5602499999999999,0.8630840381726164,10.946032595713271,41.20292282104492,2,15.0,6.432303896838472,8.184031088286478,0.7181961293942078,0.2493174048182517,0.8840327171745734,3.151694564790869,0.8263572692871094,-3.4067481258840955,1.9290925812208957e-05
P01_blk20neg_0.200_krea2_seed1337_00001_.png,benchmark_profondita_neg,2.799999952316284,2.009455442428589,0.7176626702319328,0.13618850708007812,55.12816553428042,3238,3.239654064178467,3.9822375774383545,0.554,0.8624196790927195,10.925888622197654,36.325862884521484,1,18.0,6.237188761688164,8.142958517178087,0.7001120043550093,0.24248476428305055,0.8748692243660394,3.156429122003512,0.8357368469238282,-3.304154749841839,2.4806015786507697e-05
P01_blk20neg_0.200_krea2_seed42_00001_.png,benchmark_profondita_neg,2.799999952316284,1.8092327117919922,0.6461545509296579,0.13895263671875,52.41093525179856,3475,3.231008291244507,3.966766595840454,0.50605,0.9006267383590623,12.146821586220439,35.87950134277344,1,18.0,5.6747145887178005,7.949210082772964,0.6968351062209921,0.22930156478187902,0.8718612077273264,3.155326337607593,0.8378730773925782,-3.273900807211966,2.6292406675151957e-05
P01_blk20neg_0.200_krea2_seed777_00001_.png,benchmark_profondita_neg,2.799999952316284,2.0451087951660156,0.730396010712147,0.1319122314453125,53.77916018662519,3215,3.222522735595703,3.963701009750366,0.53505,0.8816581831282329,11.524503819428434,38.02724075317383,1,17.0,6.327478904779557,8.100187019759945,0.7088511040424796,0.22901230894040703,0.874046226926232,3.155937475471163,0.828369140625,-3.2938243715262288,2.498306527038266e-05
P01_blk21neg_0.200_krea2_seed1337_00001_.png,benchmark_profondita_neg,2.799999952316284,2.079864025115967,0.7428085930485145,0.13475494384765624,57.27172503242542,3084,3.2270679473876953,3.9846303462982178,0.5374,0.8684357351445136,11.109661390137873,34.83754348754883,1,17.0,6.510381936421582,8.187605379044395,0.7049619798640082,0.2658490490754887,0.8833832772267232,3.1362832124965196,0.8516609191894531,-3.4056314139899455,1.972917755576226e-05
P01_blk21neg_0.200_krea2_seed42_00001_.png,benchmark_profondita_neg,2.799999952316284,1.9783570766448975,0.7065561108343279,0.1311370849609375,55.07337391861583,3121,3.235217809677124,3.986582040786743,0.55015,0.8615239636980381,10.898788384687004,35.49274444580078,1,17.0,5.959061428457222,8.293413287672617,0.7079491816629537,0.2664132355942549,0.8836065235322943,3.142020468371226,0.8473129272460938,-3.370639593428226,2.1234255893557643e-05
P01_blk21neg_0.200_krea2_seed777_00001_.png,benchmark_profondita_neg,2.799999952316284,1.9112274646759033,0.6825812490085406,0.13591995239257812,56.0758577274158,3177,3.2753889560699463,3.9877893924713135,0.55735,0.871808657845088,11.214043229950272,37.94230651855469,1,18.0,6.0667423010203025,8.485474167855617,0.7013004556307044,0.24624124021161162,0.8784288490183529,3.1487258098122806,0.8429924011230469,-3.3945943329883494,1.88254604801997e-05
P01_blk22neg_0.200_krea2_seed1337_00001_.png,benchmark_profondita_neg,2.799999952316284,2.015143394470215,0.7196940817099653,0.13571701049804688,53.823600605143724,3305,3.2171874046325684,3.9927308559417725,0.5306,0.8786969762530029,11.43027259524659,39.82821273803711,1,17.0,6.017372222986891,8.601462893768751,0.6965439763194247,0.24900700037709284,0.8864597403581915,3.1637695805433523,0.8365997314453124,-3.3644944779618173,2.2337425098788208e-05
P01_blk22neg_0.200_krea2_seed42_00001_.png,benchmark_profondita_neg,2.799999952316284,1.8595722913742065,0.6641329725151909,0.13883895874023439,54.435836075381395,3343,3.149538516998291,3.974980354309082,0.5397,0.8828225988502391,11.561770180366914,39.69811248779297,1,18.0,5.987741639470012,8.660036366398636,0.6908861854741766,0.223826530134435,0.879687425466757,3.173881183346701,0.8258392333984375,-3.315565170586363,2.3232179703935706e-05
P01_blk22neg_0.200_krea2_seed777_00001_.png,benchmark_profondita_neg,2.799999952316284,2.0557658672332764,0.7342021079438432,0.12863998413085936,58.34290657439446,2890,3.1118786334991455,3.9738872051239014,0.5511,0.872404880580788,11.232596276001647,42.53847122192383,4,16.0,6.251394590075869,9.217162273000909,0.7060518639226807,0.2432091582063698,0.8796033826442351,3.161345893249887,0.8255424499511719,-3.384536439345274,2.0989740882672773e-05
P01_blk23neg_0.200_krea2_seed1337_00001_.png,benchmark_profondita_neg,2.799999952316284,2.279120683670044,0.8139716866011566,0.12628402709960937,59.75559566787003,2770,3.1967966556549072,3.981520891189575,0.5398,0.863691283374375,10.964477309929743,42.38774108886719,2,16.0,6.662634811677541,9.818635336539497,0.7149906215787935,0.2808630051706967,0.8814536618430104,3.1203077031018873,0.8515563964843751,-3.4131485665473695,2.0957059770850723e-05
P01_blk23neg_0.200_krea2_seed42_00001_.png,benchmark_profondita_neg,2.799999952316284,2.216972589492798,0.7917759383027202,0.12769241333007814,58.29641239986068,2871,3.1613738536834717,3.9841384887695312,0.5659,0.8587687223739897,10.815848094303023,44.552528381347656,2,17.0,6.260896950206309,9.713630674800111,0.7152797372203852,0.260748127377336,0.8765319417998854,3.1279305865585685,0.8472457885742187,-3.3842891908144184,2.0940809614419573e-05
P01_blk23neg_0.200_krea2_seed777_00001_.png,benchmark_profondita_neg,2.799999952316284,2.3185951709747314,0.8280697180214902,0.12440872192382812,62.35755258126195,2615,3.169562339782715,3.9578421115875244,0.52375,0.8834478051533691,11.581829195159942,47.57529830932617,3,15.0,6.363773046208666,9.77246012353746,0.7191123758332401,0.2554144856537798,0.880258184076947,3.1241272660599075,0.8468444824218752,-3.4541316816908045,1.8072606249547084e-05
P01_blk24neg_0.200_krea2_seed1337_00001_.png,benchmark_profondita_neg,2.799999952316284,2.3549153804779053,0.8410412216363843,0.1196014404296875,71.71271729185727,2186,3.1083993911743164,3.9654946327209473,0.5509499999999999,0.8643236281742808,10.983717444361144,38.8296012878418,2,15.0,6.472482754261851,9.035820708998521,0.7201566288465456,0.25977621804413825,0.8796384096406408,3.1349146976409896,0.8389190673828124,-3.4389796374514883,1.916870807452516e-05
P01_blk24neg_0.200_krea2_seed42_00001_.png,benchmark_profondita_neg,2.799999952316284,2.1202332973480225,0.7572261905197789,0.12523422241210938,67.80132176786452,2421,3.0974347591400146,3.9991819858551025,0.53565,0.8848921170266534,11.628301417601042,39.033145904541016,2,16.0,6.2498300597915994,8.367636786720803,0.7121303041495786,0.23670322167090257,0.8737456751121926,3.1480513969745205,0.832415771484375,-3.4070541254907623,2.0096890779237623e-05
P01_blk24neg_0.200_krea2_seed777_00001_.png,benchmark_profondita_neg,2.799999952316284,2.328233242034912,0.8315118863158888,0.11881790161132813,69.89991023339317,2228,3.116349697113037,4.004354476928711,0.54115,0.8707010309482028,11.179657797987735,41.7750129699707,1,15.0,6.310489283724361,8.729094023550356,0.722755591305289,0.25749960962338875,0.8775949406741181,3.137621920087438,0.8343162536621094,-3.462854628546919,1.7706367925252578e-05
P01_blk25neg_0.200_krea2_seed1337_00001_.png,benchmark_profondita_neg,2.799999952316284,2.2763149738311768,0.8129696473559251,0.11881561279296875,61.40930599369085,2536,3.1412792205810547,3.985624074935913,0.54175,0.8563067958956623,10.742271492381049,39.22919464111328,2,16.0,6.161386019734959,8.889082280984717,0.7232817435517978,0.2973123300646519,0.8942060133978222,3.061906702201933,0.8485496520996094,-3.4380557287080658,1.867913833172719e-05
P01_blk25neg_0.200_krea2_seed42_00001_.png,benchmark_profondita_neg,2.799999952316284,2.2081046104431152,0.7886088028738976,0.12028350830078124,61.53708040593286,2562,3.130098342895508,3.9983701705932617,0.5437,0.874920087434208,11.311202058476098,39.81758117675781,2,16.0,6.497231743327729,9.261043625530135,0.7162457169455906,0.2704890609444124,0.8854660487067896,3.0864563923899477,0.8402084350585937,-3.385666286389315,2.115634445586183e-05
P01_blk25neg_0.200_krea2_seed777_00001_.png,benchmark_profondita_neg,2.799999952316284,2.3813657760620117,0.850487791648725,0.11606597900390625,66.87032967032967,2275,3.13478422164917,4.001274108886719,0.5485,0.8602135092875878,10.859261111424491,43.262718200683594,3,15.0,6.136414746209712,9.085352179966588,0.7293094859584235,0.2799861884088083,0.8917604483596577,3.058742416048745,0.8443389892578124,-3.4490322443348385,1.856659245343233e-05
P01_blk26neg_0.200_krea2_seed1337_00001_.png,benchmark_profondita_neg,2.799999952316284,2.1553430557250977,0.7697653901537042,0.12578277587890624,64.62798902391219,2551,3.1555886268615723,3.9823062419891357,0.5411,0.8660132093577605,11.035291525016435,36.852439880371094,1,17.0,6.1058254467920685,8.702145467826753,0.7049261099078429,0.2566590960419871,0.880451147226643,3.1462514558388093,0.8319999694824218,-3.398339302943664,2.0527701560122786e-05
P01_blk26neg_0.200_krea2_seed42_00001_.png,benchmark_profondita_neg,2.799999952316284,1.9602463245391846,0.7000879849721361,0.13088226318359375,63.60771227289581,2697,3.16679048538208,3.9909493923187256,0.5102,0.8902662191483065,11.802862407975256,37.467594146728516,2,18.0,5.923851289337002,8.274161625822131,0.6945757139851045,0.2277792748995751,0.875946605259027,3.16514033042908,0.8261123657226563,-3.330817018397983,2.1722864086269957e-05
P01_blk26neg_0.200_krea2_seed777_00001_.png,benchmark_profondita_neg,2.799999952316284,2.0863914489746094,0.7451398158948731,0.1218963623046875,68.83757001292547,2321,3.157426357269287,4.012285232543945,0.54375,0.8755686603410223,11.33156045429466,39.92695617675781,2,16.0,6.091684927825107,9.264686380144573,0.7079635378209503,0.23529115397737566,0.8716769240596132,3.1611036992350847,0.8229072570800782,-3.394555330116323,1.9571439447552108e-05
P01_blk27neg_0.200_krea2_seed1337_00001_.png,benchmark_profondita_neg,2.0,1.7585474252700806,0.8792737126350403,0.09910812377929687,47.323497267759564,2745,3.47481632232666,4.068706035614014,0.5559999999999999,0.8638278844411553,10.968630766953414,43.07854080200195,2,22.0,4.596772877412084,3.899342729676939,0.7258690988313301,0.2812771608836025,0.9420109397191248,3.0401430744109303,0.8412139892578124,-3.2531317487372213,2.1875173702972595e-05
P01_blk27neg_0.200_krea2_seed42_00001_.png,benchmark_profondita_neg,2.0,1.717034935951233,0.8585174679756165,0.0971343994140625,46.33042212518195,2748,3.4937472343444824,4.070837020874023,0.54355,0.8668282080504204,11.060255684338326,43.379661560058594,2,22.0,4.812812035093313,4.296712983322687,0.7294413622790139,0.2698230948056944,0.9344709950932821,3.0370241176592057,0.8341392517089844,-3.2027317853652892,2.6174969753774994e-05
P01_blk27neg_0.200_krea2_seed777_00001_.png,benchmark_profondita_neg,2.0,1.6749519109725952,0.8374759554862976,0.10176544189453125,53.14183266932271,2510,3.4634549617767334,4.065788269042969,0.51945,0.892126389947406,11.863892782491588,45.35213851928711,1,21.0,4.70266035948862,4.315183857264757,0.7263711159939222,0.25799846436810037,0.9359097190439561,3.0659608614321647,0.8322074890136718,-3.2698807072850515,2.1624793651936785e-05
P02_blk00neg_0.200_krea2_seed1337_00001_.png,benchmark_profondita_neg,4.0,2.431534767150879,0.6078836917877197,0.1342041015625,59.00838644750084,2981,3.2041430473327637,3.9605000019073486,0.47505,0.9310696491034367,13.216594626925918,34.51850891113281,4,17.0,6.1931413676744045,21.359146685205864,0.6401083079073819,0.15155969768396874,0.879814684413277,2.945149139311112,0.9344131469726563,-3.5077154077042834,1.2069162653139242e-05
P02_blk00neg_0.200_krea2_seed42_00001_.png,benchmark_profondita_neg,4.0,2.4403579235076904,0.6100894808769226,0.1326934814453125,61.090270460133475,2847,3.1446805000305176,3.9201736450195312,0.46575,0.9371566707164595,13.441541402437501,36.1972770690918,2,17.0,6.198777601269463,22.7436207436804,0.6440439626437536,0.15371604699334623,0.8737331536738049,2.9656054051670884,0.9300582885742188,-3.4492670539411434,1.4085238200918432e-05
P02_blk00neg_0.200_krea2_seed777_00001_.png,benchmark_profondita_neg,4.0,2.529754877090454,0.6324387192726135,0.13560409545898439,57.02245749117741,3117,3.197807550430298,3.946721076965332,0.44780000000000003,0.9412928025179702,13.596573447225852,33.74066925048828,3,17.0,6.402250961451478,23.64875748372784,0.639058237877587,0.15036181257093684,0.868044525076237,2.962437510829215,0.9307319641113281,-3.4295299227060516,1.6013667779919686e-05
P02_blk01neg_0.200_krea2_seed1337_00001_.png,benchmark_profondita_neg,2.799999952316284,2.460542678833008,0.878765257405643,0.14182586669921876,53.14293882218411,3498,3.017832040786743,3.9282922744750977,0.5207499999999999,0.9148914919707969,12.636858642484878,33.75571823120117,4,15.0,6.344434162602795,18.58378754956103,0.6545897818579802,0.15269549810808658,0.8861230913158492,3.168039313284529,0.8226402282714843,-3.4320303377768706,1.3235728568568622e-05
P02_blk01neg_0.200_krea2_seed42_00001_.png,benchmark_profondita_neg,2.799999952316284,2.22544002532959,0.7948000225816458,0.14197769165039062,54.82999410724808,3394,2.9947283267974854,3.8884198665618896,0.45355,0.9349302452993943,13.358822850017766,33.09591293334961,3,15.0,6.367338073081556,18.7792415994304,0.6582756383805033,0.15455428980597138,0.8789353173827424,3.164139570095109,0.8257369995117188,-3.3933982136502236,1.4111080805057179e-05
P02_blk01neg_0.200_krea2_seed777_00001_.png,benchmark_profondita_neg,2.799999952316284,2.3965420722961426,0.8559078975389327,0.14635696411132812,52.04367878459034,3686,3.063455104827881,3.9050192832946777,0.48205,0.926449311337173,13.048365962669177,32.623809814453125,4,15.0,6.800226903383445,19.065245853223715,0.6423685342607467,0.14622949952006975,0.8790135654413744,3.17978452441055,0.8177764892578125,-3.3524157098518645,1.6579110030826062e-05
P02_blk02neg_0.200_krea2_seed1337_00001_.png,benchmark_profondita_neg,2.799999952316284,2.4543256759643555,0.8765448992004548,0.14117279052734374,54.19976567076743,3414,2.9927146434783936,3.9057047367095947,0.47975,0.936625858629254,13.421773718497816,35.97661590576172,4,14.0,6.724428879094491,19.519542049656444,0.6630319727335009,0.1546926310163525,0.8780282020694614,3.1564630195813947,0.8295089721679687,-3.4102517907721555,1.6244938429589935e-05
P02_blk02neg_0.200_krea2_seed42_00001_.png,benchmark_profondita_neg,2.799999952316284,2.3501789569854736,0.8393496417888512,0.14180679321289064,55.25237812128419,3364,2.968470573425293,3.864591598510742,0.48515,0.9382926885797795,13.483945108696512,34.64335250854492,4,14.0,6.598370537488782,19.34601162544415,0.6609143774656608,0.1494627344346678,0.8766591200043878,3.1596087664563437,0.8292694091796876,-3.3826869157313686,1.567367827008823e-05
P02_blk02neg_0.200_krea2_seed777_00001_.png,benchmark_profondita_neg,4.0,2.3204550743103027,0.5801137685775757,0.14744796752929687,53.89375348577803,3586,2.979055404663086,3.891233205795288,0.48784999999999995,0.9368418434217618,13.429813580247586,34.02165603637695,4,15.0,6.632133423718193,20.301291362884694,0.6441850288663789,0.14276393574006388,0.8690333648000041,3.1703614273283387,0.8274208068847656,-3.350907404729711,1.8357837801619157e-05
P02_blk03neg_0.200_krea2_seed1337_00001_.png,benchmark_profondita_neg,2.799999952316284,2.374666213989258,0.8480950908677083,0.14891281127929687,58.35067264573991,3345,2.9138479232788086,3.893550395965576,0.45355,0.9334216949017108,13.303065060830658,34.809139251708984,5,15.0,6.484230389953768,20.221247472726507,0.6483341986288774,0.14823605657333122,0.8722356045731652,3.159632492031479,0.8293891906738282,-3.3854753122124603,1.6576530914797763e-05
P02_blk03neg_0.200_krea2_seed42_00001_.png,benchmark_profondita_neg,4.0,2.255098819732666,0.5637747049331665,0.13676910400390624,51.513218390804596,3480,2.923626661300659,3.833784580230713,0.48595000000000005,0.9359064545106277,13.395029172346087,36.11248779296875,3,14.0,6.689507229334883,18.524399483694857,0.6697584596003692,0.1543107464514569,0.8794735882485589,3.1678013474581546,0.8198478698730469,-3.37360950676749,1.594293711099315e-05
P02_blk03neg_0.200_krea2_seed777_00001_.png,benchmark_profondita_neg,2.799999952316284,2.3193161487579346,0.8283272100913049,0.15145797729492189,55.00665004156276,3609,2.9940245151519775,3.912623167037964,0.4261,0.9579081535137571,14.237585633131795,35.54032516479492,3,16.0,6.652686360488832,19.181503800551845,0.6370982751435192,0.1383189036281443,0.8742033184567715,3.1826194621975255,0.8182472229003905,-3.3241034677713377,1.9777861081573595e-05
P02_blk04neg_0.200_krea2_seed1337_00001_.png,benchmark_profondita_neg,4.0,2.597990036010742,0.6494975090026855,0.14077301025390626,61.23929638234318,3013,2.9228971004486084,3.884644031524658,0.4703,0.9376134605659884,13.458575770040929,35.13508224487305,4,14.0,6.736978180163566,19.620182732050353,0.6619094886440511,0.15226442253631556,0.8779357926451872,3.1572579309856796,0.8276542663574218,-3.4191608014724317,1.6002416976734398e-05
P02_blk04neg_0.200_krea2_seed42_00001_.png,benchmark_profondita_neg,2.799999952316284,2.169638156890869,0.7748707835141383,0.14313201904296874,58.84755332496863,3188,2.946535110473633,3.8646857738494873,0.45635000000000003,0.9438957171543074,13.695052282644289,35.59444808959961,5,15.0,6.318533535089011,20.46751254966943,0.6588480955502526,0.1455202488113762,0.8690070855389533,3.153357067800934,0.8322196960449219,-3.365563802493298,1.6121012095380846e-05
P02_blk04neg_0.200_krea2_seed777_00001_.png,benchmark_profondita_neg,2.799999952316284,2.3530633449554443,0.8403797803670982,0.15486297607421876,53.585533262935584,3788,3.070829153060913,3.9336278438568115,0.4925,0.9222820865633768,12.898472737662065,31.558456420898438,3,16.0,6.127632477628702,19.3554130978737,0.6357295000417105,0.13784584315353404,0.8793805461543138,3.1790871900154705,0.8256851196289062,-3.34003938187749,1.7897150231609723e-05
P02_blk05neg_0.200_krea2_seed1337_00001_.png,benchmark_profondita_neg,4.0,2.3319454193115234,0.5829863548278809,0.14339599609375,57.354897772352764,3277,2.9071152210235596,3.869830369949341,0.5184,0.925401057622235,13.01049755598882,38.03602981567383,4,15.0,6.543389316707359,18.877089391226374,0.6663471237200937,0.15437502782178625,0.8851963093806806,3.1414591579537974,0.8317863464355469,-3.409574532591,1.4367962178889399e-05
P02_blk05neg_0.200_krea2_seed42_00001_.png,benchmark_profondita_neg,2.799999952316284,2.29876971244812,0.8209891969985484,0.14476242065429687,56.69046907678518,3347,2.9023356437683105,3.8305089473724365,0.5,0.9242209687535657,12.967998059861383,34.81066131591797,3,14.0,6.784222390038522,19.61447311725272,0.6577757493999116,0.14542952878637855,0.8747586958745149,3.1608751108575937,0.8275672912597656,-3.353152103178108,1.7124941579459245e-05
P02_blk05neg_0.200_krea2_seed777_00001_.png,benchmark_profondita_neg,2.799999952316284,2.4367637634277344,0.8702727874734195,0.14574508666992186,56.90527256478999,3357,2.9627437591552734,3.8565547466278076,0.4957,0.9265840170544057,13.053240222913557,33.39605712890625,4,15.0,6.558486749052711,19.666932207489598,0.6520497762775339,0.15256900043170052,0.8791021329675783,3.1681473315157143,0.8233863830566407,-3.3515778905695437,1.7483527570483246e-05
P02_blk06neg_0.200_krea2_seed1337_00001_.png,benchmark_profondita_neg,4.0,2.525336742401123,0.6313341856002808,0.13838043212890624,59.62458908612755,3042,2.93400502204895,3.8718466758728027,0.44000000000000006,0.939813511501255,13.540921773818308,34.861602783203125,5,13.0,6.558510391997435,20.17179275654502,0.659806173274673,0.15471604592891597,0.8745851144702699,3.1601498526962337,0.828954315185547,-3.4327597592091084,1.594532692106618e-05
P02_blk06neg_0.200_krea2_seed42_00001_.png,benchmark_profondita_neg,4.0,2.3170933723449707,0.5792733430862427,0.139630126953125,54.17880402605092,3378,2.9372241497039795,3.865074396133423,0.4355,0.9505969057831387,13.951879918495319,33.854854583740234,5,15.0,6.633957980083886,19.12204035278348,0.6607046469852766,0.14234868667562217,0.8758095359829187,3.1687665575870763,0.8260772705078124,-3.393372616077842,1.610294930976343e-05
P02_blk06neg_0.200_krea2_seed777_00001_.png,benchmark_profondita_neg,2.799999952316284,2.3709001541137695,0.8467500694606998,0.1448577880859375,57.06883077847911,3327,3.010354518890381,3.892721652984619,0.42689999999999995,0.9494436095309852,13.907338412768791,31.861164093017578,4,17.0,6.386824285148799,18.676390704234283,0.6498299217554875,0.14793912095794104,0.8802631802092011,3.1789663927993947,0.8266792297363281,-3.3940548681359006,1.529885851626836e-05
P02_blk07neg_0.200_krea2_seed1337_00001_.png,benchmark_profondita_neg,4.0,2.340686082839966,0.5851715207099915,0.145770263671875,56.77979197622585,3365,2.929845094680786,3.879032850265503,0.47725,0.9397728827189349,13.539396516817149,33.697696685791016,4,15.0,6.598567001785258,18.86516459635626,0.6568164912439984,0.15683890692773206,0.8740247397465661,3.1632982455863536,0.82603759765625,-3.4222838363887695,1.6000812373064088e-05
P02_blk07neg_0.200_krea2_seed42_00001_.png,benchmark_profondita_neg,2.799999952316284,2.264626979827881,0.8087953637122318,0.14284286499023438,54.64886164623468,3426,2.956301689147949,3.89406681060791,0.44904999999999995,0.946323767291724,13.787558186142359,34.70499038696289,4,14.0,6.47068763250862,19.701533295708103,0.6573021550562598,0.15006800162062084,0.873781601974154,3.1627701793768037,0.82640380859375,-3.382458229776744,1.473702417177843e-05
P02_blk07neg_0.200_krea2_seed777_00001_.png,benchmark_profondita_neg,2.799999952316284,2.365945816040039,0.8449806629756632,0.15244369506835936,52.25183054393305,3824,2.9569008350372314,3.894118070602417,0.48560000000000003,0.933735131894841,13.314630873169495,33.62165451049805,3,16.0,6.4828384022741155,19.890300621576202,0.6410455399405568,0.14984331561865694,0.8733692107091426,3.175991236558101,0.8241180419921874,-3.3566995913143063,1.7623253785867664e-05
P02_blk08neg_0.200_krea2_seed1337_00001_.png,benchmark_profondita_neg,2.799999952316284,2.4261763095855713,0.8664915538939673,0.14008407592773436,62.13570219966159,2955,2.8890812397003174,3.839279890060425,0.4743,0.9385248345182705,13.49262677904881,35.66922378540039,4,14.0,6.649487395246702,20.135441189129033,0.6613677191465732,0.146718405980014,0.8709851180863524,3.1562957494263455,0.8248718261718749,-3.4508736256648853,1.4479903091971327e-05
P02_blk08neg_0.200_krea2_seed42_00001_.png,benchmark_profondita_neg,2.799999952316284,2.212736129760742,0.7902629169440766,0.1423065185546875,58.600062833804586,3183,2.8962337970733643,3.860933303833008,0.43175,0.949838643100891,13.92257898712451,33.015472412109375,4,14.0,6.5921191347443395,19.56429180890884,0.6633628123262533,0.14807232317682398,0.8739172925991452,3.160266185483456,0.8223968505859376,-3.3723622161732707,1.733825024985832e-05
P02_blk08neg_0.200_krea2_seed777_00001_.png,benchmark_profondita_neg,2.799999952316284,2.37583327293396,0.8485118976407715,0.14140853881835938,54.771572104018915,3384,3.034501314163208,3.869821548461914,0.51015,0.9207304718921493,12.84310283122735,32.26654052734375,3,15.0,6.741297109183027,20.51854892100026,0.6579460996084238,0.1638814127569681,0.8727705060713624,3.172398031369248,0.8193443298339844,-3.3624353913627227,1.793225078808362e-05
P02_blk09neg_0.200_krea2_seed1337_00001_.png,benchmark_profondita_neg,4.0,2.3340671062469482,0.5835167765617371,0.1380615234375,52.604651162790695,3440,2.9029223918914795,3.8711225986480713,0.5313,0.9127434523942467,12.561821851681202,34.663272857666016,5,14.0,6.453083169905966,19.395890393188758,0.6709064863543146,0.17209982285290265,0.8764577659196902,3.157682288187787,0.8243934631347657,-3.4027749587841924,1.5978354395465673e-05
P02_blk09neg_0.200_krea2_seed42_00001_.png,benchmark_profondita_neg,2.799999952316284,2.1648051738739014,0.7731447181215408,0.14532852172851562,56.574101574101576,3367,2.896502733230591,3.8103232383728027,0.4326,0.9499975292422349,13.928713595219593,34.550384521484375,4,16.0,6.460277987511968,19.422987873370428,0.6516244032608709,0.15123603022119825,0.8698267782780925,3.1681123471672206,0.827911376953125,-3.3890211363440605,1.5808197827902133e-05
P02_blk09neg_0.200_krea2_seed777_00001_.png,benchmark_profondita_neg,4.0,2.3961198329925537,0.5990299582481384,0.15243072509765626,55.13079470198676,3624,2.9806783199310303,3.885923147201538,0.48324999999999996,0.937906219906803,13.469504547623064,30.158119201660156,4,15.0,6.381524410942181,20.495157030669247,0.6324354622875927,0.14955549156611447,0.8674433528511775,3.17588434644264,0.8289466857910157,-3.347275762625453,1.8873304474843792e-05
P02_blk10neg_0.200_krea2_seed1337_00001_.png,benchmark_profondita_neg,4.0,2.6396069526672363,0.6599017381668091,0.12901763916015624,58.75816539263377,2878,2.9058992862701416,3.856187582015991,0.4095,0.9600060706460665,14.320642169344723,33.79134750366211,4,14.0,6.669929047322276,19.56861851477887,0.6737965826370576,0.1548311830000974,0.8766359477916489,3.160604728717107,0.8306465148925781,-3.4847515802055113,1.3055175592508993e-05
P02_blk10neg_0.200_krea2_seed42_00001_.png,benchmark_profondita_neg,2.799999952316284,2.485149621963501,0.8875534515304813,0.13471221923828125,56.592948717948715,3120,2.93354868888855,3.854543447494507,0.41745,0.9558830618477386,14.157869204852915,33.76836013793945,3,15.0,6.626050786229789,19.258011938636884,0.6677465226872732,0.1475664691381175,0.8789356254709002,3.1659101422110187,0.8289459228515624,-3.4249118737350295,1.2686899463330284e-05
P02_blk10neg_0.200_krea2_seed777_00001_.png,benchmark_profondita_neg,4.0,2.575348138809204,0.643837034702301,0.13313827514648438,57.32818659658344,3044,3.046773910522461,3.9172801971435547,0.4376,0.9451135071661184,13.741370831386966,30.941621780395508,4,14.0,6.573619001163043,19.206262939465233,0.6655120747845167,0.1563929702023792,0.8871112822349727,3.1699778643842134,0.8284011840820312,-3.411235996659001,1.4562139075420545e-05
P02_blk11neg_0.200_krea2_seed1337_00001_.png,benchmark_profondita_neg,4.0,2.666130304336548,0.666532576084137,0.13190155029296874,55.00668151447662,3143,2.8828208446502686,3.8953590393066406,0.47705,0.9340009513311629,13.324447479272038,40.64781951904297,4,13.0,6.675609693583816,21.24176357588975,0.6869294548087188,0.17748315704514928,0.8765917129683991,3.131566878020862,0.824798583984375,-3.411680052257314,1.7395505019350546e-05
P02_blk11neg_0.200_krea2_seed42_00001_.png,benchmark_profondita_neg,4.0,2.554051637649536,0.638512909412384,0.13474960327148439,57.029060381013885,3097,2.838744640350342,3.8276164531707764,0.4602,0.9470118960149877,13.813888549806055,40.63883972167969,3,13.0,6.679380583398016,22.122797830540797,0.6776090420418442,0.15722271600329019,0.8706388776093433,3.1330466246111373,0.8219459533691407,-3.353419890114923,1.8931127430589595e-05
P02_blk11neg_0.200_krea2_seed777_00001_.png,benchmark_profondita_neg,4.0,2.431326389312744,0.607831597328186,0.13326416015625,59.01081081081081,2960,2.8596322536468506,3.858551025390625,0.5339499999999999,0.9173691681302647,12.723967373180932,38.025028228759766,5,14.0,6.8755381114283525,21.151199470020764,0.6700021585652192,0.1552109845682592,0.8701220745053899,3.160742303446495,0.8156234741210937,-3.3320392197260977,2.081529205499304e-05
P02_blk12neg_0.200_krea2_seed1337_00001_.png,benchmark_profondita_neg,4.0,2.521559000015259,0.6303897500038147,0.13826980590820312,58.01312419974392,3124,2.9144976139068604,3.858914613723755,0.47564999999999996,0.9343002600636328,13.335509494799249,32.75788116455078,4,13.0,6.209216939357169,19.196895867590083,0.6621027938094677,0.15200716293994582,0.8803569918728794,3.138685228491091,0.8418197631835938,-3.546108161058734,1.1848857226473181e-05
P02_blk12neg_0.200_krea2_seed42_00001_.png,benchmark_profondita_neg,4.0,2.1298508644104004,0.5324627161026001,0.14278182983398438,59.657953458718524,3137,2.9515013694763184,3.8297126293182373,0.47085000000000005,0.9411930618376546,13.592813972209392,32.232322692871094,4,15.0,6.252020088607634,18.866933018462774,0.6607959810054653,0.16050615871661914,0.8767127890536409,3.146862234376096,0.8407264709472657,-3.4569394197840415,1.2652862790347798e-05
P02_blk12neg_0.200_krea2_seed777_00001_.png,benchmark_profondita_neg,4.0,2.452153205871582,0.6130383014678955,0.14534454345703124,62.236524011760864,3061,2.9488332271575928,3.853616237640381,0.4432,0.9462842606074581,13.786048037811355,31.224231719970703,3,15.0,6.465972350505376,18.953246546558745,0.6524938775152407,0.15488319098413114,0.879003327057975,3.1536672316363275,0.8378990173339844,-3.472646558455006,1.3762052398267977e-05
P02_blk13neg_0.200_krea2_seed1337_00001_.png,benchmark_profondita_neg,4.0,2.3941123485565186,0.5985280871391296,0.13603363037109376,56.585845763249765,3151,2.9428212642669678,3.896277666091919,0.4718,0.9385864143020559,13.49493064493859,32.56957244873047,3,14.0,6.792260248812254,16.425619083587037,0.6732615542015171,0.1479384360352906,0.8925155963579829,3.162360979117377,0.8264450073242188,-3.426034503944651,1.3673344515591413e-05
P02_blk13neg_0.200_krea2_seed42_00001_.png,benchmark_profondita_neg,4.0,2.1981000900268555,0.5495250225067139,0.13604660034179689,49.949299719887954,3570,3.023106336593628,3.943002939224243,0.42085000000000006,0.9537628790593912,14.074887796591746,32.1046257019043,5,15.0,6.389164935375246,15.801341702244784,0.6715784863857172,0.1459708340356568,0.8989191763622028,3.1699571489970078,0.8236000061035157,-3.388840844970841,1.348993871429391e-05
P02_blk13neg_0.200_krea2_seed777_00001_.png,benchmark_profondita_neg,4.0,2.4198405742645264,0.6049601435661316,0.1412200927734375,55.04014272970562,3363,2.9771981239318848,3.8992252349853516,0.48560000000000003,0.9317076192211137,13.23999320746434,30.97539520263672,5,16.0,6.778939698618066,17.46977428624554,0.6638409463953084,0.1555799620953774,0.8863919031959879,3.172512215458286,0.8277000427246095,-3.3752076216239195,1.604694695877985e-05
P02_blk14neg_0.200_krea2_seed1337_00001_.png,benchmark_profondita_neg,4.0,2.5209524631500244,0.6302381157875061,0.12524032592773438,55.89206673476336,2937,2.9521257877349854,3.9367291927337646,0.45730000000000004,0.9427860878288131,13.652983574032561,33.68545150756836,3,13.0,6.5704690341356065,17.879580318981024,0.6891265428695562,0.15087798280656323,0.8883729988880477,3.1495639104505204,0.8245079040527344,-3.4527689053041963,1.250621073539094e-05
P02_blk14neg_0.200_krea2_seed42_00001_.png,benchmark_profondita_neg,4.0,2.506939172744751,0.6267347931861877,0.12943878173828124,55.24519700423315,3071,2.9715416431427,3.8555638790130615,0.46499999999999997,0.9456596792247287,13.762195296759101,34.8423957824707,3,14.0,6.66403185821336,18.077094388850114,0.6811394149533574,0.16019942262864606,0.8839359726408971,3.1607159016794277,0.8275718688964844,-3.4239259186120794,1.3655345892129211e-05
P02_blk14neg_0.200_krea2_seed777_00001_.png,benchmark_profondita_neg,2.799999952316284,2.422231674194336,0.8650827555159629,0.131201171875,52.60568981339859,3269,2.99218487739563,3.8924548625946045,0.46409999999999996,0.9404735304932905,13.565723821934947,32.307437896728516,3,14.0,6.624752353861991,18.865341008918108,0.6778437181014714,0.15718722069702562,0.8864012889006389,3.1674107261364286,0.816533660888672,-3.4041949162472345,1.4291784315459558e-05
P02_blk15neg_0.200_krea2_seed1337_00001_.png,benchmark_profondita_neg,2.799999952316284,2.078101873397827,0.7421792531384613,0.14644393920898438,49.791699092088194,3855,2.9387550354003906,3.899660110473633,0.48735,0.9408368480564199,13.579395869906037,30.765918731689453,4,15.0,6.400560400269651,16.78304951360677,0.6567406055782833,0.15201860036891468,0.878746832332347,3.165593262517505,0.8304824829101562,-3.46024885098546,1.1894980414371785e-05
P02_blk15neg_0.200_krea2_seed42_00001_.png,benchmark_profondita_neg,2.799999952316284,2.0033159255981445,0.71546998561229,0.14472503662109376,55.48230476747587,3419,2.9490485191345215,3.8769009113311768,0.4033,0.9703618251774346,14.73777982527086,31.126680374145508,4,17.0,6.286648002292296,16.432715017261124,0.6544860395860553,0.14786921660567676,0.8812258504512547,3.1796835210984886,0.8272911071777344,-3.420753621722061,1.2289731693737067e-05
P02_blk15neg_0.200_krea2_seed777_00001_.png,benchmark_profondita_neg,2.799999952316284,2.102787733078003,0.750995631745809,0.14620285034179686,52.83457402812242,3627,2.9458420276641846,3.867427110671997,0.42815000000000003,0.9504483997547754,13.946136468304022,29.998769760131836,4,17.0,6.3532230075344165,16.29005487319284,0.6521031316417131,0.14927834128023376,0.8907750476013018,3.1783036092680192,0.8226539611816406,-3.3987531233347195,1.3407097717712784e-05
P02_blk16neg_0.200_krea2_seed1337_00001_.png,benchmark_profondita_neg,2.799999952316284,2.3638248443603516,0.8442231730771605,0.14565048217773438,50.82720979765708,3756,2.9950387477874756,3.9220666885375977,0.4726,0.9443202051819167,13.711179899043337,30.038223266601562,4,15.0,6.495405862681934,16.754808104026523,0.6571891145895382,0.15089959849939352,0.8847015185956189,3.1649374805797397,0.8290763854980469,-3.448933681648144,1.2903556542218877e-05
P02_blk16neg_0.200_krea2_seed42_00001_.png,benchmark_profondita_neg,2.799999952316284,2.21463680267334,0.7909417287101359,0.14141006469726564,51.35743973399834,3609,3.0087246894836426,3.907508373260498,0.45435000000000003,0.9466700803731612,13.80080313315536,29.467252731323242,4,16.0,6.352680413612823,15.572945371701906,0.6585493618561266,0.14388606150676064,0.8946698843782154,3.1748541911789876,0.8281936645507812,-3.429995092470247,1.2635127253032581e-05
P02_blk16neg_0.200_krea2_seed777_00001_.png,benchmark_profondita_neg,2.799999952316284,2.2517478466033936,0.8041956731965827,0.14726791381835938,53.13157170382604,3633,3.0552265644073486,3.957763671875,0.46085,0.9449977147675565,13.736959945216853,28.075883865356445,4,17.0,6.247024166553224,16.34722139590671,0.6431876358137661,0.13877077526394124,0.8876812724625585,3.185110285428702,0.8277427673339844,-3.4144794758658685,1.5077509126574248e-05
P02_blk17neg_0.200_krea2_seed1337_00001_.png,benchmark_profondita_neg,4.0,2.3052995204925537,0.5763248801231384,0.13865966796875,62.34785591766724,2915,2.871640682220459,3.8583147525787354,0.4662,0.9437969187077202,13.6913013455404,38.668128967285156,5,13.0,6.469758375511407,21.17246537004486,0.6688786282028969,0.1580799321999446,0.8654309226481747,3.1328043753176655,0.8332290649414062,-3.4422533885170172,1.4188911984074966e-05
P02_blk17neg_0.200_krea2_seed42_00001_.png,benchmark_profondita_neg,2.799999952316284,2.2688374519348145,0.810299103776031,0.14292068481445314,61.722899505766065,3035,2.910546064376831,3.830691337585449,0.4468,0.9486767461339206,13.877800087527076,37.95880126953125,4,14.0,6.457780309866816,21.697809948212065,0.6596379597550008,0.150568829961552,0.8659813154596765,3.141994905117474,0.8318511962890625,-3.4088395991917424,1.5264785961417688e-05
P02_blk17neg_0.200_krea2_seed777_00001_.png,benchmark_profondita_neg,2.799999952316284,2.446176767349243,0.873634574645495,0.14852142333984375,54.51414169700364,3571,2.973003387451172,3.8897604942321777,0.5173,0.9217170665295747,12.878282219824237,36.39832305908203,4,14.0,6.583544775117799,22.30092950176293,0.6499425797542393,0.15933856003208735,0.8629226947192387,3.160252622691375,0.82525634765625,-3.3337965290006784,2.1684784622723138e-05
P02_blk18neg_0.200_krea2_seed1337_00001_.png,benchmark_profondita_neg,4.0,2.7619693279266357,0.6904923319816589,0.14065399169921874,53.098502304147466,3472,2.9423539638519287,3.879507064819336,0.43855,0.9408767780095677,13.580899319051603,36.34410095214844,4,13.0,6.764884989159735,21.51906576380839,0.6722743731515723,0.1523549012539501,0.8768725813008849,3.1126633211141614,0.8433784484863281,-3.3918471872535045,1.8395836117117385e-05
P02_blk18neg_0.200_krea2_seed42_00001_.png,benchmark_profondita_neg,4.0,2.4534006118774414,0.6133501529693604,0.1416778564453125,55.38323889054578,3353,2.909916639328003,3.8457655906677246,0.44345,0.9446797500885513,13.724854980058447,36.74043655395508,4,13.0,6.466379275723007,21.10397993590292,0.6665363547116802,0.14321434910088637,0.8779411430278914,3.1134438851435355,0.8439216613769531,-3.402416391503527,1.646228697877733e-05
P02_blk18neg_0.200_krea2_seed777_00001_.png,benchmark_profondita_neg,4.0,2.3552868366241455,0.5888217091560364,0.14773788452148437,52.57751832745045,3683,2.9875495433807373,3.875807523727417,0.4669,0.9331613321386816,13.293465324723996,34.27958297729492,4,14.0,6.519268435760258,20.609863059444702,0.6574738037728607,0.15037265449332515,0.8814752025831227,3.1467883029824484,0.8340293884277343,-3.335966324239227,2.006985279295287e-05
P02_blk19neg_0.200_krea2_seed1337_00001_.png,benchmark_profondita_neg,2.799999952316284,2.365600347518921,0.8448572813588769,0.13935699462890624,51.62747314867156,3538,2.9637157917022705,3.847162961959839,0.4915,0.929776556320039,13.169295140716834,35.02008819580078,4,14.0,6.530069749818909,17.821226400837883,0.6696920707786318,0.16015279440315203,0.8732014656121971,3.166229328246633,0.8194808959960938,-3.431348420630841,1.3911557444744457e-05
P02_blk19neg_0.200_krea2_seed42_00001_.png,benchmark_profondita_neg,2.799999952316284,2.199306011199951,0.785466445947825,0.14030914306640624,55.46019300361882,3316,2.9454143047332764,3.821901321411133,0.4413,0.9458083733357159,13.767870173897482,33.94502639770508,4,15.0,6.5366275708502775,17.92879311993192,0.6625647077437753,0.1566698009182604,0.8715306204282278,3.1745247866641915,0.8169387817382812,-3.3784035428400925,1.4635741295493225e-05
P02_blk19neg_0.200_krea2_seed777_00001_.png,benchmark_profondita_neg,4.0,2.210402250289917,0.5526005625724792,0.14665985107421875,56.755240625922646,3387,2.9563305377960205,3.834300994873047,0.47595,0.9427500231749295,13.651618446971625,32.27790832519531,4,15.0,6.6271237293590755,18.551073978720602,0.647361664311142,0.14460392169980318,0.8750406080155143,3.1760950479259122,0.8200088500976563,-3.3637444408782025,1.749834864821987e-05
P02_blk20neg_0.200_krea2_seed1337_00001_.png,benchmark_profondita_neg,2.799999952316284,2.573556423187256,0.9191273096480933,0.13974380493164062,51.50871766029246,3556,2.9366097450256348,3.876014232635498,0.49360000000000004,0.9218465244885536,12.882905498691338,32.62158203125,4,14.0,6.703461792238396,20.150426040419482,0.6726965158922027,0.16987650964973414,0.8756243539429276,3.146847356679371,0.8279022216796874,-3.350851555492732,1.8837112470366915e-05
P02_blk20neg_0.200_krea2_seed42_00001_.png,benchmark_profondita_neg,2.799999952316284,2.3569040298461914,0.8417514535657245,0.14508285522460937,53.779128959276015,3536,2.956382989883423,3.9134273529052734,0.45949999999999996,0.9431589692278158,13.66710596582349,33.13978576660156,3,14.0,6.466327155641947,20.634271530756983,0.66063617293567,0.1636763881337656,0.8695683603612037,3.1553594351718486,0.8282936096191407,-3.336189354981246,1.8233921637657908e-05
P02_blk20neg_0.200_krea2_seed777_00001_.png,benchmark_profondita_neg,2.799999952316284,2.4872615337371826,0.8883077057482124,0.14749221801757811,51.511057820410336,3753,2.989525556564331,3.887336492538452,0.5277,0.9145300684575054,12.624201857492048,29.97412872314453,2,14.0,6.989786186822885,19.690192307220624,0.6628126042211369,0.18195864054297736,0.8796372106574494,3.158179749563882,0.8254905700683595,-3.28307934857699,2.0983003415498003e-05
P02_blk21neg_0.200_krea2_seed1337_00001_.png,benchmark_profondita_neg,2.799999952316284,2.4141688346862793,0.8622031699283322,0.1422943115234375,48.582443344621,3839,2.8968846797943115,3.909491539001465,0.4645,0.937047844801336,13.437486304606354,34.60270309448242,6,14.0,6.759097572901282,17.557672099924048,0.6721373134559627,0.15911712005796885,0.8917452965936222,3.1235060512543513,0.8414093017578124,-3.4359817511638133,1.3157403318239384e-05
P02_blk21neg_0.200_krea2_seed42_00001_.png,benchmark_profondita_neg,2.799999952316284,2.346576690673828,0.8380631180842113,0.147357177734375,48.97160243407708,3944,2.958470106124878,3.8711671829223633,0.43700000000000006,0.9552972991195563,14.134894366422252,35.03357696533203,5,15.0,6.750476687784283,18.101161327179497,0.6657022592419868,0.15702014307263282,0.8832118736568032,3.1472983058693114,0.8347160339355468,-3.3957363761417043,1.554322361800452e-05
P02_blk21neg_0.200_krea2_seed777_00001_.png,benchmark_profondita_neg,2.799999952316284,2.462188959121704,0.8793532146616189,0.14820632934570313,51.96816479400749,3738,2.9704363346099854,3.9116485118865967,0.51525,0.9268570207495288,13.063124312730077,34.34046936035156,3,15.0,6.7157667795643405,17.596216831665927,0.6678358050724528,0.16946072513188026,0.8895369866262809,3.15341728184845,0.8287811279296875,-3.3488780614736298,1.6699563898472537e-05
P02_blk22neg_0.200_krea2_seed1337_00001_.png,benchmark_profondita_neg,4.0,2.289367437362671,0.5723418593406677,0.14831314086914063,49.97352185089974,3890,2.8764171600341797,3.845668315887451,0.4404,0.9472135510033688,13.821614142077628,36.4290771484375,4,14.0,6.398520214666825,18.468899099722414,0.6584562423467217,0.15174663698099256,0.8827320976371902,3.1532206165166112,0.8243644714355469,-3.39685076416286,1.6330946391072427e-05
P02_blk22neg_0.200_krea2_seed42_00001_.png,benchmark_profondita_neg,4.0,2.103517532348633,0.5258793830871582,0.1481689453125,48.93121693121693,3969,2.9051473140716553,3.8341457843780518,0.5077,0.9196129610759795,12.803371372286348,34.56006622314453,4,15.0,6.579703010756343,18.84068163814668,0.655409275409179,0.16037256396464283,0.8761194333196511,3.1546656375202224,0.8200393676757812,-3.3880412165223377,1.5035361510010684e-05
P02_blk22neg_0.200_krea2_seed777_00001_.png,benchmark_profondita_neg,2.799999952316284,2.2099103927612305,0.7892537251413503,0.15673065185546875,49.08721624850657,4185,2.948683977127075,3.846317768096924,0.50425,0.9306616702823153,13.201653029318404,33.88901901245117,4,15.0,6.447620564014294,18.47599792173939,0.6455424879269391,0.15136406651599887,0.8806421586132953,3.171608147443953,0.8169143676757813,-3.33410308338646,1.8078226344880398e-05
P02_blk23neg_0.200_krea2_seed1337_00001_.png,benchmark_profondita_neg,4.0,2.43570876121521,0.6089271903038025,0.14037322998046875,54.56405693950178,3372,2.897459030151367,3.8629517555236816,0.508,0.9163358492058431,12.687565778389004,40.24094009399414,5,13.0,6.710112932088337,21.276785141791954,0.6740651786502895,0.17430344978997253,0.874317579284688,3.11899683749222,0.8445777893066405,-3.4333962047123747,1.5524909563772467e-05
P02_blk23neg_0.200_krea2_seed42_00001_.png,benchmark_profondita_neg,2.799999952316284,2.486851930618286,0.8881614189175439,0.14306488037109374,53.42393162393162,3510,2.936272621154785,3.883568048477173,0.493,0.9283390657487761,13.116912447946179,38.44951629638672,2,13.0,6.424554284333906,20.70173202430059,0.6688957178447421,0.17057539664348154,0.8763532907041667,3.1262272966084015,0.8449829101562499,-3.419313803135693,1.598025408283563e-05
P02_blk23neg_0.200_krea2_seed777_00001_.png,benchmark_profondita_neg,2.799999952316284,2.555469036102295,0.9126675284363122,0.1466522216796875,54.0399212819792,3557,2.9822580814361572,3.883100986480713,0.50785,0.922584787503529,12.909302521024573,36.1259651184082,2,14.0,6.628130090933363,20.857255292583574,0.6662949546018563,0.17563611757229197,0.8779845447705908,3.1389070328150486,0.8407463073730468,-3.3932250301044053,1.677701205697399e-05
P02_blk24neg_0.200_krea2_seed1337_00001_.png,benchmark_profondita_neg,4.0,2.5985958576202393,0.6496489644050598,0.13096542358398439,66.14990366088632,2595,2.7981700897216797,3.8501570224761963,0.4401,0.9399528060469355,13.546152375620665,35.276611328125,3,12.0,6.618666312029939,19.672359405460412,0.686266132130688,0.16451482471389284,0.876787453499376,3.131180724432053,0.8300270080566405,-3.4624966388375107,1.4639430642397849e-05
P02_blk24neg_0.200_krea2_seed42_00001_.png,benchmark_profondita_neg,4.0,2.484764814376831,0.6211912035942078,0.13449554443359374,64.54998169168803,2731,2.8415846824645996,3.8438100814819336,0.46735,0.9409160448492571,13.58237796287193,33.76152038574219,4,12.0,6.638918869062944,19.763464066605806,0.676535176529304,0.15996498195457734,0.8740666516303242,3.1412483983699753,0.8263565063476562,-3.454997928651196,1.376555658401997e-05
P02_blk24neg_0.200_krea2_seed777_00001_.png,benchmark_profondita_neg,4.0,2.378740072250366,0.5946850180625916,0.13535079956054688,64.79437545653762,2738,2.8800554275512695,3.874502182006836,0.457,0.9454721923633244,13.755043237003136,32.48600387573242,5,13.0,6.607442654877906,19.612038750738925,0.6757227580898832,0.16075875519495958,0.8761427149184396,3.150575391839061,0.8238548278808594,-3.432581426720301,1.469381430500875e-05
P02_blk25neg_0.200_krea2_seed1337_00001_.png,benchmark_profondita_neg,4.0,2.8030519485473633,0.7007629871368408,0.12912979125976562,67.80969551282051,2496,2.8174824714660645,3.9173481464385986,0.50695,0.922457473589134,12.904746481809543,36.5800895690918,4,11.0,6.3905241128955925,21.084039707005562,0.6929782200294842,0.18391019749778278,0.8798886216913095,3.114146332923867,0.8230636596679687,-3.433665209234327,1.638594804343862e-05
P02_blk25neg_0.200_krea2_seed42_00001_.png,benchmark_profondita_neg,4.0,2.6921565532684326,0.6730391383171082,0.13193817138671876,59.81805603597371,2891,2.8661818504333496,3.8798513412475586,0.5107999999999999,0.9127800735782995,12.563097387071407,36.55634689331055,4,13.0,6.724899627503745,18.699848665888098,0.6894190527667297,0.1786944449024374,0.8911593738906601,3.126546054528554,0.8186553955078124,-3.4017138596233196,1.600358608397416e-05
P02_blk25neg_0.200_krea2_seed777_00001_.png,benchmark_profondita_neg,4.0,2.6722283363342285,0.6680570840835571,0.13671417236328126,59.3554157005631,3019,2.889810800552368,3.905456066131592,0.5248999999999999,0.905792176668266,12.322035624568649,33.13880920410156,2,14.0,6.501101185843574,19.49270877949901,0.6785649682161231,0.18906579076510477,0.8894624040669621,3.140366299841283,0.812164306640625,-3.380999198971107,1.7110396774254484e-05
P02_blk26neg_0.200_krea2_seed1337_00001_.png,benchmark_profondita_neg,2.799999952316284,2.3310952186584473,0.832534020841701,0.1417236328125,60.94488188976378,3048,2.8018572330474854,3.846140146255493,0.5003,0.9279910803077354,13.104263084960943,34.95810317993164,4,14.0,6.482075164443868,22.21402180684315,0.658823674551835,0.15121843008747873,0.8577560160713271,3.1562307697954455,0.8116172790527343,-3.3820480290445034,1.706544366665048e-05
P02_blk26neg_0.200_krea2_seed42_00001_.png,benchmark_profondita_neg,2.799999952316284,2.2622368335723877,0.8079417400350186,0.14616470336914061,59.129938271604935,3240,2.8302972316741943,3.826021671295166,0.43144999999999994,0.9517494133634871,13.996533473088029,33.965084075927734,3,14.0,6.509089318022914,21.051072480664917,0.6555774811940502,0.14857152541257357,0.861432132802308,3.160205079816373,0.8156440734863282,-3.3130616856789805,1.9028430313980132e-05
P02_blk26neg_0.200_krea2_seed777_00001_.png,benchmark_profondita_neg,2.799999952316284,2.3328583240509033,0.8331637013497302,0.14934158325195312,56.573699421965316,3460,2.869227886199951,3.865276336669922,0.4728,0.9266862763986581,13.056941642801112,31.54463768005371,3,15.0,6.621859229858101,21.27795801050037,0.6457211541111065,0.1497973067171402,0.861830502638743,3.1682185270550622,0.8121292114257812,-3.319053491897183,2.2202861644262784e-05
P02_blk27neg_0.200_krea2_seed1337_00001_.png,benchmark_profondita_neg,2.799999952316284,1.9175207614898682,0.6848288550518046,0.169189453125,36.763925729442974,6032,3.2633819580078125,4.038301467895508,0.4604,0.9341956040636874,13.331640517431833,42.35763931274414,3,21.0,5.37185048252705,12.235950953256566,0.598097082904544,0.13963203248997666,0.9338254003851084,3.1897484368190834,0.8173461914062501,-3.297277164458033,1.5437344034104012e-05
P02_blk27neg_0.200_krea2_seed42_00001_.png,benchmark_profondita_neg,2.799999952316284,1.7380443811416626,0.6207301466929938,0.17540206909179687,36.52732761360026,6294,3.2786312103271484,4.008593559265137,0.3859,0.9607217616840119,14.349087074145304,40.89585876464844,3,21.0,5.198877929182222,12.711363723485752,0.5861732710288405,0.13782942873950327,0.9303231768367746,3.179634490800643,0.8224777221679687,-3.292163882489923,1.439898842094263e-05
P02_blk27neg_0.200_krea2_seed777_00001_.png,benchmark_profondita_neg,2.0,1.8827844858169556,0.9413922429084778,0.16602325439453125,35.86780946101862,6067,3.332702159881592,4.0796732902526855,0.4649,0.9403638760846008,13.561600108249548,39.10028839111328,2,21.0,5.131773240595672,11.360931566094038,0.6052781982385387,0.15030200872783991,0.9394424231880405,3.1838403729438887,0.81231689453125,-3.2500179678701766,1.635199608380627e-05
