row_index,arm,condition,preset_file,tensors,prompt_id,seed,output_prefix,expected_filename,borrowed_from,prompt_sha1,prompt_text,mode,sampler,scheduler,steps,cfg,denoise,width,height
1,determinism,baseline,,0,P01,2718281,P01_baseline_krea2_seed2718281_C41,P01_baseline_krea2_seed2718281_C41_00001_.png,benchmark_centre_push/renders/P01_baseline_krea2_seed2718281_00001_.png,52e5b19ca6,"Western comics style, bold ink outlines, hatched shadows, medium wide shot, static centred composition, eye-level camera, subject centred and filling the middle third of the frame. A blacksmith woman stands behind a heavy oak workbench, facing the viewer, both hands resting flat on the wood. She has coarse dark curls tied back, weathered brown skin, a leather apron over a coarse linen shirt, and a polished steel gauntlet on her left forearm. On the bench lie a hammered copper bowl, a coil of frayed rope, and three rough granite offcuts. Behind her on the left a forge fire glows with a warm orange to deep red gradient, and thin smoke rises against a flat dark stone wall on the right. Cold blue window light falls from the upper left across the steel.",Real Value,euler_ancestral,simple,9,1.0,1.0,1024,1280
2,determinism,baseline,,0,P02,2718281,P02_baseline_krea2_seed2718281_C41,P02_baseline_krea2_seed2718281_C41_00001_.png,benchmark_centre_push/renders/P02_baseline_krea2_seed2718281_00001_.png,7919c95fcf,"Western comics style, bold ink outlines, hatched shadows, medium wide shot, static centred composition, eye-level camera, subject centred and filling the middle third of the frame. A botanist man stands among potting benches, facing the viewer, one hand on a terracotta pot. He has straight pale hair, freckled fair skin, a knitted wool cardigan over a cotton shirt, and small round glasses. Broad waxy monstera leaves crowd the left of the frame and fine ferns the right. A glass carafe half full of water sits on the bench in front of him, beside damp dark soil and a brass watering can. Behind him the greenhouse panes show a pale cyan to warm cream sky gradient, with condensation beading on the glass.",Real Value,euler_ancestral,simple,9,1.0,1.0,1024,1280
3,push,slice_b1_pos,Arthemy_QKVO_wo_b1_pos.json,5,P01,1618033,P01_slice_b1_pos_krea2_seed1618033,P01_slice_b1_pos_krea2_seed1618033_00001_.png,,52e5b19ca6,"Western comics style, bold ink outlines, hatched shadows, medium wide shot, static centred composition, eye-level camera, subject centred and filling the middle third of the frame. A blacksmith woman stands behind a heavy oak workbench, facing the viewer, both hands resting flat on the wood. She has coarse dark curls tied back, weathered brown skin, a leather apron over a coarse linen shirt, and a polished steel gauntlet on her left forearm. On the bench lie a hammered copper bowl, a coil of frayed rope, and three rough granite offcuts. Behind her on the left a forge fire glows with a warm orange to deep red gradient, and thin smoke rises against a flat dark stone wall on the right. Cold blue window light falls from the upper left across the steel.",Real Value,euler_ancestral,simple,9,1.0,1.0,1024,1280
4,push,slice_b1_pos,Arthemy_QKVO_wo_b1_pos.json,5,P01,2718281,P01_slice_b1_pos_krea2_seed2718281,P01_slice_b1_pos_krea2_seed2718281_00001_.png,,52e5b19ca6,"Western comics style, bold ink outlines, hatched shadows, medium wide shot, static centred composition, eye-level camera, subject centred and filling the middle third of the frame. A blacksmith woman stands behind a heavy oak workbench, facing the viewer, both hands resting flat on the wood. She has coarse dark curls tied back, weathered brown skin, a leather apron over a coarse linen shirt, and a polished steel gauntlet on her left forearm. On the bench lie a hammered copper bowl, a coil of frayed rope, and three rough granite offcuts. Behind her on the left a forge fire glows with a warm orange to deep red gradient, and thin smoke rises against a flat dark stone wall on the right. Cold blue window light falls from the upper left across the steel.",Real Value,euler_ancestral,simple,9,1.0,1.0,1024,1280
5,push,slice_b1_pos,Arthemy_QKVO_wo_b1_pos.json,5,P01,3141592,P01_slice_b1_pos_krea2_seed3141592,P01_slice_b1_pos_krea2_seed3141592_00001_.png,,52e5b19ca6,"Western comics style, bold ink outlines, hatched shadows, medium wide shot, static centred composition, eye-level camera, subject centred and filling the middle third of the frame. A blacksmith woman stands behind a heavy oak workbench, facing the viewer, both hands resting flat on the wood. She has coarse dark curls tied back, weathered brown skin, a leather apron over a coarse linen shirt, and a polished steel gauntlet on her left forearm. On the bench lie a hammered copper bowl, a coil of frayed rope, and three rough granite offcuts. Behind her on the left a forge fire glows with a warm orange to deep red gradient, and thin smoke rises against a flat dark stone wall on the right. Cold blue window light falls from the upper left across the steel.",Real Value,euler_ancestral,simple,9,1.0,1.0,1024,1280
6,push,slice_b1_pos,Arthemy_QKVO_wo_b1_pos.json,5,P02,1618033,P02_slice_b1_pos_krea2_seed1618033,P02_slice_b1_pos_krea2_seed1618033_00001_.png,,7919c95fcf,"Western comics style, bold ink outlines, hatched shadows, medium wide shot, static centred composition, eye-level camera, subject centred and filling the middle third of the frame. A botanist man stands among potting benches, facing the viewer, one hand on a terracotta pot. He has straight pale hair, freckled fair skin, a knitted wool cardigan over a cotton shirt, and small round glasses. Broad waxy monstera leaves crowd the left of the frame and fine ferns the right. A glass carafe half full of water sits on the bench in front of him, beside damp dark soil and a brass watering can. Behind him the greenhouse panes show a pale cyan to warm cream sky gradient, with condensation beading on the glass.",Real Value,euler_ancestral,simple,9,1.0,1.0,1024,1280
7,push,slice_b1_pos,Arthemy_QKVO_wo_b1_pos.json,5,P02,2718281,P02_slice_b1_pos_krea2_seed2718281,P02_slice_b1_pos_krea2_seed2718281_00001_.png,,7919c95fcf,"Western comics style, bold ink outlines, hatched shadows, medium wide shot, static centred composition, eye-level camera, subject centred and filling the middle third of the frame. A botanist man stands among potting benches, facing the viewer, one hand on a terracotta pot. He has straight pale hair, freckled fair skin, a knitted wool cardigan over a cotton shirt, and small round glasses. Broad waxy monstera leaves crowd the left of the frame and fine ferns the right. A glass carafe half full of water sits on the bench in front of him, beside damp dark soil and a brass watering can. Behind him the greenhouse panes show a pale cyan to warm cream sky gradient, with condensation beading on the glass.",Real Value,euler_ancestral,simple,9,1.0,1.0,1024,1280
8,push,slice_b1_pos,Arthemy_QKVO_wo_b1_pos.json,5,P02,3141592,P02_slice_b1_pos_krea2_seed3141592,P02_slice_b1_pos_krea2_seed3141592_00001_.png,,7919c95fcf,"Western comics style, bold ink outlines, hatched shadows, medium wide shot, static centred composition, eye-level camera, subject centred and filling the middle third of the frame. A botanist man stands among potting benches, facing the viewer, one hand on a terracotta pot. He has straight pale hair, freckled fair skin, a knitted wool cardigan over a cotton shirt, and small round glasses. Broad waxy monstera leaves crowd the left of the frame and fine ferns the right. A glass carafe half full of water sits on the bench in front of him, beside damp dark soil and a brass watering can. Behind him the greenhouse panes show a pale cyan to warm cream sky gradient, with condensation beading on the glass.",Real Value,euler_ancestral,simple,9,1.0,1.0,1024,1280
9,push,slice_b1_neg,Arthemy_QKVO_wo_b1_neg.json,5,P01,1618033,P01_slice_b1_neg_krea2_seed1618033,P01_slice_b1_neg_krea2_seed1618033_00001_.png,,52e5b19ca6,"Western comics style, bold ink outlines, hatched shadows, medium wide shot, static centred composition, eye-level camera, subject centred and filling the middle third of the frame. A blacksmith woman stands behind a heavy oak workbench, facing the viewer, both hands resting flat on the wood. She has coarse dark curls tied back, weathered brown skin, a leather apron over a coarse linen shirt, and a polished steel gauntlet on her left forearm. On the bench lie a hammered copper bowl, a coil of frayed rope, and three rough granite offcuts. Behind her on the left a forge fire glows with a warm orange to deep red gradient, and thin smoke rises against a flat dark stone wall on the right. Cold blue window light falls from the upper left across the steel.",Real Value,euler_ancestral,simple,9,1.0,1.0,1024,1280
10,push,slice_b1_neg,Arthemy_QKVO_wo_b1_neg.json,5,P01,2718281,P01_slice_b1_neg_krea2_seed2718281,P01_slice_b1_neg_krea2_seed2718281_00001_.png,,52e5b19ca6,"Western comics style, bold ink outlines, hatched shadows, medium wide shot, static centred composition, eye-level camera, subject centred and filling the middle third of the frame. A blacksmith woman stands behind a heavy oak workbench, facing the viewer, both hands resting flat on the wood. She has coarse dark curls tied back, weathered brown skin, a leather apron over a coarse linen shirt, and a polished steel gauntlet on her left forearm. On the bench lie a hammered copper bowl, a coil of frayed rope, and three rough granite offcuts. Behind her on the left a forge fire glows with a warm orange to deep red gradient, and thin smoke rises against a flat dark stone wall on the right. Cold blue window light falls from the upper left across the steel.",Real Value,euler_ancestral,simple,9,1.0,1.0,1024,1280
11,push,slice_b1_neg,Arthemy_QKVO_wo_b1_neg.json,5,P01,3141592,P01_slice_b1_neg_krea2_seed3141592,P01_slice_b1_neg_krea2_seed3141592_00001_.png,,52e5b19ca6,"Western comics style, bold ink outlines, hatched shadows, medium wide shot, static centred composition, eye-level camera, subject centred and filling the middle third of the frame. A blacksmith woman stands behind a heavy oak workbench, facing the viewer, both hands resting flat on the wood. She has coarse dark curls tied back, weathered brown skin, a leather apron over a coarse linen shirt, and a polished steel gauntlet on her left forearm. On the bench lie a hammered copper bowl, a coil of frayed rope, and three rough granite offcuts. Behind her on the left a forge fire glows with a warm orange to deep red gradient, and thin smoke rises against a flat dark stone wall on the right. Cold blue window light falls from the upper left across the steel.",Real Value,euler_ancestral,simple,9,1.0,1.0,1024,1280
12,push,slice_b1_neg,Arthemy_QKVO_wo_b1_neg.json,5,P02,1618033,P02_slice_b1_neg_krea2_seed1618033,P02_slice_b1_neg_krea2_seed1618033_00001_.png,,7919c95fcf,"Western comics style, bold ink outlines, hatched shadows, medium wide shot, static centred composition, eye-level camera, subject centred and filling the middle third of the frame. A botanist man stands among potting benches, facing the viewer, one hand on a terracotta pot. He has straight pale hair, freckled fair skin, a knitted wool cardigan over a cotton shirt, and small round glasses. Broad waxy monstera leaves crowd the left of the frame and fine ferns the right. A glass carafe half full of water sits on the bench in front of him, beside damp dark soil and a brass watering can. Behind him the greenhouse panes show a pale cyan to warm cream sky gradient, with condensation beading on the glass.",Real Value,euler_ancestral,simple,9,1.0,1.0,1024,1280
13,push,slice_b1_neg,Arthemy_QKVO_wo_b1_neg.json,5,P02,2718281,P02_slice_b1_neg_krea2_seed2718281,P02_slice_b1_neg_krea2_seed2718281_00001_.png,,7919c95fcf,"Western comics style, bold ink outlines, hatched shadows, medium wide shot, static centred composition, eye-level camera, subject centred and filling the middle third of the frame. A botanist man stands among potting benches, facing the viewer, one hand on a terracotta pot. He has straight pale hair, freckled fair skin, a knitted wool cardigan over a cotton shirt, and small round glasses. Broad waxy monstera leaves crowd the left of the frame and fine ferns the right. A glass carafe half full of water sits on the bench in front of him, beside damp dark soil and a brass watering can. Behind him the greenhouse panes show a pale cyan to warm cream sky gradient, with condensation beading on the glass.",Real Value,euler_ancestral,simple,9,1.0,1.0,1024,1280
14,push,slice_b1_neg,Arthemy_QKVO_wo_b1_neg.json,5,P02,3141592,P02_slice_b1_neg_krea2_seed3141592,P02_slice_b1_neg_krea2_seed3141592_00001_.png,,7919c95fcf,"Western comics style, bold ink outlines, hatched shadows, medium wide shot, static centred composition, eye-level camera, subject centred and filling the middle third of the frame. A botanist man stands among potting benches, facing the viewer, one hand on a terracotta pot. He has straight pale hair, freckled fair skin, a knitted wool cardigan over a cotton shirt, and small round glasses. Broad waxy monstera leaves crowd the left of the frame and fine ferns the right. A glass carafe half full of water sits on the bench in front of him, beside damp dark soil and a brass watering can. Behind him the greenhouse panes show a pale cyan to warm cream sky gradient, with condensation beading on the glass.",Real Value,euler_ancestral,simple,9,1.0,1.0,1024,1280
15,push,slice_b2_pos,WO_b2_pos.json,5,P01,1618033,P01_slice_b2_pos_krea2_seed1618033,P01_slice_b2_pos_krea2_seed1618033_00001_.png,,52e5b19ca6,"Western comics style, bold ink outlines, hatched shadows, medium wide shot, static centred composition, eye-level camera, subject centred and filling the middle third of the frame. A blacksmith woman stands behind a heavy oak workbench, facing the viewer, both hands resting flat on the wood. She has coarse dark curls tied back, weathered brown skin, a leather apron over a coarse linen shirt, and a polished steel gauntlet on her left forearm. On the bench lie a hammered copper bowl, a coil of frayed rope, and three rough granite offcuts. Behind her on the left a forge fire glows with a warm orange to deep red gradient, and thin smoke rises against a flat dark stone wall on the right. Cold blue window light falls from the upper left across the steel.",Real Value,euler_ancestral,simple,9,1.0,1.0,1024,1280
16,push,slice_b2_pos,WO_b2_pos.json,5,P01,2718281,P01_slice_b2_pos_krea2_seed2718281,P01_slice_b2_pos_krea2_seed2718281_00001_.png,,52e5b19ca6,"Western comics style, bold ink outlines, hatched shadows, medium wide shot, static centred composition, eye-level camera, subject centred and filling the middle third of the frame. A blacksmith woman stands behind a heavy oak workbench, facing the viewer, both hands resting flat on the wood. She has coarse dark curls tied back, weathered brown skin, a leather apron over a coarse linen shirt, and a polished steel gauntlet on her left forearm. On the bench lie a hammered copper bowl, a coil of frayed rope, and three rough granite offcuts. Behind her on the left a forge fire glows with a warm orange to deep red gradient, and thin smoke rises against a flat dark stone wall on the right. Cold blue window light falls from the upper left across the steel.",Real Value,euler_ancestral,simple,9,1.0,1.0,1024,1280
17,push,slice_b2_pos,WO_b2_pos.json,5,P01,3141592,P01_slice_b2_pos_krea2_seed3141592,P01_slice_b2_pos_krea2_seed3141592_00001_.png,,52e5b19ca6,"Western comics style, bold ink outlines, hatched shadows, medium wide shot, static centred composition, eye-level camera, subject centred and filling the middle third of the frame. A blacksmith woman stands behind a heavy oak workbench, facing the viewer, both hands resting flat on the wood. She has coarse dark curls tied back, weathered brown skin, a leather apron over a coarse linen shirt, and a polished steel gauntlet on her left forearm. On the bench lie a hammered copper bowl, a coil of frayed rope, and three rough granite offcuts. Behind her on the left a forge fire glows with a warm orange to deep red gradient, and thin smoke rises against a flat dark stone wall on the right. Cold blue window light falls from the upper left across the steel.",Real Value,euler_ancestral,simple,9,1.0,1.0,1024,1280
18,push,slice_b2_pos,WO_b2_pos.json,5,P02,1618033,P02_slice_b2_pos_krea2_seed1618033,P02_slice_b2_pos_krea2_seed1618033_00001_.png,,7919c95fcf,"Western comics style, bold ink outlines, hatched shadows, medium wide shot, static centred composition, eye-level camera, subject centred and filling the middle third of the frame. A botanist man stands among potting benches, facing the viewer, one hand on a terracotta pot. He has straight pale hair, freckled fair skin, a knitted wool cardigan over a cotton shirt, and small round glasses. Broad waxy monstera leaves crowd the left of the frame and fine ferns the right. A glass carafe half full of water sits on the bench in front of him, beside damp dark soil and a brass watering can. Behind him the greenhouse panes show a pale cyan to warm cream sky gradient, with condensation beading on the glass.",Real Value,euler_ancestral,simple,9,1.0,1.0,1024,1280
19,push,slice_b2_pos,WO_b2_pos.json,5,P02,2718281,P02_slice_b2_pos_krea2_seed2718281,P02_slice_b2_pos_krea2_seed2718281_00001_.png,,7919c95fcf,"Western comics style, bold ink outlines, hatched shadows, medium wide shot, static centred composition, eye-level camera, subject centred and filling the middle third of the frame. A botanist man stands among potting benches, facing the viewer, one hand on a terracotta pot. He has straight pale hair, freckled fair skin, a knitted wool cardigan over a cotton shirt, and small round glasses. Broad waxy monstera leaves crowd the left of the frame and fine ferns the right. A glass carafe half full of water sits on the bench in front of him, beside damp dark soil and a brass watering can. Behind him the greenhouse panes show a pale cyan to warm cream sky gradient, with condensation beading on the glass.",Real Value,euler_ancestral,simple,9,1.0,1.0,1024,1280
20,push,slice_b2_pos,WO_b2_pos.json,5,P02,3141592,P02_slice_b2_pos_krea2_seed3141592,P02_slice_b2_pos_krea2_seed3141592_00001_.png,,7919c95fcf,"Western comics style, bold ink outlines, hatched shadows, medium wide shot, static centred composition, eye-level camera, subject centred and filling the middle third of the frame. A botanist man stands among potting benches, facing the viewer, one hand on a terracotta pot. He has straight pale hair, freckled fair skin, a knitted wool cardigan over a cotton shirt, and small round glasses. Broad waxy monstera leaves crowd the left of the frame and fine ferns the right. A glass carafe half full of water sits on the bench in front of him, beside damp dark soil and a brass watering can. Behind him the greenhouse panes show a pale cyan to warm cream sky gradient, with condensation beading on the glass.",Real Value,euler_ancestral,simple,9,1.0,1.0,1024,1280
21,push,slice_b2_neg,WO_b2_neg.json,5,P01,1618033,P01_slice_b2_neg_krea2_seed1618033,P01_slice_b2_neg_krea2_seed1618033_00001_.png,,52e5b19ca6,"Western comics style, bold ink outlines, hatched shadows, medium wide shot, static centred composition, eye-level camera, subject centred and filling the middle third of the frame. A blacksmith woman stands behind a heavy oak workbench, facing the viewer, both hands resting flat on the wood. She has coarse dark curls tied back, weathered brown skin, a leather apron over a coarse linen shirt, and a polished steel gauntlet on her left forearm. On the bench lie a hammered copper bowl, a coil of frayed rope, and three rough granite offcuts. Behind her on the left a forge fire glows with a warm orange to deep red gradient, and thin smoke rises against a flat dark stone wall on the right. Cold blue window light falls from the upper left across the steel.",Real Value,euler_ancestral,simple,9,1.0,1.0,1024,1280
22,push,slice_b2_neg,WO_b2_neg.json,5,P01,2718281,P01_slice_b2_neg_krea2_seed2718281,P01_slice_b2_neg_krea2_seed2718281_00001_.png,,52e5b19ca6,"Western comics style, bold ink outlines, hatched shadows, medium wide shot, static centred composition, eye-level camera, subject centred and filling the middle third of the frame. A blacksmith woman stands behind a heavy oak workbench, facing the viewer, both hands resting flat on the wood. She has coarse dark curls tied back, weathered brown skin, a leather apron over a coarse linen shirt, and a polished steel gauntlet on her left forearm. On the bench lie a hammered copper bowl, a coil of frayed rope, and three rough granite offcuts. Behind her on the left a forge fire glows with a warm orange to deep red gradient, and thin smoke rises against a flat dark stone wall on the right. Cold blue window light falls from the upper left across the steel.",Real Value,euler_ancestral,simple,9,1.0,1.0,1024,1280
23,push,slice_b2_neg,WO_b2_neg.json,5,P01,3141592,P01_slice_b2_neg_krea2_seed3141592,P01_slice_b2_neg_krea2_seed3141592_00001_.png,,52e5b19ca6,"Western comics style, bold ink outlines, hatched shadows, medium wide shot, static centred composition, eye-level camera, subject centred and filling the middle third of the frame. A blacksmith woman stands behind a heavy oak workbench, facing the viewer, both hands resting flat on the wood. She has coarse dark curls tied back, weathered brown skin, a leather apron over a coarse linen shirt, and a polished steel gauntlet on her left forearm. On the bench lie a hammered copper bowl, a coil of frayed rope, and three rough granite offcuts. Behind her on the left a forge fire glows with a warm orange to deep red gradient, and thin smoke rises against a flat dark stone wall on the right. Cold blue window light falls from the upper left across the steel.",Real Value,euler_ancestral,simple,9,1.0,1.0,1024,1280
24,push,slice_b2_neg,WO_b2_neg.json,5,P02,1618033,P02_slice_b2_neg_krea2_seed1618033,P02_slice_b2_neg_krea2_seed1618033_00001_.png,,7919c95fcf,"Western comics style, bold ink outlines, hatched shadows, medium wide shot, static centred composition, eye-level camera, subject centred and filling the middle third of the frame. A botanist man stands among potting benches, facing the viewer, one hand on a terracotta pot. He has straight pale hair, freckled fair skin, a knitted wool cardigan over a cotton shirt, and small round glasses. Broad waxy monstera leaves crowd the left of the frame and fine ferns the right. A glass carafe half full of water sits on the bench in front of him, beside damp dark soil and a brass watering can. Behind him the greenhouse panes show a pale cyan to warm cream sky gradient, with condensation beading on the glass.",Real Value,euler_ancestral,simple,9,1.0,1.0,1024,1280
25,push,slice_b2_neg,WO_b2_neg.json,5,P02,2718281,P02_slice_b2_neg_krea2_seed2718281,P02_slice_b2_neg_krea2_seed2718281_00001_.png,,7919c95fcf,"Western comics style, bold ink outlines, hatched shadows, medium wide shot, static centred composition, eye-level camera, subject centred and filling the middle third of the frame. A botanist man stands among potting benches, facing the viewer, one hand on a terracotta pot. He has straight pale hair, freckled fair skin, a knitted wool cardigan over a cotton shirt, and small round glasses. Broad waxy monstera leaves crowd the left of the frame and fine ferns the right. A glass carafe half full of water sits on the bench in front of him, beside damp dark soil and a brass watering can. Behind him the greenhouse panes show a pale cyan to warm cream sky gradient, with condensation beading on the glass.",Real Value,euler_ancestral,simple,9,1.0,1.0,1024,1280
26,push,slice_b2_neg,WO_b2_neg.json,5,P02,3141592,P02_slice_b2_neg_krea2_seed3141592,P02_slice_b2_neg_krea2_seed3141592_00001_.png,,7919c95fcf,"Western comics style, bold ink outlines, hatched shadows, medium wide shot, static centred composition, eye-level camera, subject centred and filling the middle third of the frame. A botanist man stands among potting benches, facing the viewer, one hand on a terracotta pot. He has straight pale hair, freckled fair skin, a knitted wool cardigan over a cotton shirt, and small round glasses. Broad waxy monstera leaves crowd the left of the frame and fine ferns the right. A glass carafe half full of water sits on the bench in front of him, beside damp dark soil and a brass watering can. Behind him the greenhouse panes show a pale cyan to warm cream sky gradient, with condensation beading on the glass.",Real Value,euler_ancestral,simple,9,1.0,1.0,1024,1280
27,push,slice_b3_pos,WO_b3_pos.json,5,P01,1618033,P01_slice_b3_pos_krea2_seed1618033,P01_slice_b3_pos_krea2_seed1618033_00001_.png,,52e5b19ca6,"Western comics style, bold ink outlines, hatched shadows, medium wide shot, static centred composition, eye-level camera, subject centred and filling the middle third of the frame. A blacksmith woman stands behind a heavy oak workbench, facing the viewer, both hands resting flat on the wood. She has coarse dark curls tied back, weathered brown skin, a leather apron over a coarse linen shirt, and a polished steel gauntlet on her left forearm. On the bench lie a hammered copper bowl, a coil of frayed rope, and three rough granite offcuts. Behind her on the left a forge fire glows with a warm orange to deep red gradient, and thin smoke rises against a flat dark stone wall on the right. Cold blue window light falls from the upper left across the steel.",Real Value,euler_ancestral,simple,9,1.0,1.0,1024,1280
28,push,slice_b3_pos,WO_b3_pos.json,5,P01,2718281,P01_slice_b3_pos_krea2_seed2718281,P01_slice_b3_pos_krea2_seed2718281_00001_.png,,52e5b19ca6,"Western comics style, bold ink outlines, hatched shadows, medium wide shot, static centred composition, eye-level camera, subject centred and filling the middle third of the frame. A blacksmith woman stands behind a heavy oak workbench, facing the viewer, both hands resting flat on the wood. She has coarse dark curls tied back, weathered brown skin, a leather apron over a coarse linen shirt, and a polished steel gauntlet on her left forearm. On the bench lie a hammered copper bowl, a coil of frayed rope, and three rough granite offcuts. Behind her on the left a forge fire glows with a warm orange to deep red gradient, and thin smoke rises against a flat dark stone wall on the right. Cold blue window light falls from the upper left across the steel.",Real Value,euler_ancestral,simple,9,1.0,1.0,1024,1280
29,push,slice_b3_pos,WO_b3_pos.json,5,P01,3141592,P01_slice_b3_pos_krea2_seed3141592,P01_slice_b3_pos_krea2_seed3141592_00001_.png,,52e5b19ca6,"Western comics style, bold ink outlines, hatched shadows, medium wide shot, static centred composition, eye-level camera, subject centred and filling the middle third of the frame. A blacksmith woman stands behind a heavy oak workbench, facing the viewer, both hands resting flat on the wood. She has coarse dark curls tied back, weathered brown skin, a leather apron over a coarse linen shirt, and a polished steel gauntlet on her left forearm. On the bench lie a hammered copper bowl, a coil of frayed rope, and three rough granite offcuts. Behind her on the left a forge fire glows with a warm orange to deep red gradient, and thin smoke rises against a flat dark stone wall on the right. Cold blue window light falls from the upper left across the steel.",Real Value,euler_ancestral,simple,9,1.0,1.0,1024,1280
30,push,slice_b3_pos,WO_b3_pos.json,5,P02,1618033,P02_slice_b3_pos_krea2_seed1618033,P02_slice_b3_pos_krea2_seed1618033_00001_.png,,7919c95fcf,"Western comics style, bold ink outlines, hatched shadows, medium wide shot, static centred composition, eye-level camera, subject centred and filling the middle third of the frame. A botanist man stands among potting benches, facing the viewer, one hand on a terracotta pot. He has straight pale hair, freckled fair skin, a knitted wool cardigan over a cotton shirt, and small round glasses. Broad waxy monstera leaves crowd the left of the frame and fine ferns the right. A glass carafe half full of water sits on the bench in front of him, beside damp dark soil and a brass watering can. Behind him the greenhouse panes show a pale cyan to warm cream sky gradient, with condensation beading on the glass.",Real Value,euler_ancestral,simple,9,1.0,1.0,1024,1280
31,push,slice_b3_pos,WO_b3_pos.json,5,P02,2718281,P02_slice_b3_pos_krea2_seed2718281,P02_slice_b3_pos_krea2_seed2718281_00001_.png,,7919c95fcf,"Western comics style, bold ink outlines, hatched shadows, medium wide shot, static centred composition, eye-level camera, subject centred and filling the middle third of the frame. A botanist man stands among potting benches, facing the viewer, one hand on a terracotta pot. He has straight pale hair, freckled fair skin, a knitted wool cardigan over a cotton shirt, and small round glasses. Broad waxy monstera leaves crowd the left of the frame and fine ferns the right. A glass carafe half full of water sits on the bench in front of him, beside damp dark soil and a brass watering can. Behind him the greenhouse panes show a pale cyan to warm cream sky gradient, with condensation beading on the glass.",Real Value,euler_ancestral,simple,9,1.0,1.0,1024,1280
32,push,slice_b3_pos,WO_b3_pos.json,5,P02,3141592,P02_slice_b3_pos_krea2_seed3141592,P02_slice_b3_pos_krea2_seed3141592_00001_.png,,7919c95fcf,"Western comics style, bold ink outlines, hatched shadows, medium wide shot, static centred composition, eye-level camera, subject centred and filling the middle third of the frame. A botanist man stands among potting benches, facing the viewer, one hand on a terracotta pot. He has straight pale hair, freckled fair skin, a knitted wool cardigan over a cotton shirt, and small round glasses. Broad waxy monstera leaves crowd the left of the frame and fine ferns the right. A glass carafe half full of water sits on the bench in front of him, beside damp dark soil and a brass watering can. Behind him the greenhouse panes show a pale cyan to warm cream sky gradient, with condensation beading on the glass.",Real Value,euler_ancestral,simple,9,1.0,1.0,1024,1280
33,push,slice_b3_neg,WO_b3_neg.json,5,P01,1618033,P01_slice_b3_neg_krea2_seed1618033,P01_slice_b3_neg_krea2_seed1618033_00001_.png,,52e5b19ca6,"Western comics style, bold ink outlines, hatched shadows, medium wide shot, static centred composition, eye-level camera, subject centred and filling the middle third of the frame. A blacksmith woman stands behind a heavy oak workbench, facing the viewer, both hands resting flat on the wood. She has coarse dark curls tied back, weathered brown skin, a leather apron over a coarse linen shirt, and a polished steel gauntlet on her left forearm. On the bench lie a hammered copper bowl, a coil of frayed rope, and three rough granite offcuts. Behind her on the left a forge fire glows with a warm orange to deep red gradient, and thin smoke rises against a flat dark stone wall on the right. Cold blue window light falls from the upper left across the steel.",Real Value,euler_ancestral,simple,9,1.0,1.0,1024,1280
34,push,slice_b3_neg,WO_b3_neg.json,5,P01,2718281,P01_slice_b3_neg_krea2_seed2718281,P01_slice_b3_neg_krea2_seed2718281_00001_.png,,52e5b19ca6,"Western comics style, bold ink outlines, hatched shadows, medium wide shot, static centred composition, eye-level camera, subject centred and filling the middle third of the frame. A blacksmith woman stands behind a heavy oak workbench, facing the viewer, both hands resting flat on the wood. She has coarse dark curls tied back, weathered brown skin, a leather apron over a coarse linen shirt, and a polished steel gauntlet on her left forearm. On the bench lie a hammered copper bowl, a coil of frayed rope, and three rough granite offcuts. Behind her on the left a forge fire glows with a warm orange to deep red gradient, and thin smoke rises against a flat dark stone wall on the right. Cold blue window light falls from the upper left across the steel.",Real Value,euler_ancestral,simple,9,1.0,1.0,1024,1280
35,push,slice_b3_neg,WO_b3_neg.json,5,P01,3141592,P01_slice_b3_neg_krea2_seed3141592,P01_slice_b3_neg_krea2_seed3141592_00001_.png,,52e5b19ca6,"Western comics style, bold ink outlines, hatched shadows, medium wide shot, static centred composition, eye-level camera, subject centred and filling the middle third of the frame. A blacksmith woman stands behind a heavy oak workbench, facing the viewer, both hands resting flat on the wood. She has coarse dark curls tied back, weathered brown skin, a leather apron over a coarse linen shirt, and a polished steel gauntlet on her left forearm. On the bench lie a hammered copper bowl, a coil of frayed rope, and three rough granite offcuts. Behind her on the left a forge fire glows with a warm orange to deep red gradient, and thin smoke rises against a flat dark stone wall on the right. Cold blue window light falls from the upper left across the steel.",Real Value,euler_ancestral,simple,9,1.0,1.0,1024,1280
36,push,slice_b3_neg,WO_b3_neg.json,5,P02,1618033,P02_slice_b3_neg_krea2_seed1618033,P02_slice_b3_neg_krea2_seed1618033_00001_.png,,7919c95fcf,"Western comics style, bold ink outlines, hatched shadows, medium wide shot, static centred composition, eye-level camera, subject centred and filling the middle third of the frame. A botanist man stands among potting benches, facing the viewer, one hand on a terracotta pot. He has straight pale hair, freckled fair skin, a knitted wool cardigan over a cotton shirt, and small round glasses. Broad waxy monstera leaves crowd the left of the frame and fine ferns the right. A glass carafe half full of water sits on the bench in front of him, beside damp dark soil and a brass watering can. Behind him the greenhouse panes show a pale cyan to warm cream sky gradient, with condensation beading on the glass.",Real Value,euler_ancestral,simple,9,1.0,1.0,1024,1280
37,push,slice_b3_neg,WO_b3_neg.json,5,P02,2718281,P02_slice_b3_neg_krea2_seed2718281,P02_slice_b3_neg_krea2_seed2718281_00001_.png,,7919c95fcf,"Western comics style, bold ink outlines, hatched shadows, medium wide shot, static centred composition, eye-level camera, subject centred and filling the middle third of the frame. A botanist man stands among potting benches, facing the viewer, one hand on a terracotta pot. He has straight pale hair, freckled fair skin, a knitted wool cardigan over a cotton shirt, and small round glasses. Broad waxy monstera leaves crowd the left of the frame and fine ferns the right. A glass carafe half full of water sits on the bench in front of him, beside damp dark soil and a brass watering can. Behind him the greenhouse panes show a pale cyan to warm cream sky gradient, with condensation beading on the glass.",Real Value,euler_ancestral,simple,9,1.0,1.0,1024,1280
38,push,slice_b3_neg,WO_b3_neg.json,5,P02,3141592,P02_slice_b3_neg_krea2_seed3141592,P02_slice_b3_neg_krea2_seed3141592_00001_.png,,7919c95fcf,"Western comics style, bold ink outlines, hatched shadows, medium wide shot, static centred composition, eye-level camera, subject centred and filling the middle third of the frame. A botanist man stands among potting benches, facing the viewer, one hand on a terracotta pot. He has straight pale hair, freckled fair skin, a knitted wool cardigan over a cotton shirt, and small round glasses. Broad waxy monstera leaves crowd the left of the frame and fine ferns the right. A glass carafe half full of water sits on the bench in front of him, beside damp dark soil and a brass watering can. Behind him the greenhouse panes show a pale cyan to warm cream sky gradient, with condensation beading on the glass.",Real Value,euler_ancestral,simple,9,1.0,1.0,1024,1280
39,push,slice_b4_pos,WO_b4_pos.json,5,P01,1618033,P01_slice_b4_pos_krea2_seed1618033,P01_slice_b4_pos_krea2_seed1618033_00001_.png,,52e5b19ca6,"Western comics style, bold ink outlines, hatched shadows, medium wide shot, static centred composition, eye-level camera, subject centred and filling the middle third of the frame. A blacksmith woman stands behind a heavy oak workbench, facing the viewer, both hands resting flat on the wood. She has coarse dark curls tied back, weathered brown skin, a leather apron over a coarse linen shirt, and a polished steel gauntlet on her left forearm. On the bench lie a hammered copper bowl, a coil of frayed rope, and three rough granite offcuts. Behind her on the left a forge fire glows with a warm orange to deep red gradient, and thin smoke rises against a flat dark stone wall on the right. Cold blue window light falls from the upper left across the steel.",Real Value,euler_ancestral,simple,9,1.0,1.0,1024,1280
40,push,slice_b4_pos,WO_b4_pos.json,5,P01,2718281,P01_slice_b4_pos_krea2_seed2718281,P01_slice_b4_pos_krea2_seed2718281_00001_.png,,52e5b19ca6,"Western comics style, bold ink outlines, hatched shadows, medium wide shot, static centred composition, eye-level camera, subject centred and filling the middle third of the frame. A blacksmith woman stands behind a heavy oak workbench, facing the viewer, both hands resting flat on the wood. She has coarse dark curls tied back, weathered brown skin, a leather apron over a coarse linen shirt, and a polished steel gauntlet on her left forearm. On the bench lie a hammered copper bowl, a coil of frayed rope, and three rough granite offcuts. Behind her on the left a forge fire glows with a warm orange to deep red gradient, and thin smoke rises against a flat dark stone wall on the right. Cold blue window light falls from the upper left across the steel.",Real Value,euler_ancestral,simple,9,1.0,1.0,1024,1280
41,push,slice_b4_pos,WO_b4_pos.json,5,P01,3141592,P01_slice_b4_pos_krea2_seed3141592,P01_slice_b4_pos_krea2_seed3141592_00001_.png,,52e5b19ca6,"Western comics style, bold ink outlines, hatched shadows, medium wide shot, static centred composition, eye-level camera, subject centred and filling the middle third of the frame. A blacksmith woman stands behind a heavy oak workbench, facing the viewer, both hands resting flat on the wood. She has coarse dark curls tied back, weathered brown skin, a leather apron over a coarse linen shirt, and a polished steel gauntlet on her left forearm. On the bench lie a hammered copper bowl, a coil of frayed rope, and three rough granite offcuts. Behind her on the left a forge fire glows with a warm orange to deep red gradient, and thin smoke rises against a flat dark stone wall on the right. Cold blue window light falls from the upper left across the steel.",Real Value,euler_ancestral,simple,9,1.0,1.0,1024,1280
42,push,slice_b4_pos,WO_b4_pos.json,5,P02,1618033,P02_slice_b4_pos_krea2_seed1618033,P02_slice_b4_pos_krea2_seed1618033_00001_.png,,7919c95fcf,"Western comics style, bold ink outlines, hatched shadows, medium wide shot, static centred composition, eye-level camera, subject centred and filling the middle third of the frame. A botanist man stands among potting benches, facing the viewer, one hand on a terracotta pot. He has straight pale hair, freckled fair skin, a knitted wool cardigan over a cotton shirt, and small round glasses. Broad waxy monstera leaves crowd the left of the frame and fine ferns the right. A glass carafe half full of water sits on the bench in front of him, beside damp dark soil and a brass watering can. Behind him the greenhouse panes show a pale cyan to warm cream sky gradient, with condensation beading on the glass.",Real Value,euler_ancestral,simple,9,1.0,1.0,1024,1280
43,push,slice_b4_pos,WO_b4_pos.json,5,P02,2718281,P02_slice_b4_pos_krea2_seed2718281,P02_slice_b4_pos_krea2_seed2718281_00001_.png,,7919c95fcf,"Western comics style, bold ink outlines, hatched shadows, medium wide shot, static centred composition, eye-level camera, subject centred and filling the middle third of the frame. A botanist man stands among potting benches, facing the viewer, one hand on a terracotta pot. He has straight pale hair, freckled fair skin, a knitted wool cardigan over a cotton shirt, and small round glasses. Broad waxy monstera leaves crowd the left of the frame and fine ferns the right. A glass carafe half full of water sits on the bench in front of him, beside damp dark soil and a brass watering can. Behind him the greenhouse panes show a pale cyan to warm cream sky gradient, with condensation beading on the glass.",Real Value,euler_ancestral,simple,9,1.0,1.0,1024,1280
44,push,slice_b4_pos,WO_b4_pos.json,5,P02,3141592,P02_slice_b4_pos_krea2_seed3141592,P02_slice_b4_pos_krea2_seed3141592_00001_.png,,7919c95fcf,"Western comics style, bold ink outlines, hatched shadows, medium wide shot, static centred composition, eye-level camera, subject centred and filling the middle third of the frame. A botanist man stands among potting benches, facing the viewer, one hand on a terracotta pot. He has straight pale hair, freckled fair skin, a knitted wool cardigan over a cotton shirt, and small round glasses. Broad waxy monstera leaves crowd the left of the frame and fine ferns the right. A glass carafe half full of water sits on the bench in front of him, beside damp dark soil and a brass watering can. Behind him the greenhouse panes show a pale cyan to warm cream sky gradient, with condensation beading on the glass.",Real Value,euler_ancestral,simple,9,1.0,1.0,1024,1280
45,push,slice_b4_neg,WO_b4_neg.json,5,P01,1618033,P01_slice_b4_neg_krea2_seed1618033,P01_slice_b4_neg_krea2_seed1618033_00001_.png,,52e5b19ca6,"Western comics style, bold ink outlines, hatched shadows, medium wide shot, static centred composition, eye-level camera, subject centred and filling the middle third of the frame. A blacksmith woman stands behind a heavy oak workbench, facing the viewer, both hands resting flat on the wood. She has coarse dark curls tied back, weathered brown skin, a leather apron over a coarse linen shirt, and a polished steel gauntlet on her left forearm. On the bench lie a hammered copper bowl, a coil of frayed rope, and three rough granite offcuts. Behind her on the left a forge fire glows with a warm orange to deep red gradient, and thin smoke rises against a flat dark stone wall on the right. Cold blue window light falls from the upper left across the steel.",Real Value,euler_ancestral,simple,9,1.0,1.0,1024,1280
46,push,slice_b4_neg,WO_b4_neg.json,5,P01,2718281,P01_slice_b4_neg_krea2_seed2718281,P01_slice_b4_neg_krea2_seed2718281_00001_.png,,52e5b19ca6,"Western comics style, bold ink outlines, hatched shadows, medium wide shot, static centred composition, eye-level camera, subject centred and filling the middle third of the frame. A blacksmith woman stands behind a heavy oak workbench, facing the viewer, both hands resting flat on the wood. She has coarse dark curls tied back, weathered brown skin, a leather apron over a coarse linen shirt, and a polished steel gauntlet on her left forearm. On the bench lie a hammered copper bowl, a coil of frayed rope, and three rough granite offcuts. Behind her on the left a forge fire glows with a warm orange to deep red gradient, and thin smoke rises against a flat dark stone wall on the right. Cold blue window light falls from the upper left across the steel.",Real Value,euler_ancestral,simple,9,1.0,1.0,1024,1280
47,push,slice_b4_neg,WO_b4_neg.json,5,P01,3141592,P01_slice_b4_neg_krea2_seed3141592,P01_slice_b4_neg_krea2_seed3141592_00001_.png,,52e5b19ca6,"Western comics style, bold ink outlines, hatched shadows, medium wide shot, static centred composition, eye-level camera, subject centred and filling the middle third of the frame. A blacksmith woman stands behind a heavy oak workbench, facing the viewer, both hands resting flat on the wood. She has coarse dark curls tied back, weathered brown skin, a leather apron over a coarse linen shirt, and a polished steel gauntlet on her left forearm. On the bench lie a hammered copper bowl, a coil of frayed rope, and three rough granite offcuts. Behind her on the left a forge fire glows with a warm orange to deep red gradient, and thin smoke rises against a flat dark stone wall on the right. Cold blue window light falls from the upper left across the steel.",Real Value,euler_ancestral,simple,9,1.0,1.0,1024,1280
48,push,slice_b4_neg,WO_b4_neg.json,5,P02,1618033,P02_slice_b4_neg_krea2_seed1618033,P02_slice_b4_neg_krea2_seed1618033_00001_.png,,7919c95fcf,"Western comics style, bold ink outlines, hatched shadows, medium wide shot, static centred composition, eye-level camera, subject centred and filling the middle third of the frame. A botanist man stands among potting benches, facing the viewer, one hand on a terracotta pot. He has straight pale hair, freckled fair skin, a knitted wool cardigan over a cotton shirt, and small round glasses. Broad waxy monstera leaves crowd the left of the frame and fine ferns the right. A glass carafe half full of water sits on the bench in front of him, beside damp dark soil and a brass watering can. Behind him the greenhouse panes show a pale cyan to warm cream sky gradient, with condensation beading on the glass.",Real Value,euler_ancestral,simple,9,1.0,1.0,1024,1280
49,push,slice_b4_neg,WO_b4_neg.json,5,P02,2718281,P02_slice_b4_neg_krea2_seed2718281,P02_slice_b4_neg_krea2_seed2718281_00001_.png,,7919c95fcf,"Western comics style, bold ink outlines, hatched shadows, medium wide shot, static centred composition, eye-level camera, subject centred and filling the middle third of the frame. A botanist man stands among potting benches, facing the viewer, one hand on a terracotta pot. He has straight pale hair, freckled fair skin, a knitted wool cardigan over a cotton shirt, and small round glasses. Broad waxy monstera leaves crowd the left of the frame and fine ferns the right. A glass carafe half full of water sits on the bench in front of him, beside damp dark soil and a brass watering can. Behind him the greenhouse panes show a pale cyan to warm cream sky gradient, with condensation beading on the glass.",Real Value,euler_ancestral,simple,9,1.0,1.0,1024,1280
50,push,slice_b4_neg,WO_b4_neg.json,5,P02,3141592,P02_slice_b4_neg_krea2_seed3141592,P02_slice_b4_neg_krea2_seed3141592_00001_.png,,7919c95fcf,"Western comics style, bold ink outlines, hatched shadows, medium wide shot, static centred composition, eye-level camera, subject centred and filling the middle third of the frame. A botanist man stands among potting benches, facing the viewer, one hand on a terracotta pot. He has straight pale hair, freckled fair skin, a knitted wool cardigan over a cotton shirt, and small round glasses. Broad waxy monstera leaves crowd the left of the frame and fine ferns the right. A glass carafe half full of water sits on the bench in front of him, beside damp dark soil and a brass watering can. Behind him the greenhouse panes show a pale cyan to warm cream sky gradient, with condensation beading on the glass.",Real Value,euler_ancestral,simple,9,1.0,1.0,1024,1280
51,push,slice_b5_pos,WO_b5_pos.json,4,P01,1618033,P01_slice_b5_pos_krea2_seed1618033,P01_slice_b5_pos_krea2_seed1618033_00001_.png,,52e5b19ca6,"Western comics style, bold ink outlines, hatched shadows, medium wide shot, static centred composition, eye-level camera, subject centred and filling the middle third of the frame. A blacksmith woman stands behind a heavy oak workbench, facing the viewer, both hands resting flat on the wood. She has coarse dark curls tied back, weathered brown skin, a leather apron over a coarse linen shirt, and a polished steel gauntlet on her left forearm. On the bench lie a hammered copper bowl, a coil of frayed rope, and three rough granite offcuts. Behind her on the left a forge fire glows with a warm orange to deep red gradient, and thin smoke rises against a flat dark stone wall on the right. Cold blue window light falls from the upper left across the steel.",Real Value,euler_ancestral,simple,9,1.0,1.0,1024,1280
52,push,slice_b5_pos,WO_b5_pos.json,4,P01,2718281,P01_slice_b5_pos_krea2_seed2718281,P01_slice_b5_pos_krea2_seed2718281_00001_.png,,52e5b19ca6,"Western comics style, bold ink outlines, hatched shadows, medium wide shot, static centred composition, eye-level camera, subject centred and filling the middle third of the frame. A blacksmith woman stands behind a heavy oak workbench, facing the viewer, both hands resting flat on the wood. She has coarse dark curls tied back, weathered brown skin, a leather apron over a coarse linen shirt, and a polished steel gauntlet on her left forearm. On the bench lie a hammered copper bowl, a coil of frayed rope, and three rough granite offcuts. Behind her on the left a forge fire glows with a warm orange to deep red gradient, and thin smoke rises against a flat dark stone wall on the right. Cold blue window light falls from the upper left across the steel.",Real Value,euler_ancestral,simple,9,1.0,1.0,1024,1280
53,push,slice_b5_pos,WO_b5_pos.json,4,P01,3141592,P01_slice_b5_pos_krea2_seed3141592,P01_slice_b5_pos_krea2_seed3141592_00001_.png,,52e5b19ca6,"Western comics style, bold ink outlines, hatched shadows, medium wide shot, static centred composition, eye-level camera, subject centred and filling the middle third of the frame. A blacksmith woman stands behind a heavy oak workbench, facing the viewer, both hands resting flat on the wood. She has coarse dark curls tied back, weathered brown skin, a leather apron over a coarse linen shirt, and a polished steel gauntlet on her left forearm. On the bench lie a hammered copper bowl, a coil of frayed rope, and three rough granite offcuts. Behind her on the left a forge fire glows with a warm orange to deep red gradient, and thin smoke rises against a flat dark stone wall on the right. Cold blue window light falls from the upper left across the steel.",Real Value,euler_ancestral,simple,9,1.0,1.0,1024,1280
54,push,slice_b5_pos,WO_b5_pos.json,4,P02,1618033,P02_slice_b5_pos_krea2_seed1618033,P02_slice_b5_pos_krea2_seed1618033_00001_.png,,7919c95fcf,"Western comics style, bold ink outlines, hatched shadows, medium wide shot, static centred composition, eye-level camera, subject centred and filling the middle third of the frame. A botanist man stands among potting benches, facing the viewer, one hand on a terracotta pot. He has straight pale hair, freckled fair skin, a knitted wool cardigan over a cotton shirt, and small round glasses. Broad waxy monstera leaves crowd the left of the frame and fine ferns the right. A glass carafe half full of water sits on the bench in front of him, beside damp dark soil and a brass watering can. Behind him the greenhouse panes show a pale cyan to warm cream sky gradient, with condensation beading on the glass.",Real Value,euler_ancestral,simple,9,1.0,1.0,1024,1280
55,push,slice_b5_pos,WO_b5_pos.json,4,P02,2718281,P02_slice_b5_pos_krea2_seed2718281,P02_slice_b5_pos_krea2_seed2718281_00001_.png,,7919c95fcf,"Western comics style, bold ink outlines, hatched shadows, medium wide shot, static centred composition, eye-level camera, subject centred and filling the middle third of the frame. A botanist man stands among potting benches, facing the viewer, one hand on a terracotta pot. He has straight pale hair, freckled fair skin, a knitted wool cardigan over a cotton shirt, and small round glasses. Broad waxy monstera leaves crowd the left of the frame and fine ferns the right. A glass carafe half full of water sits on the bench in front of him, beside damp dark soil and a brass watering can. Behind him the greenhouse panes show a pale cyan to warm cream sky gradient, with condensation beading on the glass.",Real Value,euler_ancestral,simple,9,1.0,1.0,1024,1280
56,push,slice_b5_pos,WO_b5_pos.json,4,P02,3141592,P02_slice_b5_pos_krea2_seed3141592,P02_slice_b5_pos_krea2_seed3141592_00001_.png,,7919c95fcf,"Western comics style, bold ink outlines, hatched shadows, medium wide shot, static centred composition, eye-level camera, subject centred and filling the middle third of the frame. A botanist man stands among potting benches, facing the viewer, one hand on a terracotta pot. He has straight pale hair, freckled fair skin, a knitted wool cardigan over a cotton shirt, and small round glasses. Broad waxy monstera leaves crowd the left of the frame and fine ferns the right. A glass carafe half full of water sits on the bench in front of him, beside damp dark soil and a brass watering can. Behind him the greenhouse panes show a pale cyan to warm cream sky gradient, with condensation beading on the glass.",Real Value,euler_ancestral,simple,9,1.0,1.0,1024,1280
57,push,slice_b5_neg,WO_b5_neg.json,4,P01,1618033,P01_slice_b5_neg_krea2_seed1618033,P01_slice_b5_neg_krea2_seed1618033_00001_.png,,52e5b19ca6,"Western comics style, bold ink outlines, hatched shadows, medium wide shot, static centred composition, eye-level camera, subject centred and filling the middle third of the frame. A blacksmith woman stands behind a heavy oak workbench, facing the viewer, both hands resting flat on the wood. She has coarse dark curls tied back, weathered brown skin, a leather apron over a coarse linen shirt, and a polished steel gauntlet on her left forearm. On the bench lie a hammered copper bowl, a coil of frayed rope, and three rough granite offcuts. Behind her on the left a forge fire glows with a warm orange to deep red gradient, and thin smoke rises against a flat dark stone wall on the right. Cold blue window light falls from the upper left across the steel.",Real Value,euler_ancestral,simple,9,1.0,1.0,1024,1280
58,push,slice_b5_neg,WO_b5_neg.json,4,P01,2718281,P01_slice_b5_neg_krea2_seed2718281,P01_slice_b5_neg_krea2_seed2718281_00001_.png,,52e5b19ca6,"Western comics style, bold ink outlines, hatched shadows, medium wide shot, static centred composition, eye-level camera, subject centred and filling the middle third of the frame. A blacksmith woman stands behind a heavy oak workbench, facing the viewer, both hands resting flat on the wood. She has coarse dark curls tied back, weathered brown skin, a leather apron over a coarse linen shirt, and a polished steel gauntlet on her left forearm. On the bench lie a hammered copper bowl, a coil of frayed rope, and three rough granite offcuts. Behind her on the left a forge fire glows with a warm orange to deep red gradient, and thin smoke rises against a flat dark stone wall on the right. Cold blue window light falls from the upper left across the steel.",Real Value,euler_ancestral,simple,9,1.0,1.0,1024,1280
59,push,slice_b5_neg,WO_b5_neg.json,4,P01,3141592,P01_slice_b5_neg_krea2_seed3141592,P01_slice_b5_neg_krea2_seed3141592_00001_.png,,52e5b19ca6,"Western comics style, bold ink outlines, hatched shadows, medium wide shot, static centred composition, eye-level camera, subject centred and filling the middle third of the frame. A blacksmith woman stands behind a heavy oak workbench, facing the viewer, both hands resting flat on the wood. She has coarse dark curls tied back, weathered brown skin, a leather apron over a coarse linen shirt, and a polished steel gauntlet on her left forearm. On the bench lie a hammered copper bowl, a coil of frayed rope, and three rough granite offcuts. Behind her on the left a forge fire glows with a warm orange to deep red gradient, and thin smoke rises against a flat dark stone wall on the right. Cold blue window light falls from the upper left across the steel.",Real Value,euler_ancestral,simple,9,1.0,1.0,1024,1280
60,push,slice_b5_neg,WO_b5_neg.json,4,P02,1618033,P02_slice_b5_neg_krea2_seed1618033,P02_slice_b5_neg_krea2_seed1618033_00001_.png,,7919c95fcf,"Western comics style, bold ink outlines, hatched shadows, medium wide shot, static centred composition, eye-level camera, subject centred and filling the middle third of the frame. A botanist man stands among potting benches, facing the viewer, one hand on a terracotta pot. He has straight pale hair, freckled fair skin, a knitted wool cardigan over a cotton shirt, and small round glasses. Broad waxy monstera leaves crowd the left of the frame and fine ferns the right. A glass carafe half full of water sits on the bench in front of him, beside damp dark soil and a brass watering can. Behind him the greenhouse panes show a pale cyan to warm cream sky gradient, with condensation beading on the glass.",Real Value,euler_ancestral,simple,9,1.0,1.0,1024,1280
61,push,slice_b5_neg,WO_b5_neg.json,4,P02,2718281,P02_slice_b5_neg_krea2_seed2718281,P02_slice_b5_neg_krea2_seed2718281_00001_.png,,7919c95fcf,"Western comics style, bold ink outlines, hatched shadows, medium wide shot, static centred composition, eye-level camera, subject centred and filling the middle third of the frame. A botanist man stands among potting benches, facing the viewer, one hand on a terracotta pot. He has straight pale hair, freckled fair skin, a knitted wool cardigan over a cotton shirt, and small round glasses. Broad waxy monstera leaves crowd the left of the frame and fine ferns the right. A glass carafe half full of water sits on the bench in front of him, beside damp dark soil and a brass watering can. Behind him the greenhouse panes show a pale cyan to warm cream sky gradient, with condensation beading on the glass.",Real Value,euler_ancestral,simple,9,1.0,1.0,1024,1280
62,push,slice_b5_neg,WO_b5_neg.json,4,P02,3141592,P02_slice_b5_neg_krea2_seed3141592,P02_slice_b5_neg_krea2_seed3141592_00001_.png,,7919c95fcf,"Western comics style, bold ink outlines, hatched shadows, medium wide shot, static centred composition, eye-level camera, subject centred and filling the middle third of the frame. A botanist man stands among potting benches, facing the viewer, one hand on a terracotta pot. He has straight pale hair, freckled fair skin, a knitted wool cardigan over a cotton shirt, and small round glasses. Broad waxy monstera leaves crowd the left of the frame and fine ferns the right. A glass carafe half full of water sits on the bench in front of him, beside damp dark soil and a brass watering can. Behind him the greenhouse panes show a pale cyan to warm cream sky gradient, with condensation beading on the glass.",Real Value,euler_ancestral,simple,9,1.0,1.0,1024,1280
63,push,slice_b6_pos,Arthemy_QKVO_wo_b6_pos.json,4,P01,1618033,P01_slice_b6_pos_krea2_seed1618033,P01_slice_b6_pos_krea2_seed1618033_00001_.png,,52e5b19ca6,"Western comics style, bold ink outlines, hatched shadows, medium wide shot, static centred composition, eye-level camera, subject centred and filling the middle third of the frame. A blacksmith woman stands behind a heavy oak workbench, facing the viewer, both hands resting flat on the wood. She has coarse dark curls tied back, weathered brown skin, a leather apron over a coarse linen shirt, and a polished steel gauntlet on her left forearm. On the bench lie a hammered copper bowl, a coil of frayed rope, and three rough granite offcuts. Behind her on the left a forge fire glows with a warm orange to deep red gradient, and thin smoke rises against a flat dark stone wall on the right. Cold blue window light falls from the upper left across the steel.",Real Value,euler_ancestral,simple,9,1.0,1.0,1024,1280
64,push,slice_b6_pos,Arthemy_QKVO_wo_b6_pos.json,4,P01,2718281,P01_slice_b6_pos_krea2_seed2718281,P01_slice_b6_pos_krea2_seed2718281_00001_.png,,52e5b19ca6,"Western comics style, bold ink outlines, hatched shadows, medium wide shot, static centred composition, eye-level camera, subject centred and filling the middle third of the frame. A blacksmith woman stands behind a heavy oak workbench, facing the viewer, both hands resting flat on the wood. She has coarse dark curls tied back, weathered brown skin, a leather apron over a coarse linen shirt, and a polished steel gauntlet on her left forearm. On the bench lie a hammered copper bowl, a coil of frayed rope, and three rough granite offcuts. Behind her on the left a forge fire glows with a warm orange to deep red gradient, and thin smoke rises against a flat dark stone wall on the right. Cold blue window light falls from the upper left across the steel.",Real Value,euler_ancestral,simple,9,1.0,1.0,1024,1280
65,push,slice_b6_pos,Arthemy_QKVO_wo_b6_pos.json,4,P01,3141592,P01_slice_b6_pos_krea2_seed3141592,P01_slice_b6_pos_krea2_seed3141592_00001_.png,,52e5b19ca6,"Western comics style, bold ink outlines, hatched shadows, medium wide shot, static centred composition, eye-level camera, subject centred and filling the middle third of the frame. A blacksmith woman stands behind a heavy oak workbench, facing the viewer, both hands resting flat on the wood. She has coarse dark curls tied back, weathered brown skin, a leather apron over a coarse linen shirt, and a polished steel gauntlet on her left forearm. On the bench lie a hammered copper bowl, a coil of frayed rope, and three rough granite offcuts. Behind her on the left a forge fire glows with a warm orange to deep red gradient, and thin smoke rises against a flat dark stone wall on the right. Cold blue window light falls from the upper left across the steel.",Real Value,euler_ancestral,simple,9,1.0,1.0,1024,1280
66,push,slice_b6_pos,Arthemy_QKVO_wo_b6_pos.json,4,P02,1618033,P02_slice_b6_pos_krea2_seed1618033,P02_slice_b6_pos_krea2_seed1618033_00001_.png,,7919c95fcf,"Western comics style, bold ink outlines, hatched shadows, medium wide shot, static centred composition, eye-level camera, subject centred and filling the middle third of the frame. A botanist man stands among potting benches, facing the viewer, one hand on a terracotta pot. He has straight pale hair, freckled fair skin, a knitted wool cardigan over a cotton shirt, and small round glasses. Broad waxy monstera leaves crowd the left of the frame and fine ferns the right. A glass carafe half full of water sits on the bench in front of him, beside damp dark soil and a brass watering can. Behind him the greenhouse panes show a pale cyan to warm cream sky gradient, with condensation beading on the glass.",Real Value,euler_ancestral,simple,9,1.0,1.0,1024,1280
67,push,slice_b6_pos,Arthemy_QKVO_wo_b6_pos.json,4,P02,2718281,P02_slice_b6_pos_krea2_seed2718281,P02_slice_b6_pos_krea2_seed2718281_00001_.png,,7919c95fcf,"Western comics style, bold ink outlines, hatched shadows, medium wide shot, static centred composition, eye-level camera, subject centred and filling the middle third of the frame. A botanist man stands among potting benches, facing the viewer, one hand on a terracotta pot. He has straight pale hair, freckled fair skin, a knitted wool cardigan over a cotton shirt, and small round glasses. Broad waxy monstera leaves crowd the left of the frame and fine ferns the right. A glass carafe half full of water sits on the bench in front of him, beside damp dark soil and a brass watering can. Behind him the greenhouse panes show a pale cyan to warm cream sky gradient, with condensation beading on the glass.",Real Value,euler_ancestral,simple,9,1.0,1.0,1024,1280
68,push,slice_b6_pos,Arthemy_QKVO_wo_b6_pos.json,4,P02,3141592,P02_slice_b6_pos_krea2_seed3141592,P02_slice_b6_pos_krea2_seed3141592_00001_.png,,7919c95fcf,"Western comics style, bold ink outlines, hatched shadows, medium wide shot, static centred composition, eye-level camera, subject centred and filling the middle third of the frame. A botanist man stands among potting benches, facing the viewer, one hand on a terracotta pot. He has straight pale hair, freckled fair skin, a knitted wool cardigan over a cotton shirt, and small round glasses. Broad waxy monstera leaves crowd the left of the frame and fine ferns the right. A glass carafe half full of water sits on the bench in front of him, beside damp dark soil and a brass watering can. Behind him the greenhouse panes show a pale cyan to warm cream sky gradient, with condensation beading on the glass.",Real Value,euler_ancestral,simple,9,1.0,1.0,1024,1280
69,push,slice_b6_neg,Arthemy_QKVO_wo_b6_neg.json,4,P01,1618033,P01_slice_b6_neg_krea2_seed1618033,P01_slice_b6_neg_krea2_seed1618033_00001_.png,,52e5b19ca6,"Western comics style, bold ink outlines, hatched shadows, medium wide shot, static centred composition, eye-level camera, subject centred and filling the middle third of the frame. A blacksmith woman stands behind a heavy oak workbench, facing the viewer, both hands resting flat on the wood. She has coarse dark curls tied back, weathered brown skin, a leather apron over a coarse linen shirt, and a polished steel gauntlet on her left forearm. On the bench lie a hammered copper bowl, a coil of frayed rope, and three rough granite offcuts. Behind her on the left a forge fire glows with a warm orange to deep red gradient, and thin smoke rises against a flat dark stone wall on the right. Cold blue window light falls from the upper left across the steel.",Real Value,euler_ancestral,simple,9,1.0,1.0,1024,1280
70,push,slice_b6_neg,Arthemy_QKVO_wo_b6_neg.json,4,P01,2718281,P01_slice_b6_neg_krea2_seed2718281,P01_slice_b6_neg_krea2_seed2718281_00001_.png,,52e5b19ca6,"Western comics style, bold ink outlines, hatched shadows, medium wide shot, static centred composition, eye-level camera, subject centred and filling the middle third of the frame. A blacksmith woman stands behind a heavy oak workbench, facing the viewer, both hands resting flat on the wood. She has coarse dark curls tied back, weathered brown skin, a leather apron over a coarse linen shirt, and a polished steel gauntlet on her left forearm. On the bench lie a hammered copper bowl, a coil of frayed rope, and three rough granite offcuts. Behind her on the left a forge fire glows with a warm orange to deep red gradient, and thin smoke rises against a flat dark stone wall on the right. Cold blue window light falls from the upper left across the steel.",Real Value,euler_ancestral,simple,9,1.0,1.0,1024,1280
71,push,slice_b6_neg,Arthemy_QKVO_wo_b6_neg.json,4,P01,3141592,P01_slice_b6_neg_krea2_seed3141592,P01_slice_b6_neg_krea2_seed3141592_00001_.png,,52e5b19ca6,"Western comics style, bold ink outlines, hatched shadows, medium wide shot, static centred composition, eye-level camera, subject centred and filling the middle third of the frame. A blacksmith woman stands behind a heavy oak workbench, facing the viewer, both hands resting flat on the wood. She has coarse dark curls tied back, weathered brown skin, a leather apron over a coarse linen shirt, and a polished steel gauntlet on her left forearm. On the bench lie a hammered copper bowl, a coil of frayed rope, and three rough granite offcuts. Behind her on the left a forge fire glows with a warm orange to deep red gradient, and thin smoke rises against a flat dark stone wall on the right. Cold blue window light falls from the upper left across the steel.",Real Value,euler_ancestral,simple,9,1.0,1.0,1024,1280
72,push,slice_b6_neg,Arthemy_QKVO_wo_b6_neg.json,4,P02,1618033,P02_slice_b6_neg_krea2_seed1618033,P02_slice_b6_neg_krea2_seed1618033_00001_.png,,7919c95fcf,"Western comics style, bold ink outlines, hatched shadows, medium wide shot, static centred composition, eye-level camera, subject centred and filling the middle third of the frame. A botanist man stands among potting benches, facing the viewer, one hand on a terracotta pot. He has straight pale hair, freckled fair skin, a knitted wool cardigan over a cotton shirt, and small round glasses. Broad waxy monstera leaves crowd the left of the frame and fine ferns the right. A glass carafe half full of water sits on the bench in front of him, beside damp dark soil and a brass watering can. Behind him the greenhouse panes show a pale cyan to warm cream sky gradient, with condensation beading on the glass.",Real Value,euler_ancestral,simple,9,1.0,1.0,1024,1280
73,push,slice_b6_neg,Arthemy_QKVO_wo_b6_neg.json,4,P02,2718281,P02_slice_b6_neg_krea2_seed2718281,P02_slice_b6_neg_krea2_seed2718281_00001_.png,,7919c95fcf,"Western comics style, bold ink outlines, hatched shadows, medium wide shot, static centred composition, eye-level camera, subject centred and filling the middle third of the frame. A botanist man stands among potting benches, facing the viewer, one hand on a terracotta pot. He has straight pale hair, freckled fair skin, a knitted wool cardigan over a cotton shirt, and small round glasses. Broad waxy monstera leaves crowd the left of the frame and fine ferns the right. A glass carafe half full of water sits on the bench in front of him, beside damp dark soil and a brass watering can. Behind him the greenhouse panes show a pale cyan to warm cream sky gradient, with condensation beading on the glass.",Real Value,euler_ancestral,simple,9,1.0,1.0,1024,1280
74,push,slice_b6_neg,Arthemy_QKVO_wo_b6_neg.json,4,P02,3141592,P02_slice_b6_neg_krea2_seed3141592,P02_slice_b6_neg_krea2_seed3141592_00001_.png,,7919c95fcf,"Western comics style, bold ink outlines, hatched shadows, medium wide shot, static centred composition, eye-level camera, subject centred and filling the middle third of the frame. A botanist man stands among potting benches, facing the viewer, one hand on a terracotta pot. He has straight pale hair, freckled fair skin, a knitted wool cardigan over a cotton shirt, and small round glasses. Broad waxy monstera leaves crowd the left of the frame and fine ferns the right. A glass carafe half full of water sits on the bench in front of him, beside damp dark soil and a brass watering can. Behind him the greenhouse panes show a pale cyan to warm cream sky gradient, with condensation beading on the glass.",Real Value,euler_ancestral,simple,9,1.0,1.0,1024,1280
75,push,union_pos,Family_wo_d+0.100.json,28,P01,1618033,P01_union_pos_krea2_seed1618033,P01_union_pos_krea2_seed1618033_00001_.png,,52e5b19ca6,"Western comics style, bold ink outlines, hatched shadows, medium wide shot, static centred composition, eye-level camera, subject centred and filling the middle third of the frame. A blacksmith woman stands behind a heavy oak workbench, facing the viewer, both hands resting flat on the wood. She has coarse dark curls tied back, weathered brown skin, a leather apron over a coarse linen shirt, and a polished steel gauntlet on her left forearm. On the bench lie a hammered copper bowl, a coil of frayed rope, and three rough granite offcuts. Behind her on the left a forge fire glows with a warm orange to deep red gradient, and thin smoke rises against a flat dark stone wall on the right. Cold blue window light falls from the upper left across the steel.",Real Value,euler_ancestral,simple,9,1.0,1.0,1024,1280
76,push,union_pos,Family_wo_d+0.100.json,28,P01,2718281,P01_union_pos_krea2_seed2718281,P01_union_pos_krea2_seed2718281_00001_.png,,52e5b19ca6,"Western comics style, bold ink outlines, hatched shadows, medium wide shot, static centred composition, eye-level camera, subject centred and filling the middle third of the frame. A blacksmith woman stands behind a heavy oak workbench, facing the viewer, both hands resting flat on the wood. She has coarse dark curls tied back, weathered brown skin, a leather apron over a coarse linen shirt, and a polished steel gauntlet on her left forearm. On the bench lie a hammered copper bowl, a coil of frayed rope, and three rough granite offcuts. Behind her on the left a forge fire glows with a warm orange to deep red gradient, and thin smoke rises against a flat dark stone wall on the right. Cold blue window light falls from the upper left across the steel.",Real Value,euler_ancestral,simple,9,1.0,1.0,1024,1280
77,push,union_pos,Family_wo_d+0.100.json,28,P01,3141592,P01_union_pos_krea2_seed3141592,P01_union_pos_krea2_seed3141592_00001_.png,,52e5b19ca6,"Western comics style, bold ink outlines, hatched shadows, medium wide shot, static centred composition, eye-level camera, subject centred and filling the middle third of the frame. A blacksmith woman stands behind a heavy oak workbench, facing the viewer, both hands resting flat on the wood. She has coarse dark curls tied back, weathered brown skin, a leather apron over a coarse linen shirt, and a polished steel gauntlet on her left forearm. On the bench lie a hammered copper bowl, a coil of frayed rope, and three rough granite offcuts. Behind her on the left a forge fire glows with a warm orange to deep red gradient, and thin smoke rises against a flat dark stone wall on the right. Cold blue window light falls from the upper left across the steel.",Real Value,euler_ancestral,simple,9,1.0,1.0,1024,1280
78,push,union_pos,Family_wo_d+0.100.json,28,P02,1618033,P02_union_pos_krea2_seed1618033,P02_union_pos_krea2_seed1618033_00001_.png,,7919c95fcf,"Western comics style, bold ink outlines, hatched shadows, medium wide shot, static centred composition, eye-level camera, subject centred and filling the middle third of the frame. A botanist man stands among potting benches, facing the viewer, one hand on a terracotta pot. He has straight pale hair, freckled fair skin, a knitted wool cardigan over a cotton shirt, and small round glasses. Broad waxy monstera leaves crowd the left of the frame and fine ferns the right. A glass carafe half full of water sits on the bench in front of him, beside damp dark soil and a brass watering can. Behind him the greenhouse panes show a pale cyan to warm cream sky gradient, with condensation beading on the glass.",Real Value,euler_ancestral,simple,9,1.0,1.0,1024,1280
79,push,union_pos,Family_wo_d+0.100.json,28,P02,2718281,P02_union_pos_krea2_seed2718281,P02_union_pos_krea2_seed2718281_00001_.png,,7919c95fcf,"Western comics style, bold ink outlines, hatched shadows, medium wide shot, static centred composition, eye-level camera, subject centred and filling the middle third of the frame. A botanist man stands among potting benches, facing the viewer, one hand on a terracotta pot. He has straight pale hair, freckled fair skin, a knitted wool cardigan over a cotton shirt, and small round glasses. Broad waxy monstera leaves crowd the left of the frame and fine ferns the right. A glass carafe half full of water sits on the bench in front of him, beside damp dark soil and a brass watering can. Behind him the greenhouse panes show a pale cyan to warm cream sky gradient, with condensation beading on the glass.",Real Value,euler_ancestral,simple,9,1.0,1.0,1024,1280
80,push,union_pos,Family_wo_d+0.100.json,28,P02,3141592,P02_union_pos_krea2_seed3141592,P02_union_pos_krea2_seed3141592_00001_.png,,7919c95fcf,"Western comics style, bold ink outlines, hatched shadows, medium wide shot, static centred composition, eye-level camera, subject centred and filling the middle third of the frame. A botanist man stands among potting benches, facing the viewer, one hand on a terracotta pot. He has straight pale hair, freckled fair skin, a knitted wool cardigan over a cotton shirt, and small round glasses. Broad waxy monstera leaves crowd the left of the frame and fine ferns the right. A glass carafe half full of water sits on the bench in front of him, beside damp dark soil and a brass watering can. Behind him the greenhouse panes show a pale cyan to warm cream sky gradient, with condensation beading on the glass.",Real Value,euler_ancestral,simple,9,1.0,1.0,1024,1280
81,push,union_neg,Family_wo_d-0.100.json,28,P01,1618033,P01_union_neg_krea2_seed1618033,P01_union_neg_krea2_seed1618033_00001_.png,,52e5b19ca6,"Western comics style, bold ink outlines, hatched shadows, medium wide shot, static centred composition, eye-level camera, subject centred and filling the middle third of the frame. A blacksmith woman stands behind a heavy oak workbench, facing the viewer, both hands resting flat on the wood. She has coarse dark curls tied back, weathered brown skin, a leather apron over a coarse linen shirt, and a polished steel gauntlet on her left forearm. On the bench lie a hammered copper bowl, a coil of frayed rope, and three rough granite offcuts. Behind her on the left a forge fire glows with a warm orange to deep red gradient, and thin smoke rises against a flat dark stone wall on the right. Cold blue window light falls from the upper left across the steel.",Real Value,euler_ancestral,simple,9,1.0,1.0,1024,1280
82,push,union_neg,Family_wo_d-0.100.json,28,P01,2718281,P01_union_neg_krea2_seed2718281,P01_union_neg_krea2_seed2718281_00001_.png,,52e5b19ca6,"Western comics style, bold ink outlines, hatched shadows, medium wide shot, static centred composition, eye-level camera, subject centred and filling the middle third of the frame. A blacksmith woman stands behind a heavy oak workbench, facing the viewer, both hands resting flat on the wood. She has coarse dark curls tied back, weathered brown skin, a leather apron over a coarse linen shirt, and a polished steel gauntlet on her left forearm. On the bench lie a hammered copper bowl, a coil of frayed rope, and three rough granite offcuts. Behind her on the left a forge fire glows with a warm orange to deep red gradient, and thin smoke rises against a flat dark stone wall on the right. Cold blue window light falls from the upper left across the steel.",Real Value,euler_ancestral,simple,9,1.0,1.0,1024,1280
83,push,union_neg,Family_wo_d-0.100.json,28,P01,3141592,P01_union_neg_krea2_seed3141592,P01_union_neg_krea2_seed3141592_00001_.png,,52e5b19ca6,"Western comics style, bold ink outlines, hatched shadows, medium wide shot, static centred composition, eye-level camera, subject centred and filling the middle third of the frame. A blacksmith woman stands behind a heavy oak workbench, facing the viewer, both hands resting flat on the wood. She has coarse dark curls tied back, weathered brown skin, a leather apron over a coarse linen shirt, and a polished steel gauntlet on her left forearm. On the bench lie a hammered copper bowl, a coil of frayed rope, and three rough granite offcuts. Behind her on the left a forge fire glows with a warm orange to deep red gradient, and thin smoke rises against a flat dark stone wall on the right. Cold blue window light falls from the upper left across the steel.",Real Value,euler_ancestral,simple,9,1.0,1.0,1024,1280
84,push,union_neg,Family_wo_d-0.100.json,28,P02,1618033,P02_union_neg_krea2_seed1618033,P02_union_neg_krea2_seed1618033_00001_.png,,7919c95fcf,"Western comics style, bold ink outlines, hatched shadows, medium wide shot, static centred composition, eye-level camera, subject centred and filling the middle third of the frame. A botanist man stands among potting benches, facing the viewer, one hand on a terracotta pot. He has straight pale hair, freckled fair skin, a knitted wool cardigan over a cotton shirt, and small round glasses. Broad waxy monstera leaves crowd the left of the frame and fine ferns the right. A glass carafe half full of water sits on the bench in front of him, beside damp dark soil and a brass watering can. Behind him the greenhouse panes show a pale cyan to warm cream sky gradient, with condensation beading on the glass.",Real Value,euler_ancestral,simple,9,1.0,1.0,1024,1280
85,push,union_neg,Family_wo_d-0.100.json,28,P02,2718281,P02_union_neg_krea2_seed2718281,P02_union_neg_krea2_seed2718281_00001_.png,,7919c95fcf,"Western comics style, bold ink outlines, hatched shadows, medium wide shot, static centred composition, eye-level camera, subject centred and filling the middle third of the frame. A botanist man stands among potting benches, facing the viewer, one hand on a terracotta pot. He has straight pale hair, freckled fair skin, a knitted wool cardigan over a cotton shirt, and small round glasses. Broad waxy monstera leaves crowd the left of the frame and fine ferns the right. A glass carafe half full of water sits on the bench in front of him, beside damp dark soil and a brass watering can. Behind him the greenhouse panes show a pale cyan to warm cream sky gradient, with condensation beading on the glass.",Real Value,euler_ancestral,simple,9,1.0,1.0,1024,1280
86,push,union_neg,Family_wo_d-0.100.json,28,P02,3141592,P02_union_neg_krea2_seed3141592,P02_union_neg_krea2_seed3141592_00001_.png,,7919c95fcf,"Western comics style, bold ink outlines, hatched shadows, medium wide shot, static centred composition, eye-level camera, subject centred and filling the middle third of the frame. A botanist man stands among potting benches, facing the viewer, one hand on a terracotta pot. He has straight pale hair, freckled fair skin, a knitted wool cardigan over a cotton shirt, and small round glasses. Broad waxy monstera leaves crowd the left of the frame and fine ferns the right. A glass carafe half full of water sits on the bench in front of him, beside damp dark soil and a brass watering can. Behind him the greenhouse panes show a pale cyan to warm cream sky gradient, with condensation beading on the glass.",Real Value,euler_ancestral,simple,9,1.0,1.0,1024,1280
87,push,slice_b1_d+0.200,WO_b1_d+0.200.json,5,P01,1618033,P01_slice_b1_d+0.200_krea2_seed1618033,P01_slice_b1_d+0.200_krea2_seed1618033_00001_.png,,52e5b19ca6,"Western comics style, bold ink outlines, hatched shadows, medium wide shot, static centred composition, eye-level camera, subject centred and filling the middle third of the frame. A blacksmith woman stands behind a heavy oak workbench, facing the viewer, both hands resting flat on the wood. She has coarse dark curls tied back, weathered brown skin, a leather apron over a coarse linen shirt, and a polished steel gauntlet on her left forearm. On the bench lie a hammered copper bowl, a coil of frayed rope, and three rough granite offcuts. Behind her on the left a forge fire glows with a warm orange to deep red gradient, and thin smoke rises against a flat dark stone wall on the right. Cold blue window light falls from the upper left across the steel.",Real Value,euler_ancestral,simple,9,1.0,1.0,1024,1280
88,push,slice_b1_d+0.200,WO_b1_d+0.200.json,5,P01,2718281,P01_slice_b1_d+0.200_krea2_seed2718281,P01_slice_b1_d+0.200_krea2_seed2718281_00001_.png,,52e5b19ca6,"Western comics style, bold ink outlines, hatched shadows, medium wide shot, static centred composition, eye-level camera, subject centred and filling the middle third of the frame. A blacksmith woman stands behind a heavy oak workbench, facing the viewer, both hands resting flat on the wood. She has coarse dark curls tied back, weathered brown skin, a leather apron over a coarse linen shirt, and a polished steel gauntlet on her left forearm. On the bench lie a hammered copper bowl, a coil of frayed rope, and three rough granite offcuts. Behind her on the left a forge fire glows with a warm orange to deep red gradient, and thin smoke rises against a flat dark stone wall on the right. Cold blue window light falls from the upper left across the steel.",Real Value,euler_ancestral,simple,9,1.0,1.0,1024,1280
89,push,slice_b1_d+0.200,WO_b1_d+0.200.json,5,P01,3141592,P01_slice_b1_d+0.200_krea2_seed3141592,P01_slice_b1_d+0.200_krea2_seed3141592_00001_.png,,52e5b19ca6,"Western comics style, bold ink outlines, hatched shadows, medium wide shot, static centred composition, eye-level camera, subject centred and filling the middle third of the frame. A blacksmith woman stands behind a heavy oak workbench, facing the viewer, both hands resting flat on the wood. She has coarse dark curls tied back, weathered brown skin, a leather apron over a coarse linen shirt, and a polished steel gauntlet on her left forearm. On the bench lie a hammered copper bowl, a coil of frayed rope, and three rough granite offcuts. Behind her on the left a forge fire glows with a warm orange to deep red gradient, and thin smoke rises against a flat dark stone wall on the right. Cold blue window light falls from the upper left across the steel.",Real Value,euler_ancestral,simple,9,1.0,1.0,1024,1280
90,push,slice_b1_d+0.200,WO_b1_d+0.200.json,5,P02,1618033,P02_slice_b1_d+0.200_krea2_seed1618033,P02_slice_b1_d+0.200_krea2_seed1618033_00001_.png,,7919c95fcf,"Western comics style, bold ink outlines, hatched shadows, medium wide shot, static centred composition, eye-level camera, subject centred and filling the middle third of the frame. A botanist man stands among potting benches, facing the viewer, one hand on a terracotta pot. He has straight pale hair, freckled fair skin, a knitted wool cardigan over a cotton shirt, and small round glasses. Broad waxy monstera leaves crowd the left of the frame and fine ferns the right. A glass carafe half full of water sits on the bench in front of him, beside damp dark soil and a brass watering can. Behind him the greenhouse panes show a pale cyan to warm cream sky gradient, with condensation beading on the glass.",Real Value,euler_ancestral,simple,9,1.0,1.0,1024,1280
91,push,slice_b1_d+0.200,WO_b1_d+0.200.json,5,P02,2718281,P02_slice_b1_d+0.200_krea2_seed2718281,P02_slice_b1_d+0.200_krea2_seed2718281_00001_.png,,7919c95fcf,"Western comics style, bold ink outlines, hatched shadows, medium wide shot, static centred composition, eye-level camera, subject centred and filling the middle third of the frame. A botanist man stands among potting benches, facing the viewer, one hand on a terracotta pot. He has straight pale hair, freckled fair skin, a knitted wool cardigan over a cotton shirt, and small round glasses. Broad waxy monstera leaves crowd the left of the frame and fine ferns the right. A glass carafe half full of water sits on the bench in front of him, beside damp dark soil and a brass watering can. Behind him the greenhouse panes show a pale cyan to warm cream sky gradient, with condensation beading on the glass.",Real Value,euler_ancestral,simple,9,1.0,1.0,1024,1280
92,push,slice_b1_d+0.200,WO_b1_d+0.200.json,5,P02,3141592,P02_slice_b1_d+0.200_krea2_seed3141592,P02_slice_b1_d+0.200_krea2_seed3141592_00001_.png,,7919c95fcf,"Western comics style, bold ink outlines, hatched shadows, medium wide shot, static centred composition, eye-level camera, subject centred and filling the middle third of the frame. A botanist man stands among potting benches, facing the viewer, one hand on a terracotta pot. He has straight pale hair, freckled fair skin, a knitted wool cardigan over a cotton shirt, and small round glasses. Broad waxy monstera leaves crowd the left of the frame and fine ferns the right. A glass carafe half full of water sits on the bench in front of him, beside damp dark soil and a brass watering can. Behind him the greenhouse panes show a pale cyan to warm cream sky gradient, with condensation beading on the glass.",Real Value,euler_ancestral,simple,9,1.0,1.0,1024,1280
93,push,slice_b2_d+0.200,WO_b2_d+0.200.json,5,P01,1618033,P01_slice_b2_d+0.200_krea2_seed1618033,P01_slice_b2_d+0.200_krea2_seed1618033_00001_.png,,52e5b19ca6,"Western comics style, bold ink outlines, hatched shadows, medium wide shot, static centred composition, eye-level camera, subject centred and filling the middle third of the frame. A blacksmith woman stands behind a heavy oak workbench, facing the viewer, both hands resting flat on the wood. She has coarse dark curls tied back, weathered brown skin, a leather apron over a coarse linen shirt, and a polished steel gauntlet on her left forearm. On the bench lie a hammered copper bowl, a coil of frayed rope, and three rough granite offcuts. Behind her on the left a forge fire glows with a warm orange to deep red gradient, and thin smoke rises against a flat dark stone wall on the right. Cold blue window light falls from the upper left across the steel.",Real Value,euler_ancestral,simple,9,1.0,1.0,1024,1280
94,push,slice_b2_d+0.200,WO_b2_d+0.200.json,5,P01,2718281,P01_slice_b2_d+0.200_krea2_seed2718281,P01_slice_b2_d+0.200_krea2_seed2718281_00001_.png,,52e5b19ca6,"Western comics style, bold ink outlines, hatched shadows, medium wide shot, static centred composition, eye-level camera, subject centred and filling the middle third of the frame. A blacksmith woman stands behind a heavy oak workbench, facing the viewer, both hands resting flat on the wood. She has coarse dark curls tied back, weathered brown skin, a leather apron over a coarse linen shirt, and a polished steel gauntlet on her left forearm. On the bench lie a hammered copper bowl, a coil of frayed rope, and three rough granite offcuts. Behind her on the left a forge fire glows with a warm orange to deep red gradient, and thin smoke rises against a flat dark stone wall on the right. Cold blue window light falls from the upper left across the steel.",Real Value,euler_ancestral,simple,9,1.0,1.0,1024,1280
95,push,slice_b2_d+0.200,WO_b2_d+0.200.json,5,P01,3141592,P01_slice_b2_d+0.200_krea2_seed3141592,P01_slice_b2_d+0.200_krea2_seed3141592_00001_.png,,52e5b19ca6,"Western comics style, bold ink outlines, hatched shadows, medium wide shot, static centred composition, eye-level camera, subject centred and filling the middle third of the frame. A blacksmith woman stands behind a heavy oak workbench, facing the viewer, both hands resting flat on the wood. She has coarse dark curls tied back, weathered brown skin, a leather apron over a coarse linen shirt, and a polished steel gauntlet on her left forearm. On the bench lie a hammered copper bowl, a coil of frayed rope, and three rough granite offcuts. Behind her on the left a forge fire glows with a warm orange to deep red gradient, and thin smoke rises against a flat dark stone wall on the right. Cold blue window light falls from the upper left across the steel.",Real Value,euler_ancestral,simple,9,1.0,1.0,1024,1280
96,push,slice_b2_d+0.200,WO_b2_d+0.200.json,5,P02,1618033,P02_slice_b2_d+0.200_krea2_seed1618033,P02_slice_b2_d+0.200_krea2_seed1618033_00001_.png,,7919c95fcf,"Western comics style, bold ink outlines, hatched shadows, medium wide shot, static centred composition, eye-level camera, subject centred and filling the middle third of the frame. A botanist man stands among potting benches, facing the viewer, one hand on a terracotta pot. He has straight pale hair, freckled fair skin, a knitted wool cardigan over a cotton shirt, and small round glasses. Broad waxy monstera leaves crowd the left of the frame and fine ferns the right. A glass carafe half full of water sits on the bench in front of him, beside damp dark soil and a brass watering can. Behind him the greenhouse panes show a pale cyan to warm cream sky gradient, with condensation beading on the glass.",Real Value,euler_ancestral,simple,9,1.0,1.0,1024,1280
97,push,slice_b2_d+0.200,WO_b2_d+0.200.json,5,P02,2718281,P02_slice_b2_d+0.200_krea2_seed2718281,P02_slice_b2_d+0.200_krea2_seed2718281_00001_.png,,7919c95fcf,"Western comics style, bold ink outlines, hatched shadows, medium wide shot, static centred composition, eye-level camera, subject centred and filling the middle third of the frame. A botanist man stands among potting benches, facing the viewer, one hand on a terracotta pot. He has straight pale hair, freckled fair skin, a knitted wool cardigan over a cotton shirt, and small round glasses. Broad waxy monstera leaves crowd the left of the frame and fine ferns the right. A glass carafe half full of water sits on the bench in front of him, beside damp dark soil and a brass watering can. Behind him the greenhouse panes show a pale cyan to warm cream sky gradient, with condensation beading on the glass.",Real Value,euler_ancestral,simple,9,1.0,1.0,1024,1280
98,push,slice_b2_d+0.200,WO_b2_d+0.200.json,5,P02,3141592,P02_slice_b2_d+0.200_krea2_seed3141592,P02_slice_b2_d+0.200_krea2_seed3141592_00001_.png,,7919c95fcf,"Western comics style, bold ink outlines, hatched shadows, medium wide shot, static centred composition, eye-level camera, subject centred and filling the middle third of the frame. A botanist man stands among potting benches, facing the viewer, one hand on a terracotta pot. He has straight pale hair, freckled fair skin, a knitted wool cardigan over a cotton shirt, and small round glasses. Broad waxy monstera leaves crowd the left of the frame and fine ferns the right. A glass carafe half full of water sits on the bench in front of him, beside damp dark soil and a brass watering can. Behind him the greenhouse panes show a pale cyan to warm cream sky gradient, with condensation beading on the glass.",Real Value,euler_ancestral,simple,9,1.0,1.0,1024,1280
99,push,slice_b3_d+0.200,WO_b3_d+0.200.json,5,P01,1618033,P01_slice_b3_d+0.200_krea2_seed1618033,P01_slice_b3_d+0.200_krea2_seed1618033_00001_.png,,52e5b19ca6,"Western comics style, bold ink outlines, hatched shadows, medium wide shot, static centred composition, eye-level camera, subject centred and filling the middle third of the frame. A blacksmith woman stands behind a heavy oak workbench, facing the viewer, both hands resting flat on the wood. She has coarse dark curls tied back, weathered brown skin, a leather apron over a coarse linen shirt, and a polished steel gauntlet on her left forearm. On the bench lie a hammered copper bowl, a coil of frayed rope, and three rough granite offcuts. Behind her on the left a forge fire glows with a warm orange to deep red gradient, and thin smoke rises against a flat dark stone wall on the right. Cold blue window light falls from the upper left across the steel.",Real Value,euler_ancestral,simple,9,1.0,1.0,1024,1280
100,push,slice_b3_d+0.200,WO_b3_d+0.200.json,5,P01,2718281,P01_slice_b3_d+0.200_krea2_seed2718281,P01_slice_b3_d+0.200_krea2_seed2718281_00001_.png,,52e5b19ca6,"Western comics style, bold ink outlines, hatched shadows, medium wide shot, static centred composition, eye-level camera, subject centred and filling the middle third of the frame. A blacksmith woman stands behind a heavy oak workbench, facing the viewer, both hands resting flat on the wood. She has coarse dark curls tied back, weathered brown skin, a leather apron over a coarse linen shirt, and a polished steel gauntlet on her left forearm. On the bench lie a hammered copper bowl, a coil of frayed rope, and three rough granite offcuts. Behind her on the left a forge fire glows with a warm orange to deep red gradient, and thin smoke rises against a flat dark stone wall on the right. Cold blue window light falls from the upper left across the steel.",Real Value,euler_ancestral,simple,9,1.0,1.0,1024,1280
101,push,slice_b3_d+0.200,WO_b3_d+0.200.json,5,P01,3141592,P01_slice_b3_d+0.200_krea2_seed3141592,P01_slice_b3_d+0.200_krea2_seed3141592_00001_.png,,52e5b19ca6,"Western comics style, bold ink outlines, hatched shadows, medium wide shot, static centred composition, eye-level camera, subject centred and filling the middle third of the frame. A blacksmith woman stands behind a heavy oak workbench, facing the viewer, both hands resting flat on the wood. She has coarse dark curls tied back, weathered brown skin, a leather apron over a coarse linen shirt, and a polished steel gauntlet on her left forearm. On the bench lie a hammered copper bowl, a coil of frayed rope, and three rough granite offcuts. Behind her on the left a forge fire glows with a warm orange to deep red gradient, and thin smoke rises against a flat dark stone wall on the right. Cold blue window light falls from the upper left across the steel.",Real Value,euler_ancestral,simple,9,1.0,1.0,1024,1280
102,push,slice_b3_d+0.200,WO_b3_d+0.200.json,5,P02,1618033,P02_slice_b3_d+0.200_krea2_seed1618033,P02_slice_b3_d+0.200_krea2_seed1618033_00001_.png,,7919c95fcf,"Western comics style, bold ink outlines, hatched shadows, medium wide shot, static centred composition, eye-level camera, subject centred and filling the middle third of the frame. A botanist man stands among potting benches, facing the viewer, one hand on a terracotta pot. He has straight pale hair, freckled fair skin, a knitted wool cardigan over a cotton shirt, and small round glasses. Broad waxy monstera leaves crowd the left of the frame and fine ferns the right. A glass carafe half full of water sits on the bench in front of him, beside damp dark soil and a brass watering can. Behind him the greenhouse panes show a pale cyan to warm cream sky gradient, with condensation beading on the glass.",Real Value,euler_ancestral,simple,9,1.0,1.0,1024,1280
103,push,slice_b3_d+0.200,WO_b3_d+0.200.json,5,P02,2718281,P02_slice_b3_d+0.200_krea2_seed2718281,P02_slice_b3_d+0.200_krea2_seed2718281_00001_.png,,7919c95fcf,"Western comics style, bold ink outlines, hatched shadows, medium wide shot, static centred composition, eye-level camera, subject centred and filling the middle third of the frame. A botanist man stands among potting benches, facing the viewer, one hand on a terracotta pot. He has straight pale hair, freckled fair skin, a knitted wool cardigan over a cotton shirt, and small round glasses. Broad waxy monstera leaves crowd the left of the frame and fine ferns the right. A glass carafe half full of water sits on the bench in front of him, beside damp dark soil and a brass watering can. Behind him the greenhouse panes show a pale cyan to warm cream sky gradient, with condensation beading on the glass.",Real Value,euler_ancestral,simple,9,1.0,1.0,1024,1280
104,push,slice_b3_d+0.200,WO_b3_d+0.200.json,5,P02,3141592,P02_slice_b3_d+0.200_krea2_seed3141592,P02_slice_b3_d+0.200_krea2_seed3141592_00001_.png,,7919c95fcf,"Western comics style, bold ink outlines, hatched shadows, medium wide shot, static centred composition, eye-level camera, subject centred and filling the middle third of the frame. A botanist man stands among potting benches, facing the viewer, one hand on a terracotta pot. He has straight pale hair, freckled fair skin, a knitted wool cardigan over a cotton shirt, and small round glasses. Broad waxy monstera leaves crowd the left of the frame and fine ferns the right. A glass carafe half full of water sits on the bench in front of him, beside damp dark soil and a brass watering can. Behind him the greenhouse panes show a pale cyan to warm cream sky gradient, with condensation beading on the glass.",Real Value,euler_ancestral,simple,9,1.0,1.0,1024,1280
105,push,slice_b4_d+0.200,WO_b4_d+0.200.json,5,P01,1618033,P01_slice_b4_d+0.200_krea2_seed1618033,P01_slice_b4_d+0.200_krea2_seed1618033_00001_.png,,52e5b19ca6,"Western comics style, bold ink outlines, hatched shadows, medium wide shot, static centred composition, eye-level camera, subject centred and filling the middle third of the frame. A blacksmith woman stands behind a heavy oak workbench, facing the viewer, both hands resting flat on the wood. She has coarse dark curls tied back, weathered brown skin, a leather apron over a coarse linen shirt, and a polished steel gauntlet on her left forearm. On the bench lie a hammered copper bowl, a coil of frayed rope, and three rough granite offcuts. Behind her on the left a forge fire glows with a warm orange to deep red gradient, and thin smoke rises against a flat dark stone wall on the right. Cold blue window light falls from the upper left across the steel.",Real Value,euler_ancestral,simple,9,1.0,1.0,1024,1280
106,push,slice_b4_d+0.200,WO_b4_d+0.200.json,5,P01,2718281,P01_slice_b4_d+0.200_krea2_seed2718281,P01_slice_b4_d+0.200_krea2_seed2718281_00001_.png,,52e5b19ca6,"Western comics style, bold ink outlines, hatched shadows, medium wide shot, static centred composition, eye-level camera, subject centred and filling the middle third of the frame. A blacksmith woman stands behind a heavy oak workbench, facing the viewer, both hands resting flat on the wood. She has coarse dark curls tied back, weathered brown skin, a leather apron over a coarse linen shirt, and a polished steel gauntlet on her left forearm. On the bench lie a hammered copper bowl, a coil of frayed rope, and three rough granite offcuts. Behind her on the left a forge fire glows with a warm orange to deep red gradient, and thin smoke rises against a flat dark stone wall on the right. Cold blue window light falls from the upper left across the steel.",Real Value,euler_ancestral,simple,9,1.0,1.0,1024,1280
107,push,slice_b4_d+0.200,WO_b4_d+0.200.json,5,P01,3141592,P01_slice_b4_d+0.200_krea2_seed3141592,P01_slice_b4_d+0.200_krea2_seed3141592_00001_.png,,52e5b19ca6,"Western comics style, bold ink outlines, hatched shadows, medium wide shot, static centred composition, eye-level camera, subject centred and filling the middle third of the frame. A blacksmith woman stands behind a heavy oak workbench, facing the viewer, both hands resting flat on the wood. She has coarse dark curls tied back, weathered brown skin, a leather apron over a coarse linen shirt, and a polished steel gauntlet on her left forearm. On the bench lie a hammered copper bowl, a coil of frayed rope, and three rough granite offcuts. Behind her on the left a forge fire glows with a warm orange to deep red gradient, and thin smoke rises against a flat dark stone wall on the right. Cold blue window light falls from the upper left across the steel.",Real Value,euler_ancestral,simple,9,1.0,1.0,1024,1280
108,push,slice_b4_d+0.200,WO_b4_d+0.200.json,5,P02,1618033,P02_slice_b4_d+0.200_krea2_seed1618033,P02_slice_b4_d+0.200_krea2_seed1618033_00001_.png,,7919c95fcf,"Western comics style, bold ink outlines, hatched shadows, medium wide shot, static centred composition, eye-level camera, subject centred and filling the middle third of the frame. A botanist man stands among potting benches, facing the viewer, one hand on a terracotta pot. He has straight pale hair, freckled fair skin, a knitted wool cardigan over a cotton shirt, and small round glasses. Broad waxy monstera leaves crowd the left of the frame and fine ferns the right. A glass carafe half full of water sits on the bench in front of him, beside damp dark soil and a brass watering can. Behind him the greenhouse panes show a pale cyan to warm cream sky gradient, with condensation beading on the glass.",Real Value,euler_ancestral,simple,9,1.0,1.0,1024,1280
109,push,slice_b4_d+0.200,WO_b4_d+0.200.json,5,P02,2718281,P02_slice_b4_d+0.200_krea2_seed2718281,P02_slice_b4_d+0.200_krea2_seed2718281_00001_.png,,7919c95fcf,"Western comics style, bold ink outlines, hatched shadows, medium wide shot, static centred composition, eye-level camera, subject centred and filling the middle third of the frame. A botanist man stands among potting benches, facing the viewer, one hand on a terracotta pot. He has straight pale hair, freckled fair skin, a knitted wool cardigan over a cotton shirt, and small round glasses. Broad waxy monstera leaves crowd the left of the frame and fine ferns the right. A glass carafe half full of water sits on the bench in front of him, beside damp dark soil and a brass watering can. Behind him the greenhouse panes show a pale cyan to warm cream sky gradient, with condensation beading on the glass.",Real Value,euler_ancestral,simple,9,1.0,1.0,1024,1280
110,push,slice_b4_d+0.200,WO_b4_d+0.200.json,5,P02,3141592,P02_slice_b4_d+0.200_krea2_seed3141592,P02_slice_b4_d+0.200_krea2_seed3141592_00001_.png,,7919c95fcf,"Western comics style, bold ink outlines, hatched shadows, medium wide shot, static centred composition, eye-level camera, subject centred and filling the middle third of the frame. A botanist man stands among potting benches, facing the viewer, one hand on a terracotta pot. He has straight pale hair, freckled fair skin, a knitted wool cardigan over a cotton shirt, and small round glasses. Broad waxy monstera leaves crowd the left of the frame and fine ferns the right. A glass carafe half full of water sits on the bench in front of him, beside damp dark soil and a brass watering can. Behind him the greenhouse panes show a pale cyan to warm cream sky gradient, with condensation beading on the glass.",Real Value,euler_ancestral,simple,9,1.0,1.0,1024,1280
111,push,slice_b5_d+0.200,WO_b5_d+0.200.json,4,P01,1618033,P01_slice_b5_d+0.200_krea2_seed1618033,P01_slice_b5_d+0.200_krea2_seed1618033_00001_.png,,52e5b19ca6,"Western comics style, bold ink outlines, hatched shadows, medium wide shot, static centred composition, eye-level camera, subject centred and filling the middle third of the frame. A blacksmith woman stands behind a heavy oak workbench, facing the viewer, both hands resting flat on the wood. She has coarse dark curls tied back, weathered brown skin, a leather apron over a coarse linen shirt, and a polished steel gauntlet on her left forearm. On the bench lie a hammered copper bowl, a coil of frayed rope, and three rough granite offcuts. Behind her on the left a forge fire glows with a warm orange to deep red gradient, and thin smoke rises against a flat dark stone wall on the right. Cold blue window light falls from the upper left across the steel.",Real Value,euler_ancestral,simple,9,1.0,1.0,1024,1280
112,push,slice_b5_d+0.200,WO_b5_d+0.200.json,4,P01,2718281,P01_slice_b5_d+0.200_krea2_seed2718281,P01_slice_b5_d+0.200_krea2_seed2718281_00001_.png,,52e5b19ca6,"Western comics style, bold ink outlines, hatched shadows, medium wide shot, static centred composition, eye-level camera, subject centred and filling the middle third of the frame. A blacksmith woman stands behind a heavy oak workbench, facing the viewer, both hands resting flat on the wood. She has coarse dark curls tied back, weathered brown skin, a leather apron over a coarse linen shirt, and a polished steel gauntlet on her left forearm. On the bench lie a hammered copper bowl, a coil of frayed rope, and three rough granite offcuts. Behind her on the left a forge fire glows with a warm orange to deep red gradient, and thin smoke rises against a flat dark stone wall on the right. Cold blue window light falls from the upper left across the steel.",Real Value,euler_ancestral,simple,9,1.0,1.0,1024,1280
113,push,slice_b5_d+0.200,WO_b5_d+0.200.json,4,P01,3141592,P01_slice_b5_d+0.200_krea2_seed3141592,P01_slice_b5_d+0.200_krea2_seed3141592_00001_.png,,52e5b19ca6,"Western comics style, bold ink outlines, hatched shadows, medium wide shot, static centred composition, eye-level camera, subject centred and filling the middle third of the frame. A blacksmith woman stands behind a heavy oak workbench, facing the viewer, both hands resting flat on the wood. She has coarse dark curls tied back, weathered brown skin, a leather apron over a coarse linen shirt, and a polished steel gauntlet on her left forearm. On the bench lie a hammered copper bowl, a coil of frayed rope, and three rough granite offcuts. Behind her on the left a forge fire glows with a warm orange to deep red gradient, and thin smoke rises against a flat dark stone wall on the right. Cold blue window light falls from the upper left across the steel.",Real Value,euler_ancestral,simple,9,1.0,1.0,1024,1280
114,push,slice_b5_d+0.200,WO_b5_d+0.200.json,4,P02,1618033,P02_slice_b5_d+0.200_krea2_seed1618033,P02_slice_b5_d+0.200_krea2_seed1618033_00001_.png,,7919c95fcf,"Western comics style, bold ink outlines, hatched shadows, medium wide shot, static centred composition, eye-level camera, subject centred and filling the middle third of the frame. A botanist man stands among potting benches, facing the viewer, one hand on a terracotta pot. He has straight pale hair, freckled fair skin, a knitted wool cardigan over a cotton shirt, and small round glasses. Broad waxy monstera leaves crowd the left of the frame and fine ferns the right. A glass carafe half full of water sits on the bench in front of him, beside damp dark soil and a brass watering can. Behind him the greenhouse panes show a pale cyan to warm cream sky gradient, with condensation beading on the glass.",Real Value,euler_ancestral,simple,9,1.0,1.0,1024,1280
115,push,slice_b5_d+0.200,WO_b5_d+0.200.json,4,P02,2718281,P02_slice_b5_d+0.200_krea2_seed2718281,P02_slice_b5_d+0.200_krea2_seed2718281_00001_.png,,7919c95fcf,"Western comics style, bold ink outlines, hatched shadows, medium wide shot, static centred composition, eye-level camera, subject centred and filling the middle third of the frame. A botanist man stands among potting benches, facing the viewer, one hand on a terracotta pot. He has straight pale hair, freckled fair skin, a knitted wool cardigan over a cotton shirt, and small round glasses. Broad waxy monstera leaves crowd the left of the frame and fine ferns the right. A glass carafe half full of water sits on the bench in front of him, beside damp dark soil and a brass watering can. Behind him the greenhouse panes show a pale cyan to warm cream sky gradient, with condensation beading on the glass.",Real Value,euler_ancestral,simple,9,1.0,1.0,1024,1280
116,push,slice_b5_d+0.200,WO_b5_d+0.200.json,4,P02,3141592,P02_slice_b5_d+0.200_krea2_seed3141592,P02_slice_b5_d+0.200_krea2_seed3141592_00001_.png,,7919c95fcf,"Western comics style, bold ink outlines, hatched shadows, medium wide shot, static centred composition, eye-level camera, subject centred and filling the middle third of the frame. A botanist man stands among potting benches, facing the viewer, one hand on a terracotta pot. He has straight pale hair, freckled fair skin, a knitted wool cardigan over a cotton shirt, and small round glasses. Broad waxy monstera leaves crowd the left of the frame and fine ferns the right. A glass carafe half full of water sits on the bench in front of him, beside damp dark soil and a brass watering can. Behind him the greenhouse panes show a pale cyan to warm cream sky gradient, with condensation beading on the glass.",Real Value,euler_ancestral,simple,9,1.0,1.0,1024,1280
117,push,slice_b6_d+0.200,WO_b6_d+0.200.json,4,P01,1618033,P01_slice_b6_d+0.200_krea2_seed1618033,P01_slice_b6_d+0.200_krea2_seed1618033_00001_.png,,52e5b19ca6,"Western comics style, bold ink outlines, hatched shadows, medium wide shot, static centred composition, eye-level camera, subject centred and filling the middle third of the frame. A blacksmith woman stands behind a heavy oak workbench, facing the viewer, both hands resting flat on the wood. She has coarse dark curls tied back, weathered brown skin, a leather apron over a coarse linen shirt, and a polished steel gauntlet on her left forearm. On the bench lie a hammered copper bowl, a coil of frayed rope, and three rough granite offcuts. Behind her on the left a forge fire glows with a warm orange to deep red gradient, and thin smoke rises against a flat dark stone wall on the right. Cold blue window light falls from the upper left across the steel.",Real Value,euler_ancestral,simple,9,1.0,1.0,1024,1280
118,push,slice_b6_d+0.200,WO_b6_d+0.200.json,4,P01,2718281,P01_slice_b6_d+0.200_krea2_seed2718281,P01_slice_b6_d+0.200_krea2_seed2718281_00001_.png,,52e5b19ca6,"Western comics style, bold ink outlines, hatched shadows, medium wide shot, static centred composition, eye-level camera, subject centred and filling the middle third of the frame. A blacksmith woman stands behind a heavy oak workbench, facing the viewer, both hands resting flat on the wood. She has coarse dark curls tied back, weathered brown skin, a leather apron over a coarse linen shirt, and a polished steel gauntlet on her left forearm. On the bench lie a hammered copper bowl, a coil of frayed rope, and three rough granite offcuts. Behind her on the left a forge fire glows with a warm orange to deep red gradient, and thin smoke rises against a flat dark stone wall on the right. Cold blue window light falls from the upper left across the steel.",Real Value,euler_ancestral,simple,9,1.0,1.0,1024,1280
119,push,slice_b6_d+0.200,WO_b6_d+0.200.json,4,P01,3141592,P01_slice_b6_d+0.200_krea2_seed3141592,P01_slice_b6_d+0.200_krea2_seed3141592_00001_.png,,52e5b19ca6,"Western comics style, bold ink outlines, hatched shadows, medium wide shot, static centred composition, eye-level camera, subject centred and filling the middle third of the frame. A blacksmith woman stands behind a heavy oak workbench, facing the viewer, both hands resting flat on the wood. She has coarse dark curls tied back, weathered brown skin, a leather apron over a coarse linen shirt, and a polished steel gauntlet on her left forearm. On the bench lie a hammered copper bowl, a coil of frayed rope, and three rough granite offcuts. Behind her on the left a forge fire glows with a warm orange to deep red gradient, and thin smoke rises against a flat dark stone wall on the right. Cold blue window light falls from the upper left across the steel.",Real Value,euler_ancestral,simple,9,1.0,1.0,1024,1280
120,push,slice_b6_d+0.200,WO_b6_d+0.200.json,4,P02,1618033,P02_slice_b6_d+0.200_krea2_seed1618033,P02_slice_b6_d+0.200_krea2_seed1618033_00001_.png,,7919c95fcf,"Western comics style, bold ink outlines, hatched shadows, medium wide shot, static centred composition, eye-level camera, subject centred and filling the middle third of the frame. A botanist man stands among potting benches, facing the viewer, one hand on a terracotta pot. He has straight pale hair, freckled fair skin, a knitted wool cardigan over a cotton shirt, and small round glasses. Broad waxy monstera leaves crowd the left of the frame and fine ferns the right. A glass carafe half full of water sits on the bench in front of him, beside damp dark soil and a brass watering can. Behind him the greenhouse panes show a pale cyan to warm cream sky gradient, with condensation beading on the glass.",Real Value,euler_ancestral,simple,9,1.0,1.0,1024,1280
121,push,slice_b6_d+0.200,WO_b6_d+0.200.json,4,P02,2718281,P02_slice_b6_d+0.200_krea2_seed2718281,P02_slice_b6_d+0.200_krea2_seed2718281_00001_.png,,7919c95fcf,"Western comics style, bold ink outlines, hatched shadows, medium wide shot, static centred composition, eye-level camera, subject centred and filling the middle third of the frame. A botanist man stands among potting benches, facing the viewer, one hand on a terracotta pot. He has straight pale hair, freckled fair skin, a knitted wool cardigan over a cotton shirt, and small round glasses. Broad waxy monstera leaves crowd the left of the frame and fine ferns the right. A glass carafe half full of water sits on the bench in front of him, beside damp dark soil and a brass watering can. Behind him the greenhouse panes show a pale cyan to warm cream sky gradient, with condensation beading on the glass.",Real Value,euler_ancestral,simple,9,1.0,1.0,1024,1280
122,push,slice_b6_d+0.200,WO_b6_d+0.200.json,4,P02,3141592,P02_slice_b6_d+0.200_krea2_seed3141592,P02_slice_b6_d+0.200_krea2_seed3141592_00001_.png,,7919c95fcf,"Western comics style, bold ink outlines, hatched shadows, medium wide shot, static centred composition, eye-level camera, subject centred and filling the middle third of the frame. A botanist man stands among potting benches, facing the viewer, one hand on a terracotta pot. He has straight pale hair, freckled fair skin, a knitted wool cardigan over a cotton shirt, and small round glasses. Broad waxy monstera leaves crowd the left of the frame and fine ferns the right. A glass carafe half full of water sits on the bench in front of him, beside damp dark soil and a brass watering can. Behind him the greenhouse panes show a pale cyan to warm cream sky gradient, with condensation beading on the glass.",Real Value,euler_ancestral,simple,9,1.0,1.0,1024,1280
123,push,union_d+0.200,Family_wo_d+0.200.json,28,P01,1618033,P01_union_d+0.200_krea2_seed1618033,P01_union_d+0.200_krea2_seed1618033_00001_.png,,52e5b19ca6,"Western comics style, bold ink outlines, hatched shadows, medium wide shot, static centred composition, eye-level camera, subject centred and filling the middle third of the frame. A blacksmith woman stands behind a heavy oak workbench, facing the viewer, both hands resting flat on the wood. She has coarse dark curls tied back, weathered brown skin, a leather apron over a coarse linen shirt, and a polished steel gauntlet on her left forearm. On the bench lie a hammered copper bowl, a coil of frayed rope, and three rough granite offcuts. Behind her on the left a forge fire glows with a warm orange to deep red gradient, and thin smoke rises against a flat dark stone wall on the right. Cold blue window light falls from the upper left across the steel.",Real Value,euler_ancestral,simple,9,1.0,1.0,1024,1280
124,push,union_d+0.200,Family_wo_d+0.200.json,28,P01,2718281,P01_union_d+0.200_krea2_seed2718281,P01_union_d+0.200_krea2_seed2718281_00001_.png,,52e5b19ca6,"Western comics style, bold ink outlines, hatched shadows, medium wide shot, static centred composition, eye-level camera, subject centred and filling the middle third of the frame. A blacksmith woman stands behind a heavy oak workbench, facing the viewer, both hands resting flat on the wood. She has coarse dark curls tied back, weathered brown skin, a leather apron over a coarse linen shirt, and a polished steel gauntlet on her left forearm. On the bench lie a hammered copper bowl, a coil of frayed rope, and three rough granite offcuts. Behind her on the left a forge fire glows with a warm orange to deep red gradient, and thin smoke rises against a flat dark stone wall on the right. Cold blue window light falls from the upper left across the steel.",Real Value,euler_ancestral,simple,9,1.0,1.0,1024,1280
125,push,union_d+0.200,Family_wo_d+0.200.json,28,P01,3141592,P01_union_d+0.200_krea2_seed3141592,P01_union_d+0.200_krea2_seed3141592_00001_.png,,52e5b19ca6,"Western comics style, bold ink outlines, hatched shadows, medium wide shot, static centred composition, eye-level camera, subject centred and filling the middle third of the frame. A blacksmith woman stands behind a heavy oak workbench, facing the viewer, both hands resting flat on the wood. She has coarse dark curls tied back, weathered brown skin, a leather apron over a coarse linen shirt, and a polished steel gauntlet on her left forearm. On the bench lie a hammered copper bowl, a coil of frayed rope, and three rough granite offcuts. Behind her on the left a forge fire glows with a warm orange to deep red gradient, and thin smoke rises against a flat dark stone wall on the right. Cold blue window light falls from the upper left across the steel.",Real Value,euler_ancestral,simple,9,1.0,1.0,1024,1280
126,push,union_d+0.200,Family_wo_d+0.200.json,28,P02,1618033,P02_union_d+0.200_krea2_seed1618033,P02_union_d+0.200_krea2_seed1618033_00001_.png,,7919c95fcf,"Western comics style, bold ink outlines, hatched shadows, medium wide shot, static centred composition, eye-level camera, subject centred and filling the middle third of the frame. A botanist man stands among potting benches, facing the viewer, one hand on a terracotta pot. He has straight pale hair, freckled fair skin, a knitted wool cardigan over a cotton shirt, and small round glasses. Broad waxy monstera leaves crowd the left of the frame and fine ferns the right. A glass carafe half full of water sits on the bench in front of him, beside damp dark soil and a brass watering can. Behind him the greenhouse panes show a pale cyan to warm cream sky gradient, with condensation beading on the glass.",Real Value,euler_ancestral,simple,9,1.0,1.0,1024,1280
127,push,union_d+0.200,Family_wo_d+0.200.json,28,P02,2718281,P02_union_d+0.200_krea2_seed2718281,P02_union_d+0.200_krea2_seed2718281_00001_.png,,7919c95fcf,"Western comics style, bold ink outlines, hatched shadows, medium wide shot, static centred composition, eye-level camera, subject centred and filling the middle third of the frame. A botanist man stands among potting benches, facing the viewer, one hand on a terracotta pot. He has straight pale hair, freckled fair skin, a knitted wool cardigan over a cotton shirt, and small round glasses. Broad waxy monstera leaves crowd the left of the frame and fine ferns the right. A glass carafe half full of water sits on the bench in front of him, beside damp dark soil and a brass watering can. Behind him the greenhouse panes show a pale cyan to warm cream sky gradient, with condensation beading on the glass.",Real Value,euler_ancestral,simple,9,1.0,1.0,1024,1280
128,push,union_d+0.200,Family_wo_d+0.200.json,28,P02,3141592,P02_union_d+0.200_krea2_seed3141592,P02_union_d+0.200_krea2_seed3141592_00001_.png,,7919c95fcf,"Western comics style, bold ink outlines, hatched shadows, medium wide shot, static centred composition, eye-level camera, subject centred and filling the middle third of the frame. A botanist man stands among potting benches, facing the viewer, one hand on a terracotta pot. He has straight pale hair, freckled fair skin, a knitted wool cardigan over a cotton shirt, and small round glasses. Broad waxy monstera leaves crowd the left of the frame and fine ferns the right. A glass carafe half full of water sits on the bench in front of him, beside damp dark soil and a brass watering can. Behind him the greenhouse panes show a pale cyan to warm cream sky gradient, with condensation beading on the glass.",Real Value,euler_ancestral,simple,9,1.0,1.0,1024,1280
129,push,slice_b1_d-0.200,WO_b1_d-0.200.json,5,P01,1618033,P01_slice_b1_d-0.200_krea2_seed1618033,P01_slice_b1_d-0.200_krea2_seed1618033_00001_.png,,52e5b19ca6,"Western comics style, bold ink outlines, hatched shadows, medium wide shot, static centred composition, eye-level camera, subject centred and filling the middle third of the frame. A blacksmith woman stands behind a heavy oak workbench, facing the viewer, both hands resting flat on the wood. She has coarse dark curls tied back, weathered brown skin, a leather apron over a coarse linen shirt, and a polished steel gauntlet on her left forearm. On the bench lie a hammered copper bowl, a coil of frayed rope, and three rough granite offcuts. Behind her on the left a forge fire glows with a warm orange to deep red gradient, and thin smoke rises against a flat dark stone wall on the right. Cold blue window light falls from the upper left across the steel.",Real Value,euler_ancestral,simple,9,1.0,1.0,1024,1280
130,push,slice_b1_d-0.200,WO_b1_d-0.200.json,5,P01,2718281,P01_slice_b1_d-0.200_krea2_seed2718281,P01_slice_b1_d-0.200_krea2_seed2718281_00001_.png,,52e5b19ca6,"Western comics style, bold ink outlines, hatched shadows, medium wide shot, static centred composition, eye-level camera, subject centred and filling the middle third of the frame. A blacksmith woman stands behind a heavy oak workbench, facing the viewer, both hands resting flat on the wood. She has coarse dark curls tied back, weathered brown skin, a leather apron over a coarse linen shirt, and a polished steel gauntlet on her left forearm. On the bench lie a hammered copper bowl, a coil of frayed rope, and three rough granite offcuts. Behind her on the left a forge fire glows with a warm orange to deep red gradient, and thin smoke rises against a flat dark stone wall on the right. Cold blue window light falls from the upper left across the steel.",Real Value,euler_ancestral,simple,9,1.0,1.0,1024,1280
131,push,slice_b1_d-0.200,WO_b1_d-0.200.json,5,P01,3141592,P01_slice_b1_d-0.200_krea2_seed3141592,P01_slice_b1_d-0.200_krea2_seed3141592_00001_.png,,52e5b19ca6,"Western comics style, bold ink outlines, hatched shadows, medium wide shot, static centred composition, eye-level camera, subject centred and filling the middle third of the frame. A blacksmith woman stands behind a heavy oak workbench, facing the viewer, both hands resting flat on the wood. She has coarse dark curls tied back, weathered brown skin, a leather apron over a coarse linen shirt, and a polished steel gauntlet on her left forearm. On the bench lie a hammered copper bowl, a coil of frayed rope, and three rough granite offcuts. Behind her on the left a forge fire glows with a warm orange to deep red gradient, and thin smoke rises against a flat dark stone wall on the right. Cold blue window light falls from the upper left across the steel.",Real Value,euler_ancestral,simple,9,1.0,1.0,1024,1280
132,push,slice_b1_d-0.200,WO_b1_d-0.200.json,5,P02,1618033,P02_slice_b1_d-0.200_krea2_seed1618033,P02_slice_b1_d-0.200_krea2_seed1618033_00001_.png,,7919c95fcf,"Western comics style, bold ink outlines, hatched shadows, medium wide shot, static centred composition, eye-level camera, subject centred and filling the middle third of the frame. A botanist man stands among potting benches, facing the viewer, one hand on a terracotta pot. He has straight pale hair, freckled fair skin, a knitted wool cardigan over a cotton shirt, and small round glasses. Broad waxy monstera leaves crowd the left of the frame and fine ferns the right. A glass carafe half full of water sits on the bench in front of him, beside damp dark soil and a brass watering can. Behind him the greenhouse panes show a pale cyan to warm cream sky gradient, with condensation beading on the glass.",Real Value,euler_ancestral,simple,9,1.0,1.0,1024,1280
133,push,slice_b1_d-0.200,WO_b1_d-0.200.json,5,P02,2718281,P02_slice_b1_d-0.200_krea2_seed2718281,P02_slice_b1_d-0.200_krea2_seed2718281_00001_.png,,7919c95fcf,"Western comics style, bold ink outlines, hatched shadows, medium wide shot, static centred composition, eye-level camera, subject centred and filling the middle third of the frame. A botanist man stands among potting benches, facing the viewer, one hand on a terracotta pot. He has straight pale hair, freckled fair skin, a knitted wool cardigan over a cotton shirt, and small round glasses. Broad waxy monstera leaves crowd the left of the frame and fine ferns the right. A glass carafe half full of water sits on the bench in front of him, beside damp dark soil and a brass watering can. Behind him the greenhouse panes show a pale cyan to warm cream sky gradient, with condensation beading on the glass.",Real Value,euler_ancestral,simple,9,1.0,1.0,1024,1280
134,push,slice_b1_d-0.200,WO_b1_d-0.200.json,5,P02,3141592,P02_slice_b1_d-0.200_krea2_seed3141592,P02_slice_b1_d-0.200_krea2_seed3141592_00001_.png,,7919c95fcf,"Western comics style, bold ink outlines, hatched shadows, medium wide shot, static centred composition, eye-level camera, subject centred and filling the middle third of the frame. A botanist man stands among potting benches, facing the viewer, one hand on a terracotta pot. He has straight pale hair, freckled fair skin, a knitted wool cardigan over a cotton shirt, and small round glasses. Broad waxy monstera leaves crowd the left of the frame and fine ferns the right. A glass carafe half full of water sits on the bench in front of him, beside damp dark soil and a brass watering can. Behind him the greenhouse panes show a pale cyan to warm cream sky gradient, with condensation beading on the glass.",Real Value,euler_ancestral,simple,9,1.0,1.0,1024,1280
135,push,slice_b2_d-0.200,WO_b2_d-0.200.json,5,P01,1618033,P01_slice_b2_d-0.200_krea2_seed1618033,P01_slice_b2_d-0.200_krea2_seed1618033_00001_.png,,52e5b19ca6,"Western comics style, bold ink outlines, hatched shadows, medium wide shot, static centred composition, eye-level camera, subject centred and filling the middle third of the frame. A blacksmith woman stands behind a heavy oak workbench, facing the viewer, both hands resting flat on the wood. She has coarse dark curls tied back, weathered brown skin, a leather apron over a coarse linen shirt, and a polished steel gauntlet on her left forearm. On the bench lie a hammered copper bowl, a coil of frayed rope, and three rough granite offcuts. Behind her on the left a forge fire glows with a warm orange to deep red gradient, and thin smoke rises against a flat dark stone wall on the right. Cold blue window light falls from the upper left across the steel.",Real Value,euler_ancestral,simple,9,1.0,1.0,1024,1280
136,push,slice_b2_d-0.200,WO_b2_d-0.200.json,5,P01,2718281,P01_slice_b2_d-0.200_krea2_seed2718281,P01_slice_b2_d-0.200_krea2_seed2718281_00001_.png,,52e5b19ca6,"Western comics style, bold ink outlines, hatched shadows, medium wide shot, static centred composition, eye-level camera, subject centred and filling the middle third of the frame. A blacksmith woman stands behind a heavy oak workbench, facing the viewer, both hands resting flat on the wood. She has coarse dark curls tied back, weathered brown skin, a leather apron over a coarse linen shirt, and a polished steel gauntlet on her left forearm. On the bench lie a hammered copper bowl, a coil of frayed rope, and three rough granite offcuts. Behind her on the left a forge fire glows with a warm orange to deep red gradient, and thin smoke rises against a flat dark stone wall on the right. Cold blue window light falls from the upper left across the steel.",Real Value,euler_ancestral,simple,9,1.0,1.0,1024,1280
137,push,slice_b2_d-0.200,WO_b2_d-0.200.json,5,P01,3141592,P01_slice_b2_d-0.200_krea2_seed3141592,P01_slice_b2_d-0.200_krea2_seed3141592_00001_.png,,52e5b19ca6,"Western comics style, bold ink outlines, hatched shadows, medium wide shot, static centred composition, eye-level camera, subject centred and filling the middle third of the frame. A blacksmith woman stands behind a heavy oak workbench, facing the viewer, both hands resting flat on the wood. She has coarse dark curls tied back, weathered brown skin, a leather apron over a coarse linen shirt, and a polished steel gauntlet on her left forearm. On the bench lie a hammered copper bowl, a coil of frayed rope, and three rough granite offcuts. Behind her on the left a forge fire glows with a warm orange to deep red gradient, and thin smoke rises against a flat dark stone wall on the right. Cold blue window light falls from the upper left across the steel.",Real Value,euler_ancestral,simple,9,1.0,1.0,1024,1280
138,push,slice_b2_d-0.200,WO_b2_d-0.200.json,5,P02,1618033,P02_slice_b2_d-0.200_krea2_seed1618033,P02_slice_b2_d-0.200_krea2_seed1618033_00001_.png,,7919c95fcf,"Western comics style, bold ink outlines, hatched shadows, medium wide shot, static centred composition, eye-level camera, subject centred and filling the middle third of the frame. A botanist man stands among potting benches, facing the viewer, one hand on a terracotta pot. He has straight pale hair, freckled fair skin, a knitted wool cardigan over a cotton shirt, and small round glasses. Broad waxy monstera leaves crowd the left of the frame and fine ferns the right. A glass carafe half full of water sits on the bench in front of him, beside damp dark soil and a brass watering can. Behind him the greenhouse panes show a pale cyan to warm cream sky gradient, with condensation beading on the glass.",Real Value,euler_ancestral,simple,9,1.0,1.0,1024,1280
139,push,slice_b2_d-0.200,WO_b2_d-0.200.json,5,P02,2718281,P02_slice_b2_d-0.200_krea2_seed2718281,P02_slice_b2_d-0.200_krea2_seed2718281_00001_.png,,7919c95fcf,"Western comics style, bold ink outlines, hatched shadows, medium wide shot, static centred composition, eye-level camera, subject centred and filling the middle third of the frame. A botanist man stands among potting benches, facing the viewer, one hand on a terracotta pot. He has straight pale hair, freckled fair skin, a knitted wool cardigan over a cotton shirt, and small round glasses. Broad waxy monstera leaves crowd the left of the frame and fine ferns the right. A glass carafe half full of water sits on the bench in front of him, beside damp dark soil and a brass watering can. Behind him the greenhouse panes show a pale cyan to warm cream sky gradient, with condensation beading on the glass.",Real Value,euler_ancestral,simple,9,1.0,1.0,1024,1280
140,push,slice_b2_d-0.200,WO_b2_d-0.200.json,5,P02,3141592,P02_slice_b2_d-0.200_krea2_seed3141592,P02_slice_b2_d-0.200_krea2_seed3141592_00001_.png,,7919c95fcf,"Western comics style, bold ink outlines, hatched shadows, medium wide shot, static centred composition, eye-level camera, subject centred and filling the middle third of the frame. A botanist man stands among potting benches, facing the viewer, one hand on a terracotta pot. He has straight pale hair, freckled fair skin, a knitted wool cardigan over a cotton shirt, and small round glasses. Broad waxy monstera leaves crowd the left of the frame and fine ferns the right. A glass carafe half full of water sits on the bench in front of him, beside damp dark soil and a brass watering can. Behind him the greenhouse panes show a pale cyan to warm cream sky gradient, with condensation beading on the glass.",Real Value,euler_ancestral,simple,9,1.0,1.0,1024,1280
141,push,slice_b3_d-0.200,WO_b3_d-0.200.json,5,P01,1618033,P01_slice_b3_d-0.200_krea2_seed1618033,P01_slice_b3_d-0.200_krea2_seed1618033_00001_.png,,52e5b19ca6,"Western comics style, bold ink outlines, hatched shadows, medium wide shot, static centred composition, eye-level camera, subject centred and filling the middle third of the frame. A blacksmith woman stands behind a heavy oak workbench, facing the viewer, both hands resting flat on the wood. She has coarse dark curls tied back, weathered brown skin, a leather apron over a coarse linen shirt, and a polished steel gauntlet on her left forearm. On the bench lie a hammered copper bowl, a coil of frayed rope, and three rough granite offcuts. Behind her on the left a forge fire glows with a warm orange to deep red gradient, and thin smoke rises against a flat dark stone wall on the right. Cold blue window light falls from the upper left across the steel.",Real Value,euler_ancestral,simple,9,1.0,1.0,1024,1280
142,push,slice_b3_d-0.200,WO_b3_d-0.200.json,5,P01,2718281,P01_slice_b3_d-0.200_krea2_seed2718281,P01_slice_b3_d-0.200_krea2_seed2718281_00001_.png,,52e5b19ca6,"Western comics style, bold ink outlines, hatched shadows, medium wide shot, static centred composition, eye-level camera, subject centred and filling the middle third of the frame. A blacksmith woman stands behind a heavy oak workbench, facing the viewer, both hands resting flat on the wood. She has coarse dark curls tied back, weathered brown skin, a leather apron over a coarse linen shirt, and a polished steel gauntlet on her left forearm. On the bench lie a hammered copper bowl, a coil of frayed rope, and three rough granite offcuts. Behind her on the left a forge fire glows with a warm orange to deep red gradient, and thin smoke rises against a flat dark stone wall on the right. Cold blue window light falls from the upper left across the steel.",Real Value,euler_ancestral,simple,9,1.0,1.0,1024,1280
143,push,slice_b3_d-0.200,WO_b3_d-0.200.json,5,P01,3141592,P01_slice_b3_d-0.200_krea2_seed3141592,P01_slice_b3_d-0.200_krea2_seed3141592_00001_.png,,52e5b19ca6,"Western comics style, bold ink outlines, hatched shadows, medium wide shot, static centred composition, eye-level camera, subject centred and filling the middle third of the frame. A blacksmith woman stands behind a heavy oak workbench, facing the viewer, both hands resting flat on the wood. She has coarse dark curls tied back, weathered brown skin, a leather apron over a coarse linen shirt, and a polished steel gauntlet on her left forearm. On the bench lie a hammered copper bowl, a coil of frayed rope, and three rough granite offcuts. Behind her on the left a forge fire glows with a warm orange to deep red gradient, and thin smoke rises against a flat dark stone wall on the right. Cold blue window light falls from the upper left across the steel.",Real Value,euler_ancestral,simple,9,1.0,1.0,1024,1280
144,push,slice_b3_d-0.200,WO_b3_d-0.200.json,5,P02,1618033,P02_slice_b3_d-0.200_krea2_seed1618033,P02_slice_b3_d-0.200_krea2_seed1618033_00001_.png,,7919c95fcf,"Western comics style, bold ink outlines, hatched shadows, medium wide shot, static centred composition, eye-level camera, subject centred and filling the middle third of the frame. A botanist man stands among potting benches, facing the viewer, one hand on a terracotta pot. He has straight pale hair, freckled fair skin, a knitted wool cardigan over a cotton shirt, and small round glasses. Broad waxy monstera leaves crowd the left of the frame and fine ferns the right. A glass carafe half full of water sits on the bench in front of him, beside damp dark soil and a brass watering can. Behind him the greenhouse panes show a pale cyan to warm cream sky gradient, with condensation beading on the glass.",Real Value,euler_ancestral,simple,9,1.0,1.0,1024,1280
145,push,slice_b3_d-0.200,WO_b3_d-0.200.json,5,P02,2718281,P02_slice_b3_d-0.200_krea2_seed2718281,P02_slice_b3_d-0.200_krea2_seed2718281_00001_.png,,7919c95fcf,"Western comics style, bold ink outlines, hatched shadows, medium wide shot, static centred composition, eye-level camera, subject centred and filling the middle third of the frame. A botanist man stands among potting benches, facing the viewer, one hand on a terracotta pot. He has straight pale hair, freckled fair skin, a knitted wool cardigan over a cotton shirt, and small round glasses. Broad waxy monstera leaves crowd the left of the frame and fine ferns the right. A glass carafe half full of water sits on the bench in front of him, beside damp dark soil and a brass watering can. Behind him the greenhouse panes show a pale cyan to warm cream sky gradient, with condensation beading on the glass.",Real Value,euler_ancestral,simple,9,1.0,1.0,1024,1280
146,push,slice_b3_d-0.200,WO_b3_d-0.200.json,5,P02,3141592,P02_slice_b3_d-0.200_krea2_seed3141592,P02_slice_b3_d-0.200_krea2_seed3141592_00001_.png,,7919c95fcf,"Western comics style, bold ink outlines, hatched shadows, medium wide shot, static centred composition, eye-level camera, subject centred and filling the middle third of the frame. A botanist man stands among potting benches, facing the viewer, one hand on a terracotta pot. He has straight pale hair, freckled fair skin, a knitted wool cardigan over a cotton shirt, and small round glasses. Broad waxy monstera leaves crowd the left of the frame and fine ferns the right. A glass carafe half full of water sits on the bench in front of him, beside damp dark soil and a brass watering can. Behind him the greenhouse panes show a pale cyan to warm cream sky gradient, with condensation beading on the glass.",Real Value,euler_ancestral,simple,9,1.0,1.0,1024,1280
147,push,slice_b4_d-0.200,WO_b4_d-0.200.json,5,P01,1618033,P01_slice_b4_d-0.200_krea2_seed1618033,P01_slice_b4_d-0.200_krea2_seed1618033_00001_.png,,52e5b19ca6,"Western comics style, bold ink outlines, hatched shadows, medium wide shot, static centred composition, eye-level camera, subject centred and filling the middle third of the frame. A blacksmith woman stands behind a heavy oak workbench, facing the viewer, both hands resting flat on the wood. She has coarse dark curls tied back, weathered brown skin, a leather apron over a coarse linen shirt, and a polished steel gauntlet on her left forearm. On the bench lie a hammered copper bowl, a coil of frayed rope, and three rough granite offcuts. Behind her on the left a forge fire glows with a warm orange to deep red gradient, and thin smoke rises against a flat dark stone wall on the right. Cold blue window light falls from the upper left across the steel.",Real Value,euler_ancestral,simple,9,1.0,1.0,1024,1280
148,push,slice_b4_d-0.200,WO_b4_d-0.200.json,5,P01,2718281,P01_slice_b4_d-0.200_krea2_seed2718281,P01_slice_b4_d-0.200_krea2_seed2718281_00001_.png,,52e5b19ca6,"Western comics style, bold ink outlines, hatched shadows, medium wide shot, static centred composition, eye-level camera, subject centred and filling the middle third of the frame. A blacksmith woman stands behind a heavy oak workbench, facing the viewer, both hands resting flat on the wood. She has coarse dark curls tied back, weathered brown skin, a leather apron over a coarse linen shirt, and a polished steel gauntlet on her left forearm. On the bench lie a hammered copper bowl, a coil of frayed rope, and three rough granite offcuts. Behind her on the left a forge fire glows with a warm orange to deep red gradient, and thin smoke rises against a flat dark stone wall on the right. Cold blue window light falls from the upper left across the steel.",Real Value,euler_ancestral,simple,9,1.0,1.0,1024,1280
149,push,slice_b4_d-0.200,WO_b4_d-0.200.json,5,P01,3141592,P01_slice_b4_d-0.200_krea2_seed3141592,P01_slice_b4_d-0.200_krea2_seed3141592_00001_.png,,52e5b19ca6,"Western comics style, bold ink outlines, hatched shadows, medium wide shot, static centred composition, eye-level camera, subject centred and filling the middle third of the frame. A blacksmith woman stands behind a heavy oak workbench, facing the viewer, both hands resting flat on the wood. She has coarse dark curls tied back, weathered brown skin, a leather apron over a coarse linen shirt, and a polished steel gauntlet on her left forearm. On the bench lie a hammered copper bowl, a coil of frayed rope, and three rough granite offcuts. Behind her on the left a forge fire glows with a warm orange to deep red gradient, and thin smoke rises against a flat dark stone wall on the right. Cold blue window light falls from the upper left across the steel.",Real Value,euler_ancestral,simple,9,1.0,1.0,1024,1280
150,push,slice_b4_d-0.200,WO_b4_d-0.200.json,5,P02,1618033,P02_slice_b4_d-0.200_krea2_seed1618033,P02_slice_b4_d-0.200_krea2_seed1618033_00001_.png,,7919c95fcf,"Western comics style, bold ink outlines, hatched shadows, medium wide shot, static centred composition, eye-level camera, subject centred and filling the middle third of the frame. A botanist man stands among potting benches, facing the viewer, one hand on a terracotta pot. He has straight pale hair, freckled fair skin, a knitted wool cardigan over a cotton shirt, and small round glasses. Broad waxy monstera leaves crowd the left of the frame and fine ferns the right. A glass carafe half full of water sits on the bench in front of him, beside damp dark soil and a brass watering can. Behind him the greenhouse panes show a pale cyan to warm cream sky gradient, with condensation beading on the glass.",Real Value,euler_ancestral,simple,9,1.0,1.0,1024,1280
151,push,slice_b4_d-0.200,WO_b4_d-0.200.json,5,P02,2718281,P02_slice_b4_d-0.200_krea2_seed2718281,P02_slice_b4_d-0.200_krea2_seed2718281_00001_.png,,7919c95fcf,"Western comics style, bold ink outlines, hatched shadows, medium wide shot, static centred composition, eye-level camera, subject centred and filling the middle third of the frame. A botanist man stands among potting benches, facing the viewer, one hand on a terracotta pot. He has straight pale hair, freckled fair skin, a knitted wool cardigan over a cotton shirt, and small round glasses. Broad waxy monstera leaves crowd the left of the frame and fine ferns the right. A glass carafe half full of water sits on the bench in front of him, beside damp dark soil and a brass watering can. Behind him the greenhouse panes show a pale cyan to warm cream sky gradient, with condensation beading on the glass.",Real Value,euler_ancestral,simple,9,1.0,1.0,1024,1280
152,push,slice_b4_d-0.200,WO_b4_d-0.200.json,5,P02,3141592,P02_slice_b4_d-0.200_krea2_seed3141592,P02_slice_b4_d-0.200_krea2_seed3141592_00001_.png,,7919c95fcf,"Western comics style, bold ink outlines, hatched shadows, medium wide shot, static centred composition, eye-level camera, subject centred and filling the middle third of the frame. A botanist man stands among potting benches, facing the viewer, one hand on a terracotta pot. He has straight pale hair, freckled fair skin, a knitted wool cardigan over a cotton shirt, and small round glasses. Broad waxy monstera leaves crowd the left of the frame and fine ferns the right. A glass carafe half full of water sits on the bench in front of him, beside damp dark soil and a brass watering can. Behind him the greenhouse panes show a pale cyan to warm cream sky gradient, with condensation beading on the glass.",Real Value,euler_ancestral,simple,9,1.0,1.0,1024,1280
153,push,slice_b5_d-0.200,WO_b5_d-0.200.json,4,P01,1618033,P01_slice_b5_d-0.200_krea2_seed1618033,P01_slice_b5_d-0.200_krea2_seed1618033_00001_.png,,52e5b19ca6,"Western comics style, bold ink outlines, hatched shadows, medium wide shot, static centred composition, eye-level camera, subject centred and filling the middle third of the frame. A blacksmith woman stands behind a heavy oak workbench, facing the viewer, both hands resting flat on the wood. She has coarse dark curls tied back, weathered brown skin, a leather apron over a coarse linen shirt, and a polished steel gauntlet on her left forearm. On the bench lie a hammered copper bowl, a coil of frayed rope, and three rough granite offcuts. Behind her on the left a forge fire glows with a warm orange to deep red gradient, and thin smoke rises against a flat dark stone wall on the right. Cold blue window light falls from the upper left across the steel.",Real Value,euler_ancestral,simple,9,1.0,1.0,1024,1280
154,push,slice_b5_d-0.200,WO_b5_d-0.200.json,4,P01,2718281,P01_slice_b5_d-0.200_krea2_seed2718281,P01_slice_b5_d-0.200_krea2_seed2718281_00001_.png,,52e5b19ca6,"Western comics style, bold ink outlines, hatched shadows, medium wide shot, static centred composition, eye-level camera, subject centred and filling the middle third of the frame. A blacksmith woman stands behind a heavy oak workbench, facing the viewer, both hands resting flat on the wood. She has coarse dark curls tied back, weathered brown skin, a leather apron over a coarse linen shirt, and a polished steel gauntlet on her left forearm. On the bench lie a hammered copper bowl, a coil of frayed rope, and three rough granite offcuts. Behind her on the left a forge fire glows with a warm orange to deep red gradient, and thin smoke rises against a flat dark stone wall on the right. Cold blue window light falls from the upper left across the steel.",Real Value,euler_ancestral,simple,9,1.0,1.0,1024,1280
155,push,slice_b5_d-0.200,WO_b5_d-0.200.json,4,P01,3141592,P01_slice_b5_d-0.200_krea2_seed3141592,P01_slice_b5_d-0.200_krea2_seed3141592_00001_.png,,52e5b19ca6,"Western comics style, bold ink outlines, hatched shadows, medium wide shot, static centred composition, eye-level camera, subject centred and filling the middle third of the frame. A blacksmith woman stands behind a heavy oak workbench, facing the viewer, both hands resting flat on the wood. She has coarse dark curls tied back, weathered brown skin, a leather apron over a coarse linen shirt, and a polished steel gauntlet on her left forearm. On the bench lie a hammered copper bowl, a coil of frayed rope, and three rough granite offcuts. Behind her on the left a forge fire glows with a warm orange to deep red gradient, and thin smoke rises against a flat dark stone wall on the right. Cold blue window light falls from the upper left across the steel.",Real Value,euler_ancestral,simple,9,1.0,1.0,1024,1280
156,push,slice_b5_d-0.200,WO_b5_d-0.200.json,4,P02,1618033,P02_slice_b5_d-0.200_krea2_seed1618033,P02_slice_b5_d-0.200_krea2_seed1618033_00001_.png,,7919c95fcf,"Western comics style, bold ink outlines, hatched shadows, medium wide shot, static centred composition, eye-level camera, subject centred and filling the middle third of the frame. A botanist man stands among potting benches, facing the viewer, one hand on a terracotta pot. He has straight pale hair, freckled fair skin, a knitted wool cardigan over a cotton shirt, and small round glasses. Broad waxy monstera leaves crowd the left of the frame and fine ferns the right. A glass carafe half full of water sits on the bench in front of him, beside damp dark soil and a brass watering can. Behind him the greenhouse panes show a pale cyan to warm cream sky gradient, with condensation beading on the glass.",Real Value,euler_ancestral,simple,9,1.0,1.0,1024,1280
157,push,slice_b5_d-0.200,WO_b5_d-0.200.json,4,P02,2718281,P02_slice_b5_d-0.200_krea2_seed2718281,P02_slice_b5_d-0.200_krea2_seed2718281_00001_.png,,7919c95fcf,"Western comics style, bold ink outlines, hatched shadows, medium wide shot, static centred composition, eye-level camera, subject centred and filling the middle third of the frame. A botanist man stands among potting benches, facing the viewer, one hand on a terracotta pot. He has straight pale hair, freckled fair skin, a knitted wool cardigan over a cotton shirt, and small round glasses. Broad waxy monstera leaves crowd the left of the frame and fine ferns the right. A glass carafe half full of water sits on the bench in front of him, beside damp dark soil and a brass watering can. Behind him the greenhouse panes show a pale cyan to warm cream sky gradient, with condensation beading on the glass.",Real Value,euler_ancestral,simple,9,1.0,1.0,1024,1280
158,push,slice_b5_d-0.200,WO_b5_d-0.200.json,4,P02,3141592,P02_slice_b5_d-0.200_krea2_seed3141592,P02_slice_b5_d-0.200_krea2_seed3141592_00001_.png,,7919c95fcf,"Western comics style, bold ink outlines, hatched shadows, medium wide shot, static centred composition, eye-level camera, subject centred and filling the middle third of the frame. A botanist man stands among potting benches, facing the viewer, one hand on a terracotta pot. He has straight pale hair, freckled fair skin, a knitted wool cardigan over a cotton shirt, and small round glasses. Broad waxy monstera leaves crowd the left of the frame and fine ferns the right. A glass carafe half full of water sits on the bench in front of him, beside damp dark soil and a brass watering can. Behind him the greenhouse panes show a pale cyan to warm cream sky gradient, with condensation beading on the glass.",Real Value,euler_ancestral,simple,9,1.0,1.0,1024,1280
159,push,slice_b6_d-0.200,WO_b6_d-0.200.json,4,P01,1618033,P01_slice_b6_d-0.200_krea2_seed1618033,P01_slice_b6_d-0.200_krea2_seed1618033_00001_.png,,52e5b19ca6,"Western comics style, bold ink outlines, hatched shadows, medium wide shot, static centred composition, eye-level camera, subject centred and filling the middle third of the frame. A blacksmith woman stands behind a heavy oak workbench, facing the viewer, both hands resting flat on the wood. She has coarse dark curls tied back, weathered brown skin, a leather apron over a coarse linen shirt, and a polished steel gauntlet on her left forearm. On the bench lie a hammered copper bowl, a coil of frayed rope, and three rough granite offcuts. Behind her on the left a forge fire glows with a warm orange to deep red gradient, and thin smoke rises against a flat dark stone wall on the right. Cold blue window light falls from the upper left across the steel.",Real Value,euler_ancestral,simple,9,1.0,1.0,1024,1280
160,push,slice_b6_d-0.200,WO_b6_d-0.200.json,4,P01,2718281,P01_slice_b6_d-0.200_krea2_seed2718281,P01_slice_b6_d-0.200_krea2_seed2718281_00001_.png,,52e5b19ca6,"Western comics style, bold ink outlines, hatched shadows, medium wide shot, static centred composition, eye-level camera, subject centred and filling the middle third of the frame. A blacksmith woman stands behind a heavy oak workbench, facing the viewer, both hands resting flat on the wood. She has coarse dark curls tied back, weathered brown skin, a leather apron over a coarse linen shirt, and a polished steel gauntlet on her left forearm. On the bench lie a hammered copper bowl, a coil of frayed rope, and three rough granite offcuts. Behind her on the left a forge fire glows with a warm orange to deep red gradient, and thin smoke rises against a flat dark stone wall on the right. Cold blue window light falls from the upper left across the steel.",Real Value,euler_ancestral,simple,9,1.0,1.0,1024,1280
161,push,slice_b6_d-0.200,WO_b6_d-0.200.json,4,P01,3141592,P01_slice_b6_d-0.200_krea2_seed3141592,P01_slice_b6_d-0.200_krea2_seed3141592_00001_.png,,52e5b19ca6,"Western comics style, bold ink outlines, hatched shadows, medium wide shot, static centred composition, eye-level camera, subject centred and filling the middle third of the frame. A blacksmith woman stands behind a heavy oak workbench, facing the viewer, both hands resting flat on the wood. She has coarse dark curls tied back, weathered brown skin, a leather apron over a coarse linen shirt, and a polished steel gauntlet on her left forearm. On the bench lie a hammered copper bowl, a coil of frayed rope, and three rough granite offcuts. Behind her on the left a forge fire glows with a warm orange to deep red gradient, and thin smoke rises against a flat dark stone wall on the right. Cold blue window light falls from the upper left across the steel.",Real Value,euler_ancestral,simple,9,1.0,1.0,1024,1280
162,push,slice_b6_d-0.200,WO_b6_d-0.200.json,4,P02,1618033,P02_slice_b6_d-0.200_krea2_seed1618033,P02_slice_b6_d-0.200_krea2_seed1618033_00001_.png,,7919c95fcf,"Western comics style, bold ink outlines, hatched shadows, medium wide shot, static centred composition, eye-level camera, subject centred and filling the middle third of the frame. A botanist man stands among potting benches, facing the viewer, one hand on a terracotta pot. He has straight pale hair, freckled fair skin, a knitted wool cardigan over a cotton shirt, and small round glasses. Broad waxy monstera leaves crowd the left of the frame and fine ferns the right. A glass carafe half full of water sits on the bench in front of him, beside damp dark soil and a brass watering can. Behind him the greenhouse panes show a pale cyan to warm cream sky gradient, with condensation beading on the glass.",Real Value,euler_ancestral,simple,9,1.0,1.0,1024,1280
163,push,slice_b6_d-0.200,WO_b6_d-0.200.json,4,P02,2718281,P02_slice_b6_d-0.200_krea2_seed2718281,P02_slice_b6_d-0.200_krea2_seed2718281_00001_.png,,7919c95fcf,"Western comics style, bold ink outlines, hatched shadows, medium wide shot, static centred composition, eye-level camera, subject centred and filling the middle third of the frame. A botanist man stands among potting benches, facing the viewer, one hand on a terracotta pot. He has straight pale hair, freckled fair skin, a knitted wool cardigan over a cotton shirt, and small round glasses. Broad waxy monstera leaves crowd the left of the frame and fine ferns the right. A glass carafe half full of water sits on the bench in front of him, beside damp dark soil and a brass watering can. Behind him the greenhouse panes show a pale cyan to warm cream sky gradient, with condensation beading on the glass.",Real Value,euler_ancestral,simple,9,1.0,1.0,1024,1280
164,push,slice_b6_d-0.200,WO_b6_d-0.200.json,4,P02,3141592,P02_slice_b6_d-0.200_krea2_seed3141592,P02_slice_b6_d-0.200_krea2_seed3141592_00001_.png,,7919c95fcf,"Western comics style, bold ink outlines, hatched shadows, medium wide shot, static centred composition, eye-level camera, subject centred and filling the middle third of the frame. A botanist man stands among potting benches, facing the viewer, one hand on a terracotta pot. He has straight pale hair, freckled fair skin, a knitted wool cardigan over a cotton shirt, and small round glasses. Broad waxy monstera leaves crowd the left of the frame and fine ferns the right. A glass carafe half full of water sits on the bench in front of him, beside damp dark soil and a brass watering can. Behind him the greenhouse panes show a pale cyan to warm cream sky gradient, with condensation beading on the glass.",Real Value,euler_ancestral,simple,9,1.0,1.0,1024,1280
165,push,union_d-0.200,Family_wo_d-0.200.json,28,P01,1618033,P01_union_d-0.200_krea2_seed1618033,P01_union_d-0.200_krea2_seed1618033_00001_.png,,52e5b19ca6,"Western comics style, bold ink outlines, hatched shadows, medium wide shot, static centred composition, eye-level camera, subject centred and filling the middle third of the frame. A blacksmith woman stands behind a heavy oak workbench, facing the viewer, both hands resting flat on the wood. She has coarse dark curls tied back, weathered brown skin, a leather apron over a coarse linen shirt, and a polished steel gauntlet on her left forearm. On the bench lie a hammered copper bowl, a coil of frayed rope, and three rough granite offcuts. Behind her on the left a forge fire glows with a warm orange to deep red gradient, and thin smoke rises against a flat dark stone wall on the right. Cold blue window light falls from the upper left across the steel.",Real Value,euler_ancestral,simple,9,1.0,1.0,1024,1280
166,push,union_d-0.200,Family_wo_d-0.200.json,28,P01,2718281,P01_union_d-0.200_krea2_seed2718281,P01_union_d-0.200_krea2_seed2718281_00001_.png,,52e5b19ca6,"Western comics style, bold ink outlines, hatched shadows, medium wide shot, static centred composition, eye-level camera, subject centred and filling the middle third of the frame. A blacksmith woman stands behind a heavy oak workbench, facing the viewer, both hands resting flat on the wood. She has coarse dark curls tied back, weathered brown skin, a leather apron over a coarse linen shirt, and a polished steel gauntlet on her left forearm. On the bench lie a hammered copper bowl, a coil of frayed rope, and three rough granite offcuts. Behind her on the left a forge fire glows with a warm orange to deep red gradient, and thin smoke rises against a flat dark stone wall on the right. Cold blue window light falls from the upper left across the steel.",Real Value,euler_ancestral,simple,9,1.0,1.0,1024,1280
167,push,union_d-0.200,Family_wo_d-0.200.json,28,P01,3141592,P01_union_d-0.200_krea2_seed3141592,P01_union_d-0.200_krea2_seed3141592_00001_.png,,52e5b19ca6,"Western comics style, bold ink outlines, hatched shadows, medium wide shot, static centred composition, eye-level camera, subject centred and filling the middle third of the frame. A blacksmith woman stands behind a heavy oak workbench, facing the viewer, both hands resting flat on the wood. She has coarse dark curls tied back, weathered brown skin, a leather apron over a coarse linen shirt, and a polished steel gauntlet on her left forearm. On the bench lie a hammered copper bowl, a coil of frayed rope, and three rough granite offcuts. Behind her on the left a forge fire glows with a warm orange to deep red gradient, and thin smoke rises against a flat dark stone wall on the right. Cold blue window light falls from the upper left across the steel.",Real Value,euler_ancestral,simple,9,1.0,1.0,1024,1280
168,push,union_d-0.200,Family_wo_d-0.200.json,28,P02,1618033,P02_union_d-0.200_krea2_seed1618033,P02_union_d-0.200_krea2_seed1618033_00001_.png,,7919c95fcf,"Western comics style, bold ink outlines, hatched shadows, medium wide shot, static centred composition, eye-level camera, subject centred and filling the middle third of the frame. A botanist man stands among potting benches, facing the viewer, one hand on a terracotta pot. He has straight pale hair, freckled fair skin, a knitted wool cardigan over a cotton shirt, and small round glasses. Broad waxy monstera leaves crowd the left of the frame and fine ferns the right. A glass carafe half full of water sits on the bench in front of him, beside damp dark soil and a brass watering can. Behind him the greenhouse panes show a pale cyan to warm cream sky gradient, with condensation beading on the glass.",Real Value,euler_ancestral,simple,9,1.0,1.0,1024,1280
169,push,union_d-0.200,Family_wo_d-0.200.json,28,P02,2718281,P02_union_d-0.200_krea2_seed2718281,P02_union_d-0.200_krea2_seed2718281_00001_.png,,7919c95fcf,"Western comics style, bold ink outlines, hatched shadows, medium wide shot, static centred composition, eye-level camera, subject centred and filling the middle third of the frame. A botanist man stands among potting benches, facing the viewer, one hand on a terracotta pot. He has straight pale hair, freckled fair skin, a knitted wool cardigan over a cotton shirt, and small round glasses. Broad waxy monstera leaves crowd the left of the frame and fine ferns the right. A glass carafe half full of water sits on the bench in front of him, beside damp dark soil and a brass watering can. Behind him the greenhouse panes show a pale cyan to warm cream sky gradient, with condensation beading on the glass.",Real Value,euler_ancestral,simple,9,1.0,1.0,1024,1280
170,push,union_d-0.200,Family_wo_d-0.200.json,28,P02,3141592,P02_union_d-0.200_krea2_seed3141592,P02_union_d-0.200_krea2_seed3141592_00001_.png,,7919c95fcf,"Western comics style, bold ink outlines, hatched shadows, medium wide shot, static centred composition, eye-level camera, subject centred and filling the middle third of the frame. A botanist man stands among potting benches, facing the viewer, one hand on a terracotta pot. He has straight pale hair, freckled fair skin, a knitted wool cardigan over a cotton shirt, and small round glasses. Broad waxy monstera leaves crowd the left of the frame and fine ferns the right. A glass carafe half full of water sits on the bench in front of him, beside damp dark soil and a brass watering can. Behind him the greenhouse panes show a pale cyan to warm cream sky gradient, with condensation beading on the glass.",Real Value,euler_ancestral,simple,9,1.0,1.0,1024,1280
171,push,slice_b1_d+0.350,WO_b1_d+0.350.json,5,P01,1618033,P01_slice_b1_d+0.350_krea2_seed1618033,P01_slice_b1_d+0.350_krea2_seed1618033_00001_.png,,52e5b19ca6,"Western comics style, bold ink outlines, hatched shadows, medium wide shot, static centred composition, eye-level camera, subject centred and filling the middle third of the frame. A blacksmith woman stands behind a heavy oak workbench, facing the viewer, both hands resting flat on the wood. She has coarse dark curls tied back, weathered brown skin, a leather apron over a coarse linen shirt, and a polished steel gauntlet on her left forearm. On the bench lie a hammered copper bowl, a coil of frayed rope, and three rough granite offcuts. Behind her on the left a forge fire glows with a warm orange to deep red gradient, and thin smoke rises against a flat dark stone wall on the right. Cold blue window light falls from the upper left across the steel.",Real Value,euler_ancestral,simple,9,1.0,1.0,1024,1280
172,push,slice_b1_d+0.350,WO_b1_d+0.350.json,5,P01,2718281,P01_slice_b1_d+0.350_krea2_seed2718281,P01_slice_b1_d+0.350_krea2_seed2718281_00001_.png,,52e5b19ca6,"Western comics style, bold ink outlines, hatched shadows, medium wide shot, static centred composition, eye-level camera, subject centred and filling the middle third of the frame. A blacksmith woman stands behind a heavy oak workbench, facing the viewer, both hands resting flat on the wood. She has coarse dark curls tied back, weathered brown skin, a leather apron over a coarse linen shirt, and a polished steel gauntlet on her left forearm. On the bench lie a hammered copper bowl, a coil of frayed rope, and three rough granite offcuts. Behind her on the left a forge fire glows with a warm orange to deep red gradient, and thin smoke rises against a flat dark stone wall on the right. Cold blue window light falls from the upper left across the steel.",Real Value,euler_ancestral,simple,9,1.0,1.0,1024,1280
173,push,slice_b1_d+0.350,WO_b1_d+0.350.json,5,P01,3141592,P01_slice_b1_d+0.350_krea2_seed3141592,P01_slice_b1_d+0.350_krea2_seed3141592_00001_.png,,52e5b19ca6,"Western comics style, bold ink outlines, hatched shadows, medium wide shot, static centred composition, eye-level camera, subject centred and filling the middle third of the frame. A blacksmith woman stands behind a heavy oak workbench, facing the viewer, both hands resting flat on the wood. She has coarse dark curls tied back, weathered brown skin, a leather apron over a coarse linen shirt, and a polished steel gauntlet on her left forearm. On the bench lie a hammered copper bowl, a coil of frayed rope, and three rough granite offcuts. Behind her on the left a forge fire glows with a warm orange to deep red gradient, and thin smoke rises against a flat dark stone wall on the right. Cold blue window light falls from the upper left across the steel.",Real Value,euler_ancestral,simple,9,1.0,1.0,1024,1280
174,push,slice_b1_d+0.350,WO_b1_d+0.350.json,5,P02,1618033,P02_slice_b1_d+0.350_krea2_seed1618033,P02_slice_b1_d+0.350_krea2_seed1618033_00001_.png,,7919c95fcf,"Western comics style, bold ink outlines, hatched shadows, medium wide shot, static centred composition, eye-level camera, subject centred and filling the middle third of the frame. A botanist man stands among potting benches, facing the viewer, one hand on a terracotta pot. He has straight pale hair, freckled fair skin, a knitted wool cardigan over a cotton shirt, and small round glasses. Broad waxy monstera leaves crowd the left of the frame and fine ferns the right. A glass carafe half full of water sits on the bench in front of him, beside damp dark soil and a brass watering can. Behind him the greenhouse panes show a pale cyan to warm cream sky gradient, with condensation beading on the glass.",Real Value,euler_ancestral,simple,9,1.0,1.0,1024,1280
175,push,slice_b1_d+0.350,WO_b1_d+0.350.json,5,P02,2718281,P02_slice_b1_d+0.350_krea2_seed2718281,P02_slice_b1_d+0.350_krea2_seed2718281_00001_.png,,7919c95fcf,"Western comics style, bold ink outlines, hatched shadows, medium wide shot, static centred composition, eye-level camera, subject centred and filling the middle third of the frame. A botanist man stands among potting benches, facing the viewer, one hand on a terracotta pot. He has straight pale hair, freckled fair skin, a knitted wool cardigan over a cotton shirt, and small round glasses. Broad waxy monstera leaves crowd the left of the frame and fine ferns the right. A glass carafe half full of water sits on the bench in front of him, beside damp dark soil and a brass watering can. Behind him the greenhouse panes show a pale cyan to warm cream sky gradient, with condensation beading on the glass.",Real Value,euler_ancestral,simple,9,1.0,1.0,1024,1280
176,push,slice_b1_d+0.350,WO_b1_d+0.350.json,5,P02,3141592,P02_slice_b1_d+0.350_krea2_seed3141592,P02_slice_b1_d+0.350_krea2_seed3141592_00001_.png,,7919c95fcf,"Western comics style, bold ink outlines, hatched shadows, medium wide shot, static centred composition, eye-level camera, subject centred and filling the middle third of the frame. A botanist man stands among potting benches, facing the viewer, one hand on a terracotta pot. He has straight pale hair, freckled fair skin, a knitted wool cardigan over a cotton shirt, and small round glasses. Broad waxy monstera leaves crowd the left of the frame and fine ferns the right. A glass carafe half full of water sits on the bench in front of him, beside damp dark soil and a brass watering can. Behind him the greenhouse panes show a pale cyan to warm cream sky gradient, with condensation beading on the glass.",Real Value,euler_ancestral,simple,9,1.0,1.0,1024,1280
177,push,slice_b2_d+0.350,WO_b2_d+0.350.json,5,P01,1618033,P01_slice_b2_d+0.350_krea2_seed1618033,P01_slice_b2_d+0.350_krea2_seed1618033_00001_.png,,52e5b19ca6,"Western comics style, bold ink outlines, hatched shadows, medium wide shot, static centred composition, eye-level camera, subject centred and filling the middle third of the frame. A blacksmith woman stands behind a heavy oak workbench, facing the viewer, both hands resting flat on the wood. She has coarse dark curls tied back, weathered brown skin, a leather apron over a coarse linen shirt, and a polished steel gauntlet on her left forearm. On the bench lie a hammered copper bowl, a coil of frayed rope, and three rough granite offcuts. Behind her on the left a forge fire glows with a warm orange to deep red gradient, and thin smoke rises against a flat dark stone wall on the right. Cold blue window light falls from the upper left across the steel.",Real Value,euler_ancestral,simple,9,1.0,1.0,1024,1280
178,push,slice_b2_d+0.350,WO_b2_d+0.350.json,5,P01,2718281,P01_slice_b2_d+0.350_krea2_seed2718281,P01_slice_b2_d+0.350_krea2_seed2718281_00001_.png,,52e5b19ca6,"Western comics style, bold ink outlines, hatched shadows, medium wide shot, static centred composition, eye-level camera, subject centred and filling the middle third of the frame. A blacksmith woman stands behind a heavy oak workbench, facing the viewer, both hands resting flat on the wood. She has coarse dark curls tied back, weathered brown skin, a leather apron over a coarse linen shirt, and a polished steel gauntlet on her left forearm. On the bench lie a hammered copper bowl, a coil of frayed rope, and three rough granite offcuts. Behind her on the left a forge fire glows with a warm orange to deep red gradient, and thin smoke rises against a flat dark stone wall on the right. Cold blue window light falls from the upper left across the steel.",Real Value,euler_ancestral,simple,9,1.0,1.0,1024,1280
179,push,slice_b2_d+0.350,WO_b2_d+0.350.json,5,P01,3141592,P01_slice_b2_d+0.350_krea2_seed3141592,P01_slice_b2_d+0.350_krea2_seed3141592_00001_.png,,52e5b19ca6,"Western comics style, bold ink outlines, hatched shadows, medium wide shot, static centred composition, eye-level camera, subject centred and filling the middle third of the frame. A blacksmith woman stands behind a heavy oak workbench, facing the viewer, both hands resting flat on the wood. She has coarse dark curls tied back, weathered brown skin, a leather apron over a coarse linen shirt, and a polished steel gauntlet on her left forearm. On the bench lie a hammered copper bowl, a coil of frayed rope, and three rough granite offcuts. Behind her on the left a forge fire glows with a warm orange to deep red gradient, and thin smoke rises against a flat dark stone wall on the right. Cold blue window light falls from the upper left across the steel.",Real Value,euler_ancestral,simple,9,1.0,1.0,1024,1280
180,push,slice_b2_d+0.350,WO_b2_d+0.350.json,5,P02,1618033,P02_slice_b2_d+0.350_krea2_seed1618033,P02_slice_b2_d+0.350_krea2_seed1618033_00001_.png,,7919c95fcf,"Western comics style, bold ink outlines, hatched shadows, medium wide shot, static centred composition, eye-level camera, subject centred and filling the middle third of the frame. A botanist man stands among potting benches, facing the viewer, one hand on a terracotta pot. He has straight pale hair, freckled fair skin, a knitted wool cardigan over a cotton shirt, and small round glasses. Broad waxy monstera leaves crowd the left of the frame and fine ferns the right. A glass carafe half full of water sits on the bench in front of him, beside damp dark soil and a brass watering can. Behind him the greenhouse panes show a pale cyan to warm cream sky gradient, with condensation beading on the glass.",Real Value,euler_ancestral,simple,9,1.0,1.0,1024,1280
181,push,slice_b2_d+0.350,WO_b2_d+0.350.json,5,P02,2718281,P02_slice_b2_d+0.350_krea2_seed2718281,P02_slice_b2_d+0.350_krea2_seed2718281_00001_.png,,7919c95fcf,"Western comics style, bold ink outlines, hatched shadows, medium wide shot, static centred composition, eye-level camera, subject centred and filling the middle third of the frame. A botanist man stands among potting benches, facing the viewer, one hand on a terracotta pot. He has straight pale hair, freckled fair skin, a knitted wool cardigan over a cotton shirt, and small round glasses. Broad waxy monstera leaves crowd the left of the frame and fine ferns the right. A glass carafe half full of water sits on the bench in front of him, beside damp dark soil and a brass watering can. Behind him the greenhouse panes show a pale cyan to warm cream sky gradient, with condensation beading on the glass.",Real Value,euler_ancestral,simple,9,1.0,1.0,1024,1280
182,push,slice_b2_d+0.350,WO_b2_d+0.350.json,5,P02,3141592,P02_slice_b2_d+0.350_krea2_seed3141592,P02_slice_b2_d+0.350_krea2_seed3141592_00001_.png,,7919c95fcf,"Western comics style, bold ink outlines, hatched shadows, medium wide shot, static centred composition, eye-level camera, subject centred and filling the middle third of the frame. A botanist man stands among potting benches, facing the viewer, one hand on a terracotta pot. He has straight pale hair, freckled fair skin, a knitted wool cardigan over a cotton shirt, and small round glasses. Broad waxy monstera leaves crowd the left of the frame and fine ferns the right. A glass carafe half full of water sits on the bench in front of him, beside damp dark soil and a brass watering can. Behind him the greenhouse panes show a pale cyan to warm cream sky gradient, with condensation beading on the glass.",Real Value,euler_ancestral,simple,9,1.0,1.0,1024,1280
183,push,slice_b3_d+0.350,WO_b3_d+0.350.json,5,P01,1618033,P01_slice_b3_d+0.350_krea2_seed1618033,P01_slice_b3_d+0.350_krea2_seed1618033_00001_.png,,52e5b19ca6,"Western comics style, bold ink outlines, hatched shadows, medium wide shot, static centred composition, eye-level camera, subject centred and filling the middle third of the frame. A blacksmith woman stands behind a heavy oak workbench, facing the viewer, both hands resting flat on the wood. She has coarse dark curls tied back, weathered brown skin, a leather apron over a coarse linen shirt, and a polished steel gauntlet on her left forearm. On the bench lie a hammered copper bowl, a coil of frayed rope, and three rough granite offcuts. Behind her on the left a forge fire glows with a warm orange to deep red gradient, and thin smoke rises against a flat dark stone wall on the right. Cold blue window light falls from the upper left across the steel.",Real Value,euler_ancestral,simple,9,1.0,1.0,1024,1280
184,push,slice_b3_d+0.350,WO_b3_d+0.350.json,5,P01,2718281,P01_slice_b3_d+0.350_krea2_seed2718281,P01_slice_b3_d+0.350_krea2_seed2718281_00001_.png,,52e5b19ca6,"Western comics style, bold ink outlines, hatched shadows, medium wide shot, static centred composition, eye-level camera, subject centred and filling the middle third of the frame. A blacksmith woman stands behind a heavy oak workbench, facing the viewer, both hands resting flat on the wood. She has coarse dark curls tied back, weathered brown skin, a leather apron over a coarse linen shirt, and a polished steel gauntlet on her left forearm. On the bench lie a hammered copper bowl, a coil of frayed rope, and three rough granite offcuts. Behind her on the left a forge fire glows with a warm orange to deep red gradient, and thin smoke rises against a flat dark stone wall on the right. Cold blue window light falls from the upper left across the steel.",Real Value,euler_ancestral,simple,9,1.0,1.0,1024,1280
185,push,slice_b3_d+0.350,WO_b3_d+0.350.json,5,P01,3141592,P01_slice_b3_d+0.350_krea2_seed3141592,P01_slice_b3_d+0.350_krea2_seed3141592_00001_.png,,52e5b19ca6,"Western comics style, bold ink outlines, hatched shadows, medium wide shot, static centred composition, eye-level camera, subject centred and filling the middle third of the frame. A blacksmith woman stands behind a heavy oak workbench, facing the viewer, both hands resting flat on the wood. She has coarse dark curls tied back, weathered brown skin, a leather apron over a coarse linen shirt, and a polished steel gauntlet on her left forearm. On the bench lie a hammered copper bowl, a coil of frayed rope, and three rough granite offcuts. Behind her on the left a forge fire glows with a warm orange to deep red gradient, and thin smoke rises against a flat dark stone wall on the right. Cold blue window light falls from the upper left across the steel.",Real Value,euler_ancestral,simple,9,1.0,1.0,1024,1280
186,push,slice_b3_d+0.350,WO_b3_d+0.350.json,5,P02,1618033,P02_slice_b3_d+0.350_krea2_seed1618033,P02_slice_b3_d+0.350_krea2_seed1618033_00001_.png,,7919c95fcf,"Western comics style, bold ink outlines, hatched shadows, medium wide shot, static centred composition, eye-level camera, subject centred and filling the middle third of the frame. A botanist man stands among potting benches, facing the viewer, one hand on a terracotta pot. He has straight pale hair, freckled fair skin, a knitted wool cardigan over a cotton shirt, and small round glasses. Broad waxy monstera leaves crowd the left of the frame and fine ferns the right. A glass carafe half full of water sits on the bench in front of him, beside damp dark soil and a brass watering can. Behind him the greenhouse panes show a pale cyan to warm cream sky gradient, with condensation beading on the glass.",Real Value,euler_ancestral,simple,9,1.0,1.0,1024,1280
187,push,slice_b3_d+0.350,WO_b3_d+0.350.json,5,P02,2718281,P02_slice_b3_d+0.350_krea2_seed2718281,P02_slice_b3_d+0.350_krea2_seed2718281_00001_.png,,7919c95fcf,"Western comics style, bold ink outlines, hatched shadows, medium wide shot, static centred composition, eye-level camera, subject centred and filling the middle third of the frame. A botanist man stands among potting benches, facing the viewer, one hand on a terracotta pot. He has straight pale hair, freckled fair skin, a knitted wool cardigan over a cotton shirt, and small round glasses. Broad waxy monstera leaves crowd the left of the frame and fine ferns the right. A glass carafe half full of water sits on the bench in front of him, beside damp dark soil and a brass watering can. Behind him the greenhouse panes show a pale cyan to warm cream sky gradient, with condensation beading on the glass.",Real Value,euler_ancestral,simple,9,1.0,1.0,1024,1280
188,push,slice_b3_d+0.350,WO_b3_d+0.350.json,5,P02,3141592,P02_slice_b3_d+0.350_krea2_seed3141592,P02_slice_b3_d+0.350_krea2_seed3141592_00001_.png,,7919c95fcf,"Western comics style, bold ink outlines, hatched shadows, medium wide shot, static centred composition, eye-level camera, subject centred and filling the middle third of the frame. A botanist man stands among potting benches, facing the viewer, one hand on a terracotta pot. He has straight pale hair, freckled fair skin, a knitted wool cardigan over a cotton shirt, and small round glasses. Broad waxy monstera leaves crowd the left of the frame and fine ferns the right. A glass carafe half full of water sits on the bench in front of him, beside damp dark soil and a brass watering can. Behind him the greenhouse panes show a pale cyan to warm cream sky gradient, with condensation beading on the glass.",Real Value,euler_ancestral,simple,9,1.0,1.0,1024,1280
189,push,slice_b4_d+0.350,WO_b4_d+0.350.json,5,P01,1618033,P01_slice_b4_d+0.350_krea2_seed1618033,P01_slice_b4_d+0.350_krea2_seed1618033_00001_.png,,52e5b19ca6,"Western comics style, bold ink outlines, hatched shadows, medium wide shot, static centred composition, eye-level camera, subject centred and filling the middle third of the frame. A blacksmith woman stands behind a heavy oak workbench, facing the viewer, both hands resting flat on the wood. She has coarse dark curls tied back, weathered brown skin, a leather apron over a coarse linen shirt, and a polished steel gauntlet on her left forearm. On the bench lie a hammered copper bowl, a coil of frayed rope, and three rough granite offcuts. Behind her on the left a forge fire glows with a warm orange to deep red gradient, and thin smoke rises against a flat dark stone wall on the right. Cold blue window light falls from the upper left across the steel.",Real Value,euler_ancestral,simple,9,1.0,1.0,1024,1280
190,push,slice_b4_d+0.350,WO_b4_d+0.350.json,5,P01,2718281,P01_slice_b4_d+0.350_krea2_seed2718281,P01_slice_b4_d+0.350_krea2_seed2718281_00001_.png,,52e5b19ca6,"Western comics style, bold ink outlines, hatched shadows, medium wide shot, static centred composition, eye-level camera, subject centred and filling the middle third of the frame. A blacksmith woman stands behind a heavy oak workbench, facing the viewer, both hands resting flat on the wood. She has coarse dark curls tied back, weathered brown skin, a leather apron over a coarse linen shirt, and a polished steel gauntlet on her left forearm. On the bench lie a hammered copper bowl, a coil of frayed rope, and three rough granite offcuts. Behind her on the left a forge fire glows with a warm orange to deep red gradient, and thin smoke rises against a flat dark stone wall on the right. Cold blue window light falls from the upper left across the steel.",Real Value,euler_ancestral,simple,9,1.0,1.0,1024,1280
191,push,slice_b4_d+0.350,WO_b4_d+0.350.json,5,P01,3141592,P01_slice_b4_d+0.350_krea2_seed3141592,P01_slice_b4_d+0.350_krea2_seed3141592_00001_.png,,52e5b19ca6,"Western comics style, bold ink outlines, hatched shadows, medium wide shot, static centred composition, eye-level camera, subject centred and filling the middle third of the frame. A blacksmith woman stands behind a heavy oak workbench, facing the viewer, both hands resting flat on the wood. She has coarse dark curls tied back, weathered brown skin, a leather apron over a coarse linen shirt, and a polished steel gauntlet on her left forearm. On the bench lie a hammered copper bowl, a coil of frayed rope, and three rough granite offcuts. Behind her on the left a forge fire glows with a warm orange to deep red gradient, and thin smoke rises against a flat dark stone wall on the right. Cold blue window light falls from the upper left across the steel.",Real Value,euler_ancestral,simple,9,1.0,1.0,1024,1280
192,push,slice_b4_d+0.350,WO_b4_d+0.350.json,5,P02,1618033,P02_slice_b4_d+0.350_krea2_seed1618033,P02_slice_b4_d+0.350_krea2_seed1618033_00001_.png,,7919c95fcf,"Western comics style, bold ink outlines, hatched shadows, medium wide shot, static centred composition, eye-level camera, subject centred and filling the middle third of the frame. A botanist man stands among potting benches, facing the viewer, one hand on a terracotta pot. He has straight pale hair, freckled fair skin, a knitted wool cardigan over a cotton shirt, and small round glasses. Broad waxy monstera leaves crowd the left of the frame and fine ferns the right. A glass carafe half full of water sits on the bench in front of him, beside damp dark soil and a brass watering can. Behind him the greenhouse panes show a pale cyan to warm cream sky gradient, with condensation beading on the glass.",Real Value,euler_ancestral,simple,9,1.0,1.0,1024,1280
193,push,slice_b4_d+0.350,WO_b4_d+0.350.json,5,P02,2718281,P02_slice_b4_d+0.350_krea2_seed2718281,P02_slice_b4_d+0.350_krea2_seed2718281_00001_.png,,7919c95fcf,"Western comics style, bold ink outlines, hatched shadows, medium wide shot, static centred composition, eye-level camera, subject centred and filling the middle third of the frame. A botanist man stands among potting benches, facing the viewer, one hand on a terracotta pot. He has straight pale hair, freckled fair skin, a knitted wool cardigan over a cotton shirt, and small round glasses. Broad waxy monstera leaves crowd the left of the frame and fine ferns the right. A glass carafe half full of water sits on the bench in front of him, beside damp dark soil and a brass watering can. Behind him the greenhouse panes show a pale cyan to warm cream sky gradient, with condensation beading on the glass.",Real Value,euler_ancestral,simple,9,1.0,1.0,1024,1280
194,push,slice_b4_d+0.350,WO_b4_d+0.350.json,5,P02,3141592,P02_slice_b4_d+0.350_krea2_seed3141592,P02_slice_b4_d+0.350_krea2_seed3141592_00001_.png,,7919c95fcf,"Western comics style, bold ink outlines, hatched shadows, medium wide shot, static centred composition, eye-level camera, subject centred and filling the middle third of the frame. A botanist man stands among potting benches, facing the viewer, one hand on a terracotta pot. He has straight pale hair, freckled fair skin, a knitted wool cardigan over a cotton shirt, and small round glasses. Broad waxy monstera leaves crowd the left of the frame and fine ferns the right. A glass carafe half full of water sits on the bench in front of him, beside damp dark soil and a brass watering can. Behind him the greenhouse panes show a pale cyan to warm cream sky gradient, with condensation beading on the glass.",Real Value,euler_ancestral,simple,9,1.0,1.0,1024,1280
195,push,slice_b5_d+0.350,WO_b5_d+0.350.json,4,P01,1618033,P01_slice_b5_d+0.350_krea2_seed1618033,P01_slice_b5_d+0.350_krea2_seed1618033_00001_.png,,52e5b19ca6,"Western comics style, bold ink outlines, hatched shadows, medium wide shot, static centred composition, eye-level camera, subject centred and filling the middle third of the frame. A blacksmith woman stands behind a heavy oak workbench, facing the viewer, both hands resting flat on the wood. She has coarse dark curls tied back, weathered brown skin, a leather apron over a coarse linen shirt, and a polished steel gauntlet on her left forearm. On the bench lie a hammered copper bowl, a coil of frayed rope, and three rough granite offcuts. Behind her on the left a forge fire glows with a warm orange to deep red gradient, and thin smoke rises against a flat dark stone wall on the right. Cold blue window light falls from the upper left across the steel.",Real Value,euler_ancestral,simple,9,1.0,1.0,1024,1280
196,push,slice_b5_d+0.350,WO_b5_d+0.350.json,4,P01,2718281,P01_slice_b5_d+0.350_krea2_seed2718281,P01_slice_b5_d+0.350_krea2_seed2718281_00001_.png,,52e5b19ca6,"Western comics style, bold ink outlines, hatched shadows, medium wide shot, static centred composition, eye-level camera, subject centred and filling the middle third of the frame. A blacksmith woman stands behind a heavy oak workbench, facing the viewer, both hands resting flat on the wood. She has coarse dark curls tied back, weathered brown skin, a leather apron over a coarse linen shirt, and a polished steel gauntlet on her left forearm. On the bench lie a hammered copper bowl, a coil of frayed rope, and three rough granite offcuts. Behind her on the left a forge fire glows with a warm orange to deep red gradient, and thin smoke rises against a flat dark stone wall on the right. Cold blue window light falls from the upper left across the steel.",Real Value,euler_ancestral,simple,9,1.0,1.0,1024,1280
197,push,slice_b5_d+0.350,WO_b5_d+0.350.json,4,P01,3141592,P01_slice_b5_d+0.350_krea2_seed3141592,P01_slice_b5_d+0.350_krea2_seed3141592_00001_.png,,52e5b19ca6,"Western comics style, bold ink outlines, hatched shadows, medium wide shot, static centred composition, eye-level camera, subject centred and filling the middle third of the frame. A blacksmith woman stands behind a heavy oak workbench, facing the viewer, both hands resting flat on the wood. She has coarse dark curls tied back, weathered brown skin, a leather apron over a coarse linen shirt, and a polished steel gauntlet on her left forearm. On the bench lie a hammered copper bowl, a coil of frayed rope, and three rough granite offcuts. Behind her on the left a forge fire glows with a warm orange to deep red gradient, and thin smoke rises against a flat dark stone wall on the right. Cold blue window light falls from the upper left across the steel.",Real Value,euler_ancestral,simple,9,1.0,1.0,1024,1280
198,push,slice_b5_d+0.350,WO_b5_d+0.350.json,4,P02,1618033,P02_slice_b5_d+0.350_krea2_seed1618033,P02_slice_b5_d+0.350_krea2_seed1618033_00001_.png,,7919c95fcf,"Western comics style, bold ink outlines, hatched shadows, medium wide shot, static centred composition, eye-level camera, subject centred and filling the middle third of the frame. A botanist man stands among potting benches, facing the viewer, one hand on a terracotta pot. He has straight pale hair, freckled fair skin, a knitted wool cardigan over a cotton shirt, and small round glasses. Broad waxy monstera leaves crowd the left of the frame and fine ferns the right. A glass carafe half full of water sits on the bench in front of him, beside damp dark soil and a brass watering can. Behind him the greenhouse panes show a pale cyan to warm cream sky gradient, with condensation beading on the glass.",Real Value,euler_ancestral,simple,9,1.0,1.0,1024,1280
199,push,slice_b5_d+0.350,WO_b5_d+0.350.json,4,P02,2718281,P02_slice_b5_d+0.350_krea2_seed2718281,P02_slice_b5_d+0.350_krea2_seed2718281_00001_.png,,7919c95fcf,"Western comics style, bold ink outlines, hatched shadows, medium wide shot, static centred composition, eye-level camera, subject centred and filling the middle third of the frame. A botanist man stands among potting benches, facing the viewer, one hand on a terracotta pot. He has straight pale hair, freckled fair skin, a knitted wool cardigan over a cotton shirt, and small round glasses. Broad waxy monstera leaves crowd the left of the frame and fine ferns the right. A glass carafe half full of water sits on the bench in front of him, beside damp dark soil and a brass watering can. Behind him the greenhouse panes show a pale cyan to warm cream sky gradient, with condensation beading on the glass.",Real Value,euler_ancestral,simple,9,1.0,1.0,1024,1280
200,push,slice_b5_d+0.350,WO_b5_d+0.350.json,4,P02,3141592,P02_slice_b5_d+0.350_krea2_seed3141592,P02_slice_b5_d+0.350_krea2_seed3141592_00001_.png,,7919c95fcf,"Western comics style, bold ink outlines, hatched shadows, medium wide shot, static centred composition, eye-level camera, subject centred and filling the middle third of the frame. A botanist man stands among potting benches, facing the viewer, one hand on a terracotta pot. He has straight pale hair, freckled fair skin, a knitted wool cardigan over a cotton shirt, and small round glasses. Broad waxy monstera leaves crowd the left of the frame and fine ferns the right. A glass carafe half full of water sits on the bench in front of him, beside damp dark soil and a brass watering can. Behind him the greenhouse panes show a pale cyan to warm cream sky gradient, with condensation beading on the glass.",Real Value,euler_ancestral,simple,9,1.0,1.0,1024,1280
201,push,slice_b6_d+0.350,WO_b6_d+0.350.json,4,P01,1618033,P01_slice_b6_d+0.350_krea2_seed1618033,P01_slice_b6_d+0.350_krea2_seed1618033_00001_.png,,52e5b19ca6,"Western comics style, bold ink outlines, hatched shadows, medium wide shot, static centred composition, eye-level camera, subject centred and filling the middle third of the frame. A blacksmith woman stands behind a heavy oak workbench, facing the viewer, both hands resting flat on the wood. She has coarse dark curls tied back, weathered brown skin, a leather apron over a coarse linen shirt, and a polished steel gauntlet on her left forearm. On the bench lie a hammered copper bowl, a coil of frayed rope, and three rough granite offcuts. Behind her on the left a forge fire glows with a warm orange to deep red gradient, and thin smoke rises against a flat dark stone wall on the right. Cold blue window light falls from the upper left across the steel.",Real Value,euler_ancestral,simple,9,1.0,1.0,1024,1280
202,push,slice_b6_d+0.350,WO_b6_d+0.350.json,4,P01,2718281,P01_slice_b6_d+0.350_krea2_seed2718281,P01_slice_b6_d+0.350_krea2_seed2718281_00001_.png,,52e5b19ca6,"Western comics style, bold ink outlines, hatched shadows, medium wide shot, static centred composition, eye-level camera, subject centred and filling the middle third of the frame. A blacksmith woman stands behind a heavy oak workbench, facing the viewer, both hands resting flat on the wood. She has coarse dark curls tied back, weathered brown skin, a leather apron over a coarse linen shirt, and a polished steel gauntlet on her left forearm. On the bench lie a hammered copper bowl, a coil of frayed rope, and three rough granite offcuts. Behind her on the left a forge fire glows with a warm orange to deep red gradient, and thin smoke rises against a flat dark stone wall on the right. Cold blue window light falls from the upper left across the steel.",Real Value,euler_ancestral,simple,9,1.0,1.0,1024,1280
203,push,slice_b6_d+0.350,WO_b6_d+0.350.json,4,P01,3141592,P01_slice_b6_d+0.350_krea2_seed3141592,P01_slice_b6_d+0.350_krea2_seed3141592_00001_.png,,52e5b19ca6,"Western comics style, bold ink outlines, hatched shadows, medium wide shot, static centred composition, eye-level camera, subject centred and filling the middle third of the frame. A blacksmith woman stands behind a heavy oak workbench, facing the viewer, both hands resting flat on the wood. She has coarse dark curls tied back, weathered brown skin, a leather apron over a coarse linen shirt, and a polished steel gauntlet on her left forearm. On the bench lie a hammered copper bowl, a coil of frayed rope, and three rough granite offcuts. Behind her on the left a forge fire glows with a warm orange to deep red gradient, and thin smoke rises against a flat dark stone wall on the right. Cold blue window light falls from the upper left across the steel.",Real Value,euler_ancestral,simple,9,1.0,1.0,1024,1280
204,push,slice_b6_d+0.350,WO_b6_d+0.350.json,4,P02,1618033,P02_slice_b6_d+0.350_krea2_seed1618033,P02_slice_b6_d+0.350_krea2_seed1618033_00001_.png,,7919c95fcf,"Western comics style, bold ink outlines, hatched shadows, medium wide shot, static centred composition, eye-level camera, subject centred and filling the middle third of the frame. A botanist man stands among potting benches, facing the viewer, one hand on a terracotta pot. He has straight pale hair, freckled fair skin, a knitted wool cardigan over a cotton shirt, and small round glasses. Broad waxy monstera leaves crowd the left of the frame and fine ferns the right. A glass carafe half full of water sits on the bench in front of him, beside damp dark soil and a brass watering can. Behind him the greenhouse panes show a pale cyan to warm cream sky gradient, with condensation beading on the glass.",Real Value,euler_ancestral,simple,9,1.0,1.0,1024,1280
205,push,slice_b6_d+0.350,WO_b6_d+0.350.json,4,P02,2718281,P02_slice_b6_d+0.350_krea2_seed2718281,P02_slice_b6_d+0.350_krea2_seed2718281_00001_.png,,7919c95fcf,"Western comics style, bold ink outlines, hatched shadows, medium wide shot, static centred composition, eye-level camera, subject centred and filling the middle third of the frame. A botanist man stands among potting benches, facing the viewer, one hand on a terracotta pot. He has straight pale hair, freckled fair skin, a knitted wool cardigan over a cotton shirt, and small round glasses. Broad waxy monstera leaves crowd the left of the frame and fine ferns the right. A glass carafe half full of water sits on the bench in front of him, beside damp dark soil and a brass watering can. Behind him the greenhouse panes show a pale cyan to warm cream sky gradient, with condensation beading on the glass.",Real Value,euler_ancestral,simple,9,1.0,1.0,1024,1280
206,push,slice_b6_d+0.350,WO_b6_d+0.350.json,4,P02,3141592,P02_slice_b6_d+0.350_krea2_seed3141592,P02_slice_b6_d+0.350_krea2_seed3141592_00001_.png,,7919c95fcf,"Western comics style, bold ink outlines, hatched shadows, medium wide shot, static centred composition, eye-level camera, subject centred and filling the middle third of the frame. A botanist man stands among potting benches, facing the viewer, one hand on a terracotta pot. He has straight pale hair, freckled fair skin, a knitted wool cardigan over a cotton shirt, and small round glasses. Broad waxy monstera leaves crowd the left of the frame and fine ferns the right. A glass carafe half full of water sits on the bench in front of him, beside damp dark soil and a brass watering can. Behind him the greenhouse panes show a pale cyan to warm cream sky gradient, with condensation beading on the glass.",Real Value,euler_ancestral,simple,9,1.0,1.0,1024,1280
207,push,union_d+0.350,Family_wo_d+0.350.json,28,P01,1618033,P01_union_d+0.350_krea2_seed1618033,P01_union_d+0.350_krea2_seed1618033_00001_.png,,52e5b19ca6,"Western comics style, bold ink outlines, hatched shadows, medium wide shot, static centred composition, eye-level camera, subject centred and filling the middle third of the frame. A blacksmith woman stands behind a heavy oak workbench, facing the viewer, both hands resting flat on the wood. She has coarse dark curls tied back, weathered brown skin, a leather apron over a coarse linen shirt, and a polished steel gauntlet on her left forearm. On the bench lie a hammered copper bowl, a coil of frayed rope, and three rough granite offcuts. Behind her on the left a forge fire glows with a warm orange to deep red gradient, and thin smoke rises against a flat dark stone wall on the right. Cold blue window light falls from the upper left across the steel.",Real Value,euler_ancestral,simple,9,1.0,1.0,1024,1280
208,push,union_d+0.350,Family_wo_d+0.350.json,28,P01,2718281,P01_union_d+0.350_krea2_seed2718281,P01_union_d+0.350_krea2_seed2718281_00001_.png,,52e5b19ca6,"Western comics style, bold ink outlines, hatched shadows, medium wide shot, static centred composition, eye-level camera, subject centred and filling the middle third of the frame. A blacksmith woman stands behind a heavy oak workbench, facing the viewer, both hands resting flat on the wood. She has coarse dark curls tied back, weathered brown skin, a leather apron over a coarse linen shirt, and a polished steel gauntlet on her left forearm. On the bench lie a hammered copper bowl, a coil of frayed rope, and three rough granite offcuts. Behind her on the left a forge fire glows with a warm orange to deep red gradient, and thin smoke rises against a flat dark stone wall on the right. Cold blue window light falls from the upper left across the steel.",Real Value,euler_ancestral,simple,9,1.0,1.0,1024,1280
209,push,union_d+0.350,Family_wo_d+0.350.json,28,P01,3141592,P01_union_d+0.350_krea2_seed3141592,P01_union_d+0.350_krea2_seed3141592_00001_.png,,52e5b19ca6,"Western comics style, bold ink outlines, hatched shadows, medium wide shot, static centred composition, eye-level camera, subject centred and filling the middle third of the frame. A blacksmith woman stands behind a heavy oak workbench, facing the viewer, both hands resting flat on the wood. She has coarse dark curls tied back, weathered brown skin, a leather apron over a coarse linen shirt, and a polished steel gauntlet on her left forearm. On the bench lie a hammered copper bowl, a coil of frayed rope, and three rough granite offcuts. Behind her on the left a forge fire glows with a warm orange to deep red gradient, and thin smoke rises against a flat dark stone wall on the right. Cold blue window light falls from the upper left across the steel.",Real Value,euler_ancestral,simple,9,1.0,1.0,1024,1280
210,push,union_d+0.350,Family_wo_d+0.350.json,28,P02,1618033,P02_union_d+0.350_krea2_seed1618033,P02_union_d+0.350_krea2_seed1618033_00001_.png,,7919c95fcf,"Western comics style, bold ink outlines, hatched shadows, medium wide shot, static centred composition, eye-level camera, subject centred and filling the middle third of the frame. A botanist man stands among potting benches, facing the viewer, one hand on a terracotta pot. He has straight pale hair, freckled fair skin, a knitted wool cardigan over a cotton shirt, and small round glasses. Broad waxy monstera leaves crowd the left of the frame and fine ferns the right. A glass carafe half full of water sits on the bench in front of him, beside damp dark soil and a brass watering can. Behind him the greenhouse panes show a pale cyan to warm cream sky gradient, with condensation beading on the glass.",Real Value,euler_ancestral,simple,9,1.0,1.0,1024,1280
211,push,union_d+0.350,Family_wo_d+0.350.json,28,P02,2718281,P02_union_d+0.350_krea2_seed2718281,P02_union_d+0.350_krea2_seed2718281_00001_.png,,7919c95fcf,"Western comics style, bold ink outlines, hatched shadows, medium wide shot, static centred composition, eye-level camera, subject centred and filling the middle third of the frame. A botanist man stands among potting benches, facing the viewer, one hand on a terracotta pot. He has straight pale hair, freckled fair skin, a knitted wool cardigan over a cotton shirt, and small round glasses. Broad waxy monstera leaves crowd the left of the frame and fine ferns the right. A glass carafe half full of water sits on the bench in front of him, beside damp dark soil and a brass watering can. Behind him the greenhouse panes show a pale cyan to warm cream sky gradient, with condensation beading on the glass.",Real Value,euler_ancestral,simple,9,1.0,1.0,1024,1280
212,push,union_d+0.350,Family_wo_d+0.350.json,28,P02,3141592,P02_union_d+0.350_krea2_seed3141592,P02_union_d+0.350_krea2_seed3141592_00001_.png,,7919c95fcf,"Western comics style, bold ink outlines, hatched shadows, medium wide shot, static centred composition, eye-level camera, subject centred and filling the middle third of the frame. A botanist man stands among potting benches, facing the viewer, one hand on a terracotta pot. He has straight pale hair, freckled fair skin, a knitted wool cardigan over a cotton shirt, and small round glasses. Broad waxy monstera leaves crowd the left of the frame and fine ferns the right. A glass carafe half full of water sits on the bench in front of him, beside damp dark soil and a brass watering can. Behind him the greenhouse panes show a pale cyan to warm cream sky gradient, with condensation beading on the glass.",Real Value,euler_ancestral,simple,9,1.0,1.0,1024,1280
213,push,slice_b1_d-0.350,WO_b1_d-0.350.json,5,P01,1618033,P01_slice_b1_d-0.350_krea2_seed1618033,P01_slice_b1_d-0.350_krea2_seed1618033_00001_.png,,52e5b19ca6,"Western comics style, bold ink outlines, hatched shadows, medium wide shot, static centred composition, eye-level camera, subject centred and filling the middle third of the frame. A blacksmith woman stands behind a heavy oak workbench, facing the viewer, both hands resting flat on the wood. She has coarse dark curls tied back, weathered brown skin, a leather apron over a coarse linen shirt, and a polished steel gauntlet on her left forearm. On the bench lie a hammered copper bowl, a coil of frayed rope, and three rough granite offcuts. Behind her on the left a forge fire glows with a warm orange to deep red gradient, and thin smoke rises against a flat dark stone wall on the right. Cold blue window light falls from the upper left across the steel.",Real Value,euler_ancestral,simple,9,1.0,1.0,1024,1280
214,push,slice_b1_d-0.350,WO_b1_d-0.350.json,5,P01,2718281,P01_slice_b1_d-0.350_krea2_seed2718281,P01_slice_b1_d-0.350_krea2_seed2718281_00001_.png,,52e5b19ca6,"Western comics style, bold ink outlines, hatched shadows, medium wide shot, static centred composition, eye-level camera, subject centred and filling the middle third of the frame. A blacksmith woman stands behind a heavy oak workbench, facing the viewer, both hands resting flat on the wood. She has coarse dark curls tied back, weathered brown skin, a leather apron over a coarse linen shirt, and a polished steel gauntlet on her left forearm. On the bench lie a hammered copper bowl, a coil of frayed rope, and three rough granite offcuts. Behind her on the left a forge fire glows with a warm orange to deep red gradient, and thin smoke rises against a flat dark stone wall on the right. Cold blue window light falls from the upper left across the steel.",Real Value,euler_ancestral,simple,9,1.0,1.0,1024,1280
215,push,slice_b1_d-0.350,WO_b1_d-0.350.json,5,P01,3141592,P01_slice_b1_d-0.350_krea2_seed3141592,P01_slice_b1_d-0.350_krea2_seed3141592_00001_.png,,52e5b19ca6,"Western comics style, bold ink outlines, hatched shadows, medium wide shot, static centred composition, eye-level camera, subject centred and filling the middle third of the frame. A blacksmith woman stands behind a heavy oak workbench, facing the viewer, both hands resting flat on the wood. She has coarse dark curls tied back, weathered brown skin, a leather apron over a coarse linen shirt, and a polished steel gauntlet on her left forearm. On the bench lie a hammered copper bowl, a coil of frayed rope, and three rough granite offcuts. Behind her on the left a forge fire glows with a warm orange to deep red gradient, and thin smoke rises against a flat dark stone wall on the right. Cold blue window light falls from the upper left across the steel.",Real Value,euler_ancestral,simple,9,1.0,1.0,1024,1280
216,push,slice_b1_d-0.350,WO_b1_d-0.350.json,5,P02,1618033,P02_slice_b1_d-0.350_krea2_seed1618033,P02_slice_b1_d-0.350_krea2_seed1618033_00001_.png,,7919c95fcf,"Western comics style, bold ink outlines, hatched shadows, medium wide shot, static centred composition, eye-level camera, subject centred and filling the middle third of the frame. A botanist man stands among potting benches, facing the viewer, one hand on a terracotta pot. He has straight pale hair, freckled fair skin, a knitted wool cardigan over a cotton shirt, and small round glasses. Broad waxy monstera leaves crowd the left of the frame and fine ferns the right. A glass carafe half full of water sits on the bench in front of him, beside damp dark soil and a brass watering can. Behind him the greenhouse panes show a pale cyan to warm cream sky gradient, with condensation beading on the glass.",Real Value,euler_ancestral,simple,9,1.0,1.0,1024,1280
217,push,slice_b1_d-0.350,WO_b1_d-0.350.json,5,P02,2718281,P02_slice_b1_d-0.350_krea2_seed2718281,P02_slice_b1_d-0.350_krea2_seed2718281_00001_.png,,7919c95fcf,"Western comics style, bold ink outlines, hatched shadows, medium wide shot, static centred composition, eye-level camera, subject centred and filling the middle third of the frame. A botanist man stands among potting benches, facing the viewer, one hand on a terracotta pot. He has straight pale hair, freckled fair skin, a knitted wool cardigan over a cotton shirt, and small round glasses. Broad waxy monstera leaves crowd the left of the frame and fine ferns the right. A glass carafe half full of water sits on the bench in front of him, beside damp dark soil and a brass watering can. Behind him the greenhouse panes show a pale cyan to warm cream sky gradient, with condensation beading on the glass.",Real Value,euler_ancestral,simple,9,1.0,1.0,1024,1280
218,push,slice_b1_d-0.350,WO_b1_d-0.350.json,5,P02,3141592,P02_slice_b1_d-0.350_krea2_seed3141592,P02_slice_b1_d-0.350_krea2_seed3141592_00001_.png,,7919c95fcf,"Western comics style, bold ink outlines, hatched shadows, medium wide shot, static centred composition, eye-level camera, subject centred and filling the middle third of the frame. A botanist man stands among potting benches, facing the viewer, one hand on a terracotta pot. He has straight pale hair, freckled fair skin, a knitted wool cardigan over a cotton shirt, and small round glasses. Broad waxy monstera leaves crowd the left of the frame and fine ferns the right. A glass carafe half full of water sits on the bench in front of him, beside damp dark soil and a brass watering can. Behind him the greenhouse panes show a pale cyan to warm cream sky gradient, with condensation beading on the glass.",Real Value,euler_ancestral,simple,9,1.0,1.0,1024,1280
219,push,slice_b2_d-0.350,WO_b2_d-0.350.json,5,P01,1618033,P01_slice_b2_d-0.350_krea2_seed1618033,P01_slice_b2_d-0.350_krea2_seed1618033_00001_.png,,52e5b19ca6,"Western comics style, bold ink outlines, hatched shadows, medium wide shot, static centred composition, eye-level camera, subject centred and filling the middle third of the frame. A blacksmith woman stands behind a heavy oak workbench, facing the viewer, both hands resting flat on the wood. She has coarse dark curls tied back, weathered brown skin, a leather apron over a coarse linen shirt, and a polished steel gauntlet on her left forearm. On the bench lie a hammered copper bowl, a coil of frayed rope, and three rough granite offcuts. Behind her on the left a forge fire glows with a warm orange to deep red gradient, and thin smoke rises against a flat dark stone wall on the right. Cold blue window light falls from the upper left across the steel.",Real Value,euler_ancestral,simple,9,1.0,1.0,1024,1280
220,push,slice_b2_d-0.350,WO_b2_d-0.350.json,5,P01,2718281,P01_slice_b2_d-0.350_krea2_seed2718281,P01_slice_b2_d-0.350_krea2_seed2718281_00001_.png,,52e5b19ca6,"Western comics style, bold ink outlines, hatched shadows, medium wide shot, static centred composition, eye-level camera, subject centred and filling the middle third of the frame. A blacksmith woman stands behind a heavy oak workbench, facing the viewer, both hands resting flat on the wood. She has coarse dark curls tied back, weathered brown skin, a leather apron over a coarse linen shirt, and a polished steel gauntlet on her left forearm. On the bench lie a hammered copper bowl, a coil of frayed rope, and three rough granite offcuts. Behind her on the left a forge fire glows with a warm orange to deep red gradient, and thin smoke rises against a flat dark stone wall on the right. Cold blue window light falls from the upper left across the steel.",Real Value,euler_ancestral,simple,9,1.0,1.0,1024,1280
221,push,slice_b2_d-0.350,WO_b2_d-0.350.json,5,P01,3141592,P01_slice_b2_d-0.350_krea2_seed3141592,P01_slice_b2_d-0.350_krea2_seed3141592_00001_.png,,52e5b19ca6,"Western comics style, bold ink outlines, hatched shadows, medium wide shot, static centred composition, eye-level camera, subject centred and filling the middle third of the frame. A blacksmith woman stands behind a heavy oak workbench, facing the viewer, both hands resting flat on the wood. She has coarse dark curls tied back, weathered brown skin, a leather apron over a coarse linen shirt, and a polished steel gauntlet on her left forearm. On the bench lie a hammered copper bowl, a coil of frayed rope, and three rough granite offcuts. Behind her on the left a forge fire glows with a warm orange to deep red gradient, and thin smoke rises against a flat dark stone wall on the right. Cold blue window light falls from the upper left across the steel.",Real Value,euler_ancestral,simple,9,1.0,1.0,1024,1280
222,push,slice_b2_d-0.350,WO_b2_d-0.350.json,5,P02,1618033,P02_slice_b2_d-0.350_krea2_seed1618033,P02_slice_b2_d-0.350_krea2_seed1618033_00001_.png,,7919c95fcf,"Western comics style, bold ink outlines, hatched shadows, medium wide shot, static centred composition, eye-level camera, subject centred and filling the middle third of the frame. A botanist man stands among potting benches, facing the viewer, one hand on a terracotta pot. He has straight pale hair, freckled fair skin, a knitted wool cardigan over a cotton shirt, and small round glasses. Broad waxy monstera leaves crowd the left of the frame and fine ferns the right. A glass carafe half full of water sits on the bench in front of him, beside damp dark soil and a brass watering can. Behind him the greenhouse panes show a pale cyan to warm cream sky gradient, with condensation beading on the glass.",Real Value,euler_ancestral,simple,9,1.0,1.0,1024,1280
223,push,slice_b2_d-0.350,WO_b2_d-0.350.json,5,P02,2718281,P02_slice_b2_d-0.350_krea2_seed2718281,P02_slice_b2_d-0.350_krea2_seed2718281_00001_.png,,7919c95fcf,"Western comics style, bold ink outlines, hatched shadows, medium wide shot, static centred composition, eye-level camera, subject centred and filling the middle third of the frame. A botanist man stands among potting benches, facing the viewer, one hand on a terracotta pot. He has straight pale hair, freckled fair skin, a knitted wool cardigan over a cotton shirt, and small round glasses. Broad waxy monstera leaves crowd the left of the frame and fine ferns the right. A glass carafe half full of water sits on the bench in front of him, beside damp dark soil and a brass watering can. Behind him the greenhouse panes show a pale cyan to warm cream sky gradient, with condensation beading on the glass.",Real Value,euler_ancestral,simple,9,1.0,1.0,1024,1280
224,push,slice_b2_d-0.350,WO_b2_d-0.350.json,5,P02,3141592,P02_slice_b2_d-0.350_krea2_seed3141592,P02_slice_b2_d-0.350_krea2_seed3141592_00001_.png,,7919c95fcf,"Western comics style, bold ink outlines, hatched shadows, medium wide shot, static centred composition, eye-level camera, subject centred and filling the middle third of the frame. A botanist man stands among potting benches, facing the viewer, one hand on a terracotta pot. He has straight pale hair, freckled fair skin, a knitted wool cardigan over a cotton shirt, and small round glasses. Broad waxy monstera leaves crowd the left of the frame and fine ferns the right. A glass carafe half full of water sits on the bench in front of him, beside damp dark soil and a brass watering can. Behind him the greenhouse panes show a pale cyan to warm cream sky gradient, with condensation beading on the glass.",Real Value,euler_ancestral,simple,9,1.0,1.0,1024,1280
225,push,slice_b3_d-0.350,WO_b3_d-0.350.json,5,P01,1618033,P01_slice_b3_d-0.350_krea2_seed1618033,P01_slice_b3_d-0.350_krea2_seed1618033_00001_.png,,52e5b19ca6,"Western comics style, bold ink outlines, hatched shadows, medium wide shot, static centred composition, eye-level camera, subject centred and filling the middle third of the frame. A blacksmith woman stands behind a heavy oak workbench, facing the viewer, both hands resting flat on the wood. She has coarse dark curls tied back, weathered brown skin, a leather apron over a coarse linen shirt, and a polished steel gauntlet on her left forearm. On the bench lie a hammered copper bowl, a coil of frayed rope, and three rough granite offcuts. Behind her on the left a forge fire glows with a warm orange to deep red gradient, and thin smoke rises against a flat dark stone wall on the right. Cold blue window light falls from the upper left across the steel.",Real Value,euler_ancestral,simple,9,1.0,1.0,1024,1280
226,push,slice_b3_d-0.350,WO_b3_d-0.350.json,5,P01,2718281,P01_slice_b3_d-0.350_krea2_seed2718281,P01_slice_b3_d-0.350_krea2_seed2718281_00001_.png,,52e5b19ca6,"Western comics style, bold ink outlines, hatched shadows, medium wide shot, static centred composition, eye-level camera, subject centred and filling the middle third of the frame. A blacksmith woman stands behind a heavy oak workbench, facing the viewer, both hands resting flat on the wood. She has coarse dark curls tied back, weathered brown skin, a leather apron over a coarse linen shirt, and a polished steel gauntlet on her left forearm. On the bench lie a hammered copper bowl, a coil of frayed rope, and three rough granite offcuts. Behind her on the left a forge fire glows with a warm orange to deep red gradient, and thin smoke rises against a flat dark stone wall on the right. Cold blue window light falls from the upper left across the steel.",Real Value,euler_ancestral,simple,9,1.0,1.0,1024,1280
227,push,slice_b3_d-0.350,WO_b3_d-0.350.json,5,P01,3141592,P01_slice_b3_d-0.350_krea2_seed3141592,P01_slice_b3_d-0.350_krea2_seed3141592_00001_.png,,52e5b19ca6,"Western comics style, bold ink outlines, hatched shadows, medium wide shot, static centred composition, eye-level camera, subject centred and filling the middle third of the frame. A blacksmith woman stands behind a heavy oak workbench, facing the viewer, both hands resting flat on the wood. She has coarse dark curls tied back, weathered brown skin, a leather apron over a coarse linen shirt, and a polished steel gauntlet on her left forearm. On the bench lie a hammered copper bowl, a coil of frayed rope, and three rough granite offcuts. Behind her on the left a forge fire glows with a warm orange to deep red gradient, and thin smoke rises against a flat dark stone wall on the right. Cold blue window light falls from the upper left across the steel.",Real Value,euler_ancestral,simple,9,1.0,1.0,1024,1280
228,push,slice_b3_d-0.350,WO_b3_d-0.350.json,5,P02,1618033,P02_slice_b3_d-0.350_krea2_seed1618033,P02_slice_b3_d-0.350_krea2_seed1618033_00001_.png,,7919c95fcf,"Western comics style, bold ink outlines, hatched shadows, medium wide shot, static centred composition, eye-level camera, subject centred and filling the middle third of the frame. A botanist man stands among potting benches, facing the viewer, one hand on a terracotta pot. He has straight pale hair, freckled fair skin, a knitted wool cardigan over a cotton shirt, and small round glasses. Broad waxy monstera leaves crowd the left of the frame and fine ferns the right. A glass carafe half full of water sits on the bench in front of him, beside damp dark soil and a brass watering can. Behind him the greenhouse panes show a pale cyan to warm cream sky gradient, with condensation beading on the glass.",Real Value,euler_ancestral,simple,9,1.0,1.0,1024,1280
229,push,slice_b3_d-0.350,WO_b3_d-0.350.json,5,P02,2718281,P02_slice_b3_d-0.350_krea2_seed2718281,P02_slice_b3_d-0.350_krea2_seed2718281_00001_.png,,7919c95fcf,"Western comics style, bold ink outlines, hatched shadows, medium wide shot, static centred composition, eye-level camera, subject centred and filling the middle third of the frame. A botanist man stands among potting benches, facing the viewer, one hand on a terracotta pot. He has straight pale hair, freckled fair skin, a knitted wool cardigan over a cotton shirt, and small round glasses. Broad waxy monstera leaves crowd the left of the frame and fine ferns the right. A glass carafe half full of water sits on the bench in front of him, beside damp dark soil and a brass watering can. Behind him the greenhouse panes show a pale cyan to warm cream sky gradient, with condensation beading on the glass.",Real Value,euler_ancestral,simple,9,1.0,1.0,1024,1280
230,push,slice_b3_d-0.350,WO_b3_d-0.350.json,5,P02,3141592,P02_slice_b3_d-0.350_krea2_seed3141592,P02_slice_b3_d-0.350_krea2_seed3141592_00001_.png,,7919c95fcf,"Western comics style, bold ink outlines, hatched shadows, medium wide shot, static centred composition, eye-level camera, subject centred and filling the middle third of the frame. A botanist man stands among potting benches, facing the viewer, one hand on a terracotta pot. He has straight pale hair, freckled fair skin, a knitted wool cardigan over a cotton shirt, and small round glasses. Broad waxy monstera leaves crowd the left of the frame and fine ferns the right. A glass carafe half full of water sits on the bench in front of him, beside damp dark soil and a brass watering can. Behind him the greenhouse panes show a pale cyan to warm cream sky gradient, with condensation beading on the glass.",Real Value,euler_ancestral,simple,9,1.0,1.0,1024,1280
231,push,slice_b4_d-0.350,WO_b4_d-0.350.json,5,P01,1618033,P01_slice_b4_d-0.350_krea2_seed1618033,P01_slice_b4_d-0.350_krea2_seed1618033_00001_.png,,52e5b19ca6,"Western comics style, bold ink outlines, hatched shadows, medium wide shot, static centred composition, eye-level camera, subject centred and filling the middle third of the frame. A blacksmith woman stands behind a heavy oak workbench, facing the viewer, both hands resting flat on the wood. She has coarse dark curls tied back, weathered brown skin, a leather apron over a coarse linen shirt, and a polished steel gauntlet on her left forearm. On the bench lie a hammered copper bowl, a coil of frayed rope, and three rough granite offcuts. Behind her on the left a forge fire glows with a warm orange to deep red gradient, and thin smoke rises against a flat dark stone wall on the right. Cold blue window light falls from the upper left across the steel.",Real Value,euler_ancestral,simple,9,1.0,1.0,1024,1280
232,push,slice_b4_d-0.350,WO_b4_d-0.350.json,5,P01,2718281,P01_slice_b4_d-0.350_krea2_seed2718281,P01_slice_b4_d-0.350_krea2_seed2718281_00001_.png,,52e5b19ca6,"Western comics style, bold ink outlines, hatched shadows, medium wide shot, static centred composition, eye-level camera, subject centred and filling the middle third of the frame. A blacksmith woman stands behind a heavy oak workbench, facing the viewer, both hands resting flat on the wood. She has coarse dark curls tied back, weathered brown skin, a leather apron over a coarse linen shirt, and a polished steel gauntlet on her left forearm. On the bench lie a hammered copper bowl, a coil of frayed rope, and three rough granite offcuts. Behind her on the left a forge fire glows with a warm orange to deep red gradient, and thin smoke rises against a flat dark stone wall on the right. Cold blue window light falls from the upper left across the steel.",Real Value,euler_ancestral,simple,9,1.0,1.0,1024,1280
233,push,slice_b4_d-0.350,WO_b4_d-0.350.json,5,P01,3141592,P01_slice_b4_d-0.350_krea2_seed3141592,P01_slice_b4_d-0.350_krea2_seed3141592_00001_.png,,52e5b19ca6,"Western comics style, bold ink outlines, hatched shadows, medium wide shot, static centred composition, eye-level camera, subject centred and filling the middle third of the frame. A blacksmith woman stands behind a heavy oak workbench, facing the viewer, both hands resting flat on the wood. She has coarse dark curls tied back, weathered brown skin, a leather apron over a coarse linen shirt, and a polished steel gauntlet on her left forearm. On the bench lie a hammered copper bowl, a coil of frayed rope, and three rough granite offcuts. Behind her on the left a forge fire glows with a warm orange to deep red gradient, and thin smoke rises against a flat dark stone wall on the right. Cold blue window light falls from the upper left across the steel.",Real Value,euler_ancestral,simple,9,1.0,1.0,1024,1280
234,push,slice_b4_d-0.350,WO_b4_d-0.350.json,5,P02,1618033,P02_slice_b4_d-0.350_krea2_seed1618033,P02_slice_b4_d-0.350_krea2_seed1618033_00001_.png,,7919c95fcf,"Western comics style, bold ink outlines, hatched shadows, medium wide shot, static centred composition, eye-level camera, subject centred and filling the middle third of the frame. A botanist man stands among potting benches, facing the viewer, one hand on a terracotta pot. He has straight pale hair, freckled fair skin, a knitted wool cardigan over a cotton shirt, and small round glasses. Broad waxy monstera leaves crowd the left of the frame and fine ferns the right. A glass carafe half full of water sits on the bench in front of him, beside damp dark soil and a brass watering can. Behind him the greenhouse panes show a pale cyan to warm cream sky gradient, with condensation beading on the glass.",Real Value,euler_ancestral,simple,9,1.0,1.0,1024,1280
235,push,slice_b4_d-0.350,WO_b4_d-0.350.json,5,P02,2718281,P02_slice_b4_d-0.350_krea2_seed2718281,P02_slice_b4_d-0.350_krea2_seed2718281_00001_.png,,7919c95fcf,"Western comics style, bold ink outlines, hatched shadows, medium wide shot, static centred composition, eye-level camera, subject centred and filling the middle third of the frame. A botanist man stands among potting benches, facing the viewer, one hand on a terracotta pot. He has straight pale hair, freckled fair skin, a knitted wool cardigan over a cotton shirt, and small round glasses. Broad waxy monstera leaves crowd the left of the frame and fine ferns the right. A glass carafe half full of water sits on the bench in front of him, beside damp dark soil and a brass watering can. Behind him the greenhouse panes show a pale cyan to warm cream sky gradient, with condensation beading on the glass.",Real Value,euler_ancestral,simple,9,1.0,1.0,1024,1280
236,push,slice_b4_d-0.350,WO_b4_d-0.350.json,5,P02,3141592,P02_slice_b4_d-0.350_krea2_seed3141592,P02_slice_b4_d-0.350_krea2_seed3141592_00001_.png,,7919c95fcf,"Western comics style, bold ink outlines, hatched shadows, medium wide shot, static centred composition, eye-level camera, subject centred and filling the middle third of the frame. A botanist man stands among potting benches, facing the viewer, one hand on a terracotta pot. He has straight pale hair, freckled fair skin, a knitted wool cardigan over a cotton shirt, and small round glasses. Broad waxy monstera leaves crowd the left of the frame and fine ferns the right. A glass carafe half full of water sits on the bench in front of him, beside damp dark soil and a brass watering can. Behind him the greenhouse panes show a pale cyan to warm cream sky gradient, with condensation beading on the glass.",Real Value,euler_ancestral,simple,9,1.0,1.0,1024,1280
237,push,slice_b5_d-0.350,WO_b5_d-0.350.json,4,P01,1618033,P01_slice_b5_d-0.350_krea2_seed1618033,P01_slice_b5_d-0.350_krea2_seed1618033_00001_.png,,52e5b19ca6,"Western comics style, bold ink outlines, hatched shadows, medium wide shot, static centred composition, eye-level camera, subject centred and filling the middle third of the frame. A blacksmith woman stands behind a heavy oak workbench, facing the viewer, both hands resting flat on the wood. She has coarse dark curls tied back, weathered brown skin, a leather apron over a coarse linen shirt, and a polished steel gauntlet on her left forearm. On the bench lie a hammered copper bowl, a coil of frayed rope, and three rough granite offcuts. Behind her on the left a forge fire glows with a warm orange to deep red gradient, and thin smoke rises against a flat dark stone wall on the right. Cold blue window light falls from the upper left across the steel.",Real Value,euler_ancestral,simple,9,1.0,1.0,1024,1280
238,push,slice_b5_d-0.350,WO_b5_d-0.350.json,4,P01,2718281,P01_slice_b5_d-0.350_krea2_seed2718281,P01_slice_b5_d-0.350_krea2_seed2718281_00001_.png,,52e5b19ca6,"Western comics style, bold ink outlines, hatched shadows, medium wide shot, static centred composition, eye-level camera, subject centred and filling the middle third of the frame. A blacksmith woman stands behind a heavy oak workbench, facing the viewer, both hands resting flat on the wood. She has coarse dark curls tied back, weathered brown skin, a leather apron over a coarse linen shirt, and a polished steel gauntlet on her left forearm. On the bench lie a hammered copper bowl, a coil of frayed rope, and three rough granite offcuts. Behind her on the left a forge fire glows with a warm orange to deep red gradient, and thin smoke rises against a flat dark stone wall on the right. Cold blue window light falls from the upper left across the steel.",Real Value,euler_ancestral,simple,9,1.0,1.0,1024,1280
239,push,slice_b5_d-0.350,WO_b5_d-0.350.json,4,P01,3141592,P01_slice_b5_d-0.350_krea2_seed3141592,P01_slice_b5_d-0.350_krea2_seed3141592_00001_.png,,52e5b19ca6,"Western comics style, bold ink outlines, hatched shadows, medium wide shot, static centred composition, eye-level camera, subject centred and filling the middle third of the frame. A blacksmith woman stands behind a heavy oak workbench, facing the viewer, both hands resting flat on the wood. She has coarse dark curls tied back, weathered brown skin, a leather apron over a coarse linen shirt, and a polished steel gauntlet on her left forearm. On the bench lie a hammered copper bowl, a coil of frayed rope, and three rough granite offcuts. Behind her on the left a forge fire glows with a warm orange to deep red gradient, and thin smoke rises against a flat dark stone wall on the right. Cold blue window light falls from the upper left across the steel.",Real Value,euler_ancestral,simple,9,1.0,1.0,1024,1280
240,push,slice_b5_d-0.350,WO_b5_d-0.350.json,4,P02,1618033,P02_slice_b5_d-0.350_krea2_seed1618033,P02_slice_b5_d-0.350_krea2_seed1618033_00001_.png,,7919c95fcf,"Western comics style, bold ink outlines, hatched shadows, medium wide shot, static centred composition, eye-level camera, subject centred and filling the middle third of the frame. A botanist man stands among potting benches, facing the viewer, one hand on a terracotta pot. He has straight pale hair, freckled fair skin, a knitted wool cardigan over a cotton shirt, and small round glasses. Broad waxy monstera leaves crowd the left of the frame and fine ferns the right. A glass carafe half full of water sits on the bench in front of him, beside damp dark soil and a brass watering can. Behind him the greenhouse panes show a pale cyan to warm cream sky gradient, with condensation beading on the glass.",Real Value,euler_ancestral,simple,9,1.0,1.0,1024,1280
241,push,slice_b5_d-0.350,WO_b5_d-0.350.json,4,P02,2718281,P02_slice_b5_d-0.350_krea2_seed2718281,P02_slice_b5_d-0.350_krea2_seed2718281_00001_.png,,7919c95fcf,"Western comics style, bold ink outlines, hatched shadows, medium wide shot, static centred composition, eye-level camera, subject centred and filling the middle third of the frame. A botanist man stands among potting benches, facing the viewer, one hand on a terracotta pot. He has straight pale hair, freckled fair skin, a knitted wool cardigan over a cotton shirt, and small round glasses. Broad waxy monstera leaves crowd the left of the frame and fine ferns the right. A glass carafe half full of water sits on the bench in front of him, beside damp dark soil and a brass watering can. Behind him the greenhouse panes show a pale cyan to warm cream sky gradient, with condensation beading on the glass.",Real Value,euler_ancestral,simple,9,1.0,1.0,1024,1280
242,push,slice_b5_d-0.350,WO_b5_d-0.350.json,4,P02,3141592,P02_slice_b5_d-0.350_krea2_seed3141592,P02_slice_b5_d-0.350_krea2_seed3141592_00001_.png,,7919c95fcf,"Western comics style, bold ink outlines, hatched shadows, medium wide shot, static centred composition, eye-level camera, subject centred and filling the middle third of the frame. A botanist man stands among potting benches, facing the viewer, one hand on a terracotta pot. He has straight pale hair, freckled fair skin, a knitted wool cardigan over a cotton shirt, and small round glasses. Broad waxy monstera leaves crowd the left of the frame and fine ferns the right. A glass carafe half full of water sits on the bench in front of him, beside damp dark soil and a brass watering can. Behind him the greenhouse panes show a pale cyan to warm cream sky gradient, with condensation beading on the glass.",Real Value,euler_ancestral,simple,9,1.0,1.0,1024,1280
243,push,slice_b6_d-0.350,WO_b6_d-0.350.json,4,P01,1618033,P01_slice_b6_d-0.350_krea2_seed1618033,P01_slice_b6_d-0.350_krea2_seed1618033_00001_.png,,52e5b19ca6,"Western comics style, bold ink outlines, hatched shadows, medium wide shot, static centred composition, eye-level camera, subject centred and filling the middle third of the frame. A blacksmith woman stands behind a heavy oak workbench, facing the viewer, both hands resting flat on the wood. She has coarse dark curls tied back, weathered brown skin, a leather apron over a coarse linen shirt, and a polished steel gauntlet on her left forearm. On the bench lie a hammered copper bowl, a coil of frayed rope, and three rough granite offcuts. Behind her on the left a forge fire glows with a warm orange to deep red gradient, and thin smoke rises against a flat dark stone wall on the right. Cold blue window light falls from the upper left across the steel.",Real Value,euler_ancestral,simple,9,1.0,1.0,1024,1280
244,push,slice_b6_d-0.350,WO_b6_d-0.350.json,4,P01,2718281,P01_slice_b6_d-0.350_krea2_seed2718281,P01_slice_b6_d-0.350_krea2_seed2718281_00001_.png,,52e5b19ca6,"Western comics style, bold ink outlines, hatched shadows, medium wide shot, static centred composition, eye-level camera, subject centred and filling the middle third of the frame. A blacksmith woman stands behind a heavy oak workbench, facing the viewer, both hands resting flat on the wood. She has coarse dark curls tied back, weathered brown skin, a leather apron over a coarse linen shirt, and a polished steel gauntlet on her left forearm. On the bench lie a hammered copper bowl, a coil of frayed rope, and three rough granite offcuts. Behind her on the left a forge fire glows with a warm orange to deep red gradient, and thin smoke rises against a flat dark stone wall on the right. Cold blue window light falls from the upper left across the steel.",Real Value,euler_ancestral,simple,9,1.0,1.0,1024,1280
245,push,slice_b6_d-0.350,WO_b6_d-0.350.json,4,P01,3141592,P01_slice_b6_d-0.350_krea2_seed3141592,P01_slice_b6_d-0.350_krea2_seed3141592_00001_.png,,52e5b19ca6,"Western comics style, bold ink outlines, hatched shadows, medium wide shot, static centred composition, eye-level camera, subject centred and filling the middle third of the frame. A blacksmith woman stands behind a heavy oak workbench, facing the viewer, both hands resting flat on the wood. She has coarse dark curls tied back, weathered brown skin, a leather apron over a coarse linen shirt, and a polished steel gauntlet on her left forearm. On the bench lie a hammered copper bowl, a coil of frayed rope, and three rough granite offcuts. Behind her on the left a forge fire glows with a warm orange to deep red gradient, and thin smoke rises against a flat dark stone wall on the right. Cold blue window light falls from the upper left across the steel.",Real Value,euler_ancestral,simple,9,1.0,1.0,1024,1280
246,push,slice_b6_d-0.350,WO_b6_d-0.350.json,4,P02,1618033,P02_slice_b6_d-0.350_krea2_seed1618033,P02_slice_b6_d-0.350_krea2_seed1618033_00001_.png,,7919c95fcf,"Western comics style, bold ink outlines, hatched shadows, medium wide shot, static centred composition, eye-level camera, subject centred and filling the middle third of the frame. A botanist man stands among potting benches, facing the viewer, one hand on a terracotta pot. He has straight pale hair, freckled fair skin, a knitted wool cardigan over a cotton shirt, and small round glasses. Broad waxy monstera leaves crowd the left of the frame and fine ferns the right. A glass carafe half full of water sits on the bench in front of him, beside damp dark soil and a brass watering can. Behind him the greenhouse panes show a pale cyan to warm cream sky gradient, with condensation beading on the glass.",Real Value,euler_ancestral,simple,9,1.0,1.0,1024,1280
247,push,slice_b6_d-0.350,WO_b6_d-0.350.json,4,P02,2718281,P02_slice_b6_d-0.350_krea2_seed2718281,P02_slice_b6_d-0.350_krea2_seed2718281_00001_.png,,7919c95fcf,"Western comics style, bold ink outlines, hatched shadows, medium wide shot, static centred composition, eye-level camera, subject centred and filling the middle third of the frame. A botanist man stands among potting benches, facing the viewer, one hand on a terracotta pot. He has straight pale hair, freckled fair skin, a knitted wool cardigan over a cotton shirt, and small round glasses. Broad waxy monstera leaves crowd the left of the frame and fine ferns the right. A glass carafe half full of water sits on the bench in front of him, beside damp dark soil and a brass watering can. Behind him the greenhouse panes show a pale cyan to warm cream sky gradient, with condensation beading on the glass.",Real Value,euler_ancestral,simple,9,1.0,1.0,1024,1280
248,push,slice_b6_d-0.350,WO_b6_d-0.350.json,4,P02,3141592,P02_slice_b6_d-0.350_krea2_seed3141592,P02_slice_b6_d-0.350_krea2_seed3141592_00001_.png,,7919c95fcf,"Western comics style, bold ink outlines, hatched shadows, medium wide shot, static centred composition, eye-level camera, subject centred and filling the middle third of the frame. A botanist man stands among potting benches, facing the viewer, one hand on a terracotta pot. He has straight pale hair, freckled fair skin, a knitted wool cardigan over a cotton shirt, and small round glasses. Broad waxy monstera leaves crowd the left of the frame and fine ferns the right. A glass carafe half full of water sits on the bench in front of him, beside damp dark soil and a brass watering can. Behind him the greenhouse panes show a pale cyan to warm cream sky gradient, with condensation beading on the glass.",Real Value,euler_ancestral,simple,9,1.0,1.0,1024,1280
249,push,union_d-0.350,Family_wo_d-0.350.json,28,P01,1618033,P01_union_d-0.350_krea2_seed1618033,P01_union_d-0.350_krea2_seed1618033_00001_.png,,52e5b19ca6,"Western comics style, bold ink outlines, hatched shadows, medium wide shot, static centred composition, eye-level camera, subject centred and filling the middle third of the frame. A blacksmith woman stands behind a heavy oak workbench, facing the viewer, both hands resting flat on the wood. She has coarse dark curls tied back, weathered brown skin, a leather apron over a coarse linen shirt, and a polished steel gauntlet on her left forearm. On the bench lie a hammered copper bowl, a coil of frayed rope, and three rough granite offcuts. Behind her on the left a forge fire glows with a warm orange to deep red gradient, and thin smoke rises against a flat dark stone wall on the right. Cold blue window light falls from the upper left across the steel.",Real Value,euler_ancestral,simple,9,1.0,1.0,1024,1280
250,push,union_d-0.350,Family_wo_d-0.350.json,28,P01,2718281,P01_union_d-0.350_krea2_seed2718281,P01_union_d-0.350_krea2_seed2718281_00001_.png,,52e5b19ca6,"Western comics style, bold ink outlines, hatched shadows, medium wide shot, static centred composition, eye-level camera, subject centred and filling the middle third of the frame. A blacksmith woman stands behind a heavy oak workbench, facing the viewer, both hands resting flat on the wood. She has coarse dark curls tied back, weathered brown skin, a leather apron over a coarse linen shirt, and a polished steel gauntlet on her left forearm. On the bench lie a hammered copper bowl, a coil of frayed rope, and three rough granite offcuts. Behind her on the left a forge fire glows with a warm orange to deep red gradient, and thin smoke rises against a flat dark stone wall on the right. Cold blue window light falls from the upper left across the steel.",Real Value,euler_ancestral,simple,9,1.0,1.0,1024,1280
251,push,union_d-0.350,Family_wo_d-0.350.json,28,P01,3141592,P01_union_d-0.350_krea2_seed3141592,P01_union_d-0.350_krea2_seed3141592_00001_.png,,52e5b19ca6,"Western comics style, bold ink outlines, hatched shadows, medium wide shot, static centred composition, eye-level camera, subject centred and filling the middle third of the frame. A blacksmith woman stands behind a heavy oak workbench, facing the viewer, both hands resting flat on the wood. She has coarse dark curls tied back, weathered brown skin, a leather apron over a coarse linen shirt, and a polished steel gauntlet on her left forearm. On the bench lie a hammered copper bowl, a coil of frayed rope, and three rough granite offcuts. Behind her on the left a forge fire glows with a warm orange to deep red gradient, and thin smoke rises against a flat dark stone wall on the right. Cold blue window light falls from the upper left across the steel.",Real Value,euler_ancestral,simple,9,1.0,1.0,1024,1280
252,push,union_d-0.350,Family_wo_d-0.350.json,28,P02,1618033,P02_union_d-0.350_krea2_seed1618033,P02_union_d-0.350_krea2_seed1618033_00001_.png,,7919c95fcf,"Western comics style, bold ink outlines, hatched shadows, medium wide shot, static centred composition, eye-level camera, subject centred and filling the middle third of the frame. A botanist man stands among potting benches, facing the viewer, one hand on a terracotta pot. He has straight pale hair, freckled fair skin, a knitted wool cardigan over a cotton shirt, and small round glasses. Broad waxy monstera leaves crowd the left of the frame and fine ferns the right. A glass carafe half full of water sits on the bench in front of him, beside damp dark soil and a brass watering can. Behind him the greenhouse panes show a pale cyan to warm cream sky gradient, with condensation beading on the glass.",Real Value,euler_ancestral,simple,9,1.0,1.0,1024,1280
253,push,union_d-0.350,Family_wo_d-0.350.json,28,P02,2718281,P02_union_d-0.350_krea2_seed2718281,P02_union_d-0.350_krea2_seed2718281_00001_.png,,7919c95fcf,"Western comics style, bold ink outlines, hatched shadows, medium wide shot, static centred composition, eye-level camera, subject centred and filling the middle third of the frame. A botanist man stands among potting benches, facing the viewer, one hand on a terracotta pot. He has straight pale hair, freckled fair skin, a knitted wool cardigan over a cotton shirt, and small round glasses. Broad waxy monstera leaves crowd the left of the frame and fine ferns the right. A glass carafe half full of water sits on the bench in front of him, beside damp dark soil and a brass watering can. Behind him the greenhouse panes show a pale cyan to warm cream sky gradient, with condensation beading on the glass.",Real Value,euler_ancestral,simple,9,1.0,1.0,1024,1280
254,push,union_d-0.350,Family_wo_d-0.350.json,28,P02,3141592,P02_union_d-0.350_krea2_seed3141592,P02_union_d-0.350_krea2_seed3141592_00001_.png,,7919c95fcf,"Western comics style, bold ink outlines, hatched shadows, medium wide shot, static centred composition, eye-level camera, subject centred and filling the middle third of the frame. A botanist man stands among potting benches, facing the viewer, one hand on a terracotta pot. He has straight pale hair, freckled fair skin, a knitted wool cardigan over a cotton shirt, and small round glasses. Broad waxy monstera leaves crowd the left of the frame and fine ferns the right. A glass carafe half full of water sits on the bench in front of him, beside damp dark soil and a brass watering can. Behind him the greenhouse panes show a pale cyan to warm cream sky gradient, with condensation beading on the glass.",Real Value,euler_ancestral,simple,9,1.0,1.0,1024,1280
